"Date","Price","Open","High","Low","Change %"
"05/08/2026","11.105","11.122","11.122","11.105","-0.15%"
"05/07/2026","11.122","11.122","11.122","11.122","0.00%"
"05/06/2026","11.122","11.122","11.122","11.122","0.20%"
"05/05/2026","11.100","11.100","11.100","11.100","0.00%"
"05/04/2026","11.100","11.100","11.100","11.100","0.00%"
"04/30/2026","11.100","11.100","11.100","11.100","0.36%"
"04/29/2026","11.060","11.060","11.060","11.060","0.00%"
"04/28/2026","11.060","11.060","11.060","11.060","0.00%"
"04/27/2026","11.060","11.060","11.060","11.060","0.00%"
"04/24/2026","11.060","11.400","11.400","11.060","0.00%"
"04/23/2026","11.060","11.060","11.060","11.060","0.00%"
"04/22/2026","11.060","11.400","11.400","11.060","0.00%"
"04/21/2026","11.060","11.400","11.400","11.060","0.00%"
"04/20/2026","11.060","11.400","11.400","11.060","0.00%"
"04/17/2026","11.060","11.450","11.450","11.060","0.00%"
"04/16/2026","11.060","11.450","11.450","11.060","0.00%"
"04/15/2026","11.060","11.060","11.060","11.060","0.00%"
"04/10/2026","11.060","11.450","11.450","11.060","0.09%"
"04/09/2026","11.050","11.050","11.050","11.050","-0.38%"
"04/08/2026","11.092","11.092","11.300","11.092","-0.30%"
"04/07/2026","11.125","11.300","11.300","11.125","-0.07%"
"04/06/2026","11.133","11.300","11.300","11.133","0.37%"
"04/02/2026","11.092","11.300","11.300","11.092","0.15%"
"03/31/2026","11.075","11.075","11.300","11.075","2.04%"
"03/30/2026","10.854","10.854","10.854","10.854","-0.12%"
"03/27/2026","10.867","10.867","10.867","10.867","0.00%"
"03/26/2026","10.867","10.867","10.867","10.867","-0.34%"
"03/25/2026","10.904","10.904","10.904","10.904","-0.18%"
"03/24/2026","10.924","10.924","10.924","10.924","0.09%"
"03/23/2026","10.914","10.914","10.914","10.914","0.01%"
"03/20/2026","10.913","10.913","10.913","10.913","0.46%"
"03/19/2026","10.863","10.863","10.863","10.863","0.21%"
"03/18/2026","10.840","10.840","10.840","10.840","0.09%"
"03/17/2026","10.830","10.830","10.830","10.830","0.11%"
"03/16/2026","10.818","10.818","10.818","10.818","0.00%"
"03/13/2026","10.818","10.818","10.818","10.818","0.00%"
"03/12/2026","10.818","10.800","10.818","10.800","0.00%"
"03/11/2026","10.818","10.800","10.818","10.800","-0.33%"
"03/10/2026","10.854","10.854","10.854","10.800","0.56%"
"03/09/2026","10.794","10.900","10.900","10.794","0.00%"
"03/06/2026","10.794","10.794","10.794","10.794","-0.09%"
"03/05/2026","10.804","10.804","10.804","10.804","0.00%"
"03/04/2026","10.804","10.804","10.804","10.804","0.32%"
"03/03/2026","10.770","10.770","10.770","10.770","-0.04%"
"02/27/2026","10.774","10.774","10.774","10.774","-0.41%"
"02/26/2026","10.818","10.818","10.818","10.818","0.00%"
"02/25/2026","10.818","10.818","10.818","10.818","0.00%"
"02/24/2026","10.818","10.818","10.818","10.818","0.00%"
"02/23/2026","10.818","10.800","10.818","10.800","0.00%"
"02/20/2026","10.818","10.818","10.818","10.700","0.28%"
"02/19/2026","10.788","10.788","10.788","10.788","0.00%"
"02/18/2026","10.788","10.788","10.788","10.788","0.00%"
"02/17/2026","10.788","10.788","10.788","10.788","0.00%"
"02/16/2026","10.788","10.788","10.788","10.788","0.00%"
"02/13/2026","10.788","10.788","10.788","10.788","-0.42%"
"02/12/2026","10.834","10.834","10.834","10.834","-0.39%"
"02/11/2026","10.876","10.876","10.876","10.876","-0.13%"
"02/10/2026","10.890","10.890","10.890","10.890","-0.27%"
"02/09/2026","10.920","10.920","10.920","10.920","-0.15%"
"02/06/2026","10.936","10.850","10.936","10.850","0.00%"
"02/05/2026","10.936","10.936","10.936","10.936","0.00%"
"02/03/2026","10.936","10.936","10.936","10.936","0.05%"
"02/02/2026","10.930","10.930","10.930","10.930","-0.09%"
"01/30/2026","10.940","10.940","10.940","10.940","0.37%"
"01/29/2026","10.900","10.900","10.900","10.900","0.00%"
"01/28/2026","10.900","10.900","10.900","10.900","0.00%"
"01/27/2026","10.900","10.900","10.970","10.900","0.00%"
"01/26/2026","10.900","10.900","10.900","10.900","-0.09%"
"01/23/2026","10.910","10.910","10.910","10.910","-0.09%"
"01/22/2026","10.920","10.920","10.920","10.920","-0.18%"
"01/21/2026","10.940","10.940","10.940","10.940","0.00%"
"01/20/2026","10.940","10.940","10.940","10.940","0.00%"
"01/19/2026","10.940","10.940","10.940","10.940","0.64%"
"01/16/2026","10.870","10.870","10.870","10.850","0.00%"
"01/14/2026","10.870","10.870","10.870","10.870","0.00%"
"01/13/2026","10.870","10.870","10.870","10.870","0.83%"
"01/12/2026","10.780","10.780","10.780","10.780","0.00%"
"01/09/2026","10.780","10.780","10.780","10.780","0.00%"
"01/08/2026","10.780","10.780","10.780","10.780","0.00%"
"01/07/2026","10.780","10.780","10.780","10.780","0.00%"
"01/06/2026","10.780","10.780","10.780","10.780","0.02%"
"01/05/2026","10.778","10.778","10.778","10.778","0.00%"
"01/02/2026","10.778","10.778","10.900","10.778","0.00%"
"01/01/2026","10.778","10.778","10.778","10.778","0.00%"
"12/31/2025","10.778","10.778","10.778","10.778","-0.83%"
"12/30/2025","10.868","10.868","10.868","10.868","0.00%"
"12/29/2025","10.868","10.868","10.868","10.868","-0.02%"
"12/26/2025","10.870","10.870","10.870","10.870","0.09%"
"12/24/2025","10.860","11.000","11.000","10.860","0.00%"
"12/23/2025","10.860","10.750","10.860","10.750","0.00%"
"12/22/2025","10.860","10.860","10.860","10.860","0.00%"
"12/19/2025","10.860","10.650","10.860","10.650","0.00%"
"12/18/2025","10.860","10.650","10.860","10.650","0.00%"
"12/17/2025","10.860","10.860","10.860","10.860","-0.06%"
"12/16/2025","10.866","10.650","10.866","10.650","-0.18%"
"12/15/2025","10.886","10.650","10.886","10.650","0.06%"
"12/12/2025","10.880","10.880","10.880","10.880","-0.27%"
"12/11/2025","10.910","10.910","10.910","10.910","0.00%"
"12/10/2025","10.910","10.910","10.910","10.910","0.00%"
"12/09/2025","10.910","10.910","10.910","10.910","0.00%"
"12/08/2025","10.910","10.910","10.910","10.910","0.00%"
"12/05/2025","10.910","10.910","10.910","10.750","0.19%"
"12/03/2025","10.889","10.750","10.889","10.750","-0.01%"
"12/02/2025","10.890","10.890","10.890","10.890","0.00%"
"12/01/2025","10.890","10.890","10.890","10.890","0.56%"
"11/28/2025","10.829","10.829","10.829","10.700","0.09%"
"11/27/2025","10.819","10.819","10.819","10.819","-0.01%"
"11/26/2025","10.820","10.820","10.820","10.820","0.00%"
"11/25/2025","10.820","10.700","10.820","10.700","0.00%"
"11/24/2025","10.820","10.820","10.820","10.820","0.01%"
"11/21/2025","10.819","10.819","10.819","10.819","-0.09%"
"11/20/2025","10.829","10.829","10.829","10.829","-0.01%"
"11/19/2025","10.830","10.830","10.830","10.830","0.00%"
"11/18/2025","10.830","10.830","10.830","10.830","-5.41%"
"11/17/2025","11.450","11.450","11.450","11.450","0.00%"
"11/14/2025","11.450","10.850","11.450","10.850","0.00%"
"11/13/2025","11.450","10.850","11.450","10.850","0.00%"
"11/12/2025","11.450","10.850","11.450","10.850","0.00%"
"11/11/2025","11.450","11.450","11.450","10.850","0.00%"
"11/10/2025","11.450","10.850","11.450","10.850","-0.26%"
"11/07/2025","11.480","11.480","11.480","10.900","-0.09%"
"11/06/2025","11.490","10.950","11.490","10.950","0.00%"
"11/04/2025","11.490","11.490","11.490","11.000","-0.17%"
"11/03/2025","11.510","11.510","11.510","11.000","0.00%"
"10/31/2025","11.510","11.510","11.510","11.510","0.00%"
"10/30/2025","11.510","11.510","11.510","11.510","-0.09%"
"10/29/2025","11.520","11.520","11.520","11.520","0.00%"
"10/28/2025","11.520","11.520","11.520","11.520","0.00%"
"10/27/2025","11.520","11.520","11.520","11.520","0.00%"
"10/24/2025","11.520","11.520","11.520","11.520","0.00%"
"10/23/2025","11.520","11.520","11.520","11.520","0.00%"
"10/22/2025","11.520","11.520","11.520","11.520","0.00%"
"10/21/2025","11.520","11.525","11.525","11.520","-0.04%"
"10/17/2025","11.525","11.525","11.525","11.525","0.04%"
"10/16/2025","11.520","11.520","11.520","11.520","0.00%"
"10/15/2025","11.520","11.520","11.520","11.520","0.00%"
"10/14/2025","11.520","11.050","11.520","11.050","0.00%"
"10/13/2025","11.520","11.050","11.520","11.050","0.00%"
"10/10/2025","11.520","11.520","11.520","11.520","0.00%"
"10/09/2025","11.520","11.520","11.520","11.520","0.00%"
"10/08/2025","11.520","11.520","11.520","11.520","0.00%"
"10/07/2025","11.520","11.520","11.520","11.520","0.01%"
"10/03/2025","11.519","11.519","11.519","11.519","0.00%"
"10/02/2025","11.519","11.519","11.519","11.519","-0.01%"
"10/01/2025","11.520","11.520","11.520","11.520","0.00%"
"09/30/2025","11.520","11.520","11.520","11.520","0.00%"
"09/29/2025","11.520","11.520","11.520","11.520","0.01%"
"09/26/2025","11.519","11.519","11.519","11.519","0.00%"
"09/25/2025","11.519","11.519","11.519","11.519","-0.01%"
"09/24/2025","11.520","11.520","11.520","11.520","0.00%"
"09/23/2025","11.520","11.520","11.520","11.520","0.00%"
"09/22/2025","11.520","11.520","11.520","11.520","0.01%"
"09/19/2025","11.519","11.519","11.519","11.519","0.83%"
"09/18/2025","11.424","11.424","11.424","11.424","-0.83%"
"09/17/2025","11.520","11.520","11.520","11.520","0.00%"
"09/16/2025","11.520","11.520","11.520","11.520","5.79%"
"09/15/2025","10.890","10.890","10.890","10.890","-5.47%"
"09/12/2025","11.520","11.520","11.520","11.520","-0.01%"
"09/11/2025","11.521","11.521","11.521","11.521","0.01%"
"09/10/2025","11.520","11.520","11.520","11.520","0.00%"
"09/09/2025","11.520","11.520","11.520","11.520","0.00%"
"09/08/2025","11.520","11.520","11.520","11.520","-0.01%"
"09/04/2025","11.521","11.521","11.521","11.521","0.00%"
"09/03/2025","11.521","11.521","11.521","11.521","0.76%"
"09/02/2025","11.434","11.434","11.434","11.434","0.03%"
"09/01/2025","11.430","11.430","11.430","11.430","-0.79%"
"08/29/2025","11.521","11.521","11.521","11.521","0.00%"
"08/28/2025","11.521","11.521","11.521","11.521","0.01%"
"08/27/2025","11.520","11.520","11.520","11.520","0.00%"
"08/26/2025","11.520","11.520","11.520","11.520","0.88%"
"08/25/2025","11.420","11.420","11.420","11.420","0.00%"
"08/22/2025","11.420","11.420","11.420","11.420","-0.09%"
"08/21/2025","11.430","11.430","11.430","11.430","0.09%"
"08/20/2025","11.420","11.420","11.420","11.420","0.00%"
"08/19/2025","11.420","11.420","11.420","11.420","0.00%"
"08/18/2025","11.420","11.420","11.420","11.420","0.09%"
"08/15/2025","11.410","11.410","11.410","11.410","0.00%"
"08/14/2025","11.410","11.410","11.410","11.410","0.00%"
"08/13/2025","11.410","11.410","11.410","11.410","0.00%"
"08/12/2025","11.410","11.410","11.410","11.410","0.00%"
"08/11/2025","11.410","11.410","11.410","11.410","0.00%"
"08/07/2025","11.410","11.410","11.410","11.410","0.00%"
"08/06/2025","11.410","11.410","11.410","11.410","0.60%"
"08/05/2025","11.342","11.342","11.342","11.342","0.00%"
"08/04/2025","11.342","11.342","11.342","11.342","0.15%"
"08/01/2025","11.325","11.325","11.325","11.325","0.14%"
"07/31/2025","11.309","11.309","11.309","11.309","0.01%"
"07/30/2025","11.308","11.308","11.308","11.308","0.00%"
"07/29/2025","11.308","11.308","11.308","11.308","-0.63%"
"07/28/2025","11.380","11.380","11.380","11.380","0.64%"
"07/25/2025","11.308","11.308","11.308","11.308","0.00%"
"07/24/2025","11.308","11.308","11.308","11.308","-0.63%"
"07/23/2025","11.380","11.380","11.380","11.380","0.64%"
"07/22/2025","11.308","11.308","11.308","11.308","0.00%"
"07/21/2025","11.308","11.308","11.308","11.308","0.00%"
"07/18/2025","11.308","11.308","11.308","11.308","0.00%"
"07/17/2025","11.308","11.308","11.308","11.308","0.00%"
"07/16/2025","11.308","11.308","11.308","11.308","0.07%"
"07/15/2025","11.300","11.300","11.300","11.300","0.00%"
"07/14/2025","11.300","11.300","11.300","11.300","0.37%"
"07/11/2025","11.258","11.258","11.258","11.258","0.00%"
"07/09/2025","11.258","11.258","11.258","11.258","0.00%"
"07/08/2025","11.258","11.258","11.258","11.258","0.91%"
"07/07/2025","11.157","11.157","11.157","11.157","-0.83%"
"07/04/2025","11.250","11.250","11.250","11.250","0.00%"
"07/03/2025","11.250","11.250","11.250","11.250","0.00%"
"07/02/2025","11.250","11.250","11.250","11.250","0.64%"
"07/01/2025","11.179","11.179","11.179","11.179","0.00%"
"06/30/2025","11.179","11.179","11.179","11.179","-0.78%"
"06/27/2025","11.267","11.267","11.267","11.267","0.80%"
"06/26/2025","11.178","11.178","11.178","11.178","-0.79%"
"06/25/2025","11.267","11.267","11.267","11.267","0.34%"
"06/24/2025","11.229","11.229","11.229","11.229","-0.41%"
"06/23/2025","11.275","11.275","11.275","11.275","0.20%"
"06/20/2025","11.253","11.253","11.253","11.253","0.36%"
"06/19/2025","11.213","11.213","11.213","11.213","-1.21%"
"06/18/2025","11.350","11.350","11.350","11.350","0.00%"
"06/17/2025","11.350","11.350","11.350","11.350","1.11%"
"06/16/2025","11.225","11.225","11.225","11.225","0.00%"
"06/13/2025","11.225","11.225","11.225","11.225","0.00%"
"06/12/2025","11.225","11.225","11.225","11.225","0.00%"
"06/11/2025","11.225","11.225","11.225","11.225","0.00%"
"06/09/2025","11.225","11.225","11.225","11.225","0.00%"
"06/06/2025","11.225","11.128","11.225","11.128","0.87%"
"06/05/2025","11.128","11.128","11.128","11.128","0.00%"
"06/04/2025","11.128","11.128","11.128","11.128","-0.07%"
"06/03/2025","11.136","11.136","11.136","11.136","-0.45%"
"06/02/2025","11.186","11.186","11.186","11.186","0.20%"
"05/30/2025","11.164","11.164","11.164","11.164","-0.76%"
"05/29/2025","11.250","11.250","11.250","11.250","0.00%"
"05/28/2025","11.250","11.250","11.250","11.250","-1.06%"
"05/27/2025","11.371","11.371","11.371","11.371","-0.31%"
"05/26/2025","11.406","11.406","11.406","11.406","-0.51%"
"05/23/2025","11.465","11.465","11.465","11.465","-0.96%"
"05/22/2025","11.576","11.576","11.576","11.576","0.01%"
"05/21/2025","11.575","11.575","11.575","11.575","0.00%"
"05/20/2025","11.575","11.575","11.575","11.575","0.22%"
"05/19/2025","11.550","11.550","11.550","11.550","-0.15%"
"05/16/2025","11.567","11.567","11.567","11.567","-0.51%"
"05/15/2025","11.626","11.626","11.626","11.626","-0.56%"
"05/14/2025","11.692","11.692","11.692","11.692","-1.16%"
"05/09/2025","11.829","11.829","11.829","11.829","0.00%"
"05/08/2025","11.829","11.829","11.829","11.829","0.01%"
"05/07/2025","11.828","11.828","11.828","11.828","-1.23%"
"05/06/2025","11.975","11.975","11.975","11.975","0.90%"
"05/05/2025","11.868","11.868","11.868","11.868","0.00%"
"05/02/2025","11.868","11.868","11.868","11.868","-0.01%"
"04/30/2025","11.869","11.869","11.869","11.869","-0.24%"
"04/29/2025","11.898","11.898","11.898","11.898","0.00%"
"04/28/2025","11.898","11.898","11.898","11.898","0.25%"
"04/25/2025","11.868","11.868","11.868","11.868","0.00%"
"04/24/2025","11.868","11.868","11.868","11.868","0.00%"
"04/23/2025","11.868","11.868","11.868","11.868","0.00%"
"04/22/2025","11.868","11.868","11.868","11.868","0.00%"
"04/21/2025","11.868","11.868","11.868","11.868","0.00%"
"04/17/2025","11.868","11.868","11.868","11.868","0.00%"
"04/16/2025","11.868","11.868","11.868","11.868","0.26%"
"04/11/2025","11.837","11.837","11.837","11.837","-0.35%"
"04/10/2025","11.879","11.879","11.879","11.879","0.70%"
"04/09/2025","11.796","11.796","11.796","11.796","-0.69%"
"04/08/2025","11.878","11.878","11.878","11.878","0.68%"
"04/07/2025","11.798","11.798","11.798","11.798","0.00%"
"04/04/2025","11.798","11.798","11.798","11.798","0.51%"
"04/03/2025","11.738","11.738","11.738","11.738","0.00%"
"04/02/2025","11.738","11.738","11.738","11.738","0.00%"
"04/01/2025","11.738","11.738","11.738","11.738","-0.04%"
"03/28/2025","11.743","11.743","11.743","11.743","0.09%"
"03/27/2025","11.733","11.733","11.733","11.733","0.00%"
"03/26/2025","11.733","11.733","11.733","11.733","-0.26%"
"03/25/2025","11.763","11.763","11.763","11.763","0.00%"
"03/24/2025","11.763","11.763","11.763","11.763","-0.08%"
"03/21/2025","11.773","11.773","11.773","11.773","-0.34%"
"03/20/2025","11.813","11.813","11.813","11.813","-0.35%"
"03/19/2025","11.854","11.854","11.854","11.854","-1.13%"
"03/18/2025","11.990","11.990","11.990","11.990","-1.40%"
"03/17/2025","12.160","12.160","12.160","12.160","-0.01%"
"03/14/2025","12.161","12.161","12.161","12.161","-3.19%"
"03/12/2025","12.562","12.161","12.562","12.161","3.30%"
"03/11/2025","12.161","12.161","12.161","12.161","0.00%"
"03/10/2025","12.161","12.161","12.161","12.161","-0.01%"
"03/07/2025","12.162","12.162","12.162","12.162","0.00%"
"03/06/2025","12.162","12.162","12.162","12.162","0.01%"
"03/05/2025","12.161","12.161","12.161","12.161","0.00%"
"03/04/2025","12.161","12.161","12.161","12.161","0.00%"
"03/03/2025","12.161","12.161","12.161","12.161","-0.01%"
"02/28/2025","12.162","12.162","12.162","12.162","0.83%"
"02/27/2025","12.062","12.062","12.062","12.062","0.01%"
"02/25/2025","12.061","12.061","12.061","12.061","0.08%"
"02/24/2025","12.051","12.051","12.051","12.051","-0.01%"
"02/21/2025","12.052","12.052","12.052","12.052","0.00%"
"02/20/2025","12.052","12.052","12.052","12.052","0.01%"
"02/19/2025","12.051","12.051","12.051","12.051","0.00%"
"02/18/2025","12.051","12.051","12.051","12.051","0.00%"
"02/17/2025","12.051","12.051","12.051","12.051","-0.01%"
"02/14/2025","12.052","12.052","12.052","12.052","0.00%"
"02/13/2025","12.052","12.052","12.052","12.052","0.01%"
"02/11/2025","12.051","12.051","12.051","12.051","0.00%"
"02/10/2025","12.051","12.051","12.051","12.051","-0.01%"
"02/07/2025","12.052","12.052","12.052","12.052","0.00%"
"02/06/2025","12.052","12.052","12.052","12.052","0.01%"
"02/05/2025","12.051","12.051","12.051","12.051","0.00%"
"02/03/2025","12.051","12.051","12.051","12.051","-0.01%"
"01/31/2025","12.052","12.052","12.052","12.052","0.00%"
"01/30/2025","12.052","12.052","12.052","12.052","0.01%"
"01/29/2025","12.051","12.051","12.051","12.051","0.00%"
"01/28/2025","12.051","12.051","12.051","12.051","0.00%"
"01/27/2025","12.051","12.051","12.051","12.051","0.00%"
"01/24/2025","12.051","12.051","12.051","12.051","0.00%"
"01/23/2025","12.051","12.051","12.051","12.051","0.00%"
"01/22/2025","12.051","12.051","12.051","12.051","0.00%"
"01/21/2025","12.051","12.051","12.051","12.051","0.00%"
"01/20/2025","12.051","12.051","12.051","12.051","0.00%"
"01/17/2025","12.051","12.051","12.051","12.051","0.00%"
"01/16/2025","12.051","12.051","12.051","12.051","0.00%"
"01/15/2025","12.051","12.051","12.051","12.051","-0.01%"
"01/10/2025","12.052","12.052","12.052","12.052","0.00%"
"01/09/2025","12.052","12.052","12.052","12.052","0.01%"
"01/08/2025","12.051","12.051","12.051","12.051","0.00%"
"01/07/2025","12.051","12.051","12.051","12.051","0.00%"
"01/06/2025","12.051","12.051","12.051","12.051","0.00%"
"01/03/2025","12.051","12.051","12.051","12.051","-0.82%"
"01/02/2025","12.151","12.151","12.151","12.151","3.85%"
"01/01/2025","11.701","11.701","11.701","11.701","-0.26%"
"12/31/2024","11.731","11.731","11.731","11.731","-0.17%"
"12/30/2024","11.751","11.751","11.751","11.751","0.00%"
"12/27/2024","11.751","11.751","11.751","11.751","0.00%"
"12/26/2024","11.751","11.751","11.751","11.751","-3.69%"
"12/24/2024","12.201","12.201","12.201","12.201","0.00%"
"12/23/2024","12.201","12.201","12.201","12.201","0.00%"
"12/20/2024","12.201","12.201","12.201","12.201","0.00%"
"12/19/2024","12.201","12.201","12.201","12.201","0.00%"
"12/18/2024","12.201","12.201","12.201","12.201","0.00%"
"12/17/2024","12.201","12.201","12.201","12.201","0.00%"
"12/16/2024","12.201","12.201","12.201","12.201","0.00%"
"12/13/2024","12.201","12.201","12.201","12.201","-0.08%"
"12/12/2024","12.211","12.211","12.211","12.211","0.00%"
"12/11/2024","12.211","12.211","12.211","12.211","0.08%"
"12/10/2024","12.201","12.201","12.201","12.201","0.33%"
"12/09/2024","12.161","12.161","12.161","12.161","0.00%"
"12/06/2024","12.161","12.161","12.161","12.161","0.00%"
"12/05/2024","12.161","12.161","12.161","12.161","0.00%"
"12/04/2024","12.161","12.161","12.161","12.161","0.00%"
"12/03/2024","12.161","12.161","12.161","12.161","0.00%"
"12/02/2024","12.161","12.161","12.161","12.161","0.00%"
"11/29/2024","12.161","12.161","12.161","12.161","-0.59%"
"11/28/2024","12.233","12.233","12.233","12.233","3.30%"
"11/27/2024","11.842","11.842","11.842","11.842","-1.09%"
"11/26/2024","11.972","11.972","11.972","11.972","0.00%"
"11/25/2024","11.972","11.972","11.972","11.972","-0.01%"
"11/22/2024","11.973","11.973","11.973","11.973","0.00%"
"11/21/2024","11.973","11.973","11.973","11.973","0.01%"
"11/20/2024","11.972","11.972","11.972","11.972","0.17%"
"11/19/2024","11.952","11.952","11.952","11.952","-6.00%"
"11/18/2024","12.715","12.715","12.715","12.715","-0.32%"
"11/14/2024","12.756","12.756","12.756","12.756","-0.31%"
"11/13/2024","12.796","12.796","12.796","12.796","-0.30%"
"11/12/2024","12.835","12.835","12.835","12.835","0.00%"
"11/11/2024","12.835","12.835","12.835","12.835","0.00%"
"11/08/2024","12.835","12.835","12.835","12.835","0.00%"
"11/07/2024","12.835","12.835","12.835","12.835","0.00%"
"11/06/2024","12.835","12.835","12.835","12.835","0.00%"
"11/05/2024","12.835","12.835","12.835","12.835","0.39%"
"11/04/2024","12.785","12.785","12.785","12.785","-2.29%"
"11/01/2024","13.085","13.086","13.086","13.085","-0.01%"
"10/30/2024","13.086","13.086","13.086","13.086","0.01%"
"10/29/2024","13.085","13.085","13.085","13.085","0.00%"
"10/28/2024","13.085","13.085","13.085","13.085","0.00%"
"10/25/2024","13.085","13.085","13.085","13.085","0.00%"
"10/24/2024","13.085","13.085","13.085","13.085","0.00%"
"10/23/2024","13.085","13.085","13.085","13.085","0.00%"
"10/22/2024","13.085","13.085","13.085","13.085","0.15%"
"10/21/2024","13.065","13.065","13.065","13.065","0.00%"
"10/18/2024","13.065","13.065","13.065","13.065","0.07%"
"10/16/2024","13.056","13.056","13.056","13.056","0.01%"
"10/15/2024","13.055","13.055","13.055","13.055","0.00%"
"10/14/2024","13.055","13.055","13.055","13.055","0.00%"
"10/11/2024","13.055","13.055","13.055","13.055","0.00%"
"10/10/2024","13.055","13.055","13.055","13.055","0.00%"
"10/09/2024","13.055","13.055","13.055","13.055","0.00%"
"10/08/2024","13.055","13.055","13.055","13.055","0.00%"
"10/07/2024","13.055","13.055","13.055","13.055","-0.15%"
"10/04/2024","13.075","13.075","13.075","13.075","-2.02%"
"10/03/2024","13.345","13.345","13.345","13.345","0.00%"
"10/02/2024","13.345","13.345","13.345","13.345","0.00%"
"10/01/2024","13.345","13.345","13.345","13.345","0.00%"
"09/30/2024","13.345","13.345","13.345","13.345","-0.82%"
"09/27/2024","13.455","13.455","13.455","13.455","-0.07%"
"09/26/2024","13.465","13.465","13.465","13.465","-2.32%"
"09/25/2024","13.785","13.785","13.785","13.785","-0.79%"
"09/24/2024","13.895","13.985","13.985","13.985","-0.64%"
"09/23/2024","13.985","13.985","13.985","13.985","1.67%"
"09/20/2024","13.755","13.986","13.986","13.986","0.00%"
"09/19/2024","13.755","13.755","13.755","13.755","0.00%"
"09/18/2024","13.755","13.755","13.755","13.755","2.52%"
"09/13/2024","13.417","13.437","13.437","13.437","0.00%"
"09/12/2024","13.417","13.417","13.417","13.417","0.46%"
"09/11/2024","13.355","13.355","13.355","13.355","0.00%"
"09/10/2024","13.355","13.355","13.355","13.355","0.91%"
"09/09/2024","13.235","13.235","13.235","13.235","-0.01%"
"09/06/2024","13.236","13.236","13.236","13.236","-0.34%"
"09/05/2024","13.281","13.281","13.281","13.281","0.35%"
"09/04/2024","13.235","13.235","13.235","13.235","0.00%"
"09/03/2024","13.235","13.235","13.235","13.235","0.00%"
"09/02/2024","13.235","13.235","13.235","13.235","-0.01%"
"08/30/2024","13.236","13.236","13.236","13.236","0.00%"
"08/29/2024","13.236","13.236","13.236","13.236","0.01%"
"08/28/2024","13.235","13.235","13.235","13.235","0.00%"
"08/27/2024","13.235","13.235","13.235","13.235","0.00%"
"08/26/2024","13.235","13.235","13.235","13.235","-0.02%"
"08/23/2024","13.237","13.237","13.237","13.237","0.01%"
"08/22/2024","13.236","13.236","13.236","13.236","0.01%"
"08/21/2024","13.235","13.235","13.235","13.235","-0.47%"
"08/20/2024","13.297","13.297","13.297","13.297","0.00%"
"08/16/2024","13.297","13.297","13.297","13.297","0.00%"
"08/15/2024","13.297","13.297","13.297","13.297","-0.06%"
"08/14/2024","13.305","13.305","13.305","13.305","0.83%"
"08/13/2024","13.195","13.195","13.195","13.195","0.00%"
"08/12/2024","13.195","13.195","13.195","13.195","-0.01%"
"08/09/2024","13.196","13.196","13.196","13.196","0.00%"
"08/08/2024","13.196","13.196","13.196","13.196","0.46%"
"08/07/2024","13.135","13.135","13.135","13.135","-0.05%"
"08/06/2024","13.141","13.141","13.141","13.141","-1.33%"
"08/05/2024","13.318","13.318","13.318","13.318","-0.01%"
"08/02/2024","13.319","13.319","13.319","13.319","0.00%"
"08/01/2024","13.319","13.318","13.319","13.318","0.01%"
"07/31/2024","13.318","13.302","13.318","13.302","0.12%"
"07/30/2024","13.302","13.302","13.302","13.302","0.28%"
"07/29/2024","13.266","13.266","13.266","13.266","0.19%"
"07/26/2024","13.240","13.240","13.240","13.240","0.00%"
"07/25/2024","13.240","13.238","13.240","13.238","0.01%"
"07/24/2024","13.238","13.238","13.238","13.238","0.00%"
"07/23/2024","13.238","13.238","13.238","13.238","0.00%"
"07/22/2024","13.238","13.238","13.238","13.238","-0.01%"
"07/19/2024","13.240","13.240","13.240","13.240","0.00%"
"07/18/2024","13.240","13.240","13.240","13.240","-0.15%"
"07/17/2024","13.259","13.259","13.259","13.259","0.00%"
"07/16/2024","13.259","13.302","13.302","13.259","-0.32%"
"07/15/2024","13.302","13.302","13.302","13.302","-0.01%"
"07/12/2024","13.303","13.271","13.303","13.271","0.24%"
"07/11/2024","13.271","13.269","13.271","13.269","0.01%"
"07/10/2024","13.269","13.269","13.269","13.269","0.00%"
"07/09/2024","13.269","13.269","13.269","13.269","0.00%"
"07/08/2024","13.269","13.269","13.269","13.269","-0.01%"
"07/05/2024","13.271","13.271","13.271","13.271","0.00%"
"07/04/2024","13.271","13.302","13.302","13.271","-0.23%"
"07/03/2024","13.302","13.302","13.302","13.302","0.00%"
"07/02/2024","13.302","13.302","13.302","13.302","0.00%"
"07/01/2024","13.302","13.302","13.302","13.302","-0.01%"
"06/28/2024","13.302","13.302","13.302","13.302","0.04%"
"06/27/2024","13.297","13.296","13.297","13.296","0.01%"
"06/26/2024","13.296","13.296","13.296","13.296","0.00%"
"06/25/2024","13.296","13.296","13.296","13.296","0.00%"
"06/24/2024","13.296","13.296","13.296","13.296","-0.01%"
"06/21/2024","13.297","13.297","13.297","13.297","0.00%"
"06/20/2024","13.297","13.297","13.297","13.297","0.45%"
"06/19/2024","13.238","13.238","13.238","13.238","-0.11%"
"06/18/2024","13.253","13.149","13.254","13.149","0.79%"
"06/17/2024","13.149","13.149","13.149","13.149","0.00%"
"06/14/2024","13.149","13.149","13.149","13.149","0.00%"
"06/13/2024","13.149","13.116","13.149","13.116","0.25%"
"06/12/2024","13.116","13.116","13.116","13.116","0.00%"
"06/11/2024","13.116","13.116","13.116","13.116","0.00%"
"06/10/2024","13.116","13.090","13.116","13.090","0.20%"
"06/07/2024","13.090","13.090","13.090","13.090","0.00%"
"06/06/2024","13.090","13.089","13.090","13.089","0.01%"
"06/05/2024","13.089","13.089","13.089","13.089","0.00%"
"06/04/2024","13.089","13.089","13.089","13.089","0.00%"
"06/03/2024","13.089","13.089","13.089","13.089","-0.02%"
"05/31/2024","13.090","13.090","13.090","13.090","0.00%"
"05/30/2024","13.090","13.090","13.090","13.090","0.01%"
"05/29/2024","13.090","13.090","13.090","13.090","0.00%"
"05/28/2024","13.090","13.090","13.090","13.090","0.00%"
"05/27/2024","13.090","13.090","13.090","13.090","-0.02%"
"05/24/2024","13.092","13.092","13.092","13.092","0.00%"
"05/23/2024","13.092","13.092","13.092","13.092","0.00%"
"05/22/2024","13.092","13.092","13.092","13.092","0.00%"
"05/21/2024","13.092","13.090","13.092","13.090","0.02%"
"05/20/2024","13.090","13.090","13.090","13.090","-0.02%"
"05/17/2024","13.092","13.092","13.092","13.092","0.00%"
"05/16/2024","13.092","13.090","13.092","13.090","0.02%"
"05/15/2024","13.090","13.132","13.132","13.090","-0.32%"
"05/14/2024","13.132","13.292","13.292","13.132","-1.20%"
"05/13/2024","13.292","13.292","13.292","13.292","-0.49%"
"05/10/2024","13.358","13.358","13.358","13.358","0.00%"
"05/09/2024","13.358","13.356","13.358","13.356","0.01%"
"05/08/2024","13.356","13.356","13.356","13.356","0.00%"
"05/07/2024","13.356","13.356","13.356","13.356","0.00%"
"05/06/2024","13.356","13.356","13.356","13.356","-0.01%"
"05/03/2024","13.357","13.357","13.357","13.357","0.00%"
"05/02/2024","13.358","13.366","13.366","13.358","-0.06%"
"05/01/2024","13.366","13.366","13.366","13.366","0.00%"
"04/30/2024","13.366","13.446","13.446","13.366","-0.59%"
"04/29/2024","13.446","13.447","13.447","13.446","-0.01%"
"04/26/2024","13.447","13.447","13.447","13.447","0.00%"
"04/25/2024","13.447","13.444","13.447","13.444","0.02%"
"04/24/2024","13.444","13.444","13.444","13.444","-0.01%"
"04/23/2024","13.446","13.446","13.446","13.446","0.00%"
"04/22/2024","13.446","13.446","13.446","13.446","-0.02%"
"04/19/2024","13.448","13.447","13.448","13.447","0.01%"
"04/18/2024","13.447","13.447","13.447","13.447","0.02%"
"04/17/2024","13.444","13.444","13.444","13.444","0.00%"
"04/16/2024","13.444","13.444","13.444","13.444","0.00%"
"04/15/2024","13.444","13.444","13.444","13.444","-0.03%"
"04/12/2024","13.448","13.448","13.448","13.448","0.00%"
"04/11/2024","13.448","13.448","13.448","13.448","0.00%"
"04/10/2024","13.448","13.401","13.448","13.401","0.35%"
"04/09/2024","13.401","13.257","13.401","13.257","1.08%"
"04/08/2024","13.257","13.257","13.257","13.257","-1.06%"
"04/05/2024","13.399","13.399","13.399","13.399","0.00%"
"04/04/2024","13.399","13.398","13.399","13.398","0.01%"
"04/03/2024","13.398","13.398","13.398","13.398","0.00%"
"04/02/2024","13.398","13.398","13.398","13.398","0.00%"
"04/01/2024","13.398","13.398","13.398","13.398","-0.02%"
"03/29/2024","13.401","13.401","13.401","13.401","0.00%"
"03/28/2024","13.401","13.399","13.401","13.399","0.01%"
"03/27/2024","13.399","13.425","13.425","13.399","-0.19%"
"03/26/2024","13.425","13.425","13.425","13.425","0.00%"
"03/25/2024","13.425","13.425","13.425","13.425","-0.01%"
"03/22/2024","13.426","13.426","13.426","13.426","0.00%"
"03/21/2024","13.426","13.425","13.426","13.425","0.01%"
"03/20/2024","13.425","13.425","13.425","13.425","0.00%"
"03/19/2024","13.425","13.425","13.425","13.425","0.00%"
"03/18/2024","13.425","13.425","13.425","13.425","-0.01%"
"03/15/2024","13.426","13.460","13.460","13.426","-0.25%"
"03/14/2024","13.460","13.425","13.460","13.425","0.26%"
"03/13/2024","13.425","13.425","13.425","13.425","0.00%"
"03/12/2024","13.425","13.425","13.425","13.425","0.00%"
"03/11/2024","13.425","13.425","13.425","13.425","-0.02%"
"03/08/2024","13.427","13.427","13.427","13.427","0.00%"
"03/07/2024","13.427","13.427","13.427","13.427","0.00%"
"03/06/2024","13.427","13.425","13.427","13.425","0.02%"
"03/05/2024","13.425","13.425","13.425","13.425","0.00%"
"03/04/2024","13.425","13.425","13.425","13.425","-0.01%"
"03/01/2024","13.426","13.426","13.426","13.426","0.00%"
"02/29/2024","13.426","13.425","13.426","13.425","0.01%"
"02/28/2024","13.425","13.425","13.425","13.425","0.00%"
"02/27/2024","13.425","13.425","13.425","13.425","0.00%"
"02/26/2024","13.425","13.425","13.425","13.425","0.00%"
"02/23/2024","13.425","13.425","13.425","13.425","-0.01%"
"02/22/2024","13.426","13.426","13.426","13.426","0.33%"
"02/21/2024","13.382","13.382","13.382","13.382","0.01%"
"02/20/2024","13.382","13.382","13.382","13.382","0.00%"
"02/19/2024","13.382","13.382","13.382","13.382","-0.01%"
"02/16/2024","13.384","13.384","13.384","13.384","0.00%"
"02/15/2024","13.384","13.384","13.384","13.384","0.01%"
"02/14/2024","13.382","13.382","13.382","13.382","-0.12%"
"02/13/2024","13.397","13.477","13.477","13.397","-0.59%"
"02/12/2024","13.477","13.477","13.477","13.477","-0.41%"
"02/09/2024","13.533","13.660","13.660","13.533","-0.94%"
"02/08/2024","13.660","13.660","13.660","13.660","0.72%"
"02/07/2024","13.564","13.590","13.590","13.564","-0.19%"
"02/06/2024","13.590","13.590","13.590","13.590","0.00%"
"02/05/2024","13.590","13.590","13.590","13.590","-0.09%"
"02/02/2024","13.602","13.602","13.602","13.602","-1.53%"
"02/01/2024","13.813","13.813","13.813","13.813","4.17%"
"01/31/2024","13.260","13.260","13.260","13.260","-0.75%"
"01/30/2024","13.360","13.360","13.360","13.360","0.00%"
"01/29/2024","13.360","13.360","13.360","13.360","-1.15%"
"01/26/2024","13.516","13.516","13.516","13.516","1.14%"
"01/25/2024","13.363","13.363","13.363","13.363","0.00%"
"01/24/2024","13.363","13.363","13.363","13.363","-0.04%"
"01/23/2024","13.368","13.367","13.368","13.367","0.01%"
"01/22/2024","13.367","13.367","13.367","13.367","-0.06%"
"01/19/2024","13.375","13.375","13.375","13.375","-0.15%"
"01/18/2024","13.394","13.394","13.394","13.394","0.01%"
"01/17/2024","13.394","13.394","13.394","13.394","0.00%"
"01/16/2024","13.394","13.396","13.396","13.394","-0.01%"
"01/15/2024","13.396","13.396","13.396","13.396","0.00%"
"01/12/2024","13.396","13.396","13.396","13.396","0.00%"
"01/11/2024","13.396","13.394","13.396","13.394","0.01%"
"01/10/2024","13.394","13.381","13.394","13.381","0.10%"
"01/09/2024","13.381","13.363","13.381","13.363","0.13%"
"01/08/2024","13.363","13.363","13.363","13.363","0.00%"
"01/05/2024","13.363","13.363","13.363","13.363","0.00%"
"01/04/2024","13.363","13.363","13.363","13.363","0.00%"
"01/03/2024","13.363","13.363","13.363","13.363","0.00%"
"01/02/2024","13.363","13.363","13.363","13.363","0.00%"
"01/01/2024","13.363","13.363","13.363","13.363","-0.05%"
"12/29/2023","13.369","13.368","13.369","13.368","0.01%"
"12/28/2023","13.368","13.367","13.368","13.367","0.01%"
"12/27/2023","13.367","13.369","13.369","13.367","-0.01%"
"12/26/2023","13.369","13.369","13.369","13.369","0.00%"
"12/25/2023","13.369","13.369","13.369","13.369","0.00%"
"12/22/2023","13.369","13.369","13.369","13.369","0.00%"
"12/21/2023","13.369","13.367","13.369","13.367","0.01%"
"12/20/2023","13.367","13.367","13.367","13.367","0.00%"
"12/19/2023","13.367","13.367","13.367","13.367","0.00%"
"12/18/2023","13.367","13.399","13.399","13.367","-0.24%"
"12/15/2023","13.399","13.399","13.399","13.399","0.00%"
"12/14/2023","13.399","13.399","13.399","13.399","-0.08%"
"12/13/2023","13.409","13.409","13.409","13.409","0.00%"
"12/12/2023","13.409","13.408","13.409","13.408","0.00%"
"12/11/2023","13.408","13.408","13.408","13.408","0.16%"
"12/08/2023","13.387","13.467","13.467","13.387","-0.60%"
"12/07/2023","13.467","13.467","13.467","13.467","0.00%"
"12/06/2023","13.467","13.467","13.467","13.467","0.00%"
"12/05/2023","13.468","13.468","13.468","13.468","0.00%"
"12/04/2023","13.468","13.468","13.468","13.468","1.56%"
"12/01/2023","13.260","13.260","13.260","13.260","-0.31%"
"11/30/2023","13.302","13.291","13.302","13.291","0.00%"
"11/29/2023","13.302","13.302","13.302","13.302","0.02%"
"11/28/2023","13.299","13.302","13.302","13.299","-0.03%"
"11/27/2023","13.302","13.302","13.302","13.302","0.00%"
"11/24/2023","13.302","13.302","13.302","13.302","0.00%"
"11/23/2023","13.302","13.302","13.302","13.302","0.00%"
"11/22/2023","13.302","13.302","13.302","13.302","0.00%"
"11/21/2023","13.302","13.302","13.302","13.302","0.00%"
"11/20/2023","13.302","13.302","13.302","13.302","0.00%"
"11/17/2023","13.302","13.302","13.302","13.302","0.00%"
"11/16/2023","13.302","13.302","13.302","13.302","0.00%"
"11/15/2023","13.302","13.276","13.302","13.276","0.20%"
"11/14/2023","13.276","13.276","13.276","13.276","0.00%"
"11/13/2023","13.276","13.276","13.276","13.276","0.00%"
"11/10/2023","13.276","13.275","13.276","13.275","0.00%"
"11/09/2023","13.276","13.276","13.276","13.276","0.00%"
"11/08/2023","13.276","13.276","13.276","13.276","0.00%"
"11/07/2023","13.276","13.276","13.276","13.276","0.00%"
"11/06/2023","13.276","13.275","13.276","13.275","0.00%"
"11/03/2023","13.276","13.302","13.302","13.276","-0.20%"
"11/02/2023","13.302","13.275","13.302","13.275","0.20%"
"11/01/2023","13.276","13.276","13.276","13.276","0.00%"
"10/31/2023","13.276","13.222","13.276","13.222","0.40%"
"10/30/2023","13.222","13.222","13.222","13.222","0.00%"
"10/27/2023","13.222","13.222","13.222","13.222","0.00%"
"10/26/2023","13.222","13.222","13.222","13.222","0.00%"
"10/25/2023","13.222","13.222","13.222","13.222","0.00%"
"10/24/2023","13.222","13.222","13.222","13.222","0.00%"
"10/23/2023","13.222","13.222","13.222","13.222","0.00%"
"10/20/2023","13.222","13.222","13.222","13.222","0.00%"
"10/19/2023","13.222","13.222","13.222","13.222","0.00%"
"10/18/2023","13.222","13.222","13.222","13.222","0.00%"
"10/17/2023","13.222","13.063","13.222","13.063","1.22%"
"10/16/2023","13.063","13.063","13.063","13.063","0.00%"
"10/13/2023","13.063","13.063","13.063","13.063","1.23%"
"10/12/2023","12.903","12.903","12.903","12.903","0.00%"
"10/11/2023","12.903","12.903","12.903","12.903","0.00%"
"10/10/2023","12.903","12.903","12.903","12.903","0.00%"
"10/09/2023","12.903","12.876","12.903","12.876","0.21%"
"10/06/2023","12.877","12.876","12.877","12.876","0.00%"
"10/05/2023","12.877","12.691","12.877","12.691","1.46%"
"10/04/2023","12.691","12.691","12.691","12.691","0.00%"
"10/03/2023","12.691","12.691","12.691","12.691","0.00%"
"10/02/2023","12.691","12.691","12.691","12.691","0.00%"
"09/29/2023","12.691","12.691","12.691","12.691","0.00%"
"09/28/2023","12.691","12.691","12.691","12.691","0.00%"
"09/27/2023","12.691","12.691","12.691","12.691","0.00%"
"09/26/2023","12.691","12.691","12.691","12.691","0.00%"
"09/25/2023","12.691","12.691","12.691","12.691","0.00%"
"09/22/2023","12.691","12.691","12.691","12.691","0.00%"
"09/21/2023","12.691","12.691","12.691","12.691","0.00%"
"09/20/2023","12.691","12.691","12.691","12.691","0.00%"
"09/19/2023","12.691","12.797","12.797","12.691","-0.83%"
"09/18/2023","12.797","13.142","13.142","12.797","-2.63%"
"09/15/2023","13.142","13.169","13.169","13.142","-0.20%"
"09/14/2023","13.169","13.169","13.169","13.169","0.00%"
"09/13/2023","13.170","13.302","13.302","13.170","-1.00%"
"09/12/2023","13.302","13.302","13.302","13.302","0.00%"
"09/11/2023","13.302","13.355","13.355","13.302","-0.40%"
"09/08/2023","13.355","13.355","13.355","13.355","0.00%"
"09/07/2023","13.355","13.355","13.355","13.355","0.00%"
"09/06/2023","13.355","13.355","13.355","13.355","-1.07%"
"09/04/2023","13.500","13.500","13.500","13.500","0.00%"
"09/01/2023","13.500","13.457","13.500","13.457","0.32%"
"08/31/2023","13.457","13.457","13.457","13.457","0.00%"
"08/30/2023","13.457","13.457","13.457","13.457","0.00%"
"08/29/2023","13.457","13.208","13.457","13.208","1.89%"
"08/28/2023","13.208","13.208","13.208","13.208","0.00%"
"08/25/2023","13.208","12.923","13.208","12.923","2.20%"
"08/24/2023","12.923","12.831","12.923","12.831","0.72%"
"08/23/2023","12.831","12.873","12.873","12.831","-0.33%"
"08/22/2023","12.873","12.674","12.873","12.674","1.57%"
"08/21/2023","12.674","12.674","12.674","12.674","0.00%"
"08/18/2023","12.674","12.674","12.674","12.674","0.00%"
"08/17/2023","12.674","12.475","12.674","12.475","1.59%"
"08/16/2023","12.475","12.475","12.475","12.475","0.00%"
"08/15/2023","12.475","12.605","12.605","12.475","-1.03%"
"08/14/2023","12.605","12.743","12.743","12.605","-1.08%"
"08/11/2023","12.743","14.033","14.033","12.743","-9.20%"
"08/10/2023","14.033","14.033","14.033","14.033","0.00%"
"08/09/2023","14.033","14.033","14.033","14.033","0.00%"
"08/08/2023","14.033","14.033","14.033","14.033","0.00%"
"08/07/2023","14.033","14.033","14.033","14.033","0.00%"
"08/04/2023","14.033","14.033","14.033","14.033","0.00%"
"08/03/2023","14.033","14.033","14.033","14.033","0.00%"
"08/02/2023","14.033","14.033","14.033","14.033","-2.15%"
"08/01/2023","14.342","14.342","14.342","14.342","0.00%"
"07/31/2023","14.342","14.342","14.342","14.342","0.00%"
"07/28/2023","14.342","14.005","14.342","14.005","2.40%"
"07/27/2023","14.005","14.005","14.005","14.005","-0.01%"
"07/26/2023","14.006","14.006","14.006","14.006","0.00%"
"07/25/2023","14.006","14.006","14.006","14.006","0.00%"
"07/24/2023","14.006","14.006","14.006","14.006","0.00%"
"07/21/2023","14.006","14.006","14.006","14.006","0.01%"
"07/20/2023","14.005","13.920","14.005","13.920","0.60%"
"07/19/2023","13.921","14.006","14.006","13.921","-0.61%"
"07/18/2023","14.006","14.005","14.006","14.005","0.00%"
"07/17/2023","14.005","14.005","14.006","14.005","0.00%"
"07/14/2023","14.005","13.941","14.005","13.941","0.46%"
"07/13/2023","13.941","13.941","13.941","13.941","0.00%"
"07/12/2023","13.942","13.941","13.942","13.941","0.00%"
"07/11/2023","13.942","14.611","14.611","13.942","-4.58%"
"07/10/2023","14.611","15.408","15.408","14.611","-5.18%"
"07/07/2023","15.408","15.408","15.408","15.408","0.00%"
"07/06/2023","15.408","16.722","16.722","15.408","-7.85%"
"07/05/2023","16.722","19.579","19.579","16.722","-14.59%"
"07/04/2023","19.579","19.577","19.579","19.577","0.01%"
"07/03/2023","19.577","19.577","19.577","19.577","0.00%"
"06/30/2023","19.577","19.577","19.577","19.577","0.00%"
"06/29/2023","19.577","19.577","19.577","19.577","0.00%"
"06/28/2023","19.577","19.573","19.577","19.573","0.03%"
"06/27/2023","19.573","19.579","19.579","19.573","-0.03%"
"06/26/2023","19.579","19.579","19.579","19.579","0.00%"
"06/23/2023","19.579","19.579","19.579","19.579","0.00%"
"06/22/2023","19.579","19.579","19.579","19.579","0.00%"
"06/21/2023","19.579","19.579","19.579","19.579","0.00%"
"06/20/2023","19.579","19.579","19.579","19.579","0.00%"
"06/19/2023","19.579","19.579","19.579","19.579","0.00%"
"06/16/2023","19.579","19.579","19.579","19.579","-1.38%"
"06/15/2023","19.851","19.851","19.851","19.851","0.00%"
"06/14/2023","19.851","20.812","20.812","19.851","-4.62%"
"06/13/2023","20.812","20.812","20.812","20.812","0.00%"
"06/12/2023","20.812","20.812","20.812","20.812","0.00%"
"06/09/2023","20.812","20.812","20.812","20.812","0.00%"
"06/08/2023","20.812","20.812","20.812","20.812","0.00%"
"06/07/2023","20.812","20.812","20.812","20.812","0.00%"
"06/06/2023","20.812","20.812","20.812","20.812","0.00%"
"06/05/2023","20.812","20.812","20.812","20.812","-9.95%"
"06/02/2023","23.112","23.112","23.112","23.112","0.00%"
"06/01/2023","23.112","23.743","23.743","23.112","-2.65%"
"05/31/2023","23.742","23.742","23.742","23.742","0.00%"
"05/30/2023","23.742","23.743","23.743","23.742","0.00%"
"05/29/2023","23.743","23.743","23.743","23.743","0.00%"
"05/26/2023","23.743","23.743","23.743","23.743","0.00%"
"05/25/2023","23.743","23.743","23.743","23.743","0.00%"
"05/24/2023","23.743","24.333","24.333","23.743","-2.42%"
"05/23/2023","24.333","24.333","24.333","24.333","0.00%"
"05/22/2023","24.333","24.333","24.333","24.333","0.00%"
"05/19/2023","24.333","24.753","24.753","24.333","-1.70%"
"05/18/2023","24.753","24.753","24.753","24.753","0.00%"
"05/17/2023","24.753","25.549","25.549","24.753","-3.11%"
"05/16/2023","25.549","25.549","25.549","25.549","0.00%"
"05/15/2023","25.549","25.549","25.549","25.549","-0.01%"
"05/12/2023","25.551","25.551","25.551","25.551","0.00%"
"05/11/2023","25.551","25.298","25.551","25.298","1.00%"
"05/10/2023","25.299","25.551","25.551","25.299","-0.99%"
"05/09/2023","25.551","25.552","25.552","25.551","0.00%"
"05/08/2023","25.552","25.552","25.552","25.552","0.00%"
"05/05/2023","25.552","25.552","25.552","25.552","0.00%"
"05/04/2023","25.552","25.552","25.552","25.552","0.00%"
"05/03/2023","25.552","25.552","25.552","25.552","0.00%"
"05/02/2023","25.552","25.553","25.553","25.552","0.00%"
"05/01/2023","25.553","25.553","25.553","25.553","0.00%"
"04/28/2023","25.553","25.553","25.553","25.553","0.00%"
"04/27/2023","25.553","25.553","25.553","25.553","0.00%"
"04/26/2023","25.553","25.555","25.555","25.553","0.00%"
"04/25/2023","25.555","25.555","25.555","25.555","0.00%"
"04/24/2023","25.555","25.555","25.555","25.555","4.11%"
"04/21/2023","24.545","24.287","24.545","24.287","1.07%"
"04/20/2023","24.287","24.287","24.287","24.287","0.00%"
"04/19/2023","24.288","24.288","24.288","24.288","0.00%"
"04/18/2023","24.288","24.288","24.288","24.288","0.00%"
"04/17/2023","24.288","24.288","24.288","24.288","-4.96%"
"04/14/2023","25.556","25.556","25.556","25.556","0.00%"
"04/13/2023","25.556","25.556","25.556","25.556","0.00%"
"04/12/2023","25.556","24.195","25.556","24.195","5.63%"
"04/11/2023","24.195","24.401","24.401","24.195","-0.85%"
"04/10/2023","24.402","24.403","24.403","24.402","0.00%"
"04/07/2023","24.403","24.403","24.403","24.403","0.00%"
"04/06/2023","24.403","24.421","24.421","24.403","-0.08%"
"04/05/2023","24.422","24.423","24.423","24.422","0.00%"
"04/04/2023","24.423","25.559","25.559","24.423","-4.44%"
"04/03/2023","25.559","25.559","25.559","25.559","0.33%"
"03/31/2023","25.475","25.559","25.559","25.475","-0.33%"
"03/30/2023","25.559","25.559","25.559","25.559","0.00%"
"03/29/2023","25.560","25.433","25.560","25.433","0.50%"
"03/28/2023","25.433","25.362","25.433","25.362","0.28%"
"03/27/2023","25.362","25.362","25.362","25.362","-0.82%"
"03/24/2023","25.573","25.573","25.573","25.573","0.00%"
"03/23/2023","25.573","25.402","25.573","25.402","0.67%"
"03/22/2023","25.402","25.785","25.785","25.402","-1.49%"
"03/21/2023","25.785","25.676","25.785","25.676","0.42%"
"03/20/2023","25.676","25.676","25.676","25.676","-1.37%"
"03/17/2023","26.032","25.913","26.032","25.913","0.46%"
"03/16/2023","25.913","25.913","25.913","25.913","0.00%"
"03/15/2023","25.913","25.468","25.913","25.468","1.75%"
"03/14/2023","25.468","25.788","25.788","25.468","-1.24%"
"03/13/2023","25.788","25.788","25.788","25.788","0.00%"
"03/10/2023","25.788","26.208","26.208","25.788","-1.60%"
"03/09/2023","26.208","26.574","26.574","26.208","-1.38%"
"03/08/2023","26.574","27.202","27.202","26.574","-2.31%"
"03/07/2023","27.202","27.417","27.417","27.202","-0.79%"
"03/06/2023","27.417","27.783","27.783","27.417","-1.32%"
"03/03/2023","27.783","27.822","27.822","27.783","-0.14%"
"03/02/2023","27.822","27.822","27.822","27.822","0.00%"
"03/01/2023","27.822","28.149","28.149","27.822","-1.16%"
"02/28/2023","28.149","28.149","28.149","28.149","0.00%"
"02/27/2023","28.149","28.149","28.149","28.149","0.00%"
"02/24/2023","28.149","28.075","28.149","28.075","0.26%"
"02/23/2023","28.075","28.075","28.075","28.075","0.00%"
"02/22/2023","28.075","28.076","28.076","28.075","0.00%"
"02/21/2023","28.076","28.492","28.492","28.076","-1.46%"
"02/20/2023","28.492","28.493","28.493","28.492","0.00%"
"02/17/2023","28.493","28.531","28.531","28.493","-0.14%"
"02/16/2023","28.531","28.532","28.532","28.531","0.00%"
"02/15/2023","28.532","28.493","28.532","28.493","0.14%"
"02/14/2023","28.493","28.430","28.493","28.430","0.22%"
"02/13/2023","28.430","28.430","28.430","28.430","0.01%"
"02/10/2023","28.427","28.430","28.430","28.427","-0.01%"
"02/09/2023","28.430","28.153","28.430","28.153","0.99%"
"02/08/2023","28.153","28.025","28.153","28.025","0.45%"
"02/07/2023","28.025","28.025","28.025","28.025","0.00%"
"02/06/2023","28.025","28.056","28.056","28.025","-0.11%"
"02/03/2023","28.056","28.026","28.056","28.026","0.11%"
"02/02/2023","28.026","27.948","28.027","27.948","0.28%"
"02/01/2023","27.948","27.948","27.948","27.948","0.00%"
"01/31/2023","27.948","27.948","27.948","27.948","0.00%"
"01/30/2023","27.948","27.948","27.948","27.948","0.00%"
"01/27/2023","27.949","27.949","27.949","27.949","0.00%"
"01/26/2023","27.949","27.949","27.949","27.949","0.00%"
"01/25/2023","27.949","27.949","27.949","27.949","0.00%"
"01/24/2023","27.949","27.949","27.949","27.949","0.00%"
"01/23/2023","27.949","27.950","27.950","27.949","-1.27%"
"01/20/2023","28.308","28.356","28.356","28.308","-0.17%"
"01/19/2023","28.356","28.556","28.556","28.356","-0.70%"
"01/18/2023","28.556","28.556","28.556","28.556","0.00%"
"01/17/2023","28.556","28.557","28.557","28.556","0.00%"
"01/16/2023","28.557","28.557","28.557","28.557","0.00%"
"01/13/2023","28.557","29.031","29.031","28.557","-1.63%"
"01/12/2023","29.031","28.590","29.031","28.590","1.54%"
"01/11/2023","28.590","28.756","28.756","28.590","-0.58%"
"01/10/2023","28.756","28.796","28.796","28.756","-0.14%"
"01/09/2023","28.796","29.031","29.031","28.796","-0.81%"
"01/06/2023","29.031","29.031","29.031","29.031","0.00%"
"01/05/2023","29.031","29.031","29.031","29.031","0.00%"
"01/04/2023","29.031","29.195","29.195","29.031","-0.56%"
"01/03/2023","29.195","29.196","29.196","29.195","0.00%"
"01/02/2023","29.196","29.026","29.197","29.026","0.59%"
"12/30/2022","29.026","29.026","29.026","29.026","0.00%"
"12/29/2022","29.026","29.025","29.026","29.025","0.00%"
"12/28/2022","29.025","29.026","29.026","29.025","0.00%"
"12/27/2022","29.026","29.108","29.108","29.026","-0.28%"
"12/26/2022","29.108","29.107","29.108","29.107","0.00%"
"12/23/2022","29.107","28.978","29.107","28.978","0.45%"
"12/22/2022","28.978","29.114","29.114","28.978","-0.47%"
"12/21/2022","29.114","29.114","29.114","29.112","0.00%"
"12/20/2022","29.114","29.510","29.510","29.114","-1.34%"
"12/19/2022","29.510","29.510","29.510","29.510","-0.12%"
"12/16/2022","29.545","29.545","29.545","28.840","0.00%"
"12/15/2022","29.545","29.861","29.861","28.840","-1.05%"
"12/14/2022","29.860","29.861","29.861","29.860","0.00%"
"12/13/2022","29.861","29.710","29.861","29.710","0.51%"
"12/12/2022","29.710","29.709","29.710","29.709","-0.12%"
"12/09/2022","29.745","29.767","29.767","29.745","2.13%"
"12/08/2022","29.124","29.767","29.767","29.124","-2.17%"
"12/07/2022","29.771","29.771","29.771","29.771","0.00%"
"12/06/2022","29.771","29.677","29.771","29.677","0.32%"
"12/05/2022","29.677","29.677","29.677","29.677","-3.49%"
"12/02/2022","30.750","30.750","30.750","30.750","0.00%"
"12/01/2022","30.750","30.837","30.837","30.750","-0.28%"
"11/30/2022","30.837","30.625","30.837","30.625","0.69%"
"11/29/2022","30.625","31.132","31.132","30.574","-1.63%"
"11/28/2022","31.132","31.221","31.221","31.132","-0.29%"
"11/25/2022","31.221","31.032","31.221","31.032","0.61%"
"11/24/2022","31.032","31.031","31.032","31.031","-0.81%"
"11/23/2022","31.285","31.622","31.622","31.285","-1.07%"
"11/22/2022","31.622","31.904","31.904","31.622","-0.88%"
"11/21/2022","31.904","31.904","31.904","31.904","-0.03%"
"11/18/2022","31.914","33.070","33.070","31.914","0.18%"
"11/17/2022","31.858","31.863","33.070","31.858","-0.02%"
"11/16/2022","31.863","32.757","33.127","31.862","-2.73%"
"11/15/2022","32.756","31.458","32.897","31.458","-0.43%"
"11/14/2022","32.896","31.458","33.126","31.458","4.57%"
"11/11/2022","31.458","31.459","31.459","31.458","0.00%"
"11/10/2022","31.459","31.463","31.463","31.459","-0.01%"
"11/09/2022","31.463","31.465","31.465","31.462","0.00%"
"11/08/2022","31.465","31.446","31.465","31.446","0.06%"
"11/07/2022","31.446","31.446","31.446","31.446","0.00%"
"11/04/2022","31.446","31.407","31.446","31.407","0.12%"
"11/03/2022","31.407","31.407","31.407","31.407","-0.02%"
"11/02/2022","31.413","31.358","31.413","31.358","0.18%"
"11/01/2022","31.358","31.358","31.358","31.358","0.00%"
"10/31/2022","31.358","31.358","31.358","31.358","-0.30%"
"10/28/2022","31.453","31.499","31.499","31.453","-0.15%"
"10/27/2022","31.499","31.696","31.696","31.498","-0.62%"
"10/26/2022","31.696","31.695","31.696","31.695","0.00%"
"10/25/2022","31.695","31.732","31.732","31.695","-0.12%"
"10/24/2022","31.732","31.732","31.732","31.732","0.00%"
"10/21/2022","31.732","31.970","31.970","31.732","0.37%"
"10/20/2022","31.615","31.615","32.258","31.615","-0.02%"
"10/19/2022","31.621","31.621","31.621","31.621","0.41%"
"10/18/2022","31.493","31.347","32.257","31.347","0.46%"
"10/17/2022","31.347","28.438","32.257","28.438","10.23%"
"10/14/2022","28.438","28.438","28.438","28.438","0.00%"
"10/13/2022","28.438","28.437","28.438","28.437","0.01%"
"10/12/2022","28.437","28.437","28.437","28.437","0.00%"
"10/11/2022","28.437","27.222","28.437","27.222","4.46%"
"10/10/2022","27.222","27.222","27.222","27.222","0.00%"
"10/07/2022","27.222","27.222","27.222","27.222","0.00%"
"10/06/2022","27.222","27.221","27.222","27.221","0.00%"
"10/05/2022","27.221","27.221","27.221","27.221","0.00%"
"10/04/2022","27.221","27.220","27.221","27.220","3.51%"
"10/03/2022","26.298","26.298","26.298","26.298","0.00%"
"09/30/2022","26.296","26.296","26.296","26.296","0.00%"
"09/29/2022","26.296","26.296","26.296","26.296","0.00%"
"09/28/2022","26.296","26.296","26.296","26.296","0.00%"
"09/27/2022","26.296","26.251","26.296","26.251","0.17%"
"09/26/2022","26.251","26.251","26.251","26.251","0.00%"
"09/23/2022","26.251","26.251","26.251","26.251","0.00%"
"09/22/2022","26.250","26.251","26.251","26.250","0.00%"
"09/21/2022","26.250","26.250","26.250","26.250","-3.72%"
"09/20/2022","27.265","27.265","27.265","27.265","0.00%"
"09/19/2022","27.265","27.344","27.344","27.265","-0.29%"
"09/16/2022","27.344","26.844","27.344","26.844","1.87%"
"09/15/2022","26.844","26.843","26.844","26.843","0.00%"
"09/14/2022","26.843","26.628","26.843","26.628","0.81%"
"09/13/2022","26.628","26.628","26.628","26.628","0.00%"
"09/12/2022","26.628","26.627","26.628","26.627","0.00%"
"09/09/2022","26.627","26.627","26.627","26.627","0.00%"
"09/08/2022","26.627","26.626","26.627","26.626","0.00%"
"09/07/2022","26.626","26.626","26.626","26.626","-0.36%"
"09/06/2022","26.722","26.722","26.722","26.721","0.00%"
"09/05/2022","26.722","26.722","26.722","26.722","-0.23%"
"09/02/2022","26.784","26.785","26.785","26.784","-0.01%"
"09/01/2022","26.785","26.784","26.785","26.784","0.01%"
"08/31/2022","26.784","26.470","26.784","26.470","1.18%"
"08/30/2022","26.470","27.265","27.265","26.469","-2.92%"
"08/29/2022","27.265","27.265","27.265","27.265","0.00%"
"08/26/2022","27.265","27.299","27.299","27.265","-0.12%"
"08/25/2022","27.299","27.299","27.299","27.299","0.00%"
"08/24/2022","27.298","27.299","27.299","27.298","0.00%"
"08/23/2022","27.299","27.300","27.300","27.299","-0.01%"
"08/22/2022","27.300","27.299","27.300","27.299","0.00%"
"08/19/2022","27.299","27.299","27.299","27.299","0.00%"
"08/18/2022","27.299","27.299","27.299","27.299","0.00%"
"08/17/2022","27.299","27.299","27.299","27.299","0.00%"
"08/16/2022","27.299","27.299","27.299","27.299","0.00%"
"08/15/2022","27.299","26.927","27.299","26.927","1.38%"
"08/12/2022","26.927","26.927","26.927","26.927","0.00%"
"08/11/2022","26.927","26.927","26.927","26.927","0.00%"
"08/10/2022","26.927","26.927","26.927","26.927","0.00%"
"08/09/2022","26.927","26.927","26.927","26.927","0.00%"
"08/08/2022","26.926","26.925","26.926","26.925","2.90%"
"08/05/2022","26.166","26.166","26.166","26.166","0.00%"
"08/04/2022","26.166","26.166","26.166","26.166","0.00%"
"08/03/2022","26.166","26.165","26.166","26.164","0.00%"
"08/02/2022","26.164","26.392","26.392","26.164","-0.86%"
"08/01/2022","26.391","26.391","26.391","26.391","-1.65%"
"07/29/2022","26.834","26.836","26.836","26.834","0.00%"
"07/28/2022","26.836","26.835","26.836","26.835","0.01%"
"07/27/2022","26.834","26.834","26.834","26.834","0.00%"
"07/26/2022","26.834","26.834","26.834","26.834","0.00%"
"07/25/2022","26.834","26.833","26.834","26.833","-2.56%"
"07/22/2022","27.539","27.539","27.539","27.539","0.00%"
"07/21/2022","27.539","27.539","27.539","27.539","0.00%"
"07/20/2022","27.538","28.265","28.265","27.538","-2.57%"
"07/19/2022","28.265","28.265","28.265","28.265","0.00%"
"07/18/2022","28.265","28.264","28.265","28.264","-1.17%"
"07/15/2022","28.600","26.790","28.600","26.790","6.76%"
"07/14/2022","26.790","22.459","26.790","22.459","19.28%"
"07/13/2022","22.459","22.459","22.459","22.459","0.00%"
"07/12/2022","22.459","22.462","22.462","22.459","-0.01%"
"07/11/2022","22.462","22.462","22.462","22.462","0.00%"
"07/08/2022","22.463","22.130","22.463","22.130","1.50%"
"07/07/2022","22.130","22.130","22.130","22.130","0.00%"
"07/06/2022","22.130","22.167","22.167","22.130","-0.17%"
"07/05/2022","22.167","21.903","22.167","21.903","1.21%"
"07/04/2022","21.903","21.903","21.903","21.903","0.00%"
"07/01/2022","21.903","21.903","21.903","21.903","0.00%"
"06/30/2022","21.903","21.681","21.903","21.681","1.02%"
"06/29/2022","21.681","21.682","21.682","21.681","1.25%"
"06/28/2022","21.413","21.448","21.448","21.413","-0.16%"
"06/27/2022","21.448","21.448","21.448","21.448","0.00%"
"06/24/2022","21.448","21.448","21.448","21.448","0.00%"
"06/23/2022","21.448","21.448","21.448","21.448","0.65%"
"06/22/2022","21.310","21.109","21.310","21.109","0.95%"
"06/21/2022","21.109","21.109","21.109","21.109","0.00%"
"06/20/2022","21.109","21.109","21.109","21.109","0.00%"
"06/17/2022","21.110","20.981","21.110","20.981","0.61%"
"06/16/2022","20.981","20.981","20.981","20.981","0.00%"
"06/15/2022","20.981","20.982","20.982","20.981","0.00%"
"06/14/2022","20.982","21.257","21.257","20.982","-1.29%"
"06/13/2022","21.257","21.358","21.358","21.257","-0.48%"
"06/10/2022","21.358","21.358","21.358","21.358","0.00%"
"06/09/2022","21.358","21.358","21.358","21.358","0.00%"
"06/08/2022","21.358","21.235","21.358","21.235","0.58%"
"06/07/2022","21.235","21.413","21.413","21.235","-0.84%"
"06/06/2022","21.413","21.413","21.413","21.413","0.00%"
"06/03/2022","21.413","22.690","22.690","21.413","-5.63%"
"06/02/2022","22.690","22.690","22.690","22.690","0.00%"
"06/01/2022","22.690","22.967","22.967","22.690","-1.21%"
"05/31/2022","22.967","22.968","22.968","22.967","0.00%"
"05/30/2022","22.968","24.158","24.158","22.968","-4.93%"
"05/27/2022","24.158","24.158","24.158","24.158","0.00%"
"05/26/2022","24.158","24.158","24.158","24.158","0.00%"
"05/25/2022","24.158","24.995","24.995","24.158","-3.35%"
"05/24/2022","24.995","24.996","24.996","24.995","0.00%"
"05/23/2022","24.996","24.996","24.996","24.996","0.00%"
"05/20/2022","24.996","24.996","24.996","24.996","-5.31%"
"05/19/2022","26.396","26.397","26.397","26.396","0.00%"
"05/18/2022","26.397","26.397","26.397","26.397","0.00%"
"05/17/2022","26.397","26.252","26.397","26.252","0.55%"
"05/16/2022","26.252","26.252","26.252","26.252","0.00%"
"05/13/2022","26.252","26.252","26.252","26.252","0.00%"
"05/12/2022","26.252","26.253","26.253","26.252","1.27%"
"05/11/2022","25.922","27.069","27.069","25.922","-4.24%"
"05/10/2022","27.069","27.069","27.069","27.069","0.00%"
"05/09/2022","27.069","26.221","27.069","26.221","3.23%"
"05/06/2022","26.221","26.221","26.221","26.221","0.00%"
"05/05/2022","26.221","24.854","26.221","24.854","5.50%"
"05/04/2022","24.854","24.855","24.855","24.854","0.00%"
"05/03/2022","24.855","24.855","24.855","24.855","0.00%"
"05/02/2022","24.855","24.855","24.855","24.855","0.00%"
"04/29/2022","24.855","24.445","24.855","24.445","1.68%"
"04/28/2022","24.445","24.445","24.445","24.445","-27.44%"
"04/19/2022","33.689","33.689","33.689","33.689","28.19%"
"04/18/2022","26.281","26.281","26.281","26.281","-8.82%"
"04/12/2022","28.823","28.823","28.823","28.823","66.78%"
"04/11/2022","17.282","23.767","23.767","17.282","5.58%"
"04/06/2022","16.369","16.369","16.369","16.369","0.00%"
"04/05/2022","16.370","16.370","16.370","16.370","0.00%"
"04/04/2022","16.371","16.369","16.371","16.369","0.00%"
"04/01/2022","16.371","16.371","16.371","16.371","0.01%"
"03/31/2022","16.369","16.369","16.369","16.369","0.00%"
"03/30/2022","16.370","16.370","16.370","16.370","0.00%"
"03/29/2022","16.371","16.370","16.371","16.370","0.00%"
"03/28/2022","16.371","16.370","16.371","16.370","0.00%"
"03/25/2022","16.371","16.371","16.371","16.371","0.00%"
"03/24/2022","16.371","16.371","16.371","16.371","0.00%"
"03/23/2022","16.371","16.371","16.371","16.371","0.00%"
"03/22/2022","16.371","16.371","16.371","16.371","0.00%"
"03/21/2022","16.371","16.371","16.371","16.371","0.00%"
"03/18/2022","16.371","16.371","16.371","16.371","-0.01%"
"03/16/2022","16.372","16.371","16.372","16.371","0.00%"
"03/15/2022","16.371","16.371","16.371","16.371","0.00%"
"03/14/2022","16.372","16.372","16.372","16.372","15.54%"
"03/11/2022","14.170","13.689","14.170","13.689","3.51%"
"03/10/2022","13.689","13.689","13.689","13.689","0.00%"
"03/09/2022","13.689","13.689","13.689","13.689","-3.39%"
"03/08/2022","14.170","13.689","14.170","13.689","0.00%"
"03/07/2022","14.170","13.690","14.170","13.690","1.33%"
"03/04/2022","13.983","13.690","13.983","13.690","0.00%"
"03/03/2022","13.983","13.983","13.983","13.983","1.75%"
"03/02/2022","13.743","13.477","13.743","13.477","1.98%"
"02/28/2022","13.477","13.743","13.743","13.477","2.42%"
"02/25/2022","13.158","13.158","13.158","13.158","0.41%"
"02/24/2022","13.104","13.158","13.158","13.104","0.00%"
"02/23/2022","13.104","13.158","13.158","13.104","0.00%"
"02/22/2022","13.104","13.158","13.158","13.104","-0.41%"
"02/21/2022","13.158","13.158","13.158","13.104","0.00%"
"02/18/2022","13.158","13.104","13.158","13.104","0.00%"
"02/17/2022","13.158","13.104","13.158","13.104","0.00%"
"02/15/2022","13.158","13.158","13.158","13.158","0.00%"
"02/14/2022","13.158","13.158","13.158","13.158","-1.99%"
"02/11/2022","13.425","13.158","13.425","13.158","0.00%"
"02/10/2022","13.425","13.158","13.425","13.158","0.00%"
"02/09/2022","13.425","13.159","13.425","13.159","4.56%"
"02/08/2022","12.840","13.159","13.159","12.840","0.00%"
"02/07/2022","12.840","13.159","13.159","12.840","0.00%"
"02/03/2022","12.840","12.840","12.840","12.840","0.00%"
"02/02/2022","12.840","12.840","12.840","12.840","0.00%"
"02/01/2022","12.840","12.840","12.840","12.840","-4.36%"
"01/31/2022","13.425","12.840","13.425","12.840","0.40%"
"01/28/2022","13.372","12.521","13.372","12.521","7.02%"
"01/27/2022","12.495","12.521","12.681","12.495","0.64%"
"01/26/2022","12.415","12.522","12.681","12.415","-0.64%"
"01/25/2022","12.495","12.522","12.681","12.495","-1.46%"
"01/24/2022","12.681","12.522","12.681","12.495","1.48%"
"01/21/2022","12.495","12.522","12.681","12.495","0.00%"
"01/20/2022","12.495","12.522","12.681","12.495","0.21%"
"01/19/2022","12.469","12.522","12.522","12.389","-0.42%"
"01/18/2022","12.522","12.389","12.522","12.389","0.21%"
"01/13/2022","12.495","12.522","12.522","12.495","-0.21%"
"01/12/2022","12.522","12.389","12.522","12.389","1.07%"
"01/11/2022","12.389","12.363","12.389","12.363","-0.64%"
"01/10/2022","12.469","12.035","12.469","12.035","0.87%"
"01/07/2022","12.361","12.361","12.413","12.228","0.44%"
"01/06/2022","12.307","12.413","12.413","12.229","0.64%"
"01/05/2022","12.229","12.414","12.414","12.149","0.65%"
"01/04/2022","12.149","12.414","12.414","12.043","0.88%"
"01/03/2022","12.043","12.043","12.043","12.043","-1.52%"
"12/31/2021","12.229","12.414","12.414","12.229","-1.49%"
"12/30/2021","12.414","12.414","12.414","12.414","0.00%"
"12/29/2021","12.414","12.414","12.414","12.414","0.43%"
"12/28/2021","12.361","12.414","12.414","12.361","0.65%"
"12/27/2021","12.281","12.043","12.281","12.043","1.98%"
"12/24/2021","12.043","12.043","12.043","12.043","-0.43%"
"12/23/2021","12.096","12.043","12.096","12.043","0.00%"
"12/22/2021","12.097","12.043","12.097","12.043","0.00%"
"12/21/2021","12.097","12.043","12.097","12.043","0.00%"
"12/20/2021","12.097","12.043","12.097","12.043","0.00%"
"12/17/2021","12.097","12.070","12.097","11.991","0.44%"
"12/16/2021","12.043","11.991","12.043","11.991","0.00%"
"12/15/2021","12.044","12.044","12.044","12.044","0.44%"
"12/14/2021","11.991","12.044","12.044","11.991","-0.44%"
"12/13/2021","12.044","12.071","12.071","12.044","-0.87%"
"12/10/2021","12.150","12.071","12.150","12.071","0.66%"
"12/09/2021","12.071","12.362","12.362","11.833","0.00%"
"12/08/2021","12.071","12.362","12.362","12.071","0.00%"
"12/07/2021","12.071","12.362","12.362","11.833","0.00%"
"12/06/2021","12.071","12.362","12.362","11.886","-2.36%"
"12/03/2021","12.362","12.071","12.362","12.071","1.97%"
"12/02/2021","12.123","12.177","12.309","12.123","-0.87%"
"12/01/2021","12.229","12.309","12.309","12.229","0.65%"
"11/30/2021","12.151","12.229","12.309","12.151","-0.22%"
"11/29/2021","12.177","12.231","12.231","12.177","-0.43%"
"11/26/2021","12.230","12.310","12.310","12.098","0.00%"
"11/25/2021","12.231","12.098","12.310","12.098","1.10%"
"11/24/2021","12.098","12.310","12.310","12.098","-1.08%"
"11/23/2021","12.231","12.098","12.310","12.098","0.00%"
"11/22/2021","12.231","12.257","12.310","12.098","-0.22%"
"11/19/2021","12.257","12.231","12.310","12.231","-0.22%"
"11/17/2021","12.283","12.098","12.283","12.098","-0.43%"
"11/16/2021","12.337","12.337","12.337","12.337","0.22%"
"11/15/2021","12.310","12.337","12.337","12.310","-0.21%"
"11/12/2021","12.337","12.283","12.363","12.257","0.87%"
"11/11/2021","12.231","12.337","12.337","12.231","-2.12%"
"11/10/2021","12.496","12.628","12.628","12.337","-1.05%"
"11/09/2021","12.628","12.496","12.628","12.496","0.00%"
"11/08/2021","12.628","12.337","12.628","12.337","2.36%"
"11/05/2021","12.337","12.337","12.337","12.337","0.00%"
"11/03/2021","12.337","12.337","12.337","12.337","3.79%"
"11/02/2021","11.887","12.337","12.337","11.887","0.00%"
"11/01/2021","11.888","12.337","12.337","11.888","-5.87%"
"10/29/2021","12.630","12.337","12.630","12.337","2.59%"
"10/28/2021","12.311","12.311","12.311","12.311","-2.52%"
"10/27/2021","12.630","12.311","12.630","12.311","2.59%"
"10/26/2021","12.311","12.630","12.630","12.311","-0.01%"
"10/25/2021","12.312","12.364","12.364","12.312","-1.48%"
"10/22/2021","12.497","12.364","12.497","12.364","1.08%"
"10/21/2021","12.364","12.364","12.364","12.364","0.42%"
"10/18/2021","12.312","12.312","12.312","12.312","0.00%"
"10/15/2021","12.312","12.630","12.630","12.312","-0.43%"
"10/14/2021","12.365","12.312","12.365","12.312","0.43%"
"10/13/2021","12.312","11.359","12.498","11.359","14.21%"
"10/12/2021","10.780","10.885","10.885","10.780","-2.39%"
"10/11/2021","11.043","10.885","11.043","10.780","1.45%"
"10/08/2021","10.885","10.885","10.911","10.359","-0.24%"
"10/07/2021","10.911","10.885","10.911","10.359","0.00%"
"10/06/2021","10.911","10.569","10.911","10.359","3.49%"
"10/05/2021","10.543","10.569","10.885","10.359","-3.37%"
"10/04/2021","10.911","10.569","10.911","10.359","1.22%"
"10/01/2021","10.780","10.570","10.885","10.359","4.06%"
"09/30/2021","10.359","10.885","10.885","10.359","-4.83%"
"09/29/2021","10.885","10.570","10.885","10.359","2.23%"
"09/28/2021","10.649","10.465","10.886","10.465","1.75%"
"09/27/2021","10.465","10.307","10.649","10.307","1.53%"
"09/24/2021","10.307","10.360","10.517","10.307","0.00%"
"09/23/2021","10.307","10.518","10.518","10.307","-0.76%"
"09/22/2021","10.386","10.360","10.518","10.281","0.25%"
"09/21/2021","10.360","10.675","10.675","10.360","-2.96%"
"09/17/2021","10.675","10.675","10.675","10.675","0.00%"
"09/16/2021","10.675","10.675","10.675","10.675","-0.98%"
"09/15/2021","10.781","10.675","10.781","10.675","-0.97%"
"09/14/2021","10.887","10.781","10.887","10.781","-0.48%"
"09/13/2021","10.939","10.255","10.939","10.255","4.79%"
"09/10/2021","10.439","10.255","10.939","10.255","-4.57%"
"09/09/2021","10.939","10.281","10.939","10.255","6.40%"
"09/08/2021","10.281","10.939","10.939","10.281","0.26%"
"09/07/2021","10.255","10.255","10.255","10.255","5.96%"
"09/06/2021","9.678","9.887","9.887","9.678","-2.12%"
"09/03/2021","9.887","9.678","9.887","9.678","2.16%"
"09/02/2021","9.678","9.678","9.678","9.678","0.00%"
"09/01/2021","9.678","9.678","9.678","9.678","2.22%"
"08/31/2021","9.468","9.677","9.677","9.468","-2.16%"
"08/30/2021","9.677","9.468","9.992","9.468","-0.54%"
"08/27/2021","9.730","9.415","9.730","9.233","2.77%"
"08/26/2021","9.468","9.415","9.468","9.233","0.00%"
"08/25/2021","9.468","9.233","9.468","9.181","-2.69%"
"08/24/2021","9.730","9.415","9.730","9.233","2.77%"
"08/23/2021","9.467","9.415","9.467","9.233","1.40%"
"08/20/2021","9.337","9.415","9.415","9.337","1.42%"
"08/19/2021","9.207","9.049","9.207","9.049","2.33%"
"08/18/2021","8.997","9.049","9.127","8.997","-1.43%"
"08/17/2021","9.127","9.049","9.127","8.997","1.46%"
"08/16/2021","8.997","9.049","9.049","8.997","0.58%"
"08/13/2021","8.944","9.049","9.075","8.944","-0.58%"
"08/12/2021","8.997","9.049","9.049","8.944","0.00%"
"08/11/2021","8.997","9.049","9.049","8.944","0.00%"
"08/10/2021","8.997","9.049","9.049","8.944","0.00%"
"08/09/2021","8.997","9.049","9.049","8.997","0.00%"
"08/06/2021","8.997","9.049","9.049","8.997","-0.58%"
"08/05/2021","9.049","8.997","9.049","8.997","0.58%"
"08/04/2021","8.997","9.049","9.049","8.997","0.00%"
"08/03/2021","8.997","8.944","9.049","8.944","-0.86%"
"08/02/2021","9.075","9.049","9.075","9.049","0.00%"
"07/30/2021","9.075","9.049","9.075","9.049","0.29%"
"07/29/2021","9.049","8.997","9.075","8.997","-0.29%"
"07/28/2021","9.075","8.997","9.075","8.997","1.46%"
"07/27/2021","8.944","8.684","9.023","8.370","5.54%"
"07/26/2021","8.474","8.683","8.683","8.370","-0.31%"
"07/22/2021","8.500","8.474","8.683","8.370","0.31%"
"07/20/2021","8.474","8.370","8.683","8.370","-2.40%"
"07/19/2021","8.683","8.735","8.735","8.370","0.00%"
"07/16/2021","8.683","8.370","8.735","8.370","0.00%"
"07/15/2021","8.683","8.370","8.735","8.370","-0.60%"
"07/14/2021","8.735","8.370","8.735","8.370","0.60%"
"07/13/2021","8.682","8.370","8.682","8.370","1.21%"
"07/12/2021","8.578","8.370","8.682","8.370","0.62%"
"07/09/2021","8.526","8.370","8.682","8.370","-0.61%"
"07/08/2021","8.578","8.370","8.682","8.370","-1.20%"
"07/07/2021","8.682","8.370","8.682","8.370","0.00%"
"07/06/2021","8.682","8.370","8.682","8.370","1.21%"
"07/05/2021","8.578","8.370","8.682","8.370","0.00%"
"07/02/2021","8.578","8.682","8.682","8.370","-1.20%"
"07/01/2021","8.682","8.578","8.682","8.370","0.00%"
"06/30/2021","8.682","8.370","8.682","8.370","1.22%"
"06/29/2021","8.578","8.370","8.578","8.370","0.00%"
"06/28/2021","8.578","8.474","8.578","8.370","-1.20%"
"06/25/2021","8.682","8.578","8.682","8.370","0.00%"
"06/23/2021","8.682","8.370","8.682","8.370","0.00%"
"06/22/2021","8.682","8.500","8.682","8.370","2.15%"
"06/21/2021","8.500","8.370","8.500","8.370","0.31%"
"06/18/2021","8.474","8.370","8.500","8.370","-0.31%"
"06/17/2021","8.500","8.369","8.500","8.369","1.56%"
"06/16/2021","8.369","8.474","8.500","8.369","0.00%"
"06/15/2021","8.369","8.500","8.500","8.369","0.00%"
"06/14/2021","8.369","8.500","8.500","8.369","-1.23%"
"06/11/2021","8.473","8.369","8.499","8.369","2.52%"
"06/10/2021","8.265","8.369","8.473","8.265","-2.75%"
"06/09/2021","8.499","8.369","8.499","8.369","0.00%"
"06/08/2021","8.499","8.369","8.499","8.369","0.00%"
"06/07/2021","8.499","8.369","8.578","8.369","-2.10%"
"06/04/2021","8.682","8.473","8.682","8.369","0.00%"
"06/03/2021","8.682","8.369","8.682","8.369","0.00%"
"06/02/2021","8.682","8.578","8.682","8.369","0.00%"
"06/01/2021","8.682","8.369","8.682","8.369","1.22%"
"05/31/2021","8.577","8.369","8.577","8.369","2.49%"
"05/28/2021","8.369","8.369","8.682","8.369","-2.43%"
"05/25/2021","8.577","8.369","8.682","8.369","0.00%"
"05/24/2021","8.577","8.421","8.577","8.368","0.00%"
"05/21/2021","8.576","8.420","8.576","8.368","0.00%"
"05/20/2021","8.576","8.420","8.576","8.368","1.86%"
"05/19/2021","8.420","8.368","8.420","8.368","-3.01%"
"05/18/2021","8.681","8.420","8.681","8.368","1.22%"
"05/17/2021","8.576","8.368","8.681","8.368","0.00%"
"05/13/2021","8.576","8.368","8.681","8.368","1.86%"
"05/12/2021","8.420","8.368","8.420","8.368","-3.00%"
"05/11/2021","8.681","8.368","8.681","8.368","0.00%"
"05/10/2021","8.681","8.420","8.681","8.368","1.21%"
"05/07/2021","8.576","8.368","8.681","8.316","0.00%"
"05/06/2021","8.576","8.368","8.681","8.368","0.00%"
"05/05/2021","8.576","8.368","8.576","8.368","-0.60%"
"05/04/2021","8.628","8.368","8.628","8.368","3.11%"
"05/03/2021","8.368","8.368","8.368","8.368","0.00%"
"04/30/2021","8.368","8.368","8.368","8.368","0.00%"
"04/22/2021","8.368","8.420","8.420","8.368","-2.43%"
"04/21/2021","8.576","8.420","8.576","8.368","2.49%"
"04/20/2021","8.368","8.420","8.420","8.368","0.00%"
"04/19/2021","8.368","8.420","8.420","8.368","-0.62%"
"04/16/2021","8.420","8.368","8.420","8.368","0.00%"
"04/15/2021","8.420","8.368","8.420","8.368","0.63%"
"04/12/2021","8.367","8.420","8.420","8.367","-3.61%"
"04/09/2021","8.680","8.367","8.680","8.367","3.74%"
"04/08/2021","8.367","8.367","8.367","8.367","-2.13%"
"04/07/2021","8.550","8.367","8.550","8.367","0.01%"
"04/06/2021","8.549","8.367","8.549","8.367","0.92%"
"04/05/2021","8.471","8.367","8.549","8.367","0.00%"
"04/01/2021","8.471","8.367","8.549","8.367","-0.91%"
"03/31/2021","8.549","8.471","8.549","8.367","2.18%"
"03/30/2021","8.367","8.471","8.549","8.367","0.00%"
"03/29/2021","8.367","8.471","8.549","8.367","-1.23%"
"03/26/2021","8.471","8.549","8.549","8.367","-0.91%"
"03/25/2021","8.549","8.471","8.549","8.471","0.00%"
"03/24/2021","8.549","8.471","8.549","8.367","2.18%"
"03/23/2021","8.367","8.471","8.549","8.367","-2.13%"
"03/22/2021","8.549","8.471","8.549","8.367","2.18%"
"03/19/2021","8.366","8.471","8.549","8.366","0.00%"
"03/18/2021","8.366","8.471","8.549","8.366","0.00%"
"03/17/2021","8.366","8.470","8.549","8.366","-2.13%"
"03/16/2021","8.549","8.470","8.549","8.366","2.18%"
"03/15/2021","8.366","8.470","8.549","8.366","-2.13%"
"03/12/2021","8.549","8.366","8.549","8.366","0.00%"
"03/10/2021","8.549","8.470","8.549","8.366","0.00%"
"03/09/2021","8.549","8.470","8.549","8.366","0.00%"
"03/08/2021","8.549","8.366","8.549","8.314","2.18%"
"03/05/2021","8.366","8.366","8.366","8.314","0.63%"
"03/04/2021","8.314","8.366","8.549","8.314","-2.74%"
"03/03/2021","8.549","8.367","8.549","8.315","2.81%"
"03/02/2021","8.315","8.367","8.367","8.315","-1.24%"
"03/01/2021","8.419","8.367","8.549","8.367","0.62%"
"02/25/2021","8.367","8.419","8.549","8.367","-2.13%"
"02/24/2021","8.549","8.367","8.549","8.367","2.18%"
"02/23/2021","8.367","8.549","8.549","8.367","-2.13%"
"02/22/2021","8.549","8.367","8.549","8.367","2.18%"
"02/19/2021","8.367","8.419","8.523","8.367","-2.13%"
"02/18/2021","8.549","8.523","8.549","8.393","4.12%"
"02/17/2021","8.211","8.523","8.550","8.211","1.61%"
"02/16/2021","8.081","8.055","8.081","8.055","0.97%"
"02/15/2021","8.003","8.055","8.107","8.003","-0.65%"
"02/12/2021","8.055","8.055","8.055","8.003","0.65%"
"02/11/2021","8.003","8.055","8.055","8.003","-1.28%"
"02/10/2021","8.107","8.159","8.159","8.107","-2.50%"
"02/09/2021","8.315","8.003","8.315","8.003","5.96%"
"02/08/2021","7.847","7.873","7.873","7.847","-2.26%"
"02/05/2021","8.029","7.847","8.029","7.847","0.32%"
"02/03/2021","8.003","7.847","8.030","7.847","-0.33%"
"02/02/2021","8.030","7.848","8.030","7.848","0.00%"
"02/01/2021","8.030","7.848","8.030","7.848","2.32%"
"01/29/2021","7.848","8.030","8.030","7.848","-2.27%"
"01/27/2021","8.030","7.848","8.030","7.848","0.00%"
"01/26/2021","8.030","7.848","8.030","7.848","2.32%"
"01/25/2021","7.848","7.900","8.030","7.848","-2.27%"
"01/22/2021","8.030","7.848","8.030","7.848","0.00%"
"01/21/2021","8.030","7.848","8.030","7.848","0.32%"
"01/20/2021","8.004","7.848","8.004","7.848","0.00%"
"01/19/2021","8.004","7.848","8.004","7.848","-0.32%"
"01/18/2021","8.030","7.848","8.030","7.848","1.65%"
"01/15/2021","7.900","7.848","7.900","7.848","2.68%"
"01/13/2021","7.694","7.694","7.772","7.694","-1.33%"
"01/12/2021","7.798","7.694","7.798","7.694","0.00%"
"01/11/2021","7.798","7.954","7.954","7.798","-1.96%"
"01/08/2021","7.954","7.798","7.954","7.798","0.00%"
"01/07/2021","7.954","7.798","7.954","7.798","0.00%"
"01/06/2021","7.954","7.798","7.954","7.772","2.00%"
"01/05/2021","7.798","7.772","7.954","7.772","0.00%"
"01/04/2021","7.798","7.772","7.902","7.772","0.00%"
"01/01/2021","7.798","7.954","7.954","7.798","-1.96%"
"12/31/2020","7.954","7.798","7.954","7.798","0.00%"
"12/30/2020","7.954","7.798","7.954","7.798","0.00%"
"12/28/2020","7.954","7.850","7.954","7.798","0.00%"
"12/24/2020","7.954","7.850","7.954","7.798","0.00%"
"12/23/2020","7.954","7.850","7.954","7.798","1.99%"
"12/22/2020","7.799","7.851","7.954","7.799","-1.95%"
"12/21/2020","7.954","7.799","7.954","7.799","1.99%"
"12/18/2020","7.799","7.851","7.851","7.799","1.35%"
"12/17/2020","7.695","7.799","7.851","7.695","-1.33%"
"12/16/2020","7.799","7.851","7.851","7.799","1.35%"
"12/15/2020","7.695","7.799","7.799","7.695","0.00%"
"12/14/2020","7.695","7.799","7.825","7.695","-1.33%"
"12/11/2020","7.799","7.799","7.799","7.695","0.00%"
"12/10/2020","7.799","7.695","7.799","7.695","0.33%"
"12/09/2020","7.773","7.799","7.799","7.695","0.34%"
"12/08/2020","7.747","7.695","7.799","7.695","0.00%"
"12/07/2020","7.747","7.591","7.747","7.591","-0.33%"
"12/04/2020","7.773","7.799","7.799","7.773","-0.33%"
"12/03/2020","7.799","7.851","7.851","7.799","-0.66%"
"12/02/2020","7.851","7.799","7.851","7.799","-1.31%"
"12/01/2020","7.955","7.799","7.955","7.799","0.33%"
"11/30/2020","7.929","7.799","7.929","7.799","0.00%"
"11/27/2020","7.929","7.799","7.929","7.799","0.99%"
"11/26/2020","7.851","7.799","7.851","7.799","0.00%"
"11/25/2020","7.851","7.695","7.851","7.695","0.00%"
"11/24/2020","7.851","7.695","7.851","7.695","-0.33%"
"11/23/2020","7.877","7.799","7.877","7.695","0.33%"
"11/20/2020","7.851","7.643","7.851","7.643","0.00%"
"11/19/2020","7.851","7.643","7.851","7.643","0.00%"
"11/18/2020","7.851","7.643","7.851","7.591","0.00%"
"11/17/2020","7.851","7.643","7.851","7.591","0.00%"
"11/16/2020","7.851","7.643","7.851","7.591","0.67%"
"11/13/2020","7.799","7.643","7.799","7.591","2.04%"
"11/12/2020","7.643","7.540","7.799","7.540","0.00%"
"11/11/2020","7.643","7.540","7.695","7.488","2.08%"
"11/10/2020","7.488","7.436","7.591","7.436","0.00%"
"11/09/2020","7.488","7.591","7.591","7.436","-1.36%"
"11/06/2020","7.591","7.436","7.591","7.436","0.00%"
"11/05/2020","7.591","7.436","7.591","7.436","0.00%"
"11/04/2020","7.591","7.539","7.591","7.436","1.38%"
"11/03/2020","7.488","7.514","7.591","7.436","-1.36%"
"11/02/2020","7.591","7.436","7.591","7.436","2.09%"
"10/29/2020","7.436","7.591","7.591","7.436","-2.05%"
"10/28/2020","7.591","7.436","7.591","7.436","0.69%"
"10/27/2020","7.539","7.436","7.539","7.436","0.34%"
"10/26/2020","7.514","7.436","7.539","7.436","-0.34%"
"10/23/2020","7.539","7.436","7.539","7.436","0.00%"
"10/22/2020","7.539","7.436","7.539","7.436","0.69%"
"10/21/2020","7.487","7.513","7.513","7.384","-0.69%"
"10/20/2020","7.539","7.487","7.539","7.384","0.00%"
"10/19/2020","7.539","7.513","7.539","7.384","0.00%"
"10/16/2020","7.539","7.513","7.591","7.513","0.00%"
"10/15/2020","7.539","7.513","7.591","7.513","0.35%"
"10/14/2020","7.513","7.539","7.591","7.513","-0.34%"
"10/13/2020","7.539","7.513","7.695","7.513","-0.34%"
"10/12/2020","7.565","7.513","7.591","7.513","1.04%"
"10/09/2020","7.487","7.332","7.591","7.332","-1.37%"
"10/08/2020","7.591","7.332","7.591","7.332","0.00%"
"10/07/2020","7.591","7.306","7.591","7.306","0.00%"
"10/06/2020","7.591","7.306","7.591","7.306","0.00%"
"10/05/2020","7.591","7.642","7.642","7.306","2.81%"
"10/02/2020","7.384","7.306","7.384","7.306","-4.69%"
"09/30/2020","7.747","7.668","7.747","7.487","2.06%"
"09/29/2020","7.590","7.487","7.590","7.461","0.68%"
"09/28/2020","7.539","7.487","7.539","7.435","0.69%"
"09/25/2020","7.487","7.461","7.513","7.383","0.35%"
"09/24/2020","7.461","7.383","7.513","7.383","0.00%"
"09/23/2020","7.461","7.383","7.513","7.383","1.06%"
"09/22/2020","7.383","7.332","7.383","7.332","-1.39%"
"09/21/2020","7.487","7.332","7.487","7.332","1.41%"
"09/18/2020","7.383","7.332","7.487","7.332","0.70%"
"09/17/2020","7.332","7.383","7.487","7.332","0.01%"
"09/16/2020","7.331","7.383","7.383","7.331","-0.35%"
"09/15/2020","7.357","7.383","7.383","7.331","0.35%"
"09/14/2020","7.331","7.435","7.435","7.331","-0.70%"
"09/11/2020","7.383","7.435","7.435","7.331","-0.70%"
"09/10/2020","7.435","7.383","7.435","7.331","0.70%"
"09/09/2020","7.383","7.331","7.383","7.331","-0.70%"
"09/08/2020","7.435","7.383","7.435","7.383","0.70%"
"09/07/2020","7.383","7.460","7.460","7.383","-0.70%"
"09/04/2020","7.435","7.435","7.435","7.383","0.00%"
"09/03/2020","7.435","7.383","7.435","7.383","0.00%"
"09/02/2020","7.435","7.383","7.435","7.383","-0.69%"
"08/31/2020","7.486","7.383","7.486","7.383","1.40%"
"08/28/2020","7.383","7.383","7.486","7.383","0.00%"
"08/27/2020","7.383","7.486","7.486","7.383","0.00%"
"08/26/2020","7.383","7.486","7.486","7.383","0.00%"
"08/25/2020","7.383","7.486","7.486","7.383","-1.38%"
"08/24/2020","7.486","7.486","7.486","7.486","0.70%"
"08/21/2020","7.435","7.486","7.486","7.383","-0.69%"
"08/20/2020","7.486","7.383","7.486","7.383","0.70%"
"08/19/2020","7.435","7.398","7.465","7.383","0.70%"
"08/18/2020","7.383","7.435","7.435","7.383","-0.69%"
"08/17/2020","7.435","7.444","7.444","7.383","0.00%"
"08/14/2020","7.435","7.450","7.450","7.383","0.00%"
"08/13/2020","7.435","7.383","7.435","7.383","-0.55%"
"08/12/2020","7.476","7.383","7.476","7.383","0.55%"
"08/11/2020","7.435","7.486","7.486","7.383","-0.69%"
"08/10/2020","7.486","7.383","7.590","7.383","-0.35%"
"08/07/2020","7.512","7.383","7.590","7.383","0.35%"
"08/06/2020","7.486","7.279","7.590","7.279","0.00%"
"08/05/2020","7.486","7.279","7.590","7.279","-1.37%"
"08/04/2020","7.590","7.279","7.590","7.279","2.10%"
"07/31/2020","7.434","7.491","7.491","7.383","0.00%"
"07/30/2020","7.434","7.331","7.486","7.331","0.00%"
"07/29/2020","7.434","7.486","7.486","7.331","0.00%"
"07/28/2020","7.434","7.331","7.486","7.331","-0.69%"
"07/27/2020","7.486","7.071","7.486","7.071","5.86%"
"07/24/2020","7.071","7.175","7.175","7.071","0.73%"
"07/23/2020","7.020","7.097","7.097","7.020","-1.09%"
"07/22/2020","7.097","6.968","7.097","6.968","1.11%"
"07/21/2020","7.019","6.968","7.071","6.968","0.74%"
"07/20/2020","6.968","7.071","7.071","6.968","0.00%"
"07/17/2020","6.968","7.071","7.071","6.968","0.00%"
"07/16/2020","6.968","7.071","7.071","6.968","-1.46%"
"07/15/2020","7.071","7.071","7.071","7.071","0.00%"
"07/14/2020","7.071","6.968","7.175","6.968","-1.44%"
"07/13/2020","7.175","7.071","7.175","7.071","0.00%"
"07/10/2020","7.175","7.123","7.227","7.019","1.46%"
"07/09/2020","7.071","7.071","7.071","7.071","-2.50%"
"07/08/2020","7.253","7.279","7.279","7.253","0.36%"
"07/07/2020","7.227","7.279","7.382","7.227","-2.11%"
"07/06/2020","7.382","7.279","7.382","7.279","2.15%"
"07/03/2020","7.227","7.382","7.382","7.227","-0.71%"
"07/02/2020","7.279","7.382","7.382","7.279","0.00%"
"07/01/2020","7.279","7.382","7.382","7.279","-0.36%"
"06/30/2020","7.305","7.382","7.382","7.305","-1.74%"
"06/29/2020","7.434","7.382","7.434","7.382","0.70%"
"06/26/2020","7.382","7.382","7.382","7.279","1.06%"
"06/25/2020","7.305","7.485","7.485","7.305","-1.74%"
"06/24/2020","7.434","7.745","7.745","7.434","-3.37%"
"06/23/2020","7.693","7.797","7.797","7.693","-1.33%"
"06/22/2020","7.797","8.057","8.057","7.745","-7.40%"
"06/19/2020","8.420","8.420","8.420","8.420","-0.31%"
"06/18/2020","8.447","8.473","8.473","8.342","-6.08%"
"06/17/2020","8.994","8.837","8.994","8.837","-1.72%"
"06/16/2020","9.151","9.203","9.203","9.099","0.29%"
"06/15/2020","9.125","9.151","9.203","9.125","0.29%"
"06/12/2020","9.099","9.151","9.203","9.099","-1.14%"
"06/11/2020","9.203","9.255","9.255","9.151","-1.12%"
"06/10/2020","9.307","9.255","9.307","9.255","0.00%"
"06/09/2020","9.307","9.281","9.307","9.255","1.14%"
"06/08/2020","9.203","9.281","9.281","9.203","-0.85%"
"06/04/2020","9.281","9.307","9.307","9.266","0.29%"
"06/03/2020","9.255","9.281","9.281","9.255","-0.56%"
"06/02/2020","9.307","9.281","9.307","9.281","0.57%"
"06/01/2020","9.255","9.281","9.281","9.203","0.28%"
"05/29/2020","9.229","9.307","9.307","9.203","1.43%"
"05/28/2020","9.099","9.151","9.307","9.099","-0.57%"
"05/27/2020","9.151","9.307","9.307","9.151","-0.57%"
"05/26/2020","9.203","9.307","9.307","9.125","-0.57%"
"05/22/2020","9.255","9.203","9.307","9.203","0.00%"
"05/21/2020","9.255","9.203","9.307","9.203","0.57%"
"05/20/2020","9.203","9.307","9.307","9.203","-1.13%"
"05/19/2020","9.307","9.203","9.307","9.203","1.14%"
"05/18/2020","9.203","9.307","9.307","9.203","0.00%"
"05/15/2020","9.203","9.307","9.307","9.203","0.00%"
"05/14/2020","9.203","9.307","9.307","9.177","-1.12%"
"05/13/2020","9.307","9.151","9.307","9.151","1.71%"
"05/12/2020","9.151","9.255","9.255","9.151","-2.50%"
"05/11/2020","9.385","9.359","9.385","9.359","0.84%"
"05/06/2020","9.307","9.411","9.411","9.307","-0.28%"
"05/05/2020","9.333","9.411","9.411","9.333","0.00%"
"05/04/2020","9.333","9.359","9.359","9.333","-0.28%"
"04/30/2020","9.359","9.359","9.359","9.359","-0.28%"
"04/29/2020","9.385","9.359","9.385","9.307","-0.28%"
"04/28/2020","9.411","9.491","9.568","9.411","0.28%"
"04/27/2020","9.385","9.568","9.568","9.385","-0.28%"
"04/24/2020","9.411","9.621","9.621","9.411","-1.64%"
"04/23/2020","9.568","9.700","9.700","9.568","-0.28%"
"04/22/2020","9.595","9.726","9.726","9.568","-0.27%"
"04/21/2020","9.621","9.700","9.700","9.568","0.27%"
"04/20/2020","9.595","9.830","9.830","9.595","-2.66%"
"04/17/2020","9.857","9.726","9.857","9.726","-0.26%"
"04/16/2020","9.883","9.830","9.883","9.830","0.26%"
"04/15/2020","9.857","9.883","9.883","9.805","-1.31%"
"04/09/2020","9.988","9.857","9.988","9.857","1.33%"
"04/08/2020","9.857","9.830","10.092","9.830","0.27%"
"04/06/2020","9.830","9.830","9.830","9.830","-3.35%"
"04/03/2020","10.172","10.172","10.172","10.040","1.30%"
"04/02/2020","10.040","10.066","10.066","10.040","-0.26%"
"04/01/2020","10.066","10.092","10.092","10.066","-0.52%"
"03/31/2020","10.119","10.146","10.146","10.119","1.31%"
"03/30/2020","9.988","10.092","10.172","9.988","0.53%"
"03/27/2020","9.936","9.988","9.988","9.936","-4.54%"
"03/20/2020","10.408","10.408","10.408","10.408","0.26%"
"03/19/2020","10.382","10.434","10.434","10.382","2.07%"
"03/18/2020","10.172","10.460","10.460","10.172","-2.03%"
"03/17/2020","10.382","10.382","10.382","10.382","1.78%"
"03/13/2020","10.200","10.200","10.200","10.200","0.00%"
"03/12/2020","10.200","10.200","10.200","10.200","0.99%"
"03/11/2020","10.100","10.100","10.100","10.100","0.50%"
"03/10/2020","10.050","10.050","10.050","10.050","0.50%"
"03/06/2020","10.000","10.000","10.000","10.000","-0.50%"
"03/05/2020","10.050","10.050","10.050","10.050","-0.50%"
"03/04/2020","10.100","10.100","10.100","10.100","-0.49%"
"03/03/2020","10.150","10.150","10.150","10.150","0.00%"
"03/02/2020","10.150","10.150","10.150","10.150","0.50%"
"02/28/2020","10.100","10.100","10.100","10.100","-0.49%"
"02/27/2020","10.150","10.150","10.150","10.150","0.50%"
"02/26/2020","10.100","10.100","10.100","10.100","-0.49%"
"02/25/2020","10.150","10.150","10.150","10.150","0.50%"
"02/24/2020","10.100","10.100","10.100","10.100","-0.49%"
"02/20/2020","10.150","10.150","10.150","10.150","0.50%"
"02/19/2020","10.100","10.100","10.100","10.100","1.51%"
"02/18/2020","9.950","9.950","9.950","9.950","-0.50%"
"02/17/2020","10.000","10.000","10.000","10.000","0.00%"
"02/14/2020","10.000","10.000","10.000","10.000","1.01%"
"02/13/2020","9.900","9.900","9.900","9.900","0.51%"
"02/12/2020","9.850","9.850","9.850","9.850","-0.51%"
"02/11/2020","9.900","9.900","9.900","9.900","1.54%"
"02/10/2020","9.750","9.750","9.750","9.750","-1.02%"
"02/07/2020","9.850","9.850","9.850","9.850","0.00%"
"02/06/2020","9.850","9.850","9.850","9.850","2.60%"
"02/05/2020","9.600","9.600","9.600","9.600","-0.52%"
"02/03/2020","9.650","9.650","9.650","9.650","1.05%"
"01/31/2020","9.550","9.550","9.550","9.550","-1.55%"
"01/30/2020","9.700","9.700","9.700","9.700","-3.00%"
"01/29/2020","10.000","10.000","10.000","10.000","-0.50%"
"01/28/2020","10.050","10.050","10.050","10.050","0.50%"
"01/27/2020","10.000","10.000","10.000","10.000","0.00%"
"01/24/2020","10.000","10.000","10.000","10.000","0.00%"
"01/23/2020","10.000","10.000","10.000","10.000","-0.99%"
"01/22/2020","10.100","10.100","10.100","10.100","0.00%"
"01/21/2020","10.100","10.100","10.100","10.100","1.00%"
"01/20/2020","10.000","10.000","10.000","10.000","0.00%"
"01/17/2020","10.000","10.000","10.000","10.000","0.50%"
"01/16/2020","9.950","9.950","9.950","9.950","-1.49%"
"01/14/2020","10.100","10.100","10.100","10.100","-0.49%"
"01/13/2020","10.150","10.150","10.150","10.150","1.50%"
"01/09/2020","10.000","10.000","10.000","10.000","-1.48%"
"01/08/2020","10.150","10.150","10.150","10.150","1.00%"
"01/07/2020","10.050","10.050","10.050","10.050","-0.50%"
"01/06/2020","10.100","10.100","10.100","10.100","0.00%"
"01/03/2020","10.100","10.100","10.100","10.100","0.00%"
"01/02/2020","10.100","10.100","10.100","10.100","0.50%"
"01/01/2020","10.050","10.050","10.050","10.050","0.00%"
"12/31/2019","10.050","10.050","10.050","10.050","-0.99%"
"12/30/2019","10.150","10.150","10.150","10.150","0.50%"
"12/27/2019","10.100","10.100","10.100","10.100","1.51%"
"12/26/2019","9.950","9.950","9.950","9.950","-2.93%"
"12/24/2019","10.250","10.250","10.250","10.250","0.00%"
"12/23/2019","10.250","10.250","10.250","10.250","-0.97%"
"12/20/2019","10.350","10.350","10.350","10.350","0.00%"
"12/19/2019","10.350","10.350","10.350","10.350","0.49%"
"12/18/2019","10.300","10.300","10.300","10.300","-0.19%"
"12/17/2019","10.320","10.320","10.320","10.320","0.68%"
"12/16/2019","10.250","10.250","10.250","10.250","0.00%"
"12/13/2019","10.250","10.250","10.250","10.250","0.00%"
"12/12/2019","10.250","10.250","10.250","10.250","-0.49%"
"12/10/2019","10.300","10.300","10.300","10.300","0.49%"
"12/09/2019","10.250","10.250","10.250","10.250","-0.97%"
"12/06/2019","10.350","10.350","10.350","10.350","-0.48%"
"12/05/2019","10.400","10.400","10.400","10.400","0.48%"
"12/04/2019","10.350","10.350","10.350","10.350","0.00%"
"12/03/2019","10.350","10.350","10.350","10.350","-0.48%"
"12/02/2019","10.400","10.400","10.400","10.400","0.00%"
"11/29/2019","10.400","10.400","10.400","10.400","0.48%"
"11/28/2019","10.350","10.350","10.350","10.350","-0.48%"
"11/27/2019","10.400","10.400","10.400","10.400","1.46%"
"11/26/2019","10.250","10.250","10.250","10.250","0.99%"
"11/25/2019","10.150","10.150","10.150","10.150","1.50%"
"11/22/2019","10.000","10.000","10.000","10.000","0.00%"
"11/21/2019","10.000","10.000","10.000","10.000","-0.50%"
"11/20/2019","10.050","10.050","10.050","10.050","-0.99%"
"11/19/2019","10.150","10.150","10.150","10.150","-2.40%"
"11/18/2019","10.400","10.400","10.400","10.400","-2.35%"
"11/15/2019","10.650","10.650","10.650","10.650","1.43%"
"11/14/2019","10.500","10.500","10.500","10.500","0.00%"
"11/13/2019","10.500","10.500","10.500","10.500","0.96%"
"11/08/2019","10.400","10.400","10.400","10.400","-0.48%"
"11/07/2019","10.450","10.450","10.450","10.450","0.00%"
"11/06/2019","10.450","10.450","10.450","10.450","-0.48%"
"11/05/2019","10.500","10.500","10.500","10.500","0.48%"
"11/04/2019","10.450","10.450","10.450","10.450","-0.95%"
"11/01/2019","10.550","10.550","10.550","10.550","0.96%"
"10/31/2019","10.450","10.450","10.450","10.450","-0.48%"
"10/30/2019","10.500","10.500","10.500","10.500","0.96%"
"10/29/2019","10.400","10.400","10.400","10.400","0.00%"
"10/28/2019","10.400","10.400","10.400","10.400","0.00%"
"10/25/2019","10.400","10.400","10.400","10.400","-0.48%"
"10/24/2019","10.450","10.450","10.450","10.450","-0.48%"
"10/23/2019","10.500","10.500","10.500","10.500","0.48%"
"10/22/2019","10.450","10.450","10.450","10.450","-0.95%"
"10/21/2019","10.550","10.550","10.550","10.550","0.00%"
"10/18/2019","10.550","10.550","10.550","10.550","1.44%"
"10/17/2019","10.400","10.400","10.400","10.400","-0.95%"
"10/16/2019","10.500","10.500","10.500","10.500","-0.47%"
"10/15/2019","10.550","10.550","10.550","10.550","0.29%"
"10/14/2019","10.520","10.520","10.520","10.520","0.19%"
"10/11/2019","10.500","10.500","10.500","10.500","-0.94%"
"10/10/2019","10.600","10.600","10.600","10.600","-0.47%"
"10/09/2019","10.650","10.650","10.650","10.650","-0.47%"
"10/08/2019","10.700","10.700","10.700","10.700","-0.93%"
"10/07/2019","10.800","10.800","10.800","10.800","0.00%"
"10/04/2019","10.800","10.800","10.800","10.800","0.75%"
"10/03/2019","10.720","10.720","10.720","10.720","0.66%"
"10/02/2019","10.650","10.650","10.650","10.650","-1.39%"
"10/01/2019","10.800","10.800","10.800","10.800","0.47%"
"09/30/2019","10.750","10.750","10.750","10.750","0.00%"
"09/27/2019","10.750","10.750","10.750","10.750","0.00%"
"09/26/2019","10.750","10.750","10.750","10.750","0.94%"
"09/25/2019","10.650","10.650","10.650","10.650","0.00%"
"09/24/2019","10.650","10.650","10.650","10.650","-0.93%"
"09/23/2019","10.750","10.750","10.750","10.750","1.42%"
"09/20/2019","10.600","10.600","10.600","10.600","-0.47%"
"09/19/2019","10.650","10.650","10.650","10.650","-1.84%"
"09/18/2019","10.850","10.850","10.850","10.850","-0.91%"
"09/17/2019","10.950","10.950","10.950","10.950","1.86%"
"09/16/2019","10.750","10.750","10.750","10.750","0.94%"
"09/12/2019","10.650","10.650","10.650","10.650","2.40%"
"09/11/2019","10.400","10.400","10.400","10.400","0.48%"
"09/10/2019","10.350","10.350","10.350","10.350","0.98%"
"09/09/2019","10.250","10.250","10.250","10.250","-0.49%"
"09/06/2019","10.300","10.300","10.300","10.300","0.00%"
"09/05/2019","10.300","10.300","10.300","10.300","0.00%"
"09/04/2019","10.300","10.300","10.300","10.300","0.98%"
"09/03/2019","10.200","10.200","10.200","10.200","0.00%"
"09/02/2019","10.200","10.200","10.200","10.200","0.49%"
"08/30/2019","10.150","10.150","10.150","10.150","-0.49%"
"08/29/2019","10.200","10.200","10.200","10.200","0.00%"
"08/28/2019","10.200","10.200","10.200","10.200","0.00%"
"08/27/2019","10.200","10.200","10.200","10.200","0.00%"
"08/26/2019","10.200","10.200","10.200","10.200","0.49%"
"08/23/2019","10.150","10.150","10.150","10.150","-0.49%"
"08/22/2019","10.200","10.200","10.200","10.200","-1.45%"
"08/21/2019","10.350","10.350","10.350","10.350","0.00%"
"08/20/2019","10.350","10.350","10.350","10.350","0.98%"
"08/19/2019","10.250","10.250","10.250","10.250","0.00%"
"08/16/2019","10.250","10.250","10.250","10.250","0.49%"
"08/15/2019","10.200","10.200","10.200","10.200","0.99%"
"08/13/2019","10.100","10.100","10.100","10.100","0.50%"
"08/09/2019","10.050","10.050","10.050","10.050","-1.47%"
"08/08/2019","10.200","10.200","10.200","10.200","0.00%"
"08/07/2019","10.200","10.200","10.200","10.200","1.49%"
"08/06/2019","10.050","10.050","10.050","10.050","0.50%"
"08/05/2019","10.000","10.000","10.000","10.000","-1.48%"
"08/02/2019","10.150","10.150","10.150","10.150","0.00%"
"08/01/2019","10.150","10.150","10.150","10.150","1.30%"
"07/31/2019","10.020","10.020","10.020","10.020","-0.79%"
"07/30/2019","10.100","10.100","10.100","10.100","-0.49%"
"07/29/2019","10.150","10.150","10.150","10.150","1.00%"
"07/26/2019","10.050","10.050","10.050","10.050","-0.69%"
"07/25/2019","10.120","10.120","10.120","10.120","-0.10%"
"07/24/2019","10.130","10.130","10.130","10.130","-0.20%"
"07/23/2019","10.150","10.150","10.150","10.150","-1.46%"
"07/22/2019","10.300","10.300","10.300","10.300","0.98%"
"07/19/2019","10.200","10.200","10.200","10.200","0.00%"
"07/18/2019","10.200","10.200","10.200","10.200","0.00%"
"07/17/2019","10.200","10.200","10.200","10.200","0.49%"
"07/15/2019","10.150","10.150","10.150","10.150","0.00%"
"07/12/2019","10.150","10.150","10.150","10.150","0.00%"
"07/11/2019","10.150","10.150","10.150","10.150","-0.49%"
"07/10/2019","10.200","10.200","10.200","10.200","-0.97%"
"07/09/2019","10.300","10.300","10.300","10.300","-0.48%"
"07/08/2019","10.350","10.350","10.350","10.350","0.00%"
"07/05/2019","10.350","10.350","10.350","10.350","-0.48%"
"07/04/2019","10.400","10.400","10.400","10.400","-0.48%"
"07/03/2019","10.450","10.450","10.450","10.450","0.97%"
"07/02/2019","10.350","10.350","10.350","10.350","-0.48%"
"07/01/2019","10.400","10.400","10.400","10.400","-0.48%"
"06/28/2019","10.450","10.450","10.450","10.450","0.48%"
"06/27/2019","10.400","10.400","10.400","10.400","-0.48%"
"06/26/2019","10.450","10.450","10.450","10.450","-0.67%"
"06/25/2019","10.520","10.520","10.520","10.520","0.19%"
"06/24/2019","10.500","10.500","10.500","10.500","-0.94%"
"06/21/2019","10.600","10.600","10.600","10.600","-0.47%"
"06/20/2019","10.650","10.650","10.650","10.650","-0.47%"
"06/19/2019","10.700","10.700","10.700","10.700","0.00%"
"06/18/2019","10.700","10.700","10.700","10.700","-0.93%"
"06/17/2019","10.800","10.800","10.800","10.800","0.93%"
"06/14/2019","10.700","10.700","10.700","10.700","-0.47%"
"06/13/2019","10.750","10.750","10.750","10.750","-0.46%"
"06/12/2019","10.800","10.800","10.800","10.800","-0.46%"
"06/11/2019","10.850","10.850","10.850","10.850","0.00%"
"06/10/2019","10.850","10.850","10.850","10.850","0.93%"
"06/07/2019","10.750","10.750","10.750","10.750","-0.46%"
"06/06/2019","10.800","10.800","10.800","10.800","0.93%"
"06/04/2019","10.700","10.700","10.700","10.700","1.42%"
"06/03/2019","10.550","10.550","10.550","10.550","0.00%"
"05/31/2019","10.550","10.550","10.550","10.550","0.00%"
"05/30/2019","10.550","10.550","10.550","10.550","0.00%"
"05/29/2019","10.550","10.550","10.550","10.550","-0.47%"
"05/28/2019","10.600","10.600","10.600","10.600","0.19%"
"05/27/2019","10.580","10.580","10.580","10.580","-0.19%"
"05/24/2019","10.600","10.600","10.600","10.600","0.47%"
"05/23/2019","10.550","10.550","10.550","10.550","0.00%"
"05/22/2019","10.550","10.550","10.550","10.550","-2.50%"
"05/21/2019","10.820","10.820","10.820","10.820","-1.19%"
"05/17/2019","10.950","10.950","10.950","10.950","0.46%"
"05/16/2019","10.900","10.900","10.900","10.900","0.00%"
"05/15/2019","10.900","10.900","10.900","10.900","0.00%"
"05/14/2019","10.900","10.900","10.900","10.900","0.00%"
"05/13/2019","10.900","10.900","10.900","10.900","-0.46%"
"05/10/2019","10.950","10.950","10.950","10.950","-0.45%"
"05/09/2019","11.000","11.000","11.000","11.000","0.00%"
"05/08/2019","11.000","11.000","11.000","11.000","-0.45%"
"05/07/2019","11.050","11.050","11.050","11.050","-1.34%"
"05/06/2019","11.200","11.200","11.200","11.200","0.45%"
"05/03/2019","11.150","11.150","11.150","11.150","0.45%"
"05/02/2019","11.100","11.100","11.100","11.100","0.00%"
"04/30/2019","11.100","11.100","11.100","11.100","-1.33%"
"04/29/2019","11.250","11.250","11.250","11.250","-1.32%"
"04/26/2019","11.400","11.400","11.400","11.400","0.88%"
"04/25/2019","11.300","11.300","11.300","11.300","0.00%"
"04/24/2019","11.300","11.300","11.300","11.300","0.00%"
"04/23/2019","11.300","11.300","11.300","11.300","-1.31%"
"04/22/2019","11.450","11.450","11.450","11.450","2.69%"
"04/18/2019","11.150","11.150","11.150","11.150","-0.27%"
"04/17/2019","11.180","11.180","11.180","11.180","-0.18%"
"04/16/2019","11.200","11.200","11.200","11.200","-0.88%"
"04/12/2019","11.300","11.300","11.300","11.300","-0.88%"
"04/11/2019","11.400","11.400","11.400","11.400","0.00%"
"04/10/2019","11.400","11.400","11.400","11.400","0.00%"
"04/09/2019","11.400","11.400","11.400","11.400","0.44%"
"04/08/2019","11.350","11.350","11.350","11.350","0.89%"
"04/05/2019","11.250","11.250","11.250","11.250","-1.32%"
"04/04/2019","11.400","11.400","11.400","11.400","0.88%"
"04/03/2019","11.300","11.300","11.300","11.300","-0.88%"
"04/02/2019","11.400","11.400","11.400","11.400","-0.87%"
"04/01/2019","11.500","11.500","11.500","11.500","0.88%"
"03/29/2019","11.400","11.400","11.400","11.400","-0.44%"
"03/28/2019","11.450","11.450","11.450","11.450","-0.43%"
"03/27/2019","11.500","11.500","11.500","11.500","0.88%"
"03/26/2019","11.400","11.400","11.400","11.400","0.44%"
"03/25/2019","11.350","11.350","11.350","11.350","-0.44%"
"03/22/2019","11.400","11.400","11.400","11.400","0.44%"
"03/21/2019","11.350","11.350","11.350","11.350","-0.44%"
"03/19/2019","11.400","11.400","11.400","11.400","0.00%"
"03/18/2019","11.400","11.400","11.400","11.400","0.00%"
"03/15/2019","11.400","11.400","11.400","11.400","0.00%"
"03/14/2019","11.400","11.400","11.400","11.400","-0.44%"
"03/13/2019","11.450","11.450","11.450","11.450","0.44%"
"03/12/2019","11.400","11.400","11.400","11.400","0.88%"
"03/11/2019","11.300","11.300","11.300","11.300","0.44%"
"03/08/2019","11.250","11.250","11.250","11.250","0.00%"
"03/07/2019","11.250","11.250","11.250","11.250","-0.88%"
"03/06/2019","11.350","11.350","11.350","11.350","0.27%"
"03/05/2019","11.320","11.320","11.320","11.320","-0.70%"
"03/01/2019","11.400","11.400","11.400","11.400","0.00%"
"02/28/2019","11.400","11.400","11.400","11.400","0.00%"
"02/27/2019","11.400","11.400","11.400","11.400","0.00%"
"02/26/2019","11.400","11.400","11.400","11.400","-0.87%"
"02/25/2019","11.500","11.500","11.500","11.500","0.00%"
"02/22/2019","11.500","11.500","11.500","11.500","-0.43%"
"02/21/2019","11.550","11.550","11.550","11.550","0.00%"
"02/20/2019","11.550","11.550","11.550","11.550","0.00%"
"02/18/2019","11.550","11.550","11.550","11.550","0.43%"
"02/15/2019","11.500","11.500","11.500","11.500","0.00%"
"02/14/2019","11.500","11.500","11.500","11.500","0.00%"
"02/13/2019","11.500","11.500","11.500","11.500","0.00%"
"02/12/2019","11.500","11.500","11.500","11.500","0.00%"
"02/11/2019","11.500","11.500","11.500","11.500","0.44%"
"02/08/2019","11.450","11.450","11.450","11.450","0.00%"
"02/07/2019","11.450","11.450","11.450","11.450","0.00%"
"02/06/2019","11.450","11.450","11.450","11.450","1.33%"
"02/05/2019","11.300","11.300","11.300","11.300","-0.88%"
"02/01/2019","11.400","11.400","11.400","11.400","0.44%"
"01/31/2019","11.350","11.350","11.350","11.350","-0.44%"
"01/30/2019","11.400","11.400","11.400","11.400","-1.72%"
"01/29/2019","11.600","11.600","11.600","11.600","-1.69%"
"01/28/2019","11.800","11.800","11.800","11.800","0.85%"
"01/25/2019","11.700","11.700","11.700","11.700","0.86%"
"01/24/2019","11.600","11.600","11.600","11.600","0.00%"
"01/23/2019","11.600","11.600","11.600","11.600","-0.43%"
"01/22/2019","11.650","11.650","11.650","11.650","0.87%"
"01/21/2019","11.550","11.550","11.550","11.550","-0.43%"
"01/18/2019","11.600","11.600","11.600","11.600","0.00%"
"01/17/2019","11.600","11.600","11.600","11.600","0.00%"
"01/16/2019","11.600","11.600","11.600","11.600","-0.85%"
"01/14/2019","11.700","11.700","11.700","11.700","-1.27%"
"01/11/2019","11.850","11.850","11.850","11.850","0.42%"
"01/10/2019","11.800","11.800","11.800","11.800","0.85%"
"01/09/2019","11.700","11.700","11.700","11.700","-1.68%"
"01/08/2019","11.900","11.900","11.900","11.900","0.85%"
"01/07/2019","11.800","11.800","11.800","11.800","-0.42%"
"01/04/2019","11.850","11.850","11.850","11.850","0.42%"
"01/03/2019","11.800","11.800","11.800","11.800","0.00%"
"01/02/2019","11.800","11.800","11.800","11.800","0.00%"
"01/01/2019","11.800","11.800","11.800","11.800","-1.26%"
"12/31/2018","11.950","11.950","11.950","11.950","0.42%"
"12/28/2018","11.900","11.900","11.900","11.900","0.42%"
"12/27/2018","11.850","11.850","11.850","11.850","-2.87%"
"12/26/2018","12.200","12.200","12.200","12.200","1.67%"
"12/24/2018","12.000","12.000","12.000","12.000","1.69%"
"12/21/2018","11.800","11.800","11.800","11.800","-2.07%"
"12/20/2018","12.050","12.050","12.050","12.050","-1.23%"
"12/19/2018","12.200","12.200","12.200","12.200","0.00%"
"12/18/2018","12.200","12.200","12.200","12.200","0.00%"
"12/17/2018","12.200","12.200","12.200","12.200","0.00%"
"12/14/2018","12.200","12.200","12.200","12.200","-2.40%"
"12/13/2018","12.500","12.500","12.500","12.500","2.46%"
"12/12/2018","12.200","12.200","12.200","12.200","0.00%"
"12/11/2018","12.200","12.200","12.200","12.200","1.24%"
"12/10/2018","12.050","12.050","12.050","12.050","-3.60%"
"12/07/2018","12.500","12.500","12.500","12.500","3.31%"
"12/06/2018","12.100","12.100","12.100","12.100","-1.63%"
"12/05/2018","12.300","12.300","12.300","12.300","-1.60%"
"12/04/2018","12.500","12.500","12.500","12.500","1.87%"
"12/03/2018","12.270","12.270","12.270","12.270","-1.84%"
"11/30/2018","12.500","12.500","12.500","12.500","0.81%"
"11/29/2018","12.400","12.400","12.400","12.400","-0.80%"
"11/28/2018","12.500","12.500","12.500","12.500","-0.40%"
"11/27/2018","12.550","12.550","12.550","12.550","-0.40%"
"11/26/2018","12.600","12.600","12.600","12.600","0.40%"
"11/23/2018","12.550","12.550","12.550","12.550","0.00%"
"11/21/2018","12.550","12.550","12.550","12.550","1.62%"
"11/19/2018","12.350","12.350","12.350","12.350","-1.20%"
"11/16/2018","12.500","12.500","12.500","12.500","-0.79%"
"11/15/2018","12.600","12.600","12.600","12.600","0.80%"
"11/14/2018","12.500","12.500","12.500","12.500","2.04%"
"11/13/2018","12.250","12.250","12.250","12.250","2.08%"
"11/12/2018","12.000","12.000","12.000","12.000","2.13%"
"11/09/2018","11.750","11.750","11.750","11.750","-0.42%"
"11/08/2018","11.800","11.800","11.800","11.800","0.00%"
"11/07/2018","11.800","11.800","11.800","11.800","0.00%"
"11/05/2018","11.800","11.800","11.800","11.800","1.72%"
"11/02/2018","11.600","11.600","11.600","11.600","0.00%"
"11/01/2018","11.600","11.600","11.600","11.600","-2.93%"
"10/31/2018","11.950","11.950","11.950","11.950","0.42%"
"10/30/2018","11.900","11.900","11.900","11.900","-0.42%"
"10/29/2018","11.950","11.950","11.950","11.950","1.27%"
"10/26/2018","11.800","11.800","11.800","11.800","0.85%"
"10/25/2018","11.700","11.700","11.700","11.700","1.74%"
"10/23/2018","11.500","11.500","11.500","11.500","-3.77%"
"10/22/2018","11.950","11.950","11.950","11.950","0.42%"
"10/19/2018","11.900","11.900","11.900","11.900","-0.83%"
"10/18/2018","12.000","12.000","12.000","12.000","0.84%"
"10/17/2018","11.900","11.900","11.900","11.900","-2.46%"
"10/16/2018","12.200","12.200","12.200","12.200","1.67%"
"10/15/2018","12.000","12.000","12.000","12.000","-2.44%"
"10/12/2018","12.300","12.300","12.300","12.300","6.03%"
"10/11/2018","11.600","11.600","11.600","11.600","0.87%"
"10/10/2018","11.500","11.500","11.500","11.500","0.00%"
"10/09/2018","11.500","11.500","11.500","11.500","0.88%"
"10/08/2018","11.400","11.400","11.400","11.400","-0.44%"
"10/05/2018","11.450","11.450","11.450","11.450","0.44%"
"10/04/2018","11.400","11.400","11.400","11.400","0.00%"
"10/03/2018","11.400","11.400","11.400","11.400","0.00%"
"10/02/2018","11.400","11.400","11.400","11.400","-0.87%"
"10/01/2018","11.500","11.500","11.500","11.500","0.88%"
"09/28/2018","11.400","11.400","11.400","11.400","1.79%"
"09/27/2018","11.200","11.200","11.200","11.200","0.90%"
"09/26/2018","11.100","11.100","11.100","11.100","1.37%"
"09/25/2018","10.950","10.950","10.950","10.950","-0.90%"
"09/21/2018","11.050","11.050","11.050","11.050","1.38%"
"09/20/2018","10.900","10.900","10.900","10.900","-0.91%"
"09/19/2018","11.000","11.000","11.000","11.000","0.00%"
"09/18/2018","11.000","11.000","11.000","11.000","3.29%"
"09/17/2018","10.650","10.650","10.650","10.650","1.43%"
"09/16/2018","10.500","10.500","10.500","10.500","-1.41%"
"09/14/2018","10.650","10.650","10.650","10.650","0.00%"
"09/13/2018","10.650","10.650","10.650","10.650","0.95%"
"09/12/2018","10.550","10.550","10.550","10.550","0.96%"
"09/11/2018","10.450","10.450","10.450","10.450","0.97%"
"09/10/2018","10.350","10.350","10.350","10.350","0.49%"
"09/07/2018","10.300","10.300","10.300","10.300","0.00%"
"09/06/2018","10.300","10.300","10.300","10.300","0.00%"
"09/05/2018","10.300","10.300","10.300","10.300","0.00%"
"09/04/2018","10.300","10.300","10.300","10.300","0.00%"
"09/03/2018","10.300","10.300","10.300","10.300","-0.96%"
"08/31/2018","10.400","10.400","10.400","10.400","0.00%"
"08/30/2018","10.400","10.400","10.400","10.400","0.48%"
"08/29/2018","10.350","10.350","10.350","10.350","-0.48%"
"08/28/2018","10.400","10.400","10.400","10.400","0.00%"
"08/27/2018","10.400","10.400","10.400","10.400","0.00%"
"08/24/2018","10.400","10.400","10.400","10.400","0.00%"
"08/23/2018","10.400","10.400","10.400","10.400","0.00%"
"08/21/2018","10.400","10.400","10.400","10.400","0.97%"
"08/20/2018","10.300","10.300","10.300","10.300","-0.48%"
"08/17/2018","10.350","10.350","10.350","10.350","0.00%"
"08/16/2018","10.350","10.350","10.350","10.350","0.98%"
"08/15/2018","10.250","10.250","10.250","10.250","-0.49%"
"08/14/2018","10.300","10.300","10.300","10.300","0.98%"
"08/13/2018","10.200","10.200","10.200","10.200","-1.16%"
"08/10/2018","10.320","10.320","10.320","10.320","0.68%"
"08/09/2018","10.250","10.250","10.250","10.250","-0.49%"
"08/08/2018","10.300","10.300","10.300","10.300","-0.96%"
"08/07/2018","10.400","10.400","10.400","10.400","-0.48%"
"08/06/2018","10.450","10.450","10.450","10.450","0.97%"
"08/03/2018","10.350","10.350","10.350","10.350","-0.96%"
"08/02/2018","10.450","10.450","10.450","10.450","0.00%"
"08/01/2018","10.450","10.450","10.450","10.450","0.00%"
"07/31/2018","10.450","10.450","10.450","10.450","-0.95%"
"07/30/2018","10.550","10.550","10.550","10.550","-1.40%"
"07/26/2018","10.700","10.700","10.700","10.700","1.42%"
"07/25/2018","10.550","10.550","10.550","10.550","0.00%"
"07/24/2018","10.550","10.550","10.550","10.550","-0.47%"
"07/23/2018","10.600","10.600","10.600","10.600","-0.47%"
"07/20/2018","10.650","10.650","10.650","10.650","0.00%"
"07/19/2018","10.650","10.650","10.650","10.650","0.47%"
"07/18/2018","10.600","10.600","10.600","10.600","-0.93%"
"07/17/2018","10.700","10.700","10.700","10.700","0.94%"
"07/16/2018","10.600","10.600","10.600","10.600","-0.93%"
"07/13/2018","10.700","10.700","10.700","10.700","-1.38%"
"07/12/2018","10.850","10.850","10.850","10.850","0.46%"
"07/11/2018","10.800","10.800","10.800","10.800","-0.46%"
"07/10/2018","10.850","10.850","10.850","10.850","0.46%"
"07/09/2018","10.800","10.800","10.800","10.800","0.47%"
"07/06/2018","10.750","10.750","10.750","10.750","-0.92%"
"07/05/2018","10.850","10.850","10.850","10.850","0.46%"
"07/04/2018","10.800","10.800","10.800","10.800","0.00%"
"07/03/2018","10.800","10.800","10.800","10.800","0.47%"
"07/02/2018","10.750","10.750","10.750","10.750","0.94%"
"06/29/2018","10.650","10.650","10.650","10.650","-1.39%"
"06/28/2018","10.800","10.800","10.800","10.800","0.00%"
"06/26/2018","10.800","10.800","10.800","10.800","0.75%"
"06/25/2018","10.720","10.720","10.720","10.720","-0.74%"
"06/22/2018","10.800","10.800","10.800","10.800","1.41%"
"06/21/2018","10.650","10.650","10.650","10.650","-0.93%"
"06/20/2018","10.750","10.750","10.750","10.750","0.00%"
"06/19/2018","10.750","10.750","10.750","10.750","0.00%"
"06/18/2018","10.750","10.750","10.750","10.750","0.47%"
"06/14/2018","10.700","10.700","10.700","10.700","-0.93%"
"06/13/2018","10.800","10.800","10.800","10.800","0.00%"
"06/12/2018","10.800","10.800","10.800","10.800","-0.46%"
"06/11/2018","10.850","10.850","10.850","10.850","0.00%"
"06/08/2018","10.850","10.850","10.850","10.850","0.93%"
"06/07/2018","10.750","10.750","10.750","10.750","0.94%"
"06/06/2018","10.650","10.650","10.650","10.650","0.00%"
"06/05/2018","10.650","10.650","10.650","10.650","0.00%"
"06/04/2018","10.650","10.650","10.650","10.650","-0.93%"
"06/01/2018","10.750","10.750","10.750","10.750","0.47%"
"05/31/2018","10.700","10.700","10.700","10.700","0.47%"
"05/30/2018","10.650","10.650","10.650","10.650","-0.93%"
"05/28/2018","10.750","10.750","10.750","10.750","-0.46%"
"05/25/2018","10.800","10.800","10.800","10.800","0.47%"
"05/24/2018","10.750","10.750","10.750","10.750","-0.46%"
"05/23/2018","10.800","10.800","10.800","10.800","0.00%"
"05/22/2018","10.800","10.800","10.800","10.800","0.47%"
"05/21/2018","10.750","10.750","10.750","10.750","-0.16%"
"05/20/2018","10.767","10.767","10.767","10.767","-0.31%"
"05/18/2018","10.800","10.800","10.800","10.800","0.47%"
"05/17/2018","10.750","10.750","10.750","10.750","0.47%"
"05/16/2018","10.700","10.700","10.700","10.700","-0.47%"
"05/15/2018","10.750","10.750","10.750","10.750","-0.46%"
"05/14/2018","10.800","10.800","10.800","10.800","0.00%"
"05/11/2018","10.800","10.800","10.800","10.800","0.47%"
"05/10/2018","10.750","10.750","10.750","10.750","-2.27%"
"05/09/2018","11.000","11.000","11.000","11.000","3.00%"
"05/08/2018","10.680","10.680","10.680","10.680","0.75%"
"05/04/2018","10.600","10.600","10.600","10.600","-0.47%"
"05/03/2018","10.650","10.650","10.650","10.650","1.43%"
"05/02/2018","10.500","10.500","10.500","10.500","0.96%"
"05/01/2018","10.400","10.400","10.400","10.400","-0.48%"
"04/27/2018","10.450","10.450","10.450","10.450","0.00%"
"04/26/2018","10.450","10.450","10.450","10.450","1.26%"
"04/25/2018","10.320","10.320","10.320","10.320","0.19%"
"04/24/2018","10.300","10.300","10.300","10.300","-0.37%"
"04/23/2018","10.338","10.338","10.338","10.338","-0.12%"
"04/20/2018","10.350","10.350","10.350","10.350","0.49%"
"04/19/2018","10.300","10.300","10.300","10.300","0.19%"
"04/18/2018","10.280","10.280","10.280","10.280","-0.68%"
"04/17/2018","10.350","10.350","10.350","10.350","0.00%"
"04/16/2018","10.350","10.350","10.350","10.350","1.14%"
"04/12/2018","10.233","10.233","10.233","10.233","-1.42%"
"04/11/2018","10.380","10.380","10.380","10.380","0.00%"
"04/10/2018","10.380","10.380","10.380","10.380","-3.29%"
"04/06/2018","10.733","10.733","10.733","10.733","2.22%"
"04/05/2018","10.500","10.500","10.500","10.500","-4.55%"
"04/04/2018","11.000","11.000","11.000","11.000","0.00%"
"04/03/2018","11.000","11.000","11.000","11.000","0.00%"
"04/02/2018","11.000","11.000","11.000","11.000","5.26%"
"03/29/2018","10.450","10.450","10.450","10.450","0.97%"
"03/28/2018","10.350","10.350","10.350","10.350","0.00%"
"03/27/2018","10.350","10.350","10.350","10.350","0.00%"
"03/26/2018","10.350","10.350","10.350","10.350","0.00%"
"03/23/2018","10.350","10.350","10.350","10.350","0.00%"
"03/22/2018","10.350","10.350","10.350","10.350","0.00%"
"03/21/2018","10.350","10.350","10.350","10.350","0.00%"
"03/20/2018","10.350","10.350","10.350","10.350","0.00%"
"03/19/2018","10.350","10.350","10.350","10.350","0.00%"
"03/16/2018","10.350","10.350","10.350","10.350","0.00%"
"03/15/2018","10.350","10.350","10.350","10.350","0.00%"
"03/14/2018","10.350","10.350","10.350","10.350","0.00%"
"03/13/2018","10.350","10.350","10.350","10.350","-0.48%"
"03/12/2018","10.400","10.400","10.400","10.400","0.00%"
"03/09/2018","10.400","10.400","10.400","10.400","0.00%"
"03/08/2018","10.400","10.400","10.400","10.400","0.00%"
"03/07/2018","10.400","10.400","10.400","10.400","0.00%"
"03/06/2018","10.400","10.400","10.400","10.400","-0.95%"
"03/05/2018","10.500","10.500","10.500","10.500","0.48%"
"03/02/2018","10.450","10.450","10.450","10.450","-0.48%"
"03/01/2018","10.500","10.500","10.500","10.500","0.00%"
"02/28/2018","10.500","10.500","10.500","10.500","0.48%"
"02/27/2018","10.450","10.450","10.450","10.450","0.00%"
"02/26/2018","10.450","10.450","10.450","10.450","0.48%"
"02/23/2018","10.400","10.400","10.400","10.400","-0.95%"
"02/21/2018","10.500","10.500","10.500","10.500","0.48%"
"02/20/2018","10.450","10.450","10.450","10.450","0.48%"
"02/19/2018","10.400","10.400","10.400","10.400","0.32%"
"02/18/2018","10.367","10.367","10.367","10.367","-0.32%"
"02/16/2018","10.400","10.400","10.400","10.400","0.00%"
"02/15/2018","10.400","10.400","10.400","10.400","0.97%"
"02/14/2018","10.300","10.300","10.300","10.300","1.48%"
"02/12/2018","10.150","10.150","10.150","10.150","3.05%"
"02/09/2018","9.850","9.850","9.850","9.850","-1.01%"
"02/08/2018","9.950","9.950","9.950","9.950","0.81%"
"02/07/2018","9.870","9.870","9.870","9.870","-1.30%"
"02/06/2018","10.000","10.000","10.000","10.000","2.30%"
"02/05/2018","9.775","9.775","9.775","9.775","0.00%"
"02/02/2018","9.775","9.775","9.775","9.775","-0.26%"
"02/01/2018","9.800","9.800","9.800","9.800","0.51%"
"01/31/2018","9.750","9.750","9.750","9.750","-0.51%"
"01/30/2018","9.800","9.800","9.800","9.800","1.24%"
"01/29/2018","9.680","9.680","9.680","9.680","-1.22%"
"01/26/2018","9.800","9.800","9.800","9.800","-1.51%"
"01/25/2018","9.950","9.950","9.950","9.950","0.51%"
"01/24/2018","9.900","9.900","9.900","9.900","0.43%"
"01/23/2018","9.858","9.858","9.858","9.858","-0.92%"
"01/22/2018","9.950","9.950","9.950","9.950","2.58%"
"01/19/2018","9.700","9.700","9.700","9.700","-1.52%"
"01/18/2018","9.850","9.850","9.850","9.850","-1.01%"
"01/17/2018","9.950","9.950","9.950","9.950","1.02%"
"01/16/2018","9.850","9.850","9.850","9.850","2.39%"
"01/15/2018","9.620","9.620","9.620","9.620","-0.31%"
"01/12/2018","9.650","9.650","9.650","9.650","0.00%"
"01/11/2018","9.650","9.650","9.650","9.650","1.05%"
"01/10/2018","9.550","9.550","9.550","9.550","-2.05%"
"01/09/2018","9.750","9.750","9.750","9.750","-0.20%"
"01/08/2018","9.770","9.770","9.770","9.770","0.00%"
"01/05/2018","9.770","9.770","9.770","9.770","-1.19%"
"01/04/2018","9.888","9.888","9.888","9.888","-2.34%"
"01/03/2018","10.125","10.125","10.125","10.125","-2.17%"
"01/02/2018","10.350","10.350","10.350","10.350","1.97%"
"01/01/2018","10.150","10.150","10.150","10.150","0.00%"
"12/29/2017","10.150","10.150","10.150","10.150","-0.17%"
"12/28/2017","10.167","10.167","10.167","10.167","-0.40%"
"12/27/2017","10.208","10.208","10.208","10.208","-0.70%"
"12/26/2017","10.280","10.280","10.280","10.280","0.08%"
"12/22/2017","10.272","10.272","10.272","10.272","-0.11%"
"12/21/2017","10.283","10.283","10.283","10.283","-0.05%"
"12/20/2017","10.288","10.288","10.288","10.288","-0.12%"
"12/19/2017","10.300","10.300","10.300","10.300","0.00%"
"12/18/2017","10.300","10.300","10.300","10.300","0.12%"
"12/16/2017","10.288","10.288","10.288","10.288","0.00%"
"12/15/2017","10.288","10.288","10.288","10.288","0.00%"
"12/14/2017","10.288","10.288","10.288","10.288","0.37%"
"12/13/2017","10.250","10.250","10.250","10.250","-0.49%"
"12/12/2017","10.300","10.300","10.300","10.300","-1.15%"
"12/11/2017","10.420","10.420","10.420","10.420","0.07%"
"12/08/2017","10.413","10.413","10.413","10.413","0.13%"
"12/07/2017","10.400","10.400","10.400","10.400","0.00%"
"12/06/2017","10.400","10.400","10.400","10.400","0.00%"
"12/05/2017","10.400","10.400","10.400","10.400","-0.10%"
"12/04/2017","10.410","10.410","10.410","10.410","0.10%"
"11/30/2017","10.400","10.400","10.400","10.400","-0.12%"
"11/29/2017","10.413","10.413","10.413","10.413","0.22%"
"11/28/2017","10.390","10.390","10.390","10.390","-0.26%"
"11/27/2017","10.417","10.417","10.417","10.417","0.28%"
"11/24/2017","10.388","10.388","10.388","10.388","-0.21%"
"11/23/2017","10.410","10.410","10.410","10.410","0.00%"
"11/22/2017","10.410","10.410","10.410","10.410","-0.38%"
"11/21/2017","10.450","10.450","10.450","10.450","0.11%"
"11/20/2017","10.438","10.438","10.438","10.438","0.20%"
"11/17/2017","10.417","10.417","10.417","10.417","-0.08%"
"11/16/2017","10.425","10.425","10.425","10.425","0.24%"
"11/15/2017","10.400","10.400","10.400","10.400","0.97%"
"11/14/2017","10.300","10.300","10.300","10.300","0.68%"
"11/13/2017","10.230","10.230","10.230","10.230","0.05%"
"11/10/2017","10.225","10.225","10.225","10.225","0.05%"
"11/09/2017","10.220","10.220","10.220","10.220","0.10%"
"11/08/2017","10.210","10.210","10.210","10.210","-1.04%"
"11/07/2017","10.317","10.317","10.317","10.317","-0.32%"
"11/06/2017","10.350","10.350","10.350","10.350","-0.51%"
"11/02/2017","10.403","10.403","10.403","10.403","-0.37%"
"11/01/2017","10.442","10.442","10.442","10.442","-0.08%"
"10/31/2017","10.450","10.450","10.450","10.450","0.00%"
"10/30/2017","10.450","10.450","10.450","10.450","0.00%"
"10/29/2017","10.450","10.450","10.450","10.450","0.00%"
"10/27/2017","10.450","10.450","10.450","10.450","0.00%"
"10/26/2017","10.450","10.450","10.450","10.450","0.10%"
"10/25/2017","10.440","10.440","10.440","10.440","0.31%"
"10/24/2017","10.408","10.408","10.408","10.408","0.32%"
"10/23/2017","10.375","10.375","10.375","10.375","0.24%"
"10/22/2017","10.350","10.350","10.350","10.350","0.00%"
"10/20/2017","10.350","10.350","10.350","10.350","-0.19%"
"10/19/2017","10.370","10.370","10.370","10.370","-0.29%"
"10/17/2017","10.400","10.400","10.400","10.400","0.00%"
"10/16/2017","10.400","10.400","10.400","10.400","0.04%"
"10/13/2017","10.396","10.396","10.396","10.396","-0.75%"
"10/12/2017","10.475","10.475","10.475","10.475","0.00%"
"10/11/2017","10.475","10.475","10.475","10.475","-0.36%"
"10/10/2017","10.513","10.513","10.513","10.513","-0.16%"
"10/09/2017","10.530","10.530","10.530","10.530","0.00%"
"10/06/2017","10.530","10.530","10.530","10.530","-0.19%"
"10/04/2017","10.550","10.550","10.550","10.550","0.96%"
"10/03/2017","10.450","10.450","10.450","10.450","0.60%"
"10/02/2017","10.388","10.388","10.388","10.388","-0.48%"
"09/29/2017","10.438","10.438","10.438","10.438","0.08%"
"09/28/2017","10.430","10.430","10.430","10.430","0.00%"
"09/27/2017","10.430","10.430","10.430","10.430","0.48%"
"09/26/2017","10.380","10.380","10.380","10.380","1.07%"
"09/25/2017","10.270","10.270","10.270","10.270","-0.29%"
"09/22/2017","10.300","10.300","10.300","10.300","-0.48%"
"09/21/2017","10.350","10.350","10.350","10.350","0.16%"
"09/20/2017","10.333","10.333","10.333","10.333","-0.40%"
"09/19/2017","10.375","10.375","10.375","10.375","-1.31%"
"09/18/2017","10.513","10.513","10.513","10.513","-0.54%"
"09/15/2017","10.570","10.570","10.570","10.570","0.57%"
"09/14/2017","10.510","10.510","10.510","10.510","-0.19%"
"09/13/2017","10.530","10.530","10.530","10.530","-1.59%"
"09/12/2017","10.700","10.700","10.700","10.700","-0.09%"
"09/11/2017","10.710","10.710","10.710","10.710","-1.20%"
"09/08/2017","10.840","10.840","10.840","10.840","0.56%"
"09/07/2017","10.780","10.780","10.780","10.780","0.16%"
"09/06/2017","10.763","10.763","10.763","10.763","0.23%"
"09/04/2017","10.738","10.738","10.738","10.738","-0.20%"
"08/31/2017","10.760","10.760","10.760","10.760","-0.19%"
"08/30/2017","10.780","10.780","10.780","10.780","0.28%"
"08/29/2017","10.750","10.750","10.750","10.750","-0.19%"
"08/28/2017","10.770","10.770","10.770","10.770","-1.64%"
"08/25/2017","10.950","10.950","10.950","10.950","-0.64%"
"08/24/2017","11.020","11.020","11.020","11.020","-0.90%"
"08/23/2017","11.120","11.120","11.120","11.120","0.63%"
"08/22/2017","11.050","11.050","11.050","11.050","0.45%"
"08/21/2017","11.000","11.000","11.000","11.000","-0.45%"
"08/18/2017","11.050","11.050","11.050","11.050","0.34%"
"08/17/2017","11.013","11.013","11.013","11.013","0.00%"
"08/16/2017","11.013","11.013","11.013","11.013","1.38%"
"08/15/2017","10.863","10.863","10.863","10.863","0.12%"
"08/14/2017","10.850","10.850","10.850","10.850","0.40%"
"08/11/2017","10.807","10.807","10.807","10.807","-0.19%"
"08/10/2017","10.828","10.828","10.828","10.828","1.54%"
"08/09/2017","10.664","10.664","10.664","10.664","0.37%"
"08/08/2017","10.625","10.625","10.625","10.625","0.24%"
"08/04/2017","10.600","10.600","10.600","10.600","0.79%"
"08/03/2017","10.517","10.517","10.517","10.517","-1.62%"
"08/02/2017","10.690","10.690","10.690","10.690","-0.09%"
"08/01/2017","10.700","10.700","10.700","10.700","-0.85%"
"07/31/2017","10.792","10.792","10.792","10.792","-0.77%"
"07/28/2017","10.876","10.876","10.876","10.876","-0.01%"
"07/27/2017","10.877","10.877","10.877","10.877","-0.94%"
"07/26/2017","10.980","10.980","10.980","10.980","0.24%"
"07/25/2017","10.954","10.954","10.954","10.954","0.50%"
"07/24/2017","10.900","10.900","10.900","10.900","0.07%"
"07/21/2017","10.892","10.892","10.892","10.892","-0.07%"
"07/20/2017","10.900","10.900","10.900","10.900","-2.76%"
"07/19/2017","11.209","11.209","11.209","11.209","-0.40%"
"07/18/2017","11.254","11.254","11.254","11.254","-0.03%"
"07/17/2017","11.257","11.257","11.257","11.257","-0.50%"
"07/14/2017","11.313","11.313","11.313","11.313","-0.07%"
"07/13/2017","11.321","11.321","11.321","11.321","-0.26%"
"07/12/2017","11.351","11.351","11.351","11.351","-0.28%"
"07/11/2017","11.383","11.383","11.383","11.383","-0.15%"
"07/10/2017","11.400","11.400","11.400","11.400","-0.12%"
"07/07/2017","11.414","11.414","11.414","11.414","0.22%"
"07/06/2017","11.389","11.389","11.389","11.389","-0.01%"
"07/05/2017","11.390","11.390","11.390","11.390","-0.04%"
"07/04/2017","11.395","11.395","11.395","11.395","-0.31%"
"07/03/2017","11.431","11.431","11.431","11.431","-0.87%"
"06/30/2017","11.531","11.531","11.531","11.531","-0.28%"
"06/29/2017","11.563","11.563","11.563","11.563","-0.14%"
"06/28/2017","11.579","11.579","11.579","11.579","-0.55%"
"06/27/2017","11.643","11.643","11.643","11.643","0.97%"
"06/23/2017","11.531","11.531","11.531","11.531","-0.12%"
"06/22/2017","11.545","11.545","11.545","11.545","-0.08%"
"06/21/2017","11.554","11.554","11.554","11.554","0.03%"
"06/20/2017","11.550","11.550","11.550","11.550","-0.59%"
"06/19/2017","11.618","11.618","11.618","11.618","0.54%"
"06/16/2017","11.556","11.556","11.556","11.556","-0.26%"
"06/15/2017","11.586","11.586","11.586","11.586","-0.12%"
"06/14/2017","11.600","11.600","11.600","11.600","-0.43%"
"06/13/2017","11.650","11.650","11.650","11.650","0.00%"
"06/12/2017","11.650","11.650","11.650","11.650","0.00%"
"06/09/2017","11.650","11.650","11.650","11.650","-0.50%"
"06/07/2017","11.708","11.708","11.708","11.708","-0.78%"
"06/06/2017","11.800","11.800","11.800","11.800","0.00%"
"06/05/2017","11.800","11.800","11.800","11.800","0.20%"
"06/02/2017","11.776","11.776","11.776","11.776","-0.27%"
"06/01/2017","11.808","11.808","11.808","11.808","0.07%"
"05/31/2017","11.800","11.800","11.800","11.800","0.14%"
"05/30/2017","11.783","11.783","11.783","11.783","0.45%"
"05/29/2017","11.730","11.730","11.730","11.730","0.10%"
"05/26/2017","11.718","11.718","11.718","11.718","-0.14%"
"05/25/2017","11.734","11.734","11.734","11.734","-0.26%"
"05/24/2017","11.765","11.765","11.765","11.765","-0.14%"
"05/23/2017","11.781","11.781","11.781","11.781","-0.02%"
"05/22/2017","11.783","11.783","11.783","11.783","-0.08%"
"05/19/2017","11.792","11.792","11.792","11.792","-0.07%"
"05/18/2017","11.800","11.800","11.800","11.800","0.61%"
"05/17/2017","11.729","11.729","11.729","11.729","0.50%"
"05/16/2017","11.671","11.671","11.671","11.671","0.22%"
"05/15/2017","11.645","11.645","11.645","11.645","0.22%"
"05/12/2017","11.620","11.620","11.620","11.620","-0.19%"
"05/09/2017","11.642","11.642","11.642","11.642","-0.28%"
"05/08/2017","11.675","11.675","11.675","11.675","1.45%"
"05/05/2017","11.508","11.508","11.508","11.508","-0.97%"
"05/04/2017","11.621","11.621","11.621","11.621","-4.49%"
"05/03/2017","12.167","12.167","12.167","12.167","-0.10%"
"05/02/2017","12.179","12.179","12.179","12.179","1.70%"
"04/28/2017","11.975","11.975","11.975","11.975","0.61%"
"04/27/2017","11.902","11.902","11.902","11.902","-3.22%"
"04/26/2017","12.298","12.298","12.298","12.298","-2.14%"
"04/25/2017","12.567","12.567","12.567","12.567","-0.77%"
"04/24/2017","12.664","12.664","12.664","12.664","-0.20%"
"04/21/2017","12.690","12.690","12.690","12.690","-0.13%"
"04/20/2017","12.707","12.707","12.707","12.707","-0.73%"
"04/19/2017","12.800","12.800","12.800","12.800","-0.78%"
"04/18/2017","12.900","12.900","12.900","12.900","0.00%"
"04/17/2017","12.900","12.900","12.900","12.900","0.84%"
"04/12/2017","12.792","12.792","12.792","12.792","0.67%"
"04/11/2017","12.707","12.707","12.707","12.707","0.19%"
"04/07/2017","12.683","12.683","12.683","12.683","-0.13%"
"04/06/2017","12.700","12.700","12.700","12.700","-0.70%"
"04/05/2017","12.790","12.790","12.790","12.790","-1.32%"
"04/04/2017","12.961","12.961","12.961","12.961","0.53%"
"04/03/2017","12.893","12.893","12.893","12.893","0.05%"
"03/31/2017","12.886","12.886","12.886","12.886","0.06%"
"03/30/2017","12.878","12.878","12.878","12.878","0.22%"
"03/29/2017","12.850","12.850","12.850","12.850","-0.39%"
"03/28/2017","12.900","12.900","12.900","12.900","-2.01%"
"03/27/2017","13.164","13.164","13.164","13.164","-1.21%"
"03/24/2017","13.325","13.325","13.325","13.325","-0.24%"
"03/23/2017","13.357","13.357","13.357","13.357","0.05%"
"03/22/2017","13.350","13.350","13.350","13.350","-0.06%"
"03/21/2017","13.358","13.358","13.358","13.358","0.06%"
"03/20/2017","13.350","13.350","13.350","13.350","-0.22%"
"03/17/2017","13.380","13.380","13.380","13.380","0.53%"
"03/16/2017","13.310","13.310","13.310","13.310","0.08%"
"03/15/2017","13.300","13.300","13.300","13.300","0.08%"
"03/14/2017","13.290","13.290","13.290","13.290","-0.37%"
"03/13/2017","13.340","13.340","13.340","13.340","0.68%"
"03/10/2017","13.250","13.250","13.250","13.250","0.00%"
"03/09/2017","13.250","13.250","13.250","13.250","0.38%"
"03/08/2017","13.200","13.200","13.200","13.200","0.24%"
"03/07/2017","13.169","13.169","13.169","13.169","0.22%"
"03/06/2017","13.140","13.140","13.140","13.140","-0.23%"
"03/03/2017","13.170","13.170","13.170","13.170","0.23%"
"03/02/2017","13.140","13.140","13.140","13.140","-1.08%"
"03/01/2017","13.283","13.283","13.283","13.283","1.27%"
"02/28/2017","13.117","13.117","13.117","13.117","1.49%"
"02/27/2017","12.925","12.925","12.925","12.925","2.34%"
"02/23/2017","12.629","12.629","12.629","12.629","0.00%"
"02/22/2017","12.629","12.629","12.629","12.629","-0.03%"
"02/21/2017","12.633","12.633","12.633","12.633","-0.07%"
"02/20/2017","12.642","12.642","12.642","12.642","-0.23%"
"02/17/2017","12.671","12.671","12.671","12.671","0.50%"
"02/16/2017","12.608","12.608","12.608","12.608","-0.58%"
"02/15/2017","12.681","12.681","12.681","12.681","-0.02%"
"02/14/2017","12.683","12.683","12.683","12.683","0.33%"
"02/13/2017","12.641","12.641","12.641","12.641","-0.22%"
"02/09/2017","12.669","12.669","12.669","12.669","-0.15%"
"02/08/2017","12.688","12.688","12.688","12.688","-0.72%"
"02/07/2017","12.780","12.780","12.780","12.780","0.26%"
"02/06/2017","12.747","12.747","12.747","12.747","-0.74%"
"02/03/2017","12.842","12.842","12.842","12.842","-0.45%"
"02/02/2017","12.900","12.900","12.900","12.900","0.78%"
"02/01/2017","12.800","12.800","12.800","12.800","0.56%"
"01/31/2017","12.729","12.729","12.729","12.729","0.23%"
"01/30/2017","12.700","12.700","12.700","12.700","0.13%"
"01/27/2017","12.683","12.683","12.683","12.683","0.03%"
"01/26/2017","12.679","12.679","12.679","12.679","0.86%"
"01/25/2017","12.571","12.571","12.571","12.571","0.23%"
"01/24/2017","12.542","12.542","12.542","12.542","0.02%"
"01/23/2017","12.540","12.540","12.540","12.540","-0.11%"
"01/20/2017","12.554","12.554","12.554","12.554","-0.21%"
"01/19/2017","12.581","12.581","12.581","12.581","-0.15%"
"01/18/2017","12.600","12.600","12.600","12.600","0.35%"
"01/17/2017","12.556","12.556","12.556","12.556","-0.06%"
"01/16/2017","12.564","12.564","12.564","12.564","0.06%"
"01/13/2017","12.557","12.557","12.557","12.557","0.51%"
"01/11/2017","12.493","12.493","12.493","12.493","0.75%"
"01/10/2017","12.400","12.400","12.400","12.400","-0.15%"
"01/09/2017","12.419","12.419","12.419","12.419","-0.08%"
"01/06/2017","12.429","12.429","12.429","12.429","0.12%"
"01/05/2017","12.414","12.414","12.414","12.414","0.11%"
"01/04/2017","12.400","12.400","12.400","12.400","-0.10%"
"01/03/2017","12.413","12.413","12.413","12.413","-0.63%"
"01/02/2017","12.492","12.492","12.492","12.492","0.34%"
"12/30/2016","12.450","12.450","12.450","12.450","0.00%"
"12/29/2016","12.450","12.450","12.450","12.450","-0.20%"
"12/28/2016","12.475","12.475","12.475","12.475","-0.20%"
"12/27/2016","12.500","12.500","12.500","12.500","-0.26%"
"12/23/2016","12.533","12.533","12.533","12.533","-0.67%"
"12/22/2016","12.617","12.617","12.617","12.617","-0.32%"
"12/21/2016","12.658","12.658","12.658","12.658","-0.49%"
"12/20/2016","12.720","12.720","12.720","12.720","0.16%"
"12/19/2016","12.700","12.700","12.700","12.700","0.24%"
"12/16/2016","12.669","12.669","12.669","12.669","-0.02%"
"12/15/2016","12.671","12.671","12.671","12.671","0.03%"
"12/14/2016","12.667","12.667","12.667","12.667","0.06%"
"12/09/2016","12.660","12.660","12.660","12.660","0.00%"
"12/08/2016","12.660","12.660","12.660","12.660","-0.47%"
"12/07/2016","12.720","12.720","12.720","12.720","-0.09%"
"12/06/2016","12.731","12.731","12.731","12.731","-0.10%"
"12/05/2016","12.744","12.744","12.744","12.744","0.18%"
"12/02/2016","12.721","12.721","12.721","12.721","-0.09%"
"12/01/2016","12.733","12.733","12.733","12.733","0.20%"
"11/30/2016","12.708","12.708","12.708","12.708","-0.27%"
"11/29/2016","12.743","12.743","12.743","12.743","0.29%"
"11/28/2016","12.706","12.706","12.706","12.706","0.40%"
"11/25/2016","12.656","12.656","12.656","12.656","-0.82%"
"11/24/2016","12.760","12.760","12.760","12.760","-0.37%"
"11/23/2016","12.807","12.807","12.807","12.807","-0.44%"
"11/22/2016","12.864","12.864","12.864","12.864","-1.43%"
"11/21/2016","13.050","13.050","13.050","13.050","0.38%"
"11/18/2016","13.000","13.000","13.000","13.000","0.97%"
"11/17/2016","12.875","12.875","12.875","12.875","1.38%"
"11/16/2016","12.700","12.700","12.700","12.700","3.61%"
"11/15/2016","12.257","12.257","12.257","12.257","0.47%"
"11/11/2016","12.200","12.200","12.200","12.200","0.06%"
"11/10/2016","12.193","12.193","12.193","12.193","0.42%"
"11/09/2016","12.142","12.142","12.142","12.142","1.01%"
"11/08/2016","12.020","12.020","12.020","12.020","0.17%"
"11/07/2016","12.000","12.000","12.000","12.000","0.00%"
"11/04/2016","12.000","12.000","12.000","12.000","0.28%"
"11/03/2016","11.967","11.967","11.967","11.967","-0.18%"
"11/02/2016","11.988","11.988","11.988","11.988","-0.10%"
"11/01/2016","12.000","12.000","12.000","12.000","0.00%"
"10/31/2016","12.000","12.000","12.000","12.000","0.00%"
"10/28/2016","12.000","12.000","12.000","12.000","0.00%"
"10/27/2016","12.000","12.000","12.000","12.000","0.00%"
"10/26/2016","12.000","12.000","12.000","12.000","0.10%"
"10/25/2016","11.988","11.988","11.988","11.988","0.08%"
"10/24/2016","11.978","11.978","11.978","11.978","-0.66%"
"10/21/2016","12.058","12.058","12.058","12.058","-0.62%"
"10/20/2016","12.133","12.133","12.133","12.133","-0.28%"
"10/19/2016","12.167","12.167","12.167","12.167","0.55%"
"10/18/2016","12.100","12.100","12.100","12.100","0.00%"
"10/17/2016","12.100","12.100","12.100","12.100","0.17%"
"10/14/2016","12.079","12.079","12.079","12.079","0.73%"
"10/13/2016","11.992","11.992","11.992","11.992","0.65%"
"10/12/2016","11.914","11.914","11.914","11.914","0.75%"
"10/11/2016","11.825","11.825","11.825","11.825","1.15%"
"10/10/2016","11.690","11.690","11.690","11.690","0.06%"
"10/07/2016","11.683","11.683","11.683","11.683","0.20%"
"10/06/2016","11.660","11.660","11.660","11.660","0.59%"
"10/05/2016","11.592","11.592","11.592","11.592","0.87%"
"10/04/2016","11.492","11.492","11.492","11.492","1.64%"
"10/03/2016","11.307","11.307","11.307","11.307","0.85%"
"09/30/2016","11.212","11.212","11.212","11.212","-1.55%"
"09/29/2016","11.388","11.388","11.388","11.388","0.00%"
"09/28/2016","11.388","11.388","11.388","11.388","-0.34%"
"09/27/2016","11.427","11.427","11.427","11.427","-0.44%"
"09/26/2016","11.477","11.477","11.477","11.477","-1.20%"
"09/23/2016","11.616","11.616","11.616","11.616","-1.03%"
"09/22/2016","11.737","11.737","11.737","11.737","-0.25%"
"09/21/2016","11.767","11.767","11.767","11.767","0.66%"
"09/20/2016","11.690","11.690","11.690","11.690","0.12%"
"09/19/2016","11.676","11.676","11.676","11.676","0.03%"
"09/15/2016","11.672","11.672","11.672","11.672","-0.24%"
"09/14/2016","11.700","11.700","11.700","11.700","0.14%"
"09/13/2016","11.684","11.684","11.684","11.684","0.29%"
"09/09/2016","11.650","11.650","11.650","11.650","0.00%"
"09/08/2016","11.650","11.650","11.650","11.650","0.59%"
"09/07/2016","11.582","11.582","11.582","11.582","-1.43%"
"09/06/2016","11.750","11.750","11.750","11.750","-2.35%"
"09/05/2016","12.033","12.033","12.033","12.033","-0.96%"
"09/02/2016","12.150","12.150","12.150","12.150","-0.82%"
"09/01/2016","12.250","12.250","12.250","12.250","-0.81%"
"08/31/2016","12.350","12.350","12.350","12.350","-0.15%"
"08/30/2016","12.368","12.368","12.368","12.368","0.01%"
"08/29/2016","12.367","12.367","12.367","12.367","0.02%"
"08/26/2016","12.365","12.365","12.365","12.365","-1.57%"
"08/25/2016","12.562","12.562","12.562","12.562","-0.38%"
"08/24/2016","12.610","12.610","12.610","12.610","-0.03%"
"08/23/2016","12.614","12.614","12.614","12.614","0.11%"
"08/22/2016","12.600","12.600","12.600","12.600","0.00%"
"08/19/2016","12.600","12.600","12.600","12.600","0.16%"
"08/18/2016","12.580","12.580","12.580","12.580","0.15%"
"08/16/2016","12.561","12.561","12.561","12.561","0.49%"
"08/15/2016","12.500","12.500","12.500","12.500","0.00%"
"08/12/2016","12.500","12.500","12.500","12.500","0.00%"
"08/11/2016","12.500","12.500","12.500","12.500","0.14%"
"08/10/2016","12.482","12.482","12.482","12.482","-0.06%"
"08/09/2016","12.489","12.489","12.489","12.489","-0.09%"
"08/08/2016","12.500","12.500","12.500","12.500","-0.89%"
"08/05/2016","12.612","12.612","12.612","12.612","-0.22%"
"08/04/2016","12.640","12.640","12.640","12.640","-0.08%"
"08/03/2016","12.650","12.650","12.650","12.650","0.00%"
"08/02/2016","12.650","12.650","12.650","12.650","0.20%"
"08/01/2016","12.625","12.625","12.625","12.625","0.29%"
"07/29/2016","12.588","12.588","12.588","12.588","0.44%"
"07/28/2016","12.533","12.533","12.533","12.533","-0.21%"
"07/27/2016","12.560","12.560","12.560","12.560","0.34%"
"07/26/2016","12.517","12.517","12.517","12.517","1.56%"
"07/25/2016","12.325","12.325","12.325","12.325","0.20%"
"07/22/2016","12.300","12.300","12.300","12.300","0.06%"
"07/21/2016","12.293","12.293","12.293","12.293","-0.06%"
"07/20/2016","12.300","12.300","12.300","12.300","0.20%"
"07/18/2016","12.275","12.275","12.275","12.275","0.29%"
"07/15/2016","12.240","12.240","12.240","12.240","0.05%"
"07/14/2016","12.234","12.234","12.234","12.234","-0.29%"
"07/13/2016","12.269","12.269","12.269","12.269","-0.25%"
"07/12/2016","12.300","12.300","12.300","12.300","-0.91%"
"07/11/2016","12.413","12.413","12.413","12.413","-0.76%"
"07/08/2016","12.508","12.508","12.508","12.508","-1.70%"
"07/07/2016","12.724","12.724","12.724","12.724","-0.92%"
"07/05/2016","12.842","12.842","12.842","12.842","0.22%"
"07/04/2016","12.814","12.814","12.814","12.814","1.73%"
"07/01/2016","12.596","12.596","12.596","12.596","-0.65%"
"06/30/2016","12.679","12.679","12.679","12.679","0.03%"
"06/29/2016","12.675","12.675","12.675","12.675","0.60%"
"06/28/2016","12.600","12.600","12.600","12.600","-1.09%"
"06/27/2016","12.739","12.739","12.739","12.739","-0.61%"
"06/24/2016","12.817","12.817","12.817","12.817","0.47%"
"06/23/2016","12.757","12.757","12.757","12.757","0.22%"
"06/22/2016","12.729","12.729","12.729","12.729","-0.55%"
"06/21/2016","12.800","12.800","12.800","12.800","0.47%"
"06/20/2016","12.740","12.740","12.740","12.740","1.14%"
"06/17/2016","12.596","12.596","12.596","12.596","0.04%"
"06/16/2016","12.591","12.591","12.591","12.591","0.26%"
"06/15/2016","12.558","12.558","12.558","12.558","0.22%"
"06/14/2016","12.530","12.530","12.530","12.530","0.10%"
"06/13/2016","12.517","12.517","12.517","12.517","0.81%"
"06/10/2016","12.416","12.416","12.416","12.416","-0.53%"
"06/09/2016","12.482","12.482","12.482","12.482","-0.09%"
"06/08/2016","12.493","12.493","12.493","12.493","-0.01%"
"06/07/2016","12.494","12.494","12.494","12.494","0.02%"
"06/06/2016","12.492","12.492","12.492","12.492","-0.20%"
"06/03/2016","12.517","12.517","12.517","12.517","-0.02%"
"06/02/2016","12.519","12.519","12.519","12.519","-0.64%"
"06/01/2016","12.600","12.600","12.600","12.600","-0.23%"
"05/31/2016","12.629","12.629","12.629","12.629","0.17%"
"05/30/2016","12.607","12.607","12.607","12.607","-0.14%"
"05/27/2016","12.625","12.625","12.625","12.625","-3.04%"
"05/26/2016","13.021","13.021","13.021","13.021","0.78%"
"05/25/2016","12.920","12.920","12.920","12.920","1.49%"
"05/24/2016","12.730","12.730","12.730","12.730","-0.16%"
"05/20/2016","12.750","12.750","12.750","12.750","1.59%"
"05/19/2016","12.550","12.550","12.550","12.550","0.00%"
"05/18/2016","12.550","12.550","12.550","12.550","0.29%"
"05/17/2016","12.514","12.514","12.514","12.514","1.88%"
"05/16/2016","12.283","12.283","12.283","12.283","0.80%"
"05/13/2016","12.186","12.186","12.186","12.186","-0.06%"
"05/12/2016","12.193","12.193","12.193","12.193","-0.26%"
"05/11/2016","12.225","12.225","12.225","12.225","1.39%"
"05/10/2016","12.057","12.057","12.057","12.057","0.42%"
"05/09/2016","12.007","12.007","12.007","12.007","0.58%"
"05/06/2016","11.938","11.938","11.938","11.938","0.40%"
"05/05/2016","11.890","11.890","11.890","11.890","-0.97%"
"05/04/2016","12.006","12.006","12.006","12.006","-0.03%"
"05/03/2016","12.010","12.010","12.010","12.010","-1.75%"
"04/29/2016","12.224","12.224","12.224","12.224","-0.80%"
"04/28/2016","12.322","12.322","12.322","12.322","0.15%"
"04/27/2016","12.304","12.304","12.304","12.304","0.05%"
"04/26/2016","12.298","12.298","12.298","12.298","0.47%"
"04/25/2016","12.241","12.241","12.241","12.241","-0.45%"
"04/22/2016","12.296","12.296","12.296","12.296","0.18%"
"04/20/2016","12.274","12.274","12.274","12.274","0.20%"
"04/19/2016","12.249","12.249","12.249","12.249","-0.72%"
"04/18/2016","12.338","12.338","12.338","12.338","-0.20%"
"04/15/2016","12.363","12.363","12.363","12.363","-0.03%"
"04/12/2016","12.367","12.367","12.367","12.367","-0.11%"
"04/11/2016","12.380","12.380","12.380","12.380","0.14%"
"04/08/2016","12.363","12.363","12.363","12.363","0.59%"
"04/07/2016","12.290","12.290","12.290","12.290","-2.61%"
"04/06/2016","12.620","12.620","12.620","12.620","1.37%"
"04/05/2016","12.450","12.450","12.450","12.450","-2.64%"
"04/04/2016","12.788","12.788","12.788","12.788","-4.57%"
"04/01/2016","13.400","13.400","13.400","13.400","1.44%"
"03/31/2016","13.210","13.210","13.210","13.210","-2.33%"
"03/30/2016","13.525","13.525","13.525","13.525","5.52%"
"03/29/2016","12.817","12.817","12.817","12.817","-2.09%"
"03/28/2016","13.090","13.090","13.090","13.090","3.40%"
"03/24/2016","12.660","12.660","12.660","12.660","0.57%"
"03/23/2016","12.588","12.588","12.588","12.588","1.52%"
"03/21/2016","12.400","12.400","12.400","12.400","0.20%"
"03/18/2016","12.375","12.375","12.375","12.375","0.41%"
"03/17/2016","12.325","12.325","12.325","12.325","0.42%"
"03/16/2016","12.273","12.273","12.273","12.273","-0.32%"
"03/15/2016","12.313","12.313","12.313","12.313","0.11%"
"03/14/2016","12.300","12.300","12.300","12.300","0.16%"
"03/11/2016","12.280","12.280","12.280","12.280","0.24%"
"03/10/2016","12.250","12.250","12.250","12.250","0.00%"
"03/09/2016","12.250","12.250","12.250","12.250","0.51%"
"03/08/2016","12.188","12.188","12.188","12.188","-0.02%"
"03/04/2016","12.190","12.190","12.190","12.190","-0.08%"
"03/03/2016","12.200","12.200","12.200","12.200","1.35%"
"03/02/2016","12.038","12.038","12.038","12.038","-0.86%"
"03/01/2016","12.142","12.142","12.142","12.142","0.35%"
"02/29/2016","12.100","12.100","12.100","12.100","1.42%"
"02/26/2016","11.930","11.930","11.930","11.930","0.68%"
"02/25/2016","11.850","11.850","11.850","11.850","1.28%"
"02/24/2016","11.700","11.700","11.700","11.700","-0.34%"
"02/23/2016","11.740","11.740","11.740","11.740","3.66%"
"02/19/2016","11.325","11.325","11.325","11.325","-0.16%"
"02/18/2016","11.343","11.343","11.343","11.343","1.10%"
"02/17/2016","11.220","11.220","11.220","11.220","0.09%"
"02/16/2016","11.210","11.210","11.210","11.210","0.87%"
"02/15/2016","11.113","11.113","11.113","11.113","0.23%"
"02/12/2016","11.088","11.088","11.088","11.088","0.07%"
"02/11/2016","11.080","11.080","11.080","11.080","-0.36%"
"02/10/2016","11.120","11.120","11.120","11.120","-0.09%"
"02/09/2016","11.130","11.130","11.130","11.130","-0.13%"
"02/08/2016","11.144","11.144","11.144","11.144","0.17%"
"02/05/2016","11.125","11.125","11.125","11.125","-0.31%"
"02/03/2016","11.160","11.160","11.160","11.160","0.20%"
"02/02/2016","11.138","11.138","11.138","11.138","0.16%"
"02/01/2016","11.120","11.120","11.120","11.120","0.93%"
"01/29/2016","11.017","11.017","11.017","11.017","-0.75%"
"01/28/2016","11.100","11.100","11.100","11.100","3.98%"
"01/27/2016","10.675","10.675","10.675","10.675","-0.70%"
"01/26/2016","10.750","10.750","10.750","10.750","0.31%"
"01/25/2016","10.717","10.717","10.717","10.717","0.84%"
"01/22/2016","10.628","10.628","10.628","10.628","-0.67%"
"01/21/2016","10.700","10.700","10.700","10.700","2.08%"
"01/20/2016","10.482","10.482","10.482","10.482","-0.17%"
"01/19/2016","10.500","10.500","10.500","10.500","-1.71%"
"01/18/2016","10.683","10.683","10.683","10.683","-1.63%"
"01/14/2016","10.860","10.860","10.860","10.860","1.48%"
"01/13/2016","10.702","10.702","10.702","10.702","-0.95%"
"01/12/2016","10.805","10.805","10.805","10.805","-0.34%"
"01/11/2016","10.842","10.842","10.842","10.842","-1.06%"
"01/08/2016","10.958","10.958","10.958","10.958","0.72%"
"01/07/2016","10.880","10.880","10.880","10.880","-0.71%"
"01/06/2016","10.958","10.958","10.958","10.958","0.26%"
"01/05/2016","10.930","10.930","10.930","10.930","-1.01%"
"01/04/2016","11.042","11.042","11.042","11.042","-0.14%"
"01/01/2016","11.058","11.058","11.058","11.058","-0.32%"
"12/31/2015","11.093","11.093","11.093","11.093","0.77%"
"12/30/2015","11.008","11.008","11.008","11.008","1.93%"
"12/29/2015","10.800","10.800","10.800","10.800","0.33%"
"12/28/2015","10.764","10.764","10.764","10.764","0.33%"
"12/23/2015","10.729","10.729","10.729","10.729","0.04%"
"12/22/2015","10.725","10.725","10.725","10.725","0.23%"
"12/21/2015","10.700","10.700","10.700","10.700","1.02%"
"12/18/2015","10.592","10.592","10.592","10.592","0.80%"
"12/17/2015","10.508","10.508","10.508","10.508","0.65%"
"12/16/2015","10.440","10.440","10.440","10.440","4.18%"
"12/15/2015","10.021","10.021","10.021","10.021","1.40%"
"12/14/2015","9.883","9.883","9.883","9.883","3.13%"
"12/11/2015","9.583","9.583","9.583","9.583","1.17%"
"12/10/2015","9.472","9.472","9.472","9.472","0.10%"
"12/09/2015","9.463","9.463","9.463","9.463","-0.31%"
"12/08/2015","9.492","9.492","9.492","9.492","0.14%"
"12/07/2015","9.479","9.479","9.479","9.479","0.52%"
"12/04/2015","9.430","9.430","9.430","9.430","-0.03%"
"12/03/2015","9.433","9.433","9.433","9.433","-0.33%"
"12/02/2015","9.464","9.464","9.464","9.464","-0.48%"
"12/01/2015","9.510","9.510","9.510","9.510","-2.26%"
"11/30/2015","9.730","9.730","9.730","9.730","0.38%"
"11/27/2015","9.693","9.693","9.693","9.693","1.27%"
"11/26/2015","9.571","9.571","9.571","9.571","0.66%"
"11/24/2015","9.508","9.508","9.508","9.508","-0.24%"
"11/23/2015","9.531","9.531","9.531","9.531","0.51%"
"11/20/2015","9.483","9.483","9.483","9.483","0.08%"
"11/19/2015","9.475","9.475","9.475","9.475","0.87%"
"11/18/2015","9.393","9.393","9.393","9.393","0.35%"
"11/17/2015","9.360","9.360","9.360","9.360","-0.21%"
"11/16/2015","9.380","9.380","9.380","9.380","0.98%"
"11/13/2015","9.289","9.289","9.289","9.289","0.97%"
"11/12/2015","9.200","9.200","9.200","9.200","0.89%"
"11/11/2015","9.119","9.119","9.119","9.119","-0.34%"
"11/09/2015","9.150","9.150","9.150","9.150","0.63%"
"11/06/2015","9.093","9.093","9.093","9.093","0.01%"
"11/05/2015","9.092","9.092","9.092","9.092","0.02%"
"11/04/2015","9.090","9.090","9.090","9.090","-0.08%"
"11/03/2015","9.097","9.097","9.097","9.097","-4.24%"
"11/02/2015","9.500","9.500","9.500","9.500","-1.19%"
"10/30/2015","9.614","9.614","9.614","9.614","0.38%"
"10/29/2015","9.578","9.578","9.578","9.578","1.09%"
"10/28/2015","9.475","9.475","9.475","9.475","-4.13%"
"10/26/2015","9.883","9.883","9.883","9.883","-0.28%"
"10/23/2015","9.911","9.911","9.911","9.911","0.11%"
"10/22/2015","9.900","9.900","9.900","9.900","0.14%"
"10/21/2015","9.886","9.886","9.886","9.886","-0.28%"
"10/20/2015","9.914","9.914","9.914","9.914","-0.07%"
"10/19/2015","9.921","9.921","9.921","9.921","1.83%"
"10/16/2015","9.743","9.743","9.743","9.743","0.36%"
"10/15/2015","9.708","9.708","9.708","9.708","-3.40%"
"10/14/2015","10.050","10.050","10.050","10.050","-3.72%"
"10/13/2015","10.438","10.438","10.438","10.438","0.00%"
"10/12/2015","10.438","10.438","10.438","10.438","-0.39%"
"10/09/2015","10.479","10.479","10.479","10.479","-0.04%"
"10/08/2015","10.483","10.483","10.483","10.483","-0.16%"
"10/07/2015","10.500","10.500","10.500","10.500","0.20%"
"10/06/2015","10.479","10.479","10.479","10.479","-0.26%"
"10/05/2015","10.506","10.506","10.506","10.506","0.19%"
"10/02/2015","10.486","10.486","10.486","10.486","-0.26%"
"10/01/2015","10.513","10.513","10.513","10.513","-0.35%"
"09/30/2015","10.550","10.550","10.550","10.550","0.08%"
"09/29/2015","10.542","10.542","10.542","10.542","0.58%"
"09/28/2015","10.481","10.481","10.481","10.481","0.30%"
"09/25/2015","10.450","10.450","10.450","10.450","0.00%"
"09/23/2015","10.450","10.450","10.450","10.450","0.00%"
"09/22/2015","10.450","10.450","10.450","10.450","0.06%"
"09/21/2015","10.444","10.444","10.444","10.444","0.26%"
"09/18/2015","10.417","10.417","10.417","10.417","0.40%"
"09/17/2015","10.375","10.375","10.375","10.375","0.73%"
"09/16/2015","10.300","10.300","10.300","10.300","-0.16%"
"09/15/2015","10.317","10.317","10.317","10.317","0.17%"
"09/14/2015","10.300","10.300","10.300","10.300","0.56%"
"09/11/2015","10.243","10.243","10.243","10.243","-0.50%"
"09/10/2015","10.294","10.294","10.294","10.294","-0.70%"
"09/09/2015","10.367","10.367","10.367","10.367","0.09%"
"09/08/2015","10.358","10.358","10.358","10.358","-0.40%"
"09/07/2015","10.400","10.400","10.400","10.400","-1.37%"
"09/04/2015","10.544","10.544","10.544","10.544","1.67%"
"09/03/2015","10.371","10.371","10.371","10.371","-0.56%"
"09/02/2015","10.429","10.429","10.429","10.429","1.33%"
"09/01/2015","10.292","10.292","10.292","10.292","0.41%"
"08/31/2015","10.250","10.250","10.250","10.250","1.91%"
"08/28/2015","10.058","10.058","10.058","10.058","0.08%"
"08/27/2015","10.050","10.050","10.050","10.050","2.14%"
"08/26/2015","9.839","9.839","9.839","9.839","-0.40%"
"08/25/2015","9.879","9.879","9.879","9.879","1.71%"
"08/24/2015","9.713","9.713","9.713","9.713","0.12%"
"08/21/2015","9.701","9.701","9.701","9.701","0.97%"
"08/20/2015","9.608","9.608","9.608","9.608","0.16%"
"08/19/2015","9.593","9.593","9.593","9.593","-0.42%"
"08/18/2015","9.633","9.633","9.633","9.633","-0.04%"
"08/17/2015","9.637","9.637","9.637","9.637","-0.09%"
"08/14/2015","9.646","9.646","9.646","9.646","0.07%"
"08/13/2015","9.639","9.639","9.639","9.639","0.16%"
"08/12/2015","9.624","9.624","9.624","9.624","-0.05%"
"08/11/2015","9.629","9.629","9.629","9.629","0.38%"
"08/10/2015","9.593","9.593","9.593","9.593","0.30%"
"08/07/2015","9.564","9.564","9.564","9.564","0.15%"
"08/06/2015","9.550","9.550","9.550","9.550","-0.22%"
"08/05/2015","9.571","9.571","9.571","9.571","-0.04%"
"08/04/2015","9.575","9.575","9.575","9.575","0.21%"
"08/03/2015","9.555","9.555","9.555","9.555","0.23%"
"07/30/2015","9.533","9.533","9.533","9.533","0.13%"
"07/29/2015","9.521","9.521","9.521","9.521","0.15%"
"07/28/2015","9.507","9.507","9.507","9.507","-0.35%"
"07/27/2015","9.540","9.540","9.540","9.540","0.51%"
"07/24/2015","9.492","9.492","9.492","9.492","0.09%"
"07/23/2015","9.483","9.483","9.483","9.483","0.88%"
"07/22/2015","9.400","9.400","9.400","9.400","-0.60%"
"07/21/2015","9.457","9.457","9.457","9.457","-0.53%"
"07/20/2015","9.507","9.507","9.507","9.507","0.00%"
"07/17/2015","9.507","9.507","9.507","9.507","-2.78%"
"07/16/2015","9.779","9.779","9.779","9.779","-0.36%"
"07/15/2015","9.814","9.814","9.814","9.814","0.22%"
"07/14/2015","9.792","9.792","9.792","9.792","2.80%"
"07/13/2015","9.525","9.525","9.525","9.525","0.71%"
"07/10/2015","9.458","9.458","9.458","9.458","1.00%"
"07/09/2015","9.364","9.364","9.364","9.364","1.52%"
"07/08/2015","9.224","9.224","9.224","9.224","0.00%"
"07/07/2015","9.224","9.224","9.224","9.224","0.08%"
"07/06/2015","9.217","9.217","9.217","9.217","-0.12%"
"07/03/2015","9.228","9.228","9.228","9.228","-0.10%"
"07/02/2015","9.237","9.237","9.237","9.237","0.01%"
"06/30/2015","9.236","9.236","9.236","9.236","-0.38%"
"06/29/2015","9.271","9.271","9.271","9.271","0.15%"
"06/26/2015","9.257","9.257","9.257","9.257","-0.81%"
"06/25/2015","9.333","9.333","9.333","9.333","-2.35%"
"06/24/2015","9.558","9.558","9.558","9.558","-1.16%"
"06/23/2015","9.670","9.670","9.670","9.670","1.34%"
"06/22/2015","9.542","9.542","9.542","9.542","5.22%"
"06/19/2015","9.069","9.069","9.069","9.069","0.09%"
"06/18/2015","9.061","9.061","9.061","9.061","0.04%"
"06/17/2015","9.057","9.057","9.057","9.057","1.08%"
"06/16/2015","8.960","8.960","8.960","8.960","0.15%"
"06/15/2015","8.947","8.947","8.947","8.947","-0.07%"
"06/12/2015","8.953","8.953","8.953","8.953","0.00%"
"06/11/2015","8.953","8.953","8.953","8.953","-0.13%"
"06/10/2015","8.965","8.965","8.965","8.965","-0.04%"
"06/09/2015","8.969","8.969","8.969","8.969","0.21%"
"06/08/2015","8.950","8.950","8.950","8.950","0.00%"
"06/05/2015","8.950","8.950","8.950","8.950","0.00%"
"06/04/2015","8.950","8.950","8.950","8.950","-0.18%"
"06/03/2015","8.966","8.966","8.966","8.966","-0.22%"
"06/01/2015","8.986","8.986","8.986","8.986","-0.38%"
"05/29/2015","9.020","9.020","9.020","9.020","-0.02%"
"05/28/2015","9.022","9.022","9.022","9.022","0.10%"
"05/27/2015","9.013","9.013","9.013","9.013","-0.08%"
"05/26/2015","9.020","9.020","9.020","9.020","-0.69%"
"05/25/2015","9.083","9.083","9.083","9.083","0.52%"
"05/22/2015","9.036","9.036","9.036","9.036","0.27%"
"05/21/2015","9.012","9.012","9.012","9.012","-0.28%"
"05/20/2015","9.037","9.037","9.037","9.037","-0.24%"
"05/19/2015","9.059","9.059","9.059","9.059","0.40%"
"05/18/2015","9.023","9.023","9.023","9.023","0.02%"
"05/15/2015","9.021","9.021","9.021","9.021","-0.04%"
"05/14/2015","9.025","9.025","9.025","9.025","-0.27%"
"05/13/2015","9.049","9.049","9.049","9.049","-0.11%"
"05/12/2015","9.059","9.059","9.059","9.059","-0.21%"
"05/11/2015","9.078","9.078","9.078","9.078","-0.56%"
"05/08/2015","9.129","9.129","9.129","9.129","0.04%"
"05/07/2015","9.125","9.125","9.125","9.125","0.27%"
"05/06/2015","9.100","9.100","9.100","9.100","0.44%"
"05/05/2015","9.060","9.060","9.060","9.060","0.10%"
"04/30/2015","9.051","9.051","9.051","9.051","0.20%"
"04/29/2015","9.033","9.033","9.033","9.033","-0.56%"
"04/28/2015","9.084","9.084","9.084","9.084","-0.47%"
"04/27/2015","9.127","9.127","9.127","9.127","-1.33%"
"04/24/2015","9.250","9.250","9.250","9.250","0.00%"
"04/23/2015","9.250","9.250","9.250","9.250","0.00%"
"04/22/2015","9.250","9.250","9.250","9.250","-3.34%"
"04/21/2015","9.570","9.570","9.570","9.570","-1.51%"
"04/20/2015","9.717","9.717","9.717","9.717","-1.78%"
"04/17/2015","9.893","9.893","9.893","9.893","0.22%"
"04/16/2015","9.871","9.871","9.871","9.871","-1.61%"
"04/15/2015","10.033","10.033","10.033","10.033","-1.88%"
"04/10/2015","10.225","10.225","10.225","10.225","0.57%"
"04/09/2015","10.167","10.167","10.167","10.167","0.03%"
"04/08/2015","10.164","10.164","10.164","10.164","-0.03%"
"04/07/2015","10.167","10.167","10.167","10.167","0.17%"
"04/06/2015","10.150","10.150","10.150","10.150","0.10%"
"04/02/2015","10.140","10.140","10.140","10.140","0.83%"
"04/01/2015","10.057","10.057","10.057","10.057","0.00%"
"03/31/2015","10.057","10.057","10.057","10.057","-0.26%"
"03/30/2015","10.083","10.083","10.083","10.083","0.25%"
"03/27/2015","10.058","10.058","10.058","10.058","-0.09%"
"03/26/2015","10.067","10.067","10.067","10.067","0.17%"
"03/25/2015","10.050","10.050","10.050","10.050","-0.74%"
"03/24/2015","10.125","10.125","10.125","10.125","0.67%"
"03/23/2015","10.058","10.058","10.058","10.058","-1.11%"
"03/20/2015","10.171","10.171","10.171","10.171","0.31%"
"03/19/2015","10.140","10.140","10.140","10.140","-0.59%"
"03/18/2015","10.200","10.200","10.200","10.200","0.39%"
"03/17/2015","10.160","10.160","10.160","10.160","0.04%"
"03/16/2015","10.156","10.156","10.156","10.156","0.80%"
"03/13/2015","10.075","10.075","10.075","10.075","-1.06%"
"03/12/2015","10.183","10.183","10.183","10.183","-0.17%"
"03/11/2015","10.200","10.200","10.200","10.200","14.76%"
"03/10/2015","8.888","8.888","8.888","8.888","-0.62%"
"03/09/2015","8.943","8.943","8.943","8.943","0.48%"
"03/06/2015","8.900","8.900","8.900","8.900","-0.37%"
"03/04/2015","8.933","8.933","8.933","8.933","2.09%"
"03/03/2015","8.750","8.750","8.750","8.750","-7.89%"
"03/02/2015","9.500","9.500","9.500","9.500","9.57%"
"02/27/2015","8.670","8.670","8.670","8.670","2.60%"
"02/26/2015","8.450","8.450","8.450","8.450","-0.59%"
"02/25/2015","8.500","8.500","8.500","8.500","1.64%"
"02/24/2015","8.363","8.363","8.363","8.363","-0.14%"
"02/23/2015","8.375","8.375","8.375","8.375","0.18%"
"02/20/2015","8.360","8.360","8.360","8.360","-0.12%"
"02/19/2015","8.370","8.370","8.370","8.370","0.04%"
"02/18/2015","8.367","8.367","8.367","8.367","0.20%"
"02/16/2015","8.350","8.350","8.350","8.350","0.20%"
"02/13/2015","8.333","8.333","8.333","8.333","-1.19%"
"02/12/2015","8.433","8.433","8.433","8.433","1.60%"
"02/11/2015","8.300","8.300","8.300","8.300","1.60%"
"02/10/2015","8.169","8.169","8.169","8.169","0.00%"
"02/09/2015","8.169","8.169","8.169","8.169","0.23%"
"02/06/2015","8.150","8.150","8.150","8.150","0.27%"
"02/05/2015","8.128","8.128","8.128","8.128","0.48%"
"02/02/2015","8.089","8.089","8.089","8.089","0.01%"
"01/30/2015","8.088","8.088","8.088","8.088","0.16%"
"01/29/2015","8.075","8.075","8.075","8.075","0.05%"
"01/28/2015","8.071","8.071","8.071","8.071","-0.21%"
"01/27/2015","8.088","8.088","8.088","8.088","-0.07%"
"01/26/2015","8.094","8.094","8.094","8.094","-0.07%"
"01/23/2015","8.100","8.100","8.100","8.100","-0.16%"
"01/22/2015","8.113","8.113","8.113","8.113","-0.83%"
"01/21/2015","8.181","8.181","8.181","8.181","0.84%"
"01/20/2015","8.113","8.113","8.113","8.113","-0.89%"
"01/19/2015","8.186","8.186","8.186","8.186","0.00%"
"01/16/2015","8.186","8.186","8.186","8.186","-1.37%"
"01/13/2015","8.300","8.300","8.300","8.300","-6.69%"
"01/12/2015","8.895","8.895","8.895","8.895","7.82%"
"01/09/2015","8.250","8.250","8.250","8.250","3.02%"
"01/08/2015","8.008","8.008","8.008","8.008","-0.52%"
"01/07/2015","8.050","8.050","8.050","8.050","0.83%"
"01/06/2015","7.984","7.984","7.984","7.984","1.14%"
"01/02/2015","7.894","7.894","7.894","7.894","-0.49%"
"12/31/2014","7.933","7.933","7.933","7.933","-0.29%"
"12/30/2014","7.956","7.956","7.956","7.956","-0.76%"
"12/29/2014","8.017","8.017","8.017","8.017","-0.48%"
"12/26/2014","8.056","8.056","8.056","8.056","0.07%"
"12/24/2014","8.050","8.050","8.050","8.050","0.00%"
"12/23/2014","8.050","8.050","8.050","8.050","0.00%"
"12/22/2014","8.050","8.050","8.050","8.050","-0.75%"
"12/19/2014","8.111","8.111","8.111","8.111","0.21%"
"12/18/2014","8.094","8.094","8.094","8.094","-1.29%"
"12/17/2014","8.200","8.200","8.200","8.200","0.10%"
"12/16/2014","8.192","8.192","8.192","8.192","-0.47%"
"12/15/2014","8.231","8.231","8.231","8.231","-0.91%"
"12/12/2014","8.307","8.307","8.307","8.307","-0.26%"
"12/11/2014","8.329","8.329","8.329","8.329","-0.11%"
"12/10/2014","8.338","8.338","8.338","8.338","0.16%"
"12/09/2014","8.325","8.325","8.325","8.325","-0.07%"
"12/08/2014","8.331","8.331","8.331","8.331","0.62%"
"12/05/2014","8.280","8.280","8.280","8.280","-0.70%"
"12/04/2014","8.338","8.338","8.338","8.338","0.46%"
"12/03/2014","8.300","8.300","8.300","8.300","-0.16%"
"12/02/2014","8.313","8.313","8.313","8.313","0.41%"
"12/01/2014","8.279","8.279","8.279","8.279","0.87%"
"11/28/2014","8.208","8.208","8.208","8.208","-0.16%"
"11/27/2014","8.221","8.221","8.221","8.221","-0.05%"
"11/26/2014","8.225","8.225","8.225","8.225","-0.98%"
"11/25/2014","8.306","8.306","8.306","8.306","0.48%"
"11/24/2014","8.266","8.266","8.266","8.266","1.74%"
"11/21/2014","8.125","8.125","8.125","8.125","0.84%"
"11/20/2014","8.057","8.057","8.057","8.057","0.40%"
"11/19/2014","8.025","8.025","8.025","8.025","0.21%"
"11/18/2014","8.008","8.008","8.008","8.008","1.05%"
"11/17/2014","7.925","7.925","7.925","7.925","0.38%"
"11/14/2014","7.895","7.895","7.895","7.895","0.61%"
"11/13/2014","7.847","7.847","7.847","7.847","0.14%"
"11/12/2014","7.836","7.836","7.836","7.836","0.06%"
"11/11/2014","7.831","7.831","7.831","7.831","0.44%"
"11/10/2014","7.797","7.797","7.797","7.797","-1.22%"
"11/07/2014","7.893","7.893","7.893","7.893","-0.33%"
"11/05/2014","7.919","7.919","7.919","7.919","0.08%"
"11/04/2014","7.913","7.913","7.913","7.913","-1.01%"
"11/03/2014","7.994","7.994","7.994","7.994","-0.93%"
"10/31/2014","8.069","8.069","8.069","8.069","-2.09%"
"10/30/2014","8.241","8.241","8.241","8.241","0.19%"
"10/29/2014","8.225","8.225","8.225","8.225","-0.30%"
"10/28/2014","8.250","8.250","8.250","8.250","-0.76%"
"10/27/2014","8.313","8.313","8.313","8.313","0.97%"
"10/24/2014","8.233","8.233","8.233","8.233","0.65%"
"10/23/2014","8.180","8.180","8.180","8.180","-0.46%"
"10/21/2014","8.218","8.218","8.218","8.218","-3.96%"
"10/20/2014","8.557","8.557","8.557","8.557","-0.79%"
"10/17/2014","8.625","8.625","8.625","8.625","2.68%"
"10/16/2014","8.400","8.400","8.400","8.400","2.89%"
"10/15/2014","8.164","8.164","8.164","8.164","2.16%"
"10/14/2014","7.991","7.991","7.991","7.991","2.08%"
"10/13/2014","7.828","7.828","7.828","7.828","-0.01%"
"10/10/2014","7.829","7.829","7.829","7.829","1.28%"
"10/09/2014","7.730","7.730","7.730","7.730","0.26%"
"10/07/2014","7.710","7.710","7.710","7.710","0.38%"
"10/03/2014","7.681","7.681","7.681","7.681","1.13%"
"10/02/2014","7.595","7.595","7.595","7.595","0.81%"
"10/01/2014","7.534","7.534","7.534","7.534","0.31%"
"09/30/2014","7.511","7.511","7.511","7.511","-1.44%"
"09/29/2014","7.621","7.621","7.621","7.621","0.21%"
"09/26/2014","7.605","7.605","7.605","7.605","-0.07%"
"09/25/2014","7.610","7.610","7.610","7.610","-0.26%"
"09/24/2014","7.630","7.630","7.630","7.630","-4.99%"
"09/23/2014","8.031","8.031","8.031","8.031","-1.05%"
"09/22/2014","8.116","8.116","8.116","8.116","-0.67%"
"09/19/2014","8.171","8.171","8.171","8.171","-0.35%"
"09/18/2014","8.200","8.200","8.200","8.200","-0.30%"
"09/17/2014","8.225","8.225","8.225","8.225","-1.05%"
"09/16/2014","8.312","8.312","8.312","8.312","-0.04%"
"09/15/2014","8.315","8.315","8.315","8.315","0.20%"
"09/12/2014","8.298","8.298","8.298","8.298","0.11%"
"09/11/2014","8.289","8.289","8.289","8.289","0.07%"
"09/10/2014","8.283","8.283","8.283","8.283","0.33%"
"09/09/2014","8.256","8.256","8.256","8.256","0.00%"
"09/05/2014","8.256","8.256","8.256","8.256","0.06%"
"09/04/2014","8.251","8.251","8.251","8.251","-0.07%"
"09/03/2014","8.257","8.257","8.257","8.257","-1.11%"
"09/02/2014","8.350","8.350","8.350","8.350","-1.10%"