Date,Open,High (Rs.),Low (Rs.),Close (Rs.),Trade Volume,Share Volume,Turnover (Rs.)
8 MAY 2026,58.4,60.3,58,60,411,780663,46312135.4
7 MAY 2026,58.3,58.4,58,58.3,183,318491,18566340.2
6 MAY 2026,57.5,58.4,57.5,57.9,141,187466,10877434.7
5 MAY 2026,57.7,58,57.4,57.6,129,150428,8646155
4 MAY 2026,57.8,58.2,57.5,58,153,87043,5043645.6
30 APR 2026,58.1,58.3,57.6,58,239,908159,52631651.8
29 APR 2026,57.7,58.5,57.5,58.4,153,174524,10164328.6
28 APR 2026,57.9,57.9,57.4,57.5,176,238181,13704194.6
27 APR 2026,57.5,57.9,57,57.6,237,1287324,73487775.5
24 APR 2026,55,57.7,55,57,179,359068,20258411.4
23 APR 2026,54.9,55.5,54.7,55.5,121,212594,11691167.9
22 APR 2026,56,56,54.9,55,165,242952,13368454.9
21 APR 2026,54.9,56.4,54.8,55,158,441531,24310176.6
20 APR 2026,56.3,56.3,54.8,55,252,258555,14358458.3
17 APR 2026,56.4,56.7,56,56.3,202,208732,11747430.5
16 APR 2026,56.2,56.6,56,56.4,176,148979,8381384.8
15 APR 2026,55,56.6,55,55.9,160,76226,4238920.7
10 APR 2026,52.9,56.5,52.9,55.9,284,449422,24583119.9
9 APR 2026,53,53,51.8,52.5,123,186351,9720076.6
8 APR 2026,50.9,52.9,50.8,52.5,326,764135,39405536.2
7 APR 2026,49.9,50.9,49.8,50,103,115072,5771551.5
6 APR 2026,50,51.5,49.3,49.6,320,316219,15693061.2
2 APR 2026,51.9,51.9,49.9,50,196,267108,13450289.9
31 MAR 2026,49.9,49.9,49.2,49.4,223,145413,7191117.9
30 MAR 2026,51.3,51.3,49.8,49.9,237,135389,6795454.8
27 MAR 2026,51.2,51.5,50.6,50.9,120,98371,5007243.7
26 MAR 2026,51,52,50.1,51.1,185,209551,10632479.2
25 MAR 2026,51.8,52.5,51.3,51.4,285,554884,28833099.7
24 MAR 2026,51,52.9,49.6,49.9,351,475760,23775460.4
23 MAR 2026,49.3,50,48.9,49.5,189,130647,6465235.5
20 MAR 2026,49.4,51.1,49.3,49.7,188,205042,10200608.9
19 MAR 2026,49.8,50.5,49,49.2,234,198108,9768650
18 MAR 2026,50.2,50.5,49.3,50,287,810558,40513769.3
17 MAR 2026,51,51.7,49.5,49.8,400,345496,17409408.6
16 MAR 2026,52.5,52.5,50,51.9,333,237847,12132032.9
13 MAR 2026,53.9,53.9,52,52.9,304,323094,16884504.9
12 MAR 2026,54.8,54.8,53,53.9,353,544122,28964602.1
11 MAR 2026,55,56,54.8,54.9,121,124349,6840836.1
10 MAR 2026,53.9,56,53.9,54.9,152,191426,10535727.3
9 MAR 2026,55.8,55.8,53.1,54,314,393014,21249555.1
6 MAR 2026,56.5,56.5,54.9,55.1,271,520879,28753132.1
5 MAR 2026,55.9,56,55.6,55.7,270,205061,11423316.1
4 MAR 2026,55,56,54.9,55.7,252,160720,8898110.5
3 MAR 2026,55.5,56.4,54,55.1,638,588491,32652578.1
27 FEB 2026,57.7,58,57.1,57.7,180,123782,7128563.9
26 FEB 2026,58,58,57.1,57.4,369,221908,12726941.5
25 FEB 2026,58.1,58.5,57.4,57.8,281,316730,18327901.9
24 FEB 2026,58,58.5,57.5,58,207,320798,18575239.6
23 FEB 2026,59,59.9,57.8,57.9,228,193771,11330207.4
20 FEB 2026,58.5,58.9,57.1,58.2,229,253771,14613669.7
19 FEB 2026,59.8,59.8,57.4,57.5,516,3351289,192066506.8
18 FEB 2026,59.7,59.8,57.7,58.1,402,1419207,82450813.6
17 FEB 2026,59,60,58.6,58.7,223,200490,11810851.6
16 FEB 2026,59.1,59.4,58.4,58.6,302,495607,29074024
13 FEB 2026,59,59,58.5,59,174,113671,6701685.9
12 FEB 2026,58.9,59,58.4,58.8,204,102416,6001639
11 FEB 2026,59.1,59.5,58.8,58.8,259,210295,12406636.7
10 FEB 2026,60,60.4,58.9,59,215,302673,17993085.9
9 FEB 2026,60,60.4,59,59.1,312,171778,10205933.4
6 FEB 2026,60,60.4,59.9,60,153,110915,6657546.4
5 FEB 2026,60.4,60.4,59.8,60.1,176,99651,5989789.2
3 FEB 2026,60,61.4,58.8,59.6,238,526724,31425427.1
2 FEB 2026,60,61.5,59.7,60,228,349067,20941894.6
30 JAN 2026,61.9,62.3,59.8,60.1,477,427002,25716095.3
29 JAN 2026,62.8,63,61.8,61.9,157,392301,24380585.4
28 JAN 2026,62.5,64,62,62.2,213,2170725,136288232.5
27 JAN 2026,62.2,62.8,62,62.3,121,159637,9943413.9
26 JAN 2026,63,63.5,61.9,62.3,277,514958,32005028.9
23 JAN 2026,62.7,64,62.5,63.7,174,1229646,77879712.4
22 JAN 2026,64.5,64.5,62.9,63.1,285,1579992,100861820.4
21 JAN 2026,62,65.6,62,64.5,459,1691255,108873049.2
20 JAN 2026,62.1,62.2,61.1,61.8,188,478055,29419789.1
19 JAN 2026,62.4,62.9,62,62.2,177,558305,34700269.7
16 JAN 2026,62,63,62,62.4,124,320971,20038201.7
14 JAN 2026,61.9,62.4,61,62.2,175,873531,53819240.8
13 JAN 2026,62.5,63.4,61,61.8,179,130010,8034759.4
12 JAN 2026,63,63.5,62.3,62.5,124,74700,4694195
9 JAN 2026,63.5,64.5,62.1,62.4,387,296697,18682820.7
8 JAN 2026,64.2,65,63.4,63.7,222,133829,8582193.4
6 JAN 2026,64.5,64.5,64,64.2,240,539470,34742790.5
5 JAN 2026,64.5,65,64.1,64.5,371,2968778,191575865.9
2 JAN 2026,62,64.8,61.5,64.4,377,1621483,103850122.2
31 DEC 2025,60.7,62,60.7,61.1,150,171987,10519791.3
30 DEC 2025,59.3,60.8,59,60.4,148,214999,12882579
29 DEC 2025,59,59.3,58.8,59,118,159734,9429625.4
26 DEC 2025,59.5,59.5,58.8,59,71,49454,2919664.3
24 DEC 2025,59.5,59.5,58.5,58.7,126,125512,7398786.6
23 DEC 2025,58.8,59.8,58.7,59.4,72,37394,2211126.5
22 DEC 2025,60,60,58.3,58.5,202,264425,15612411.6
19 DEC 2025,60.5,60.5,59.5,59.7,128,54882,3286137.8
18 DEC 2025,60,60.6,59.8,59.8,106,90940,5448662.8
17 DEC 2025,60.2,60.6,59.5,60.5,83,50479,3046115.9
16 DEC 2025,59.5,60.5,59.5,60.1,126,84523,5047728.1
15 DEC 2025,61.5,61.6,60,60,146,106917,6440476.7
12 DEC 2025,61.2,61.2,60.4,60.7,86,176508,10698280.5
11 DEC 2025,61.2,61.2,60.3,60.4,147,173830,10544980.4
10 DEC 2025,59.8,61.8,59.8,61.1,165,561703,34330037.3
9 DEC 2025,59.5,59.9,59,59.3,304,318651,18862242.2
8 DEC 2025,59.8,60,59.1,59.3,196,165250,9838475.1
5 DEC 2025,60.1,62,59.3,59.5,239,280279,16785445.7
3 DEC 2025,61.9,61.9,59.8,60.1,219,236779,14257127.5
2 DEC 2025,60.2,62.8,59.8,60.1,365,2340760,141691070.3
1 DEC 2025,62.1,62.1,60.1,60.7,378,363318,22276986.1
28 NOV 2025,63.5,63.9,62.5,63.5,70,246649,15637676.2
27 NOV 2025,63.7,64,63.1,63.5,92,97515,6219967.4
26 NOV 2025,63.9,63.9,62.3,62.9,169,200759,12569757.9
25 NOV 2025,62.7,64,62,63,171,336831,21269966.2
24 NOV 2025,63.9,63.9,62,62.4,250,130289,8129308.6
21 NOV 2025,63.5,64,63.1,63.3,156,111678,7077357.4
20 NOV 2025,64,64,63.5,63.5,137,271608,17292702.4
19 NOV 2025,63.6,64.4,63,64,187,999163,63912736.8
18 NOV 2025,63,64.5,62.4,63.7,245,1005020,64011617.6
17 NOV 2025,63,64,62.4,63.2,307,368786,23288103.5
14 NOV 2025,63,65,63,64,258,287642,18364548
13 NOV 2025,64.8,65.3,63.5,63.7,333,241471,15499449.2
12 NOV 2025,67,67,64.7,64.8,381,695807,45337464.7
11 NOV 2025,67,68,66.4,66.7,213,822608,54802129.2
10 NOV 2025,69,69,66.4,66.4,248,373954,25070012.7
7 NOV 2025,67,68.9,66.6,67.9,269,1301160,87487081.4
6 NOV 2025,66.9,67,66.5,66.6,198,136776,9123813.7
4 NOV 2025,67.5,67.7,66.8,67,260,1753338,117520513.7
3 NOV 2025,68,68.4,67.5,67.6,173,234873,15949120.7
31 OCT 2025,69,69,67.9,68.4,129,455428,31004128.6
30 OCT 2025,68.8,69,68,68.2,115,156186,10697022.5
29 OCT 2025,68.2,69.1,68,68.9,139,296642,20268536.2
28 OCT 2025,69.5,69.5,67.6,68,250,1125319,76758778.8
27 OCT 2025,69.7,70.3,69.5,69.5,171,345322,24151114.7
24 OCT 2025,69.8,70.4,69.1,69.5,274,2060980,144192171.8
23 OCT 2025,67.6,70.4,67.6,69.8,370,4528442,313877923.1
22 OCT 2025,68.1,68.4,66.9,67.5,253,200895,13547172.8
21 OCT 2025,68,68.4,67.6,68,266,473211,32156782.8
17 OCT 2025,68.4,68.5,67.6,68,278,462133,31426517
16 OCT 2025,69,69,67.7,68,344,1973847,134256314.6
15 OCT 2025,68.8,69.4,68.1,68.7,152,246331,16930813.6
14 OCT 2025,69.2,69.9,67.9,68.7,290,843397,57743813.3
13 OCT 2025,70.3,70.3,69,69,302,511791,35651735.8
10 OCT 2025,70,71,70,70.3,258,832001,58469611.9
9 OCT 2025,70,70.8,69.8,70,367,1122108,78735046.2
8 OCT 2025,71.5,71.7,69.5,70.4,558,702861,49631948.1
7 OCT 2025,71.6,74.5,71.2,71.5,866,1862953,134877640.9
3 OCT 2025,66.1,72,66.1,71,1730,9264600,650187209.5
2 OCT 2025,66.6,66.6,65.7,65.8,254,506625,33443903.8
1 OCT 2025,67,67.3,66,67,277,1592688,106292231.8
30 SEP 2025,66.3,67.5,65.8,67.1,444,2178006,145593478.5
29 SEP 2025,66.6,67,65,66.7,411,1303959,86008188
26 SEP 2025,66.4,67.5,65.3,67,735,2883296,191299133.2
25 SEP 2025,64,66.3,64,65.9,955,5402416,353131684.8
24 SEP 2025,64,64,62.8,63.4,360,1341172,84639878.4
23 SEP 2025,62.3,64.3,61.8,64.1,748,2950531,188114880.2
22 SEP 2025,61,62.3,60.6,62.1,535,1391724,86021016.2
19 SEP 2025,59.4,61.2,59.2,60.4,312,947773,56903844.8
18 SEP 2025,57.5,60,57.1,59.1,300,568223,33645760.2
17 SEP 2025,57,57.9,56.9,57.1,150,273783,15642664.2
16 SEP 2025,56,57.2,55.8,56.5,255,509676,28802394.6
15 SEP 2025,57,57.9,55.8,56,481,865698,48919455.5
12 SEP 2025,57,57.2,56.4,56.6,235,819161,46582671.2
11 SEP 2025,57,57.9,56.5,56.7,327,475325,27046504
10 SEP 2025,57.9,58.5,56.5,57.1,405,729913,41843295.2
9 SEP 2025,59.2,59.6,57.7,58,320,1292137,75555657.9
8 SEP 2025,58.8,59.2,58.6,58.9,188,206142,12134748.5
4 SEP 2025,59,60,58.9,59,143,148163,8791806.4
3 SEP 2025,59.9,60,58.9,59.1,233,1043618,61622452.7
2 SEP 2025,60.5,61.2,59.6,59.8,280,585353,35260503.9
1 SEP 2025,61,61,60.1,60.5,256,400170,24220133.1
29 AUG 2025,61.3,61.8,60.8,61,221,354561,21729524.1
28 AUG 2025,59.7,61.6,59.2,61.1,382,1730430,103908942.4
27 AUG 2025,58.9,59.9,58.5,59.3,213,1904262,112441886
26 AUG 2025,59.2,59.5,57.6,58.5,343,913467,53734006.8
25 AUG 2025,59.5,59.8,58.5,59,217,311085,18388535
22 AUG 2025,60.5,60.5,59.5,59.6,165,217490,12973233.2
21 AUG 2025,59.5,60.3,59.3,60,157,624782,37367089.1
20 AUG 2025,59,60.9,59,59.6,203,667034,39792585.7
19 AUG 2025,60.4,60.9,58.7,58.9,446,3118004,184072084.2
18 AUG 2025,59.5,60.5,59.2,60,426,2016274,119793903.4
15 AUG 2025,59,59.9,58.2,59.1,260,1275922,75604217.9
14 AUG 2025,59.5,60,59,59,266,195463,11571663.7
13 AUG 2025,60,60.5,58.9,59.3,254,234363,13969749.8
12 AUG 2025,61,61.5,59.7,60,284,739517,44428934.8
11 AUG 2025,61.8,62,60.7,60.9,198,206227,12602737.6
7 AUG 2025,63,63,61.7,61.8,149,117840,7302182.1
6 AUG 2025,62.4,63.4,61.9,62,239,323275,20190928.9
5 AUG 2025,64,64,62.5,62.8,302,367033,23127598.4
4 AUG 2025,64.1,65,63,63.1,808,1741979,111774691.6
1 AUG 2025,62.1,64.3,62.1,63.9,1645,9609664,608806599.3
31 JUL 2025,61,61,59.7,61,234,697191,42006138.4
30 JUL 2025,61.2,61.5,60.1,60.7,116,312827,19072262.7
29 JUL 2025,60.4,61.2,59.8,60.7,183,792255,47665777.3
28 JUL 2025,61.5,61.5,60,60.5,165,372517,22624125.2
25 JUL 2025,60.2,61.6,60,61.4,337,982757,60015511.7
24 JUL 2025,60,60.5,59.8,60.2,201,1723942,103516054.8
23 JUL 2025,60,60.5,59.8,60,159,662680,39753198.8
22 JUL 2025,60.5,60.9,59.5,60,114,747359,44834540
21 JUL 2025,60.7,61.2,60.1,60.3,174,549359,33266705.1
18 JUL 2025,59.9,61.2,59.5,60.8,284,3097230,188507444.3
17 JUL 2025,59.4,59.4,58.8,59,192,1598387,94374173.3
16 JUL 2025,60.4,60.4,59,59.4,241,754984,44937826.1
15 JUL 2025,61,61,59.1,60,343,2636129,157865644.5
14 JUL 2025,60.7,61.7,59.7,60.2,556,2423431,147224801.6
11 JUL 2025,59,61.5,58.5,61,754,3834272,231774687.4
9 JUL 2025,60.2,61.5,59.5,59.9,334,1562500,94513934
8 JUL 2025,59,60.5,58.5,60,368,2082627,124353446.2
7 JUL 2025,60.9,61.3,58.9,59.2,397,1680666,100748326.9
4 JUL 2025,59.2,61.1,58.5,60.9,437,4537621,272611886.1
3 JUL 2025,60.6,61.1,59.1,60,275,2412509,145624960.8
2 JUL 2025,59.9,61.1,58.7,60.9,384,2521764,151385366.9
1 JUL 2025,58.5,60,58.5,59.6,265,786084,46432091.1
30 JUN 2025,60.1,61.1,59.8,60.1,347,2151158,129386469.9
27 JUN 2025,60.9,61.1,59,60.1,385,1118349,67245938.4
26 JUN 2025,59,61,58,59.9,749,4996148,297807837
25 JUN 2025,56,59.6,56,59.2,987,4249001,247136172.6
24 JUN 2025,52.5,56.3,52.5,55.1,611,3473519,189908389.9
23 JUN 2025,51,52.3,50.9,51,256,433728,22279531
20 JUN 2025,51.1,53,51.1,52.4,186,548348,28584228.8
19 JUN 2025,52.1,53.1,51,51.1,398,1878479,96457807.6
18 JUN 2025,53,54.5,52.4,52.6,334,1277257,67915574.8
17 JUN 2025,55,55.5,53.2,53.9,223,666472,36518803.7
16 JUN 2025,54.6,55.1,52.7,55,203,834878,45571843.6
13 JUN 2025,54.9,56,53.9,55.1,320,752039,41235951.1
12 JUN 2025,56.5,56.8,55.1,56,322,1140545,63763426.5
11 JUN 2025,56.6,57.1,56,56.1,273,1061680,59845674
9 JUN 2025,58,58.2,56.5,57.1,285,413986,23651108.5
6 JUN 2025,58,59.5,57.3,57.5,703,1861221,109421899.1
5 JUN 2025,55.3,58.5,55.3,57.8,984,3356148,191506170.5
4 JUN 2025,54,55.4,54,55.1,428,1413195,77694382.1
3 JUN 2025,54.1,54.6,53.8,54.1,286,986225,53346569.8
2 JUN 2025,53,54.2,52.4,53.8,337,1387716,74300257.3
30 MAY 2025,53,53.3,52,52.4,120,116579,6127420.9
29 MAY 2025,53.5,54.5,53,53,303,778418,41692950.5
28 MAY 2025,51,53.5,50,52.9,320,806932,42113345.9
27 MAY 2025,50.6,51,49.9,50.5,312,613219,30879233.1
26 MAY 2025,51,51.2,50.5,50.7,174,178706,9072489.1
23 MAY 2025,51.4,51.4,50.5,50.7,214,858880,43669854.1
22 MAY 2025,51,51.5,50.8,51,119,250261,12762046.4
21 MAY 2025,51,51.5,50.8,50.8,155,115820,5898201.7
20 MAY 2025,51,52,50.9,51.3,126,97941,5007377.7
19 MAY 2025,52,52.5,50.4,51.1,266,233821,11963942.9
16 MAY 2025,52.1,52.9,50.9,51.3,381,465047,24042789.9
15 MAY 2025,53.3,53.5,51.9,52.1,398,335600,17557406.3
14 MAY 2025,53.7,54,53.1,53.3,107,125165,6718153.5
9 MAY 2025,52.9,53,52.1,52.5,85,45371,2386612.3
8 MAY 2025,52.7,53.6,52.5,52.6,122,87037,4609159.4
7 MAY 2025,53,53.4,52.6,52.8,140,78621,4156842.8
6 MAY 2025,53.5,53.5,53.2,53.5,84,125878,6728422.7
5 MAY 2025,54,54,53,53.1,150,256333,13676095.9
2 MAY 2025,54,54,53,53.2,155,250042,13312905.3
30 APR 2025,54,54,53.4,53.7,124,148448,7961087
29 APR 2025,53.9,54.3,53.2,53.8,234,535033,28680588.9
28 APR 2025,52.7,54.5,52.7,53,519,1155714,61851569.5
25 APR 2025,50.6,53,50.6,52.2,332,734116,38146302.4
24 APR 2025,49.2,50.7,49.2,50.4,253,854835,42759933.4
23 APR 2025,49,49.5,48.5,48.6,139,459317,22436948.9
22 APR 2025,49,49,48.2,48.6,78,120252,5826592.7
21 APR 2025,49.5,49.5,48,48.1,343,363514,17623049.4
17 APR 2025,50,50,49,49.5,126,120824,5940486
16 APR 2025,49.7,49.9,49,49.3,163,173420,8552938.5
11 APR 2025,51,51,49.5,49.7,162,201399,10067610.3
10 APR 2025,51,53,49.9,50.7,600,2706469,137568299.6
9 APR 2025,48.9,48.9,46,46.7,320,750050,34862939.1
8 APR 2025,47,49,47,49,325,646781,31269049.7
7 APR 2025,51.2,51.2,45.9,47.4,764,2652384,125927629.6
4 APR 2025,52.3,52.9,51.5,51.8,457,1357742,70450864.8
3 APR 2025,53,54,50.7,53,974,3550810,187103890.5
2 APR 2025,57,58,57,57.1,141,1084509,62769176.7
1 APR 2025,55,58,55,57,201,428258,24317897.3
28 MAR 2025,55,55.6,54.9,55,88,122735,6773203.4
27 MAR 2025,55,55.2,54.6,55,81,344576,18919675.9
26 MAR 2025,55.9,55.9,54.5,54.9,110,315646,17360759.8
25 MAR 2025,57,57,55,55.2,143,953631,53820530.7
24 MAR 2025,57.1,57.2,56.5,56.9,168,499655,28472486.9
21 MAR 2025,54,57.3,54,56.9,214,493003,27633630.9
20 MAR 2025,53,55.8,53,55,158,216412,11924554.3
19 MAR 2025,53.5,54.2,53,53.1,159,166821,8930176.1
18 MAR 2025,53.7,54.5,53.3,53.5,185,407472,21904259.2
17 MAR 2025,55.4,55.4,53.6,54.2,144,223319,12082055.5
14 MAR 2025,55.8,56,55,55.4,84,162802,9069642.9
12 MAR 2025,53.6,55.9,53.4,55.7,218,586454,31898353.5
11 MAR 2025,55.1,55.5,53.8,54,281,536401,29186176.3
10 MAR 2025,56.1,56.1,55.2,55.6,103,98907,5498155.9
7 MAR 2025,56.1,56.5,55.9,56.3,86,101722,5712318.9
6 MAR 2025,57.5,58.3,55.9,56.4,153,205579,11741120.3
5 MAR 2025,54.6,57.5,54.6,57,260,777855,43616832
4 MAR 2025,55.7,56.5,54.1,54.5,370,969942,53249210.2
3 MAR 2025,57.2,58,55.5,55.7,182,189788,10714793.2
28 FEB 2025,58.5,59,57.5,58,101,117891,6868690.1
27 FEB 2025,57,58.9,55.6,58,244,252106,14371997.9
25 FEB 2025,58,58,55.8,57.1,333,527357,29929997.1
24 FEB 2025,59.7,59.7,57,58,240,351376,20451549.3
21 FEB 2025,59.6,60.5,59.6,59.9,172,436374,26140813.2
20 FEB 2025,60.1,60.5,59.4,59.8,250,2104486,126212674
19 FEB 2025,61.2,61.7,59.5,60.5,251,1468470,88260739.3
18 FEB 2025,62,62.1,60,60.9,377,889474,54161884.7
17 FEB 2025,58.9,62.5,58.9,62.1,830,2198552,133746103.2
14 FEB 2025,56.5,59,56.5,58.6,318,696807,40638687.4
13 FEB 2025,55.9,56.7,55.5,56.5,274,666631,37549919.3
11 FEB 2025,57.6,58,55.7,56.1,278,565206,31846986.4
10 FEB 2025,59,59.2,57.5,57.6,216,673240,39004797.2
7 FEB 2025,58.4,59,58,58.8,296,1154063,67588004.1
6 FEB 2025,54.6,58.3,54,57.8,514,1390794,79739229.1
5 FEB 2025,58.9,58.9,55,55.6,785,1804476,102373113.4
3 FEB 2025,60,60.4,59,59,345,618583,36823165.3
31 JAN 2025,61.5,61.6,59.7,59.9,382,1405855,84528978.1
30 JAN 2025,62.9,62.9,60.8,61.2,318,1049883,64774881.9
29 JAN 2025,61.4,63,61.4,62.2,758,2488902,154829309.6
28 JAN 2025,60,61.7,59.2,61.1,576,1720269,104515297.7
27 JAN 2025,60.4,60.7,58.8,60,486,868147,52185591
24 JAN 2025,59.8,61,59.4,60.1,813,3697754,222871158.5
23 JAN 2025,58.1,61.5,58,60,1321,6971142,416883785
22 JAN 2025,57,58.5,56.9,58.1,710,2821447,162702493
21 JAN 2025,56.3,57.2,56.1,57,658,2270340,129029396.5
20 JAN 2025,56,56.9,55.8,56.3,651,2118386,119382409.4
17 JAN 2025,53,56,53,55.6,914,3942545,217809484
16 JAN 2025,52,53.8,52,53,318,623563,32798514.9
15 JAN 2025,51.5,52.5,51.2,52,284,487962,25349279.5
10 JAN 2025,51.5,52.1,50.8,51.8,226,513421,26406748.3
9 JAN 2025,52.5,53,51.4,51.5,238,340517,17662138.3
8 JAN 2025,51,53.9,51,52.5,359,1055868,55943008.4
7 JAN 2025,51,52.3,50,51.6,423,824633,42269530.8
6 JAN 2025,53.4,53.9,50,52.1,695,1445606,74506337
3 JAN 2025,54.4,54.8,49,52.3,850,3033410,161018924.5
2 JAN 2025,54.3,54.9,53.4,54.4,521,1085217,58621444.1
31 DEC 2024,55.1,56,53.5,54.5,426,918015,49850027.8
30 DEC 2024,55.5,57.2,54.5,55.1,657,2044954,115076087.3
27 DEC 2024,53.5,56,53.1,55.4,979,2964290,162426162.2
26 DEC 2024,54.5,54.5,53.4,53.5,435,949975,51181512.1
24 DEC 2024,53.3,54.6,52.6,54.3,651,2187712,117748736.3
23 DEC 2024,54,55.1,53.1,53.5,736,2121779,115477201.4
20 DEC 2024,52.4,55.1,52.2,54.8,1179,4776096,259066493.4
19 DEC 2024,50,52.6,50,52.4,966,3125662,161380851.6
18 DEC 2024,49.3,50.6,49.1,50,390,2661483,132880186.3
17 DEC 2024,50.3,50.9,49,50,594,1439802,71920365.1
16 DEC 2024,51,51.5,50,50.3,497,1226587,62044285.2
13 DEC 2024,50,51.4,48.8,51,924,3150764,158262308.6
12 DEC 2024,48,50,47.8,49.7,903,3766052,186007804
11 DEC 2024,46.9,48.1,46.5,47.7,635,1858275,88415497.9
10 DEC 2024,47.3,47.3,46.5,46.9,322,777652,36526538
9 DEC 2024,46.1,47.3,45.7,47,496,1800679,83978878.6
6 DEC 2024,46,46.6,45.1,46.1,367,1225175,56297734.8
5 DEC 2024,45.9,46.6,45.4,45.8,410,1135323,52466528.3
4 DEC 2024,46,46.6,45.3,46,481,1187437,54696361.5
3 DEC 2024,44.4,46.1,44.4,45.9,788,3975750,180013643.4
2 DEC 2024,43.5,44.4,43.5,44.2,245,610526,26895844.1
29 NOV 2024,43.8,44.3,43.4,43.9,287,539552,23608203.2
28 NOV 2024,44.1,44.7,43.5,43.7,481,779139,34485237.5
27 NOV 2024,42,44.9,41.8,44,715,3759181,162438821.9
26 NOV 2024,42,42.5,41.5,41.9,236,423220,17844964.8
25 NOV 2024,42,42.6,41.3,42,304,729103,30589467.1
22 NOV 2024,39.9,42.1,39.9,41.9,346,1918593,78265600.5
21 NOV 2024,39.9,40,39.5,39.9,241,1705279,68080526.2
20 NOV 2024,40.5,40.5,39.6,40,171,198812,7950162.4
19 NOV 2024,41.5,41.6,40.6,40.8,166,280685,11479767.6
18 NOV 2024,42,42.3,41.2,41.5,262,620370,25846468.3
14 NOV 2024,42,42,40.9,41.8,156,284136,11810328
13 NOV 2024,41.8,42.1,41,42,381,966604,40378804
12 NOV 2024,41.5,41.9,41.2,41.8,428,2681657,111320074.9
11 NOV 2024,42,42,40.8,41.1,299,432986,17837826
8 NOV 2024,41.2,42.8,41.1,42.2,873,3413360,143777030.6
7 NOV 2024,38.1,42.1,38.1,41,821,3411124,138040364.6
6 NOV 2024,38.8,39.3,38.3,38.6,224,1699709,66007791.1
5 NOV 2024,38,39.1,38,39,264,768325,29650060.1
4 NOV 2024,38.5,38.7,38,38,170,390996,14984643.2
1 NOV 2024,38.6,39,38.3,38.5,162,248369,9566643.5
30 OCT 2024,39.5,39.6,38.7,39,225,387040,15114460.8
29 OCT 2024,39,39.7,39,39.4,175,907542,35714310.7
28 OCT 2024,38.5,39.7,38.3,39.1,305,2059846,80448901.8
25 OCT 2024,38,38.8,38,38.5,163,727646,27927945.1
24 OCT 2024,37.7,39,37.7,38.4,194,663496,25466705.3
23 OCT 2024,37.5,39,37.5,38.6,252,598960,22757131.7
22 OCT 2024,37.6,37.9,37.2,37.5,108,167564,6286211.5
21 OCT 2024,38.5,38.6,37.8,38,203,292429,11126974.8
18 OCT 2024,38.7,38.9,38.4,38.5,208,391709,15108963.9
16 OCT 2024,37,38.8,37,38.7,738,4695192,178865624.2
15 OCT 2024,37.3,37.3,36.9,37,126,419634,15529378.4
14 OCT 2024,36.3,37.4,36.3,37.2,144,204092,7535752.7
11 OCT 2024,36,36.6,35.9,36.4,141,622568,22581587.2
10 OCT 2024,36.4,36.4,35.8,36,118,276626,9956804
9 OCT 2024,37,37,35.8,36.3,153,309971,11216568.6
8 OCT 2024,36.6,37.1,36.5,37,164,632186,23337429.5
7 OCT 2024,36.6,36.9,36,36.5,186,319374,11592993.2
4 OCT 2024,36.2,36.9,36.2,36.5,125,648027,23654748.8
3 OCT 2024,36.9,37,36.1,36.2,161,204182,7416160.3
2 OCT 2024,37.5,37.8,36.7,36.9,254,535098,19809349.2
1 OCT 2024,38,38,37.1,37.8,211,375390,14074708.5
30 SEP 2024,38,38.5,37.2,37.8,469,2253921,85736983
27 SEP 2024,37.4,38.5,36,37.6,406,1723011,64326625.7
26 SEP 2024,36.2,37.7,36.1,36.6,645,2654045,97719666.6
25 SEP 2024,35.2,36.5,35,36,441,1245234,44479729.1
24 SEP 2024,34.9,35.2,33.9,34.9,296,955711,33221606.7
23 SEP 2024,33.5,34.8,32,34.2,241,551130,18628793.9
20 SEP 2024,34,34.1,33.3,33.7,155,401225,13517516.6
19 SEP 2024,33.5,34,33,34,245,1151017,39061186.3
18 SEP 2024,32,33.3,31.8,32.7,203,503504,16377731.5
13 SEP 2024,31,31.7,31,31.5,122,388341,12183941.4
12 SEP 2024,30.7,31.5,30.7,31,125,452478,14018668.3
11 SEP 2024,31.2,31.2,30.7,30.8,118,120595,3726857.5
10 SEP 2024,31.3,31.3,30.7,31,126,215139,6689805.3
9 SEP 2024,31.6,31.7,31,31.4,100,101331,3180686.2
6 SEP 2024,31.3,31.9,31.2,31.5,74,77304,2427482.5
5 SEP 2024,31.3,32.4,31.2,31.3,176,243926,7746578.2
4 SEP 2024,31,31.6,30.7,31.3,134,134719,4209693.4
3 SEP 2024,31.2,31.2,29,30.6,325,892792,26667123.8
2 SEP 2024,31.7,31.7,30.3,30.5,320,399591,12228996.4
30 AUG 2024,31.6,31.8,31.3,31.5,140,182320,5744383.6
29 AUG 2024,31.7,32.4,31.6,31.6,111,95801,3042052.1
28 AUG 2024,32.9,32.9,31.6,31.9,203,253917,8129460.3
27 AUG 2024,33,33,32.4,32.5,175,334161,10932442.3
26 AUG 2024,34.6,34.7,32.8,32.9,184,494768,16343541.1
23 AUG 2024,34.5,34.5,33.5,33.5,106,149771,5024737.6
22 AUG 2024,34.1,34.5,33.9,34,76,190923,6490418.9
21 AUG 2024,34.1,34.3,33.8,34.1,41,82078,2797182.4
20 AUG 2024,35,35,34,34,83,40666,1387210.2
16 AUG 2024,35,35.2,34.5,35,58,105980,3704829.7
15 AUG 2024,33.9,35.3,33.9,35,129,201057,6966229.6
14 AUG 2024,33.1,33.8,33,33.5,149,588911,19673028
13 AUG 2024,33,33.2,32.8,33.2,111,204156,6729583.5
12 AUG 2024,33,33.2,32.7,32.8,120,93958,3095573.1
9 AUG 2024,33,34,33,33.2,131,201185,6731872.8
8 AUG 2024,33.8,33.8,32.5,32.9,199,342829,11270637.4
7 AUG 2024,33.7,33.8,33.1,33.6,102,303472,10188602.6
6 AUG 2024,33.8,34.1,33.5,34,111,239436,8132614.6
5 AUG 2024,34.1,34.4,33.5,33.5,202,753691,25488599.3
2 AUG 2024,34,34.4,33.9,34.1,80,158399,5391944.6
1 AUG 2024,33.7,34.5,33.7,34,145,391064,13290148.1
31 JUL 2024,34.1,34.5,33.8,34,205,1080241,36718704.6
30 JUL 2024,34.8,35,34,34.2,180,676579,23260553.2
29 JUL 2024,35.2,35.9,34.6,35,114,158229,5523055.9
26 JUL 2024,35.1,35.2,34.9,35,82,98815,3459624
25 JUL 2024,35.6,35.8,35,35,107,160826,5658097.3
24 JUL 2024,35,35.8,35,35.6,151,401272,14241033.8
23 JUL 2024,34.2,35.3,34.2,35.1,188,330213,11493286.2
22 JUL 2024,34.7,34.9,34.1,34.3,212,331896,11400632
19 JUL 2024,35.1,35.3,34,35,112,188816,6606977.7
18 JUL 2024,35.9,36,35,35.1,142,162006,5723309.8
17 JUL 2024,36.5,36.7,36,36,70,87415,3155713.6
16 JUL 2024,36.7,37,36.2,36.2,110,618098,22439925.4
15 JUL 2024,36.5,37,36.5,36.8,176,473950,17500006.3
12 JUL 2024,35.9,36.9,35.5,36.4,187,443349,15954005.5
11 JUL 2024,35.6,36.2,35.4,35.5,174,546515,19504566.5
10 JUL 2024,35,36,35,35.5,133,449833,15965692.7
9 JUL 2024,35,35.4,34.9,35,119,125181,4385726.7
8 JUL 2024,36,36,34.9,35,239,565345,19840447.4
5 JUL 2024,35.5,36.1,35.5,35.8,150,166177,5942302.2
4 JUL 2024,36.5,36.9,35,35.5,383,1089845,38534471.3
3 JUL 2024,37.1,37.1,36.5,36.6,184,510455,18849732.2
2 JUL 2024,36.8,37.3,36.8,37.2,157,237194,8787405.9
1 JUL 2024,37.5,37.5,36.5,36.7,305,895569,33053436
28 JUN 2024,38,38,36.9,37.7,191,570297,21223720.4
27 JUN 2024,37.9,38.9,37,37.8,334,893050,33438394.1
26 JUN 2024,38.5,38.8,37.7,38,323,630227,23990157.2
25 JUN 2024,38.9,39.5,38.4,38.6,240,676037,26150933
24 JUN 2024,39.8,40.2,38.5,38.9,422,768504,30305382.9
20 JUN 2024,39,40.6,38.9,39.7,1112,3427821,136785557.9
19 JUN 2024,38.1,39.2,37.9,38.9,548,1621332,62573810.4
18 JUN 2024,37.9,38.3,37.5,38.1,301,924292,35099392.2
14 JUN 2024,37.4,38,37.1,37.9,384,1970240,74211547.2
13 JUN 2024,37.8,38,37.1,37.5,326,881315,33333305.4
12 JUN 2024,37.5,37.8,37,37.5,494,1397720,52074219.8
11 JUN 2024,36.8,37.7,36.5,37.3,736,2842095,105315710
11 JUN 2024,36.8,37.7,36.5,37.3,736,2842095,105315710
10 JUN 2024,35.6,36.7,35.6,36.3,446,1069800,38691069
7 JUN 2024,36.2,36.2,35.5,35.5,169,273790,9751527.9
6 JUN 2024,35.4,36,35.2,36,450,924713,32986378.9
5 JUN 2024,35,35.7,35,35.2,330,2376837,83628673
4 JUN 2024,33.9,35.3,33.9,34.9,478,1931146,67455979.3
3 JUN 2024,34.2,34.2,33.2,34,177,724940,24628563.2
31 MAY 2024,33.8,34.2,33.8,34,178,901096,30629386.1
30 MAY 2024,33.2,34.3,33,33.9,217,847269,28291304.7
29 MAY 2024,33.5,33.6,33.3,33.5,145,395729,13254000.6
28 MAY 2024,34,34,33.4,33.6,129,216758,7274537.4
27 MAY 2024,34.3,34.4,33.8,33.9,126,342438,11698438.4
22 MAY 2024,34.5,34.5,33.7,34.1,235,736957,25162345.9
21 MAY 2024,34.5,34.6,33,34.2,338,802791,27032092.5
20 MAY 2024,33.5,35,33.5,34.3,885,2468176,84680445.4
17 MAY 2024,31.5,33.7,31.5,33.5,1066,3512213,115698654.7
16 MAY 2024,30.5,30.7,30.3,30.4,101,58581,1783531.9
15 MAY 2024,31.7,31.8,30.5,30.6,178,203059,6275482.5
14 MAY 2024,31.4,31.4,30.8,30.9,222,184025,5714665.4
13 MAY 2024,31.7,31.7,31.3,31.6,88,176041,5545980.8
10 MAY 2024,31.3,31.9,31.3,31.5,125,151816,4793909.9
9 MAY 2024,31.5,31.7,31,31.3,148,735638,22856268.7
8 MAY 2024,32,32.2,31.5,31.6,95,78191,2486500.5
7 MAY 2024,31.7,32.3,31.7,32,139,265931,8513033.9
6 MAY 2024,32,32.4,31.6,31.7,119,110825,3545960.3
3 MAY 2024,32.3,32.3,31.9,32.2,184,571109,18385887.9
2 MAY 2024,31.4,32.6,31.4,32.2,287,666867,21434009.2
30 APR 2024,31.1,31.4,30.9,31.1,193,501971,15600043.9
29 APR 2024,30.3,31.6,30.2,31,376,5233135,162201998.7
26 APR 2024,30.1,30.3,29.8,30.3,152,509470,15342431.9
25 APR 2024,29.3,30,29,29.8,187,392539,11679482.1
24 APR 2024,29.1,29.9,29.1,29.4,96,118753,3503951.1
22 APR 2024,29.1,29.5,29,29.4,64,54511,1597718.8
19 APR 2024,29.1,29.7,28.9,29.2,105,128717,3747191.9
18 APR 2024,29.9,30,29,29.2,244,246763,7215852.7
17 APR 2024,29.7,30.4,29.5,29.8,138,140424,4164495.9
16 APR 2024,29.8,30.5,29.7,29.8,106,211533,6337328.7
15 APR 2024,29.6,30.6,29.6,30,92,98764,2979577.9
10 APR 2024,29.6,30.8,29.5,30,89,272962,8170685.5
9 APR 2024,29.5,29.6,29.2,29.6,106,156706,4620171.7
8 APR 2024,29.3,29.7,29.2,29.5,155,436278,12854772.6
5 APR 2024,29.4,29.7,29.2,29.4,129,104710,3076478
4 APR 2024,29.5,29.6,29.4,29.5,154,288098,8498904.8
3 APR 2024,29.6,29.7,29.1,29.5,148,129683,3822818.4
2 APR 2024,29.9,29.9,29.5,29.6,152,175567,5207368.1
1 APR 2024,30.5,30.5,29.5,29.7,334,234645,7015484.4
28 MAR 2024,30.5,30.9,30.3,30.4,126,598063,18182550.2
27 MAR 2024,30.3,30.4,30.1,30.3,93,124419,3766643.3
26 MAR 2024,30.5,30.5,30.2,30.2,60,111564,3384276
25 MAR 2024,30.7,30.7,30.2,30.2,42,219257,6682769.2
22 MAR 2024,30.1,31,30.1,30.5,93,466078,14182840.1
21 MAR 2024,30.6,31,30,30.1,116,147790,4468430.5
20 MAR 2024,31.1,31.3,30.6,30.9,72,85996,2663943
19 MAR 2024,30.9,31.2,30,30.9,128,319482,9831210.1
18 MAR 2024,31.1,31.2,30.5,31,133,233321,7224090.5
15 MAR 2024,30.6,31.2,30.1,31,167,320793,9844234.7
14 MAR 2024,30.4,31.1,30.2,30.9,179,220338,6783245.5
13 MAR 2024,30.1,30.4,30,30.1,138,149331,4495330.6
12 MAR 2024,30.5,30.5,30,30.2,92,111336,3361523.9
11 MAR 2024,30.1,31,29.7,30.2,215,359012,10919225.7
7 MAR 2024,28.9,30.2,28.8,29.7,206,867532,25668625.6
6 MAR 2024,29.1,29.3,28.7,29,88,63037,1822335.9
5 MAR 2024,28.5,29.1,28.5,29,145,136737,3943867
4 MAR 2024,28,28.7,28,28.2,221,340452,9615157.7
1 MAR 2024,28,28.1,27.8,27.9,61,48758,1364106.4
29 FEB 2024,28,28.4,28,28,110,118479,3320920.4
28 FEB 2024,27.1,28.7,27.1,28.4,256,382532,10644426.3
27 FEB 2024,27.2,27.2,27,27,102,107621,2907775.8
26 FEB 2024,27.1,27.2,27,27,91,52557,1422038.8
22 FEB 2024,27.3,27.3,27,27.2,16,8952,243899.8
21 FEB 2024,27.3,27.4,26.9,27,115,191867,5216513.2
20 FEB 2024,27.2,27.3,27,27.2,47,43253,1179327.9
19 FEB 2024,27.2,27.3,27,27.1,72,104356,2828891.2
16 FEB 2024,27,27.2,26.8,27.1,102,401540,10845158.4
15 FEB 2024,27.2,27.2,26.7,26.7,108,444593,11895739.8
14 FEB 2024,27.3,27.3,26.9,27,164,161273,4364962.3
13 FEB 2024,27.4,27.6,27.1,27.3,111,108297,2961987.5
12 FEB 2024,27.5,27.6,27.2,27.6,103,199740,5484660.7
9 FEB 2024,27.8,27.8,27.1,27.5,68,84013,2294674.7
8 FEB 2024,27.2,27.7,27.2,27.6,77,68492,1883391
7 FEB 2024,27,27.2,27,27.2,69,93927,2553562
6 FEB 2024,26.8,27.2,26.6,26.9,155,301581,8103830.7
2 FEB 2024,26.6,26.9,26.5,26.9,60,45005,1201390
1 FEB 2024,27,27,26.4,26.7,99,190105,5052425.3
31 JAN 2024,26.6,27,26.5,26.5,115,147214,3917997.3
30 JAN 2024,26.8,26.8,26.5,26.5,136,73590,1960029.9
29 JAN 2024,26.8,27,26.6,26.6,66,41203,1103695.7
26 JAN 2024,26.8,26.9,26.4,26.9,93,63384,1697318.5
24 JAN 2024,27,27,26.7,26.7,50,31411,845667.7
23 JAN 2024,27,27,26.5,26.7,125,101737,2717225.1
22 JAN 2024,27.1,27.9,26.8,27,160,131319,3545135.9
19 JAN 2024,27.6,27.6,27,27.3,158,159414,4337026.6
18 JAN 2024,27.7,27.7,27.3,27.3,60,42100,1154172.2
17 JAN 2024,27.6,27.8,27.3,27.5,111,114268,3140066.9
16 JAN 2024,27.7,28.3,27.5,27.7,90,33995,940237.8
12 JAN 2024,28,28.1,27.6,27.7,105,136843,3799597.2
11 JAN 2024,28.2,28.2,27.7,28,61,65685,1837137.2
10 JAN 2024,28,28.2,27.9,28,132,124692,3492419.5
9 JAN 2024,28.6,29,28.3,28.7,61,19677,563219
8 JAN 2024,29.2,29.2,28.4,28.5,106,40916,1173862.3
5 JAN 2024,28.7,29.2,28.7,29,60,42768,1233941
4 JAN 2024,28.4,29.1,28.4,29,70,54921,1586071.4
3 JAN 2024,29,29.3,28.2,28.4,106,73372,2096401.7
2 JAN 2024,28.4,28.9,28.1,28.7,104,74322,2118369.6
29 DEC 2023,28.4,28.4,27.7,27.9,94,84632,2368244.1
28 DEC 2023,28.3,28.4,27.3,28,163,147802,4104077.4
27 DEC 2023,28.5,29,28,28.3,75,151497,4289969.6
22 DEC 2023,28.5,28.8,28.5,28.5,46,57663,1644133.3
21 DEC 2023,28.5,28.5,28.2,28.5,29,5772,164018.7
20 DEC 2023,28.5,29.1,27.9,28.4,89,118100,3395489.3
19 DEC 2023,28.6,28.7,28,28.4,75,451775,12871795.9
18 DEC 2023,28.6,29,25.6,28.4,402,194281,5309044.9
15 DEC 2023,28.6,29.5,28.6,29,59,71023,2060247.1
14 DEC 2023,29,29,28.7,29,51,45373,1310144.9
13 DEC 2023,29,29,28.5,28.8,39,45521,1306343.7
12 DEC 2023,29,29.1,28.5,28.7,98,180139,5198087.4
11 DEC 2023,28.8,29.4,28.8,28.9,53,58565,1692267.4
8 DEC 2023,28.9,29.2,28.6,28.8,83,177467,5126293.8
7 DEC 2023,29,29,28.2,28.4,58,44956,1281584.6
6 DEC 2023,28.2,29.4,28,29,103,495379,14291513
5 DEC 2023,28.1,28.4,28.1,28.2,73,366917,10380298.3
4 DEC 2023,28.9,28.9,28,28.1,131,144472,4085093.1
1 DEC 2023,28.9,28.9,28.6,28.8,27,51664,1485675.9
30 NOV 2023,28.8,28.9,28.3,28.7,60,87504,2505739.3
29 NOV 2023,28,28.6,27.9,28.5,80,105420,2980405.2
28 NOV 2023,28,28.2,27.9,28,45,22659,634391.4
27 NOV 2023,27.8,28.7,27.8,28.5,65,190343,5404372.9
24 NOV 2023,27.6,28.5,27.6,28.4,77,228749,6427155.2
23 NOV 2023,28.1,28.1,27.5,27.6,110,94750,2619920
22 NOV 2023,28.5,28.5,27.1,28,142,85416,2364904.4
21 NOV 2023,28,28.5,27.5,28.4,138,191812,5336897.7
20 NOV 2023,28,28.8,27.8,28,61,59398,1664294.7
17 NOV 2023,28.9,28.9,27.7,28,115,104618,2933356.8
16 NOV 2023,28.1,28.9,28,28.1,98,78185,2209786
15 NOV 2023,28.8,28.9,28.2,28.5,75,39347,1121225.4
14 NOV 2023,29,29,28.5,28.7,60,43109,1239560.2
13 NOV 2023,28.6,29,28.6,28.9,63,59954,1728896.2
10 NOV 2023,28.9,29,28.5,28.9,62,37816,1087746.6
9 NOV 2023,28.9,29,28.6,28.8,62,32959,945090.4
8 NOV 2023,28.5,29,28.4,29,81,45993,1321755.4
7 NOV 2023,29,29,28.4,28.9,85,71644,2048363.3
6 NOV 2023,30,30,28.6,28.7,57,74139,2144100.4
3 NOV 2023,29,29,28.6,28.6,82,55329,1592279.9
2 NOV 2023,29.3,29.3,28.8,29,83,119533,3452758.5
1 NOV 2023,28.5,29.1,28,29,68,43842,1244191.1
31 OCT 2023,29.1,29.1,28.3,28.4,59,68140,1951831.8
30 OCT 2023,28.5,29.1,28.3,28.5,55,85342,2458435.6
27 OCT 2023,27.8,29,27.8,28.4,74,60058,1698199.1
26 OCT 2023,28.3,28.5,27.8,27.9,155,133082,3727912.2
25 OCT 2023,28.9,28.9,28.1,28.2,83,48562,1371733.9
24 OCT 2023,29.1,29.1,28.5,28.5,139,254447,7337264
23 OCT 2023,29.4,29.9,29.2,29.3,102,77514,2293173.8
20 OCT 2023,29.4,29.5,28.7,29,112,149949,4362849.5
19 OCT 2023,28.5,28.9,27.4,28.4,303,417976,11601358.4
18 OCT 2023,28.9,28.9,28.3,28.4,160,55604,1589469.9
17 OCT 2023,30.5,30.5,28.9,28.9,260,236129,6903392.4
16 OCT 2023,30.5,30.5,29.6,29.6,79,66480,1971791.6
13 OCT 2023,30,30.7,29.5,30,108,66516,1983884.1
12 OCT 2023,30.3,30.9,29.5,30.5,130,98162,2927754.8
11 OCT 2023,30.6,30.9,29.8,29.9,193,159431,4808216
10 OCT 2023,30.6,31.5,30.5,30.7,44,18604,572552.7
9 OCT 2023,31.9,31.9,30.2,30.7,263,232183,7123796.8
6 OCT 2023,32.2,32.6,32,32.3,148,349990,11311934.5
5 OCT 2023,32.3,32.7,31.9,32.1,89,87258,2820945.3
4 OCT 2023,32,32.5,31.9,32.5,96,134758,4342202.5
3 OCT 2023,32.2,32.5,32,32.1,109,123499,3966349.9
2 OCT 2023,32.5,32.6,32.2,32.3,145,284544,9212233
27 SEP 2023,31.5,32.7,31.5,32.5,300,381526,12355330.8
26 SEP 2023,31.1,31.3,31.1,31.2,81,73755,2300002.2
25 SEP 2023,31.4,31.6,31.1,31.3,76,62696,1968330.7
22 SEP 2023,31.5,31.8,31,31.4,98,181441,5651750.4
21 SEP 2023,31.5,31.5,31,31.5,148,215454,6718799.3
20 SEP 2023,31.5,31.7,31.3,31.5,80,62348,1962185.6
19 SEP 2023,31.8,31.8,31.3,31.5,78,72967,2298872.7
18 SEP 2023,31.9,31.9,31.3,31.5,121,85559,2700015.2
15 SEP 2023,32.4,32.4,31.8,32,88,114084,3654391.6
14 SEP 2023,32,32.5,32,32.3,87,60955,1960132.2
13 SEP 2023,32,32,31.3,31.5,126,200081,6311276.2
12 SEP 2023,31.6,31.9,31.5,31.6,97,97480,3099172
11 SEP 2023,32.2,32.2,31.3,31.5,281,921775,29352607.9
8 SEP 2023,31,32.9,31,32.1,372,1146216,36392399.9
7 SEP 2023,31.1,31.2,30.6,31,80,150947,4662619.1
6 SEP 2023,31.2,31.4,30.5,31.2,191,179178,5549304.2
5 SEP 2023,31.4,31.4,30.9,31,186,684688,21236233.1
4 SEP 2023,31,31.4,30.7,31.1,176,282303,8761050.4
1 SEP 2023,31.5,31.5,30,30.6,304,310303,9523011.9
31 AUG 2023,31.7,31.8,31.2,31.3,122,160018,5028411.2
29 AUG 2023,31.7,32,31.5,31.6,171,233583,7398779.1
28 AUG 2023,32.1,32.5,31.6,31.8,167,243187,7822882.3
25 AUG 2023,32.5,32.5,32,32.4,111,99347,3199074.1
24 AUG 2023,32.9,32.9,32.1,32.5,66,74108,2399457.7
23 AUG 2023,31.7,33.1,31.7,32.9,225,589505,19133012.1
22 AUG 2023,31.6,32,31.6,31.8,110,110796,3528622.9
21 AUG 2023,32.2,32.2,31.5,31.7,135,176123,5558502.8
18 AUG 2023,32,32.5,31.5,31.8,123,179394,5756578
17 AUG 2023,32.1,32.3,31.3,31.4,231,253963,8074012.7
16 AUG 2023,32.5,33,32.1,32.3,123,206065,6720675.2
15 AUG 2023,32.1,32.9,31.6,31.8,187,135730,4358196.4
14 AUG 2023,33,33.1,32.1,32.3,267,425043,13830567.1
11 AUG 2023,33.1,33.3,32.6,33,146,227100,7502093.2
10 AUG 2023,33,33.5,32.8,33.2,402,1147922,37873878.5
9 AUG 2023,33.8,34.4,32.8,33.8,317,538768,17930775.6
8 AUG 2023,33.5,33.9,32.8,33.2,204,169536,5648299.7
7 AUG 2023,33.5,34.2,33.1,33.8,239,238621,8020605.5
4 AUG 2023,34,34.3,33.5,33.7,297,559825,18911054.1
3 AUG 2023,34.5,34.9,33.9,34.3,279,334968,11509024.2
2 AUG 2023,35.6,35.7,34.4,34.9,265,331966,11651131.6
31 JUL 2023,34.9,35.5,34.5,35.4,248,451387,15884045.4
28 JUL 2023,33.9,35,33.5,34.9,293,801996,27751187.3
27 JUL 2023,33.2,34,33.1,33.6,142,245144,8221156.9
26 JUL 2023,33.9,34.1,33.2,33.5,131,90462,3050001.8
25 JUL 2023,34.4,34.5,33.1,34,261,322459,10889162.3
24 JUL 2023,34.6,35,34,34.1,202,268738,9292694.8
21 JUL 2023,34.5,35,34.1,34.6,194,306138,10641918.2
20 JUL 2023,35,35,33.6,34.6,221,334321,11529564
19 JUL 2023,35.3,35.3,34.1,35,358,1020288,35551447.1
18 JUL 2023,34,35.4,33.7,35.3,534,2066435,72146479.3
17 JUL 2023,34.4,34.9,34.1,34.5,341,660824,22757975.3
14 JUL 2023,33.3,34.3,33,34,380,990287,33356533.2
13 JUL 2023,32.9,33.9,32.5,33.1,528,968590,32243646.9
12 JUL 2023,31.8,32.8,31.8,32.5,291,471344,15260661.6
11 JUL 2023,32,32,31,31.8,186,153423,4822238
10 JUL 2023,32.4,32.8,31.8,32,274,338072,10873929.6
7 JUL 2023,31.4,33,31.4,32.3,428,1066589,34477770.8
6 JUL 2023,31.3,31.6,30.8,31.3,319,514267,16021264.8
5 JUL 2023,30,31.9,30,31.4,589,1000125,31143965.9
4 JUL 2023,31.2,31.2,28.1,29.9,378,526629,15760821.2
28 JUN 2023,28,28.5,27.8,28,174,361902,10177598.4
27 JUN 2023,28.4,28.4,27.8,28.1,120,208055,5827310.2
26 JUN 2023,28,28.3,27.8,28,129,188012,5257863.3
23 JUN 2023,27.9,28.2,27.8,27.9,79,121485,3393133.4
22 JUN 2023,28.2,28.2,27.9,27.9,107,167266,4671176.8
21 JUN 2023,27.6,28.1,27.2,27.9,120,300463,8367025.4
20 JUN 2023,27.4,27.6,27,27.5,137,247253,6755430.1
19 JUN 2023,27.5,27.7,27.1,27.3,69,35601,973453.4
16 JUN 2023,27.5,27.9,27,27.1,100,69002,1870135.3
15 JUN 2023,26.7,27.5,26.7,27.1,184,275861,7514257.5
14 JUN 2023,27,27.8,26.5,26.7,270,296710,7966562.9
13 JUN 2023,27,27,26.5,26.9,103,39362,1059630.3
12 JUN 2023,26.1,27.4,26.1,27.1,127,116632,3122792.4
9 JUN 2023,26,26.2,25.8,26,101,178166,4642647.9
8 JUN 2023,26.1,26.3,25.8,25.9,99,82844,2152637.8
7 JUN 2023,26.2,26.2,25.9,26,121,158040,4111060.5
6 JUN 2023,26.1,26.2,25.7,26,119,266783,6875406.3
5 JUN 2023,26.4,26.4,25.8,25.9,106,88759,2302606.7
2 JUN 2023,26,26.4,25.8,26,125,313891,8165931.9
1 JUN 2023,25.7,26,24.5,25.4,357,515073,12952935.9
31 MAY 2023,26,26,25.5,25.6,109,77242,1983860.6
30 MAY 2023,25.8,26,25.6,25.6,116,116862,2999777.2
29 MAY 2023,26.5,26.5,25.6,25.8,151,83207,2142681.9
26 MAY 2023,26,26.5,25.8,26,125,73822,1919190.7
25 MAY 2023,26,26.5,25.9,26,118,118527,3088066.6
24 MAY 2023,26.3,26.4,25.7,26,160,145299,3776535.3
23 MAY 2023,26.5,26.5,25.4,26,344,569196,14770156.4
22 MAY 2023,26.5,26.8,26.1,26.2,258,352202,9306458.2
19 MAY 2023,26.5,26.9,26.4,26.6,277,310986,8258716.2
18 MAY 2023,27.1,27.1,26.4,26.4,125,112795,2988374.1
17 MAY 2023,26.5,27,26.5,26.6,78,44123,1181217.7
16 MAY 2023,26.7,26.8,26.5,26.5,189,235978,6265615.2
15 MAY 2023,27,27.2,26.7,26.9,207,345097,9306208
12 MAY 2023,26.8,27,26.6,26.8,117,122027,3276834.2
11 MAY 2023,26.6,27,26.4,26.8,159,102266,2740258.5
10 MAY 2023,27,27.5,26.7,26.9,99,59329,1595493.9
9 MAY 2023,27,27,26.7,26.7,139,89881,2410737.3
8 MAY 2023,27.5,27.5,26.6,26.8,206,106541,2869187.7
4 MAY 2023,27,27.5,26.9,27.2,84,106758,2919389.7
3 MAY 2023,27,27.2,26.6,27,168,161337,4350867.2
2 MAY 2023,27.5,27.5,26.1,26.1,387,328596,8733401.4
28 APR 2023,27.6,27.6,27,27.3,226,401683,10907296.7
27 APR 2023,27.4,27.9,27,27.5,122,125132,3419500.3
26 APR 2023,27.6,28,27.4,27.6,194,212147,5905495.1
25 APR 2023,27.6,27.7,27,27.4,253,246397,6702350.2
24 APR 2023,28.1,28.1,27.6,27.6,192,157484,4370790.2
21 APR 2023,28,28,27.7,27.7,167,199312,5550306.6
20 APR 2023,28.1,28.5,27.7,27.7,226,343066,9565351.7
19 APR 2023,28.7,28.7,28,28.1,135,91185,2575243.2
18 APR 2023,28.6,28.6,28.2,28.4,144,316396,9005687.5
17 APR 2023,28.8,28.8,28.2,28.3,127,69850,1992926
12 APR 2023,28.4,28.5,28.2,28.4,120,64460,1827853.1
11 APR 2023,28.2,28.8,28.1,28.4,135,141058,4011411.9
10 APR 2023,27.9,28.3,27.9,28.1,204,407089,11442700.7
6 APR 2023,27.7,28.2,27.6,27.9,80,96021,2679983.4
4 APR 2023,28,28,27.6,27.6,56,83641,2321115.4
3 APR 2023,27.7,28,27.4,27.6,86,74948,2072493
31 MAR 2023,28,28,27,27.7,118,83370,2304495.5
30 MAR 2023,27.8,28,27,27.5,187,148997,4093733.3
29 MAR 2023,27.6,27.8,27.5,27.7,89,144066,3989844.5
28 MAR 2023,27.9,27.9,27.3,27.6,110,164563,4535078.6
27 MAR 2023,27.5,28,27.4,27.6,199,196175,5439197.2
24 MAR 2023,27.8,28,27.5,27.6,229,169266,4687714.1
23 MAR 2023,29,29,28,28.1,287,299456,8434793.7
22 MAR 2023,29.3,29.3,28.8,28.8,150,80310,2321628.2
21 MAR 2023,29.1,29.9,28.9,29.1,220,167815,4902386.6
20 MAR 2023,30,30,29.1,29.2,196,136977,4027770.3
17 MAR 2023,30,30,29.1,29.4,220,274741,8084742.4
16 MAR 2023,30,30.4,29.4,29.5,226,382012,11402107.2
15 MAR 2023,29.9,29.9,29.4,29.5,140,207829,6138331.7
14 MAR 2023,30,30,29.4,29.6,158,178242,5316222.2
13 MAR 2023,30,30,29.5,29.7,133,68658,2042584.3
10 MAR 2023,31,31.2,29.8,30,173,174908,5317862.2
9 MAR 2023,29.8,30.9,29.6,30.7,338,558598,16999503.9
8 MAR 2023,29.9,30,29.4,29.5,215,171739,5103829.4
7 MAR 2023,30,30.2,29.4,29.6,234,281761,8377763
3 MAR 2023,29.2,30.3,29.2,29.5,145,160886,4773065.3
2 MAR 2023,29.5,29.9,29.1,29.5,110,81012,2386750.4
1 MAR 2023,29.5,29.8,29.2,29.4,75,166405,4906219.3
28 FEB 2023,29.5,29.5,28.9,29.3,136,176128,5163552.5
27 FEB 2023,30.5,30.5,29.4,29.7,129,164857,4887470.2
24 FEB 2023,30.5,31,29.9,30,284,423986,12837500
23 FEB 2023,30.2,31.1,29.6,30.9,360,680809,21006005.2
22 FEB 2023,29.2,31.3,29.2,30,383,650028,19539986
21 FEB 2023,28.5,29.4,28,28.8,244,506327,14516707.3
20 FEB 2023,27.3,28.5,27.3,28.1,155,478767,13544233.1
17 FEB 2023,27.9,27.9,27.5,27.5,110,112548,3107498.4
16 FEB 2023,28,28,27.1,27.7,138,126518,3493420.2
15 FEB 2023,27.2,27.5,26.8,27.1,238,4104499,110845573.4
14 FEB 2023,28,28,26.6,27,372,724538,19630843.7
13 FEB 2023,27.5,28.6,27.1,27.3,157,141082,3838837.8
10 FEB 2023,28.2,29,27.5,27.6,201,193776,5394190.8
9 FEB 2023,28,28,27.6,27.7,140,95654,2647702.8
8 FEB 2023,28,28.2,27.8,28,245,343988,9624910.6
7 FEB 2023,29.3,29.3,28,28.3,211,206482,5880294.1
6 FEB 2023,28,29.3,28,29,204,347934,10064239.2
3 FEB 2023,28,29,28,28.1,202,526158,14781871.4
2 FEB 2023,28.7,29.3,28,28.1,339,1063550,29851458.4
1 FEB 2023,28.6,29,28,28.6,163,159724,4551865.5
31 JAN 2023,29,29.1,28.3,28.5,194,229066,6574401.7
30 JAN 2023,29.5,29.6,28.9,29.1,174,148604,4328541.1
27 JAN 2023,29.9,30.1,29.2,29.3,178,153849,4525314.9
26 JAN 2023,30,30.3,29.8,30,95,50236,1506501.8
25 JAN 2023,30.4,30.9,29.6,29.9,194,208334,6277445.4
24 JAN 2023,30.9,31.6,29.6,29.9,339,289979,8809046.4
23 JAN 2023,31.3,31.8,30.6,30.9,424,482356,14980387.2
20 JAN 2023,28.8,31.8,28.8,30.7,792,1362798,41500910.4
19 JAN 2023,27.5,28.8,27,28.1,282,839640,23540882.2
18 JAN 2023,27,27.4,26.7,26.9,111,110636,2979797.7
17 JAN 2023,27.5,27.5,26.5,26.7,162,71110,1899759.9
13 JAN 2023,27.2,27.5,26.7,27,140,104279,2820519.8
12 JAN 2023,26.9,27.9,26.8,27.3,103,79686,2167102.6
11 JAN 2023,28,28,27,27.3,212,146149,4009008
10 JAN 2023,28.5,28.9,28,28.2,279,224758,6355779.6
9 JAN 2023,29,29,28.4,28.5,164,126003,3617871.3
5 JAN 2023,29,29,28.5,29,105,90786,2627346.5
4 JAN 2023,29.6,29.6,28.5,29,159,102660,2981566.8
3 JAN 2023,29.4,29.8,29.2,29.5,136,75209,2224616.3
2 JAN 2023,29.7,29.7,29.2,29.4,157,246237,7242665.7
30 DEC 2022,28.2,30,28.2,29.1,402,400593,11670947.4
29 DEC 2022,28,28.2,27.8,27.8,125,76570,2136389.5
28 DEC 2022,28.5,28.8,28,28,101,102090,2872596.2
27 DEC 2022,27.7,29,27.7,28.2,185,291658,8306657.2
23 DEC 2022,28,28.5,27.6,27.8,119,115611,3221868.9
22 DEC 2022,28.4,28.4,27.8,28,41,15638,436686.6
21 DEC 2022,29,29,27.7,27.8,160,481451,13474119
20 DEC 2022,28.4,28.8,28.1,28.4,113,197140,5585921.8
19 DEC 2022,28.3,28.9,28.1,28.2,99,77183,2185172.6
16 DEC 2022,28.8,29,28.1,28.3,129,124835,3550424.5
15 DEC 2022,29.4,29.5,28.6,28.8,135,1236744,35330107.7
14 DEC 2022,29.5,29.5,28.7,29.1,150,219377,6379433.7
13 DEC 2022,28.5,29.2,28.3,29,224,422766,12252110.7
12 DEC 2022,29,29.5,28.5,28.6,146,169780,4882022.3
9 DEC 2022,29.2,29.2,28.5,28.7,135,215539,6219307.9
8 DEC 2022,28.7,29.5,28.5,29,248,489636,14153198.2
6 DEC 2022,29,29,28.5,28.6,247,343940,9861383.3
5 DEC 2022,29,29.3,28.8,29,210,401764,11650194.2
2 DEC 2022,29,29.6,28.4,28.6,190,301151,8626067.1
1 DEC 2022,29.4,29.5,28.5,28.7,287,367539,10622822.7
30 NOV 2022,28.7,29.3,28.5,29,245,451859,13106362.8
29 NOV 2022,28.8,29.4,27.7,28.1,202,250418,7112528.4
28 NOV 2022,28.4,28.9,27.5,28.7,146,176662,5007405.2
25 NOV 2022,26.5,27.9,26.5,27.3,136,164388,4490549.3
24 NOV 2022,27.9,27.9,26.4,26.6,227,109989,2957275.8
23 NOV 2022,27.6,28.3,27.4,27.9,227,338046,9417439.1
22 NOV 2022,26.5,27,25.8,26.9,167,99413,2640401.1
21 NOV 2022,25,26.9,25,25.3,297,372276,9416112.6
18 NOV 2022,27,27,25,25.3,364,358496,9260622.3
17 NOV 2022,28.1,28.2,26.5,26.6,231,182221,4956356.4
16 NOV 2022,28.3,28.7,26.9,27.1,420,428298,11675041
15 NOV 2022,29,29.7,28,28.3,301,326000,9321596.2
14 NOV 2022,29.5,29.5,27.9,28,478,918517,25975230.9
11 NOV 2022,29,30,28.6,29,304,468057,13628835.9
10 NOV 2022,30,30.8,28.2,28.5,439,623862,17890950
9 NOV 2022,28.7,30.2,27.6,28.9,266,190719,5429069.5
8 NOV 2022,31,31,28.1,28.3,536,555186,16007684.5
4 NOV 2022,30.6,31.5,30,30.4,170,330578,10142332.9
3 NOV 2022,30.9,31,29.7,30.4,506,1068448,32187400.2
2 NOV 2022,31,32.4,30.7,30.9,238,226384,7061865.6
1 NOV 2022,31.1,32,31,31.2,216,342957,10814064
31 OCT 2022,32.4,33.2,30,31.4,290,554982,17208800.5
28 OCT 2022,33,33.8,32,32.4,232,469873,15306608.3
27 OCT 2022,32.9,33.4,32.5,32.8,183,233628,7681698.8
26 OCT 2022,32.1,33.5,31.5,32.3,186,302836,9756329.5
25 OCT 2022,33,33,30.9,31.5,486,590940,18826464.8
21 OCT 2022,33.8,34.2,32.7,33.2,243,429936,14328623.4
20 OCT 2022,34.7,35,33.3,33.6,213,257758,8748382.1
19 OCT 2022,35,35.3,34.7,34.9,156,74218,2597091.6
18 OCT 2022,35,35.6,34.2,34.9,158,102642,3578491.2
17 OCT 2022,37,37,34.6,34.9,205,199429,7018203.9
14 OCT 2022,37,37.7,35.8,36,244,413539,15043863.4
13 OCT 2022,37,37.5,36.5,36.8,281,313019,11550715.3
12 OCT 2022,35.4,36.9,32.9,35.7,460,594126,20729891.5
11 OCT 2022,37,37.9,35.5,35.9,352,212614,7750330.6
7 OCT 2022,39.6,39.6,37.1,38.3,383,390214,14971744.9
6 OCT 2022,40.8,40.8,39.5,39.6,303,261791,10457750.3
5 OCT 2022,39.4,41.4,39.4,40.4,337,539762,21773541.5
4 OCT 2022,40.1,42.4,37.8,39.1,750,764861,30264207.9
3 OCT 2022,42.8,42.8,40,40.9,369,323110,13415577
30 SEP 2022,42.1,43.8,41.2,43,650,841700,36093851.8
29 SEP 2022,41.5,41.5,40,40.9,267,341585,13979221.8
28 SEP 2022,40.9,42,40.8,41.4,324,513765,21219919.7
27 SEP 2022,41,41,40,40.7,363,363701,14721505.3
26 SEP 2022,42.1,42.1,40.5,41,502,757192,31053930
23 SEP 2022,43.9,43.9,42.4,42.5,248,235042,10080626.7
22 SEP 2022,43,44.5,42.8,43.4,330,611368,26379654.6
21 SEP 2022,45,45,42.4,43,1089,2002014,86209487.1
20 SEP 2022,47.5,48.7,44.8,45.6,1253,2498888,117030895.5
19 SEP 2022,42.5,47.4,42.5,46.6,2703,4309255,196607101.4
16 SEP 2022,41.9,41.9,40.5,41.4,220,609144,25130958.3
15 SEP 2022,41.7,42.2,41,41.4,408,735972,30685469.2
14 SEP 2022,42,42.5,41.5,41.7,316,861701,36068909.6
13 SEP 2022,44,44.3,41.8,42.1,328,396836,16978422.2
12 SEP 2022,44,44.5,43,43.2,407,670006,29202286.9
9 SEP 2022,42,43.8,41.5,42.6,433,659662,28013611.7
8 SEP 2022,40.5,42,40.5,41.4,415,879530,36477296.5
7 SEP 2022,40.9,41.9,40,40.4,231,229968,9346760.4
6 SEP 2022,40.4,40.9,39.3,40.2,317,279487,11168997.8
5 SEP 2022,41.5,41.5,40.1,40.4,278,272588,11037969.2
2 SEP 2022,42,42,41,41.4,183,129988,5395305.3
1 SEP 2022,42,42.6,41,42,286,661586,27762666.7
31 AUG 2022,41,42.6,40,40.2,260,525300,21355362.5
30 AUG 2022,40,40.9,39.5,40.1,223,199626,7989341.6
29 AUG 2022,40.5,41.5,38.5,39.5,167,107562,4279092.3
26 AUG 2022,40,41,38.9,40.3,197,179117,7132716.4
25 AUG 2022,41,41.6,39.2,40,258,244621,9855000
24 AUG 2022,42,42,40.1,41,228,235709,9626835.9
23 AUG 2022,44,44.5,41.6,42.3,336,599325,25371598
22 AUG 2022,44.8,45,43,43.6,272,488414,21372445.7
19 AUG 2022,45,45.2,43.5,44.8,465,1293285,57666452
18 AUG 2022,42.5,45.2,41.3,44,496,532023,23170342.5
17 AUG 2022,43,43.1,41.1,41.7,465,910635,38208394.4
16 AUG 2022,45,45.1,42.5,43.1,649,1507572,65909798.3
15 AUG 2022,47,47.9,44.5,45.1,961,1949631,88681364.3
12 AUG 2022,44.2,47,41.1,45.8,1631,4636027,210167262.1
10 AUG 2022,37.6,44.2,37.6,41.1,798,1765365,71380071.3
9 AUG 2022,35.1,36.5,33.2,34.3,396,578545,20013287.1
8 AUG 2022,37,37,34.6,35.1,303,351353,12381252.2
5 AUG 2022,37,37.9,35.1,36.1,302,666311,24346931
4 AUG 2022,36.6,38.1,36.6,36.9,357,545072,20257523.6
3 AUG 2022,37.5,38,36.4,36.6,389,645917,23759663.6
2 AUG 2022,37,38.6,36.5,37.1,652,1045773,38908599.4
1 AUG 2022,34,38.5,34,37.2,1701,3441852,128008716.2
29 JUL 2022,32,33.8,32,33,757,4366752,144102578.5
28 JUL 2022,29.3,31.5,29.3,30.8,351,944704,28950115.3
27 JUL 2022,30.2,30.4,29.7,29.9,104,91592,2750656.5
27 JUL 2022,30.2,30.4,29.7,29.9,104,91592,2750656.5
26 JUL 2022,29.6,30.3,29.1,29.8,147,353771,10571923.6
25 JUL 2022,30,30.3,29.1,29.3,91,163960,4839038.1
22 JUL 2022,30,30.4,29,29.8,147,176924,5276184.5
21 JUL 2022,29.5,30.8,29.3,30.1,497,930652,27985878
20 JUL 2022,28.4,30.5,28.4,29.3,446,689451,20465831.8
19 JUL 2022,26.9,28.3,26.9,28,192,336551,9330028.9
18 JUL 2022,26.4,27,26.2,26.8,166,379488,10142911.3
15 JUL 2022,25.8,26.5,25.8,26.1,144,170306,4439149.3
14 JUL 2022,25.2,25.9,25,25.2,75,55966,1412080.3
12 JUL 2022,26,27,25.1,25.4,120,80505,2067628.6
11 JUL 2022,24,26.4,23.5,25.4,147,231049,5790929.6
8 JUL 2022,23.4,24.4,23.4,24,100,261869,6258127.6
7 JUL 2022,23.6,23.7,23,23.4,117,109599,2557882
6 JUL 2022,25,25,23.5,23.7,125,69122,1650803
5 JUL 2022,25.1,25.1,24,24.1,226,177540,4322366.9
4 JUL 2022,26.5,26.5,24.8,25.1,242,216744,5445521.5
1 JUL 2022,25.5,26.8,25.1,26,98,193185,4977504.1
30 JUN 2022,26,26,25,25.4,124,99897,2538729.6
29 JUN 2022,26.6,26.9,25.3,25.9,166,185871,4843969.2
28 JUN 2022,26.8,27.6,26.1,26.6,82,81822,2178683.5
27 JUN 2022,28.1,28.1,26,26.8,139,83429,2256613.5
24 JUN 2022,28,29,27.7,28.1,109,108629,3043707
23 JUN 2022,28.6,28.6,27.1,27.7,44,25351,705944.8
22 JUN 2022,27.6,29.8,27.4,27.5,99,97048,2741132.2
21 JUN 2022,26.4,28,26.4,27.4,91,402257,11007024.8
20 JUN 2022,27,27.4,26.1,26.4,163,178721,4706287.3
17 JUN 2022,29.7,29.7,27.6,27.9,179,117511,3287303.6
16 JUN 2022,30.3,31.2,29.1,29.7,130,92323,2759540.4
15 JUN 2022,32,32,30.3,30.8,164,115030,3553585.7
13 JUN 2022,32,33,31.1,31.5,232,241711,7717863.7
10 JUN 2022,30,32,28.6,31,345,700881,21676562.1
9 JUN 2022,27.8,30.9,27.7,29.5,234,322393,9298630.4
8 JUN 2022,28.4,28.4,27.1,27.7,87,63526,1761447.1
7 JUN 2022,27.3,28,26,27,190,234118,6242527.5
6 JUN 2022,28,28.5,27.2,27.9,150,118129,3291600.4
3 JUN 2022,29.7,29.7,28.2,28.6,122,84936,2438173.2
2 JUN 2022,28.5,29.8,28.1,29.5,168,1075437,31706480.9
1 JUN 2022,29,29.6,27.5,28.4,164,154560,4388099.6
31 MAY 2022,29.2,29.9,28.5,28.7,154,78048,2248350.1
30 MAY 2022,30,30,29,29.2,221,278397,8168353.3
27 MAY 2022,30,30.9,29.5,30.1,185,742076,22534275.4
26 MAY 2022,30.9,30.9,30,30.2,134,317262,9564206.5
25 MAY 2022,31,31,29.9,30.5,87,196464,5964338.1
24 MAY 2022,31.6,31.9,30,30.2,207,318974,9674770.3
23 MAY 2022,33,33,31,31.6,152,94613,3003353.4
20 MAY 2022,33,33,31,31.4,274,334147,10639848.8
19 MAY 2022,34,34,31.6,32.3,150,200568,6565708.9
18 MAY 2022,35.4,35.5,32.7,33.5,296,396479,13653650.7
17 MAY 2022,34,35.5,34,35.2,321,486204,17070749.5
13 MAY 2022,31.2,34,31.2,33.1,375,664085,22006139.3
12 MAY 2022,27.6,31,27.6,30.7,233,461955,13896916.2
9 MAY 2022,27.5,29,27,27.6,150,185648,5165693.2
6 MAY 2022,27.2,27.6,26.6,27,195,175530,4739232.2
5 MAY 2022,29,29,27.2,27.6,233,217112,6023939.3
4 MAY 2022,30.3,30.3,28,29.5,186,120560,3486027.6
29 APR 2022,33,33,28.6,30.1,315,337188,10293334.4
28 APR 2022,27,32.8,26.4,31.2,404,901191,26022832.7
27 APR 2022,21,29,21,27.6,487,1411145,33184965
26 APR 2022,25,25,22.5,23.4,146,147953,3551278.2
25 APR 2022,26.1,27,26,26.1,85,103912,2710537.1
8 APR 2022,30,31.4,28,30,283,344448,10076880.9
7 APR 2022,32.4,32.4,30,30.2,262,265961,8140794.5
6 APR 2022,33,34,32,32.4,216,132886,4358850
5 APR 2022,32.1,33.4,31,32.8,300,317091,10228253.4
4 APR 2022,31,35,28,30.8,398,534290,16420564.3
1 APR 2022,31.1,32.5,31.1,31.1,27,87622,2741645.1
31 MAR 2022,34.9,35,30.6,32.5,280,279788,9128217.4
30 MAR 2022,37.1,37.1,32,34.7,486,848535,28795958.1
29 MAR 2022,39.8,39.8,37.1,37.3,335,466134,17919192.6
28 MAR 2022,40,40,39,39.3,216,151257,5961655.5
25 MAR 2022,40.5,41.4,39.5,40.1,210,223813,9025914.2
24 MAR 2022,41.1,41.1,39.1,40.3,136,103483,4152545.9
23 MAR 2022,42,42,40.5,40.7,144,129776,5319621.6
22 MAR 2022,41.5,42.2,41.3,41.4,166,182960,7614754.5
21 MAR 2022,42,42.5,41,41.5,214,420412,17466551.9
18 MAR 2022,41.9,42.8,40.8,41.3,231,246922,10188877.6
16 MAR 2022,41.2,41.9,39,41.2,341,436082,17551385.2
15 MAR 2022,42,43.4,40.5,41.1,465,577813,24050645.3
14 MAR 2022,40,43.8,39.7,41.9,1403,1911363,80593513.7
11 MAR 2022,39.5,41,39.2,39.7,651,638965,25569228.3
10 MAR 2022,35.7,38.7,35.6,37.9,313,402150,14995864.1
9 MAR 2022,37.2,38,35.5,35.9,351,222260,8007392.1
8 MAR 2022,39,39.7,36,36.6,480,495267,18824045.1
7 MAR 2022,38.7,38.7,37,37.1,371,273010,10322514.7
4 MAR 2022,38,38.5,37.7,38.2,195,160947,6152986.7
3 MAR 2022,39,39.2,38,38.1,328,305939,11780087.6
2 MAR 2022,40.8,40.8,38.8,39,442,314565,12370127
28 FEB 2022,38,39.9,38,39.7,442,325257,12904061.8
25 FEB 2022,36,39.9,35.9,38.2,664,840774,31144094.8
24 FEB 2022,38.5,39,36,36.3,671,551681,20504654.9
23 FEB 2022,40.5,40.5,37.5,38.6,694,820022,31751093.6
22 FEB 2022,40.1,41.4,39.9,40.3,429,517806,20987379.3
21 FEB 2022,40.4,40.8,39.6,40.1,677,1254834,50309318.1
18 FEB 2022,41.5,41.5,40.2,40.4,455,383109,15567695.8
17 FEB 2022,41.4,41.8,40.3,41.5,611,610816,25022511.9
15 FEB 2022,42,42,41.1,41.3,593,398013,16467401.6
14 FEB 2022,42.2,42.6,41.3,41.7,667,542100,22708584.1
11 FEB 2022,43,43,40.9,41.8,2250,2393506,100409675.4
10 FEB 2022,44,45.4,43.1,44.5,616,491933,21722126.3
9 FEB 2022,45.8,46,43.9,44.5,870,749930,33698219.5
8 FEB 2022,47,47,45.5,45.7,778,397069,18214322.8
7 FEB 2022,47.1,47.9,46.6,46.8,422,283851,13342938.7
3 FEB 2022,46,47.6,45.9,47,489,384318,17996612.4
2 FEB 2022,47.8,48,45.6,46.6,1007,895862,42146093.6
1 FEB 2022,48.5,48.5,47.6,47.7,589,382166,18301443.3
31 JAN 2022,48.7,49,47.9,48.1,441,345063,16648249.3
28 JAN 2022,49,49,47.6,48.1,655,563192,27162384.3
27 JAN 2022,48.8,49.9,48.3,48.6,533,564016,27548028.5
26 JAN 2022,49.5,49.7,48.1,48.7,553,460534,22487666.6
25 JAN 2022,49.9,49.9,48.8,49,635,751185,37009221.4
24 JAN 2022,49.5,49.9,49.1,49.7,520,774170,38346227.9
21 JAN 2022,49.1,49.6,49,49.2,464,571067,28150519.5
20 JAN 2022,49.5,49.9,49,49.2,775,1225208,60390810.7
19 JAN 2022,49.8,49.8,49.3,49.5,393,432142,21409180.7
18 JAN 2022,49.5,49.9,49,49.6,696,938703,46348501.9
13 JAN 2022,49.6,49.8,49,49.2,700,640932,31545060.4
12 JAN 2022,50,50.2,49.4,49.6,824,755104,37526968.7
11 JAN 2022,50.6,51,49.6,49.7,869,1002027,49992734
10 JAN 2022,52,52,49.7,50.2,866,1641187,83024341.5
7 JAN 2022,51,52.4,50.5,51.9,777,1744827,89742085.6
6 JAN 2022,51,51.5,49.5,50.9,716,978910,49317984.7
5 JAN 2022,52.5,53,51,51.2,1062,1197770,62032703.5
4 JAN 2022,50.5,52.4,49.8,51.4,1683,2707135,136496765.2
3 JAN 2022,51,51.5,49.9,50.5,833,703187,35390806.6
31 DEC 2021,51.1,51.9,50.5,50.7,672,1169967,59489322.6
30 DEC 2021,50.9,51.1,50.7,51,351,668671,34068307.8
29 DEC 2021,52,52,50.5,50.7,486,503573,25686893.6
28 DEC 2021,52,52,51,51.2,330,312624,16030724.1
27 DEC 2021,53,53.1,51.7,51.9,395,642101,33474092.7
24 DEC 2021,52,52.5,51.9,52.1,181,173077,9022443.2
23 DEC 2021,51,52.9,50.4,51.3,604,851523,44071293.5
22 DEC 2021,50.7,51.4,50,50.4,294,391957,19881239.6
21 DEC 2021,50.4,50.7,49.4,50.1,614,777406,38847912.4
20 DEC 2021,51.9,52,50.4,50.7,559,438219,22367663.9
17 DEC 2021,53,53,51.7,52.1,443,835005,43799913.6
16 DEC 2021,52.7,53.4,52.5,52.7,675,1327175,70190548.5
15 DEC 2021,51.4,53.3,50,51.9,1030,1332923,68528150.3
14 DEC 2021,51.2,52,51,51.2,635,821311,42205261.8
13 DEC 2021,51.6,52.5,51.1,51.5,631,685947,35469091.2
10 DEC 2021,52,53.5,51.1,51.5,581,662404,34253526.4
9 DEC 2021,50.7,53.5,50.1,52.1,715,1512172,77433025.1
8 DEC 2021,50.6,50.7,50,50.4,404,784839,39491397.3
7 DEC 2021,50.2,51.9,50,50.6,560,924483,47004939.7
6 DEC 2021,51.3,51.3,49.5,50.1,592,620444,31029447.9
3 DEC 2021,51.5,51.5,50,50.4,549,828356,41969838.1
2 DEC 2021,52.3,52.5,51,51.1,598,747476,38296661.3
1 DEC 2021,52.8,53.5,51.1,51.7,1148,1234707,64444903.8
30 NOV 2021,54.9,56,51.5,52.3,1972,3055022,165581383.9
29 NOV 2021,51.3,54.5,50,53.7,2675,4701881,248596603.7
26 NOV 2021,48,49.4,47.8,48.5,739,1127756,54871982.8
25 NOV 2021,47.2,48.5,46.8,47.7,723,1104410,52728517.8
24 NOV 2021,48.7,48.7,46.9,47,914,1154278,54449834.9
23 NOV 2021,49.4,49.4,47.9,48,723,1109697,53664181.6
22 NOV 2021,49.7,50.2,49.2,49.4,495,517409,25717139.9
19 NOV 2021,49.1,51.4,48.7,49.6,1353,1899853,94978734
17 NOV 2021,47.9,49.3,46.6,47.7,1058,1278394,60466259.1
16 NOV 2021,48.3,48.3,46.3,47.2,1094,934142,44123506.2
15 NOV 2021,47.7,49.5,47.5,48.6,724,752401,36553674.3
12 NOV 2021,48.9,49.5,47.7,48.8,842,930411,44906588.7
11 NOV 2021,49,49.5,48.5,48.7,958,1104800,54185790.6
10 NOV 2021,49,49,46.5,48.1,2273,2479351,117634862.5
9 NOV 2021,51,51.1,49.2,49.5,1994,2357172,117302205.2
8 NOV 2021,52,52.4,51,51.2,1154,1225873,62981235
5 NOV 2021,52.5,52.5,51.6,51.9,1027,997170,51896898.2
3 NOV 2021,52.7,53.4,52.2,52.3,644,1015779,53354012.9
2 NOV 2021,52.9,53.5,52.3,52.7,902,847325,44555367.6
1 NOV 2021,54.5,54.5,52.8,53,678,671708,35749097.7
29 OCT 2021,53.7,54.5,53,54,596,968305,51938230.3
28 OCT 2021,54.3,54.4,53.5,53.6,546,441740,23777057.8
27 OCT 2021,53.9,54.7,52.9,54.2,716,1700797,91554354.4
26 OCT 2021,53,54,52.1,53.2,2445,5324059,281661836.8
25 OCT 2021,54,54,52.7,52.9,1488,2831521,150210643.9
22 OCT 2021,53,54.7,53,54.2,786,1205321,64933143.4
21 OCT 2021,54.5,54.5,52.8,52.9,1321,1963171,104171541.5
18 OCT 2021,53.7,54.5,52.9,53.7,1121,1285729,68527565.7
15 OCT 2021,54.3,54.3,53,53.5,809,852127,45728882.2
14 OCT 2021,54,54.2,53.8,54,383,499634,26971758.7
13 OCT 2021,54,54,53,53.3,1003,1394851,74364098.8
12 OCT 2021,54.7,54.7,53.9,54,1041,985977,53433651.1
11 OCT 2021,54.5,55.5,54.2,54.9,471,295523,16168287.2
8 OCT 2021,54.6,55.5,54.1,54.8,896,1110358,60570955.7
7 OCT 2021,55.8,55.9,54.8,55.2,773,809386,44722074.1
6 OCT 2021,54.7,56,52.8,55.1,1879,2429362,131659577.9
5 OCT 2021,55.9,55.9,53.9,54.2,2952,3681948,200783344.4
4 OCT 2021,56.6,56.7,55.1,55.5,2047,3409161,189483838.8
1 OCT 2021,58.6,58.6,56.4,56.6,2319,3391741,193612866.1
30 SEP 2021,59.9,59.9,58.1,58.6,756,1174213,68947281.8
29 SEP 2021,59.5,59.5,58.2,58.4,528,1005800,58959812.6
28 SEP 2021,59,60,58,58.1,867,1660522,97454573
27 SEP 2021,57.6,59,57.6,58.5,855,1587962,92381794.4
24 SEP 2021,57,57.9,56.8,57.3,556,688993,39370510.6
23 SEP 2021,56.7,57.3,56.7,56.8,360,491638,28004460.4
22 SEP 2021,56.5,57.6,56.4,56.5,514,663019,37741900.6
21 SEP 2021,58,58,56.5,56.6,655,592286,33619336
17 SEP 2021,58,58.8,56.6,57.7,613,618067,35451646.3
16 SEP 2021,60,60,57.5,57.9,778,816538,47603607.7
15 SEP 2021,57.4,60.8,56.6,59.3,1116,1773207,104404256.7
14 SEP 2021,56,57.8,55.5,56.6,945,968726,54799617.1
13 SEP 2021,58.2,58.2,54.9,55.3,1637,2089939,117710303
10 SEP 2021,61.6,61.6,57.5,58.4,1410,1983998,116931560.1
9 SEP 2021,59.9,61.5,57.5,60.8,1525,2239344,134038795.6
8 SEP 2021,60.2,63,56.5,58.8,3599,5787145,339951232.6
7 SEP 2021,64.4,64.9,60,62.4,2438,3727394,232182600.8
6 SEP 2021,66.5,67,63,64.4,1971,2609479,169430238.7
3 SEP 2021,68.4,68.4,66,66.5,1756,2216143,147950766.4
2 SEP 2021,69.1,69.9,67.8,68.1,1980,4991622,341281606
1 SEP 2021,66.8,70.2,66.1,68,2711,7043595,479439284.4
31 AUG 2021,67,79.5,64,65.6,3177,7512408,493624338.3
30 AUG 2021,70.1,72,66.1,67.1,7193,18483403,1281714020.6
27 AUG 2021,60,67.5,60,65.8,8056,25940310,1684168214.4
26 AUG 2021,58.5,60.2,58.2,59,1980,5180425,307437338
25 AUG 2021,59.5,60.5,57.4,57.9,2045,5163192,303887564.5
24 AUG 2021,58.1,62,57.6,58.8,3829,10128302,602743264.3
23 AUG 2021,55,58,54.9,57.3,1882,5993790,336299033.5
20 AUG 2021,55.6,56.6,54.5,55.1,997,1921541,106145387.5
19 AUG 2021,58,58.2,55.5,56.1,1400,2078302,117352263.6
18 AUG 2021,55,57.7,55,57,1766,4215504,237811582.4
17 AUG 2021,53.4,54.8,53.4,54.5,513,859433,46544704.7
16 AUG 2021,53.6,53.7,53,53.4,164,157402,8391028.9
13 AUG 2021,53.8,55,53.2,53.5,1039,2354928,126532675.6
12 AUG 2021,54.1,54.2,52.2,52.6,1541,2220328,117311756.6
11 AUG 2021,54.8,54.9,53.9,54.4,519,1429328,77528638.5
10 AUG 2021,55,55.7,54,54.3,1028,1882625,102650721.4
9 AUG 2021,55.5,56,54,55,976,2016887,110728701.7
6 AUG 2021,53.5,56.9,53.3,55,1630,4248413,235061695.5
5 AUG 2021,56.5,57.3,54,54.3,2649,6790035,375503328.7
4 AUG 2021,59.1,59.5,56.9,57.3,1381,3705827,215260043.2
3 AUG 2021,58.3,59.2,58.3,58.9,1293,4484755,263454827.7
2 AUG 2021,57.3,58.4,56.9,58.2,857,1682938,97116798.2
30 JUL 2021,58,58.4,56.6,56.8,606,1075451,61312504.4
29 JUL 2021,57.5,58.5,57.5,57.7,247,348510,20123391
28 JUL 2021,57.4,58.2,57,58,534,940330,54272024
27 JUL 2021,58.1,58.3,56.9,57.2,1308,2813001,161694671.2
26 JUL 2021,60,60.1,57.9,58.3,1746,3715116,218927784.6
22 JUL 2021,59.5,60.6,58.9,59.3,2525,8564916,511911006.8
20 JUL 2021,56.4,59,56.3,58.4,2730,6213599,358814966.4
19 JUL 2021,54.5,57,54,56.2,2199,5347675,296532406
16 JUL 2021,55,55,54.2,54.4,502,1307405,71328572.7
15 JUL 2021,54.2,55.1,54,54.5,669,1959579,107256117.7
14 JUL 2021,54.1,54.4,53.8,54.1,554,1824435,98569063.1
13 JUL 2021,53.5,54.2,53.4,54,621,1811972,97687800
12 JUL 2021,52.7,53.5,52.6,53.3,550,976207,51761728.3
9 JUL 2021,52.5,52.9,52.4,52.6,417,1281055,67323871.5
8 JUL 2021,52.3,52.8,52.2,52.3,245,222974,11722114.9
7 JUL 2021,52,52.9,51.9,52.2,235,372665,19469549.1
6 JUL 2021,53,53,51.9,51.9,528,1107515,57648456.9
5 JUL 2021,52,53.7,52,52.7,875,1196887,63348471.3
2 JUL 2021,51.5,51.9,50.4,51.6,443,605393,30917124
1 JUL 2021,51.1,51.5,50.9,51,385,353114,18024194.3
30 JUN 2021,51,51.4,50.1,50.8,1075,1405312,71100362.2
29 JUN 2021,51.6,52.3,51.4,51.7,505,698459,36099440.4
28 JUN 2021,52.5,52.7,52,52.1,315,359254,18741885.3
25 JUN 2021,52.5,52.7,51.9,52.4,325,675532,35298254.4
23 JUN 2021,51.9,52.8,50.9,52.2,621,1549894,80463861.6
22 JUN 2021,52.8,53.4,51.2,51.9,644,1516112,79019933.3
21 JUN 2021,54.6,54.6,52.6,52.9,1000,1477383,78430857.6
18 JUN 2021,54.2,55.4,54.2,54.6,1429,3481748,191160287.7
17 JUN 2021,54,54.5,53.5,54,851,1963629,106107174.6
16 JUN 2021,52.7,53.9,52.3,53.5,855,1962992,104727829.2
15 JUN 2021,51.6,52.8,51.6,52.2,515,742889,38894546.1
14 JUN 2021,51.8,52,50.9,51.8,896,823602,42294652.4
11 JUN 2021,52,52,50.9,51.1,2092,3686159,188757392.7
10 JUN 2021,53,53,51.9,52.1,956,1616477,84379626
9 JUN 2021,52.5,53,52,52.2,746,1305000,68181065.6
8 JUN 2021,53,53,52,52.6,471,383550,20144087.9
7 JUN 2021,53.5,53.5,52.6,52.9,798,1104834,58634224.3
4 JUN 2021,54,54,52.9,53.1,767,1032365,54871508.2
3 JUN 2021,53.2,54.1,52.8,53.6,709,1341446,71955573.8
2 JUN 2021,52.4,53.4,52,53,932,1464716,76919503.6
1 JUN 2021,51.5,52.4,50.7,51.9,2333,4239842,218018015
31 MAY 2021,53.2,53.3,51.4,51.8,2827,4312675,225218946.1
28 MAY 2021,53.3,53.7,52.7,52.9,1214,1034677,54796418
25 MAY 2021,53,54,52.9,53,495,398213,21151157.2
24 MAY 2021,52.9,53.5,51.6,52.8,1120,1319380,69382053.5
21 MAY 2021,55,55,52,52.9,2018,3277791,173431331.9
20 MAY 2021,56.1,56.1,54,54.5,1141,1452958,79563562.1
19 MAY 2021,57.9,58.5,55.5,56,1574,3683132,208846978.8
18 MAY 2021,57,57.2,55.9,56.9,743,2288306,130071831.2
17 MAY 2021,56,57.5,56,56.9,1106,2928011,166482945.5
13 MAY 2021,54.2,55.8,54.1,55.6,455,1181789,65195428.9
12 MAY 2021,55.3,55.4,54.3,54.6,437,585799,32193294.7
11 MAY 2021,55,55.5,54.4,54.7,308,437219,23998572.5
10 MAY 2021,56.7,56.7,54.3,54.5,842,1233786,67979707.1
7 MAY 2021,55,57,55,56.6,833,1723569,96770117.4
6 MAY 2021,55,55.7,54.6,55,479,846870,46703768.9
5 MAY 2021,53.2,54.7,53.2,54,353,567684,30681464.8
4 MAY 2021,57.3,57.3,52.9,53.2,902,1482549,80671331.9
3 MAY 2021,55.6,55.9,53.9,54.4,681,1219990,66854502.2
30 APR 2021,54.5,56,54.5,55.5,328,445820,24672108
29 APR 2021,56.9,57.2,54.1,55.3,916,1892789,105027217.6
28 APR 2021,52.4,56.7,52.4,56.1,1507,3121964,170998083.1
27 APR 2021,53.5,54.9,52.2,52.4,1581,2957152,157252048.8
23 APR 2021,55,56.2,53.3,54.6,1571,3124076,170901918.1
22 APR 2021,57.8,58.1,55.1,56.5,1441,3446445,194874059.5
21 APR 2021,55,58.3,54.1,57.7,1798,3974434,224646382.9
20 APR 2021,59.9,59.9,54.7,55.5,3103,6866073,388747413.9
19 APR 2021,61,61,58.9,59.7,1285,3127295,187375979.7
16 APR 2021,61,61,57.1,60.3,2220,4487684,266483027.7
15 APR 2021,59.5,61.9,59.5,60.8,2433,6184861,375343028.7
12 APR 2021,56.3,59.1,56.3,58.7,1936,5519632,321435376.5
9 APR 2021,57.2,58.5,55.9,56.2,1915,4310701,246035390.5
8 APR 2021,55.5,57.3,54.4,56.8,1787,5091544,285490645.8
7 APR 2021,55,58.6,53.8,55.2,3719,9398692,528914070.5
6 APR 2021,50,54.4,49.5,53.4,2132,5031127,262595453.2
5 APR 2021,47.5,50.5,47.5,49.3,1682,4043458,198595258.3
1 APR 2021,46.6,48.1,46,47.1,686,1851041,88014579
31 MAR 2021,46.8,46.8,46,46.4,407,916090,42408761.8
30 MAR 2021,47,47.2,46,46.3,349,566970,26403750.9
29 MAR 2021,46.5,47.4,45.7,46.9,674,2272168,105899862.1
26 MAR 2021,45.4,46.3,44.6,46,488,1619784,75383276.7
25 MAR 2021,47,48.2,44.6,45.6,1181,2018267,94671505.5
24 MAR 2021,44.4,47,43.9,46.7,1406,2931018,135230463.9
23 MAR 2021,44.9,45.8,43.4,45,900,934587,41893103.7
22 MAR 2021,42.5,44.8,42.5,44.1,1126,1479549,64985641.8
19 MAR 2021,43.2,44.3,41,42.3,1291,2631257,110838023.2
18 MAR 2021,46,46,43.6,43.9,1177,1712381,75714538.6
17 MAR 2021,47.8,48,45.9,46.2,710,991985,46061804.6
16 MAR 2021,49,49.8,45.6,48.3,1301,1763393,83592828.7
15 MAR 2021,52,52.7,48.4,48.7,1218,1920561,95635962.3
12 MAR 2021,50,52,50,51,1137,2851006,145187681.3
10 MAR 2021,50,51.6,48,49.5,1048,1325567,65840711.9
9 MAR 2021,52,55.5,49,50.2,4167,8311895,435571329.8
8 MAR 2021,45,51.4,44,50.1,3205,6620007,315729394.9
5 MAR 2021,41.5,44.5,39,43.3,1682,2848287,118865693.1
4 MAR 2021,44,46,39.5,40.2,1682,3060222,127064364.1
3 MAR 2021,46.5,46.5,40.5,43.2,1719,2931028,127005399.6
2 MAR 2021,49.9,49.9,45.9,46.8,1606,2119333,100363345.4
1 MAR 2021,50.3,51.9,48.7,49,1216,1753048,87323516.8
25 FEB 2021,50,51.8,47.9,50.3,1296,2765735,137687734.1
24 FEB 2021,49.2,51.8,48.6,50.1,1537,3628788,183808224.8
23 FEB 2021,55.2,55.2,47.4,49.2,3024,5307407,268380998.5
22 FEB 2021,58,59.5,55.1,55.8,1668,2728937,155451287.1
19 FEB 2021,63.2,63.4,59,60.1,1425,2010982,122364268.7
18 FEB 2021,63,64,61.3,62.9,1320,2448936,153692852.5
17 FEB 2021,60.6,62.9,55.7,61.2,1912,3538232,211564237.1
16 FEB 2021,67.5,69.1,55.7,60.3,3259,6076993,382922389.9
10 FEB 2021,700,710,645,665,2180,839924,573438417.5
9 FEB 2021,749,749.75,690,718.5,1557,490578,349757359.25
8 FEB 2021,720,760,720,733.75,2048,566831,420084391.75
5 FEB 2021,690,709,665,706.75,1390,482209,333921322.75
3 FEB 2021,625,700,613.25,664.5,1614,552653,362910466.5
2 FEB 2021,720,738.25,550,613.25,1773,616680,414110415.25
1 FEB 2021,715,720,685,689,1137,392041,273986762
29 JAN 2021,760,760,680,703,1693,504758,360238346.25
27 JAN 2021,735,765,715,742.25,1611,597971,443770786.25
26 JAN 2021,700,750,700,728,3031,1100731,802278211
25 JAN 2021,570,699.75,565.25,686.75,3430,1406185,887209649
22 JAN 2021,589,605,551,561.25,2880,1024449,589300045.5
21 JAN 2021,475,625,475,576,4621,3533330,1939151210.25
20 JAN 2021,415,450,402,441,1441,1069400,460087257.75
19 JAN 2021,435,440,410.25,416.5,1036,417423,176860068
18 JAN 2021,415,445,411,428.75,1355,1049588,450728376
15 JAN 2021,384.5,408,384,401.25,1172,1834616,726183568.5
13 JAN 2021,372,384.5,372,381.5,812,743161,282566943.25
12 JAN 2021,346,372,346,365.75,887,1100703,398755340.75
11 JAN 2021,343,348,340,345.25,405,560299,193169391.25
8 JAN 2021,340,345,339,340,250,80989,27586699.5
7 JAN 2021,347,347,339.6,340.6,533,386134,131829771.1
6 JAN 2021,346.5,350,340.7,345.3,327,171672,59377695.4
5 JAN 2021,343,347,342.7,345.8,377,246617,85171747.4
4 JAN 2021,350.1,351,340,343,666,247843,85298710.5
31 DEC 2020,349.4,350,345.1,347.3,627,475483,166182780.2
30 DEC 2020,340,348,338.3,345.1,736,1387058,472704596.3
28 DEC 2020,339,339.5,335,338.3,376,128538,43426386.7
24 DEC 2020,329.4,339.9,328,337.9,752,467105,155821393.4
23 DEC 2020,328.8,329.9,327,327.9,318,92873,30548385.6
22 DEC 2020,327.9,329,324,327.2,201,39539,12951447.1
21 DEC 2020,319.9,329.9,313.5,321.8,486,231374,75589425.6
18 DEC 2020,318.4,318.5,312,313.1,534,122064,38282996
17 DEC 2020,320,320,314,315,764,149775,47196392.2
16 DEC 2020,320,327.9,317.8,318.5,413,108309,34660415
15 DEC 2020,327,327,320,320.2,441,307753,98690580.1
14 DEC 2020,330,330,322,325,402,133747,43635295
11 DEC 2020,320.9,330.9,317.7,327.3,458,115031,37312179.2
10 DEC 2020,326,328.4,319.9,320.9,607,213046,68717676
9 DEC 2020,329.9,329.9,324.5,325.7,388,86455,28234840.2
8 DEC 2020,330.1,331,327.7,328.2,532,205107,67420248.1
7 DEC 2020,338,339.9,333,336.3,498,225709,76006348.9
4 DEC 2020,337.6,338.8,335,336.8,262,141699,47703545
3 DEC 2020,337,337.5,334,336,251,231030,77557487.4
2 DEC 2020,340.5,341,335,335.6,327,119420,40284209.1
1 DEC 2020,339,342.7,338.5,340.4,431,184083,62663273.8
30 NOV 2020,341,342,336.5,338.3,868,349895,118352881.6
27 NOV 2020,332.8,337.5,330,334,470,269375,89977488.8
26 NOV 2020,329,339,329,330.3,812,428622,142442925.7
25 NOV 2020,315,334.9,315,332.4,1468,1414530,461465700.7
24 NOV 2020,311,317.5,310,314.1,1024,652557,205130203.5
23 NOV 2020,317,317,308.6,309.4,1553,1000428,310017109.5
20 NOV 2020,324.8,324.8,317,318,850,277364,88410592.8
19 NOV 2020,326.1,330,320,320.5,458,338204,108883845.9
18 NOV 2020,334.9,334.9,325.2,329.7,288,162994,53983741.1
17 NOV 2020,324.1,332.5,319,331,1115,979356,320722171.3
16 NOV 2020,326,329,321.1,323.1,354,270286,87451890.4
13 NOV 2020,325,331.9,322,324.1,571,544039,176389436.6
12 NOV 2020,340,340,320,327.6,866,484366,157911621.7
11 NOV 2020,331,345,300,336.6,2558,2494812,802949153.6
10 NOV 2020,350,365,323,330.8,1874,681358,231803918.2
9 NOV 2020,400,400,369,375.6,1294,554225,208354083.7
6 NOV 2020,400,425,394,396.3,2147,866947,350756003.5
5 NOV 2020,351,399,351,390.5,2677,1574060,588238008.1
4 NOV 2020,325,333,325,328.5,584,555618,182259698
3 NOV 2020,313.9,324.9,310,323,645,558369,176669710.6
2 NOV 2020,305,313,300,310.7,580,662184,202479321.4
29 OCT 2020,300,316,299.9,314.3,433,381589,117877552.6
28 OCT 2020,309,315,298,299.9,424,209954,63486825.7
27 OCT 2020,310,318,307,309,297,161185,50164560
26 OCT 2020,291,312.5,290,307.8,397,154248,46850172.1
23 OCT 2020,321,323,309,313.2,385,134012,42372281.6
22 OCT 2020,299.9,325,290.1,319.7,333,111916,35321137.8
21 OCT 2020,328.2,328.2,300,310,494,190350,59298191.1
20 OCT 2020,334.8,335,318,328.2,346,140869,46459705.1
19 OCT 2020,332,347,331,334.8,325,124116,42031853.8
16 OCT 2020,332,335,318,330.5,462,170129,55556235.6
15 OCT 2020,328.9,345,328,331.3,733,237971,79650000.7
14 OCT 2020,295,329,293,326.2,835,461375,142740260.1
13 OCT 2020,250,290,250,285.8,504,374087,102694375.8
12 OCT 2020,223,245,223,240.6,413,386994,91204922.8
9 OCT 2020,215.3,225,215,218.9,107,95584,21017610.1
8 OCT 2020,207.5,222.9,207.5,215.3,263,162606,35211792.6
7 OCT 2020,210,212,205,209.7,131,61287,12856029.8
6 OCT 2020,192,215,190.1,202.9,283,121708,24900500
5 OCT 2020,218,218,199,200.8,374,215451,44021946.4
2 OCT 2020,225,225,223,224.3,104,57216,12864875.4
30 SEP 2020,225,225,222,224.1,87,34256,7672776.9
29 SEP 2020,220,225,217,223.6,122,81709,18163684.5
28 SEP 2020,218,225.1,217,224.7,142,95357,21226906.3
25 SEP 2020,220,220,216,217.4,63,27460,5977566.8
24 SEP 2020,220,222,217.5,220.1,118,106892,23437408
23 SEP 2020,220,220,211,216.2,146,76824,16574764.7
22 SEP 2020,206.5,219,206,214.4,199,159296,33692722
21 SEP 2020,202,207,200,204.7,107,179785,36567477.8
18 SEP 2020,204,204,200.2,202.7,70,31712,6449443.9
17 SEP 2020,205,210,200,203.8,199,183808,37720007.5
16 SEP 2020,199.9,205,199.9,203.1,197,159784,32592568.1
15 SEP 2020,193,199.8,193,198.3,299,297495,58989061.9
14 SEP 2020,186.5,193.7,186.5,192.5,107,170765,32493998.3
11 SEP 2020,187.2,187.5,186,186.3,50,41122,7673365.7
10 SEP 2020,187,188,186,187.5,92,145656,27297369.8
9 SEP 2020,187.5,188.9,186.2,186.7,86,94274,17707378.6
8 SEP 2020,184.5,189.9,184.5,187.4,136,81627,15322381.7
7 SEP 2020,180.9,184.9,180.9,184,109,29851,5480367.9
4 SEP 2020,179.5,184.9,177.5,180.9,135,71640,12914232.6
3 SEP 2020,181,182,179.5,179.9,134,41813,7541310.9
2 SEP 2020,180,186.9,180,182.9,172,66105,12148621.3
31 AUG 2020,176,180,176,179.2,120,67237,12045800.1
28 AUG 2020,171.5,179,171,175.1,159,40302,7053540.1
27 AUG 2020,172.5,173.7,170.5,172.2,65,30649,5286256.6
26 AUG 2020,172,175,168.6,172.7,137,81948,14201004.2
25 AUG 2020,169,171.9,165,169.9,59,19248,3263899
24 AUG 2020,169,175,169,171.4,100,39091,6722389.2
21 AUG 2020,163,170.9,163,169,361,222679,37511523
20 AUG 2020,158.5,162.3,155,159.2,111,190398,30248630.2
19 AUG 2020,155.2,158,150.1,155.1,126,100965,15466215.5
18 AUG 2020,160,162,157.2,158,77,84458,13329292.2
17 AUG 2020,166,166,158.1,160.2,157,75775,12179269.9
14 AUG 2020,172,179,161,166.6,388,273776,47233857.2
13 AUG 2020,151,168.7,151,165.3,620,383772,61631857
12 AUG 2020,146.8,146.8,143.5,144.4,50,105572,15280196.2
11 AUG 2020,143.5,145,143,144,71,94186,13591169.3
10 AUG 2020,144,145,142,143.7,156,54068,7772939.9
7 AUG 2020,143,145,138.1,142.3,122,88899,12584241
6 AUG 2020,138,144,137.9,140.3,131,172390,23999571.7
5 AUG 2020,137,138,135,136.2,24,5834,797305
4 AUG 2020,134.9,138,134,137.3,167,388747,53044576
31 JUL 2020,135,135,134.5,134.8,29,22990,3100796.9
30 JUL 2020,135,135,131.9,132.2,20,15453,2063230.2
29 JUL 2020,132.3,136,132.3,133.4,16,4911,652215.6
28 JUL 2020,137,137,132.1,134.1,19,2884,387637.2
27 JUL 2020,138,138,132.5,135,29,12827,1744143
24 JUL 2020,137,139.9,137,137.7,64,22658,3126936.7
23 JUL 2020,125.1,139.9,125,136.9,174,290115,38261494.2
22 JUL 2020,128.4,129,125.1,125.7,81,71499,9179132
21 JUL 2020,127.8,129,123.5,125.7,84,52914,6733895.1
20 JUL 2020,114.3,127.9,114.3,126.6,102,71557,8690610
17 JUL 2020,115,116.4,114.2,114.3,14,2699,310813.5
16 JUL 2020,110,116.5,110,114.1,13,3652,410991.1
15 JUL 2020,110.1,113.8,109.8,111,13,5675,626447.5
14 JUL 2020,112.5,117,111,112.5,38,6313,716187.8
13 JUL 2020,110,113.2,103.5,111,184,83487,9042398
10 JUL 2020,121,121,115.1,116.4,71,30053,3518880
9 JUL 2020,122.9,124.7,122.9,124,60,43798,5425250.4
8 JUL 2020,120,123,119.8,122.9,85,48907,5904995.4
7 JUL 2020,110,119,110,117.6,113,61299,6908983
6 JUL 2020,106.5,110,106.1,110,27,67497,7412664.1
3 JUL 2020,108.7,109.5,108,108.2,45,26374,2860964.5
2 JUL 2020,111.5,112.5,108.1,108.3,87,36381,4018976.5
1 JUL 2020,104,111.5,103.9,109.1,84,30202,3273177
30 JUN 2020,102,104,100,102.1,57,27041,2741684.4
29 JUN 2020,97,100,97,99.6,36,21317,2106105.4
26 JUN 2020,96.5,99,96.5,97.1,23,12546,1216830.5
25 JUN 2020,93.5,96,92.5,94.7,28,29959,2833797
24 JUN 2020,91,94,90,92,15,14213,1284424
23 JUN 2020,91,91,90,90,26,50182,4517642
22 JUN 2020,90,92,89.7,90.1,36,70885,6380374.1
19 JUN 2020,89.9,92,89.9,90,22,14169,1277157.9
18 JUN 2020,90,90,89.9,90,26,9340,840594
17 JUN 2020,92,92,89.9,90,56,52100,4689094.2
16 JUN 2020,86.7,91,83.3,90,25,20361,1828613
15 JUN 2020,89.4,89.5,89,89,13,8162,728233
12 JUN 2020,85,91.8,85,89.5,55,41923,3730364.1
11 JUN 2020,85,85,83.6,84.9,33,14056,1194051
10 JUN 2020,84.9,85,84,84.5,8,1891,159988.6
9 JUN 2020,85,85,84.3,84.9,35,13617,1156641.4
8 JUN 2020,83,85,83,85,29,14415,1218963.3
4 JUN 2020,84.5,84.5,84.5,84.5,1,100,8450
3 JUN 2020,84.9,85,83.5,83.5,7,2920,246667.3
2 JUN 2020,85.5,85.5,82.2,83.5,8,4019,337604.8
1 JUN 2020,82.1,82.1,82,82,11,3465,284255
29 MAY 2020,84.9,85.9,83,83.3,6,720,60008
28 MAY 2020,80.1,84,80,84,16,12700,1063683
27 MAY 2020,80,82,80,82,10,6072,495764
26 MAY 2020,82,82,80,80,27,46883,3755400
22 MAY 2020,80,82,80,80.4,9,8600,693050
21 MAY 2020,82,82,80,80.5,15,8651,704687.9
20 MAY 2020,81.9,81.9,81,81.3,15,8106,659274.3
19 MAY 2020,82,82,78.1,81.4,14,5802,475324
18 MAY 2020,78.7,82,78.7,79.6,17,15455,1230610
15 MAY 2020,78.9,78.9,78.9,78.9,2,400,31560
14 MAY 2020,75,80,75,76.6,13,4631,353977
13 MAY 2020,70,75,70,73.6,22,22773,1663200.5
12 MAY 2020,60,70,60,68,39,27829,1833997
11 MAY 2020,57,57,57,57,1,200,11400
20 MAR 2020,57,57,56,57,5,551,31387
13 MAR 2020,61,63.9,55.6,61,23,2990,179396.8
12 MAR 2020,70.1,70.1,61,65,41,5734,381430.2
11 MAR 2020,71,71,70.4,71,7,233,16535.8
10 MAR 2020,72,72,70,70,37,10959,777836.7
6 MAR 2020,74,74,74,74,6,1481,109594
5 MAR 2020,74.2,74.2,74.1,74.1,11,3518,261014.8
4 MAR 2020,79.4,79.4,70.5,71.1,36,9093,684447.5
3 MAR 2020,79,79.9,79,79.7,8,7825,624030.8
2 MAR 2020,79,79,79,79,3,10000,790000
28 FEB 2020,79,79,79,79,6,141,11139
26 FEB 2020,79.2,79.2,79,79,3,963,76080.4
25 FEB 2020,80,80,79.2,80,4,2208,176632
24 FEB 2020,80.1,80.1,80,80,23,20118,1609733.7
20 FEB 2020,82,82,80.1,80,2,64,5128.3
19 FEB 2020,80.1,80.1,80,80,15,24000,1920260
18 FEB 2020,80,80.1,80,80,15,16423,1313860.1
17 FEB 2020,80.2,80.2,80,80,4,1200,96020
14 FEB 2020,83.9,83.9,82,82,3,2001,164083.9
13 FEB 2020,84,84,80,83.3,27,17380,1421200.1
12 FEB 2020,84,84,83.9,84,6,3501,294047.5
11 FEB 2020,84.2,84.5,84.2,84.5,6,5205,439522.5
10 FEB 2020,83,84.9,83,84.6,10,1600,133384.9
7 FEB 2020,81.5,83,81.5,83,3,7100,578800
6 FEB 2020,83.6,83.6,80.7,81.4,3,103,8388
5 FEB 2020,82.4,83.9,81,83.4,9,265,22056.5
3 FEB 2020,81,81,80.5,80.5,7,1000,80510.5
31 JAN 2020,80,83.4,80,83.4,4,949,79115.2
30 JAN 2020,83.4,83.4,80,80.5,7,455,36649.6
29 JAN 2020,79.9,82.8,79.9,79.9,4,303,24215.2
28 JAN 2020,80.2,80.2,79.4,79.5,22,5734,458577.3
27 JAN 2020,83.5,83.5,81,81,3,971,78653.5
24 JAN 2020,80,83.4,80,80,2,30201,2416083.4
23 JAN 2020,83.9,83.9,83.9,83.9,3,1250,104875
22 JAN 2020,81.7,84,81.6,82.4,6,2011,165359.6
14 JAN 2020,84,84,84,84,2,100,8400
13 JAN 2020,82.2,82.2,82,82.2,6,886,72819.2
9 JAN 2020,80.1,82.2,80,81,20,8734,709801.8
8 JAN 2020,82.1,82.1,75.5,75.6,4,1906,144150
7 JAN 2020,85,85,82.2,82.9,10,1980,166226
6 JAN 2020,84.2,88.4,83,83,13,2246,188516
3 JAN 2020,84.2,89,84.2,85,9,3136,266598.5
2 JAN 2020,85,85,84,84.3,6,3065,259780
31 DEC 2019,83.1,83.1,83.1,84,1,15,1246.5
30 DEC 2019,85,85,84,84,5,1010,84895
27 DEC 2019,85,85.1,85,85,7,2548,216630
26 DEC 2019,85,87.9,85,85.3,3,101,8617.9
24 DEC 2019,84.9,84.9,83,83,6,1843,155767.7
23 DEC 2019,85,85,85,85,2,1839,156315
16 DEC 2019,84,84,84,85,1,1,84
13 DEC 2019,83,85,83,85,2,116,9828
12 DEC 2019,85,85,83.2,83.2,4,101,8405
10 DEC 2019,82.2,83.1,82,83,5,248,20494.3
9 DEC 2019,84.7,84.7,83,85.2,2,95,7898.6
6 DEC 2019,86.1,87.3,85,85.2,12,6370,543205.2
5 DEC 2019,87.9,87.9,85.4,86.1,21,9220,795646.3
4 DEC 2019,88,92,87,87.6,15,4155,364261
3 DEC 2019,87.7,90.5,87.7,90.4,29,24561,2205489
2 DEC 2019,90,92,87.1,88,98,64498,5723094.5
29 NOV 2019,85,90,83,85.8,99,77749,6663286
28 NOV 2019,82.9,84,82,83.1,42,10110,840431.4
27 NOV 2019,80.6,82,80,81.5,34,23135,1868017.7
26 NOV 2019,81.9,82,80,82,19,5139,416663.1
25 NOV 2019,79.1,81.9,79.1,80,6,1021,81663.9
22 NOV 2019,80,82,80,80,9,12023,961852
21 NOV 2019,80.2,81,80,80,14,11940,955800
20 NOV 2019,80,81,79.5,80,34,26220,2097591
19 NOV 2019,81.1,81.1,80,80,32,19070,1534553.9
18 NOV 2019,83,83,80,83,6,1102,91462.5
15 NOV 2019,80.1,82,80.1,80,3,30,2404.9
14 NOV 2019,82,82,80,80,12,5748,460603.2
13 NOV 2019,80.1,80.1,80,80,6,5000,400001
8 NOV 2019,82,82,82,80,2,19,1558
7 NOV 2019,80,80,79.2,80,9,2006,160475.2
6 NOV 2019,80,82,79,80.6,7,3000,241889.4
5 NOV 2019,82,82,81.8,81.9,10,1686,138113.4
4 NOV 2019,82,82,82,82,2,520,42640
1 NOV 2019,81,81.1,81,81,12,16290,1319492
31 OCT 2019,80.5,84,80.5,81,8,7046,569574.5
30 OCT 2019,80.5,80.5,80.5,80.5,3,350,28175
29 OCT 2019,80.2,80.5,80.2,80.5,6,2225,179045
28 OCT 2019,80.5,80.5,80.5,80.5,1,92,7406
25 OCT 2019,80.5,80.5,80.5,80.5,13,2795,224997.5
24 OCT 2019,80.5,80.5,80.5,80.5,7,405,32602.5
23 OCT 2019,80.5,80.5,80.5,80.5,2,1369,110204.5
22 OCT 2019,78.6,80.5,78,78.1,6,831,64907.9
21 OCT 2019,78.1,78.1,78,78.1,3,482,37621.4
18 OCT 2019,80,80,80,80,6,10000,800000
17 OCT 2019,80,80,79.9,80,2,11,879.9
16 OCT 2019,80,80,80,80,3,2410,192800
15 OCT 2019,81.1,81.1,80,80.6,3,218,17565.5
14 OCT 2019,82,83,81,83,6,651,53835.9
9 OCT 2019,79.9,82.5,79.9,79.9,7,1936,154757.4
8 OCT 2019,79.9,79.9,79.9,80,1,40,3196
7 OCT 2019,80,80,78.2,80,5,37,2930.9
4 OCT 2019,79.9,79.9,79.9,80,2,45,3595.5
3 OCT 2019,77,77,77,80,1,25,1925
30 SEP 2019,79.9,79.9,79.9,80,1,1,79.9
27 SEP 2019,79.9,80,79.9,80,5,2531,202370.5
26 SEP 2019,80,80,80,80,1,2500,200000
25 SEP 2019,80,80,80,80,1,1000,80000
24 SEP 2019,76.1,76.1,75,75.2,6,871,65541
23 SEP 2019,77.5,77.5,76.1,77,21,820,62815
20 SEP 2019,78,78,78,78,3,100,7800
18 SEP 2019,80,80,78,78.3,4,1200,94000
10 SEP 2019,78.1,78.1,78,78,4,500,39012
9 SEP 2019,78.6,78.6,78.6,78.6,5,225,17685
6 SEP 2019,79.9,79.9,79.9,80,2,35,2796.5
5 SEP 2019,80,80,80,80,1,400,32000
4 SEP 2019,78.6,78.6,78.6,80,1,21,1650.6
3 SEP 2019,80,80,80,80,2,800,64000
2 SEP 2019,78.6,81.5,78.6,79,10,3301,260741.5
30 AUG 2019,80,80,80,80,4,3000,240000
29 AUG 2019,78.6,80,78.6,79.5,4,381,30327.4
28 AUG 2019,80,80,80,80,1,5000,400000
27 AUG 2019,81,82,81,81.3,5,500,40672.3
23 AUG 2019,80,80,80,80,2,1000,80000
22 AUG 2019,78,78,78,80,1,29,2262
20 AUG 2019,80,80,79,80,2,50,3960
16 AUG 2019,80,80,79.8,80,13,35448,2835814.8
15 AUG 2019,79.5,79.5,79.5,79.1,2,60,4770
13 AUG 2019,78.8,79.1,78.8,79.1,3,620,49006
8 AUG 2019,76,84,76,78.5,15,12674,1051266.4
7 AUG 2019,79,83,75.2,78.1,34,4123,323879.2
6 AUG 2019,78.2,78.2,78.2,81.8,1,13,1016.6
5 AUG 2019,87,87,87,81.8,1,1,87
2 AUG 2019,81.5,81.8,81.5,81.8,7,9884,807583.3
1 AUG 2019,87,87.5,85,85.1,8,2668,228989.5
31 JUL 2019,86,86.7,86,86,4,1039,89381.3
30 JUL 2019,86.9,87.9,86.9,86.9,12,1656,143907.4
26 JUL 2019,86.9,86.9,86.9,86.9,9,1000,86900
25 JUL 2019,86,86,83,83,11,6366,540053
24 JUL 2019,84,85.1,84,85,7,11416,970230.6
23 JUL 2019,82.5,82.6,82.5,82.5,6,2146,177140.6
22 JUL 2019,82.8,82.8,82.8,84,2,10,828
19 JUL 2019,84,84,84,84,2,1010,84840
18 JUL 2019,84,84,82,82,4,67100,5504200
17 JUL 2019,83,84,81.1,82.2,10,247,20305.5
15 JUL 2019,80.1,83,78,80.7,25,6300,506373.5
9 JUL 2019,83.5,83.5,83.5,82,1,4,334
8 JUL 2019,80.1,80.1,80.1,82,1,2,160.2
4 JUL 2019,79.9,82,79.9,82,3,1015,83217.4
3 JUL 2019,77.5,77.5,77,77,7,569,43832
2 JUL 2019,77,77,77,79.9,2,3,231
1 JUL 2019,79.9,80,79,79.9,3,2001,159879.2
28 JUN 2019,79.9,79.9,79.9,75.1,1,2,159.8
27 JUN 2019,76.7,76.7,75,75.1,7,1213,91151.1
26 JUN 2019,79.8,79.8,79.8,79.8,2,300,23940
24 JUN 2019,80,80,79.8,79.9,2,3,239.6
21 JUN 2019,80,80,79.9,79.9,4,4182,334360
20 JUN 2019,80,80,79,79,12,3710,295608.2
18 JUN 2019,81.2,81.8,79,79,13,6997,560470.6
12 JUN 2019,80,81,80,80.6,4,273,21942.3
11 JUN 2019,80,80,80,78,1,1,80
10 JUN 2019,76.1,76.1,76.1,78,1,7,532.7
4 JUN 2019,78.3,78.3,78,78,6,617,48128.6
3 JUN 2019,78.1,78.1,78.1,76.1,1,15,1171.5
30 MAY 2019,81,81,81,76.1,1,2,162
28 MAY 2019,76.5,88.9,76,76.1,4,2661,202476.3
27 MAY 2019,75,75.5,75,75,5,1349,101199.5
23 MAY 2019,79,79,79,79,1,100,7900
22 MAY 2019,78,78,78,78,1,10,780
21 MAY 2019,78,78,78,78,1,50,3900
17 MAY 2019,78,78,78,78,1,1000,78000
16 MAY 2019,76.1,77.1,76.1,77,5,930,71623
14 MAY 2019,76.5,76.5,76,76.1,6,522,39747
13 MAY 2019,77,77,77,77,5,91,7007
10 MAY 2019,77.1,77.1,77.1,77,4,50,3855
8 MAY 2019,77,77,77,77,1,3,231
6 MAY 2019,77,77,77,77,1,33,2541
3 MAY 2019,77,77,77,77,18,847,65219
25 APR 2019,80,80,80,80,1,60,4800
17 APR 2019,80,80,80,80,1,1000,80000
16 APR 2019,82.8,82.8,82.8,82.8,1,350,28980
11 APR 2019,83,83,83,82.8,1,1,83
8 APR 2019,85,85,82.5,82.8,3,112,9275
4 APR 2019,85,85,85,82,1,1,85
2 APR 2019,81,82,81,82,9,3675,299823.5
1 APR 2019,80.1,81.8,80,81.2,8,2074,167506
28 MAR 2019,80,80,80,78,2,30,2400
27 MAR 2019,78,79.9,78,78,2,1001,78079.9
26 MAR 2019,77.1,78,77,77.4,6,2500,193504
22 MAR 2019,77.2,80,77.1,77.2,4,170,13123.5
21 MAR 2019,77.6,77.6,77.5,77.5,3,1038,80448.8
19 MAR 2019,78.1,79.9,78,78,10,4480,349459.5
18 MAR 2019,78.2,79.9,78,78.2,7,370,28959.5
15 MAR 2019,80,80,80,80,3,412,32960
13 MAR 2019,78,79,78,78,5,3113,242857.8
12 MAR 2019,80,82,80,80,5,3045,245600
11 MAR 2019,80.1,82,80,80.1,9,165,13218.6
8 MAR 2019,80,81,80,80,9,7896,633366
5 MAR 2019,80,84.7,80,80,14,6923,553923
28 FEB 2019,81.3,81.3,81.3,81.3,2,100,8130
27 FEB 2019,81,81.1,81,81,7,3015,244316.5
26 FEB 2019,81.5,81.1,81.1,81.5,1,1,81.1
25 FEB 2019,81.5,81.1,81.1,81.5,1,4,324.4
22 FEB 2019,81.5,84.9,81.2,81.5,6,565,46046.3
21 FEB 2019,80.1,84.9,80,80.1,12,2774,225897
20 FEB 2019,80.2,82.5,80,80.2,36,25465,2069048
18 FEB 2019,85.7,88.6,85,85.7,21,19735,1697683.4
15 FEB 2019,89.4,90,90,89.4,1,5,450
14 FEB 2019,89.4,88.6,88.6,89.4,1,5,443
13 FEB 2019,89.4,90,88.7,89.4,9,2632,234849.7
12 FEB 2019,90,89,89,90,3,99,8811
11 FEB 2019,90,90,90,90,3,205,18450
8 FEB 2019,90,91,90,90,11,1800,162083
7 FEB 2019,90,90.3,90,90,11,6074,546938.7
6 FEB 2019,91.3,91.4,91,91.3,5,1309,119270.6
5 FEB 2019,91,91,91,91,10,2813,255983
1 FEB 2019,92,91,91,92,1,4,364
31 JAN 2019,92,99,91,92,69,34203,3182446.7
30 JAN 2019,91.1,91.2,91,91.1,5,599,54549
29 JAN 2019,91.1,91.1,91.1,91.1,5,988,90006.8
28 JAN 2019,90.1,90.1,90.1,90.1,2,1879,169297.9
25 JAN 2019,90,96,90,90,23,40793,3686623
24 JAN 2019,90.9,96,87,90.9,14,9694,881614.8
23 JAN 2019,89,89,89,89,4,110,9790
22 JAN 2019,87,89,87,87,4,1143,99719.5
21 JAN 2019,90,89,85.5,90,3,3,263.5
18 JAN 2019,90,89,85.1,90,2,6,514.5
17 JAN 2019,90,89.9,89.9,90,1,25,2247.5
14 JAN 2019,90,90,89.9,90,5,1212,109056.5
11 JAN 2019,85,85.1,85,85,3,3928,333885
10 JAN 2019,85,85.5,85,85,15,16968,1442325
9 JAN 2019,85,86.9,86.9,85,1,5,434.5
8 JAN 2019,85,85.5,85,85,17,15050,1280230.5
7 JAN 2019,85.9,86.9,85.8,85.9,5,182,15634.9
3 JAN 2019,85,87,85,85,3,802,68172
2 JAN 2019,85,88,85,85,16,8250,701253
31 DEC 2018,85,85,85,85,1,1,85
28 DEC 2018,85,85.1,85,85,3,1270,107951
27 DEC 2018,85,99.1,99.1,85,1,1,99.1
24 DEC 2018,85,85,85,85,2,589,50065
20 DEC 2018,85,85,85,85,3,862,73270
18 DEC 2018,85,85,85,85,2,550,46750
17 DEC 2018,85,85,85,85,7,2816,239360
14 DEC 2018,85,85,85,85,4,5001,425085
13 DEC 2018,85,85.1,85,85,3,201,17085.5
12 DEC 2018,85,85,85,85,1,200,17000
11 DEC 2018,85,85,85,85,10,6399,543915
10 DEC 2018,85,85,85,85,3,1928,163880
7 DEC 2018,85,85,85,85,4,3505,297925
6 DEC 2018,85,85,84,85,15,43010,3632921
5 DEC 2018,84,84.9,84,84,2,510,42849
4 DEC 2018,85,84.9,84.9,85,1,1,84.9
3 DEC 2018,85,86,82,85,8,1282,108978
30 NOV 2018,85,86.8,85,85,13,42557,3619364.8
28 NOV 2018,83.5,83.5,83,83.5,3,30400,2538200
27 NOV 2018,84.9,85,84.3,84.9,4,1188,100917.7
26 NOV 2018,81.5,81.5,81.5,81.5,2,3000,244500
23 NOV 2018,81.3,84.5,81.3,81.3,2,2607,211981.1
21 NOV 2018,81.3,84.9,81.3,81.3,12,8662,704224.2
19 NOV 2018,81.3,81.3,81.3,81.3,10,3000,243900
16 NOV 2018,86,88,81,86,18,11649,992858.8
15 NOV 2018,83.1,85,81,83.1,4,4282,355970
14 NOV 2018,88,88,87.9,88,3,10070,886159.8
9 NOV 2018,80,84.3,80,80,8,1011,80919.8
8 NOV 2018,80,80,80,80,1,40,3200
7 NOV 2018,80,80,80,80,8,6501,520080
5 NOV 2018,79,84.4,79,79,24,88303,6982014.4
2 NOV 2018,81.7,82.2,80,81.7,6,6938,566988
1 NOV 2018,82,82.4,82,82,10,5415,444065.6
31 OCT 2018,80,80,80,80,2,710,56800
30 OCT 2018,80.1,80.1,80,80.1,17,53500,4281610
29 OCT 2018,80,82,80,80,12,12499,1004551.7
25 OCT 2018,75.1,79.8,79.8,75.1,1,2,159.6
23 OCT 2018,75.1,78,75,75.1,19,7487,562701.4
19 OCT 2018,77.8,77.8,77.8,77.8,2,192,14937.6
18 OCT 2018,79.8,80,78.1,79.8,5,221,17642
17 OCT 2018,80.9,80.9,80.9,80.9,1,100,8090
16 OCT 2018,80,81,80,80,4,5233,418840
12 OCT 2018,82,84.7,82,82,4,232,19110.4
11 OCT 2018,82,84.9,84.9,82,1,1,84.9
10 OCT 2018,82,82,82,82,4,1920,157440
9 OCT 2018,82,82,81.9,82,5,1641,134557
8 OCT 2018,80.1,80.5,80.1,80.1,2,1150,92515
5 OCT 2018,80,80.3,80,80,9,2119,169553
2 OCT 2018,77.3,77.5,77,77.3,2,600,46350
28 SEP 2018,77,77.1,77,77,4,1190,91630.1
26 SEP 2018,77,77,77,77,4,4020,309540
25 SEP 2018,78,78,77,77,17,10800,833165
21 SEP 2018,77.1,77.1,77,77.1,4,1000,77090
20 SEP 2018,79,79,77.5,77.5,16,10320,801658
19 SEP 2018,80.1,80.1,79,79,6,1481,117482
18 SEP 2018,83,83,80,80,5,1141,91783.4
17 SEP 2018,80.5,80.5,80.5,80.5,3,3500,281750
14 SEP 2018,80.5,80.5,80.5,80.5,5,9500,764750
13 SEP 2018,80.5,80.5,80.5,80.5,1,3000,241500
12 SEP 2018,80.5,80.5,80.5,80.5,4,3605,290202.5
11 SEP 2018,81,81,80.5,80.5,7,3369,271222.5
7 SEP 2018,80.5,80.5,80.5,80.5,5,6022,484771
4 SEP 2018,80.5,80.5,80.5,80.5,7,12800,1030400
3 SEP 2018,80.5,80.5,80.5,80.5,1,10000,805000
30 AUG 2018,82,82,80.5,80.5,2,650,53075
29 AUG 2018,78,78,78,78,3,10,780
28 AUG 2018,78,78,78,78,10,210,16380
27 AUG 2018,77.1,80,77,77,7,2665,205221
24 AUG 2018,77,77,77,77.4,1,5,385
23 AUG 2018,76,80.5,76,77.4,4,685,52989.5
20 AUG 2018,78,78,77,77,8,2944,226998
17 AUG 2018,78,78.5,78,78,10,1069,83452.8
15 AUG 2018,80,80,80,80,1,2000,160000
14 AUG 2018,79,79,79,80,2,60,4740
13 AUG 2018,80.2,80.2,80,80,7,5300,424230
9 AUG 2018,81,81,81,81,1,300,24300
8 AUG 2018,82.9,83,80.4,80.4,10,2606,209832.6
6 AUG 2018,80,80,80,80,1,500,40000
3 AUG 2018,80,80,80,80,8,4217,337360
1 AUG 2018,80,80,80,80,4,1050,84000
31 JUL 2018,80,82.9,80,79.9,2,3,245.8
30 JUL 2018,80,80,78.2,79.9,3,2000,159820
26 JUL 2018,80,80,80,80,1,100,8000
25 JUL 2018,80,80.1,80,80.1,2,4000,320200
24 JUL 2018,78,78,78,78,1,1000,78000
23 JUL 2018,80.5,83,80.1,80.1,15,17368,1391760.6
19 JUL 2018,80,80.1,80,80.1,6,15310,1226301
17 JUL 2018,85,85,85,80,1,8,680
13 JUL 2018,79.5,80,79.5,80,5,3930,314294
12 JUL 2018,80,80,79.5,79.5,5,3046,242195
11 JUL 2018,80,80,80,79.5,1,37,2960
10 JUL 2018,79.5,79.5,79.5,79.5,5,3041,241759.5
9 JUL 2018,79,79.5,79,79.5,3,270,21461.5
6 JUL 2018,78.5,79,78.5,78.9,2,2031,160199
4 JUL 2018,66.2,79,66.2,79,2,51,4016.2
3 JUL 2018,79,79,78,79,5,2179,172091
2 JUL 2018,79.1,79.1,79.1,79,2,10,791
29 JUN 2018,79.1,79.1,79,79,3,2001,158091
28 JUN 2018,79,83,79,79,8,459,36452
25 JUN 2018,83,83,78,79.7,6,1123,89540
22 JUN 2018,80.6,80.6,80,80,5,216,17310
21 JUN 2018,82.9,82.9,80,80.6,8,664,53671
20 JUN 2018,82.9,82.9,82.9,80,1,10,829
18 JUN 2018,81.5,81.5,80,80,6,3014,241420
14 JUN 2018,80,81.9,80,81.4,3,594,48363.6
12 JUN 2018,80,82.9,80,80.1,5,1487,119105
8 JUN 2018,79,79,79,79,1,100,7900
7 JUN 2018,81,81,80,80,8,5004,400324
5 JUN 2018,80.6,80.6,80.2,80.5,8,22320,1796192
4 JUN 2018,81,81,80.8,81,5,217,17576.8
31 MAY 2018,84.9,84.9,81,81,4,3149,255176.5
30 MAY 2018,83.6,84.8,83,83.1,13,10307,856037.8
28 MAY 2018,88.3,88.3,88.3,84,1,1,88.3
25 MAY 2018,84.5,84.5,84,84,11,7762,652023.1
24 MAY 2018,84.9,84.9,84.9,84.5,1,1,84.9
23 MAY 2018,84,84.5,84,84.5,6,580,48976
22 MAY 2018,84.1,84.5,84.1,84.4,5,1525,128652.5
21 MAY 2018,86,86,85,85,15,21495,1829210
18 MAY 2018,87,87,86,86,20,6356,550647.3
17 MAY 2018,86,86,85,85.9,2,444,38140
15 MAY 2018,89.9,89.9,85,85,18,10958,931648.9
14 MAY 2018,85.5,85.5,85,85.5,5,18700,1591623.7
11 MAY 2018,86.9,87,86.9,87,9,23799,2070493.1
10 MAY 2018,86.8,87,86.5,86.5,7,16000,1388966.2
9 MAY 2018,86.8,86.8,85,85,2,1001,85086.8
8 MAY 2018,85.6,85.6,85.5,85.5,2,3700,316370
4 MAY 2018,90,90,84,87,56,275471,23152026.7
3 MAY 2018,93.5,93.5,85,85.1,31,32693,2794540.9
2 MAY 2018,90,90,88,88,5,1729,152702.1
27 APR 2018,90,90,90,90,4,305,27450
26 APR 2018,90,90,88,88,9,2405,212644
24 APR 2018,91,91,91,85.4,1,1,91
23 APR 2018,86.1,90,85,85.4,5,1306,111480
20 APR 2018,89.9,92,87,91.3,11,9200,840544
19 APR 2018,89.9,89.9,89.9,86,1,20,1798
16 APR 2018,88,88,88,86,1,20,1760
11 APR 2018,86,86,86,86,1,198,17028
10 APR 2018,86,86,86,86,3,100,8600
6 APR 2018,86,86,86,86,1,20,1720
3 APR 2018,86,86,86,86,12,1822,156692
2 APR 2018,92.9,92.9,92.9,92.9,2,100,9290
28 MAR 2018,87,87,85.5,85.5,4,3200,278101.5
27 MAR 2018,85,85,85,87,1,20,1700
23 MAR 2018,87,87,87,87,1,1000,87000
22 MAR 2018,87,87,87,87,2,1074,93438
21 MAR 2018,87,87,87,87,1,100,8700
19 MAR 2018,87.1,87.1,87,87,5,3500,304501
16 MAR 2018,87.1,90,87.1,92.2,4,45,3922.4
15 MAR 2018,90,90,90,92.2,2,24,2160
14 MAR 2018,92,92,92,92.2,1,20,1840
13 MAR 2018,92.3,92.3,92.1,92.2,3,210,19362
12 MAR 2018,90,93,87,89.2,6,183,16328.8
8 MAR 2018,86,87,86,86.2,8,650,55950
7 MAR 2018,85,85,85,85,10,10003,850255
6 MAR 2018,85,85,85,85,1,200,17000
5 MAR 2018,85,85,85,85.1,1,2,170
2 MAR 2018,85,85.5,85,85.1,8,828,70707.1
27 FEB 2018,86.1,86.1,83,87,3,11,944
23 FEB 2018,87,87,87,87,10,80808,7030296
22 FEB 2018,87,87,86.2,86.9,3,110,9562
21 FEB 2018,87.3,87.3,87,87,5,388,33842.4
20 FEB 2018,87.3,87.4,87.3,87.3,4,43,3756.3
19 FEB 2018,92,92,87,87.3,13,13051,1135768.6
16 FEB 2018,87.1,87.5,87.1,87.3,3,600,52340
15 FEB 2018,87.1,87.1,87.1,90,1,4,348.4
14 FEB 2018,95,95,90,90,3,204,18880
12 FEB 2018,93.5,93.5,86,86.2,12,1097,94567.9
9 FEB 2018,95,95,93.3,88,5,77,7297
8 FEB 2018,91.6,91.6,91.6,88,1,1,91.6
7 FEB 2018,90,90,88,88,5,8614,758832
6 FEB 2018,87.1,87.1,87.1,89.1,4,16,1393.6
2 FEB 2018,91.6,91.6,91.6,89.1,1,5,458
1 FEB 2018,89,92,89,89.1,44,49880,4513733.1
30 JAN 2018,85,85,85,85,1,3750,318750
26 JAN 2018,89,90,89,85,3,19,1693
25 JAN 2018,84,85,84,85,4,3905,331920
24 JAN 2018,85,85,85,85,8,2873,244205
18 JAN 2018,87.9,88,87.9,84.5,2,11,967
17 JAN 2018,84.5,84.5,84.5,84.5,1,700,59150
16 JAN 2018,84.1,84.9,84,84.9,4,2483,210717.8
11 JAN 2018,84.2,84.2,84,84,6,745,62602.5
10 JAN 2018,84.6,89,84.6,84.9,2,91,7703
9 JAN 2018,89,89,84.6,84.9,3,21,1825
8 JAN 2018,89.5,89.5,89.5,84.9,1,1,89.5
5 JAN 2018,86,90,84.5,84.9,8,176,14979.5
2 JAN 2018,85,100,85,90,7,1032,91880
29 DEC 2017,85,85,85,85,2,125,10625
28 DEC 2017,85,85,85,85,1,147,12495
27 DEC 2017,84,85,82,85,15,2716,226421.4
22 DEC 2017,85.9,85.9,85.9,85.9,1,1,85.9
13 DEC 2017,85.5,86,85.5,85.9,3,125,10737.5
12 DEC 2017,83.1,85.5,83.1,83.1,3,1902,158058.6
11 DEC 2017,83.6,83.6,83,83.1,5,3581,297755.4
7 DEC 2017,86,86,83.1,83.1,4,704,58801.4
5 DEC 2017,84.2,86,84.2,86,4,50374,4331490.8
29 NOV 2017,87,92.9,85.6,87,6,981,85357.5
28 NOV 2017,85,87,85,85.1,3,1250,106350
24 NOV 2017,85.1,90,85,85,9,7797,662808.7
23 NOV 2017,85.5,93.4,85.1,85.2,4,605,51535
22 NOV 2017,86,86,85.1,86,2,2998,257825.3
21 NOV 2017,88.9,99,85.1,85.1,8,615,55025
20 NOV 2017,85,85,85,85,2,18750,1593750
17 NOV 2017,82.8,83,82.8,85,3,60,4978
15 NOV 2017,85.9,85.9,85.9,85,1,1,85.9
14 NOV 2017,86,86,85,85,7,1629,138505
13 NOV 2017,87.9,87.9,87.9,87.9,2,9115,801208.5
10 NOV 2017,88,88,88,88,1,200,17600
9 NOV 2017,89.9,89.9,89.5,89.6,3,1411,126448.9
8 NOV 2017,88.3,88.3,88,88,11,4080,359300
7 NOV 2017,88.1,88.1,88.1,88.1,1,200,17620
6 NOV 2017,93.5,94.4,88,88.2,42,19126,1690698.3
2 NOV 2017,93.5,94,93.5,95,3,42,3927.5
1 NOV 2017,95,95.1,95,95,3,1000,95000.2
31 OCT 2017,95.2,95.2,95,95.2,4,302,28750
30 OCT 2017,97.9,98,97,98,6,1564,153227.1
27 OCT 2017,97,97,97,96,1,85,8245
26 OCT 2017,95.1,96,95.1,96,2,227,21781.2
25 OCT 2017,95.1,95.1,95,95.1,3,300,28511
23 OCT 2017,95.1,95.1,94.1,94.1,9,3660,345981
20 OCT 2017,96,98.9,95,95.2,13,1110,106684.7
19 OCT 2017,94,96,94,95,15,15144,1433494
17 OCT 2017,94,95,94,94.6,8,2900,274360
16 OCT 2017,95,95,94,94,3,500,47015
13 OCT 2017,95.5,95.5,95,95.1,4,685,65135
12 OCT 2017,98,100,98,99.9,5,7500,749072
11 OCT 2017,98,98,96.5,97.5,6,1201,117053
10 OCT 2017,97.9,98,97.9,98,2,200,19595
9 OCT 2017,99.9,99.9,96,96.1,17,11607,1115249.9
6 OCT 2017,99.9,99.9,99.9,93.2,1,1,99.9
4 OCT 2017,93.5,99.9,92.1,93.2,9,3030,282264.3
3 OCT 2017,99.5,100,98,99.2,10,1050,103784.3
2 OCT 2017,95,100,95,99.5,12,4605,457735.1
29 SEP 2017,93.5,93.5,93.5,93.5,3,4100,383350
27 SEP 2017,92.1,93,92.1,93,3,333,30942.9
26 SEP 2017,92.5,92.5,92.4,92.4,3,961,88796.5
25 SEP 2017,91.5,91.5,91.5,91.5,1,100,9150
22 SEP 2017,97.9,98,97.8,98,12,11381,1115288
20 SEP 2017,97.5,97.9,97.5,97.9,3,10,976.2
15 SEP 2017,98,98,98,97.9,1,40,3920
14 SEP 2017,98,98,97.5,97.9,6,126,12338
13 SEP 2017,94,97.5,93,95,14,11348,1077440.5
12 SEP 2017,94.9,94.9,94,93,2,20,1893.5
11 SEP 2017,93,99,93,93,6,4225,393031
8 SEP 2017,90.9,93,90.9,91.3,10,7116,649440.2
7 SEP 2017,91,93,89.5,91,15,26499,2404403
6 SEP 2017,91,91,89.6,91,7,437,39761.8
4 SEP 2017,90,90,89,89,28,90431,8053554
31 AUG 2017,91,91,91,91,2,88,8008
30 AUG 2017,89,91,89,91,3,3810,339418
29 AUG 2017,89,91,89,88.3,4,36,3254.1
28 AUG 2017,91,91,91,88.3,1,25,2275
25 AUG 2017,88,97,88,88.3,14,482,42539.4
23 AUG 2017,87.2,87.2,87.2,87.2,1,400,34880
22 AUG 2017,88.9,88.9,88,88.9,6,137,12176.6
21 AUG 2017,92,92,89,89,7,11195,996760
18 AUG 2017,89.8,93,89,89,28,42997,3837480.3
17 AUG 2017,89.9,89.9,89.9,89.9,3,400,35960
16 AUG 2017,90,90,90,90,4,302,27180
15 AUG 2017,96.4,96.4,91.1,91.1,14,3078,281727.9
14 AUG 2017,94,94,93,93.1,13,6251,583877.6
11 AUG 2017,97,97,94,94,6,3290,311760
10 AUG 2017,95.1,96.4,95,96.4,10,1822,174971.1
9 AUG 2017,96,96.4,96,96,5,930,89292
8 AUG 2017,96,97,96,96,9,740,71139.5
4 AUG 2017,98.9,99,95.2,97.1,19,3651,348863.1
3 AUG 2017,99.5,99.5,94,95,45,11236,1069975.6
2 AUG 2017,107,107,100,100,12,4757,480728.3
1 AUG 2017,110,113,110,110,6,2005,220564.6
31 JUL 2017,111,111,110.5,110.5,17,7610,843412.4
28 JUL 2017,111,114,111,111,8,1015,112710
27 JUL 2017,111,114,111,111,2,2001,222114
26 JUL 2017,114.9,116,112,115.4,14,1398,161296.7
25 JUL 2017,113,115,113,113,7,1015,114705
24 JUL 2017,115.1,115.1,113.1,113.9,17,4120,472623
21 JUL 2017,116,116,115.1,115.1,3,504,58013.1
20 JUL 2017,117,117,115.5,115.6,20,5717,662230.7
19 JUL 2017,118,119,115,118.5,11,1957,232642.7
18 JUL 2017,117.1,125,114,116.2,36,4632,544958.8
17 JUL 2017,114.1,117.1,113,117,21,14133,1653034
14 JUL 2017,117,117,112.1,112.2,3,415,46575
13 JUL 2017,117,117,111.4,111.7,24,21849,2441603.5
12 JUL 2017,117,117,112.3,113,13,2803,318820.4
11 JUL 2017,118,118,112,115,13,8337,937505.6
10 JUL 2017,109,120,109,116,29,22396,2556574.8
7 JUL 2017,108,108.5,108,108.2,7,4790,517945
6 JUL 2017,108.5,108.5,106.5,106.5,12,3324,359106.2
5 JUL 2017,106,108.5,106,108.1,44,51208,5511010.2
4 JUL 2017,108,108,105.1,105.4,12,6471,682031.3
3 JUL 2017,107.9,108,107.5,107.9,5,2810,303277.5
30 JUN 2017,108.5,108.5,108.5,108.5,1,340,36890
29 JUN 2017,105.1,108.5,105,105,16,23821,2502132.8
28 JUN 2017,108.9,109,108.9,105.1,4,74,8062.5
27 JUN 2017,109,109,105.1,105.1,3,20,2140.5
23 JUN 2017,108.9,109,105,105.1,22,13144,1382111.5
22 JUN 2017,108.8,109,105.6,108.1,9,317,34421.7
21 JUN 2017,105,106,104.8,105.9,17,12969,1367796.5
20 JUN 2017,106,106,105,105,9,2216,233786
19 JUN 2017,103,106,103,104.9,15,3070,323315.8
16 JUN 2017,102.2,104.9,102,104,20,9106,932499
15 JUN 2017,101.9,107,101.9,105.7,23,13267,1398986.7
14 JUN 2017,100,101.9,100,100,19,12074,1207767
13 JUN 2017,99.8,100,99.8,100,7,5516,551496.8
12 JUN 2017,101,101,99.5,99.8,7,6405,640304.6
9 JUN 2017,99,100,98.5,100,31,35254,3510926.5
7 JUN 2017,97.2,98,97,97.9,27,32414,3161889.8
6 JUN 2017,98,98,96,96,9,16812,1621176.4
5 JUN 2017,95,100,95,96.5,9,6605,637438.5
2 JUN 2017,94,95.9,94,95,12,3845,365309.8
1 JUN 2017,95,95.8,95,95.8,8,5572,533288
31 MAY 2017,95.9,95.9,95,95.8,8,4908,466577.8
30 MAY 2017,97.9,97.9,95,95.1,18,28893,2747897.1
29 MAY 2017,97,97,96,96,8,6035,580417
26 MAY 2017,98,98,97,97,22,4593,447335.5
25 MAY 2017,98.5,99.6,97.5,98.1,43,19773,1945608
24 MAY 2017,97.3,99.9,97,98.4,20,7269,707955.3
23 MAY 2017,99.8,100,97,97.1,14,2373,233575.2
22 MAY 2017,99,99,96.1,97,21,10524,1026988
19 MAY 2017,95.9,102,95.9,99.4,104,94229,9206602.7
18 MAY 2017,97,99.8,94.5,95,98,71015,6811483.6
17 MAY 2017,90.1,94.8,90.1,92,11,4792,439329.5
16 MAY 2017,92,94,90.1,90.8,32,22192,2022015
15 MAY 2017,86,90,84.1,89.9,54,30101,2685309
12 MAY 2017,86,86,83.2,86,4,511,43943.2
8 MAY 2017,84,88,84,84,3,16,1364
5 MAY 2017,83.5,84,83.5,84,10,4402,368501
4 MAY 2017,84,84,84,84,2,1800,151200
3 MAY 2017,84.5,84.5,81.5,81.6,5,766,63718.5
2 MAY 2017,84.5,85,81,81,8,5663,459898.8
28 APR 2017,83,83,83,83,7,3846,319218
27 APR 2017,81,85,80.9,81.3,16,17196,1394157
26 APR 2017,80,82,80,80,4,584,46730
24 APR 2017,78.1,80,78,78.1,8,2196,171440
21 APR 2017,82,82,80,80,18,5152,418463
20 APR 2017,82,82,79,79,6,2607,206062
19 APR 2017,80,82,80,80,5,2505,201410
18 APR 2017,84,84,84,80,1,5,420
17 APR 2017,84,84,80,80,3,1007,80584
12 APR 2017,81,84,81,81.9,5,309,25320.6
11 APR 2017,78,85,78,80,8,420,34316.9
7 APR 2017,78,78,76,76,6,7062,536739
6 APR 2017,78,78,78,78,5,1640,127920
5 APR 2017,76,78,76,78,6,6502,500156
3 APR 2017,75.1,80,75.1,77.2,3,404,31181.8
31 MAR 2017,77.1,77.1,77.1,76,1,1,77.1
29 MAR 2017,75.2,75.2,75.2,76,1,2,150.4
28 MAR 2017,76.1,77.2,76,76,17,7791,592671
27 MAR 2017,80,80,80,76.1,1,2,160
23 MAR 2017,85,85,85,76.1,1,1,85
22 MAR 2017,76,78,76,76.1,5,4169,317044
21 MAR 2017,76.1,76.1,76,79.2,3,10,760.9
20 MAR 2017,77.5,86,77.5,79.2,5,534,42308.7
17 MAR 2017,86.9,86.9,77.8,77.9,3,382,29765.8
16 MAR 2017,77.6,77.6,77,77,12,11316,872991.2
15 MAR 2017,78.9,87,77.6,78,24,27844,2173309.5
14 MAR 2017,78,78,78,78,14,30556,2383368
13 MAR 2017,78,78,78,78,14,10289,802542
10 MAR 2017,78,78,78,78,4,7500,585000
9 MAR 2017,78,78,78,78,4,7722,602316
7 MAR 2017,81.4,81.4,81.4,78,1,1,81.4
6 MAR 2017,81.3,81.3,78,78,3,280,21846.6
3 MAR 2017,79.8,81.5,79.8,79.8,4,103,8222.8
28 FEB 2017,76.1,79,76.1,79,65,110946,8761498.2
23 FEB 2017,76.1,78,76.1,78,3,24,1844.5
22 FEB 2017,76.2,78,76.1,78,8,6193,482133.5
21 FEB 2017,76.5,78,76,76.2,7,3351,255301
17 FEB 2017,76.5,78.9,76.5,76.5,2,275,21039.9
16 FEB 2017,79,79,79,75,1,1,79
15 FEB 2017,79,79,79,75,1,1,79
14 FEB 2017,75,79,75,75,2,131,9829
13 FEB 2017,79.3,79.3,79.3,76.1,1,1,79.3
9 FEB 2017,75.1,75.1,75.1,76.1,1,2,150.2
7 FEB 2017,76,77,74.1,76.1,4,146,11113.9
6 FEB 2017,76,76,74.2,76,4,2045,155411
3 FEB 2017,74,74,74,74,1,142,10508
2 FEB 2017,77.7,79.9,77,77,16,14042,1081318.8
1 FEB 2017,79.9,79.9,78,78,4,4371,341571.9
31 JAN 2017,80,80,77,77,7,10058,774816
30 JAN 2017,77,82,77,79.8,14,4400,349802.2
27 JAN 2017,77,77,77,77,1,100,7700
26 JAN 2017,78,78,76,76,7,1211,92058
25 JAN 2017,76,76,76,76,5,5615,426740
24 JAN 2017,78,78,76,77.3,6,2332,180235.5
23 JAN 2017,80,80,76,76,10,2405,187798.5
17 JAN 2017,80,80,80,78.5,1,1,80
16 JAN 2017,79,79,78.5,78.5,4,2795,220357.5
13 JAN 2017,78.5,79.9,78.5,79,19,7761,612502
11 JAN 2017,79.5,79.9,79.5,79,2,4,319.2
9 JAN 2017,79.9,79.9,78.6,79,4,1302,102778.9
6 JAN 2017,78.5,80,78,78,5,532,41505
5 JAN 2017,80,80,80,80,5,1207,96560
4 JAN 2017,84,84,84,80,1,1,84
3 JAN 2017,84.9,84.9,84,80,2,2,168.9
2 JAN 2017,81.6,85,80,80,17,7857,631046.6
30 DEC 2016,85.9,86.9,85.9,86.8,5,144,12464.5
29 DEC 2016,86.9,86.9,86.9,80.1,1,1,86.9
27 DEC 2016,80.1,80.1,80.1,80.1,1,2,160.2
22 DEC 2016,80.1,80.1,80.1,80.1,1,20,1602
21 DEC 2016,80.1,80.1,80.1,80.1,2,116,9291.6
20 DEC 2016,80,80.2,80,80.2,3,260,20845
19 DEC 2016,80,80,80,80,2,475,38000
14 DEC 2016,80.9,80.9,80.9,80,1,1,80.9
9 DEC 2016,80,80,78.3,80,8,8770,699870
8 DEC 2016,80,80,76,76.1,12,4324,329648.6
6 DEC 2016,80,80,78.2,78.3,3,502,39290
5 DEC 2016,77,82.4,77,77.5,13,5746,446589.4
2 DEC 2016,77.9,81,77.5,78.2,12,2956,230943.2
1 DEC 2016,76,77,75,76,45,43549,3308022.5
30 NOV 2016,77.5,77.5,75.5,76.2,10,1524,116155.6
29 NOV 2016,80,80,76,76.2,19,33622,2563936
28 NOV 2016,80,80,79,79.1,5,1320,104450
25 NOV 2016,78.1,80.5,78,80.1,9,5520,442310.1
24 NOV 2016,80,80,79.9,80,11,2589,207119.9
23 NOV 2016,78,82,78,81.8,5,1303,105467.7
22 NOV 2016,78,82,78,81.9,6,614,50086.5
21 NOV 2016,83,83,80,80,12,14024,1131172.5
18 NOV 2016,83,83,83,83,3,1025,85075
17 NOV 2016,84,84,84,84,4,2001,168084
15 NOV 2016,85,85.2,85,85,4,3957,336456.4
11 NOV 2016,86,86,86,86,2,1000,86000
10 NOV 2016,84,84,84,86,1,19,1596
9 NOV 2016,84,86,84,86,3,398,33632
8 NOV 2016,86,86,86,86,1,1000,86000
7 NOV 2016,86,86,85,86,3,2500,214900
3 NOV 2016,85,88,85,86,3,1049,90168
2 NOV 2016,89,89,89,85.1,1,1,89
1 NOV 2016,89.9,89.9,89.9,85.1,1,1,89.9
31 OCT 2016,85.2,85.2,85.1,85.1,4,3587,305261.2
27 OCT 2016,89.1,89.1,89.1,85.1,1,1,89.1
26 OCT 2016,85.2,85.2,85.1,85.1,12,3540,301376
25 OCT 2016,89.9,90,89.9,89.9,7,1600,143845
24 OCT 2016,87.5,87.5,85.1,87.5,2,10189,891083.9
21 OCT 2016,89.1,89.1,85.1,85.1,5,2001,170289.1
20 OCT 2016,85,85,85,85,1,200,17000
19 OCT 2016,86,86.2,86,86.1,8,4610,396765.5
18 OCT 2016,87,87,87,88.2,1,24,2088
17 OCT 2016,88.6,89.1,88,88.2,11,12000,1057211
14 OCT 2016,89.5,89.5,89.5,89.5,2,1937,173361.5
13 OCT 2016,91,91,89.5,89.6,5,7100,639450
12 OCT 2016,92,92,89,89,6,6859,620304.5
11 OCT 2016,93,93,93,93,4,3000,279000
7 OCT 2016,94.9,95,93.5,94.9,19,20236,1920312.7
6 OCT 2016,92,94,92,92.1,5,10935,1007248.5
5 OCT 2016,91.5,92,90,91.9,3,205,18840
4 OCT 2016,90,90,90,90,25,49710,4473900
3 OCT 2016,89.5,89.5,89.5,89.5,4,6570,588015
30 SEP 2016,91,91,89,89,12,45677,4105459
29 SEP 2016,90,90,90,90,12,20220,1819800
28 SEP 2016,90,90,89.9,90,3,6000,539950
27 SEP 2016,90,90.5,90,90,8,6305,567500
26 SEP 2016,89.9,90,89.9,90,8,11305,1017449.5
23 SEP 2016,89,90,89,89.5,6,5900,528085
22 SEP 2016,89,90,89,89.9,16,10500,943903.2
21 SEP 2016,85,88,84.5,88,7,56668,4816551
20 SEP 2016,85,85,85,85,4,299,25415
19 SEP 2016,86.1,86.1,85,85,87,140790,11971463
14 SEP 2016,89.9,89.9,85,86.2,9,10452,901011
13 SEP 2016,89,89,89,89,2,1799,160111
9 SEP 2016,90,90,90,90,2,1500,135000
7 SEP 2016,89.1,89.1,89.1,92.6,1,10,891
6 SEP 2016,89,93,89,92.6,8,2866,256343
5 SEP 2016,89.1,89.1,89,89,5,776,69084
2 SEP 2016,89,90,89,89.9,18,24800,2229448.9
1 SEP 2016,90,90,90,90,2,2790,251100
31 AUG 2016,90,90,90,90.8,1,10,900
29 AUG 2016,90,91,90,90.8,3,4500,408500
24 AUG 2016,90,90.9,90,90.9,6,729,66028.5
23 AUG 2016,90,90.9,89.5,90,23,35488,3193701.5
22 AUG 2016,88,91.9,88,89.6,30,52985,4746039
19 AUG 2016,89,89,87,87.1,3,2000,174200
16 AUG 2016,90.3,92,90,90,7,4370,397381
15 AUG 2016,93,93,91,91,7,1441,132451
12 AUG 2016,91.9,92,90.3,92,18,19143,1761121.1
11 AUG 2016,92,92,91.8,92,37,53231,4896562
10 AUG 2016,92,92,91,92,24,24681,2267237
9 AUG 2016,91,93,87,92.1,36,50644,4568487.8
8 AUG 2016,93.1,95.5,93.1,95.5,2,11,1048.1
5 AUG 2016,93.1,95.5,93.1,95.5,4,111,10598.1
4 AUG 2016,95.5,95.5,94,94,14,10096,954788
3 AUG 2016,95,97.9,94,96,45,154101,14511050
2 AUG 2016,95,95,95,95,14,7844,745180
29 JUL 2016,94.8,94.8,94.8,94.8,5,30873,2926760.4
28 JUL 2016,94.1,94.1,94.1,95,1,1,94.1
27 JUL 2016,94,95,94,95,8,5664,532561
26 JUL 2016,93.2,96.4,93.2,94.3,8,7331,692085
25 JUL 2016,95,95,95,95,2,1120,106400
22 JUL 2016,95.9,95.9,93.3,93.3,9,1501,140048.9
21 JUL 2016,94,94,93.4,93.4,7,400,37417.2
20 JUL 2016,95.6,96.5,95.5,96,5,1700,163195
18 JUL 2016,95,95,95,96,1,20,1900
15 JUL 2016,95.9,96,95.9,96,2,1000,95975
14 JUL 2016,94.1,94.1,94.1,94.7,4,40,3764
12 JUL 2016,95.9,96,94,94.7,7,5020,475657.3
11 JUL 2016,95,97,92,94.3,9,1577,150874
8 JUL 2016,93.5,95,93.5,94.7,6,1550,145650
5 JUL 2016,91,94,91,94,7,614,57093.4
4 JUL 2016,92,94,91,93.9,7,1757,162308
1 JUL 2016,93,94,93,94,2,930,87390
29 JUN 2016,93.1,96,93,93,3,842,78334
28 JUN 2016,94,94,94,94,8,5050,474700
27 JUN 2016,97.5,97.5,97.5,94.5,2,21,2047.5
24 JUN 2016,95.8,95.8,94,94.5,22,8503,803379.7
23 JUN 2016,95.5,97.5,95.5,95.5,2,991,94642.5
22 JUN 2016,95.2,96.5,95.2,96.4,3,1099,105873.5
21 JUN 2016,96,96,96,96,6,2116,203136
20 JUN 2016,98.9,98.9,98.9,96.1,1,10,989
17 JUN 2016,96.5,96.5,96.1,96.1,3,2750,264750
16 JUN 2016,99.9,100,96.2,96.2,8,4000,388529.8
15 JUN 2016,100,100,100,100,2,1000,100000
14 JUN 2016,97.3,100,97.3,100,11,4980,497485
13 JUN 2016,99,100,98,99.7,9,5500,545850
10 JUN 2016,97.5,101,97.2,99.8,42,80602,8041046.2
8 JUN 2016,99,99.4,99,99,18,17418,1724501.5
7 JUN 2016,97.1,99,97.1,98.8,3,1105,109205
6 JUN 2016,99,100,96.5,100,12,8633,857174.7
3 JUN 2016,98.8,100,98.5,98.9,44,37403,3701312
2 JUN 2016,98.5,99,98,98.8,9,3530,348358
1 JUN 2016,93.1,99,93,99,5,249,23871.5
30 MAY 2016,98,99.9,97,97.9,11,4163,407630.5
27 MAY 2016,98,98,98,100,1,15,1470
26 MAY 2016,100,100,100,100,3,201,20100
25 MAY 2016,98,100,98,98.6,19,1575,155280.6
24 MAY 2016,100,100,99.1,100,7,651,64875
20 MAY 2016,100,100.5,99,100,21,52681,5267815
19 MAY 2016,100,101,100,100,33,61790,6179177.2
18 MAY 2016,97.9,103,97.9,100.2,74,71276,7137877.9
17 MAY 2016,98,98,98,99.9,1,80,7840
16 MAY 2016,100,100,99.9,99.9,11,5146,514569.7
13 MAY 2016,95,100,95,98.7,9,3620,354623
12 MAY 2016,98,98,94,95,8,13300,1267610
11 MAY 2016,94.5,98,94,97.5,19,2401,231193
10 MAY 2016,97.5,97.5,97.5,94.3,1,5,487.5
9 MAY 2016,99.5,99.5,94,94.3,17,14100,1355512
6 MAY 2016,99,99,98,98,4,1004,98396
5 MAY 2016,99,99,96,98.9,12,815,79307.5
4 MAY 2016,99.6,102,99.6,99.8,56,10181,1021281.3
3 MAY 2016,96,100,96,99.6,73,23651,2318283.3
29 APR 2016,90,95,90,94.9,28,13342,1260907
28 APR 2016,90,92,90,90,19,16953,1525985
27 APR 2016,88,90,86,90,12,4153,372341
26 APR 2016,87.5,88,86,86.5,6,2881,249208.5
25 APR 2016,85.6,86,85.5,86,8,4150,356276
22 APR 2016,86,88,86,86.1,25,18271,1572513
20 APR 2016,89.9,90,88,88,7,1307,117121.8
19 APR 2016,90,90,90,90,5,4003,360270
18 APR 2016,90,92,85.2,90.1,13,3398,306088
15 APR 2016,89,90,88.9,90,27,15742,1409771.1
12 APR 2016,84.1,84.5,84.1,84.5,3,512,43259.2
11 APR 2016,89,89,83,84,15,32376,2714336.4
8 APR 2016,85,90,84.5,86.9,33,12392,1060752.6
7 APR 2016,81,84,80,80.8,13,1325,108285.4
6 APR 2016,83.2,85,83.2,84,9,1115,93333
5 APR 2016,77,83.8,77,82,27,33351,2668532
4 APR 2016,75,79,73.5,77.1,18,436,33118.5
1 APR 2016,75,75,75,75,2,533,39975
31 MAR 2016,74.5,75,73,73,16,14929,1099117
30 MAR 2016,72.5,73,72.5,72.9,5,2652,193251
29 MAR 2016,71.2,71.2,71.2,71.2,2,500,35600
28 MAR 2016,75,75,71.2,71.2,15,1274,91292.7
24 MAR 2016,69,72,69,70.8,43,42680,2990268.1
23 MAR 2016,69,69,67,68.9,15,8830,597193
21 MAR 2016,69,69,69,67.3,1,10,690
18 MAR 2016,70.5,70.5,67.2,67.3,23,4028,272585
17 MAR 2016,69.4,70.5,68.5,70.5,13,3913,273789.8
16 MAR 2016,66.2,69.4,66.2,68.6,4,24,1662.4
15 MAR 2016,69,69,66.2,68.6,5,589,40395.8
14 MAR 2016,67.9,67.9,66.3,66.3,9,730,49245
11 MAR 2016,65.6,69.5,65.6,67.9,17,3559,243219.1
10 MAR 2016,69.9,69.9,64,65.3,32,22956,1485483
9 MAR 2016,64,67,63.5,64.9,32,55702,3603926.6
8 MAR 2016,68,68,64,64.5,38,18332,1193171.3
4 MAR 2016,72.9,72.9,68,68,20,9025,613920.4
3 MAR 2016,66,66.1,65.5,65.6,5,1334,87452
2 MAR 2016,67.5,69.9,65,66.1,42,14972,987272.7
1 MAR 2016,74,74,67.5,71.3,46,10469,744799.5
29 FEB 2016,75.2,75.2,75,75,10,1185,88889
26 FEB 2016,76.5,76.5,75.5,76,10,2300,174872
25 FEB 2016,78.5,78.5,77,77.4,19,2377,184503.4
24 FEB 2016,79.1,79.1,77.5,78.5,18,2140,168470
23 FEB 2016,80,80.5,80,80.5,2,600,48050
19 FEB 2016,83,83,81,81.1,9,3816,310010.8
18 FEB 2016,81,81,80,80,8,985,78810
17 FEB 2016,80.2,81,80.2,81,8,1420,114683.8
16 FEB 2016,80.2,80.2,80.2,81,1,67,5373.4
15 FEB 2016,81.1,81.1,80,81,18,5129,411567.5
12 FEB 2016,84,84,82.5,82.5,6,1060,87493
11 FEB 2016,84,84,82,84,14,1755,145897.5
10 FEB 2016,84,85,84,85,11,2500,210499.9
9 FEB 2016,87,87,84.1,85,22,6250,530582
8 FEB 2016,87,89.8,85,85.7,29,11286,975689.2
5 FEB 2016,90,90,84,87.2,103,25573,2210560.9
3 FEB 2016,96.8,97,96.8,96.9,4,2371,229750.8
2 FEB 2016,96.8,96.8,94,96.8,6,756,71416.8
1 FEB 2016,97,97,93.5,94.1,13,8466,796724.9
29 JAN 2016,97,97,95,95.3,6,821,78565
28 JAN 2016,96.1,96.1,94,94,30,17042,1611429.5
27 JAN 2016,96,96.2,96,96.2,8,550,52900
25 JAN 2016,97.5,97.5,97,97,3,862,83664.5
22 JAN 2016,97.9,97.9,97.8,97.9,16,18555,1816434.5
21 JAN 2016,96,98,96,97.1,15,17239,1680308
20 JAN 2016,97,97,97,97,4,1511,146567
19 JAN 2016,96,98,96,96,2,1005,96490
18 JAN 2016,101,101.5,97,99,9,6090,614341.5
14 JAN 2016,102,102,97,97.2,32,184127,18643836
13 JAN 2016,100,104,100,102.1,9,813,82577.5
12 JAN 2016,105.1,105.1,100.1,100.1,13,6116,627080.5
11 JAN 2016,107.1,110,105.1,105.5,11,11294,1199249.1
8 JAN 2016,108.9,108.9,108.5,108.7,3,2400,260810
7 JAN 2016,110,110,110,110,3,1380,151800
6 JAN 2016,110,112.9,110,110.1,8,156,17177.3
5 JAN 2016,110.1,114.9,110,110,40,52152,5737943.7
4 JAN 2016,110,112,110,110,2,80,8860
31 DEC 2015,108,115,108,110,19,6049,665376.9
30 DEC 2015,109.9,110,109.9,110,2,1000,109999.9
29 DEC 2015,109,109.9,109,109.5,8,2142,234741.5
28 DEC 2015,109,109.9,108.5,109.1,8,6578,717573.9
23 DEC 2015,108,109,108,108,7,2639,285032
22 DEC 2015,107.2,108.1,107.2,108,7,2619,282837
21 DEC 2015,109,109,107.2,107.2,6,1042,112791.4
18 DEC 2015,109.7,109.7,109,109,3,213,23219.1
17 DEC 2015,110,110,110,110,6,1700,187000
15 DEC 2015,110,110,110,110,2,101,11110
11 DEC 2015,108,109,108,109,4,212,23098
10 DEC 2015,110,110.5,108,108.7,22,75793,8239340.5
9 DEC 2015,109.5,113,109.5,110,5,2100,230453
8 DEC 2015,110,110,110,110,7,6252,687720
7 DEC 2015,110.1,110.1,109,110.1,12,10803,1189050.3
4 DEC 2015,110.6,110.6,110.5,110.5,4,2800,309480
3 DEC 2015,110.5,110.5,110.5,110.5,4,2130,235365
2 DEC 2015,111.5,111.5,110.5,110.5,17,408641,45155131.5
1 DEC 2015,111.5,112.9,111.5,111.7,7,2661,297111.5
30 NOV 2015,120,120,110,110.2,18,57923,6372050
27 NOV 2015,112,112,110,110.1,20,10902,1201613
26 NOV 2015,111,111.4,111,111,7,14376,1595784
24 NOV 2015,112.5,112.5,112,112.3,27,41501,4668762.5
23 NOV 2015,113,114,113,113,5,1551,176258.9
20 NOV 2015,111.6,112,110.5,112,11,275730,30469339.5
19 NOV 2015,114.1,114.1,112,112,58,151107,16939113.9
18 NOV 2015,112.5,114.9,112.4,114,9,3077,350787.4
17 NOV 2015,115.8,115.8,114,114.4,5,436,49918.8
16 NOV 2015,110.2,116.9,110.2,116.9,8,26345,3078973
13 NOV 2015,115.1,116,110.1,110.4,26,5687,637468.3
12 NOV 2015,117,117,115,115.1,4,1920,221412
11 NOV 2015,117.2,117.2,115,117,8,1375,160805
9 NOV 2015,118.9,118.9,117.1,118.6,7,403,47758.1
6 NOV 2015,119.4,121,118.9,119,52,487285,58464148.1
5 NOV 2015,116,120,116,119.2,28,96252,11490589.8
4 NOV 2015,117.4,117.4,116.5,116.5,2,105,12237
3 NOV 2015,117.2,118.6,115,115,37,7354,847011.6
2 NOV 2015,130,130,115,119.4,160,58649,7067066.2
30 OCT 2015,135.6,135.6,135.1,135.2,6,515,69608.5
29 OCT 2015,138.1,138.1,136,136,57,81169,11044860.8
28 OCT 2015,140,140,138.5,138.5,27,77957,10800305.8
26 OCT 2015,140,140,139,139,28,77286,10744622.9
23 OCT 2015,140,140,140,140,18,5620,786800
22 OCT 2015,140,140,140,140,6,8098,1133720
21 OCT 2015,140,140,139,140,4,7875,1099000
20 OCT 2015,140,140,138,138,6,2063,284762.8
19 OCT 2015,138.1,141,138.1,140,6,98,13760
16 OCT 2015,139,140,137.5,140,13,82269,11341347
15 OCT 2015,139,139,137.5,138,23,83823,11567878.5
14 OCT 2015,140.3,140.3,138.5,140,18,19930,2790106
13 OCT 2015,145,145,140.2,140.6,9,10065,1414911
12 OCT 2015,144,145,144,144.9,4,1516,218789.7
9 OCT 2015,146,149,144,145,160,132342,19258133.2
8 OCT 2015,136.1,145,136.1,141.1,31,85055,11796407.5
7 OCT 2015,139,139,138,138,21,60915,8406297
6 OCT 2015,139.5,139.5,139,139,10,3990,554616
5 OCT 2015,140.1,140.2,140,140,14,5214,730134.4
2 OCT 2015,140,140.1,140,140.1,4,1227,171792.7
1 OCT 2015,139.1,139.1,139,139,5,4000,556003
30 SEP 2015,138,138.1,138,138,3,2300,317430
29 SEP 2015,137.5,137.5,137.5,137.6,2,75,10312.5
28 SEP 2015,139,139,137,137.6,7,1624,224436
23 SEP 2015,139,139.9,139,139.9,4,2140,299347.3
22 SEP 2015,139,139,139,139,4,4000,556000
21 SEP 2015,138,140,138,138.7,2,155,21500
18 SEP 2015,138,140,137.5,138,18,26120,3604150
17 SEP 2015,138.5,140,138,138.3,18,7480,1034294.8
16 SEP 2015,139.5,139.5,139.5,139.5,4,2666,371907
15 SEP 2015,140,140,139.5,140,14,8195,1147010.5
14 SEP 2015,137.5,140,137.5,138,2,70,9775
11 SEP 2015,140,140,138,138,20,17585,2440928.5
10 SEP 2015,140,140,140,140,2,10000,1400000
9 SEP 2015,138.5,140,138.5,140,12,6801,952078.5
8 SEP 2015,139,139,138.5,138.9,6,1654,229839
7 SEP 2015,140,140,138.9,138.9,15,3220,447696
4 SEP 2015,140,142,140,140,91,111509,15639949.7
3 SEP 2015,139.6,140,139.6,140,30,24907,3486810
2 SEP 2015,139.9,140,139.5,140,37,142005,19880295
1 SEP 2015,138,139,138,139,5,617,85646
28 AUG 2015,142,142,140,140.1,41,217527,30458622
27 AUG 2015,139.9,140,139.8,139.8,13,5519,772281.1
26 AUG 2015,140,140,138,138,4,600,83800
25 AUG 2015,138,138,136,136.4,15,11435,1559899
24 AUG 2015,139,139,137.3,138,17,6317,872624
21 AUG 2015,140,140,139,139.8,23,14590,2040297.5
20 AUG 2015,142.5,142.5,139.8,140,33,7961,1115979
19 AUG 2015,142.5,143,142,142.5,21,12440,1772904
18 AUG 2015,142.9,142.9,142,142.4,5,6652,947420.8
17 AUG 2015,143,143,141.5,141.8,14,18629,2659411.5
14 AUG 2015,143.5,144,142,142.2,52,20050,2860317.6
13 AUG 2015,143.2,144.6,143,143.2,26,9891,1416951
12 AUG 2015,145,145.1,144,144.8,67,41307,5982107.8
11 AUG 2015,148,148.5,145,145,63,67827,9924960
10 AUG 2015,155,155,145,148.3,83,34687,5145544.8
7 AUG 2015,160.2,160.2,158.5,160,16,13054,2088921.5
6 AUG 2015,161.5,163,161.5,162.1,5,4505,730365
5 AUG 2015,160,162,160,162,12,6070,974200
4 AUG 2015,164,164,160.1,164,3,100,16396.1
3 AUG 2015,157.2,164.9,157.2,160,4,18,2844.9
30 JUL 2015,160,164.9,157,160,15,55030,8814406.8
29 JUL 2015,155.1,165,155.1,163.5,26,18145,2927511.9
28 JUL 2015,156.8,160,156.8,159.9,7,2215,351087.3
27 JUL 2015,155.5,155.5,155.5,155.5,1,1000,155500
24 JUL 2015,154,156.8,154,155,7,826,128027.9
23 JUL 2015,155.1,155.1,154.5,155,16,14507,2247890
22 JUL 2015,155,155.5,155,155,25,18557,2876655
21 JUL 2015,155,155,153,155,2,2002,310306
20 JUL 2015,155,155,155,155,7,11000,1705000
17 JUL 2015,153.1,156,153.1,156,23,27392,4254990.6
16 JUL 2015,154.5,154.5,152.1,152.1,5,3107,476722.9
15 JUL 2015,153.8,154.8,153.8,154.7,17,6299,974530.7
14 JUL 2015,153.8,153.9,153.8,153.8,2,201,30913.9
13 JUL 2015,151.4,151.4,151,151,10,1732,261572
10 JUL 2015,151,151,150.9,151,3,2600,392590
9 JUL 2015,151.5,151.5,150,150,6,14060,2109170.3
8 JUL 2015,150.1,151,150.1,151,5,3927,592934.7
7 JUL 2015,150,150,150,150,1,750,112500
6 JUL 2015,151,152,150.1,150.2,22,15012,2269937.7
3 JUL 2015,150,150.1,150,150,2,410,61501
2 JUL 2015,150,150,150,150,10,21124,3168600
30 JUN 2015,149,150,149,150,54,117412,17560055.5
29 JUN 2015,150.5,151,148.1,149,48,46612,6949549.4
26 JUN 2015,151,151,151,151,1,100,15100
25 JUN 2015,153.4,153.4,153,153,6,1492,228282.6
24 JUN 2015,153,155,153,153.7,9,13003,2006258.9
23 JUN 2015,151.1,151.1,151.1,150,2,5,755.5
22 JUN 2015,150.1,155,150,150,4,672,100818.9
19 JUN 2015,152.9,153.9,150,150.2,21,5814,875828.7
18 JUN 2015,150,150,150,150,12,10435,1565250
17 JUN 2015,149,149,149,150,8,50,7450
16 JUN 2015,149.1,150,149.1,150,2,201,29970
15 JUN 2015,149,149,149,149,1,15000,2235000
12 JUN 2015,149,152,149,149.2,12,33070,4929255.7
11 JUN 2015,148,148,148,148,2,100,14800
10 JUN 2015,150,150,147.1,147.6,25,33960,5046740
9 JUN 2015,149.5,150,149,150,19,14909,2234941
8 JUN 2015,149.5,150,148.1,149,17,2638,393404.8
5 JUN 2015,149.1,149.1,149,149,8,332,49471
3 JUN 2015,150,150.1,148.5,149.6,19,8780,1314059.7
29 MAY 2015,153,153,150,151.4,14,1987,300858.2
27 MAY 2015,152,152,152,152,1,25,3800
26 MAY 2015,153.2,153.2,153,153,28,55051,8423705
25 MAY 2015,154,155.9,154,155.8,5,1545,239830
22 MAY 2015,154,155,154,154.9,6,5261,814780.2
21 MAY 2015,153.7,154,153,153,14,11482,1763091.6
20 MAY 2015,153.6,153.6,152,153,8,3810,581730
19 MAY 2015,153,153.9,153,153.9,13,18705,2872485
18 MAY 2015,153.9,153.9,151,153,60,113618,17398318.2
15 MAY 2015,150,152,150,152,9,24180,3667880
14 MAY 2015,150,150,150,150,6,3775,566250
13 MAY 2015,151,151,150,150,7,1506,225955.4
12 MAY 2015,150,150,149.9,150,8,51100,7664900.1
11 MAY 2015,150,150,149.3,150,23,66068,9908800
8 MAY 2015,150.1,150.1,150,150,7,11610,1741505
7 MAY 2015,150,153.5,149.5,150.1,51,167396,25117677.5
6 MAY 2015,150,150,149,150,7,6000,899990
5 MAY 2015,151.6,151.6,150,150.6,23,10468,1581866.1
30 APR 2015,155,155,152,153.8,18,8909,1372476
29 APR 2015,145,154.5,144.7,154.1,88,401714,58410528.9
28 APR 2015,144.7,144.7,144.5,144.7,9,584,84504
27 APR 2015,144.8,144.8,144.7,144.7,30,81229,11753881.3
24 APR 2015,144.8,144.8,144,144.7,76,382551,55355767.9
23 APR 2015,144.7,144.8,144,144.6,43,87140,12612187
22 APR 2015,143,144.9,143,144.8,40,392041,56748266.8
20 APR 2015,142.5,143,142.5,143,2,304,43470
17 APR 2015,143.7,143.7,142.2,142.2,10,96,13679.5
16 APR 2015,143.8,143.8,142.5,142.6,4,20,2863
15 APR 2015,143.9,143.9,143.9,143.9,1,1,143.9
10 APR 2015,140.6,142.8,140.6,141.3,17,720,101628.5
9 APR 2015,140.2,143.9,140.2,143.8,3,401,57642.3
8 APR 2015,140.1,143.9,140.1,143.9,4,2515,361148.5
7 APR 2015,143.9,143.9,143.9,143.9,3,2505,360469.5
6 APR 2015,144,144,143.9,143.9,6,15,2159
2 APR 2015,143.9,143.9,142,142,10,1055,149819.5
1 APR 2015,139,140,139,140,12,4798,671465.5
31 MAR 2015,138,138,138,138,16,4900,676200
30 MAR 2015,142,142,137,137,23,87897,12085290.7
27 MAR 2015,144,144,141.5,141.7,12,26900,3827550
26 MAR 2015,143,143,142.5,143,5,560,80000
25 MAR 2015,141,141.6,141,141.6,3,232,32845
24 MAR 2015,141,141,140.9,141,9,5404,761464
20 MAR 2015,141,142,141,141.9,8,4963,704439.5
19 MAR 2015,141.9,141.9,141,141,9,2760,389704
18 MAR 2015,141,141.5,141,141.5,3,326,46103
17 MAR 2015,142,142,140,140.3,31,3525,500267.4
16 MAR 2015,143,143,142,142,21,10247,1456078.3
13 MAR 2015,143,143,143,143,11,103,14729
12 MAR 2015,143,143,143,143,4,131,18733
11 MAR 2015,143.5,143.5,143,143.3,2,20,2865
10 MAR 2015,144.1,144.1,142.2,143.6,8,1347,193435.4
9 MAR 2015,145.9,145.9,145,145.3,5,43,6252.1
6 MAR 2015,146,146,146,146,4,115,16790
4 MAR 2015,146,146,146,146,3,50,7300
3 MAR 2015,147,147,146,146,12,200,29265
2 MAR 2015,147,149,147,147,8,3060,452640
27 FEB 2015,146,147,146,146,11,2570,375720
26 FEB 2015,146.1,146.1,145.5,146,12,6090,888018.9
24 FEB 2015,146,146,145.6,145.6,8,1467,213607.6
23 FEB 2015,146.5,147,146,147,29,27037,3967759
20 FEB 2015,147,147,146.6,147,12,6471,950237
19 FEB 2015,146.8,147,146.5,146.8,21,5913,868851.5
18 FEB 2015,147,147,147,147,2,105,15435
16 FEB 2015,149,149,149,149,1,1000,149000
13 FEB 2015,146,149,145.2,148.9,6,2341,348540.2
12 FEB 2015,148.5,148.5,145,145,20,8719,1278203
11 FEB 2015,148,149,148,148.8,4,2170,322821
10 FEB 2015,144,147,144,147,18,39423,5720361.9
9 FEB 2015,145,145,142.2,142.2,4,1510,216158
6 FEB 2015,143,145,143,145,15,7955,1152816
5 FEB 2015,138,142,135,142,8,1705,231198
2 FEB 2015,139,139,135,135,19,15370,2086848
30 JAN 2015,140,140,139,139.9,15,5151,720948
28 JAN 2015,144,144,144,144,1,200,28800
27 JAN 2015,143,144,143,144,8,4184,598314
26 JAN 2015,140.1,140.1,140,140.1,8,3570,500105
22 JAN 2015,143,143,140,140,16,6300,888215
21 JAN 2015,143.5,144.8,143,143.1,3,301,43059.8
20 JAN 2015,142,142,142,142,1,68,9656
19 JAN 2015,145,145,143,143.5,3,1020,147870
16 JAN 2015,148,148,144.5,144.5,6,1200,176940
12 JAN 2015,150,151,148.9,149,22,23065,3459734
9 JAN 2015,148,150,148,150,27,41446,6214336.5
7 JAN 2015,145.5,146,145,145,21,22655,3300089
6 JAN 2015,145,145,144,145,19,46072,6680379
2 JAN 2015,144,144,144,144,1,1,144
31 DEC 2014,143,143,143,143,2,16,2288
30 DEC 2014,143,143,143,143,1,10,1430
29 DEC 2014,143,145,143,145,34,116754,16921913
24 DEC 2014,142,142,139,139.2,7,555,77256
23 DEC 2014,139.1,139.1,139,139,2,67,9315
19 DEC 2014,138.1,139.9,138,138.3,12,4139,572988.1
18 DEC 2014,140,140,140,140,4,520,72800
17 DEC 2014,140,140,138.1,138.5,10,2592,359666.3
16 DEC 2014,138.1,140,138,140,5,3206,446448
15 DEC 2014,140,141.9,140,141.7,7,3729,522820
12 DEC 2014,140,140,140,140,9,5147,720580
11 DEC 2014,140,140,140,140,1,3,420
9 DEC 2014,140,140,138,138,3,5300,741400
5 DEC 2014,138.1,144.9,137,138,6,704,96876.9
4 DEC 2014,138.1,138.1,138,138,3,400,55201
2 DEC 2014,138.1,138.1,138.1,138.1,3,4,552.4
28 NOV 2014,136,136.5,136,136.5,3,215,29341.5
27 NOV 2014,136,136,136,136,5,1000,136000
26 NOV 2014,140,140,135,135.5,15,1111,151054.2
25 NOV 2014,140,140,140,140,15,71519,10012660
24 NOV 2014,140,140.5,139,140,35,26051,3648005
21 NOV 2014,145,145,140,140,32,77705,11221981
20 NOV 2014,146,146,145,145.5,11,21367,3098276
19 NOV 2014,145.1,145.1,145.1,145.1,4,293,42514.3
18 NOV 2014,145.1,147.4,145,147.4,6,17100,2515600
17 NOV 2014,147,147.5,145,147.5,26,67299,9922833
14 NOV 2014,147.5,147.5,147,147,15,4831,710896.4
13 NOV 2014,146.5,147.4,145.7,147.1,35,120980,17783082.4
12 NOV 2014,146.5,147,146,147,42,118514,17408675.3
11 NOV 2014,145,146.5,145,146.5,18,73372,10730498
10 NOV 2014,146.1,146.5,145,145.1,9,12503,1815565.2
7 NOV 2014,144.9,146,143,145.7,75,118736,17243844.5
5 NOV 2014,142,142,140,141.5,17,11536,1624234
4 NOV 2014,142.7,143,140,141.5,21,13225,1875971.4
3 NOV 2014,142.5,144.9,142.5,142.8,11,11405,1630887.7
31 OCT 2014,139,145,139,142.5,76,61358,8774726
30 OCT 2014,138.8,138.8,138.5,138.5,8,1111,154076.8
29 OCT 2014,135,139.1,135,138.4,12,39111,5371852
28 OCT 2014,135.1,137.7,135,137.7,5,1520,208000.5
27 OCT 2014,139.2,139.2,136.2,136.4,8,11160,1523889.7
24 OCT 2014,138,139.8,135.1,139.2,49,79616,11045377.8
23 OCT 2014,135.5,138.5,135.5,138,134,242825,33415099.9
21 OCT 2014,132,135.7,132,135,115,325001,43837847.5
20 OCT 2014,133,134,133,133.9,9,6307,840831
17 OCT 2014,130,132,130,131.2,80,111380,14542818.5
16 OCT 2014,128.1,130,128,129.5,49,328103,42592771.7
15 OCT 2014,127,129.8,127,129.4,17,27610,3562430.1
14 OCT 2014,127,127,127,127,12,13633,1731391
13 OCT 2014,128,128.1,127,127.1,14,11720,1492785
10 OCT 2014,128.5,129.6,128,128,44,372974,48388844.5
9 OCT 2014,127.1,127.1,127.1,127.1,1,1,127.1
7 OCT 2014,129,129,127,127,7,2958,375766
3 OCT 2014,126,128,126,128,21,40005,5063217.5
2 OCT 2014,126.1,128,125.3,125.3,9,6310,805862.3
1 OCT 2014,126.5,126.5,126.5,126.5,8,16300,2061950
30 SEP 2014,126.5,126.5,126.5,126.5,1,10,1265
29 SEP 2014,126.5,126.5,126.5,126.5,9,95950,12137675
26 SEP 2014,126.1,127,126.1,126.2,21,39820,5036004.5
25 SEP 2014,127.6,127.6,126.5,126.5,11,4540,574634
24 SEP 2014,127,127,127,127,4,686,87122
23 SEP 2014,127.7,127.7,127,127.6,8,7626,973402
22 SEP 2014,128.5,128.5,128.5,128.5,4,2108,270878
19 SEP 2014,127,128,127,127.7,8,5999,765372
18 SEP 2014,127.3,127.3,127,127,9,6044,767881.4
17 SEP 2014,128,128,127.3,127.3,3,24,3056.6
16 SEP 2014,128.5,128.5,128,128,6,2707,347349.5
15 SEP 2014,127,128,127,128,7,5921,755787
12 SEP 2014,128.5,128.5,127,127.3,11,9950,1266586.5
11 SEP 2014,127.5,128,127.5,127.5,6,4700,599400
10 SEP 2014,127.5,127.5,127.5,127.5,1,2500,318750
9 SEP 2014,127,129,127,129,2,1010,130270
4 SEP 2014,127.5,129,127,127,13,17490,2225106.5
3 SEP 2014,127.6,127.6,127.5,127.5,3,3360,428545
2 SEP 2014,128.5,128.5,127.5,127.6,5,1297,166368.2
1 SEP 2014,127.1,129.5,127.1,129,10,17310,2228144.3
29 AUG 2014,126.5,127,126.5,127,3,6295,798817.5
28 AUG 2014,126.5,126.5,124.5,125.5,3,205,25732.5
27 AUG 2014,126.7,126.7,126.5,126.5,8,13305,1683484.5
26 AUG 2014,126.6,126.6,126.6,126.6,1,206,26079.6
25 AUG 2014,128,128,128,128,2,90,11520
22 AUG 2014,127.5,127.5,126.5,126.5,4,360,45601
20 AUG 2014,126.6,126.6,126.5,126.5,5,2000,253001
19 AUG 2014,126.5,126.6,126.5,126.5,5,5110,646425
18 AUG 2014,126.5,126.5,126.5,126.5,1,5000,632500
15 AUG 2014,126,127.5,123,127,25,23940,3014946.5
14 AUG 2014,127.2,127.5,125.7,126.9,14,10515,1340358.5
13 AUG 2014,125,127,125,125.3,26,53610,6713660
12 AUG 2014,125,125,124,124.9,13,18211,2271706
11 AUG 2014,125.3,125.3,125,125,21,33108,4141076.6
8 AUG 2014,126,126,125.1,125.2,12,6494,813952.4
7 AUG 2014,128.5,129.4,126,126,12,2246,288871.9
6 AUG 2014,126.9,126.9,125,125.1,20,20710,2599945
5 AUG 2014,125,126.8,124,125.1,18,11921,1490568
4 AUG 2014,125,127,123,125,28,24935,3098656.9
1 AUG 2014,126,127,126,127,8,4363,554093.8
31 JUL 2014,128,128,126.1,126.3,13,18430,2330192
30 JUL 2014,129,129,127,127.3,13,3539,454662.1
28 JUL 2014,127.5,130,126,129,36,87215,11291774
25 JUL 2014,122,130,122,127.4,76,110953,13959587.4
24 JUL 2014,119.5,122.5,119,120.8,38,50918,6142630.5
23 JUL 2014,120,121,119,119,21,18400,2203111
22 JUL 2014,116,120,116,119.8,20,12540,1474850.5
21 JUL 2014,114,115,114,114.7,16,7630,874470
18 JUL 2014,112.1,113,112.1,112.2,13,4300,482300
17 JUL 2014,114.5,114.5,113,113,17,15956,1804003
16 JUL 2014,114,114,113,113.1,18,16681,1886202.1
15 JUL 2014,112,113,112,113,7,3061,345094
14 JUL 2014,108.2,112,108.2,111.9,23,13957,1547485.5
11 JUL 2014,108.9,108.9,108,108.2,14,21986,2376831.2
9 JUL 2014,107.1,108.1,107.1,108.1,6,2200,237350
7 JUL 2014,109.5,109.5,107,107.6,10,2604,280406.4
4 JUL 2014,108,111,108,109.4,32,19545,2145091
3 JUL 2014,107,107,106,107,13,10512,1124772
2 JUL 2014,106,106.6,106,106.6,13,9600,1017777
1 JUL 2014,104,104,104,104,7,100,10400
30 JUN 2014,103,106,103,104,14,1807,187641.9
27 JUN 2014,102.6,103,102,102.6,16,13237,1355975
26 JUN 2014,103,105,103,104.2,21,15325,1590863
25 JUN 2014,103,103,103,103,2,1100,113300
24 JUN 2014,104,104,103,103,17,7100,732510
23 JUN 2014,104,104,104,104,8,8610,895440
20 JUN 2014,105,105,104,104,19,7130,744295
19 JUN 2014,105,105,104,104.1,4,1161,121754
18 JUN 2014,105,105,104,104,9,11300,1176260
17 JUN 2014,106,106,104.9,105,17,6102,640766.5
16 JUN 2014,107,107,105.7,105.8,8,1380,147162
13 JUN 2014,105.5,107,105.5,107,8,649,69355.5
11 JUN 2014,105,107,105,106.5,16,8390,897520
10 JUN 2014,105,110,105,107.6,29,39301,4289936
9 JUN 2014,102.5,104,102.5,103.9,12,3512,361368.3
6 JUN 2014,104,104,104,104,2,10,1040
5 JUN 2014,103,104,103,104,5,3014,313436
4 JUN 2014,101,101.3,99.1,101.3,15,9260,934552.5
2 JUN 2014,99,99.1,98.2,99.1,7,1060,104838.8
30 MAY 2014,98.2,98.2,98.1,98.2,7,224,21981.8
29 MAY 2014,101,101,98,98.1,20,119300,11710803.3
28 MAY 2014,105,105,98,98.1,19,211892,20779896.7
27 MAY 2014,102,105,102,104,5,2498,259674.2
26 MAY 2014,101.5,105,101.5,104,8,647,66992
23 MAY 2014,101.5,104.9,101.5,101.9,6,3306,336972.4
22 MAY 2014,104.5,104.9,104.5,104.9,3,1038,108538.2
21 MAY 2014,101.1,104.5,101.1,104.5,3,206,21507
20 MAY 2014,103,104.5,103,104.3,6,271,28244.5
19 MAY 2014,101,105,100,102.5,24,4406,460359.9
16 MAY 2014,101,103.5,101,103.5,6,4000,406500
13 MAY 2014,99.9,104.9,99.9,101.1,15,8595,870558.8
12 MAY 2014,98,98.9,98,98.1,12,7141,700554
9 MAY 2014,95,99.9,95,97,16,4299,411278
8 MAY 2014,95,95,95,95,10,4005,380475
5 MAY 2014,92,92,92,92,2,6,552
2 MAY 2014,90.1,90.1,90,90.1,3,276,24855.6
30 APR 2014,90,90,90,90,2,724,65160
29 APR 2014,89,91,89,90.8,11,23440,2128047.8
28 APR 2014,90,90,90,90,2,12,1080
25 APR 2014,90,90,89,89,9,9500,845828
24 APR 2014,90,90,90,90,1,4000,360000
23 APR 2014,89.5,90.9,89.5,90,10,20229,1820596.9
22 APR 2014,89,90,89,89.1,7,1335,119344
21 APR 2014,90,90,89,89,5,6520,580300
17 APR 2014,89,89,88.5,88.5,8,560,49590
11 APR 2014,89,90,89,89,5,20530,1847680
10 APR 2014,88.8,89,88.8,89,6,5552,493089.5
9 APR 2014,88.9,88.9,88.9,88.9,4,35,3111.5
8 APR 2014,89,89,87,87,10,5040,438567.2
7 APR 2014,89,89,89,89,2,26,2314
4 APR 2014,87.1,89,87.1,89,4,2018,179586.8
3 APR 2014,88.7,89,88.7,88.9,5,2095,186154
1 APR 2014,88,89,87.5,88.4,4,250,22090
31 MAR 2014,87,88,86,87.1,5,470,40922
28 MAR 2014,88,88,87.5,87.5,3,4526,396225
27 MAR 2014,88,88,88,88,9,13962,1228656
26 MAR 2014,88,88,88,88,3,1197,105336
25 MAR 2014,88,88,88,88,4,21,1848
24 MAR 2014,88,88,88,88,6,200,17600
21 MAR 2014,87.3,87.3,87,87,6,440,38286
20 MAR 2014,89,90,88,89.5,17,49773,4451005
19 MAR 2014,88.9,89,88.9,89,3,15,1334.5
18 MAR 2014,89,89,88,88.2,5,120,10580
17 MAR 2014,89,89,87,89,14,14120,1252315
14 MAR 2014,90,90,90,90,5,29040,2613600
13 MAR 2014,89.9,90,89.9,90,9,49400,4445970
12 MAR 2014,88,88,88,88,2,22,1936
11 MAR 2014,89.9,89.9,89.9,89.9,1,200,17980
10 MAR 2014,88.2,88.2,88.2,88.2,1,143,12612.6
7 MAR 2014,88.2,88.5,88.2,88.2,3,480,42339
6 MAR 2014,89.9,90,88.5,88.5,10,31260,2812663
5 MAR 2014,90,90.1,90,90,13,16200,1458010
4 MAR 2014,87.5,87.5,87.5,87.5,2,35,3062.5
3 MAR 2014,87.1,87.1,87,87.1,3,1200,104489
28 FEB 2014,87.2,88.4,87,88.4,6,1805,158182
26 FEB 2014,87,87,87,87,4,1197,104139
24 FEB 2014,88,88,87,87,2,700,60910
21 FEB 2014,88.5,88.5,88.4,88.4,5,421,37217
19 FEB 2014,88,88,88,88,3,287,25256
18 FEB 2014,88.5,88.5,88,88.5,5,640,56390
17 FEB 2014,88.5,89,88,88.1,15,10516,928730
13 FEB 2014,88.1,88.1,88.1,88.1,1,104,9162.4
10 FEB 2014,89.9,89.9,88,88,14,4397,387556.1
7 FEB 2014,90,90,88.5,88.5,2,1007,89134.5
6 FEB 2014,88.6,89,88.5,88.5,5,1113,98515.5
5 FEB 2014,89,89,89,89,2,10,890
3 FEB 2014,89,90,89,89.1,10,10695,952323.9
31 JAN 2014,88.6,89,88.5,89,9,15109,1338972.5
30 JAN 2014,90,90,90,90,3,4500,405000
29 JAN 2014,90,90,89.9,89.9,9,24228,2180011.8
28 JAN 2014,90,90,89,90,6,22011,1980939
27 JAN 2014,89.9,90,89,89.9,9,19740,1774709
24 JAN 2014,89.9,89.9,89,89.9,6,5531,494986.3
23 JAN 2014,88,90,88,89.9,33,51785,4630151.5
22 JAN 2014,89,89,89,89,3,15,1335
21 JAN 2014,89.9,89.9,88,88,17,10035,884198.8
20 JAN 2014,89.2,89.9,89.2,89.9,4,120,10718
17 JAN 2014,90,90,90,90,4,13000,1170000
16 JAN 2014,90,90,89.2,89.4,4,440,39575
13 JAN 2014,90,90,90,90,4,50,4500
10 JAN 2014,88.1,88.1,88.1,88.1,1,4,352.4
9 JAN 2014,90,90,88.8,90,9,1770,159000
8 JAN 2014,90,90,89,89,5,2296,205344
7 JAN 2014,89,90,89,90,2,1050,94450
6 JAN 2014,90,90,88.6,88.9,12,2645,235384.6
3 JAN 2014,90,90,89.2,89.2,3,575,51690
2 JAN 2014,90,90,90,90,2,11,990
31 DEC 2013,94,94.9,90,90,8,127,11462.5
30 DEC 2013,88.6,88.6,88.5,88.5,4,400,35405
27 DEC 2013,90,90,90,90,5,410,36900
26 DEC 2013,91.5,91.5,90,90.9,3,171,15640
24 DEC 2013,91,91,91,91,3,20,1820
23 DEC 2013,90,90,90,90,1,2,180
18 DEC 2013,88.2,88.2,88.2,88.2,1,1,88.2
13 DEC 2013,97.6,100,97.6,99.9,4,100,9993.8
12 DEC 2013,99.9,99.9,99.9,99.9,2,100,9990
11 DEC 2013,90,90,88.5,88.5,7,6808,602535.5
10 DEC 2013,90,90,88.5,88.5,6,910,80906
9 DEC 2013,88.6,88.6,88.6,88.6,2,300,26580
6 DEC 2013,90,90,88.6,88.6,2,11,988.6
5 DEC 2013,91,91,89,90,13,10125,911170.5
4 DEC 2013,92,92,90,92,2,4100,377000
3 DEC 2013,89.9,91,89.9,91,2,1465,133205
2 DEC 2013,90,90,89.9,89.9,3,195,17532
29 NOV 2013,89,90,89,89.5,2,20,1790
28 NOV 2013,89,89,89,89,1,2,178
27 NOV 2013,90,90,90,90,1,10,900
26 NOV 2013,90.1,90.1,90,90,12,2446,220160
25 NOV 2013,90,90.1,90,90.1,2,6,540.5
22 NOV 2013,90.2,90.2,89.8,90,12,20031,1802773.1
21 NOV 2013,90,90,90,90,3,95,8550
20 NOV 2013,90,90,89.9,90,3,15,1349.5
19 NOV 2013,90,90,89.9,89.9,2,2507,225380
18 NOV 2013,90,90,90,90,3,1011,90990
15 NOV 2013,90,90,88,90,17,30578,2752016
14 NOV 2013,90.2,90.5,90,90.2,6,210,18942.2
12 NOV 2013,90,90,90,90,3,230,20700
11 NOV 2013,90,90,90,90,4,2000,180000
8 NOV 2013,90,90.1,90,90,10,14640,1317694
7 NOV 2013,90.1,90.1,90,90,4,258,23225
6 NOV 2013,90.5,90.5,90,90,8,17963,1616695
4 NOV 2013,90.2,93.6,89,93.6,25,24692,2222596.6
31 OCT 2013,90.1,90.5,90,90,20,28551,2569650.9
30 OCT 2013,90.1,99.8,90,90.4,25,5461,504178.7
28 OCT 2013,96,96,96,96,1,1,96
25 OCT 2013,91,92.6,91,92.5,4,618,56875
23 OCT 2013,90.1,90.2,90.1,90.2,8,29988,2703518.8
22 OCT 2013,90,90.3,90,90,39,60576,5452329.1
21 OCT 2013,93,93,90,90.2,14,6311,569085.6
17 OCT 2013,93,93,93,93,1,5,465
15 OCT 2013,93,93,91,93,20,1763,161022.1
14 OCT 2013,94,94,93.8,93.9,3,190,17839
11 OCT 2013,93,94,93,93.7,14,1012,94806
10 OCT 2013,94,94,92,92,3,1301,119724
9 OCT 2013,92,92,91.5,92,4,1100,101150
8 OCT 2013,92,92,91,91,16,14000,1276031
7 OCT 2013,92,92,92,92,4,100,9200
4 OCT 2013,92,92,92,92,1,10,920
3 OCT 2013,94.8,94.8,94.8,94.8,1,10,948
2 OCT 2013,92,92,90.4,90.6,10,2146,194061.4
30 SEP 2013,90.5,92,90.5,92,4,2420,219490
27 SEP 2013,92,92,90,92,10,9290,840542
26 SEP 2013,92.6,93,92.6,92.6,5,108,10004.8
24 SEP 2013,94.9,94.9,94.9,94.9,2,17,1613.3
23 SEP 2013,95,95,94.9,94.9,5,36,3417.9
20 SEP 2013,95,95,94.9,95,4,2512,238639.8
18 SEP 2013,95,95,95,95,3,25,2375
17 SEP 2013,95,97,92,92,15,14372,1322347.9
16 SEP 2013,96,96,95,95,12,8254,788130
13 SEP 2013,99,99,99,99,1,7800,772200
12 SEP 2013,95.1,95.1,95,95,2,500,47501.5
11 SEP 2013,97.5,97.5,97.5,97.5,1,4500,438750
10 SEP 2013,97.1,97.1,97,97.1,11,6076,589956.6
9 SEP 2013,97.5,99.5,97.5,97.5,4,5020,489485
6 SEP 2013,100,100,100,100,4,31010,3101000
5 SEP 2013,101,101.1,100,101,8,12601,1272201.1
4 SEP 2013,101,104,101,103.9,7,39224,4078844.5
3 SEP 2013,101,104,101,101,6,12100,1255100.5
2 SEP 2013,104.6,104.6,100,101,16,5955,597046.9
29 AUG 2013,104.5,105,104.5,104.6,4,15400,1609350
28 AUG 2013,104,104,104,104,1,80,8320
27 AUG 2013,101.1,104.5,101.1,104.5,2,4998,520597.8
26 AUG 2013,105,105.2,101,101.5,16,50100,5087064.2
23 AUG 2013,105,105.2,105,105.2,5,710,74670
22 AUG 2013,106.7,106.7,105.3,105.8,4,31,3279.9
21 AUG 2013,108,108,105.3,106.7,2,2,213.3
16 AUG 2013,108,109,108,109,3,580,62650
15 AUG 2013,107,108,107,108,4,456,48994
13 AUG 2013,106,110,106,109.9,22,26210,2867859.9
12 AUG 2013,113,113,106.5,107,39,21399,2349796
8 AUG 2013,114,114,113,113.1,10,1104,125378.5
7 AUG 2013,114,114.5,114,114.5,16,29262,3336963
6 AUG 2013,114,114.1,113.5,113.7,23,8610,981337.4
5 AUG 2013,116,116,113.1,115,19,13278,1526924
2 AUG 2013,116,116,115,115,5,10100,1161987
1 AUG 2013,116.1,116.1,115,115.3,9,5003,579868.1
31 JUL 2013,116,116.1,115,115.5,27,26809,3103932.5
30 JUL 2013,116,117,116,117,3,8606,1001899.6
29 JUL 2013,117.5,117.5,116.1,116.1,7,4719,548529.9
26 JUL 2013,118,118,117.5,117.5,7,1281,150524.5
25 JUL 2013,120,120,117.5,120,7,1910,228199
24 JUL 2013,117.5,120,117.2,120,11,2313,275566.4
19 JUL 2013,121.7,124,121.7,124,7,509,62435.3
18 JUL 2013,116.1,116.1,116.1,116.1,1,10,1161
17 JUL 2013,117,117,117,117,5,250,29250
16 JUL 2013,118,118,117,117,8,1000,117010
15 JUL 2013,116,117,116,117,10,1223,141958
12 JUL 2013,115.6,115.6,115.6,115.6,1,109,12600.4
10 JUL 2013,124,124,110,112.9,15,12725,1437111.7
9 JUL 2013,124,124,124,124,1,10,1240
8 JUL 2013,125,125,123,123.6,2,14,1730
4 JUL 2013,121.5,124,121.5,124,5,549,67218.5
2 JUL 2013,125,125,124.5,124.8,2,14,1747.5
1 JUL 2013,125,125,125,125,2,401,50125
27 JUN 2013,125,125,125,125,5,316,39500
26 JUN 2013,125,125,125,125,3,18044,2255500
25 JUN 2013,125.8,125.8,125.8,125.8,1,1,125.8
24 JUN 2013,125.9,125.9,120,123.2,3,878,108180.2
21 JUN 2013,126,126,126,126,8,2641,332766
20 JUN 2013,128,128,127.9,127.9,3,24,3070.6
19 JUN 2013,126,127.9,126,127.8,3,1915,244643.5
18 JUN 2013,127.1,127.1,127,127,2,42,5335.2
17 JUN 2013,127.9,127.9,127,127.1,6,2405,305638.3
14 JUN 2013,125.1,127.9,125.1,127.7,6,3515,446256.5
13 JUN 2013,128,128,127,127.4,4,2837,361299
12 JUN 2013,127,128,127,127.8,4,892,114074.1
11 JUN 2013,130,130,127,128,9,1881,239696.9
10 JUN 2013,127,127,127,127,2,500,63500
7 JUN 2013,130,130,127,127,7,6020,770541
6 JUN 2013,130,130,130,130,4,1110,144300
5 JUN 2013,129.5,133.9,129.5,133,15,17105,2227339.7
4 JUN 2013,126,126.5,126,126.5,4,395,49915.5
3 JUN 2013,126,126,126,126,2,102,12852
31 MAY 2013,129.9,129.9,129.9,129.9,1,100,12990
30 MAY 2013,128,129,128,128,10,2100,268880
28 MAY 2013,130,130,125.2,126.7,8,828,107204.6
27 MAY 2013,131.2,131.2,130,130,10,15049,1956406.8
23 MAY 2013,132,132,131.2,131.4,9,1836,241142.2
22 MAY 2013,133,133,132,132,8,145,19176
21 MAY 2013,132.2,133,132.2,133,4,1304,172780
20 MAY 2013,133,134,132.5,132.5,26,39226,5244153
17 MAY 2013,133,133,132,133,15,11156,1483730
16 MAY 2013,129,132,129,131.9,67,68827,9021988
15 MAY 2013,127,127,124.5,125,9,18770,2348336.3
14 MAY 2013,127,127,126.5,126.5,5,1020,129034.5
13 MAY 2013,127,128,127,127,22,18918,2404376
10 MAY 2013,126,127.5,125.5,127.4,15,4445,561872
9 MAY 2013,125.9,126,125.4,125.4,16,50248,6307716
8 MAY 2013,123,126.5,123,125.4,38,32302,4044512.5
7 MAY 2013,122,124,122,122.9,32,60214,7369100.4
6 MAY 2013,116.5,122.8,116.5,120.9,43,63509,7625373.9
3 MAY 2013,116.5,116.5,116.5,116.5,1,36,4194
2 MAY 2013,114,115,114,115,4,2800,320700
30 APR 2013,114,115,114,115,14,10796,1232549.8
29 APR 2013,112.5,114.5,112,114.1,23,26313,2997826.5
24 APR 2013,114,114.9,111,111.2,13,15249,1751132.9
23 APR 2013,111,111,111,111,4,660,73260
22 APR 2013,111,111.2,111,111.2,2,600,66700
19 APR 2013,114.6,114.6,111,112.4,3,548,61580.1
17 APR 2013,110,110,109,109.3,2,200,21850
12 APR 2013,110,110,110,110,5,2536,278960
11 APR 2013,110.2,110.2,110,110,3,280,30801
10 APR 2013,109.9,110,107.3,110,5,1187,130488.3
9 APR 2013,110,110,110,110,4,5830,641300
8 APR 2013,107.3,110,107.3,110,3,17648,1941204.4
5 APR 2013,107.2,107.5,107.1,107.3,7,135,14471.1
4 APR 2013,108,111,107.1,110,10,2851,312871.5
3 APR 2013,108,108,107,107,3,310,33185
2 APR 2013,108,108,108,108,2,20,2160
1 APR 2013,111.5,111.5,107,109.5,3,22,2408
28 MAR 2013,108,111,106,111,8,17489,1855918.7
27 MAR 2013,107,112,106.1,112,10,2420,258810
25 MAR 2013,112,112,106.1,107,8,2705,289593
22 MAR 2013,108,110,106.1,110,4,126,13697.6
21 MAR 2013,106,106,106,106,1,5,530
20 MAR 2013,106,106,105,105,14,17585,1849325
19 MAR 2013,106,106.5,106,106.5,2,2005,212532.5
18 MAR 2013,106.1,108,105,105,6,232,24810
15 MAR 2013,108,108,106,106.2,10,12978,1378326
14 MAR 2013,108.5,108.5,108.5,108.5,1,200,21700
12 MAR 2013,111,111,110,110.2,5,1364,150704
11 MAR 2013,111.3,115,110.5,111.2,17,4749,528269
8 MAR 2013,120,120,119.9,120,3,200,23991
7 MAR 2013,114,114,106,106,2,97,10562
6 MAR 2013,106,112,106,112,17,110109,12326890.4
5 MAR 2013,106,106,105,105,4,2599,275419
4 MAR 2013,106.5,106.5,106,106.1,7,1600,170055.5
28 FEB 2013,109,110,109,110,2,1005,109550
26 FEB 2013,106,110,106,110,3,1010,111060
21 FEB 2013,112,112,112,112,1,500,56000
20 FEB 2013,112,113,112,113,4,3220,363840
19 FEB 2013,113,113,111.5,111.8,7,1559,174416.5
18 FEB 2013,114,114,112,113,16,3445,388570
15 FEB 2013,115.1,115.1,113,114,11,1622,186569.8
14 FEB 2013,116.3,116.3,115.1,116,32,11430,1324003.9
13 FEB 2013,116.5,117,116,116.2,9,4260,496915
12 FEB 2013,115.5,116,115,116,8,10269,1184185
11 FEB 2013,116.8,116.8,115,115,4,931,107077.1
8 FEB 2013,113.9,116.8,113.9,116,41,25232,2898566.5
7 FEB 2013,110,114,110,112.2,57,37963,4272460
6 FEB 2013,106,106,106,106,2,4700,498200
5 FEB 2013,108,108,108,108,4,6127,661716
1 FEB 2013,107,108,107,108,5,6705,718037.5
31 JAN 2013,105.1,107,105,106.9,8,13631,1453703.9
30 JAN 2013,108,108,107,107,3,28240,3049420
29 JAN 2013,107,107,107,107,2,640,68480
28 JAN 2013,107,107,105.2,107,8,7104,760101
24 JAN 2013,106,106,106,106,1,800,84800
23 JAN 2013,104,104,104,104,8,20937,2177448
22 JAN 2013,108,108,108,108,1,60,6480
21 JAN 2013,104,109.5,104,104,24,11711,1218138.5
18 JAN 2013,109.8,109.8,103.7,104,5,1104,115985.6
17 JAN 2013,107,108,107,107,14,13210,1417180
16 JAN 2013,103.2,107,103.2,107,4,2756,292019.2
15 JAN 2013,105,105,105,105,17,6500,682500
11 JAN 2013,105,105,105,105,9,7875,826875
8 JAN 2013,103.2,109,103.1,109,3,30,3211.3
7 JAN 2013,103.1,103.1,103.1,103.1,1,200,20620
4 JAN 2013,103.1,103.1,103.1,103.1,2,200,20620
2 JAN 2013,109,109,100.1,103.1,4,305,31483
21 DEC 2012,110,110,110,110,1,100,11000
20 DEC 2012,103,110,103,104.8,6,1850,193942.8
19 DEC 2012,103,104,103,103.6,3,300,31075
13 DEC 2012,103,104.5,103,104.5,6,2151,224513
11 DEC 2012,103,103,103,103,2,960,98880
10 DEC 2012,103,105,103,103.2,2,45,4645
7 DEC 2012,100,103,100,103,3,188,18830
6 DEC 2012,97.1,100,97.1,100,3,1723,167593.3
5 DEC 2012,97.5,97.5,97.5,97.5,1,390,38025
4 DEC 2012,98,98,97.5,97.5,8,3234,315322.5
3 DEC 2012,98,98,98,98,1,5,490
30 NOV 2012,102,102,102,102,1,35,3570
28 NOV 2012,100,100,100,100,2,500,50000
26 NOV 2012,105,105,105,105,2,2100,220500
23 NOV 2012,104.9,105,104.9,105,3,200,20995.2
21 NOV 2012,108,108,105,105,3,5500,580500
20 NOV 2012,105,105,105,105,1,100,10500
19 NOV 2012,105,110,105,110,5,2001,212010
15 NOV 2012,103.9,103.9,103.9,103.9,8,8766,910787.4
12 NOV 2012,103.9,104.5,103.9,103.9,7,152,15802.5
9 NOV 2012,103.8,104,103.8,103.9,4,642,66728
8 NOV 2012,104,104,104,104,2,21,2184
7 NOV 2012,104.5,104.5,104,104,3,2592,270068
6 NOV 2012,104,104,104,104,4,2324,241696
2 NOV 2012,107,107,107,107,4,500,53500
1 NOV 2012,107,107,107,107,2,11,1177
31 OCT 2012,100,100,100,100,1,50,5000
30 OCT 2012,105,105,102,105,2,901,94602
26 OCT 2012,106,106,105,105,3,1000,105400
25 OCT 2012,105,105,105,105,1,500,52500
24 OCT 2012,105,105,105,105,1,12,1260
23 OCT 2012,105,105,103,103,5,1196,123192
22 OCT 2012,105,105,105,105,1,10,1050
19 OCT 2012,105.5,105.5,105,105,2,200,21009.5
18 OCT 2012,105.5,105.5,105.5,105.5,1,1,105.5
17 OCT 2012,105.1,105.1,105,105,4,399,41895.1
16 OCT 2012,105,105,105,105,1,1,105
15 OCT 2012,106,106,105,105,4,3504,369920
12 OCT 2012,109,110,106,106,8,1929,210274
11 OCT 2012,109,109,109,109,1,1000,109000
10 OCT 2012,108,108,108,108,2,1457,157356
9 OCT 2012,110,110,109.5,109.5,2,190,20850
8 OCT 2012,108,110.5,108,110.4,8,2858,314284.5
5 OCT 2012,105,110,100,106,7,5207,542846
4 OCT 2012,110.5,111,110,110.4,9,9000,994020
3 OCT 2012,110,110,109.5,109.5,6,152106,16662957
2 OCT 2012,110,110,110,110,5,2300,253000
1 OCT 2012,110,112.5,110,110.8,11,6800,751670
28 SEP 2012,104,114,104,109.5,51,939132,105797135
27 SEP 2012,104,104,100,104,4,302,31404
26 SEP 2012,99,104,99,104,4,515,53499.7
25 SEP 2012,97,106.9,97,102.3,10,3007,307687
24 SEP 2012,100,103.9,100,100,4,405,41670
21 SEP 2012,102.5,104,99.9,99.9,3,730,75315
20 SEP 2012,99.9,100.5,99.9,100.1,7,3650,365490
19 SEP 2012,96.5,96.5,96.5,96.5,1,500,48250
18 SEP 2012,97,104,97,100.6,8,2701,271019.5
17 SEP 2012,104,104.5,95.6,100,18,9966,998373.3
14 SEP 2012,100,104,96,103.9,9,1221,125069.5
13 SEP 2012,99,105,99,103.8,16,5715,572870.5
12 SEP 2012,95,98,95,97,9,3825,370322
11 SEP 2012,94,94,94,94,3,608,57152
10 SEP 2012,94,94,93,93,11,6220,583557
7 SEP 2012,93.8,94,90.2,94,14,9380,880012
5 SEP 2012,94,94,91,91,2,104,9764
4 SEP 2012,90,94,90,91,13,14027,1276580
3 SEP 2012,88.8,90.3,88.8,90,10,2838,254492.7
30 AUG 2012,88.5,88.5,88.5,88.5,1,3,265.5
29 AUG 2012,85,88.9,85,88.5,15,10187,866285
28 AUG 2012,85.1,89,85,87.9,18,10877,926553.8
27 AUG 2012,85.6,89,85.6,85.6,3,1210,103610
24 AUG 2012,87,89,87,89,5,268,23336
23 AUG 2012,88,89,88,88.8,2,800,71078
22 AUG 2012,85,89,85,85,7,910,77390
21 AUG 2012,85,89,85,88,13,37845,3327749.5
20 AUG 2012,85,85,85,85,5,3700,314500
17 AUG 2012,87,87,85,85,12,2649,227024
16 AUG 2012,88,88,88,88,2,400,35200
15 AUG 2012,86,86,86,86,5,596,51256
14 AUG 2012,87,87,86,86,5,779,67007
13 AUG 2012,85.6,85.6,85,85,5,1001,85385
7 AUG 2012,88.3,89,87,87,11,1765,155465.6
6 AUG 2012,89,89,89,89,1,15,1335
3 AUG 2012,89.4,89.5,89,89.1,4,1366,121703.9
2 AUG 2012,89.5,89.5,89.5,89.5,1,1,89.5
30 JUL 2012,88.2,88.2,88.2,88.2,1,899,79291.8
27 JUL 2012,89.9,89.9,89.8,89.8,9,597,53660.2
26 JUL 2012,90,92,90,91.4,4,5000,456793.5
25 JUL 2012,88,91.5,88,88,2,1000,88003.5
24 JUL 2012,84.1,84.1,84,84,5,420,35282
23 JUL 2012,86.6,88,84,85.6,4,1814,155332
20 JUL 2012,87.5,88,87,87,11,1700,148543.5
19 JUL 2012,87.1,87.1,87,87,5,322,28016
17 JUL 2012,88,89,88,88,4,581,51129
13 JUL 2012,88,88,88,88,7,361,31768
12 JUL 2012,88,90,88,88,7,771,68048
10 JUL 2012,91,91,91,91,1,100,9100
9 JUL 2012,90.9,90.9,90.9,90.9,1,8,727.2
6 JUL 2012,91,91,91,91,1,100,9100
5 JUL 2012,91,91,91,91,3,1102,100282
4 JUL 2012,92,92,91,91.1,5,4345,395665
2 JUL 2012,91,91,91,91,2,300,27300
29 JUN 2012,92,92,91,91,10,8125,739950
28 JUN 2012,95,97.8,95,97.8,3,2025,192445
27 JUN 2012,97.9,98,97.9,98,5,102,9995.8
26 JUN 2012,98,98,94,94.6,11,25554,2403760.6
25 JUN 2012,99.8,99.8,98,98,5,10,986.4
22 JUN 2012,98,99.4,98,98.5,7,249,24474
21 JUN 2012,97.2,99,96,98,20,6433,625128
20 JUN 2012,96,97.2,96,97,9,3901,377897.2
19 JUN 2012,96.6,96.7,95.6,95.6,5,5400,516661
18 JUN 2012,95.4,95.5,95.4,95.5,4,3100,296040
15 JUN 2012,94.9,96,94.1,95.9,8,10400,996927
14 JUN 2012,92.9,94.5,92.9,94,7,3280,307190
13 JUN 2012,91,93,90.5,93,8,1314,119407
12 JUN 2012,90.5,90.6,90.5,90.6,2,1000,90560
11 JUN 2012,91,92,91,91.1,6,700,64210
8 JUN 2012,89.9,90,89.9,89.9,3,10600,953000
7 JUN 2012,85,89.9,85,86.8,9,3665,327301.9
6 JUN 2012,89,90,86,90,16,7934,692448
5 JUN 2012,90,90,89,89.8,9,1317,118450.3
1 JUN 2012,90,90,90,90,3,1200,108000
31 MAY 2012,91.5,91.5,88.3,90,11,6400,576090
30 MAY 2012,90.2,90.3,90.2,90.3,3,175,15795
29 MAY 2012,90.2,90.2,89,90,7,599,53445.4
28 MAY 2012,92.5,92.5,90,90.2,13,12130,1102152
25 MAY 2012,91,93,91,92.5,8,6030,552500
24 MAY 2012,93,93,93,93,4,720,66960
23 MAY 2012,92.7,92.7,92.7,92.7,1,3000,278100
22 MAY 2012,95,95,93,93,8,4047,376666
18 MAY 2012,95,95,92.1,93,12,4949,460488.4
17 MAY 2012,93,95,93,95,3,201,18695
16 MAY 2012,94.5,95,94.5,95,9,4000,379950
15 MAY 2012,90,95,90,94.7,14,3913,370053.3
14 MAY 2012,89,89,89,89,1,500,44500
10 MAY 2012,92,92,90,90,9,6520,592910
9 MAY 2012,94,94,93.5,93.5,3,1517,142589.5
8 MAY 2012,93,94,93,94,9,3815,356810
4 MAY 2012,94,94,94,94,1,500,47000
3 MAY 2012,95,95.2,95,95,10,4105,390225
2 MAY 2012,95.6,96,95.3,95.4,5,2831,270065.7
30 APR 2012,95.5,99,95.5,96.5,2,7,675.5
26 APR 2012,96,99.9,95,96,4,2071,198749.9
25 APR 2012,97.4,97.4,95,96.7,6,1929,186505
24 APR 2012,97.3,97.3,96,96.3,4,1240,119352
23 APR 2012,100,100,100,100,2,231,23100
20 APR 2012,100,100,100,100,13,5069,506900
19 APR 2012,100,100,100,100,1,100,10000
18 APR 2012,100,100,100,100,5,502,50200
10 APR 2012,97,97,97,97,1,500,48500
9 APR 2012,100,100,100,100,2,2000,200000
5 APR 2012,100,100,100,100,2,80000,8000000
4 APR 2012,100,100,100,100,6,192000,19200000
3 APR 2012,100,100,100,100,4,186,18600
2 APR 2012,100,100.1,100,100,11,160718,16076800
30 MAR 2012,100,101,100,100.1,16,53700,5370500
29 MAR 2012,98,100,98,100,7,83328,8332397.2
28 MAR 2012,100,101.9,100,100,41,164801,16480570.3
27 MAR 2012,102,102,102,102,1,100,10200
26 MAR 2012,109.8,109.8,109.8,109.8,1,100,10980
23 MAR 2012,94,100,94,100,20,36599,3656288.3
22 MAR 2012,92,93,92,92,14,8824,815755.6
21 MAR 2012,90,90,90,90,3,3900,351000
20 MAR 2012,90.1,92,90.1,92,2,3000,274100
19 MAR 2012,93.8,93.8,90,90,9,64801,5832093.8
16 MAR 2012,93.8,93.8,90,90,22,465428,41890086.3
15 MAR 2012,92.5,93.5,92.5,92.5,16,14210,1314825
14 MAR 2012,88,91,88,90.7,28,320040,28821540
13 MAR 2012,88,88,88,88,1,30,2640
12 MAR 2012,89.1,90,89.1,90,5,2570,229410
9 MAR 2012,94.5,94.5,94.5,94.5,1,1,94.5
8 MAR 2012,91,91,91,91,1,100,9100
5 MAR 2012,91,91,90.9,91,9,3552,323216.8
2 MAR 2012,92.4,92.4,85,88.8,19,13500,1198180.1
1 MAR 2012,92.3,92.3,92.3,92.3,1,1,92.3
29 FEB 2012,92.4,95,92.4,95,2,200,18997.4
27 FEB 2012,80,92,80,92,5,2005,184405
24 FEB 2012,92,93,92,93,2,502,46684
23 FEB 2012,100,100,95,96,3,2700,262700
22 FEB 2012,90,96,90,96,8,7800,721150
21 FEB 2012,90,90,90,90,4,20700,1863000
17 FEB 2012,90,90.6,90,90,6,25000,2262000
16 FEB 2012,94,94,90.3,90.6,4,22800,2069020
15 FEB 2012,95,95,90,90.3,16,72600,6587000
14 FEB 2012,93.9,95,86.5,93,16,267300,24834070
13 FEB 2012,90,94.8,85,90.7,12,6700,586630
9 FEB 2012,91.5,91.5,90,90.1,7,5200,469320
8 FEB 2012,92,95,91.5,95,4,2400,222200
6 FEB 2012,91.6,96.6,91.6,96.6,3,300,28480
3 FEB 2012,93,96.9,93,96.9,4,3500,327450
2 FEB 2012,92.1,95,92,93.1,7,11500,1062230
1 FEB 2012,93.1,93.1,91,91.2,17,8000,729820
31 JAN 2012,92.1,92.1,92.1,92.1,1,200,18420
30 JAN 2012,97.8,97.8,97.1,97.7,3,2300,224730
27 JAN 2012,95,98,95,95,10,6200,591100
26 JAN 2012,92,95,90,94.3,16,14400,1317050
25 JAN 2012,94,97.9,94,96,3,10100,969280
24 JAN 2012,94.1,98,92,94,9,5200,485820
23 JAN 2012,97.5,97.5,95,95,9,10000,967160
19 JAN 2012,97.6,97.6,97.5,97.6,2,3200,312310
18 JAN 2012,97.6,97.6,97.5,97.5,2,500,48760
17 JAN 2012,105,105,100,100,6,10200,1065500
13 JAN 2012,102.2,102.2,99,100,17,34200,3421800
12 JAN 2012,104,104,104,104,1,100,10400
10 JAN 2012,107.5,108,105,106.5,4,2000,212900
9 JAN 2012,108,108,108,108,3,1800,194400
3 JAN 2012,108,108,108,108,1,100,10800
2 JAN 2012,106.6,106.6,106.5,106.5,2,2300,244970
22 DEC 2011,106.5,106.5,106.5,106.5,1,200,21300
21 DEC 2011,102,102,102,102,1,100,10200
19 DEC 2011,100,107,100,107,2,200,20700
16 DEC 2011,105.1,109.1,105.1,108.1,4,2100,221910
15 DEC 2011,105.1,105.1,105.1,105.1,2,1300,136630
13 DEC 2011,105,106,105,105,7,130800,13734100
12 DEC 2011,105,105.1,105,105,9,16500,1732520
9 DEC 2011,107,107,105,105.3,3,900,95800
8 DEC 2011,109.8,109.8,105,105,3,800,84970
7 DEC 2011,105,105,105,105,7,5200,546000
6 DEC 2011,105,105,105,105,4,48000,5040000
5 DEC 2011,105.5,105.5,105,105.1,3,21700,2280600
2 DEC 2011,113,113,113,113,1,100,11300
1 DEC 2011,105,114,105,108,15,96500,10180350
30 NOV 2011,105,107.5,102,105,9,156600,16442950
29 NOV 2011,104.8,107.5,104.8,105,5,4200,446470
28 NOV 2011,105,105,100,101,15,7000,712330
25 NOV 2011,100.1,100.1,96,100,6,11400,1137720
24 NOV 2011,105,108,102,102,6,5900,619500
23 NOV 2011,106.5,106.5,106,106,4,2100,222650
21 NOV 2011,114.5,114.5,114.5,114.5,1,100,11450
18 NOV 2011,108.9,119.9,106,106.1,11,4400,477690
17 NOV 2011,103,109,102,109,11,36200,3872450
16 NOV 2011,106,106,106,106,2,3000,318000
15 NOV 2011,107,107,105,106,9,21500,2280100
14 NOV 2011,108.5,108.5,106.1,106.8,11,5700,613440
11 NOV 2011,110,110,110,110,3,1500,165000
9 NOV 2011,110,110,109,109.2,7,4200,460590
8 NOV 2011,112,112,112,112,2,400,44800
4 NOV 2011,108,111,108,111,12,28800,3167400
3 NOV 2011,112.1,112.1,110,110.4,14,13000,1441090
2 NOV 2011,111,115,111,112.5,12,22100,2492300
1 NOV 2011,111,111,110,110,4,800,88120
31 OCT 2011,113,115,110,110,20,12700,1412190
28 OCT 2011,113,113.5,110,113,33,33100,3698300
27 OCT 2011,111,112.5,111,112.5,3,4000,447000
25 OCT 2011,110,116,110,113,2,200,22600
24 OCT 2011,116.1,116.1,116.1,116.1,1,1200,139320
21 OCT 2011,114,116,114,115.2,6,3700,426190
18 OCT 2011,110,119,106.6,116.4,6,6900,758160
17 OCT 2011,111,111.1,111,111.1,2,1100,122200
14 OCT 2011,116.2,119,116,116.9,10,6800,799630
13 OCT 2011,116.4,118,116.1,116.1,9,7000,814840
12 OCT 2011,116,117,115.5,117,3,1000,116300
7 OCT 2011,119,119,119,119,1,100,11900
6 OCT 2011,116.3,116.3,115.5,115.5,9,6900,799390
5 OCT 2011,120,120,116.5,119.7,2,1100,131650
4 OCT 2011,121,121,121,121,1,800,96800
30 SEP 2011,116.5,121,116.5,121,5,2100,245530
28 SEP 2011,121.7,121.7,121.7,121.7,1,100,12170
27 SEP 2011,121.8,121.8,116,116,2,5200,632200
26 SEP 2011,122,122,122,122,2,2500,305000
23 SEP 2011,118,120,118,118,6,10100,1192000
22 SEP 2011,118,118,118,118,11,17800,2100400
21 SEP 2011,118,122.9,118,122.9,2,1600,191740
20 SEP 2011,124,124,118.5,120.8,6,8500,1039350
16 SEP 2011,122,123.9,122,123,5,5700,701450
15 SEP 2011,124,124,121,121,3,1700,206300
14 SEP 2011,122,125,121,123.1,37,44900,5558830
13 SEP 2011,125.8,125.9,122,122.6,21,48000,6028530
12 SEP 2011,121,126.4,121,125.9,210,936600,117421910
9 SEP 2011,120,120,115,118.9,12,10200,1210910
8 SEP 2011,119,119,119,119,1,100,11900
7 SEP 2011,116.5,116.5,115,116,5,2000,232000
6 SEP 2011,124,124.9,118,118,5,9200,1143800
5 SEP 2011,123,124.9,120,120,12,19100,2367970
2 SEP 2011,124.5,126,123,123,33,39400,4885750
1 SEP 2011,114,127,114,125.6,143,622200,76710690
30 AUG 2011,112,113,112,113,3,500,56300
29 AUG 2011,113.8,113.8,113.8,113.8,3,4800,546240
26 AUG 2011,112.5,114,112.5,113.8,3,400,45400
25 AUG 2011,112,112.2,112,112.1,5,1600,179290
24 AUG 2011,112.5,112.5,112,112.1,3,3700,414900
23 AUG 2011,115,115,112,112,6,2400,270320
19 AUG 2011,114.5,115,114.5,115,3,400,45950
18 AUG 2011,119,119.9,114,114,9,4100,486140
17 AUG 2011,122.5,125.5,113.1,115.2,22,34200,4064780
16 AUG 2011,112.5,120,108.1,118.3,32,47300,5551320
15 AUG 2011,114,114,107.1,112.5,4,9700,1091200
12 AUG 2011,113,113,111.5,113,11,12600,1422110
11 AUG 2011,111,112.5,111,112.5,3,700,78450
10 AUG 2011,112,115,111,111.8,15,97100,10910100
9 AUG 2011,108,112.6,108,112,22,19100,2123480
8 AUG 2011,107.1,112,107,110,12,11400,1233570
5 AUG 2011,108,110.2,108,109.6,8,3700,401560
4 AUG 2011,111,111,106.3,106.9,15,6300,683610
3 AUG 2011,115,117.8,106,107.5,70,47600,5161010
2 AUG 2011,98.5,115,98.5,113.9,36,522500,51849040
1 AUG 2011,96.5,98,96.5,98,2,200,19450
29 JUL 2011,99,99,99,99,7,3000,297000
28 JUL 2011,96,96.1,96,96.1,2,300,28810
27 JUL 2011,94,94,94,94,2,500,47000
26 JUL 2011,92.8,95.9,92,95.1,15,8400,795830
25 JUL 2011,91,91.1,91,91,3,700,63710
22 JUL 2011,93.3,93.5,93,93,10,7100,661220
21 JUL 2011,94,94,94,94,2,1000,94000
20 JUL 2011,93.3,94,93.3,94,2,800,74850
19 JUL 2011,93.3,93.3,93.3,93.3,2,600,55980
15 JUL 2011,92,93.5,92,93.3,3,2200,204900
13 JUL 2011,93,93,92,92,5,4800,442700
12 JUL 2011,93,94,92,92.8,13,13900,1290810
11 JUL 2011,94,95,92,93.7,7,2700,252900
8 JUL 2011,94.1,96,94,94.2,5,1600,150610
7 JUL 2011,96,96.1,95,95,11,8100,770710
6 JUL 2011,96.6,97,95,95.7,11,8200,784620
4 JUL 2011,97.9,97.9,96.2,97.6,9,3800,371040
1 JUL 2011,97.8,97.8,97,97.1,2,1200,116560
30 JUN 2011,98,98,96,96.4,4,1800,173440
29 JUN 2011,100,100,100,100,4,4400,440000
28 JUN 2011,100,104,100,103.9,4,1200,123900
27 JUN 2011,102,102,101.9,102,5,3500,356840
24 JUN 2011,103.5,104,100,100.1,17,16500,1663150
23 JUN 2011,105,105,105,105,6,2800,294000
22 JUN 2011,105,105,103.5,105,7,1300,135230
20 JUN 2011,105,105,105,105,11,18900,1984500
17 JUN 2011,105,105,105,105,3,2100,220500
16 JUN 2011,105,105,105,105,1,200,21000
14 JUN 2011,105.5,105.5,105,105,4,400,42050
10 JUN 2011,107,115,106,106.1,19,18900,2020810
9 JUN 2011,108.1,108.1,105,106,8,6600,703910
8 JUN 2011,109,109,109,109,8,9500,1035500
7 JUN 2011,109,109.5,109,109.4,3,2100,229650
6 JUN 2011,112,112,111,111,4,800,89500
3 JUN 2011,115,115,115,115,3,5000,575000
2 JUN 2011,115,115,114,114,7,3700,425000
1 JUN 2011,114.2,115,114.2,114.7,2,3800,435960
31 MAY 2011,114.2,114.2,114.2,114.2,2,200,22840
30 MAY 2011,114,115,114,114.9,11,7300,835730
27 MAY 2011,114.1,115,114,114.7,11,6700,766410
26 MAY 2011,114,114,114,114,4,4000,456000
25 MAY 2011,114,114,114,114,2,1000,114000
24 MAY 2011,115,115,114,114.1,3,1500,172030
20 MAY 2011,115,115,115,115,2,4500,517500
19 MAY 2011,116,116,115,115,18,58400,6716100
13 MAY 2011,117.9,119,117.9,119,8,2500,295690
12 MAY 2011,115,115,115,115,4,1200,138000
11 MAY 2011,115.2,115.2,113.5,114.6,4,2200,252160
10 MAY 2011,117,118,117,118,3,5000,589800
9 MAY 2011,116.9,117,116.9,117,2,500,58480
6 MAY 2011,117,117,117,117,1,2000,234000
5 MAY 2011,117,117,117,117,4,2000,234000
4 MAY 2011,117,117,117,117,5,5500,643500
3 MAY 2011,117.1,117.1,117,117,3,2300,269120
29 APR 2011,118,118,117,117.1,2,1700,199100
28 APR 2011,120,120,120,120,10,18200,2184000
27 APR 2011,117,117.5,117,117,4,1300,152250
26 APR 2011,120,120,118,118,4,4100,491800
25 APR 2011,119.9,120,118,118.8,5,5100,605790
21 APR 2011,120,120,120,120,3,3300,396000
20 APR 2011,120,120,120,120,5,9300,1116000
18 APR 2011,120,124.9,120,120,19,14800,1798350
12 APR 2011,120,123,120,122,8,11500,1398400
8 APR 2011,121,121,118,119.9,9,6200,746000
7 APR 2011,121,121,120,121,9,8400,1012450
6 APR 2011,120,121,120,121,7,14500,1740300
5 APR 2011,121.5,121.5,120,120,4,6100,732150
4 APR 2011,120,120,120,120,4,10600,1272000
1 APR 2011,120,120,120,120,4,1400,168000
31 MAR 2011,116,116.2,116,116.1,9,2600,301700
30 MAR 2011,116,116,116,116,3,3800,440800
28 MAR 2011,119.5,119.5,115.6,115.6,2,1100,131060
25 MAR 2011,115,120,115,119.8,18,39000,4672150
24 MAR 2011,112,115,112,115,6,3000,337500
22 MAR 2011,112,112,112,112,1,5000,560000
21 MAR 2011,113,113,112,112,8,20000,2246000
16 MAR 2011,112,112.9,111,112.5,7,6100,684000
15 MAR 2011,114,114,111,112.3,6,4700,530400
14 MAR 2011,116.2,116.2,114,115,10,5600,644570
11 MAR 2011,116,116,116,116,6,2500,290000
10 MAR 2011,115,116,115,116,6,2000,231700
9 MAR 2011,116,116,116,116,6,3800,440800
8 MAR 2011,116,116,116,116,8,8300,962800
7 MAR 2011,119.9,119.9,116,116.2,4,1200,140110
4 MAR 2011,119.9,119.9,119.9,119.9,2,300,35970
3 MAR 2011,116.1,116.1,116.1,116.1,4,700,81270
1 MAR 2011,116,117,116,116.6,5,1800,208920
28 FEB 2011,118.5,118.5,115.5,116,21,94700,11010100
25 FEB 2011,120,120,118,119.8,27,48000,5739000
24 FEB 2011,121,126,121,125.8,26,106600,13406910
23 FEB 2011,121,122.2,121,122.2,15,21800,2661850
22 FEB 2011,121,121,121,121,10,4500,544500
21 FEB 2011,120,124,120,122.9,30,37300,4582680
18 FEB 2011,119,123.1,119,120,3,1300,155810
15 FEB 2011,124.5,124.5,119,121.8,2,200,24350
14 FEB 2011,122,122,120,121.1,25,23300,2834100
11 FEB 2011,122.2,122.2,122,122,9,2700,329460
10 FEB 2011,122,122,122,122,1,100,12200
9 FEB 2011,126,126,122,122.1,14,34800,4272500
8 FEB 2011,122.5,125,122.5,125,37,40400,5027930
7 FEB 2011,121.1,122.5,121,122.4,28,34100,4158460
3 FEB 2011,121,121,119,120,56,229400,27536000
2 FEB 2011,120,121,118,120,90,348800,41857600
1 FEB 2011,120,120,119,119.6,4,600,71800
31 JAN 2011,120,120.9,119.5,120,7,2600,312040
28 JAN 2011,120,121.8,120,120,32,68800,8257060
27 JAN 2011,120.1,121.3,120,120.3,47,298200,35804830
26 JAN 2011,120,122,120,120,39,372500,44705300
25 JAN 2011,120,120,119.5,119.5,2,30100,3611950
21 JAN 2011,120,120,119.1,119.5,23,177900,21344950
20 JAN 2011,119.1,120,119,119.9,10,55800,6664060
18 JAN 2011,119.9,120,119,119,12,30000,3598480
17 JAN 2011,119,120,119,120,11,42200,5048790
14 JAN 2011,120,120,119,119.4,7,72900,8702790
13 JAN 2011,120,120,119,119.1,11,20900,2502500
12 JAN 2011,119,120,119,120,15,91000,10904190
11 JAN 2011,119,120,119,119,7,32400,3885570
10 JAN 2011,120,120,119,120,14,97300,11618000
7 JAN 2011,120,121,119,119,25,224100,26891900
6 JAN 2011,120,120,119,119.3,11,122700,14652300
5 JAN 2011,119,119,119,119,1,300,35700
31 DEC 2010,120,120,118,119.7,14,30300,3628250
30 DEC 2010,116.1,120,115,120,6,332700,39912710
28 DEC 2010,117.8,121,117.6,117.6,7,4700,558680
27 DEC 2010,117,123,115,117.2,16,7600,888700
24 DEC 2010,116,116,116,116,1,100,11600
23 DEC 2010,116.5,120,116,119.8,17,38600,4613850
21 DEC 2010,115,117,115,117,3,500,57900
17 DEC 2010,115,115,115,115,1,100,11500
15 DEC 2010,118,118,118,118,1,100,11800
14 DEC 2010,115,118,115,116.5,2,200,23300
13 DEC 2010,115,118,115,117,3,300,35000
7 DEC 2010,118,118,117.9,118,5,1000,117980
6 DEC 2010,119,119,119,119,1,7700,916300
3 DEC 2010,119,119,118,118.8,33,31200,3706930
2 DEC 2010,120,120,118.2,119,13,47200,5641280
1 DEC 2010,119,122,119,119.9,14,126500,15164510
30 NOV 2010,120,120,118,119.9,8,19000,2276020
29 NOV 2010,117,117,116,116.5,7,6100,710700
26 NOV 2010,118,118,118,118,1,100,11800
25 NOV 2010,115,115,115,115,2,9600,1104000
24 NOV 2010,118.1,118.1,118,118,2,1200,141620
23 NOV 2010,118,118.1,118,118,32,46800,5522430
22 NOV 2010,118,118.2,117.9,118,12,6900,813720
18 NOV 2010,117,118,117,118,9,4800,564600
16 NOV 2010,116,118,116,116.5,2,400,46600
15 NOV 2010,116,116,116,116,1,500,58000
12 NOV 2010,117,117,117,117,2,600,70200
10 NOV 2010,118.1,118.1,116.6,117,4,1400,163840
9 NOV 2010,116.6,116.6,115.1,116.6,10,10900,1270130
8 NOV 2010,116,117,116,117,5,4200,491300
4 NOV 2010,115.5,116,115.5,116,5,1600,185100
3 NOV 2010,115.6,120,115.6,120,2,200,23560
2 NOV 2010,120,120,120,120,3,1500,180000
1 NOV 2010,118,120,115.3,119.1,9,4100,488050
29 OCT 2010,117,125,117,120,65,133200,16023150
28 OCT 2010,118,119,118,119,2,200,23700
27 OCT 2010,118,118,118,118,1,100,11800
26 OCT 2010,115.2,115.2,114,114.5,6,700,80240
25 OCT 2010,120.2,122,120.2,121.5,2,1000,121460
21 OCT 2010,116.5,122,120.2,121.5,2,1000,121460
20 OCT 2010,116,116,116,116,3,1100,127600
19 OCT 2010,115,115,115,115,7,3000,345000
18 OCT 2010,118,119,118,118.3,2,300,35500
15 OCT 2010,115.1,115.2,115.1,115.2,3,300,34550
14 OCT 2010,116.5,119.8,115,117.1,6,2200,256690
13 OCT 2010,116,116,115,115,4,1200,138200
12 OCT 2010,118,118,116,117.3,7,3100,364430
11 OCT 2010,117,119,117,118.3,4,900,106500
8 OCT 2010,118.1,118.1,116.5,117.2,9,6400,745970
7 OCT 2010,117.3,120,117,120,13,3500,412180
6 OCT 2010,122,122,117.2,117.4,13,109300,13118730
5 OCT 2010,122,124,121,124,18,17600,2140120
4 OCT 2010,121.1,124,121.1,122,9,5700,694410
1 OCT 2010,123,123,120.5,122,15,371800,44672070
30 SEP 2010,122,122.5,120,122,16,17800,2168240
29 SEP 2010,125,125,122,122.3,14,8800,1082000
28 SEP 2010,140,140,122.5,123.3,18,14600,1804380
27 SEP 2010,124,124.5,122,122.1,16,22000,2711010
24 SEP 2010,123,124,121.5,123.8,12,14400,1777550
23 SEP 2010,124,125,124,123,17,11200,1394800
21 SEP 2010,123,124,123,124,9,5000,616000
20 SEP 2010,123,124.9,122,124.7,17,56700,6988710
17 SEP 2010,126,126,123,124.5,25,38300,4777200
16 SEP 2010,125,125,124.2,124.8,16,8800,1098330
15 SEP 2010,127,129.5,125,125.8,72,227600,28594770
14 SEP 2010,125,128,125,125.6,144,352600,44269840
13 SEP 2010,124,130,124,125,45,195800,24451950
9 SEP 2010,125,125,120,123.7,20,39000,4838200
8 SEP 2010,121,121,121,121,1,2000,242000
7 SEP 2010,125,125,120,124.8,15,19800,2472650
6 SEP 2010,121,121,121,121,1,100,12100
3 SEP 2010,125,125,123,123.4,41,171100,21262700
2 SEP 2010,121,123,121,122.5,7,2800,341500
1 SEP 2010,120,120,119,120,5,4500,539500
31 AUG 2010,118,122,118,118.3,7,3100,366610
30 AUG 2010,120,120,118,120,12,16700,2002200
27 AUG 2010,121,122,121,122,6,2900,352500
26 AUG 2010,118,120,118,119.8,11,21400,2526100
25 AUG 2010,118,118,118,118,2,1000,118000
23 AUG 2010,120,120,120,120,1,200,24000
20 AUG 2010,123,123,123,123,1,1000,123000
19 AUG 2010,121,123,121,123,11,13700,1677000
18 AUG 2010,120,121,120,120.6,10,6100,732950
17 AUG 2010,121,121,121,121,1,100,12100
16 AUG 2010,122.5,123,121,121,9,3800,461540
13 AUG 2010,122,122,122,122,3,1200,146400
12 AUG 2010,125,125,120.5,124.1,4,800,99000
11 AUG 2010,129,129,118.5,121.1,31,2359500,293805660
10 AUG 2010,114,117.5,114,117.5,7,1700,196650
9 AUG 2010,110,113.3,110,113.2,4,1400,156890
6 AUG 2010,124.9,125,120,122,6,1700,207450
5 AUG 2010,123,123,115,117.8,28,29600,3473500
4 AUG 2010,122.5,126,122.5,124,4,1400,173650
3 AUG 2010,128,128,120,123,16,14500,1786190
2 AUG 2010,128,128,127,127,4,1600,204300
30 JUL 2010,128.5,132.5,127,127.5,13,13800,1814450
29 JUL 2010,130,130,127,128.5,20,20500,2648500
28 JUL 2010,132,134,129,129,43,29500,3877200
27 JUL 2010,129.5,132,128.5,131,42,27400,3561800
26 JUL 2010,127.25,129.75,120,126,7,701300,84166250
23 JUL 2010,127.25,127.5,127,127.25,8,3500,445375
22 JUL 2010,130,130,128,128,4,1300,166900
21 JUL 2010,129.5,130,128,129.75,13,3400,441300
20 JUL 2010,127.25,128,127.25,128,4,2700,343875
19 JUL 2010,130,130,127.25,127.75,10,10500,1361650
16 JUL 2010,128,128,127,127.25,8,4400,562300
15 JUL 2010,125.5,127,125.5,127,6,1300,164950
14 JUL 2010,128,128,127,127,6,5500,703400
13 JUL 2010,128,128,127,128,6,2800,357950
12 JUL 2010,125,130,125,127,13,6500,818625
9 JUL 2010,124,125,124,125,12,7500,934800
8 JUL 2010,125,130,125,126,8,3200,403075
7 JUL 2010,127.5,127.5,125,125.25,10,4100,516450
6 JUL 2010,129.5,129.5,126,126.25,8,2500,317400
5 JUL 2010,129.75,130,129.75,129.75,11,13500,1754550
2 JUL 2010,125,131.75,125,129.75,76,2508600,313761575
1 JUL 2010,125,127,123.75,124.75,157,4085900,510741375
30 JUN 2010,125,126,124,125,31,84800,10601750
29 JUN 2010,125,125,125,125,19,23900,2987500
28 JUN 2010,123.75,123.75,123.75,123.75,2,500,61875
24 JUN 2010,123,125,123,123.75,23,27300,3380100
23 JUN 2010,123,123.25,123,123,9,3200,393625
22 JUN 2010,123,123,123,123,32,31100,3825300
21 JUN 2010,125,125,122,122.5,18,4800,589775
17 JUN 2010,120,123,120,122,19,21700,2649525
16 JUN 2010,121.25,121.25,120,120,9,9500,1140250
15 JUN 2010,124.5,125,122,123,13,11600,1439650
14 JUN 2010,117,125,116,124.75,64,73400,9044625
11 JUN 2010,115,116.75,115,115.5,15,61300,7080250
10 JUN 2010,115,115,114,114,5,5700,654800
9 JUN 2010,115,115,114,115,12,13000,1494900
8 JUN 2010,113.25,115.75,113.25,115,20,14000,1605450
7 JUN 2010,113,113.5,113,113.25,3,1200,135650
4 JUN 2010,115,115,113,114,10,8100,922400
3 JUN 2010,112.75,112.75,112.5,112.5,10,8000,900600
2 JUN 2010,113.5,113.5,112.5,112.5,3,1300,146350
1 JUN 2010,114.5,114.5,112,113.75,10,2700,307100
31 MAY 2010,114.5,114.5,112,113.75,8,1600,182150
26 MAY 2010,114.75,114.75,112,112,6,8200,918675
25 MAY 2010,112,112,112,112,1,500,56000
24 MAY 2010,112,112,111.25,112,5,10900,1220725
21 MAY 2010,114,114,111,111.25,9,3600,400200
20 MAY 2010,114,114.5,114,114.5,2,600,68450
19 MAY 2010,115.25,115.25,115,115,8,2300,264750
18 MAY 2010,115,115,114.5,114.75,5,3200,367425
17 MAY 2010,115.5,116,115.5,116,10,4400,509675
14 MAY 2010,117.25,117.25,115.25,115.25,14,10800,1254050
13 MAY 2010,115,118,115,115,21,10600,1233350
12 MAY 2010,114,118,114,115,36,238244,27403110
11 MAY 2010,113,115,113,114.25,10,3400,387550
10 MAY 2010,115,115,114.5,114.75,10,10900,1252175
7 MAY 2010,119,119,115,115.75,10,5100,596850
6 MAY 2010,113,125,113,118.75,96,109300,12966925
5 MAY 2010,112,112.25,112,112,17,7900,885475
4 MAY 2010,114,114.25,112,112,11,11100,1248975
3 MAY 2010,110,114.5,110,113.25,58,758000,84883775
29 APR 2010,109.75,110,109,109.25,16,13900,1521650
27 APR 2010,110,110,109,109.5,5,2600,284700
26 APR 2010,110,111,109,110,13,4800,528000
23 APR 2010,110,110.5,107.5,109.5,33,15100,1659325
22 APR 2010,107,108,105,107,12,6000,641700
21 APR 2010,105,105,104,104.25,8,3600,375750
20 APR 2010,105,106,105,105,21,22800,2394675
19 APR 2010,105,105,105,105,6,4500,472500
16 APR 2010,105.25,105.25,105,105,2,500,52550
12 APR 2010,105,105,105,105,1,100,10500
8 APR 2010,105,105,105,105,4,2500,262500
7 APR 2010,102.5,108.5,102.5,105,19,18300,1920875
6 APR 2010,104,105,104,105,8,17900,1877500
1 APR 2010,103.75,105,103.75,104.5,5,5000,522450
31 MAR 2010,103.75,103.75,103.75,103.75,1,400,41500
26 MAR 2010,102,104,102,102.25,9,7100,726800
24 MAR 2010,104,105,104,104,23,21600,2266450
23 MAR 2010,105,105,105,105,1,500,52500
22 MAR 2010,105,105,105,105,3,800,84000
19 MAR 2010,105,105,105,105,10,8500,892500
18 MAR 2010,105,105,105,105,7,2700,283500
17 MAR 2010,106,106,105,105.25,19,17900,1885200
16 MAR 2010,105.5,105.5,105.5,105.5,5,2000,211000
15 MAR 2010,106.5,106.5,105.5,106,2,200,21200
12 MAR 2010,105,106,105,105.5,13,5300,560550
11 MAR 2010,104.75,105,104.75,105,9,8200,859375
10 MAR 2010,105,105,102,104.75,6,3400,356700
9 MAR 2010,105.5,105.5,105,105.25,17,15500,1630575
8 MAR 2010,105.5,105.5,105.5,105.5,7,2600,274300
5 MAR 2010,105,105.25,105,105.25,6,1500,157650
4 MAR 2010,105,106,105,106,9,5800,611300
3 MAR 2010,106.5,106.5,105.25,105.25,18,84900,8959550
2 MAR 2010,105.75,106.5,105,106,19,65200,6881925
1 MAR 2010,106,106.75,104.75,105,15,8100,855150
26 FEB 2010,105,105.5,104.5,105,8,7200,755500
25 FEB 2010,102.5,106,102.5,105.5,39,36900,3804350
24 FEB 2010,103,103.25,102.75,102.75,8,7900,812650
23 FEB 2010,102.5,102.75,102.5,102.5,7,3800,389625
22 FEB 2010,102.25,102.25,102,102.25,8,5100,521225
19 FEB 2010,103.5,103.5,100,102,23,33700,3394250
18 FEB 2010,100.75,104,100.75,103.25,16,5500,568675
17 FEB 2010,100.5,104,100.5,101,13,6600,668600
16 FEB 2010,102.25,102.25,101,101,11,3900,395375
15 FEB 2010,103,109.75,103,106.5,5,800,85175
12 FEB 2010,100,102.75,100,100.25,26,23800,2383950
11 FEB 2010,102,102,101,101,23,28700,2921100
10 FEB 2010,103,104.75,102.5,103.25,19,9800,1011650
9 FEB 2010,106,106,102,103,37,20800,2183525
8 FEB 2010,104.75,107.5,104.5,107,31,13200,1406475
5 FEB 2010,110,110,105,105.5,36,15100,1624575
3 FEB 2010,107,115,107,109.75,349,404800,44699900
2 FEB 2010,93,109.75,93,105.5,468,371400,37741200
1 FEB 2010,89,91,87.25,89.5,28,27900,2489475
28 JAN 2010,90,90,88,88.5,15,6300,562200
25 JAN 2010,88.75,89.75,88.75,89.75,7,4200,375050
22 JAN 2010,88.5,90.75,88.5,89.5,10,4300,385925
21 JAN 2010,88.5,90,88.5,88.5,13,2800,249100
20 JAN 2010,90,90,89.5,90,16,12500,1124750
19 JAN 2010,90,92,88.25,89.5,25,10700,962900
18 JAN 2010,93,93,89,89.75,28,16300,1467275
15 JAN 2010,90,97,90,91.25,110,105500,9749575
13 JAN 2010,90,90,89,90,20,15600,1403600
12 JAN 2010,90,90,88.25,88.25,5,2000,179125
11 JAN 2010,90,91,89.75,90.5,28,13800,1247675
8 JAN 2010,90,90,89,89,6,2400,213825
7 JAN 2010,88,89,88,89,5,2000,177900
6 JAN 2010,88,89,88,88.25,13,4800,423400
5 JAN 2010,89,89,88,88,11,3500,311200
4 JAN 2010,91.25,91.25,91.25,91.25,1,200,18250
30 DEC 2009,91,91,86,86,5,2000,179400
29 DEC 2009,91,93,91,91.5,9,2600,239050
28 DEC 2009,90.75,91,90.75,90.75,4,1800,163600
24 DEC 2009,87,91.5,87,91,25,12300,1100825
23 DEC 2009,87,88,87,87.25,14,7700,671025
22 DEC 2009,87,87,86,86.75,5,1000,86650
21 DEC 2009,85,86,85,85.75,3,31400,2670200
18 DEC 2009,84,86,84,85.5,10,6600,562275
17 DEC 2009,84,84,84,84,1,200,16800
16 DEC 2009,82.5,85,82,82.75,13,11100,917150
15 DEC 2009,82.5,82.5,82,82.25,4,5000,411000
14 DEC 2009,83,83,82.5,83,6,3600,298700
11 DEC 2009,83,83,80.25,82.25,8,1200,99025
10 DEC 2009,82,82.75,82,82.75,2,200,16475
8 DEC 2009,87.75,88.5,87.75,88.25,5,1000,88175
7 DEC 2009,80.5,82,80,80.5,4,1300,104600
4 DEC 2009,80.25,80.25,80.25,80.25,1,100,8025
26 NOV 2009,80,80,80,80,2,2000,160000
25 NOV 2009,80,84.5,79,81.75,4,800,65050
24 NOV 2009,80,80,80,80,4,1300,104000
20 NOV 2009,85,85,85,85,1,100,8500
19 NOV 2009,87,88.75,87,88.5,3,1200,106150
12 NOV 2009,84,85,84,85,4,1400,118200
11 NOV 2009,84,84,84,84,1,100,8400
10 NOV 2009,85,86.75,85,85.25,2,1100,93675
3 NOV 2009,88,89,88,88,9,4300,380200
30 OCT 2009,89,89,89,89,3,1200,106800
27 OCT 2009,86,86,84.5,84.75,10,22500,1912000
26 OCT 2009,85,85,85,85,4,2700,229500
21 OCT 2009,80.25,88,80.25,88,4,900,78125
20 OCT 2009,90,90,89.5,89.75,5,8000,718500
16 OCT 2009,90,90,90,90,2,7000,630000
14 OCT 2009,93,93,92,92,7,14400,1338800
13 OCT 2009,93,93,92.5,92.75,12,9100,845350
12 OCT 2009,93,93.5,93,93,12,16500,1539000
9 OCT 2009,93.5,93.5,93,93,4,3200,297700
8 OCT 2009,93,93,93,93,3,700,65100
7 OCT 2009,90,95,89,92.75,31,23200,2144625
6 OCT 2009,94,94,88.25,88.5,5,2600,237075
5 OCT 2009,96,96,92,93.75,13,6500,607650
2 OCT 2009,95,96,95,96,3,4100,392800
1 OCT 2009,93,95,93,93.75,10,28100,2614050
30 SEP 2009,91.75,93,91.75,92,47,71200,6556950
29 SEP 2009,90,91.75,90,90.75,48,87000,7849550
28 SEP 2009,89.25,90,89,89.75,29,72300,6497400
25 SEP 2009,86.75,90,86.75,87.25,23,68100,5935550
24 SEP 2009,85,85,83.5,83.5,5,900,76050
23 SEP 2009,85,85,83,83,5,53200,4421650
22 SEP 2009,87,87,87,87,2,300,26100
18 SEP 2009,87,87,87,87,2,5000,435000
17 SEP 2009,86,87,86,87,7,33100,2876600
16 SEP 2009,86,86,84,84,3,600,51400
15 SEP 2009,86,86,86,86,3,1000,86000
14 SEP 2009,85,88.5,85,86.5,51,50500,4431675
11 SEP 2009,85,85.5,85,85,37,98400,8376625
10 SEP 2009,80.25,87,80,85,58,355800,28731775
9 SEP 2009,79.5,82,79.5,80.75,17,22700,1829700
8 SEP 2009,78,79,78,79,2,200,15700
7 SEP 2009,76,78,76,78,2,2100,163600
3 SEP 2009,77,77,76,76,7,50000,3800700
2 SEP 2009,77,79.5,77,79.5,14,30600,2372600
1 SEP 2009,79.5,79.5,77,78,3,16600,1296200
28 AUG 2009,75.5,76,75.5,76,2,200,15150
27 AUG 2009,78.5,80,78.5,79.75,7,5000,398425
25 AUG 2009,74.5,78.75,74,78,18,6900,533550
24 AUG 2009,74,74,74,74,1,3000,222000
21 AUG 2009,73.5,73.5,73.5,73.5,2,600,44100
20 AUG 2009,73.5,73.75,73.5,73.75,2,400,29425
19 AUG 2009,75,75,72.5,73.5,5,500,36875
11 AUG 2009,79,79,77,77.25,7,1500,116675
7 AUG 2009,79,79,79,79,3,300,23700
6 AUG 2009,78,78,78,78,1,100,7800
30 JUL 2009,79,86,79,82.75,7,3300,273400
28 JUL 2009,79,79,79,79,1,400,31600
27 JUL 2009,80,80,80,80,1,100,8000
24 JUL 2009,80,80,79.75,80,5,2200,175625
23 JUL 2009,80,80,80,80,7,10500,840000
22 JUL 2009,80,80,80,80,2,900,72000
21 JUL 2009,80,80,80,80,4,26800,2144000
20 JUL 2009,80,80,80,80,1,200,16000
17 JUL 2009,80,80,80,80,3,1500,120000
15 JUL 2009,77.5,79.75,77.5,79.75,4,1200,93225
14 JUL 2009,77.5,77.5,77.5,77.5,3,700,54250
10 JUL 2009,78,84.5,77.5,77.5,11,8200,646675
9 JUL 2009,78.75,78.75,75,75,2,900,70500
2 JUL 2009,79,79,79,79,1,1000,79000
30 JUN 2009,80,80,80,80,1,100,8000
29 JUN 2009,81,81.5,81,81.25,4,1300,105350
26 JUN 2009,81,81,80,81,7,4700,379700
25 JUN 2009,80.25,81,80,80.5,6,1900,152725
24 JUN 2009,80.25,80.25,80.25,80.25,1,100,8025
23 JUN 2009,81.75,82,81.75,82,3,800,65525
22 JUN 2009,82.5,82.5,82,82.25,10,8400,692900
19 JUN 2009,81,84.25,80,82.25,32,134700,10833850
18 JUN 2009,80,80,80,80,6,1600,128000
17 JUN 2009,80,80,79.75,80,12,14200,1135975
16 JUN 2009,80,80,80,80,1,1000,80000
15 JUN 2009,79.75,79.75,79,79.75,3,600,47775
12 JUN 2009,80,80,79,79,7,30800,2463800
11 JUN 2009,80.75,80.75,80.5,80.75,2,600,48425
9 JUN 2009,79,79,79,79,1,100,7900
8 JUN 2009,82,82,80.75,81,5,900,72975
3 JUN 2009,82,82,82,82,1,100,8200
1 JUN 2009,82.5,82.5,82.5,82.5,1,200,16500
29 MAY 2009,82.5,82.5,82.5,82.5,2,1500,123750
28 MAY 2009,80,82,80,80.5,5,6100,488400
27 MAY 2009,76,80,76,79.75,5,1000,79425
26 MAY 2009,74.5,80,74.5,76.75,9,3900,299700
25 MAY 2009,69,75,69,74.75,22,11800,876450
22 MAY 2009,66,67,66,67,6,10200,681200
21 MAY 2009,66.75,66.75,66.75,66.75,2,1500,100125
19 MAY 2009,65.25,66.75,65,65.25,9,11000,718775
18 MAY 2009,67,67,65,65.25,10,2300,151025
15 MAY 2009,64.5,64.5,64.5,64.5,10,4000,258000
14 MAY 2009,65,65,63,63,10,2700,170625
13 MAY 2009,61,61,61,61,1,1000,61000
12 MAY 2009,63,63,62,62,12,6600,413575
11 MAY 2009,63,63,63,63,1,100,6300
7 MAY 2009,63,64.25,63,63,19,24200,1525125
6 MAY 2009,62,65,62,63.25,22,12000,759700
5 MAY 2009,57,60,56.25,60,12,21000,1222575
4 MAY 2009,60,60,60,60,1,500,30000
30 APR 2009,60,60,60,60,8,22300,1338000
29 APR 2009,60,60,60,60,2,900,54000
28 APR 2009,55.5,55.5,55.5,55.5,1,100,5550
27 APR 2009,60,60,60,60,1,300,18000
24 APR 2009,58.5,60,58.5,58.75,17,18300,1075225
22 APR 2009,55.5,55.5,55,55.5,3,600,33250
21 APR 2009,56,56,56,56,4,1800,100800
20 APR 2009,55,56,52.5,53.5,5,1500,80350
6 APR 2009,56,56,56,56,1,300,16800
3 APR 2009,52.75,56.5,52.75,54,7,2600,140100
31 MAR 2009,54.75,57,54.75,55.25,7,4300,237075
30 MAR 2009,54,56,54,55,3,500,27500
26 MAR 2009,53,53,53,53,3,500,26500
25 MAR 2009,51,53,51,53,2,500,25900
24 MAR 2009,51,51,51,51,1,200,10200
19 MAR 2009,56,56,56,56,1,200,11200
17 MAR 2009,51.75,57,51.75,52.75,5,1200,63150
16 MAR 2009,51,55,50.5,54.75,9,3900,205325
12 MAR 2009,57,58,57,57.75,3,500,28850
11 MAR 2009,50,58,48.25,52.75,35,17600,896100
9 MAR 2009,48.25,48.25,48.25,48.25,1,1400,67550
5 MAR 2009,56.5,58,56.5,58,3,1100,62300
26 FEB 2009,58.5,58.5,58.5,58.5,1,100,5850
24 FEB 2009,54.5,54.5,54,54,4,1400,76200
19 FEB 2009,54.5,54.5,54.5,54.5,1,100,5450
18 FEB 2009,57.75,59,57.75,58.5,2,300,17575
17 FEB 2009,54,56,53.5,54.75,7,3000,161750
13 FEB 2009,58.5,58.5,58.5,58.5,1,100,5850
12 FEB 2009,59,59,59,59,3,300,17700
6 FEB 2009,59.5,59.5,59.5,59.5,1,300,17850
5 FEB 2009,59.75,59.75,59.5,59.5,5,1100,65575
3 FEB 2009,60.25,60.25,59.5,60.25,4,1300,78200
26 JAN 2009,60,60,60,60,3,3000,180000
21 JAN 2009,57.75,60,57,59.25,6,1700,100475
20 JAN 2009,60,61,60,60,5,1800,108200
19 JAN 2009,58,59,58,59,10,2200,129300
16 JAN 2009,55,57,55,57,5,2000,112075
9 JAN 2009,51,51,51,51,6,600,30600
7 JAN 2009,51,51,51,51,1,100,5100
5 JAN 2009,50.5,57,50.5,57,2,1200,61900
31 DEC 2008,56.75,58,56.75,56.75,4,111300,6316775
30 DEC 2008,55,58,55,56.75,3,300,17000
23 DEC 2008,55,55,54,55,5,7000,384500
17 DEC 2008,52.5,59,52.5,58.25,6,800,44850
16 DEC 2008,51,58,51,53.25,5,1500,79800
11 DEC 2008,51,59,51,52.5,5,2400,125000
10 DEC 2008,52,52,51,51.75,5,600,31100
8 DEC 2008,52.25,52.25,52.25,52.25,3,2100,109725
5 DEC 2008,53.25,60,53,56.5,6,2300,129525
2 DEC 2008,53,70,53,64.25,4,900,54400
26 NOV 2008,74,74,74,74,1,100,7400
25 NOV 2008,60.5,69,60.5,63,4,800,50350
24 NOV 2008,57,60.5,55,60.5,6,2800,157550
19 NOV 2008,60.25,65,60,61,4,1400,85075
18 NOV 2008,60.25,60.25,60.25,60.25,1,100,6025
17 NOV 2008,60.25,60.25,60.25,60.25,1,100,6025
13 NOV 2008,65,65,65,65,2,400,26000
6 NOV 2008,67,67,67,67,1,100,6700
5 NOV 2008,71,71,71,71,3,400,28400
4 NOV 2008,71,71,71,71,1,200,14200
3 NOV 2008,65,67,65,66.25,2,600,39800
31 OCT 2008,66.5,72,66,67.5,5,800,53600
30 OCT 2008,66,66,66,66,1,100,6600
29 OCT 2008,60,66.5,60,62.75,4,3500,219250
28 OCT 2008,63,66,60,62.75,8,2500,156825
24 OCT 2008,65,65,63.25,63.75,8,7900,504050
23 OCT 2008,63,63,63,63,2,300,18900
22 OCT 2008,62.5,68,62.5,66,8,1900,125625
20 OCT 2008,69,69,68,68,2,1100,74900
16 OCT 2008,70,70,70,70,1,100,7000
13 OCT 2008,62,71,62,66.5,2,200,13300
10 OCT 2008,62,62,62,62,1,100,6200
7 OCT 2008,73,73,72,72,3,1300,93750
30 SEP 2008,73.25,73.25,72.5,72.5,3,3000,219025
29 SEP 2008,75,75,75,75,2,400,30000
26 SEP 2008,77,77,77,77,1,200,15400
9 SEP 2008,78,78,78,78,1,100,7800
8 SEP 2008,77,77,77,77,6,1000,77000
4 SEP 2008,79,79,79,79,1,100,7900
3 SEP 2008,79,79,79,79,1,100,7900
26 AUG 2008,79,79,79,79,1,500,39500
21 AUG 2008,79.25,79.25,79,79,2,300,23725
15 AUG 2008,79.25,79.25,79,79.25,5,1000,79125
13 AUG 2008,80,80,79,80,8,2700,215875
11 AUG 2008,80,80,80,80,2,500,40000
8 AUG 2008,80,80.5,80,80.5,2,200,16050
7 AUG 2008,80,80.25,80,80,4,2900,232125
6 AUG 2008,80.75,80.75,80.75,80.75,1,100,8075
5 AUG 2008,81,81,80,80.75,6,5600,449225
4 AUG 2008,84,87,84,85.5,2,200,17100
31 JUL 2008,80,80,80,80,1,300,24000
29 JUL 2008,78.75,78.75,78.75,78.75,1,500,39375
28 JUL 2008,79,80,79,80,2,1000,79500
24 JUL 2008,75,75,75,75,1,700,52500
22 JUL 2008,78,78.5,78,78.5,2,1000,78450
21 JUL 2008,78.5,78.5,78.5,78.5,3,1700,133450
15 JUL 2008,79,79,78.5,78.5,3,1100,86400
14 JUL 2008,78.5,78.5,78,78.25,14,16600,1296150
10 JUL 2008,77,78,77,78,4,5300,408400
9 JUL 2008,78,78,78,78,5,1100,85800
8 JUL 2008,78,78,78,78,2,200,15600
4 JUL 2008,79,79.75,79,79,4,22800,1801275
3 JUL 2008,77,77,77,77,2,200,15400
2 JUL 2008,77,77,77,77,6,6500,500500
1 JUL 2008,79,79,79,79,6,3100,244900
30 JUN 2008,80,80,80,80,6,1400,112000
27 JUN 2008,79,79,79,79,1,100,7900
26 JUN 2008,79,79,79,79,4,2000,158000
23 JUN 2008,77,80,77,80,4,5100,405000
20 JUN 2008,76.25,76.5,76.25,76.5,2,300,22900
19 JUN 2008,76.5,76.5,76.25,76.5,4,2100,160625
17 JUN 2008,76,76,75.5,76,7,4700,357100
16 JUN 2008,78,78,76,76.25,5,1400,106950
13 JUN 2008,78.25,78.25,78.25,78.25,1,100,7825
12 JUN 2008,79,79.75,77,78.5,9,1800,140175
11 JUN 2008,76.25,78,76.25,77,9,1900,146650
10 JUN 2008,79,81,77,79,15,4300,343125
9 JUN 2008,77.5,77.5,77.5,77.5,1,100,7750
5 JUN 2008,77.5,77.5,77.5,77.5,3,3100,240250
4 JUN 2008,78,78,77,77.75,4,400,31100
3 JUN 2008,78.75,81,78.75,80,10,5000,397725
2 JUN 2008,78,78,77.25,77.75,6,1100,85600
30 MAY 2008,77,77,77,77,2,22700,1747900
29 MAY 2008,77,77,77,77,1,100,7700
28 MAY 2008,79,79,79,79,1,4900,387100
27 MAY 2008,79.5,79.5,79,79,2,5100,402950
26 MAY 2008,80,80,80,80,2,2200,176000
23 MAY 2008,79,79,79,79,1,100,7900
22 MAY 2008,80.75,80.75,80.75,80.75,3,1100,88825
21 MAY 2008,81.75,81.75,81.75,81.75,1,400,32700
16 MAY 2008,81.75,81.75,81.75,81.75,1,100,8175
15 MAY 2008,80.75,83,80.75,83,4,800,66150
14 MAY 2008,80.5,80.5,80.5,80.5,1,100,8050
9 MAY 2008,84.5,86.5,84.5,86,7,2600,223325
7 MAY 2008,80,80,80,80,8,10000,800000
6 MAY 2008,86.5,86.5,80,80,3,5600,450650
5 MAY 2008,78,78,78,78,5,1100,85800
2 MAY 2008,80,80,80,80,2,5100,408000
30 APR 2008,80.75,80.75,77,77.25,9,7800,601950
29 APR 2008,80,80,78,78,3,1500,117500
28 APR 2008,81,81,80.75,80.75,4,800,64650
25 APR 2008,81,81,81,81,3,2000,162000
24 APR 2008,81,81,80,81,7,2500,201150
23 APR 2008,81,82,81,81,7,5300,429600
22 APR 2008,80.5,80.5,80.5,80.5,2,500,40250
21 APR 2008,80,80,80,80,3,400,32000
16 APR 2008,80,87,80,87,5,900,77525
15 APR 2008,80.25,80.25,80,80,2,2500,200125
10 APR 2008,79,79,79,79,1,100,7900
8 APR 2008,78,78,77.5,77.5,3,1200,93550
7 APR 2008,78,78,78,78,2,600,46800
4 APR 2008,78,78,78,78,3,400,31200
3 APR 2008,80,80,78.75,79.25,8,17700,1403075
2 APR 2008,79.5,80.5,79,80.25,6,3100,248800
31 MAR 2008,79.5,79.5,79.25,79.5,2,300,23825
28 MAR 2008,84,84,79.5,79.5,2,400,33150
27 MAR 2008,80,80,80,80,1,5000,400000
26 MAR 2008,80,80,80,80,3,300,24000
25 MAR 2008,79,79,78.5,78.75,2,200,15750
24 MAR 2008,80,80,80,80,2,500,40000
19 MAR 2008,80.25,80.25,80,80,3,700,56050
18 MAR 2008,81,81,80,80.5,4,2000,161000
14 MAR 2008,81.25,81.25,81,81,3,700,56825
12 MAR 2008,81.5,81.5,81.25,81.25,4,1500,122175
11 MAR 2008,82.5,82.5,81.25,81.25,10,11100,902625
10 MAR 2008,84,84,83,83,5,1300,109100
7 MAR 2008,84,84,84,84,3,300,25200
5 MAR 2008,84.75,84.75,83.75,83.75,7,900,75800
4 MAR 2008,86,86,84.5,84.5,4,1600,136450
3 MAR 2008,85,85,85,85,1,200,17000
29 FEB 2008,85,87,85,87,5,2400,208175
26 FEB 2008,89.75,90,89.25,90,13,5500,494600
25 FEB 2008,83.75,90,83.75,89.25,13,3100,272500
22 FEB 2008,81,81,81,81,2,4400,356400
21 FEB 2008,83.25,83.25,83.25,83.25,1,100,8325
15 FEB 2008,83.25,84.25,83.25,84.25,4,1200,100075
14 FEB 2008,84.75,84.75,84.75,84.75,2,200,16950
12 FEB 2008,84,84,84,84,1,100,8400
11 FEB 2008,84,84.75,83,83,8,4500,373925
8 FEB 2008,85,85,85,85,1,100,8500
7 FEB 2008,85.25,85.25,85.25,85.25,1,100,8525
6 FEB 2008,88.25,88.25,83,85.25,7,3000,251575
5 FEB 2008,89.75,90,88.75,88.75,5,1400,125525
1 FEB 2008,82.25,92.25,82,89,55,45300,3951875
30 JAN 2008,81,81,81,81,3,2500,202500
25 JAN 2008,81,81,81,81,1,1000,81000
24 JAN 2008,78.5,78.5,78.5,78.5,1,100,7850
23 JAN 2008,76,79,75,78.75,8,3400,261125
21 JAN 2008,77.5,77.5,77.5,77.5,2,200,15500
18 JAN 2008,78.25,78.25,78,78,4,900,70325
16 JAN 2008,78,78,78,78,1,100,7800
11 JAN 2008,85,85,85,85,1,300,25500
8 JAN 2008,79,79,78,78,5,900,70725
4 JAN 2008,81.25,85,85,85,2,2000,170000
3 JAN 2008,82,82,82,82,7,1000,82000
31 DEC 2007,81.5,81.5,81,81.25,2,300,24350
28 DEC 2007,82,82,82,82,2,700,57400
27 DEC 2007,82.5,82.5,82.5,82.5,2,500,41250
26 DEC 2007,82.75,82.75,82.5,82.5,2,1000,82550
24 DEC 2007,82.75,82.75,82.75,82.75,1,100,8275
17 DEC 2007,84,84,82.25,82.25,4,2200,181300
14 DEC 2007,85,92,82.25,83.75,10,7300,616600
13 DEC 2007,85,85,85,85,3,1500,127500
12 DEC 2007,85,85,85,85,1,1000,85000
11 DEC 2007,84.5,84.5,84.5,84.5,3,3000,253500
10 DEC 2007,84.25,84.5,84.25,84.5,3,1200,101150
7 DEC 2007,85,85,85,85,1,500,42500
3 DEC 2007,85,85,85,85,2,300,25500
28 NOV 2007,88,88,88,88,1,100,8800
22 NOV 2007,89,89,88,88,3,700,61800
21 NOV 2007,89.25,89.25,89,89.25,2,200,17825
20 NOV 2007,90,90,89.25,89.5,3,1100,98625
19 NOV 2007,89.25,89.25,89.25,89.25,2,1000,89250
16 NOV 2007,91,91,90.25,90.25,4,1200,108825
14 NOV 2007,90,91,90,91,2,500,45100
13 NOV 2007,90,90,90,90,5,2300,207000
7 NOV 2007,90,90,90,90,3,3100,279000
6 NOV 2007,90,90,89,89,3,500,44900
5 NOV 2007,89.5,89.5,89.5,89.5,2,300,26850
30 OCT 2007,89.5,89.5,89.5,89.5,1,100,8950
26 OCT 2007,91,91,91,91,3,500,45500
23 OCT 2007,90.75,91,90.75,91,3,500,45475
22 OCT 2007,90.75,90.75,90.75,90.75,2,900,81675
17 OCT 2007,92,92,92,92,2,2000,184000
10 OCT 2007,92,92,92,92,2,7400,680800
9 OCT 2007,90.25,90.25,90,90,5,4300,387050
5 OCT 2007,92,92,92,92,2,600,55200
4 OCT 2007,91,92,91,92,2,2200,202200
1 OCT 2007,90,90,90,90,4,600,54000
28 SEP 2007,91,91,91,91,1,100,9100
25 SEP 2007,91,91,91,91,4,500,45500
24 SEP 2007,91,91,91,91,2,300,27300
19 SEP 2007,91,91,91,91,2,200,18200
18 SEP 2007,91.25,92,91,91,3,900,82625
17 SEP 2007,91.25,91.25,91,91,2,300,27325
14 SEP 2007,91.5,93,91.5,93,2,600,55050
13 SEP 2007,91.5,91.5,91.5,91.5,1,1000,91500
12 SEP 2007,90.25,90.25,90.25,90.25,1,400,36100
11 SEP 2007,91.5,91.5,90.25,90.75,7,1700,154425
10 SEP 2007,91.5,92,91.5,91.75,3,400,36675
7 SEP 2007,92,92,91,92,24,55000,5058875
6 SEP 2007,94,94,92,92,9,20700,1904650
5 SEP 2007,91.25,91.25,91,91,5,3500,318725
4 SEP 2007,94,94,92,92,5,26100,2401650
31 AUG 2007,93.5,93.5,93.5,93.5,3,1000,93500
29 AUG 2007,94,94,93.75,94,4,500,46975
27 AUG 2007,93.25,93.25,93,93,3,300,27925
24 AUG 2007,97,97,97,97,5,500,48500
21 AUG 2007,96.75,97.5,96.75,97.25,4,2200,213925
16 AUG 2007,97.75,97.75,97.75,97.75,1,500,48875
15 AUG 2007,0,0,N/A,0,1,750000,75000000
14 AUG 2007,96,96,96,96,4,5200,499200
10 AUG 2007,100,100,100,100,1,100,10000
8 AUG 2007,105.5,105.75,104,105.25,4,700,73600
7 AUG 2007,103.75,103.75,103.75,103.75,1,100,10375
6 AUG 2007,99,99,96,96.25,2,1100,105900
2 AUG 2007,99,99,99,99,1,100,9900
31 JUL 2007,99,99,99,99,2,500,49500
25 JUL 2007,100,100,100,100,3,1500,150000
19 JUL 2007,92.5,92.5,92.5,92.5,2,200,18500
16 JUL 2007,92,92,92,92,1,100,9200
13 JUL 2007,95.5,95.5,95.5,95.5,1,200,19100
11 JUL 2007,95.25,95.25,95,95.25,2,300,28550
9 JUL 2007,95.25,95.25,95.25,95.25,2,400,38100
5 JUL 2007,95,95,95,95,7,4700,446500
4 JUL 2007,100,100,100,100,1,100,10000
28 JUN 2007,104,104,100,100,2,200,20400
27 JUN 2007,101,101,101,101,2,500,50500
26 JUN 2007,102,102,102,102,2,400,40800
25 JUN 2007,102,102,102,102,1,100,10200
22 JUN 2007,102.5,105,102.5,105,2,200,20750
21 JUN 2007,105.5,105.5,105.5,105.5,1,500,52750
20 JUN 2007,102,105.5,102,105.25,8,1800,188150
19 JUN 2007,102,103,102,102.5,8,2200,226100
18 JUN 2007,102.5,102.5,102.25,102.25,2,2100,214750
15 JUN 2007,102,102.5,102,102.5,2,500,51200
14 JUN 2007,100,100,100,100,11,61200,6120000
13 JUN 2007,99.5,102.5,99.5,102.5,5,3300,331225
12 JUN 2007,100,100,100,100,4,800,80000
8 JUN 2007,98,100,96,96,5,3100,299600
7 JUN 2007,97,97,95.5,95.75,4,900,86250
5 JUN 2007,95.5,95.5,95.5,95.5,3,500,47750
4 JUN 2007,96.5,96.5,96.5,96.5,2,200,19300
30 MAY 2007,94,94,94,94,1,1000,94000
29 MAY 2007,90,90,90,90,1,300,27000
28 MAY 2007,95.25,95.25,95.25,95.25,1,500,47625
23 MAY 2007,100.25,100.25,98,98,4,600,59825
22 MAY 2007,101.25,101.25,100.25,100.5,2,800,80300
21 MAY 2007,99.75,100,99.75,100,2,200,19975
18 MAY 2007,90,94,90,93.25,15,4600,423675
17 MAY 2007,94.25,94.25,90,90.75,9,11900,1083250
16 MAY 2007,98,98,94.25,94.25,16,38400,3722650
15 MAY 2007,98,98,98,98,2,200,19600
14 MAY 2007,99.25,99.25,99.25,99.25,2,200,19850
11 MAY 2007,101,101,99.5,100,2,500,50050
10 MAY 2007,100,102,100,102,10,3800,384675
9 MAY 2007,103,103,102,102,11,7300,750700
8 MAY 2007,100,104,98,103.75,11,4900,496450
4 MAY 2007,100,100,100,100,2,900,90000
26 APR 2007,110,110,110,110,1,600,66000
25 APR 2007,111,111,111,111,1,200,22200
24 APR 2007,111,111,111,111,5,1500,166500
23 APR 2007,112,112,112,112,2,300,33600
20 APR 2007,112,112,112,112,6,2200,246400
19 APR 2007,115,115,115,115,1,200,23000
17 APR 2007,115.25,115.25,115.25,115.25,1,500,57625
16 APR 2007,112,116,112,116,3,300,34400
11 APR 2007,109,110,109,109.25,2,1200,131000
10 APR 2007,109,109,109,109,5,3600,392400
3 APR 2007,108,109,108,109,4,700,75700
30 MAR 2007,109,109.25,109,109.25,3,300,32725
29 MAR 2007,109,109,109,109,2,400,43600
28 MAR 2007,109,109,109,109,1,100,10900
27 MAR 2007,109.5,109.5,109.5,109.5,3,600,65700
26 MAR 2007,109,110,109,109.5,2,400,43800
23 MAR 2007,112,112.25,112,112,5,3500,392075
21 MAR 2007,114,119,114,117.5,5,1500,171800
20 MAR 2007,114,114,112,112,2,300,33800
19 MAR 2007,110,112,110,112,11,601200,67334200
16 MAR 2007,112,112,110,110,4,1300,145400
14 MAR 2007,114,114,112,112,8,3000,341275
13 MAR 2007,114,114.25,114,114,5,2300,262625
12 MAR 2007,115,115,114,114,9,9300,1062550
9 MAR 2007,114,114,114,114,1,2000,228000
2 MAR 2007,120,125.5,120,124.25,21,12400,1515550
1 MAR 2007,118,118.25,117,117.75,6,1300,153325
28 FEB 2007,124,126,124,125.75,8,1500,188600
27 FEB 2007,124,124,124,124,1,100,12400
26 FEB 2007,124,126.5,124,126,6,600,75575
23 FEB 2007,126,126,126,126,2,2000,252000
22 FEB 2007,125,126,125,125,11,26600,3328600
21 FEB 2007,126,126,125,125.5,18,6500,816675
20 FEB 2007,126,126.5,125,125.75,23,32000,4043050
19 FEB 2007,127,128,126.5,126.5,13,4200,533825
15 FEB 2007,125,127,125,127,27,20300,2560475
14 FEB 2007,126,126,125,125.5,22,12100,1517200
13 FEB 2007,126,126,124.25,125,17,7200,903450
12 FEB 2007,126,126,124.5,126,28,12900,1622950
9 FEB 2007,118,129.5,117.5,125.25,123,51800,6352250
8 FEB 2007,117.5,118,117.5,117.5,8,3400,399600
7 FEB 2007,118,118.25,117.25,117.25,18,6900,813200
6 FEB 2007,115,118.5,114.75,118,47,24700,2896975
2 FEB 2007,114,115.25,114,114.25,8,4700,540350
31 JAN 2007,115,115,114,114,6,1400,159700
30 JAN 2007,115,116,115,115,18,4600,530075
29 JAN 2007,117,117,114,114.75,11,3000,345625
26 JAN 2007,116.5,117.75,115,116,44,19200,2227100
25 JAN 2007,112,118,112,116,69,25000,2881850
24 JAN 2007,115,115,110,111.5,23,7500,830850
23 JAN 2007,108,110,107.5,109,22,4400,478550
22 JAN 2007,107.5,107.5,107.5,107.5,2,500,53750
19 JAN 2007,108,108,107,107.5,15,3300,354850
18 JAN 2007,106,107,106,107,5,5200,554400
17 JAN 2007,107,108,105,106.75,22,9000,952400
16 JAN 2007,106.25,108,106.25,106.75,18,5100,547050
12 JAN 2007,105.25,106,105,106,14,12800,1356325
11 JAN 2007,106,106,105.25,106,10,3200,339125
10 JAN 2007,105,106.5,105,106,3,600,63600
9 JAN 2007,105.5,105.5,105.25,105.5,7,2500,263650
8 JAN 2007,106,106,105.75,106,3,400,42375
5 JAN 2007,105.75,106,105.75,106,4,500,52900
4 JAN 2007,105.75,106,105.75,106,4,1500,158725
2 JAN 2007,106,106,105.75,105.75,11,5000,529175
29 DEC 2006,106,108,106,108,7,2100,224600
28 DEC 2006,106,106,106,106,8,2600,275600
27 DEC 2006,105,105,105,105,4,1100,115500
26 DEC 2006,105,107,105,105.25,5,1200,126400
22 DEC 2006,105,105,105,105,6,900,94500
21 DEC 2006,105,105.25,105,105,5,900,94550
20 DEC 2006,105,105,105,105,5,1900,199500
19 DEC 2006,105.5,105.5,105.5,105.5,1,100,10550
18 DEC 2006,106.5,106.75,105,105.5,9,3000,317200
15 DEC 2006,105,107,105,106,3,700,74200
14 DEC 2006,105.75,105.75,105.75,105.75,2,300,31725
13 DEC 2006,104,107,104,106,10,27100,2880900
12 DEC 2006,106.5,106.5,104,104,7,21500,2238375
11 DEC 2006,109.25,109.25,106,106.5,11,4600,494175
8 DEC 2006,110,110.5,109,109.25,26,18800,2065600
7 DEC 2006,110,110.5,109,110.25,13,3200,351850
6 DEC 2006,108.75,110.5,108.75,110.25,25,8300,914250
5 DEC 2006,115,115,107,108.75,34,13500,1479475
1 DEC 2006,105,114,101,109.25,98,125700,13174750
30 NOV 2006,101.25,109.75,101.25,105.75,51,18700,1977900
29 NOV 2006,100,102.25,100,101.75,14,8600,866850
28 NOV 2006,99.75,100,99,100,9,3800,379425
27 NOV 2006,101,103,100,100,3,2300,230400
24 NOV 2006,100,101,100,100,18,7600,760200
23 NOV 2006,99,99,99,99,11,3600,356400
22 NOV 2006,99,99,99,99,1,100,9900
21 NOV 2006,99.75,99.75,99,99.5,8,3800,378375
20 NOV 2006,100,100,99,99.75,7,2900,289250
17 NOV 2006,100,100,100,100,3,700,70000
16 NOV 2006,100,101,100,100,13,3100,310400
15 NOV 2006,100.5,101,99,100.25,27,53500,5349450
14 NOV 2006,99,101,99,100.5,5,600,60200
10 NOV 2006,104,104,100,101.5,11,3700,378875
9 NOV 2006,101,104,100,102,32,15400,1576375
8 NOV 2006,102,103,99.5,100.5,26,13400,1353925
7 NOV 2006,99.5,100,99,100,20,22500,2249000
6 NOV 2006,98.5,99,98.5,99,26,48500,4780750
3 NOV 2006,97,99.5,97,98.5,13,7200,708700
1 NOV 2006,96,96,95,95,3,800,76500
31 OCT 2006,97.5,97.5,95,95,4,2100,204250
30 OCT 2006,97,97.5,97,97.5,14,7200,701800
27 OCT 2006,97,98.75,97,98.5,13,3900,383425
26 OCT 2006,99.75,99.75,96,98,9,4200,410175
25 OCT 2006,95,99,95,97.75,12,18300,1753700
23 OCT 2006,95,95,95,95,8,4300,408500
20 OCT 2006,92.25,94.75,92.25,94,2,300,28175
19 OCT 2006,94.5,94.5,94,94,3,1200,112900
18 OCT 2006,94,95,92.25,95,18,14600,1383650
17 OCT 2006,95,95,95,95,12,8100,769500
16 OCT 2006,96,96,96,96,2,800,76800
13 OCT 2006,96,96,95,95,16,4400,421250
12 OCT 2006,95.75,96,95.75,96,6,2500,239975
11 OCT 2006,96,96,94,94,13,5500,526600
10 OCT 2006,96,98,96,96,18,21900,2108400
9 OCT 2006,93,96,93,96,56,54400,5218275
5 OCT 2006,93,93,93,93,8,3400,316200
4 OCT 2006,89,90,89,89.5,10,3700,330550
3 OCT 2006,87.5,87.5,87.5,87.5,1,200,17500
28 SEP 2006,87,88,87,87.5,2,900,78700
27 SEP 2006,87,87,87,87,1,100,8700
26 SEP 2006,87,87,87,87,1,100,8700
21 SEP 2006,87,87,87,87,4,3200,278400
20 SEP 2006,89.75,89.75,89,89.5,3,300,26850
19 SEP 2006,87,87,87,87,1,100,8700
18 SEP 2006,88.5,90,88.5,89.75,5,700,62675
15 SEP 2006,86,86.5,86,86.5,4,800,68900
14 SEP 2006,86,86,86,86,6,1100,94600
13 SEP 2006,86.75,88.5,84,86.5,3,400,34600
12 SEP 2006,83.5,83.5,83.5,83.5,5,1000,83500
11 SEP 2006,82.25,83.5,82,83.25,7,6800,558425
8 SEP 2006,82,82,82,82,1,300,24600
6 SEP 2006,82.5,84.5,82.5,83.25,11,41700,3462175
5 SEP 2006,80.5,82,80.5,82,2,1000,80650
4 SEP 2006,80.5,80.5,80.5,80.5,2,600,48300
30 AUG 2006,80.75,80.75,80.5,80.5,2,1300,104700
29 AUG 2006,81,81,81,81,1,100,8100
18 AUG 2006,80,81,78.25,81,4,3100,244600
17 AUG 2006,80,80,80,80,5,1200,96000
16 AUG 2006,80,80,80,80,1,200,16000
14 AUG 2006,81.75,81.75,79,79,10,4000,320100
11 AUG 2006,80,80,79,79,3,900,71200
7 AUG 2006,78,79.75,78,79,20,7300,575175
31 JUL 2006,78,78,78,78,3,700,54600
28 JUL 2006,78.75,78.75,78.5,78.5,2,400,31475
26 JUL 2006,79,79,78.5,78.5,3,1400,110050
25 JUL 2006,78.25,78.25,78.25,78.25,2,300,23475
24 JUL 2006,78.75,78.75,78.25,78.25,2,400,31400
19 JUL 2006,79.5,79.5,78.5,78.75,2,400,31500
17 JUL 2006,76.75,79.5,76.75,79.5,14,16300,1273750
14 JUL 2006,77.75,77.75,77.5,77.5,2,800,62075
13 JUL 2006,76.25,76.25,76.25,76.25,1,500,38125
12 JUL 2006,78,78,78,78,2,300,23400
11 JUL 2006,78,78,78,78,5,5300,413400
7 JUL 2006,81,84,81,82.5,2,200,16500
6 JUL 2006,79.75,80,79.75,80,5,1600,127975
5 JUL 2006,78,78,78,78,2,300,23400
4 JUL 2006,78,78,78,78,3,2500,195000
29 JUN 2006,78,78,78,78,4,600,46800
28 JUN 2006,78,79,78,79,2,400,31400
23 JUN 2006,78,78,77.25,77.5,5,900,69825
19 JUN 2006,76,76,76,76,3,1000,76000
16 JUN 2006,75.75,75.75,75.5,75.75,2,1500,113500
15 JUN 2006,78.5,78.5,75,75.5,5,1500,113500
14 JUN 2006,79.5,79.5,79,79.5,3,1300,103200
13 JUN 2006,79,80,79,79.5,3,1400,110800
12 JUN 2006,78.5,78.5,78,78.5,6,4500,352300
6 JUN 2006,82,82,82,82,1,1100,90200
2 JUN 2006,78.5,78.5,78.5,78.5,1,2000,157000
31 MAY 2006,80,80,78.5,78.5,8,3700,291050
30 MAY 2006,79,79.75,78,78.75,9,2200,173375
29 MAY 2006,78.5,80,78.5,79,4,2000,157450
26 MAY 2006,78.5,78.5,78.5,78.5,2,1800,141300
25 MAY 2006,79.5,80,79.5,79.5,2,500,39800
22 MAY 2006,76.75,76.75,75,76,10,3500,266250
19 MAY 2006,73,73,73,73,2,2100,153300
16 MAY 2006,73,73,73,73,1,100,7300
8 MAY 2006,79.25,79.25,78.75,78.75,3,400,31550
5 MAY 2006,80,80,80,80,1,200,16000
4 MAY 2006,79,79,79,79,2,200,15800
3 MAY 2006,79.75,80,78.75,79,10,2400,191250
2 MAY 2006,78.75,78.75,78.75,78.75,1,100,7875
28 APR 2006,78,78,78,78,3,300,23400
27 APR 2006,79.5,84,77.25,77.25,10,1900,152175
25 APR 2006,80,83.75,79,80.5,9,2600,209025
24 APR 2006,82,82,80,80.25,4,700,56500
21 APR 2006,85,85,82,82,3,4100,346750
20 APR 2006,80.5,87.5,80.25,83,20,4200,349900
19 APR 2006,85,85,85,85,6,1300,110500
18 APR 2006,84.25,85,84.25,85,5,25400,2158625
17 APR 2006,82,82.25,82,82.25,3,2800,229650
7 APR 2006,82.5,82.5,82.25,82.25,2,1400,115275
6 APR 2006,80.5,82,80.5,81.5,2,1400,114200
5 APR 2006,80.5,82,80.5,82,5,1400,113450
4 APR 2006,80.25,82,80.25,80.5,3,1000,80975
3 APR 2006,82,82,80.25,80.25,2,400,32450
31 MAR 2006,82,82,82,82,2,500,41000
30 MAR 2006,85,85,85,85,1,400,34000
28 MAR 2006,85,85,80.25,81.5,4,500,41100
27 MAR 2006,80,86,80,83,9,10200,844450
24 MAR 2006,80.25,80.25,80,80,4,500,40050
23 MAR 2006,80.25,80.25,80,80,3,1600,128225
21 MAR 2006,80.75,80.75,80.75,80.75,3,500,40375
17 MAR 2006,83.25,83.25,83.25,83.25,1,1100,91575
16 MAR 2006,94,94,83,83,2,1000,84100
15 MAR 2006,85,85,84,84,3,700,59100
13 MAR 2006,83.5,85,83.5,85,24,7400,627850
10 MAR 2006,82,82,80.5,81,9,6200,499700
9 MAR 2006,82,82.5,82,82.25,10,9700,795650
8 MAR 2006,84,84,84,84,2,500,42000
3 MAR 2006,86,86,85,85,3,800,68500
2 MAR 2006,86,86,86,86,1,100,8600
28 FEB 2006,85,85,85,85,1,100,8500
27 FEB 2006,86.25,86.25,86.25,86.25,1,200,17250
24 FEB 2006,86,86,86,86,1,100,8600
20 FEB 2006,88,88,87,87,2,400,35000
17 FEB 2006,88,88,86,87.5,3,400,35000
16 FEB 2006,88,90,88,89,13,23600,2088625
13 FEB 2006,85,88.5,85,88.25,31,93700,8217375
10 FEB 2006,82.5,82.5,82.5,82.5,1,600,49500
9 FEB 2006,82,82,82,82,2,600,49200
6 FEB 2006,82,82,81,81.25,4,1300,105725
2 FEB 2006,82,82,82,82,1,100,8200
1 FEB 2006,85,85,85,85,3,700,59500
31 JAN 2006,85,87,85,87,3,1300,110700
30 JAN 2006,81,84.75,81,84.75,3,500,41250
27 JAN 2006,87,87,80,80,18,7200,609225
26 JAN 2006,80,82,80,82,4,1300,104200
25 JAN 2006,77,77,77,77,6,2100,161700
24 JAN 2006,72,77,71.75,77,15,14700,1090850
23 JAN 2006,72,72,72,72,4,4300,309600
20 JAN 2006,72,72,72,72,1,100,7200
19 JAN 2006,72,72,72,72,1,500,36000
18 JAN 2006,70.25,70.25,70.25,70.25,2,200,14050
17 JAN 2006,70.5,70.5,70.25,70.5,2,200,14075
16 JAN 2006,72,72,72,72,5,1600,115200
6 JAN 2006,75.5,78,75.5,78,2,200,15350
5 JAN 2006,78,78,78,78,1,500,39000
2 JAN 2006,76,76,75.5,75.75,3,300,22750
29 DEC 2005,72,75,72,75,3,400,29100
28 DEC 2005,70,71,70,70.25,11,5000,351200
27 DEC 2005,81,81,75,77,7,3800,293700
22 DEC 2005,82.25,82.25,82.25,82.25,3,700,57575
21 DEC 2005,82,82,81,82,7,2100,170600
20 DEC 2005,85,85,81.5,82.25,5,1700,139650
19 DEC 2005,88.25,88.25,85,86,7,22700,1953000
16 DEC 2005,88.25,88.25,88.25,88.25,1,100,8825
14 DEC 2005,87.5,87.5,87.5,87.5,1,1000,87500
13 DEC 2005,87,87.25,87,87.25,3,700,61050
12 DEC 2005,89,89,88,88,4,800,70900
7 DEC 2005,78,78,78,78,1,200,15600
6 DEC 2005,88.25,88.25,88,88.25,3,1100,97050
5 DEC 2005,93,93,89.75,90,7,1000,90275
1 DEC 2005,90.5,95,90.5,93,6,1000,92625
30 NOV 2005,90.75,90.75,90,90,5,23300,2097400
29 NOV 2005,92,92,90.75,92,2,1100,101075
28 NOV 2005,90,90,90,90,2,400,36000
25 NOV 2005,90,90,90,90,2,300,27000
24 NOV 2005,91.25,91.25,90,90.25,9,5300,478900
23 NOV 2005,92,92,91.25,91.25,6,1500,137000
22 NOV 2005,91,91,91,91,2,200,18200
21 NOV 2005,95,95.5,90,90,31,11300,1039325
18 NOV 2005,91.5,95,91.5,95,5,1100,102750
17 NOV 2005,100,100,100,100,1,200,20000
16 NOV 2005,97.75,103,97.75,103,28,11700,1172100
14 NOV 2005,97.5,97.5,97.5,97.5,1,500,48750
11 NOV 2005,99,99,99,99,1,300,29700
10 NOV 2005,98,98,97,97,6,4900,475600
9 NOV 2005,100,100,98,98.5,16,22400,2227225
8 NOV 2005,101,101,100,100,11,4700,470675
7 NOV 2005,100,100.5,100,100.25,7,4900,491100
3 NOV 2005,100,100.5,100,100.25,10,5100,510500
2 NOV 2005,100,100.25,100,100.25,6,4200,420250
31 OCT 2005,100.5,100.5,100,100.5,7,8000,803200
28 OCT 2005,97.75,100.5,97.75,100.5,5,6200,621575
27 OCT 2005,100,100,100,100,9,2300,230000
26 OCT 2005,102,102,100,100,4,1200,120200
25 OCT 2005,100,102,100,100,10,3400,340200
24 OCT 2005,100,100,100,100,1,200,20000
21 OCT 2005,100,100,100,100,1,100,10000
20 OCT 2005,95,100,95,100,3,500,49500
19 OCT 2005,101,101,100,100,4,1000,100300
18 OCT 2005,101.25,102,100,101.75,6,1300,131725
14 OCT 2005,100,103,100,101.25,11,3700,374925
13 OCT 2005,100,100,100,100,3,800,80000
12 OCT 2005,100,100,100,100,4,2400,240000
11 OCT 2005,100.5,100.5,100,100,6,2200,220100
10 OCT 2005,102,102,100,100,3,400,40200
7 OCT 2005,102,103,102,102.75,5,5000,510300
6 OCT 2005,102,104,102,104,17,8700,903450
5 OCT 2005,102,104,102,104,23,37900,3932400
4 OCT 2005,102,104,102,102,24,14500,1484900
3 OCT 2005,101.25,102.25,101.25,102.25,21,8200,836600
30 SEP 2005,103.75,104,101.25,102.25,16,7400,760100
29 SEP 2005,100.25,102,100.25,102,2,200,20225
28 SEP 2005,104,104,103.25,103.75,10,3900,404475
27 SEP 2005,97,108,97,104.5,81,64700,6613475
23 SEP 2005,98.75,98.75,97,97,8,2100,204375
22 SEP 2005,98,98,98,98,1,500,49000
21 SEP 2005,95.75,103,95.75,100,13,5600,559750
20 SEP 2005,94.75,95.75,94.75,95.5,6,1000,95075
19 SEP 2005,93,93,93,93,4,900,83700
16 SEP 2005,93,93,93,93,6,1000,93000
15 SEP 2005,93,93.5,93,93.5,2,900,83850
13 SEP 2005,93.5,94,93.5,94,3,800,74900
12 SEP 2005,93,93,93,93,2,200,18600
9 SEP 2005,93.5,93.5,93.5,93.5,1,100,9350
8 SEP 2005,93.5,93.5,93.5,93.5,1,100,9350
7 SEP 2005,93.75,93.75,93.5,93.5,11,8700,814575
6 SEP 2005,93,93,93,93,2,1100,102300
5 SEP 2005,93.25,93.25,93.25,93.25,1,500,46625
2 SEP 2005,93.25,93.25,93.25,93.25,1,1500,139875
1 SEP 2005,93.5,93.5,93.5,93.5,4,2200,205700
31 AUG 2005,93.5,93.75,93.5,93.5,4,3000,281000
30 AUG 2005,93.25,93.5,93.25,93.5,3,600,56075
29 AUG 2005,93.25,93.25,93,93,3,1000,93025
26 AUG 2005,95,95,95,95,2,500,47500
24 AUG 2005,95,95,93,93,4,1000,94700
23 AUG 2005,95,95.25,94,94.75,5,800,75950
22 AUG 2005,95,95,95,95,9,2800,266000
18 AUG 2005,95,95,94,94.5,10,3100,293900
17 AUG 2005,94.25,97,94.25,96.5,8,2300,220350
16 AUG 2005,93,94,93,94,4,1300,121100
15 AUG 2005,92,93,92,93,7,2600,239800
12 AUG 2005,92.5,92.5,91.5,92.5,7,1900,174550
11 AUG 2005,91,92,90,91.5,5,1200,109700
9 AUG 2005,91,91,91,91,1,100,9100
8 AUG 2005,90,90.5,90,90.5,4,600,54200
5 AUG 2005,90,90,90,90,3,1500,135000
4 AUG 2005,93,93,92.5,92.5,3,400,37050
3 AUG 2005,92.5,94,92.5,93,9,5700,530000
2 AUG 2005,92,92,92,92,3,900,82800
1 AUG 2005,92,92.5,92,92.5,11,3200,295200
29 JUL 2005,91,91,91,91,1,1000,91000
28 JUL 2005,90,90,90,90,13,5000,450000
27 JUL 2005,89.75,89.75,89.75,89.75,2,5500,493625
26 JUL 2005,89,89.5,89,89.25,4,1800,160425
25 JUL 2005,90,90,89,89,5,2300,205750
22 JUL 2005,89.75,89.75,89.75,89.75,4,600,53850
20 JUL 2005,89.75,89.75,89.75,89.75,2,1100,98725
19 JUL 2005,88,88,88,88,10,2300,202400
18 JUL 2005,90,90,90,90,3,1000,90000
14 JUL 2005,88.5,89.75,88,89.75,5,1000,89275
13 JUL 2005,92,92,90,90,5,3500,315300
12 JUL 2005,91,91,91,91,2,300,27300
8 JUL 2005,90,92.25,90,92.25,5,2600,235800
7 JUL 2005,90,90,90,90,2,800,72000
6 JUL 2005,90,90,89,89.75,14,7300,653850
5 JUL 2005,89.75,89.75,89.75,89.75,1,9000,807750
4 JUL 2005,90,90,89.75,89.75,3,400,35975
1 JUL 2005,89,90,89,89.5,5,2000,179100
30 JUN 2005,90,90,89,89,5,1800,160875
29 JUN 2005,90,90,89.75,90,6,1100,98950
28 JUN 2005,89.75,90,89.75,90,2,200,17975
27 JUN 2005,90,90,90,90,1,200,18000
24 JUN 2005,91,91,90,90,4,1900,171800
23 JUN 2005,90,91,90,91,11,2600,235300
22 JUN 2005,89.75,90,89.75,90,2,500,44975
20 JUN 2005,89,90,89,89.75,5,2800,250050
17 JUN 2005,88,90,88,89,9,1700,151750
16 JUN 2005,92,92,89.5,89.5,5,1500,135200
15 JUN 2005,90,90,90,90,3,1800,162000
14 JUN 2005,90,92,90,92,5,1900,174400
13 JUN 2005,92,93,92,93,6,4000,369300
10 JUN 2005,92,92,92,92,6,1600,147200
9 JUN 2005,92,92,92,92,4,600,55200
8 JUN 2005,92,92,92,92,2,400,36800
7 JUN 2005,92,92,91.75,92,4,400,36775
6 JUN 2005,95,95,90,92,13,4000,364700
2 JUN 2005,94,95.5,94,95.25,6,1000,94600
1 JUN 2005,95,95,94,94,6,1200,113900
30 MAY 2005,96,96,95.5,95.75,4,2200,211125
27 MAY 2005,96.75,96.75,96,96,9,6600,633850
26 MAY 2005,96,97,96,97,4,1200,116275
25 MAY 2005,97,97,96,96,8,1300,125100
20 MAY 2005,96,96.75,96,96.75,3,900,86850
19 MAY 2005,96,96,96,96,15,8400,806400
18 MAY 2005,97,97,96,96,14,3900,375025
17 MAY 2005,95,99.75,95,97,32,14000,1380575
16 MAY 2005,92,92,92,92,7,5400,496800
13 MAY 2005,91.5,91.75,90.5,90.5,19,28700,2601625
12 MAY 2005,91.75,92,90.5,90.75,11,3400,311900
11 MAY 2005,91,91,91,91,1,200,18200
10 MAY 2005,90.5,91,90.5,91,4,3400,307750
9 MAY 2005,90.75,90.75,90.5,90.5,8,9500,859775
6 MAY 2005,90,91,90,90.5,8,5700,516250
5 MAY 2005,90.5,90.5,90,90.5,6,6200,561000
4 MAY 2005,90.5,90.5,90.5,90.5,3,1200,108600
3 MAY 2005,91,91,90.5,90.5,8,5700,516650
29 APR 2005,90.5,91,90.5,90.75,3,700,63600
28 APR 2005,90.5,91,90.5,91,2,700,63600
27 APR 2005,90.5,90.5,90.5,90.5,8,3900,352950
26 APR 2005,90,90,90,90,4,1600,144000
25 APR 2005,90.5,91,90.5,90.5,9,15700,1421100
21 APR 2005,91.5,91.5,90.25,91.25,6,1300,118700
20 APR 2005,91,92,91,91.25,4,600,54800
19 APR 2005,90.5,92,90.5,92,6,1300,118700
18 APR 2005,90.5,90.5,90.5,90.5,7,800,72400
15 APR 2005,90.5,90.5,90.5,90.5,1,100,9050
12 APR 2005,90.25,90.5,90.25,90.25,13,6300,569000
11 APR 2005,90,90,90,90,1,1000,90000
8 APR 2005,90,90,90,90,13,25000,2250000
7 APR 2005,90,90.25,90,90,6,12900,1161025
6 APR 2005,90,91.75,90,91,6,2900,263175
5 APR 2005,90,90,90,90,7,9000,810000
4 APR 2005,92.5,92.5,90,90,20,21200,1911000
1 APR 2005,92.5,93,92.5,92.5,22,27200,2516425
31 MAR 2005,93,93,92,92,4,1300,120300
30 MAR 2005,92.5,93,92.5,93,20,135900,12634775
29 MAR 2005,92,92.5,92,92.5,15,14700,1359175
28 MAR 2005,93,93,92,92.75,19,92700,8618050
24 MAR 2005,92,93,92,92.25,7,1100,101975
23 MAR 2005,92,92,92,92,5,249600,23209200
22 MAR 2005,93,93,92,92.75,8,3500,325375
21 MAR 2005,92,95,92,92.5,15,32600,3030400
18 MAR 2005,92,95,92,93,11,38400,3575350
17 MAR 2005,94,97,93,93,21,10400,988900
16 MAR 2005,93,93,93,93,6,1300,120900
15 MAR 2005,93.25,94,93,93,33,61600,5753525
14 MAR 2005,93,93,93,93,9,20300,1887900
11 MAR 2005,92.5,92.75,92.5,92.5,6,1300,120300
10 MAR 2005,93,93,93,93,5,1700,158100
9 MAR 2005,92.25,94,92,94,34,47100,4399250
7 MAR 2005,93.5,95,92,92.75,12,11600,1086700
4 MAR 2005,96,96,93.5,94,5,5600,525800
3 MAR 2005,92,95.75,92,93,16,10400,966100
2 MAR 2005,92,92,91,91,7,2100,191200
1 MAR 2005,92,92,92,92,1,100,9200
28 FEB 2005,92,92.5,92,92.25,7,4000,368500
25 FEB 2005,92,92,91,91.75,10,5700,522325
24 FEB 2005,92,92,91.5,91.75,6,6700,614300
22 FEB 2005,92,92,91,91.75,13,7000,643275
21 FEB 2005,90,92,90,92,46,25300,2285575
18 FEB 2005,89,89,88.5,89,22,11900,1058975
17 FEB 2005,88,88.75,88,88.75,12,13000,1153150
16 FEB 2005,88,88.75,87,88,26,79400,6984650
14 FEB 2005,86,86,85,85,9,4200,357525
11 FEB 2005,89.25,89.25,88.5,88.75,10,2100,186950
10 FEB 2005,89,89.75,89,89,16,5200,463925
9 FEB 2005,90,90,89,89,26,4300,384050
8 FEB 2005,176,176,90,91.75,16,2400,279350
7 FEB 2005,181.5,184,180,181.25,67,11500,2094200
3 FEB 2005,179,183.5,179,181.75,23,15100,2726700
2 FEB 2005,177,178,177,177.75,33,15200,2698425
1 FEB 2005,176,177,176,177,34,8500,1500900
31 JAN 2005,177,177,175,175.75,12,1600,281200
28 JAN 2005,176.5,177,175.5,176,26,14300,2521950
27 JAN 2005,175,176,175,175.75,15,3200,561275
26 JAN 2005,174,177,174,175.25,44,17900,3133200
25 JAN 2005,173,174,173,173.75,23,3200,555625
20 JAN 2005,174,174,171,172,10,2200,379300
19 JAN 2005,176,177,174,174,32,13700,2401600
18 JAN 2005,160.25,178,160.25,174.75,50,36300,6169800
17 JAN 2005,159.5,160,159,160,47,18500,2953875
13 JAN 2005,150,160,150,159.25,205,155400,24617825
12 JAN 2005,113,116,113,116,14,6500,752000
10 JAN 2005,110,114.75,110,112.5,2,200,22475
7 JAN 2005,114.75,114.75,114.75,114.75,1,200,22950
6 JAN 2005,113,113.5,113,113,7,6700,757250
5 JAN 2005,111,111,110.25,110.25,8,22200,2447775
4 JAN 2005,111,111,110,110.5,11,2996000,352011000
23 DEC 2004,111,111,111,111,1,100,11100
22 DEC 2004,112,112,111,111,4,400,44600
21 DEC 2004,110.25,112,110.25,112,2,900,99400
20 DEC 2004,110.25,110.25,110.25,110.25,2,500,55125
17 DEC 2004,110,110,110,110,4,3600,396000
15 DEC 2004,110,110,110,110,2,300,33000
14 DEC 2004,110,110,110,110,1,100,11000
13 DEC 2004,110,110,110,110,6,3400,374000
9 DEC 2004,110,110,110,110,4,2900,319000
8 DEC 2004,108.5,112,108.5,110,27,36700,4028800
7 DEC 2004,107,108.5,107,108.5,2,3900,417900
6 DEC 2004,108,108,108,108,1,100,10800
1 DEC 2004,108.5,108.5,108.5,108.5,1,40000,4340000
30 NOV 2004,109,115,109,109.25,17,5912000,694461100
29 NOV 2004,108,109,108,108.25,6,7000,756300
25 NOV 2004,108,109,108,108.5,4,10700,1156300
24 NOV 2004,110,110,108,108,4,2300,250400
22 NOV 2004,107,107,107,107,1,400,42800
18 NOV 2004,107,107,107,107,1,500,53500
16 NOV 2004,107,107.25,107,107.25,3,600,64325
15 NOV 2004,107,107,107,107,2,300,32100
12 NOV 2004,109,109,109,109,10,4800,523200
10 NOV 2004,109,109,109,109,4,27000,2943000
9 NOV 2004,106,109.5,106,107.75,2,200,21550
8 NOV 2004,105.25,105.25,105.25,105.25,1,100,10525
5 NOV 2004,108.25,112,108.25,110,25,33200,3651450
4 NOV 2004,110,110,108,108.25,14,11800,1280375
3 NOV 2004,105.25,110,105,110,33,37200,4021075
2 NOV 2004,105,105,105,105,4,1800,189000
1 NOV 2004,102.5,105,102.5,105,17,17700,1857025
28 OCT 2004,104.75,104.75,102.25,102.5,5,3400,349400
25 OCT 2004,105,105,105,105,1,600,63000
22 OCT 2004,105,105,105,105,2,1200,126000
21 OCT 2004,102.25,103,102.25,102.75,4,2200,225900
20 OCT 2004,103,103,102,102,2,5000,512000
19 OCT 2004,102,102,102,102,2,1300,132600
18 OCT 2004,102,102,102,102,2,3000,306000
14 OCT 2004,102,102,101.75,102,5,1700,173350
13 OCT 2004,101.5,103,101.5,102.5,5,2600,266375
12 OCT 2004,101,101.5,101,101.5,3,700,71000
11 OCT 2004,103,103,103,103,1,100,10300
8 OCT 2004,102,102,102,102,1,100,10200
7 OCT 2004,102.5,102.5,102.5,102.5,1,500,51250
6 OCT 2004,102.5,102.5,102.5,102.5,3,1100,112750
5 OCT 2004,102.5,102.5,102.5,102.5,1,500,51250
30 SEP 2004,104,104,102,103.25,2,500,51600
29 SEP 2004,105,105,105,105,2,1300,136500
27 SEP 2004,104.25,104.25,104.25,104.25,1,100,10425
24 SEP 2004,105,105,104,104,2,200,20900
23 SEP 2004,104.75,104.75,104.75,104.75,1,100,10475
22 SEP 2004,105,105,105,105,1,100,10500
21 SEP 2004,100.5,105,100.5,105,4,600,62100
17 SEP 2004,101.75,110,101.75,109,23,12500,1363325
16 SEP 2004,100,101,100,100.5,4,1100,110600
15 SEP 2004,98.25,98.25,98.25,98.25,1,100,9825
14 SEP 2004,100,101,100,101,2,11000,1110900
13 SEP 2004,99,99,99,99,1,200,19800
10 SEP 2004,98,98,98,98,1,3500,343000
8 SEP 2004,100,100,100,100,2,3000,300000
7 SEP 2004,103,103,103,103,2,3600,370800
6 SEP 2004,98,98,98,98,1,100,9800
2 SEP 2004,96,96.25,96,96.25,2,400,38425
31 AUG 2004,96.25,96.25,96,96,3,700,67275
27 AUG 2004,96.25,96.25,96.25,96.25,1,1800,173250
26 AUG 2004,98,98,98,98,1,300,29400
24 AUG 2004,101,101,101,101,2,800,80800
23 AUG 2004,101,101,101,101,1,1000,101000
20 AUG 2004,99.75,101,99.75,101,6,46300,4675575
19 AUG 2004,101,102,101,101,6,24300,2454500
18 AUG 2004,100,102,100,101,10,22100,2231400
17 AUG 2004,101,101,100,100,3,1700,170100
16 AUG 2004,100,100,100,100,3,800,80000
13 AUG 2004,100,100,100,100,6,3600,360000
12 AUG 2004,100,100,100,100,1,500,50000
10 AUG 2004,100,100,100,100,1,2000,200000
9 AUG 2004,105,105,105,105,1,200,21000
5 AUG 2004,96,100,96,99,4,400,39600
2 AUG 2004,110,110,110,110,8,2000,220000
30 JUL 2004,117.25,118.25,117,118.25,7,1100,129500
29 JUL 2004,118.5,118.5,115,118.5,5,1500,176700
28 JUL 2004,119,119,119,119,2,200,23800
27 JUL 2004,118.5,118.5,118.5,118.5,1,100,11850
26 JUL 2004,115,120,115,117,6,700,82300
23 JUL 2004,114.75,115,114,114.75,6,7800,895925
22 JUL 2004,113.75,113.75,113.5,113.5,3,900,102300
21 JUL 2004,114,114,114,114,2,1000,114000
20 JUL 2004,115,115,114.75,114.75,2,300,34450
19 JUL 2004,114.75,115,114.75,115,2,300,34475
16 JUL 2004,115,115,114.75,114.75,5,3900,448125
15 JUL 2004,115,115,115,115,5,2000,230000
14 JUL 2004,114.75,115,114,115,6,1600,183025
13 JUL 2004,114.75,114.75,114.25,114.25,6,1100,126175
12 JUL 2004,114.75,114.75,114.75,114.75,3,300,34425
9 JUL 2004,111,111,110,110,5,7300,803550
8 JUL 2004,114.75,115,114.75,115,4,400,45975
7 JUL 2004,111,111,110,110.25,9,2400,264850
6 JUL 2004,114.75,114.75,112.25,114.25,3,42300,4853675
5 JUL 2004,123.75,123.75,115,116,5,2300,279175
1 JUL 2004,114,115,114,114.75,13,6000,687400
30 JUN 2004,114,114,114,114,4,400,45600
29 JUN 2004,114,114,114,114,10,5300,604200
28 JUN 2004,115,115,114,114.25,11,10400,1191050
25 JUN 2004,124,125.25,115,115,51,25600,3012550
24 JUN 2004,122,122,120,121.5,19,5400,651500
23 JUN 2004,120,124.75,120,123.75,51,131600,16260975
22 JUN 2004,118,119.25,117,118.75,25,7900,934125
21 JUN 2004,113.25,118,113.25,117,40,13100,1535475
18 JUN 2004,110,114,110,113,29,12300,1378800
17 JUN 2004,104.5,110,104.5,109.5,21,10200,1099025
16 JUN 2004,103.5,104,103.5,104,3,1300,134700
14 JUN 2004,105,105,105,105,5,900,94500
11 JUN 2004,105,106.5,105,106,16,18700,1979475
10 JUN 2004,100,100,100,100,7,2500,250000
9 JUN 2004,101.25,101.25,99,99.5,16,5000,501050
8 JUN 2004,103.25,104.5,103,103,7,3000,310000
7 JUN 2004,104.75,105,103,103,4,1000,104175
4 JUN 2004,102,104,101.5,103.25,10,4000,407750
3 JUN 2004,105,105,102,102.5,11,2900,297675
1 JUN 2004,104.5,109,104.5,105.5,16,5900,627725
31 MAY 2004,101,101,101,101,3,2000,202000
28 MAY 2004,98,108,98,100.25,38,55600,5572650
27 MAY 2004,98.5,98.5,98,98,2,500,49050
25 MAY 2004,97.5,98,97.5,97.75,3,1000,97850
24 MAY 2004,96.25,97.5,96,97.5,12,14200,1366350
21 MAY 2004,92.25,96,92.25,96,3,800,75925
20 MAY 2004,98,98,94.25,96.25,3,300,29025
19 MAY 2004,90,100,90,91.75,18,10900,998100
18 MAY 2004,90.25,90.25,90,90,4,4600,414500
17 MAY 2004,90.5,90.5,90.25,90.25,6,2300,207900
14 MAY 2004,89.75,90,88,90,8,1800,161725
12 MAY 2004,85,85,85,85,1,5100,433500
10 MAY 2004,82,82,82,82,2,500,41000
29 APR 2004,82.25,82.25,82,82,6,16900,1385850
28 APR 2004,82.25,82.5,82.25,82.5,5,1800,148475
23 APR 2004,80.25,82,80.25,82,4,22000,1769000
2 APR 2004,87,87,87,87,3,600,52200
30 MAR 2004,85,85,85,85,3,800,68000
26 MAR 2004,85,85,85,85,6,2600,221000
25 MAR 2004,85,85,85,85,3,600,51000
24 MAR 2004,83,83,83,83,1,1300,107900
22 MAR 2004,83,83,83,83,1,500,41500
19 MAR 2004,85,85,85,85,1,200,17000
18 MAR 2004,83,83,83,83,1,1500,124500
17 MAR 2004,83,83,83,83,1,1500,124500
16 MAR 2004,82.75,82.75,82.5,82.5,6,7600,627025
15 MAR 2004,82.5,82.5,82.5,82.5,1,700,57750
12 MAR 2004,82.25,82.25,82.25,82.25,1,700,57575
11 MAR 2004,82.25,82.25,82.25,82.25,1,200,16450
10 MAR 2004,82,82,82,82,1,2500,205000
8 MAR 2004,87,87,87,87,1,100,8700
5 MAR 2004,87,87.5,87,87.25,6,1300,113250
4 MAR 2004,88,88,88,88,4,1200,105600
3 MAR 2004,86.25,89,86.25,88,8,2100,184575
2 MAR 2004,85,86,85,86,2,200,17100
27 FEB 2004,85,85,85,85,1,100,8500
25 FEB 2004,84,85,84,84.25,12,2700,228825
24 FEB 2004,80,80,80,80,1,300,24000
23 FEB 2004,75.5,75.5,75.5,75.5,2,400,30200
19 FEB 2004,75,75,75,75,3,900,67500
17 FEB 2004,72,75,72,73.25,4,700,51300
11 FEB 2004,70.5,70.5,70.5,70.5,3,600,42300
10 FEB 2004,73,73,73,73,4,800,58400
9 FEB 2004,76,76,76,76,1,100,7600
3 FEB 2004,78,80.5,78,80.5,3,500,39500
29 JAN 2004,80.25,80.25,80.25,80.25,1,200,16050
27 JAN 2004,80,80,80,80,3,600,48000
26 JAN 2004,75,75,75,75,1,100,7500
14 JAN 2004,80,80,80,80,2,200,16000
12 JAN 2004,79,80,79,79.25,4,700,55450
9 JAN 2004,79,79,79,79,1,200,15800
5 JAN 2004,79,79,79,79,2,1000,79000
24 DEC 2003,79,79.25,79,79,9,3500,276550
23 DEC 2003,81,82,81,81.5,2,900,73400
19 DEC 2003,81,81,81,81,1,100,8100
18 DEC 2003,82,82,82,82,1,1000,82000
17 DEC 2003,85,85,85,85,1,1500,127500
16 DEC 2003,86.5,86.5,86.5,86.5,2,1400,121100
15 DEC 2003,86.5,88,86.5,88,5,1200,104700
11 DEC 2003,85.5,90,85,90,14,272100,24479025
10 DEC 2003,85,86,85,86,6,1200,102550
9 DEC 2003,85.25,85.25,85.25,85.25,3,1000,85250
5 DEC 2003,87,87,85.25,85.25,2,400,34450
4 DEC 2003,85.25,85.25,85.25,85.25,4,700,59675
28 NOV 2003,98.75,99,98.75,98.75,3,700,69175
27 NOV 2003,85.25,85.25,85,85,2,300,25525
25 NOV 2003,88,88.25,88,88,3,400,35225
24 NOV 2003,88,88,88,88,2,800,70400
21 NOV 2003,88,88,88,88,2,400,35200
20 NOV 2003,89,90,89,89.75,2,1500,134500
19 NOV 2003,88,88.5,88,88.25,2,400,35300
18 NOV 2003,88,88,88,88,1,1000,88000
17 NOV 2003,88,90,88,90,5,3500,313000
14 NOV 2003,88,89,88,88,5,1400,123500
13 NOV 2003,90,91.25,90,91.25,3,500,45250
12 NOV 2003,90,90,90,90,1,2000,180000
11 NOV 2003,90,90,90,90,1,100,9000
7 NOV 2003,97,97,97,97,2,200,19400
3 NOV 2003,97,97,97,97,1,14400,1396800
31 OCT 2003,97,97,97,97,3,1100,106700
30 OCT 2003,100,100,99,99,2,500,49800
29 OCT 2003,100,100,100,100,8,13500,1350000
28 OCT 2003,98.25,98.25,98.25,98.25,4,2000,196500
27 OCT 2003,97,97,97,97,1,200,19400
23 OCT 2003,97,97,97,97,3,600,58200
22 OCT 2003,97,97.25,97,97,4,1600,155300
21 OCT 2003,97,97,97,97,1,400,38800
17 OCT 2003,97,97,97,97,1,800,77600
16 OCT 2003,97.25,97.25,97.25,97.25,1,1000,97250
10 OCT 2003,97.25,97.25,97.25,97.25,1,100,9725
7 OCT 2003,100,100,100,100,11,8000,800000
6 OCT 2003,100,100,100,100,1,2500,250000
3 OCT 2003,97,100,97,97,18,26000,2539075
30 SEP 2003,97,97,97,97,3,600,58200
29 SEP 2003,96.5,97,96.5,97,7,3800,368550
25 SEP 2003,99,99.25,98,98.25,3,2000,196325
24 SEP 2003,98.25,98.25,98.25,98.25,2,500,49125
22 SEP 2003,100,100,100,100,13,8100,810000
19 SEP 2003,99,100,97,98.25,20,97700,9609850
18 SEP 2003,97,97,97,97,17,9800,950600
17 SEP 2003,96.75,97,96.75,96.75,2,600,58075
16 SEP 2003,96.75,96.75,95.5,95.5,8,1900,182075
15 SEP 2003,97,97,97,97,3,1100,106700
12 SEP 2003,97,97,97,97,4,1100,106700
11 SEP 2003,96.5,97,96.5,96.75,6,3300,319200
9 SEP 2003,97,97,97,97,4,400,38800
8 SEP 2003,97,97,97,97,6,3000,291000
5 SEP 2003,97,97,97,97,8,4600,446200
4 SEP 2003,98,98,97,97,4,1600,156200
3 SEP 2003,97,97.5,97,97.25,9,5100,494850
2 SEP 2003,97,97,97,97,4,1800,174600
1 SEP 2003,95.25,96,95.25,96,4,1400,133425
29 AUG 2003,95.25,97.5,95.25,97.5,5,3700,359700
28 AUG 2003,97,98,97,97.5,6,2800,272825
27 AUG 2003,93.5,97.5,93.5,97,10,10400,989550
26 AUG 2003,94,94,93,93.5,5,31600,2939850
25 AUG 2003,91.25,93.5,91.25,92,14,41500,3820075
22 AUG 2003,90.5,91,90.5,91,6,15300,1392150
21 AUG 2003,90,91,90,90,14,16800,1512500
20 AUG 2003,90,90,89,90,12,4800,431575
19 AUG 2003,88,90,88,89.75,4,2200,197300
18 AUG 2003,89.75,90,89.75,90,5,4400,395950
15 AUG 2003,85,90,85,87,15,9600,829150
14 AUG 2003,85,85,85,85,1,100,8500
13 AUG 2003,85,85,85,85,3,1400,119000
12 AUG 2003,85,85,85,85,4,1600,136000
8 AUG 2003,85,85,85,85,1,1000,85000
7 AUG 2003,85,85,85,85,1,200,17000
6 AUG 2003,85.25,85.25,85,85,9,4000,340350
5 AUG 2003,85.25,85.25,85.25,85.25,1,600,51150
4 AUG 2003,89,90,85,85,4,1300,112875
1 AUG 2003,94.75,94.75,94.75,94.75,1,100,9475
31 JUL 2003,102,105,102,103.75,17,6500,674575
30 JUL 2003,103.5,103.5,102,102.75,6,2900,298625
29 JUL 2003,104.75,105,104.25,104.5,5,1700,177700
28 JUL 2003,100,105,100,105,6,1600,166700
25 JUL 2003,100,100,100,100,7,5800,580000
23 JUL 2003,99,100.25,99,100,20,15800,1579700
22 JUL 2003,95,97,95,97,8,1500,145300
21 JUL 2003,95,95,95,95,5,9000,855000
18 JUL 2003,95,95,94,95,5,1200,113800
17 JUL 2003,99,99,90.25,94.5,8,2100,203450
16 JUL 2003,95,99.75,95,99,5,2600,257700
14 JUL 2003,95,96,95,95,4,11200,1064500
11 JUL 2003,93.5,93.5,93.5,93.5,1,100,9350
10 JUL 2003,90,90,90,90,2,2300,207000
9 JUL 2003,93.5,93.5,90,90,6,5700,513550
8 JUL 2003,93.5,93.5,93.5,93.5,2,2500,233750
7 JUL 2003,95.5,95.5,95,95,8,2900,276150
4 JUL 2003,95,95.5,95,95.5,9,3100,295800
3 JUL 2003,100,100,99.75,99.75,5,60800,6067500
2 JUL 2003,99,99,98,98,8,1400,137400
1 JUL 2003,100,100,98,99.75,13,8800,877800
30 JUN 2003,100,103,99,100,15,9300,926700
27 JUN 2003,100,100,98,99.5,10,14300,1423700
26 JUN 2003,106,106,100,100.5,22,14200,1452700
25 JUN 2003,100,100,98,98.75,13,4900,483525
24 JUN 2003,100,100,99,99.25,13,4600,458975
23 JUN 2003,100,100,95,98.75,26,41000,4078400
20 JUN 2003,89.5,100,89.5,96.25,61,297600,27554000
19 JUN 2003,83,86,80,85.75,22,51000,4175400
18 JUN 2003,77,80.75,77,80,50,88800,7096425
17 JUN 2003,73.5,76.75,73.25,74.25,27,29100,2158100
16 JUN 2003,72,73.5,72,72.25,7,4900,353850
13 JUN 2003,71.75,73,71.75,72,5,3800,273825
12 JUN 2003,69,71,69,70,9,13300,931100
10 JUN 2003,68,70,68,69.75,14,6600,459900
9 JUN 2003,67,67,67,67,1,100,6700
6 JUN 2003,66,67,65,66,14,6600,435900
5 JUN 2003,64.5,66,64.5,65.5,9,17800,1157025
4 JUN 2003,64,64,64,64,2,1000,64000
28 MAY 2003,62,62,62,62,1,100,6200
23 MAY 2003,62,62,62,62,1,200,12400
21 MAY 2003,61.5,64.5,61.5,64.5,2,200,12600
20 MAY 2003,61.5,61.5,61.5,61.5,2,300,18450
13 MAY 2003,61.5,61.5,61.5,61.5,1,200,12300
12 MAY 2003,61.25,61.5,61.25,61.5,6,3900,239625
8 MAY 2003,61.5,61.5,61,61,2,3600,221350
7 MAY 2003,60.75,60.75,60.75,60.75,2,300,18225
6 MAY 2003,60,60.75,60,60.75,3,2100,126075
5 MAY 2003,59.75,60.75,59.75,60.25,4,3300,198575
2 MAY 2003,60.5,60.5,60.5,60.5,1,500,30250
30 APR 2003,60,60,60,60,1,500,30000
29 APR 2003,60,60.75,60,60.5,2,600,36300
28 APR 2003,59.75,60,59.75,59.75,6,4000,239250
24 APR 2003,56,56,55,55.5,4,2100,116500
22 APR 2003,57,57,57,57,3,2000,114000
11 APR 2003,57,57.25,57,57.25,5,1500,85800
10 APR 2003,57,57,57,57,3,2200,125400
9 APR 2003,56,56,56,56,2,8500,476000
8 APR 2003,55,55,55,55,7,6900,379500
4 APR 2003,55,55,55,55,5,5300,291500
2 APR 2003,54.25,54.25,54.25,54.25,1,300,16275
1 APR 2003,54.25,54.25,54.25,54.25,3,900,48825
27 MAR 2003,55,55,55,55,6,2400,132000
26 MAR 2003,55,55,55,55,1,100,5500
25 MAR 2003,54.5,54.5,54.5,54.5,1,5000,272500
24 MAR 2003,55,55,55,55,3,4100,225500
21 MAR 2003,55,55,55,55,2,1400,77000
20 MAR 2003,55,55,55,55,1,1900,104500
17 MAR 2003,55,55,55,55,5,2400,132000
14 MAR 2003,55,55,55,55,1,800,44000
13 MAR 2003,55,55,55,55,3,1300,71500
12 MAR 2003,54,54,53,53.25,5,1400,74850
10 MAR 2003,55,55,55,55,1,100,5500
7 MAR 2003,55,55,55,55,2,600,33000
4 MAR 2003,56.25,56.25,56,56,7,3900,218625
27 FEB 2003,56,60,56,60,2,200,11600
25 FEB 2003,59,59,59,59,2,600,35400
21 FEB 2003,59,59,59,59,1,200,11800
19 FEB 2003,59,59,59,59,3,600,35400
18 FEB 2003,59,59,59,59,5,1700,100300
17 FEB 2003,58.25,60,58,58.25,3,700,40850
14 FEB 2003,58,58,58,58,2,300,17400
10 FEB 2003,60,60,60,60,4,1300,78000
6 FEB 2003,60.25,60.25,60,60,3,1100,66150
5 FEB 2003,60,60.25,60,60.25,6,3600,216150
30 JAN 2003,60,60,60,60,2,1900,114000
29 JAN 2003,62,62,60,62,12,2800,169950
28 JAN 2003,61,61,61,61,2,400,24400
27 JAN 2003,62.5,65,62.5,65,3,500,31500
24 JAN 2003,64.75,64.75,64.75,64.75,1,100,6475
23 JAN 2003,65,65,65,65,1,200,13000
20 JAN 2003,68.5,68.5,68.5,68.5,2,400,27400
14 JAN 2003,68.5,68.5,68.5,68.5,2,300,20550
8 JAN 2003,68.5,68.5,68.5,68.5,1,1100,75350
30 DEC 2002,69,69,69,69,1,600,41400
26 DEC 2002,70,70,70,70,2,4000,280000
24 DEC 2002,69,69,69,69,1,300,20700
23 DEC 2002,65,65,65,65,1,1000,65000
18 DEC 2002,63.75,63.75,63.75,63.75,1,3000,191250
16 DEC 2002,63,63,63,63,1,200,12600
13 DEC 2002,63,63,63,63,2,1100,69300
10 DEC 2002,64.25,65,64,65,3,600,38550
9 DEC 2002,64.25,64.25,64.25,64.25,1,300,19275
5 DEC 2002,65,65,65,65,3,2300,149500
4 DEC 2002,66,66,65,65,3,2300,151700
3 DEC 2002,64.5,66.25,64.5,66.25,2,300,19700
2 DEC 2002,66.5,66.5,66.25,66.25,4,1100,72950
28 NOV 2002,66,67,66,67,2,300,20000
27 NOV 2002,66,66,66,66,1,100,6600
25 NOV 2002,69,69,69,69,1,100,6900
21 NOV 2002,65,65,65,65,1,200,13000
15 NOV 2002,66.25,66.25,66.25,66.25,1,200,13250
14 NOV 2002,66,66.5,66,66.5,4,1700,112450
12 NOV 2002,65.75,65.75,65.75,65.75,1,200,13150
8 NOV 2002,66,66,66,66,1,300,19800
7 NOV 2002,67.25,67.25,65,65,2,500,33175
6 NOV 2002,67.5,67.5,67.5,67.5,1,2000,135000
5 NOV 2002,67.5,67.5,67.5,67.5,1,100,6750
1 NOV 2002,67.5,67.5,67.5,67.5,1,200,13500
31 OCT 2002,67.75,67.75,67.75,67.75,1,200,13550
29 OCT 2002,67,67,67,67,1,200,13400
25 OCT 2002,67.5,67.5,67,67,7,5500,369600
24 OCT 2002,67.5,67.5,67.5,67.5,2,200,13500
23 OCT 2002,67.5,67.5,67.25,67.25,4,10500,708725
18 OCT 2002,66.25,67,65,65,5,22000,1438250
17 OCT 2002,68.75,68.75,68.5,68.5,2,200,13725
16 OCT 2002,68.5,73,68.5,73,4,200500,14635600
15 OCT 2002,68,70,68,70,3,1000,68600
14 OCT 2002,70,70,70,70,1,900,63000
11 OCT 2002,70,70,70,70,6,1600,112000
8 OCT 2002,70,70,70,70,1,400,28000
7 OCT 2002,70,70,70,70,2,700,49000
4 OCT 2002,72,72,70,70,8,5500,385875
3 OCT 2002,72,72,70,70,6,38800,2782775
2 OCT 2002,74,74,72,72,6,82000,5905100
1 OCT 2002,74,75,74,75,4,3000,224900
30 SEP 2002,74,74,74,74,1,100,7400
27 SEP 2002,74,74,74,74,4,700,51800
26 SEP 2002,74.75,75,74,74,6,5100,381550
25 SEP 2002,74.75,75,74.75,75,8,11300,847325
23 SEP 2002,70,75,70,75,5,3300,232725
19 SEP 2002,70,71.25,70,70.25,11,21900,1542200
18 SEP 2002,70,70,70,70,7,17700,1239000
17 SEP 2002,70,70,70,70,11,16000,1120000
16 SEP 2002,65,67.75,65,67,4,500,33375
10 SEP 2002,65,69,65,69,4,1900,125500
6 SEP 2002,65,65,64,64,2,600,38900
5 SEP 2002,66,66,65,65,3,2200,144200
4 SEP 2002,64,64,64,64,2,3000,192000
26 AUG 2002,65,65,65,65,1,1000,65000
20 AUG 2002,67.75,67.75,67.75,67.75,1,100,6775
19 AUG 2002,60.5,60.5,60,60,3,900,54200
16 AUG 2002,62.5,62.5,62.5,62.5,1,100,6250
15 AUG 2002,62.5,62.5,62.5,62.5,1,100,6250
14 AUG 2002,60,62,60,62,3,500,30400
13 AUG 2002,60,60,60,60,2,400,24000
9 AUG 2002,60,60,60,60,1,200,12000
7 AUG 2002,55,60,55,60,3,600,34000
6 AUG 2002,60,60,60,60,4,400,24000
5 AUG 2002,70,70,65,65,7,800,52650
1 AUG 2002,70,70,70,70,1,800,56000
31 JUL 2002,70,70,70,70,9,12700,889000
30 JUL 2002,70,70,70,70,2,500,35000
29 JUL 2002,70,70,70,70,3,1900,133000
26 JUL 2002,71,71.25,70,70,9,22400,1570125
25 JUL 2002,68,70,68,70,14,36700,2568300
22 JUL 2002,68,68,68,68,1,200,13600
19 JUL 2002,69,69,69,69,2,700,48300
18 JUL 2002,69.5,69.5,69.5,69.5,1,200,13900
16 JUL 2002,69,69,69,69,6,2600,179400
15 JUL 2002,69,69,69,69,1,2300,158700
12 JUL 2002,69,69,69,69,1,200,13800
11 JUL 2002,69,69,69,69,2,1300,89700
10 JUL 2002,69,69,69,69,1,300,20700
8 JUL 2002,70,70,68,68,4,1300,89750
5 JUL 2002,71,71.5,70.25,70.25,7,1500,106400
3 JUL 2002,72,72,72,72,11,8900,640800
2 JUL 2002,72,72,72,72,1,300,21600
1 JUL 2002,72,73,72,72,11,9400,677675
28 JUN 2002,69,70,69,70,22,30800,2138000
27 JUN 2002,64.75,72,64.75,65.25,6,1800,125725
26 JUN 2002,65,65,63,63,6,4600,291650
21 JUN 2002,63,63,63,63,2,1000,63000
20 JUN 2002,61,61,61,61,2,1000,61000
19 JUN 2002,61.25,61.25,61,61,2,400,24475
18 JUN 2002,61.25,61.25,61,61,2,200,12225
14 JUN 2002,62,62,62,62,2,1700,105400
13 JUN 2002,62.5,62.5,62.5,62.5,5,7000,437500
12 JUN 2002,62,62.5,62,62.5,5,3000,187400
11 JUN 2002,62.75,62.75,62,62.5,13,13000,811600
10 JUN 2002,62.5,63,62.5,62.75,3,1200,75375
7 JUN 2002,62.5,62.5,62.5,62.5,2,200,12500
6 JUN 2002,62.25,62.25,62.25,62.25,1,100,6225
4 JUN 2002,60.5,62,60.5,62,4,800,49450
31 MAY 2002,60.75,60.75,60.75,60.75,4,5900,358425
28 MAY 2002,60,63.75,60,60.5,7,17600,1065225
23 MAY 2002,61,61,60,60,6,5500,332100
22 MAY 2002,64.5,64.5,64.5,64.5,1,400,25800
15 MAY 2002,65,65,65,65,1,100,6500
10 MAY 2002,60,60,60,60,1,100,6000
9 MAY 2002,60,60,60,60,2,1000,60000
7 MAY 2002,60,60,60,60,1,100,6000
6 MAY 2002,60,60,60,60,2,700,42000
30 APR 2002,60,60,60,60,1,1300,78000
24 APR 2002,60,60,60,60,4,2800,168000
23 APR 2002,60,60,60,60,3,1400,84000
19 APR 2002,60.25,60.25,60,60,2,200,12025
18 APR 2002,60,60,60,60,3,600,36000
17 APR 2002,60.25,60.25,60,60,6,14200,852325
16 APR 2002,60.25,60.25,60.25,60.25,2,1500,90375
11 APR 2002,60.25,60.25,60.25,60.25,2,500,30125
9 APR 2002,60,60.25,60,60.25,5,4000,240450
5 APR 2002,62,62,62,62,3,1100,68200
3 APR 2002,60,60,60,60,1,100,6000
2 APR 2002,60,60,60,60,2,200,12000
27 MAR 2002,60,60,60,60,1,200,12000
26 MAR 2002,60,60,60,60,1,100,6000
22 MAR 2002,63,63,63,63,1,1000,63000
20 MAR 2002,65,65,65,65,1,1000,65000
18 MAR 2002,63,63,63,63,1,200,12600
15 MAR 2002,63,63,63,63,1,400,25200
14 MAR 2002,61,61,61,61,3,900,54900
13 MAR 2002,62,62,62,62,2,800,49600
8 MAR 2002,63,63,63,63,1,100,6300
7 MAR 2002,62,62,62,62,7,2300,142600
5 MAR 2002,60.5,61,60.5,61,2,1200,73050
4 MAR 2002,62,62,61,61,4,1000,61500
1 MAR 2002,61,61,61,61,1,300,18300
28 FEB 2002,60,60,60,60,2,400,24000
26 FEB 2002,62,62,61.5,61.5,2,400,24650
22 FEB 2002,65,65,61.5,61.5,3,2300,148800
19 FEB 2002,61,61.25,60.5,61.25,5,16000,969225
18 FEB 2002,61,61,61,61,2,1200,73200
14 FEB 2002,61,61,61,61,1,400,24400
13 FEB 2002,59.5,59.5,59.5,59.5,1,100,5950
8 FEB 2002,58,58,58,58,1,100,5800
7 FEB 2002,59,59,58.5,58.5,2,300,17650
6 FEB 2002,58,58,56,56,2,200,11400
5 FEB 2002,58,58,58,58,1,200,11600
1 FEB 2002,58,58,58,58,2,1500,87000
31 JAN 2002,58.5,58.5,58.5,58.5,1,2000,117000
30 JAN 2002,60,60,60,60,2,500,30000
29 JAN 2002,60,60,60,60,1,100,6000
24 JAN 2002,62.75,63,62.75,63,3,1700,107075
18 JAN 2002,60,65,58,65,7,2900,172200
16 JAN 2002,60,60,60,60,2,200,12000
15 JAN 2002,60,60,60,60,2,200,12000
11 JAN 2002,60,60,60,60,1,100,6000
10 JAN 2002,63,63,60,60,7,3400,205150
9 JAN 2002,66,66,64,64,7,7100,461900
8 JAN 2002,69.5,69.5,65,65,3,1500,99750
7 JAN 2002,63,65,63,65,5,2900,187000
4 JAN 2002,62,65,62,65,3,1500,94750
3 JAN 2002,52.25,54.5,52.25,54.5,2,1000,53375
28 DEC 2001,70.5,70.5,70.5,70.5,1,700,49350
19 DEC 2001,70.25,70.25,70.25,70.25,2,1200,84300
18 DEC 2001,71,71,70.25,70.25,6,1800,126675
17 DEC 2001,70.25,71,70.25,70.25,9,6600,465175
14 DEC 2001,70,70.25,70,70,7,8200,575250
13 DEC 2001,71.5,71.5,69,70,15,30500,2164900
12 DEC 2001,78.25,78.25,74,74,3,2200,171300
11 DEC 2001,73,75,70,75,17,15000,1103000
10 DEC 2001,70,75,70,75,20,31300,2280225
7 DEC 2001,70,70,65,65,13,15900,1034000
5 DEC 2001,56.5,56.5,56.5,56.5,1,100,5650
4 DEC 2001,55.5,55.5,55,55,5,1100,60900
3 DEC 2001,56,56.5,56,56,6,4000,225050
29 NOV 2001,56,56,56,56,4,2000,112000
28 NOV 2001,54.5,55.5,54.5,55.5,7,12400,682550
27 NOV 2001,54.5,54.5,54.5,54.5,5,1200,65400
26 NOV 2001,55.5,55.5,55.5,55.5,1,1000,55500
23 NOV 2001,55,56,55,56,13,16100,890700
22 NOV 2001,50.75,50.75,50.75,50.75,2,300,15225
21 NOV 2001,50.5,50.5,50.5,50.5,1,4000,202000
19 NOV 2001,50,50.5,50,50.5,4,400,20150
16 NOV 2001,50,50,50,50,1,200,10000
6 NOV 2001,50,50,49,49,3,300,14800
5 NOV 2001,50,50,50,50,3,1000,50000
2 NOV 2001,50,50,50,50,1,100,5000
1 NOV 2001,50,50,50,50,2,900,45000
29 OCT 2001,50,50,50,50,1,200,10000
26 OCT 2001,50,50,49,49,3,558400,27362100
25 OCT 2001,50.25,50.25,49,49,10,388100,19020125
23 OCT 2001,50.5,52,50,52,9,3100,157950
22 OCT 2001,50,50.5,50,50.5,2,300,15100
19 OCT 2001,50,50,50,50,5,21600,1080000
18 OCT 2001,50,50,50,50,2,700,35000
16 OCT 2001,50,50,49,49,5,4200,209800
12 OCT 2001,50,50,50,50,3,500,25000
11 OCT 2001,48.5,48.5,48.5,48.5,1,800,38800
10 OCT 2001,47,48,47,48,3,400,18900
9 OCT 2001,46.25,46.25,46.25,46.25,3,1000,46250
8 OCT 2001,45.5,45.5,45.5,45.5,1,100,4550
5 OCT 2001,45.75,45.75,45.25,45.5,3,700,31925
1 OCT 2001,46.25,46.25,46.25,46.25,2,200,9250
28 SEP 2001,46.25,46.25,46.25,46.25,1,100,4625
27 SEP 2001,47,47,46.25,46.25,3,2000,93850
26 SEP 2001,47,47,47,47,7,900,42300
25 SEP 2001,47,47,47,47,2,500,23500
21 SEP 2001,47,47,47,47,2,200,9400
20 SEP 2001,47,47,47,47,6,700,32900
19 SEP 2001,47,47,47,47,3,500,23500
18 SEP 2001,47.25,47.25,47,47,4,500,23525
17 SEP 2001,47,49.5,47,49.5,3,1000,48550
11 SEP 2001,47,47,47,47,1,600,28200
6 SEP 2001,50,50,50,50,3,700,35000
5 SEP 2001,50,50,50,50,3,1000,50000
31 AUG 2001,50,50,50,50,2,1300,65000
30 AUG 2001,50,50,50,50,5,1100,55000
28 AUG 2001,50,50,50,50,3,4100,205000
27 AUG 2001,50,50,50,50,4,5600,280000
23 AUG 2001,49.5,50,49.5,50,5,3000,149650
20 AUG 2001,49.5,49.5,49.5,49.5,2,200,9900
16 AUG 2001,50,50,50,50,7,8000,400000
15 AUG 2001,50,50,50,50,1,100,5000
14 AUG 2001,50,50,50,50,13,5100,255000
10 AUG 2001,50,50,50,50,5,4500,225000
9 AUG 2001,50,50,50,50,1,100,5000
8 AUG 2001,50,50,50,50,4,2600,130000
30 JUL 2001,50,50,50,50,3,600,30000
27 JUL 2001,50,50,50,50,1,100,5000
26 JUL 2001,50,50,50,50,5,2300,115000
25 JUL 2001,50,50,50,50,7,800,40000
23 JUL 2001,50,50,50,50,1,100,5000
19 JUL 2001,50,50,50,50,2,200,10000
18 JUL 2001,50,50,50,50,8,1400,70000
13 JUL 2001,50,50,50,50,4,1700,85000
12 JUL 2001,50,50,50,50,1,1900,95000
11 JUL 2001,51,51,51,51,1,200,10200
10 JUL 2001,51,51,51,51,3,1900,96900
9 JUL 2001,51,51,51,51,3,600,30600
6 JUL 2001,51,51,51,51,6,2500,127500
4 JUL 2001,51,51,51,51,4,1200,61200
3 JUL 2001,51,51,51,51,3,800,40800
2 JUL 2001,50,51,50,51,5,1000,50200
29 JUN 2001,50,51,50,51,3,2300,115100
28 JUN 2001,50,51,50,50,4,1000,50300
27 JUN 2001,50,50,50,50,9,53900,2695000
26 JUN 2001,50,52,50,52,2,1300,67000
25 JUN 2001,50.25,50.25,50.25,50.25,1,200,10050
22 JUN 2001,50,50,50,50,5,2400,120000
21 JUN 2001,50,50,50,50,2,2800,140000
19 JUN 2001,48.5,48.5,48.5,48.5,1,500,24250
18 JUN 2001,48.5,48.5,48.5,48.5,4,1700,82450
15 JUN 2001,50.25,50.25,50.25,50.25,4,1100,55275
14 JUN 2001,50.25,50.5,50.25,50.5,6,2400,120750
11 JUN 2001,50,50,50,50,1,200,10000
8 JUN 2001,50.25,50.25,50,50,3,1500,75025
7 JUN 2001,50,50,50,50,4,700,35000
6 JUN 2001,50,50,50,50,1,400,20000
1 JUN 2001,50,50,50,50,3,300,15000
31 MAY 2001,50,50,50,50,4,23000,1150000
30 MAY 2001,50,50.25,50,50.25,5,8700,435050
29 MAY 2001,50,50,50,50,2,500,25000
28 MAY 2001,50,50,50,50,1,100,5000
24 MAY 2001,50,50,50,50,2,200,10000
21 MAY 2001,49.5,50,49.5,50,5,1300,64400
18 MAY 2001,49.5,49.5,49.5,49.5,1,500,24750
16 MAY 2001,48.5,48.5,48.5,48.5,1,100,4850
15 MAY 2001,48.5,48.5,48.5,48.5,2,700,33950
14 MAY 2001,48.25,48.25,48,48,2,300,14450
11 MAY 2001,48.25,48.25,48,48,5,800,38475
10 MAY 2001,48.25,48.25,48.25,48.25,1,800,38600
9 MAY 2001,48,48,48,48,1,100,4800
27 APR 2001,48,48,48,48,3,3600,172800
24 APR 2001,48,48,48,48,3,400,19200
23 APR 2001,48,48,48,48,3,2200,105600
6 APR 2001,47,47,47,47,1,100,4700
5 APR 2001,46.5,46.75,46.5,46.75,4,1000,46600
3 APR 2001,46.5,46.5,46.5,46.5,1,300,13950
2 APR 2001,46.5,46.5,46.5,46.5,2,400,18600
30 MAR 2001,46.5,46.5,46.5,46.5,3,900,41850
29 MAR 2001,46.5,46.5,46.5,46.5,3,500,23250
28 MAR 2001,46.5,46.5,46.5,46.5,1,200,9300
27 MAR 2001,46.5,46.5,46.5,46.5,2,200,9300
23 MAR 2001,47,47,46.5,46.5,2,500,23350
22 MAR 2001,47,47,47,47,2,700,32900
21 MAR 2001,46.25,47,46.25,47,5,1100,51175
20 MAR 2001,46.25,46.25,46.25,46.25,2,400,18500
16 MAR 2001,46.25,46.25,46.25,46.25,1,100,4625
8 MAR 2001,50.5,50.5,50.5,50.5,1,100,5050
7 MAR 2001,50.5,50.5,50.5,50.5,1,200,10100
2 MAR 2001,51.5,51.5,51,51,4,700,35800
1 MAR 2001,51.5,51.5,51.5,51.5,2,200,10300
28 FEB 2001,51,51.5,51,51.5,4,800,41150
27 FEB 2001,52,52,51.5,51.5,3,1200,61900
26 FEB 2001,51,51,51,51,3,600,30600
23 FEB 2001,51.25,51.25,51,51,8,1400,71600
22 FEB 2001,52,52,51,51.25,7,2600,134125
21 FEB 2001,50,52,50,52,2,300,15200
20 FEB 2001,50,50,50,50,6,10200,510000
19 FEB 2001,50.25,50.25,50,50,2,200,10025
16 FEB 2001,50.5,50.5,50.5,50.5,4,1600,80800
15 FEB 2001,50.25,50.5,50.25,50.5,3,2600,130700
14 FEB 2001,50.25,50.25,50,50,2,1000,50175
13 FEB 2001,50.25,50.25,50,50,3,1100,55100
9 FEB 2001,48.5,50,48.5,50,7,3400,168950
8 FEB 2001,48.5,48.5,48.5,48.5,2,300,14550
2 FEB 2001,48,48,48,48,1,400,19200
1 FEB 2001,47,47.5,47,47.5,2,600,28450
24 JAN 2001,46.25,46.25,46.25,46.25,1,300,13875
23 JAN 2001,46.25,46.25,46.25,46.25,2,1000,46250
22 JAN 2001,46.25,46.25,46.25,46.25,2,1200,55500
18 JAN 2001,46.5,46.5,46.25,46.25,3,1400,64825
17 JAN 2001,46.5,46.5,46.5,46.5,2,200,9300
11 JAN 2001,46.25,46.25,46.25,46.25,1,200,9250
10 JAN 2001,46.25,46.25,46.25,46.25,2,500,23125
5 JAN 2001,46,46,46,46,1,400,18400
22 DEC 2000,46,46,46,46,3,2100,96600
21 DEC 2000,46,46,46,46,2,1300,59800
19 DEC 2000,46,46,46,46,3,1100,50600
15 DEC 2000,46.25,46.25,46,46,2,300,13825
14 DEC 2000,46.25,46.25,46.25,46.25,3,700,32375
7 DEC 2000,46,46,46,46,4,5800,266800
6 DEC 2000,46.5,46.5,46,46,6,3000,138375
4 DEC 2000,46.25,46.25,46.25,46.25,1,100,4625
29 NOV 2000,47.25,47.25,46,46,3,500,23125
27 NOV 2000,48,48,48,48,2,400,19200
24 NOV 2000,48,48,48,48,1,100,4800
22 NOV 2000,50,50,50,50,4,1600,80000
20 NOV 2000,55,55,55,55,7,2000,110000
15 NOV 2000,56,56,56,56,2,600,33600
14 NOV 2000,56,56,56,56,1,400,22400
13 NOV 2000,56,56,56,56,1,300,16800
8 NOV 2000,55.5,55.5,55.5,55.5,3,900,49950
6 NOV 2000,55.5,55.5,55.5,55.5,1,500,27750
3 NOV 2000,55,55,55,55,2,600,33000
2 NOV 2000,55,55,55,55,1,1000,55000
23 OCT 2000,60,60,60,60,3,500,30000
20 OCT 2000,60,60,60,60,2,700,42000
17 OCT 2000,60,60,60,60,4,1000,60000
16 OCT 2000,58,60,58,60,3,1200,71800
9 OCT 2000,60,60,60,60,2,600,36000
6 OCT 2000,60,60,60,60,1,100,6000
5 OCT 2000,60,60,60,60,7,4200,252000
3 OCT 2000,58.25,58.25,58.25,58.25,1,600,34950
2 OCT 2000,58,58,58,58,2,800,46400
29 SEP 2000,57.25,58,57.25,58,3,500,28700
28 SEP 2000,57,57,57,57,1,100,5700
27 SEP 2000,57.25,57.25,57.25,57.25,1,400,22900
26 SEP 2000,58.5,58.5,58.5,58.5,2,500,29250
25 SEP 2000,58.5,58.5,58,58,7,1100,63850
22 SEP 2000,58,58,58,58,1,800,46400
18 SEP 2000,58,58,58,58,1,400,23200
15 SEP 2000,57.75,57.75,57.5,57.5,2,300,17300
12 SEP 2000,57.5,57.75,57.5,57.75,4,700,40300
11 SEP 2000,57.5,57.5,57.5,57.5,2,300,17250
8 SEP 2000,57.25,57.25,57.25,57.25,3,1300,74425
7 SEP 2000,57,57.25,57,57.25,3,300,17125
6 SEP 2000,57.25,57.25,57.25,57.25,1,300,17175
5 SEP 2000,57.25,57.25,57.25,57.25,2,500,28625
4 SEP 2000,57,57.25,57,57,11,3800,217225
1 SEP 2000,57,57,57,57,4,700,39900
31 AUG 2000,57,57,57,57,2,400,22800
30 AUG 2000,57,57.25,57,57.25,6,1300,74325
29 AUG 2000,60,60,60,60,4,1400,84000
28 AUG 2000,60,60,60,60,4,3200,192000
25 AUG 2000,56.5,60,56.5,60,6,6400,382600
24 AUG 2000,57,57,57,57,3,1300,74100
16 AUG 2000,57,57,57,57,1,400,22800
15 AUG 2000,58,58,57,57,2,300,17200
11 AUG 2000,57,57,57,57,1,100,5700
10 AUG 2000,57,57,57,57,3,1300,74100
9 AUG 2000,56,56,56,56,2,300,16800
8 AUG 2000,56,56,56,56,2,200,11200
7 AUG 2000,56,56,56,56,1,100,5600
4 AUG 2000,56,56,56,56,1,200,11200
2 AUG 2000,56.25,58.25,56.25,58.25,5,2000,115425
31 JUL 2000,56.25,56.25,56.25,56.25,6,207600,11677500
28 JUL 2000,56,56,56,56,1,100,5600
27 JUL 2000,56.5,56.5,56.5,56.5,2,400,22600
26 JUL 2000,56,56,56,56,2,600,33600
21 JUL 2000,56,56,56,56,1,200,11200
20 JUL 2000,55.25,55.25,55.25,55.25,2,1700,93925
19 JUL 2000,55.5,55.5,55.5,55.5,1,300,16650
18 JUL 2000,56,56,55.5,55.5,2,400,22250
17 JUL 2000,56,56,56,56,1,200,11200
14 JUL 2000,55.5,55.5,55.25,55.25,2,500,27700
12 JUL 2000,56,56,55.25,55.25,3,1200,66825
11 JUL 2000,55.25,56,55.25,56,10,11000,607975
7 JUL 2000,55.5,55.5,55,55,2,300,16550
5 JUL 2000,55.25,55.25,55.25,55.25,3,2500,138125
4 JUL 2000,55.5,55.5,55.25,55.25,3,900,49775
3 JUL 2000,55,56,55,55,4,2900,159700
30 JUN 2000,55,56,55,56,2,1600,89500
29 JUN 2000,54,55,54,55,5,1100,60400
28 JUN 2000,55,55,55,55,4,600,33000
26 JUN 2000,55,55,55,55,5,2400,132000
23 JUN 2000,50.5,50.5,50.5,50.5,3,600,30300
22 JUN 2000,50,50,50,50,1,500,25000
21 JUN 2000,46.75,46.75,46.75,46.75,1,200,9350
19 JUN 2000,46,46,46,46,1,400,18400
14 JUN 2000,46,46,46,46,1,100,4600
13 JUN 2000,47.5,47.5,46,46,5,500,23250
9 JUN 2000,46,46,46,46,1,300,13800
8 JUN 2000,46,46,46,46,2,300,13800
7 JUN 2000,46,46,46,46,2,200,9200
6 JUN 2000,45.75,46,45.75,46,2,1600,73375
5 JUN 2000,46,46,46,46,2,500,23000
1 JUN 2000,45,45,45,45,3,1000,45000
31 MAY 2000,46,46,46,46,1,500,23000
30 MAY 2000,45,45,45,45,1,100,4500
29 MAY 2000,44,44,44,44,1,200,8800
25 MAY 2000,42.75,42.75,42.75,42.75,1,100,4275
23 MAY 2000,42,42.25,42,42.25,4,600,25225
15 MAY 2000,42,42,42,42,1,700,29400
12 MAY 2000,42,42,42,42,2,1200,50400
10 MAY 2000,41.25,41.25,41.25,41.25,1,100,4125
9 MAY 2000,45,45,45,45,2,300,13500
8 MAY 2000,45,45,45,45,1,500,22500
5 MAY 2000,46,46,46,46,1,100,4600
3 MAY 2000,46,46,46,46,2,200,9200
2 MAY 2000,46,46,46,46,1,200,9200
26 APR 2000,46,46,46,46,4,19600,901600
24 APR 2000,47,47,47,47,2,300,14100
20 APR 2000,47,47,47,47,1,300,14100
17 APR 2000,46.5,46.75,46.5,46.75,3,2800,130400
11 APR 2000,46.5,46.5,46.5,46.5,4,1500,69750
10 APR 2000,46.5,46.5,46.5,46.5,5,800,37200
6 APR 2000,46.5,46.5,46.5,46.5,1,500,23250
5 APR 2000,49,49,49,49,5,1200,58800
3 APR 2000,49,49,49,49,4,900,44100
31 MAR 2000,49,49,49,49,1,100,4900
27 MAR 2000,50,50,50,50,2,4000,200000
24 MAR 2000,50,50,49,49,7,1800,89900
23 MAR 2000,50,50,50,50,1,100,5000
22 MAR 2000,52,52,52,52,1,1000,52000
21 MAR 2000,52,52,52,52,6,2000,104000
15 MAR 2000,54,54,54,54,1,200,10800
14 MAR 2000,50,50,50,50,4,1100,55000
13 MAR 2000,50,50,50,50,5,4000,200000
7 MAR 2000,54,54,52,52,3,800,42600
1 MAR 2000,55,56,55,55,4,12500,695500
29 FEB 2000,55,55,55,55,3,700,38500
28 FEB 2000,56.25,56.25,56.25,56.25,3,1300,73125
25 FEB 2000,57,57,56.5,56.5,7,1900,108200
24 FEB 2000,57,57,57,57,2,1000,57000
22 FEB 2000,57.5,57.5,57.5,57.5,7,1300,74750
21 FEB 2000,57.25,57.25,57,57,5,2100,119950
18 FEB 2000,57.25,57.25,57.25,57.25,2,200,11450
15 FEB 2000,57.5,57.5,57.5,57.5,1,200,11500
14 FEB 2000,57.5,57.75,57.5,57.75,2,500,28800
10 FEB 2000,58,58,58,58,1,3600,208800
9 FEB 2000,58,58,58,58,2,300,17400
8 FEB 2000,57.5,58,57.5,58,4,900,51800
3 FEB 2000,58,58,58,58,1,500,29000
2 FEB 2000,60,60,59.75,60,3,15500,929975
31 JAN 2000,58,58.25,58,58.25,2,2100,122050
28 JAN 2000,58,58,58,58,1,200,11600
27 JAN 2000,58,58,58,58,1,600,34800
25 JAN 2000,58,58,58,58,1,100,5800
24 JAN 2000,57.75,57.75,57.75,57.75,2,200,11550
18 JAN 2000,57.5,57.5,57.5,57.5,4,1700,97750
14 JAN 2000,58,58,57.5,57.5,3,4700,272500
12 JAN 2000,57.5,58,57.5,58,3,1500,86650
10 JAN 2000,58,58,58,58,2,1100,63800
6 JAN 2000,60,61,60,61,11,30300,1846100
4 JAN 2000,60,60,60,60,1,200,12000