Date,Open,High (Rs.),Low (Rs.),Close (Rs.),Trade Volume,Share Volume,Turnover (Rs.)
8 MAY 2026,90.9,91,89.1,90.9,35,5991,541054.7
7 MAY 2026,90.4,91.5,90.4,90.9,44,4719,428801
6 MAY 2026,89,91,89,90.4,21,1275,115207.5
5 MAY 2026,89.4,91.5,89,91,33,4645,418306.8
4 MAY 2026,88.3,89.9,88,89.6,45,6366,569321.8
30 APR 2026,89.9,89.9,88,88.3,56,6922,613516.1
29 APR 2026,88.5,90,88.5,89,64,16718,1484969.7
28 APR 2026,90.9,90.9,89.9,90,32,1027,92533.2
27 APR 2026,91,91,89.5,90,42,28457,2560913.6
24 APR 2026,89.5,91,89.4,89.8,22,11411,1026515
23 APR 2026,90.5,91,89.9,90,56,30997,2791894
22 APR 2026,90,90.9,89.8,89.8,37,3462,311859.5
21 APR 2026,90.9,90.9,89.3,90,20,1010,90588.2
20 APR 2026,90,90.1,89.5,89.6,44,31162,2803494.4
17 APR 2026,90,90,89.7,89.8,47,13678,1229515.4
16 APR 2026,90,90,89.8,90,34,4504,405240.5
15 APR 2026,89.9,90,89.8,89.9,22,8072,726305
10 APR 2026,89,90,86,87.6,59,9983,885267.6
9 APR 2026,91,91,88,90.1,31,1543,138974.2
8 APR 2026,86,92,85.9,89,56,5470,490903.7
7 APR 2026,83.1,86,83.1,85,23,5653,479935.5
6 APR 2026,83.4,84,83,83.2,41,15044,1252228.9
2 APR 2026,83,83.5,82.9,83.3,22,1345,111921.9
31 MAR 2026,84,84,80.1,80.6,22,7823,633722.5
30 MAR 2026,85,85,80,80.9,133,21619,1740124.8
27 MAR 2026,82.1,85,82,82.1,47,13056,1072719.8
26 MAR 2026,86.4,86.4,82,82.1,52,66220,5436513.7
25 MAR 2026,83,86.4,82,82.2,105,161252,13288944.4
24 MAR 2026,83.9,84,81.1,83,50,20748,1729690.3
23 MAR 2026,82,82.5,80,80.1,78,65161,5222813.7
20 MAR 2026,82,83,80,82.8,47,25134,2029283.7
19 MAR 2026,83,85.4,80,81.2,66,23835,1914693.5
18 MAR 2026,83,86.3,80,83,116,33670,2730126.9
17 MAR 2026,86.7,88.4,80,82,145,29518,2453129.5
16 MAR 2026,86,87,80,86.5,141,24539,2054737
13 MAR 2026,89,89,85.5,86.2,60,6407,553169.3
12 MAR 2026,88,89.5,85.5,88.3,42,6278,547530.7
11 MAR 2026,89,90,87.4,87.6,46,7047,622956.1
10 MAR 2026,87,90,87,87.9,31,4307,378292.3
9 MAR 2026,87.6,87.6,85.5,87,75,14849,1282636.9
6 MAR 2026,87.8,87.8,87,87.1,60,10360,902285.9
5 MAR 2026,87.9,87.9,87,87,69,23943,2084406.7
4 MAR 2026,87,87.9,87,87.8,43,4474,392856.5
3 MAR 2026,88.2,88.2,85.2,87,112,27701,2409207.4
27 FEB 2026,89.5,90,89,89.2,44,5683,507739.9
26 FEB 2026,90,90,89,89.6,38,7687,688609.9
25 FEB 2026,90,90,89,89.8,31,9795,878331.1
24 FEB 2026,89.1,90,89,89.7,53,4475,399284.4
23 FEB 2026,90,90,89.5,89.9,28,2543,228053.5
20 FEB 2026,89.5,90,89.2,89.5,47,16975,1519190.3
19 FEB 2026,89.5,89.5,89.1,89.3,31,4433,396315.4
18 FEB 2026,89.5,89.5,88.9,89.1,41,5592,497863.8
17 FEB 2026,89.4,89.9,89,89.3,48,8660,774836.4
16 FEB 2026,88.1,89.9,88.1,89.1,43,5925,527856.2
13 FEB 2026,89,89.9,88,88.1,129,26425,2336606.4
12 FEB 2026,89.2,89.4,88.9,89.1,56,14553,1296624.4
11 FEB 2026,89.1,89.9,88.3,88.6,115,16054,1424782.6
10 FEB 2026,90,90,89.1,89.9,45,3832,344257.5
9 FEB 2026,89.9,90,89,89,62,25565,2289689.6
6 FEB 2026,88.9,89.8,88.7,88.9,59,24702,2194924
5 FEB 2026,89.8,89.8,88,88.9,152,48960,4344821.6
3 FEB 2026,90,90,89,89.8,108,18810,1678794.8
2 FEB 2026,90.1,90.3,89.9,89.9,51,24599,2215518.5
30 JAN 2026,90.2,90.2,90,90.1,48,6237,561807
29 JAN 2026,90,90.2,90,90.2,27,5556,500274.6
28 JAN 2026,90.9,90.9,89,90.2,84,114539,10199248.6
27 JAN 2026,90.5,90.9,90,90.6,38,1360,123109.3
26 JAN 2026,90.4,91,90,90.2,47,8946,810912.7
23 JAN 2026,91.3,91.5,90,90.3,27,4500,406656.3
22 JAN 2026,91.9,91.9,89.5,89.9,93,20786,1869122.8
21 JAN 2026,91,91.5,90,90.5,39,54373,4895030.6
20 JAN 2026,91.5,91.7,90.5,91,47,6659,608659.4
19 JAN 2026,91.8,91.8,89.3,90.7,92,20536,1848115.1
16 JAN 2026,91.5,91.9,91.5,91.8,39,3643,333803.8
14 JAN 2026,92.3,92.3,90,90.8,63,7141,648483.2
13 JAN 2026,92.7,92.7,91.8,92.3,50,6581,606474.9
12 JAN 2026,92.4,93,90,90.6,88,14196,1300040
9 JAN 2026,90,93.6,89,92.3,85,22253,2021657.1
8 JAN 2026,90,92,89,89.4,158,37095,3323648.4
6 JAN 2026,90,90,89.8,90,63,19963,1796330.9
5 JAN 2026,90,90,89.2,90,88,33039,2964666.6
2 JAN 2026,90,90,89,90,68,34600,3096095.2
31 DEC 2025,90,90,89,89.6,53,9595,858684.9
30 DEC 2025,89.8,90,89,89.1,43,4060,363685.6
29 DEC 2025,90,90,89,89.6,52,6270,561282
26 DEC 2025,89.8,90,89,89.1,44,4408,394527.6
24 DEC 2025,89.8,89.8,88.3,88.8,87,10825,962016.2
23 DEC 2025,89.9,89.9,89.1,89.3,49,22348,2001939
22 DEC 2025,90,90.9,89.5,89.8,51,3850,346119.6
19 DEC 2025,90.5,90.5,89.9,90,20,1871,168385.5
18 DEC 2025,91,91,89,90.2,67,6282,566465.4
17 DEC 2025,91.5,91.5,89.9,90.4,31,12220,1100210.4
16 DEC 2025,89.1,90.9,89,90.2,57,14109,1266037.2
15 DEC 2025,90,91,89,90,72,16048,1441471.8
12 DEC 2025,90,90,89.8,89.9,62,31500,2834806.9
11 DEC 2025,90.9,91.5,89.1,89.9,61,2688,241737
10 DEC 2025,90,90,89,89.2,90,36675,3277443.3
9 DEC 2025,90,90,89,89.6,56,5702,510403.8
8 DEC 2025,89,90.1,88.6,89.9,45,3062,274770.1
5 DEC 2025,91.8,91.8,89,89.2,78,8296,744375.5
3 DEC 2025,90.9,90.9,89.3,89.7,63,14339,1288516
2 DEC 2025,89.9,91,89.4,90.6,58,4147,373968.5
1 DEC 2025,90,90,88,90,100,25221,2254474.8
28 NOV 2025,90.7,91.9,90,91.2,42,11482,1036814.8
27 NOV 2025,91.9,91.9,90.1,91.7,48,11705,1064821.9
26 NOV 2025,91,93.7,91,91.8,42,5666,518834.2
25 NOV 2025,91.4,91.5,89.5,91,64,5706,513997.2
24 NOV 2025,91.4,91.4,89,90.7,108,20870,1884471.7
21 NOV 2025,91.3,91.4,90.2,91.3,70,13405,1213349.3
20 NOV 2025,91.5,91.5,90.5,91.3,31,54752,5001667.3
19 NOV 2025,91.5,91.5,90,91.2,129,15384,1394809.5
18 NOV 2025,92,92.5,90.6,91.4,53,4073,372004
17 NOV 2025,92.9,92.9,90.8,91.1,118,14668,1343850
14 NOV 2025,92.5,92.8,91,92.8,80,32796,3017993.6
13 NOV 2025,91.8,93,91.8,92.1,50,4459,411109.3
12 NOV 2025,93.8,93.8,91.9,92.6,133,24524,2262624.4
11 NOV 2025,93.7,94,93.3,93.5,59,8086,756885.9
10 NOV 2025,94,94,92.8,93.6,46,14336,1344275.9
7 NOV 2025,94,94,92.8,93.7,106,44059,4117681.6
6 NOV 2025,93.9,94,93.2,94,54,7648,717170.3
4 NOV 2025,93.5,94.2,93.1,93.7,28,5762,541436.7
3 NOV 2025,92.9,95,92,93.1,67,13383,1260455
31 OCT 2025,92.9,93,91.5,92,79,14642,1343255
30 OCT 2025,93,93,91.5,91.8,124,18179,1666552
29 OCT 2025,93.1,93.3,91.6,91.8,90,36437,3361858.3
28 OCT 2025,92.5,93,90.7,90.7,171,48348,4399694.6
27 OCT 2025,93.9,93.9,90.6,92,155,31174,2846462
24 OCT 2025,94,94,92.1,92.8,126,77452,7191545.2
23 OCT 2025,92.5,94,92.5,92.9,67,128823,11961988.1
22 OCT 2025,94,94.5,92.4,92.5,212,62313,5779020.1
21 OCT 2025,94.5,94.5,93.1,93.3,91,20737,1940641.6
17 OCT 2025,93.5,94.7,93,93.2,101,15113,1410579.9
16 OCT 2025,94.5,94.9,93.1,93.5,78,21044,1967879
15 OCT 2025,94.2,94.9,93,93.2,128,27487,2567039.5
14 OCT 2025,94.1,94.1,93.5,93.9,81,19033,1788482.4
13 OCT 2025,93.3,94.9,93.3,94.5,88,32089,3022853.3
10 OCT 2025,93.1,94,93,93.3,98,29594,2755333.5
9 OCT 2025,94,94,93.5,93.6,104,22676,2124891.2
8 OCT 2025,94,95,93.9,94,97,25858,2433906.3
7 OCT 2025,94.5,97,94,94.3,137,65024,6184764.7
3 OCT 2025,95.8,97.5,93.8,94.2,194,62135,5869203.8
2 OCT 2025,95,97,94.8,94.8,135,66423,6312330.3
1 OCT 2025,95,96.9,94.5,94.9,108,81603,7756652.9
30 SEP 2025,95,95.1,94.4,94.4,63,29143,2765943
29 SEP 2025,95,95,94,94.1,76,12876,1215591.7
26 SEP 2025,94.4,95,93.8,94,135,71088,6684179.3
25 SEP 2025,95,95,94.4,94.5,67,39884,3772823.8
24 SEP 2025,94.2,95,94,94.5,68,19139,1806142.5
23 SEP 2025,95,96,94.2,94.5,67,9437,892291
22 SEP 2025,94.5,96.9,94.4,94.5,72,26648,2536133.8
19 SEP 2025,94,97.5,93.9,94,62,22575,2124453.7
18 SEP 2025,93.1,94.4,93,93.2,111,24611,2296281.3
17 SEP 2025,93,94.5,93,94.1,88,19723,1841044.8
16 SEP 2025,93.3,94.4,93,93.7,93,8411,789215.4
15 SEP 2025,95,95,93.2,93.5,72,7675,718880.3
12 SEP 2025,94.1,95,92.9,94.5,70,14848,1395627
11 SEP 2025,93.5,94,93.1,93.8,89,15829,1484163.4
10 SEP 2025,93.5,94,92,92.7,234,50976,4752907.6
9 SEP 2025,95.9,95.9,93.4,93.9,200,38810,3660219.2
8 SEP 2025,96,96,95,95.5,83,13132,1252000.5
4 SEP 2025,96,96,94.9,95.1,210,74833,7116416.2
3 SEP 2025,96.4,97.5,95.5,95.8,128,13681,1313705
2 SEP 2025,97.9,98,95,96.1,234,61171,5923874
1 SEP 2025,98,98,97,97.9,215,38014,3711679.7
29 AUG 2025,97.5,99,97.5,98,157,76619,7519306.4
28 AUG 2025,98.1,99,97.5,97.5,175,101073,9926968.7
27 AUG 2025,99,99,98,98.1,129,65957,6491136.9
26 AUG 2025,98,99.5,96,99,200,56960,5575846.7
25 AUG 2025,101.25,101.25,98,99.8,330,168165,16797623.4
22 AUG 2025,105,106,104,104.75,263,157543,16527297.75
21 AUG 2025,105,105,104,105,247,76839,8057653.5
20 AUG 2025,104.5,105,104,104.75,166,102131,10668123
19 AUG 2025,105,105,103.75,104,174,113624,11837708.5
18 AUG 2025,106.75,106.75,104,104.75,288,176618,18592363
15 AUG 2025,106,107.5,104.75,105,384,211139,22422916
14 AUG 2025,109,109,100,105.5,818,431258,44648245.5
13 AUG 2025,110,110.5,107.25,109.75,234,318880,34901517
12 AUG 2025,105,109,105,107.25,253,373687,39742588.25
11 AUG 2025,101.25,106,101.25,105.25,226,223133,23230193.75
7 AUG 2025,100.5,102,100.25,101,113,21363,2158715.75
6 AUG 2025,101.5,102,101,101.25,120,21832,2218927.5
5 AUG 2025,102.5,102.5,100.75,101.25,116,27471,2793557.5
4 AUG 2025,100.5,102.5,100.5,102,189,203491,20670741
1 AUG 2025,103.5,103.75,100,100.5,243,130124,13121284.5
31 JUL 2025,104.5,104.5,102,103.25,211,77958,8043256
30 JUL 2025,102,107.5,100,103.75,462,346956,36035641
29 JUL 2025,95,102,94,100,377,316623,31008300.1
28 JUL 2025,94.5,95.4,93.9,95,209,233330,22152824
25 JUL 2025,95.9,95.9,93.5,94.7,116,39899,3765678.4
24 JUL 2025,91.5,96,91,92.7,216,376765,34849065.8
23 JUL 2025,90.8,91.5,90,91,94,48903,4422094.7
22 JUL 2025,90.9,92,90.2,91.3,59,34447,3135490.6
21 JUL 2025,90,90.9,90,90.4,52,20739,1873851.4
18 JUL 2025,90,90.7,89.3,89.8,59,26776,2408626.7
17 JUL 2025,89.9,90,88.9,89.9,96,64513,5788413.5
16 JUL 2025,90.2,91,89.7,90,79,33567,3020482.2
15 JUL 2025,89.9,90.8,89.5,90.1,56,56504,5089530.8
14 JUL 2025,89.9,90.5,89,89.5,78,20985,1879558
11 JUL 2025,91.5,91.5,89.2,90,175,90069,8137652.8
9 JUL 2025,89.9,91.8,88.8,91,131,81695,7361021
8 JUL 2025,89,89.5,88.7,89.5,23,5301,471906.9
7 JUL 2025,89,90.9,89,90,20,8236,734206.3
4 JUL 2025,89,90,89,89.8,41,10624,947948.5
3 JUL 2025,90,91,89,90.9,53,77966,7016217.3
2 JUL 2025,91.5,91.5,88,90,38,16199,1460517.2
1 JUL 2025,90,91.9,90,91,141,214504,19456924.1
30 JUN 2025,86.5,91.6,86.2,89.4,149,1131991,101693993.7
27 JUN 2025,86,86.7,86,86.2,27,73054,6309125.8
26 JUN 2025,86,86.5,85.6,86.3,27,29245,2515436.6
25 JUN 2025,85.4,86.7,85.4,85.7,23,2578,221447.7
24 JUN 2025,86,86.8,85,85.4,41,21079,1802663.5
23 JUN 2025,84.5,85,83.5,84.5,35,7829,661245.6
20 JUN 2025,85.5,85.9,83.5,84,10,680,57129.6
19 JUN 2025,84.5,85.9,83.3,84,56,19900,1673561.2
18 JUN 2025,86.9,86.9,84.9,85.1,36,38223,3282697.4
17 JUN 2025,85.7,87,84.6,85.1,49,16312,1396276.5
16 JUN 2025,85.2,86.6,84.5,85.7,73,30246,2583573.1
13 JUN 2025,86,87.5,86,86.3,49,75963,6536969.4
12 JUN 2025,87.5,87.5,86.5,86.5,44,29374,2543822.8
11 JUN 2025,88,88.2,86.5,87.2,33,20136,1754028.5
9 JUN 2025,87.5,88,86,86.9,53,32241,2790596.5
6 JUN 2025,84.5,89.8,84.5,87.6,139,99241,8652724
5 JUN 2025,85.5,85.5,84.1,84.3,94,35948,3045271.6
4 JUN 2025,85.3,85.9,84.1,84.7,60,105093,8961595.3
3 JUN 2025,85.6,85.9,85,85.1,48,16255,1382821.9
2 JUN 2025,85.1,86.5,84,85.1,51,19019,1619407.4
30 MAY 2025,88.3,88.3,85.4,85.5,66,43025,3729617.2
29 MAY 2025,87.8,88.9,86.1,88.3,191,64614,5694651.7
28 MAY 2025,83.9,87,83.7,85.7,80,41151,3516647.4
27 MAY 2025,83.2,84.2,83,83.9,34,24719,2059974.2
26 MAY 2025,82.5,83.2,82,83,50,29087,2411250.5
23 MAY 2025,83,83,82.1,82.5,34,7588,628213.9
22 MAY 2025,83,83,81.9,82.2,21,3105,255432.5
21 MAY 2025,81.5,82.7,81,82.7,21,32742,2699160.4
20 MAY 2025,83.5,84,81,82,37,11918,970637.9
19 MAY 2025,81.2,84.3,81,81.1,55,22098,1806642.8
16 MAY 2025,80.6,81.5,80.2,81,49,21384,1733571.5
15 MAY 2025,81.8,81.8,80.5,81,45,25658,2073238.6
14 MAY 2025,82.5,82.5,80.4,81.3,21,2373,192138.5
9 MAY 2025,80.9,82.5,80.5,80.9,32,20066,1622911.1
8 MAY 2025,82,82,81,81,7,632,51220.2
7 MAY 2025,81.5,82.5,81,81.1,13,3485,282935
6 MAY 2025,81.5,81.6,81.3,81.5,11,8250,671195
5 MAY 2025,82,82.5,81.1,81.4,20,7936,646468.1
2 MAY 2025,81.9,81.9,80.9,81,11,370,29991.8
30 APR 2025,80.4,81.5,80.4,80.4,13,2332,187517.7
29 APR 2025,81.8,81.9,80,80.5,24,4055,326570.3
28 APR 2025,82,82.5,80,81.9,26,5268,427018.1
25 APR 2025,81.5,81.8,80.1,81.5,21,1614,130070
24 APR 2025,80.5,80.5,80,80.1,14,4880,391659.7
23 APR 2025,81.5,81.5,80,80,27,8809,708105.7
22 APR 2025,80.5,81.5,79.8,81.5,22,1068,85855.7
21 APR 2025,81.5,81.5,80,80.9,61,6434,519623.1
17 APR 2025,81.5,81.5,81.1,81.1,9,4146,336247
16 APR 2025,82,82,81,81,12,830,67247.1
11 APR 2025,81.2,81.2,81,81,13,11916,967196
10 APR 2025,79.4,81.5,79.4,81,54,17177,1391482.1
9 APR 2025,78.9,79.4,77.5,78,33,4441,347250
8 APR 2025,76.7,78.5,76.7,78.4,54,44375,3462008.3
7 APR 2025,80.9,80.9,76.7,76.9,53,5121,396653.1
4 APR 2025,80.2,82,78.2,80.9,36,2929,231254.5
3 APR 2025,80.5,82,80.5,80.5,9,1326,107683.5
2 APR 2025,81.5,82.4,81.5,82.1,14,2260,185548.4
1 APR 2025,80.6,81.5,80.1,81.1,18,7939,643040.7
28 MAR 2025,82.1,82.1,80,80.9,27,15280,1224155.2
27 MAR 2025,81,82.1,81,82.1,9,3283,267592.5
26 MAR 2025,81.5,81.5,80.5,80.5,11,913,73505.1
25 MAR 2025,82.5,82.5,80.5,81.2,10,598,48557.5
24 MAR 2025,80,84.9,80,81.3,27,3111,252295.7
21 MAR 2025,79,80,79,79.5,26,20868,1651772.9
20 MAR 2025,78.9,79.5,78.8,78.9,6,1358,107150
19 MAR 2025,79,79,78,78.2,28,7585,592435
18 MAR 2025,78,79.4,77.7,78.1,32,20489,1599551.6
17 MAR 2025,79.9,79.9,77.6,78.1,50,6293,493041.5
14 MAR 2025,77.9,81,77.9,79.8,8,1390,110073.7
12 MAR 2025,78.8,78.8,77.1,78,12,6102,476292.4
11 MAR 2025,79,79,77,77.4,55,14492,1128120.8
10 MAR 2025,79.1,79.4,78.1,78.4,68,15985,1261500.2
7 MAR 2025,79,79.9,79,79.4,32,20065,1589412.3
6 MAR 2025,80,80,79,79,36,27850,2208497.4
5 MAR 2025,78,79.9,78,79,62,78040,6146660.8
4 MAR 2025,79,79.8,78,78.7,86,33389,2619098.2
3 MAR 2025,81,81.2,79,79.7,66,25555,2040932.1
28 FEB 2025,80.9,81.4,80.1,80.2,44,26513,2148226.6
27 FEB 2025,81.4,81.4,80,80.2,44,17295,1384174.6
25 FEB 2025,81.1,82.1,79.8,80.1,80,23844,1909173.3
24 FEB 2025,82.1,82.5,81,81.9,26,995,81100
21 FEB 2025,82.1,84.8,82,82.1,28,22636,1858266.1
20 FEB 2025,83.8,85,82.1,82.2,31,31816,2699411.5
19 FEB 2025,82,83.8,81,81.3,88,19342,1578760.3
18 FEB 2025,83,83,82.1,82.5,27,5424,446974
17 FEB 2025,83.9,83.9,82.1,82.9,31,4331,359032.3
14 FEB 2025,83.5,83.5,81.9,83,24,5653,468191.7
13 FEB 2025,80,83.6,80,83,41,11695,968658.7
11 FEB 2025,81,83.3,80,80,112,73617,5895988.5
10 FEB 2025,83.1,83.1,81,81,77,30395,2471414.9
7 FEB 2025,84,84,83.1,83.1,20,3948,330308
6 FEB 2025,82.9,84,81,82.3,86,20084,1662040.8
5 FEB 2025,86,86,82.5,83.7,90,25519,2139034.9
3 FEB 2025,86,86,84.6,86,54,34986,2980592.4
31 JAN 2025,86,86,84.7,85.9,77,68418,5832686.1
30 JAN 2025,85.9,86.7,85.9,86,56,22169,1908949.4
29 JAN 2025,86.5,86.7,85.8,86.5,73,25486,2197962.1
28 JAN 2025,86.7,86.7,86.4,86.5,48,16691,1445676
27 JAN 2025,86.7,87,86.5,86.7,50,15654,1357918.7
24 JAN 2025,87.1,87.6,86.6,87,29,9482,824289.2
23 JAN 2025,87.5,88,86.8,88,43,31275,2741948.3
22 JAN 2025,88.9,88.9,86.8,88,81,34708,3038342.4
21 JAN 2025,87.3,88.9,87,88,91,129217,11350045.1
20 JAN 2025,87.2,88,87.2,87.4,39,11584,1014838
17 JAN 2025,87.3,87.3,87,87.2,31,9220,803683.7
16 JAN 2025,87.5,87.9,87,87.5,51,22316,1945978.7
15 JAN 2025,86.6,89,86.6,88.1,60,31136,2733093.3
10 JAN 2025,87,87.5,86.5,87,44,19221,1672590.4
9 JAN 2025,89,89,86,87.8,44,35319,3086154.7
8 JAN 2025,86,89.5,86,88.6,69,27045,2364977.5
7 JAN 2025,84.2,88,83.6,86.3,88,42930,3706306
6 JAN 2025,91,91,84,86.8,154,105236,9158033.6
3 JAN 2025,90.8,94,87.3,89.7,271,280741,25971380.1
2 JAN 2025,86,92.5,86,90.8,451,458638,41261994.4
31 DEC 2024,83.1,84,82.3,83.5,78,47414,3946718.6
30 DEC 2024,82,83.5,82,82.6,80,41807,3462278.2
27 DEC 2024,82.9,83,82,82.1,106,50549,4169714
26 DEC 2024,82,82.5,81.8,82.4,57,45975,3786044.2
24 DEC 2024,82.2,82.2,81.5,81.7,48,34521,2820996.7
23 DEC 2024,82.3,83,81.1,82.4,80,52426,4318722.8
20 DEC 2024,82,83.9,82,82.9,39,18512,1534790.2
19 DEC 2024,80.1,82,80,82,59,38860,3133887.2
18 DEC 2024,80,81.5,79.8,80.9,63,44761,3587604.6
17 DEC 2024,81,81,79.3,80,47,66544,5323451.6
16 DEC 2024,81,81.4,79.8,80.1,65,38387,3074297.1
13 DEC 2024,80.5,81.5,80.5,80.8,48,15117,1219924.8
12 DEC 2024,81,81,80.5,80.8,63,13258,1070894.9
11 DEC 2024,81,81.9,81,81.3,44,18780,1528117.6
10 DEC 2024,84,84,80,81.5,77,63636,5195009.6
9 DEC 2024,81.5,83.5,81.2,81.3,145,141460,11631847
6 DEC 2024,80.3,82.9,80.3,81.5,126,62883,5114227.5
5 DEC 2024,77.2,81.5,77.2,80.1,188,467144,37092801
4 DEC 2024,76.5,78.1,76.5,78,55,36804,2848918.4
3 DEC 2024,77.5,77.5,75.4,76.5,18,7524,571695.8
2 DEC 2024,75,77.8,74.8,75.5,36,32873,2480378.6
29 NOV 2024,75.3,76.4,74.5,75.5,47,105073,7896182.2
28 NOV 2024,74,75.3,73.9,75,36,43345,3243121.3
27 NOV 2024,74.4,74.4,73.9,74,32,16571,1227634.3
26 NOV 2024,74,74.4,74,74.3,26,5343,396025.9
25 NOV 2024,75,75,74.2,74.2,20,3577,265798.3
22 NOV 2024,74.2,75,74.2,74.9,13,3350,250842
21 NOV 2024,75.1,75.1,74,74.1,36,12212,905604.9
20 NOV 2024,74.9,75.1,74.1,75.1,35,30973,2317966.6
19 NOV 2024,75.7,75.7,74.7,74.9,14,1430,107082.1
18 NOV 2024,75,75,74.5,75,32,18890,1414548.5
14 NOV 2024,74.7,74.7,74.2,74.5,34,9139,678962.3
13 NOV 2024,75,75,74.6,74.6,20,4316,322171.6
12 NOV 2024,74.9,75,74.5,74.9,20,6020,451157
11 NOV 2024,74.5,75,74.5,74.9,48,25883,1940212
8 NOV 2024,74.1,75,74.1,74.5,9,6695,498707.5
7 NOV 2024,74.4,75,74,74.5,24,5918,440445.4
6 NOV 2024,75,75,74.2,74.7,13,1549,115554.5
5 NOV 2024,75.5,78.8,75,75,46,18239,1375637.8
4 NOV 2024,75,78.9,74,76.4,117,417336,31307117.7
1 NOV 2024,74.5,75,74,74.2,43,71345,5328903
30 OCT 2024,74.3,75.3,74,74.2,27,18545,1387273
29 OCT 2024,74,75,73.9,74.3,52,67551,5030649
28 OCT 2024,74.9,75,73.8,74,28,20287,1502680.5
25 OCT 2024,75.4,75.4,73.5,74,22,4003,296454.9
24 OCT 2024,74.9,75,74,74.7,26,41939,3137151
23 OCT 2024,74.9,75,73.4,74.8,37,20775,1548343
22 OCT 2024,73.7,74,73.5,74,27,29670,2181406.9
21 OCT 2024,74,74,73.9,74,18,12081,893857
18 OCT 2024,74.4,74.5,74,74.1,29,34263,2547244.4
16 OCT 2024,73.6,74.7,73.5,74.4,6,835,61680
15 OCT 2024,73.5,74.6,73.4,73.5,11,1202,88320
14 OCT 2024,74.4,74.7,73.3,73.6,20,6921,513945.6
11 OCT 2024,74.7,74.7,74.4,74.4,5,775,57669.9
10 OCT 2024,73.2,74.5,73.1,73.3,26,5936,436089.9
9 OCT 2024,73.3,74,73.2,73.5,13,8028,589634.5
8 OCT 2024,74.1,74.1,73.1,73.3,25,4744,347869.3
7 OCT 2024,73.7,74.1,73.2,73.3,22,4927,361244.6
4 OCT 2024,74,74,73.5,73.6,20,9858,727212
3 OCT 2024,74,74,73.1,74,12,508,37421.2
2 OCT 2024,74.1,74.1,73.5,74,22,10736,792351.1
1 OCT 2024,73.5,74.2,73.1,74.2,20,4366,322923.2
30 SEP 2024,74.5,75,73.5,73.5,43,20269,1503233.4
27 SEP 2024,73,74.8,72.5,74.5,21,17728,1301802.1
26 SEP 2024,74,74,72.8,73,42,24415,1788344.7
25 SEP 2024,72.1,74.9,72.1,72.5,79,77675,5665834.5
24 SEP 2024,73,73.5,71.9,72,46,46339,3338966.7
23 SEP 2024,72.9,72.9,71.5,71.9,25,9249,665281.8
20 SEP 2024,72,73,72,72.9,21,6561,477078
19 SEP 2024,72.4,72.4,71.6,71.8,49,10343,744074.8
18 SEP 2024,73,73,71.6,72.4,15,18428,1344901
13 SEP 2024,72,73.4,71.5,72.7,36,34502,2509153.2
12 SEP 2024,71.1,72.1,71,72,38,30035,2150644.3
11 SEP 2024,71.5,71.5,71,71,25,17794,1263580.6
10 SEP 2024,71.6,71.6,71.6,71.1,1,2,143.2
9 SEP 2024,71.5,71.9,71,71.1,24,862,61429.1
6 SEP 2024,72,72,71,72,14,31057,2206104
5 SEP 2024,71.1,72,71.1,71.1,16,2405,172436.4
4 SEP 2024,72.5,72.5,71,71.3,27,6933,493745.9
3 SEP 2024,72,72,70.5,71,29,45618,3228409
2 SEP 2024,71.6,72.5,71,71,54,53364,3809915.4
30 AUG 2024,73.5,73.5,71.5,71.5,8,7612,544453
29 AUG 2024,71.2,72.4,71.1,71.2,33,19825,1411753.4
28 AUG 2024,72.1,72.9,71.2,71.5,50,71969,5172500.6
27 AUG 2024,75.5,75.5,71.8,72,169,71068,5136659.3
26 AUG 2024,80.3,80.5,78.6,79.1,87,44716,3543167.1
23 AUG 2024,79,81.5,78.9,79.9,214,718687,57445017.5
22 AUG 2024,78,79.6,78,79.2,56,809084,63156141.7
21 AUG 2024,78.9,78.9,77.9,78.2,94,54977,4295423.9
20 AUG 2024,79,79,77.9,78,161,43641,3408446
16 AUG 2024,77.1,79,77,78,276,276966,21602150.1
15 AUG 2024,76,77.2,76,76,14,17603,1343980.2
14 AUG 2024,76,76,75.6,75.7,15,4813,364322.5
13 AUG 2024,75.5,77.4,75,77.2,13,1893,142915.8
12 AUG 2024,74.6,75.1,74.5,75,20,508890,38169721.4
9 AUG 2024,75.9,77.7,74.2,75,11,1169,88179.5
8 AUG 2024,75,75.9,74.6,75,14,3013,225534.1
7 AUG 2024,75,75.9,74.6,75,14,1888,141387.7
6 AUG 2024,75,75,74,75,15,5006,372449.3
5 AUG 2024,74.6,76,74.5,74.5,8,291,21705.5
2 AUG 2024,75,76,75,75.1,14,4326,324512
1 AUG 2024,75,76.3,75,75,10,4944,370825.9
31 JUL 2024,76.9,76.9,74.5,75,17,6039,452920.5
30 JUL 2024,75,77.9,74.9,75.2,21,3532,265217.8
29 JUL 2024,78,78,75,75.1,28,5648,424268.8
26 JUL 2024,77.4,77.9,75.1,75.8,12,1407,106875.6
25 JUL 2024,75.1,77,75.1,76.1,18,1719,129891.3
24 JUL 2024,75.1,76,75.1,75.1,9,905,68060
23 JUL 2024,75.7,75.7,74.1,75,35,4543,340118.6
22 JUL 2024,75.2,78,75,75.1,22,4362,327415
19 JUL 2024,77.9,78.2,76,76,22,22168,1728512.6
18 JUL 2024,78.5,78.5,76.2,78.2,6,157,12276.5
17 JUL 2024,77,78.5,76.9,77.2,10,1342,103395.4
16 JUL 2024,77,79,77,78.7,13,7003,550852.4
15 JUL 2024,75,77,75,77,15,8483,650891.8
12 JUL 2024,75.5,76.2,75.5,76,6,1526,115872.5
11 JUL 2024,76,76,74.4,75.7,18,1835,138960.9
10 JUL 2024,75.6,76,75,75.9,21,45851,3456419.4
9 JUL 2024,76,76,75,76,24,11413,857462.3
8 JUL 2024,75.5,76,75.2,75.3,28,10051,758436.5
5 JUL 2024,76.5,76.5,74.1,75.5,38,36442,2736670.8
4 JUL 2024,76.5,76.8,75,75.2,48,9329,706085.6
3 JUL 2024,77.9,77.9,76.9,76.9,25,36406,2800277
2 JUL 2024,77.5,77.9,77,77.5,20,4657,359797.7
1 JUL 2024,77.9,77.9,77.4,77.4,13,1116,86385.4
28 JUN 2024,77.7,78,77.4,78,30,12391,963771.4
27 JUN 2024,78,78,77.6,77.7,24,7257,565178.7
26 JUN 2024,77.9,78,77.4,78,24,76072,5933333.6
25 JUN 2024,78,78,77.5,77.9,6,1098,85386
24 JUN 2024,78,78,77.1,77.9,15,3164,245774.3
20 JUN 2024,78,78.9,77,78,69,193152,15060279.4
19 JUN 2024,79,79,77.5,78,44,12766,996976.5
18 JUN 2024,79,79,77.7,79,17,5423,425065
14 JUN 2024,78.6,79,78.6,78.7,25,5814,457607.3
13 JUN 2024,78.6,78.7,78.6,78.7,12,1892,148772.5
12 JUN 2024,79,79.8,78.9,79,38,49747,3931644.9
11 JUN 2024,81.2,81.2,79.2,79.3,37,21749,1730467.1
11 JUN 2024,81.2,81.2,79.2,79.3,37,21749,1730467.1
10 JUN 2024,78,82.5,78,80.1,149,161334,12907958.7
7 JUN 2024,77,78.2,76.5,77.9,17,2235,172130.7
6 JUN 2024,78,78.3,76.5,77,33,38919,2990751.5
5 JUN 2024,78,78.3,77.1,77.6,16,4920,383755.3
4 JUN 2024,76.5,79,76.5,78.8,39,11578,911534.9
3 JUN 2024,78,80,77.3,78.6,88,125030,9912510.2
31 MAY 2024,75.5,79,75.4,77.7,81,35675,2728728.1
30 MAY 2024,75.5,75.5,75.1,75.4,24,8644,650625
29 MAY 2024,75.6,75.9,75,75.6,33,9996,753803.2
28 MAY 2024,75,76.2,75,75.2,33,18350,1389903.9
27 MAY 2024,75,75,74.1,75,22,4367,326645.2
22 MAY 2024,75,76.7,74,74.9,92,127066,9508864.4
21 MAY 2024,72.2,73.5,72.2,73.2,51,55787,4079581.2
20 MAY 2024,72.9,73,72.3,73,23,2578,187715.8
17 MAY 2024,72.2,72.9,72.2,72.5,10,744,53906.9
16 MAY 2024,72.5,72.5,72.2,72.4,7,3195,231228.5
15 MAY 2024,73,73,72,72,12,1536,111077
14 MAY 2024,72.1,73.5,72,72,33,41451,2984878.2
13 MAY 2024,73,73.3,72,72.1,24,4159,300126.2
10 MAY 2024,72.6,73.4,72,72.5,31,12203,884958.1
9 MAY 2024,72.7,73,72.5,72.7,19,5956,432354.4
8 MAY 2024,72.7,73.8,72.5,73,18,10624,772907
7 MAY 2024,73.1,73.1,72.8,72.8,15,2945,214881
6 MAY 2024,73.1,73.9,73.1,73.3,12,1918,140526.4
3 MAY 2024,73.9,73.9,73,73.3,11,670,49163.5
2 MAY 2024,73.9,73.9,73.7,73.7,9,2065,152218
30 APR 2024,73,73.8,72.5,73.4,42,31641,2314661.5
29 APR 2024,72.9,74,72.2,73.4,33,17514,1282731.6
26 APR 2024,72,73,71.7,73,21,3737,270654
25 APR 2024,71.7,72,71.5,71.9,15,5030,360013.2
24 APR 2024,71.4,71.7,71,71.6,27,18497,1317764.3
22 APR 2024,71.5,71.5,70,71,15,1574,111375.6
19 APR 2024,70.5,71.5,70.1,70.4,28,6837,479723.2
18 APR 2024,70.3,71.8,70.3,71.2,8,314,22359.7
17 APR 2024,70.6,71.9,70.2,71.9,12,1036,73787.8
16 APR 2024,71.4,71.9,70.6,71,41,12229,869982.3
15 APR 2024,72,72.5,71.5,71.9,34,25037,1800893.2
10 APR 2024,71.7,72.5,71.7,72,9,2241,161276.2
9 APR 2024,73.5,73.5,71.5,73,21,11403,825397.5
8 APR 2024,71.3,73.5,71.2,72.9,62,213643,15500532
5 APR 2024,71,71.3,70.9,71.3,20,2782,197624.4
4 APR 2024,70.3,71.5,70.3,70.9,31,10673,755002
3 APR 2024,70.3,71,70.1,70.1,20,8077,566291.1
2 APR 2024,71.5,71.5,69.7,70.4,16,8076,572954.9
1 APR 2024,69.1,72,69,71.4,51,63944,4541719.9
28 MAR 2024,71,71,69.9,70,29,6429,450196.7
27 MAR 2024,68.3,71.1,68.1,71,114,222261,15677980.2
26 MAR 2024,67,68.4,67,68.1,29,53373,3627415.7
25 MAR 2024,67,67,67,67,3,108,7236
22 MAR 2024,66,67.2,65.9,66.5,20,1311,86766.5
21 MAR 2024,66.5,66.6,65.5,66,29,6893,455282.6
20 MAR 2024,66.9,67.8,66,67.7,30,2099,140978.5
19 MAR 2024,68.1,68.1,67,67.8,15,2391,161804.7
18 MAR 2024,68.5,68.5,67,67.1,22,7991,544539.5
15 MAR 2024,69,69,68,68.8,17,537,36880.8
14 MAR 2024,68.3,69,67.5,67.9,13,4446,304023.8
13 MAR 2024,68,68.4,66.3,68,13,11180,760265.6
12 MAR 2024,67.8,67.8,66,66.1,11,382,25495.8
11 MAR 2024,68,68,67.8,67.8,29,9151,620713.3
7 MAR 2024,66.8,68,65,68,48,32072,2149178.9
6 MAR 2024,66.8,67,64.4,66.4,59,45120,2921618
5 MAR 2024,65.7,66.9,65.5,65.5,6,705,46234.5
4 MAR 2024,64.6,66,64.6,65.4,20,2421,158635.2
1 MAR 2024,65.1,65.1,64.5,64.5,22,4551,294087.6
29 FEB 2024,67,67,65,65.2,14,1946,127030.5
28 FEB 2024,66,66.9,64.4,66.5,18,3796,252281.5
27 FEB 2024,64.5,65,64.4,64.4,21,8870,575910.6
26 FEB 2024,67,67.2,64.2,64.4,15,1015,66507.1
22 FEB 2024,66.8,67.1,65.3,67,23,7868,527098
21 FEB 2024,65.2,66.9,65.2,66.5,10,3339,221584.8
20 FEB 2024,65,66.4,65,66.2,13,1624,107306.9
19 FEB 2024,65,65,63.1,64.5,9,137,8841.1
16 FEB 2024,65,65,64,64.4,5,125,8055
15 FEB 2024,63.3,65,62.6,65,27,43545,2791894.9
14 FEB 2024,64,64,63.3,64,5,1597,102139.5
13 FEB 2024,63.5,63.5,63.4,63.5,3,100,6349
12 FEB 2024,64.5,64.5,63.5,64.4,12,2094,134913
9 FEB 2024,64.8,64.9,63.5,63.5,8,405,25725.5
8 FEB 2024,63.5,64.4,63.5,64.4,14,8625,552822.3
7 FEB 2024,62.5,63.1,62.5,63,5,5678,357382.5
6 FEB 2024,62,64,62,63.9,24,8229,523053.3
2 FEB 2024,64,64,62,62,24,21454,1331508.5
1 FEB 2024,62,62,62,62,9,3055,189410
31 JAN 2024,62,64,62,62,25,185463,11503969
30 JAN 2024,61,62,61,62,2,145,8945
29 JAN 2024,61.2,61.2,61,61,19,7500,457644.9
26 JAN 2024,62,62,61.3,61.3,10,304,18683.5
24 JAN 2024,61.5,61.5,61,61.5,10,7879,484073.8
23 JAN 2024,62.5,62.5,61.5,61.5,9,4718,291712
22 JAN 2024,61.7,63,61,61.2,37,12923,790696.9
19 JAN 2024,62,62,62,62.5,2,65,4030
18 JAN 2024,62.5,62.5,62.5,62.5,1,298,18625
17 JAN 2024,63,63,61.1,61.5,35,4058,249588.4
16 JAN 2024,62.9,62.9,62.9,62.9,1,100,6290
12 JAN 2024,62,62.4,62,62.1,4,115,7136
11 JAN 2024,62.4,62.4,62,62,25,7372,457267.4
10 JAN 2024,62.5,62.5,62.5,62.5,6,15210,950625
9 JAN 2024,63.9,63.9,63.9,63.9,3,601,38403.9
8 JAN 2024,64,64,62.4,63,7,210,13238.4
5 JAN 2024,64,64,63,62.7,2,15,946
3 JAN 2024,62.5,63,62,62.7,29,21561,1348590.6
2 JAN 2024,62.5,62.5,62,62.5,7,465,29060
28 DEC 2023,62.1,63.5,62,63.5,8,1907,119539.5
27 DEC 2023,62,64.9,61.6,62,19,8133,504107.7
22 DEC 2023,62.1,64,62,62,6,1859,115263.6
21 DEC 2023,62.1,62.1,62,62,7,1548,95981
20 DEC 2023,62,62,62,62,4,190,11780
19 DEC 2023,63.2,63.2,60,61.1,49,387614,23273977.3
18 DEC 2023,63.3,63.3,63.2,63.3,4,201,12723.2
15 DEC 2023,63.1,63.2,63,63,15,12288,774550
13 DEC 2023,63.1,64,63.1,63.8,10,7676,489441.9
12 DEC 2023,62.9,63.9,62.9,63,10,3781,238327.9
11 DEC 2023,63.1,63.9,63,63,22,3871,244016
8 DEC 2023,64,64,63.1,63.2,14,3202,203825.3
7 DEC 2023,63.5,64,63,63.1,13,706,44532.1
6 DEC 2023,63.5,64,63.5,64,8,98,6251.4
5 DEC 2023,63.5,63.5,63.5,64,1,10,635
4 DEC 2023,65,65,64,64,7,2268,145169
1 DEC 2023,64,65,63.2,63.5,16,7166,457018.4
30 NOV 2023,65,65.9,63,64,14,5003,324764
29 NOV 2023,62.6,64,62.5,64,9,14257,911778.5
28 NOV 2023,62.3,62.5,62,62.5,9,2129,132399.5
27 NOV 2023,62,63.9,62,62.5,7,1854,115280.6
24 NOV 2023,62.8,63.5,62,62.2,17,1438,89464.6
23 NOV 2023,63.9,64,62.8,62.8,6,727,45733.8
21 NOV 2023,62.8,64,62.8,63.8,7,2201,140382.9
20 NOV 2023,63.1,63.5,62.9,63.5,11,2951,187154.8
17 NOV 2023,62.8,62.8,62.8,62.9,1,1,62.8
16 NOV 2023,63,63,62.9,62.9,7,3258,204954
15 NOV 2023,63.3,64.8,62.8,62.8,24,11509,723626.4
14 NOV 2023,64,64.8,63.2,63.2,9,11984,766551.8
13 NOV 2023,64,64,63.5,63.6,8,1847,117529.9
10 NOV 2023,64,64,63,63.1,14,1060,66889
9 NOV 2023,64,64,64,64,7,1560,99840
8 NOV 2023,63.1,64,63,64,16,3156,201144.7
7 NOV 2023,63,64.5,63,63,2,2601,163893
6 NOV 2023,59.8,64.9,59.8,62.5,22,4206,262856.9
3 NOV 2023,64,64.9,63.5,64.7,11,1030,66352.1
2 NOV 2023,64.3,64.3,63.8,63.8,3,510,32543
1 NOV 2023,64,64.3,62.2,64,17,8080,515239.6
31 OCT 2023,62,64,62,63.9,40,9788,622535
30 OCT 2023,62.6,62.6,62.5,62.6,13,448,28020.9
27 OCT 2023,63,63,62.6,62.6,15,1845,115545
26 OCT 2023,63.1,63.1,62.5,63,26,5376,338272.1
25 OCT 2023,63.6,63.6,63.1,63.5,18,3030,192407.9
24 OCT 2023,63.9,63.9,63.7,63.9,12,4091,261261.5
23 OCT 2023,64.1,64.2,63.9,64,30,2256,144598.4
20 OCT 2023,64,65.8,64,64.2,15,1207,77450
19 OCT 2023,64,64.8,63.9,64.7,14,11730,756528.8
18 OCT 2023,65,65,64,64.8,3,133,8612.7
17 OCT 2023,64.1,64.3,63.9,64,39,5827,374003.3
16 OCT 2023,66,66,64.1,64.3,10,1212,77965.6
13 OCT 2023,65,65,64.2,64.3,25,3877,249550
12 OCT 2023,65,65.5,64.7,65,9,2603,169195.1
11 OCT 2023,66,66,64.6,65,34,24511,1594591
10 OCT 2023,65,66,65,65.5,16,8333,548267
9 OCT 2023,65.8,65.8,64.6,65,53,20747,1351331.5
6 OCT 2023,66.9,66.9,65.8,65.8,12,844,55838.2
5 OCT 2023,66.5,66.5,65.6,65.8,17,2003,131729.3
4 OCT 2023,66.1,66.7,65.4,66.4,34,3518,233102.9
3 OCT 2023,66.7,66.7,66,66,18,2054,136001.5
2 OCT 2023,67,67,66.2,66.2,32,8933,592506.4
27 SEP 2023,67.5,69.7,66.3,67,22,6140,410154.2
26 SEP 2023,66.1,67.4,66.1,66.3,4,124,8221.1
25 SEP 2023,66.5,67,66,66.5,18,5144,341526.4
22 SEP 2023,66,67,65.3,66.2,15,2211,146199.5
21 SEP 2023,66.3,67.5,65,65.3,56,40222,2644956.9
20 SEP 2023,66.2,67.2,66.1,66.4,16,1456,96781.1
19 SEP 2023,67,67.8,66,66.1,45,14245,942859.1
18 SEP 2023,68,68,66.7,67.1,46,16485,1107783.6
15 SEP 2023,68,68.5,67.5,68,13,4063,276673.5
14 SEP 2023,68.9,68.9,68,68.1,16,23534,1601533.2
13 SEP 2023,69,69,68,68,9,7194,489195.6
12 SEP 2023,68.6,68.6,67.5,67.5,39,23107,1570833.6
11 SEP 2023,68.5,69.8,68,68.5,27,9960,681830.4
8 SEP 2023,67.7,69.8,67,69.4,51,62755,4347888.1
7 SEP 2023,67,67.6,67,67.3,33,22165,1488198.3
6 SEP 2023,67.8,68,66.1,67.4,54,29841,1988286.2
5 SEP 2023,67.2,68.4,66.5,67,39,8981,599233
4 SEP 2023,67,68.4,66,68.1,20,3447,232334.9
1 SEP 2023,66.2,68,65.7,66,32,18816,1241725.2
31 AUG 2023,67.9,67.9,65.3,66.7,111,69702,4601571.4
29 AUG 2023,72,72,66.4,67.6,157,50847,3472567.7
28 AUG 2023,73.1,73.9,72.1,73.4,173,99444,7306511.8
25 AUG 2023,73.9,74,73,73.2,167,96247,7080176.7
24 AUG 2023,74.9,75,74,74.4,108,42614,3169886.2
23 AUG 2023,74.8,75,74,74.3,104,59847,4459602.8
22 AUG 2023,75.1,76.3,74,74,114,50485,3747691.7
21 AUG 2023,73,76.4,73,75.1,500,319559,24044746.6
18 AUG 2023,70.7,70.7,69.4,70,46,21550,1503026.9
17 AUG 2023,70,71.5,68.9,70,49,17560,1225985.7
16 AUG 2023,68.1,68.9,68,68.7,27,10232,701679.9
15 AUG 2023,68.5,68.7,67.6,68.2,30,6306,430110.9
14 AUG 2023,68.5,68.5,67.6,68.5,43,17834,1211888.8
11 AUG 2023,67.8,69,67.8,68.4,23,4085,279138
10 AUG 2023,68.8,69,67.7,68.2,18,9168,625299.5
9 AUG 2023,67.9,69,67.9,68.1,20,12219,831810.2
8 AUG 2023,68.1,69.5,68,68,60,53302,3650398.4
7 AUG 2023,71.9,72,68.6,69.5,45,9619,672801.3
4 AUG 2023,71,73,71,72.1,89,39812,2879125.7
3 AUG 2023,69,72,68.5,70.7,83,126122,8737835.5
2 AUG 2023,68.2,69,68.2,68.8,39,12709,871210.4
31 JUL 2023,68.1,68.5,68,68.4,53,11972,816988.8
28 JUL 2023,68.2,69.4,68.1,68.5,14,1873,128238.1
27 JUL 2023,68.9,69,68.1,68.2,23,8806,601436.9
26 JUL 2023,68.2,69,68,68.1,33,30990,2108574.1
25 JUL 2023,68.5,69.4,67,68.5,66,54092,3670502.4
24 JUL 2023,68.7,69,68.2,68.2,39,12092,829296.1
21 JUL 2023,68,69.5,68,68.9,30,17400,1194763.3
20 JUL 2023,69.9,70,68,68.4,43,49960,3457074.7
19 JUL 2023,69.6,71.8,68,69.8,87,108994,7589885.6
18 JUL 2023,67.3,71.5,66.9,69.7,112,111675,7762992.5
17 JUL 2023,66.9,68,66,66.9,65,21186,1426010
14 JUL 2023,65.5,66.5,65.5,66.5,35,6480,428159.5
13 JUL 2023,67,67,65.5,65.9,48,29417,1944098.4
12 JUL 2023,66.3,67,65.4,66.8,37,8446,562273.3
11 JUL 2023,66,66.9,65,65.2,35,14223,948663
10 JUL 2023,65,67.1,65,66.3,31,11064,736351.2
7 JUL 2023,61,68,61,66.3,159,55993,3575000.5
6 JUL 2023,61.9,62,61.5,61.5,12,6490,401562
5 JUL 2023,62,62,60,61.9,38,39603,2425183.5
4 JUL 2023,61.1,62,61,61.8,39,17063,1054628.7
28 JUN 2023,61,62,60,61.7,56,26490,1628040.9
27 JUN 2023,59.9,61,58.9,60.1,36,36360,2191608.3
26 JUN 2023,58.5,59.9,58.5,58.6,21,16491,966944.4
23 JUN 2023,59.3,60.5,58.5,58.5,37,9560,568713.5
22 JUN 2023,58,59.2,56,57.5,43,20499,1188939.9
21 JUN 2023,58,59.4,58,58.4,17,744,43660.2
20 JUN 2023,57.6,59,57.6,58.8,13,1250,72242.9
19 JUN 2023,57.8,57.8,57.8,57.8,10,1212,70053.6
16 JUN 2023,57.5,59.5,57.5,59.5,3,101,6005.5
15 JUN 2023,57.5,59.5,57.5,58.7,36,9688,567410.6
14 JUN 2023,58.2,59.5,58.2,58.4,29,3566,208358.7
13 JUN 2023,58.1,58.2,57.1,58.2,34,8604,500218.5
12 JUN 2023,58.2,58.5,57.2,58.5,23,2200,128327.7
9 JUN 2023,58,58.2,56.6,58,5,235,13619
8 JUN 2023,56,57.6,55.5,56.2,28,12951,725007.1
7 JUN 2023,58,58,56,57.6,6,655,37760
6 JUN 2023,58,58,58,58,4,110,6380
5 JUN 2023,58.8,58.8,55.5,57,11,252,14448.8
2 JUN 2023,57,58.9,55.3,55.5,15,1437,80942.8
1 JUN 2023,55,57.9,55,55.2,14,4215,232193
31 MAY 2023,56,56.5,55,55,12,1531,84377.2
30 MAY 2023,55.1,55.1,55,55.1,13,6325,347941.1
29 MAY 2023,54.7,56.4,53.6,56,57,4311,235264.7
26 MAY 2023,55.1,55.1,54.6,54.7,20,1486,81312.7
25 MAY 2023,55.1,55.1,54.8,54.9,20,2889,158887.9
24 MAY 2023,55.5,55.8,55.2,55.2,13,7856,435528.5
23 MAY 2023,55,55,55,55,18,12986,714230
22 MAY 2023,54.6,55,54.6,54.7,5,1142,62454
19 MAY 2023,54.8,55,54.6,54.9,17,2127,116782.4
18 MAY 2023,54.9,55,54.8,54.8,17,7046,386296.4
17 MAY 2023,56.9,56.9,54.6,54.9,27,2658,146116.6
16 MAY 2023,55.3,55.3,55,55.1,30,16793,924943.2
15 MAY 2023,55.1,56.9,55.1,55.6,4,10239,564296.7
12 MAY 2023,56,56,54.6,55.1,42,51186,2818508.2
11 MAY 2023,54.7,56,54.7,56,23,9418,518400.9
10 MAY 2023,55.7,55.7,54.7,55,47,31705,1747391.6
9 MAY 2023,55.4,57.4,55.4,56.1,6,520,29094.2
8 MAY 2023,56,56.6,55,55.1,92,27115,1494676.3
4 MAY 2023,55.4,57.5,55.4,56,19,4989,277181.2
3 MAY 2023,58.2,58.2,57.5,57.7,3,230,13260
2 MAY 2023,57.6,57.6,55.1,57.5,22,26325,1513282.5
28 APR 2023,58.6,58.6,57.6,57.7,22,5570,323135.5
27 APR 2023,59,59,58.6,58.6,10,4637,271925.3
26 APR 2023,60.8,60.8,59,59,5,765,45242.7
25 APR 2023,60.7,60.7,58.5,60.9,2,14,845.4
24 APR 2023,58.2,61,58.2,60.9,28,25075,1498655.8
21 APR 2023,58.5,58.5,57.9,58,17,4199,244010.4
20 APR 2023,58.1,59,58.1,58.2,21,6158,361605.9
19 APR 2023,58,58.1,58,58.1,10,2826,163938
18 APR 2023,58,58.9,58,58,4,367,21290.5
17 APR 2023,59,59,58,58,6,1053,61077
12 APR 2023,58,58.5,58,58.1,7,2335,135476.5
11 APR 2023,58,59,57.5,58,17,1761,102540.7
10 APR 2023,59.3,59.3,58.1,58.4,10,803,47024.3
6 APR 2023,59.5,59.5,57,59.4,7,550,31907.5
4 APR 2023,57.2,57.2,57,57.1,2,100,5708
3 APR 2023,56.7,59.8,56.7,58.4,13,3060,178127
31 MAR 2023,56.7,59.9,56.2,59.4,10,495,28781.9
30 MAR 2023,56.6,56.6,56.6,56.6,7,3785,214231
29 MAR 2023,57.6,60,56.5,57,18,6891,391838
28 MAR 2023,57.5,57.5,56.9,56.9,18,3210,182874.4
27 MAR 2023,58,60,57,57.1,46,6316,361876.4
24 MAR 2023,59.8,59.8,58,59,12,2305,135603.8
23 MAR 2023,58.5,59,58,58,59,107721,6251405.2
22 MAR 2023,60,60,58.3,59,16,13065,770524.7
21 MAR 2023,58.6,60.4,58.6,59.5,33,11833,704971
20 MAR 2023,59.1,59.8,58.5,59,34,14935,878284
17 MAR 2023,59,59,58.2,58.7,20,4343,254469.9
16 MAR 2023,60,60,58.4,58.5,7,898,52929.3
15 MAR 2023,60,61.3,58,58,34,36197,2100825.9
14 MAR 2023,58.9,58.9,58,58,29,28680,1664109
13 MAR 2023,58.3,59.2,58,58.2,20,6221,361727.6
10 MAR 2023,59.2,59.3,58.5,58.8,26,3405,200401.6
9 MAR 2023,58.1,59,58.1,59,16,1692,99463.2
8 MAR 2023,58.3,59.9,58,58.1,70,42808,2499413.7
7 MAR 2023,59.5,60,58.2,58.3,23,3664,216029
3 MAR 2023,59.5,60,59,59.5,27,19879,1176820.6
2 MAR 2023,60,61.4,59.1,59.3,25,6074,363365.4
1 MAR 2023,58.4,60,58.4,59.9,13,1139,67937.5
28 FEB 2023,58.5,58.5,58.5,58.5,4,1000,58500
27 FEB 2023,61,61.5,58.5,58.5,24,11320,683949.3
24 FEB 2023,58.5,61.4,58.5,60.5,40,21942,1323107.9
23 FEB 2023,59,59,58.1,58.3,9,1915,111908.2
22 FEB 2023,58.7,59,58.4,58.7,12,985,57774.4
21 FEB 2023,58,58.5,57.2,57.5,14,3575,206827
20 FEB 2023,57.5,58,57.1,58,19,24053,1384193.5
17 FEB 2023,57.5,59,57.5,57.6,15,3457,199143.7
16 FEB 2023,57.9,58,57,57.1,10,5699,325508.7
15 FEB 2023,57,57.9,56.2,57.4,19,11123,630035.2
14 FEB 2023,56.2,56.3,56.2,56.2,9,7589,426551.8
13 FEB 2023,57.5,57.9,56.2,56.4,14,3024,171464.1
10 FEB 2023,56.3,58,56.2,57.4,11,1510,85183
9 FEB 2023,56.7,57.9,56.2,56.2,17,1594,89748.7
8 FEB 2023,56.3,59.9,56,56.3,46,41100,2312418.9
7 FEB 2023,59.9,59.9,56.2,56.3,45,19948,1125458.9
6 FEB 2023,59.7,59.7,57.6,59.7,13,4159,248211.8
3 FEB 2023,59,59.8,57.5,57.8,21,12507,733982.1
2 FEB 2023,58.1,58.1,56.9,58,10,22470,1305429
1 FEB 2023,57,59.7,57,58.1,14,1157,67017.4
31 JAN 2023,58.2,58.2,55.3,57,43,14008,798497.4
30 JAN 2023,60,60,58,58.3,25,1860,109279.7
27 JAN 2023,60,60,60,60,2,100,6000
26 JAN 2023,61.4,61.5,61,61,15,7229,441955.6
25 JAN 2023,61.3,62.5,60,61.1,18,2488,151905.3
24 JAN 2023,59.9,62.9,58.4,61.3,59,20696,1262310.9
23 JAN 2023,58,59.9,58,59.3,19,11067,648987.5
20 JAN 2023,58.5,59.9,58.5,58.7,19,8151,478064.9
19 JAN 2023,59,59.9,58,58,19,17930,1040236.5
18 JAN 2023,60.2,60.2,56.3,57,38,37195,2122196.5
17 JAN 2023,58.8,60,56.3,56.8,35,4709,267311.4
13 JAN 2023,56.2,59.8,56.1,56.1,43,169375,9506213.7
12 JAN 2023,57.2,58.9,56.5,56.5,42,111543,6327378.5
11 JAN 2023,59,60,57.1,57.5,12,3211,187218
10 JAN 2023,57.8,59,57.1,58,9,11368,659328
9 JAN 2023,58,58,57.5,57.8,7,1493,86295.5
5 JAN 2023,58.2,58.2,57.9,57.9,10,1430,82890
4 JAN 2023,58,58,57.8,58,17,2242,129996
3 JAN 2023,58.5,58.5,58,58,21,20741,1203771
2 JAN 2023,58.2,60,58,58.4,18,25283,1477161
30 DEC 2022,59.4,59.4,58,58,19,17105,992881.7
29 DEC 2022,56.7,56.9,56.7,56.7,3,607,34417.3
28 DEC 2022,60,60,56.1,59.8,13,583,33937.6
27 DEC 2022,59.4,59.5,57,57.4,14,2938,168548.5
23 DEC 2022,57.5,58.5,56,56.7,18,1995,113251
22 DEC 2022,58.5,58.5,57.5,58,21,2705,156952.9
21 DEC 2022,59.6,59.6,59.2,59.1,5,31,1842
20 DEC 2022,59,59.6,59,59.1,3,32,1900
19 DEC 2022,59.1,59.6,59.1,59.1,10,442,26129.7
16 DEC 2022,59.3,59.3,59,59.1,11,359,21216.2
15 DEC 2022,60,60,59.2,59.7,12,2671,159517
14 DEC 2022,60.2,60.9,59.1,59.1,15,3156,188976.6
13 DEC 2022,61,61.9,59.6,60,29,1890,114089
12 DEC 2022,61.6,63.9,60.6,61.7,40,13783,850923.1
9 DEC 2022,62.5,65,62,62.8,36,15902,1008461.4
8 DEC 2022,61.5,63,61.5,62.5,28,10465,649168.2
6 DEC 2022,60.7,62.3,60,61.3,27,11686,716603.6
5 DEC 2022,60.2,63,60.2,61.8,43,4949,304842.4
2 DEC 2022,61.2,62.5,61,62.3,27,6593,404490.1
1 DEC 2022,61.2,64,61.2,63.2,68,26985,1679885
30 NOV 2022,57.4,61,57.4,60,69,762989,42088363.4
29 NOV 2022,54,57,53,56.2,34,11143,612441.8
28 NOV 2022,53.1,53.1,52.7,52.8,42,17802,940005.6
25 NOV 2022,52.7,54,52.6,52.8,7,1204,63617.4
24 NOV 2022,53.8,53.8,52,52.5,37,8591,452900.9
23 NOV 2022,53.6,55,53,53.8,56,35239,1895746.5
22 NOV 2022,52.9,55,52.9,53.8,33,8606,462857
21 NOV 2022,56,56,50.2,51.2,78,12992,681110.4
18 NOV 2022,55.6,55.6,53.5,53.9,27,4711,257507
17 NOV 2022,59.5,59.5,56,56,57,13062,735419.2
16 NOV 2022,59.9,60,57,59.3,27,3755,219886.1
15 NOV 2022,60,60,59.9,60,19,2545,152600
14 NOV 2022,62.1,62.1,60,60.4,15,1390,84512.2
11 NOV 2022,59.8,63,59.1,62,42,32554,1990507.1
10 NOV 2022,59.1,60,58.1,59.9,10,760,45341
9 NOV 2022,60,60,58.5,58.9,60,87987,5197847.9
8 NOV 2022,62.9,62.9,60,60.1,54,5053,304885.6
4 NOV 2022,65,65,61.3,61.5,147,62301,3928332.6
3 NOV 2022,67,67,65.7,66,12,9402,622214.5
2 NOV 2022,69,69,65,65.9,36,14209,936523.8
1 NOV 2022,68,69,68,68,10,3144,214386
31 OCT 2022,65.2,69.8,65.2,67.2,19,2048,135045.6
28 OCT 2022,69,70,68,69.4,21,4865,337680.7
27 OCT 2022,69.4,69.5,68,69.4,16,11036,765548.1
26 OCT 2022,67.5,69.6,65,69.3,45,34140,2241252.6
25 OCT 2022,70,70.2,65.5,68,41,6625,445122.6
21 OCT 2022,71.4,72,70,70.2,25,18628,1314593
20 OCT 2022,73,73,69.1,70.2,51,21141,1494614.1
19 OCT 2022,72,74.5,72,73.1,58,33263,2431336
18 OCT 2022,69.6,73,69.1,72.1,84,51257,3680537.6
17 OCT 2022,73,74,69.6,70,60,19787,1396485.3
14 OCT 2022,71,72.7,70,71,70,36537,2593218.2
13 OCT 2022,66.3,70.9,66.1,69.9,60,73020,5085544.5
12 OCT 2022,66,68,66,66.4,70,56268,3729470.9
11 OCT 2022,68.5,68.5,65.3,66,56,16255,1079156.9
7 OCT 2022,66.2,68.9,66,67.2,99,34655,2315207.8
6 OCT 2022,68,68,65.4,66.2,37,278156,18359922.8
5 OCT 2022,66,68,66,66,37,166398,10995809.5
4 OCT 2022,66.1,66.1,65.2,65.3,64,56906,3724317
3 OCT 2022,68.6,68.6,66,66.5,43,67856,4511306
30 SEP 2022,67,68.5,66.2,67.9,52,23033,1555803.4
29 SEP 2022,68.9,68.9,66.5,68.2,38,18530,1259004.2
28 SEP 2022,67,70,67,67.5,23,8311,560789.1
27 SEP 2022,68,70.4,65.1,68.6,47,16877,1140576.9
26 SEP 2022,71,71,69.1,69.8,27,7356,514818.5
23 SEP 2022,72,72,70,70,33,5861,410977.2
22 SEP 2022,71.1,72,70,70,40,89340,6255723.8
21 SEP 2022,72,72,69.1,69.8,47,11442,799151.6
20 SEP 2022,72.5,74,72,72.1,95,73808,5333571.4
19 SEP 2022,72.5,73,71.1,72.4,130,197320,14257643
16 SEP 2022,70,73,69.1,70.4,158,306046,21468284.9
15 SEP 2022,69,70.5,68.1,69.9,130,74676,5206703.1
14 SEP 2022,65.5,68.4,65.5,67.6,87,49081,3271604
13 SEP 2022,64.3,65.5,64.3,65.1,75,88446,5749427.4
12 SEP 2022,65.5,65.5,64.3,64.9,102,40163,2613054.4
9 SEP 2022,66,66,64.9,65.4,48,22035,1447194
8 SEP 2022,62.7,66,62.7,65.2,53,8785,565098.9
7 SEP 2022,64,66.2,62,62.6,172,38339,2404744.6
6 SEP 2022,67.5,67.5,63.9,64.7,78,17495,1135598.5
5 SEP 2022,70,70,60.5,65.2,276,119385,7721072.6
2 SEP 2022,69.8,77,68.6,72.9,368,359708,26104101
1 SEP 2022,68.9,70,68,68.6,112,50771,3489452.9
31 AUG 2022,64.7,70,64.7,68.4,210,103969,7045290.4
30 AUG 2022,63,65,62.2,64.5,156,61205,3926018.9
29 AUG 2022,65,65,59.1,61.4,173,62027,3829354.6
26 AUG 2022,60,65,60,63.1,387,234530,14798958.6
25 AUG 2022,58.6,58.6,56.6,57.1,53,17810,1017968.8
24 AUG 2022,60,60,57.1,58,75,39539,2299799.6
23 AUG 2022,62.5,64.5,60,60.5,41,13159,805955.7
22 AUG 2022,66,66,60,62.7,47,12532,816184.9
19 AUG 2022,60,60,57.3,57.9,70,29024,1682845.9
18 AUG 2022,60.4,60.4,58.1,58.9,28,2743,161539.3
17 AUG 2022,62,62,58,58.9,60,9449,557839
16 AUG 2022,63,63,58.8,59.6,85,25259,1525698.6
15 AUG 2022,64.8,64.8,60,61.2,98,23775,1482510
12 AUG 2022,59.5,64.4,59.4,62.2,156,80967,5006224.2
10 AUG 2022,55,59.2,55,57.7,145,85620,4857900.9
9 AUG 2022,53.8,56,52.6,54.4,142,49211,2699445.3
8 AUG 2022,52,53.9,51.1,53.4,57,20086,1047523.3
5 AUG 2022,53.9,53.9,52,52.5,82,50973,2674282
4 AUG 2022,54,54,52,52.4,69,70549,3699492
3 AUG 2022,53.5,55,51.4,51.7,158,118004,6235748.3
2 AUG 2022,46.5,53,46.5,50.9,99,60867,3064378.6
1 AUG 2022,47.5,47.5,46,47.1,61,13003,612949.3
29 JUL 2022,47.4,47.5,46.7,47.5,22,3211,151849.5
28 JUL 2022,47.5,47.5,46.9,46.9,13,5713,268068.8
27 JUL 2022,47.3,47.3,47,47.1,9,1868,87968.5
27 JUL 2022,47.3,47.3,47,47.1,9,1868,87968.5
26 JUL 2022,46.9,47,46.9,47,9,557,26177.8
25 JUL 2022,48,49,47,47.2,19,6389,301916.1
22 JUL 2022,48.6,48.6,47,48.5,19,2166,105005.3
21 JUL 2022,47.9,49,46.9,47.6,36,18902,898696.3
20 JUL 2022,48,50,47,47.2,48,19852,945263.7
19 JUL 2022,45.5,48,45.5,47,38,6434,300900.5
18 JUL 2022,45.2,45.4,44.7,44.8,29,12320,552138.9
15 JUL 2022,44.9,45.7,44.5,44.9,23,9090,407537.4
14 JUL 2022,43,44.5,43,43,13,1043,44899.1
12 JUL 2022,44,44.9,43.2,43.5,25,17470,762390
11 JUL 2022,42,43.3,42,43.2,23,4628,197783.2
8 JUL 2022,42.9,43.4,40,40.1,46,19591,792275.1
7 JUL 2022,41,42.2,40.5,40.9,31,19771,808897.8
6 JUL 2022,44.6,44.6,40,40.7,64,26424,1081088.7
5 JUL 2022,44.5,44.7,41,41.9,122,39198,1653578.9
4 JUL 2022,46.8,46.8,45,45.1,42,18121,817896.2
1 JUL 2022,47,47,45.2,45.8,21,7520,344617.4
30 JUN 2022,47.5,47.5,45.2,45.4,30,12337,560333.7
29 JUN 2022,45.1,49,45,45.5,29,11596,533260.6
28 JUN 2022,49,50,44.7,45.1,52,21643,1012864.5
27 JUN 2022,46.4,47,44,44.5,58,9902,447245.4
24 JUN 2022,45,50.5,45,47.7,55,37287,1778988.3
23 JUN 2022,43,45,42.7,43.3,38,17610,759628.1
22 JUN 2022,44.4,44.4,42.6,43,73,26271,1136163.1
21 JUN 2022,44.7,44.7,44.4,44.6,58,29764,1328203.6
20 JUN 2022,47.4,47.4,44.5,44.9,57,34767,1568681.9
17 JUN 2022,48,48,47.5,47.6,34,50266,2410890.6
16 JUN 2022,48.4,49,48,48,18,3896,188262
15 JUN 2022,49.1,49.1,48,48.1,44,16259,786819.7
13 JUN 2022,51,51,49,49.3,32,8455,416714
10 JUN 2022,51,51,50,50,46,18688,934547
9 JUN 2022,51,51,50,50.1,22,3563,179621.3
8 JUN 2022,50.9,51,50.8,50.8,6,510,25950
7 JUN 2022,51,51.8,49.9,50,46,67441,3375723.3
6 JUN 2022,53.3,53.8,51,51,21,22158,1154695.6
3 JUN 2022,52.9,54,52.5,54,37,12731,685019.1
2 JUN 2022,51.9,52.5,50,50.2,67,23758,1220531.1
1 JUN 2022,50.8,51.6,50.1,50.1,20,6916,346678.7
31 MAY 2022,51.9,51.9,50.8,51,27,7863,401338.8
30 MAY 2022,51.5,51.5,50.1,51.1,17,4270,217272
27 MAY 2022,52.5,53,49.6,50,84,260110,13013625.2
26 MAY 2022,53.5,53.5,52,53,52,18495,986107.5
25 MAY 2022,50.7,53,50.7,51.2,16,2795,144041.5
24 MAY 2022,53.5,53.5,50,50.2,50,49191,2481276.2
23 MAY 2022,51.1,54,50,51.5,99,61019,3151944.4
20 MAY 2022,53.3,54,51,52.1,25,76970,4145549
19 MAY 2022,52,54.6,49.5,50.1,45,14841,749519.6
18 MAY 2022,49.4,54,48.9,51.7,130,124151,6371956.8
17 MAY 2022,48,48.9,46,46.9,93,43856,2050187.3
13 MAY 2022,48,48,43.3,46.6,104,81565,3695032.7
12 MAY 2022,40,46.5,40,43.3,46,29727,1269410.3
9 MAY 2022,41.9,42,39.5,40.7,66,45199,1834593.6
6 MAY 2022,43,43,40,40.1,129,388331,15592079.7
5 MAY 2022,43.8,43.9,42.9,43,28,51560,2217362.7
4 MAY 2022,45,49,43,44.4,81,44393,1972950.8
29 APR 2022,53.5,53.5,43,45.7,139,117236,5497137.2
28 APR 2022,45,52,42.2,49.2,116,107476,5169192.8
27 APR 2022,36,45.8,36,44.6,76,113708,4732122.5
26 APR 2022,37.5,37.5,36.1,36.7,36,11725,430272.5
25 APR 2022,48,48.9,46,48,33,10965,526159
8 APR 2022,53.5,55,53.2,53.5,22,6783,362853
7 APR 2022,56,56,53.8,54.2,41,5920,323371
6 APR 2022,60,60,56.5,57.4,33,21549,1266274
5 APR 2022,54,58,52.2,58,64,48475,2757660.8
4 APR 2022,52,55,48,49.6,102,134404,6685514.1
1 APR 2022,55,55,54,55,4,740,40675
31 MAR 2022,62.1,62.1,50.1,57.9,73,18949,1035712.9
30 MAR 2022,62,64.5,58.2,60.7,80,19723,1179408.7
29 MAR 2022,68.2,69,60.5,62,114,50195,3241743.6
28 MAR 2022,70.1,70.1,68.2,69.1,72,658673,45457050.2
25 MAR 2022,72,73,70,70.1,112,61356,4323048.5
24 MAR 2022,73.4,73.4,71,71.2,32,7248,523515.9
23 MAR 2022,73.5,73.5,70.5,73.1,69,94458,6878003.2
22 MAR 2022,74.1,74.5,72.2,73.5,26,4194,310150.3
21 MAR 2022,74.5,74.5,70,71,49,14095,1003027.1
18 MAR 2022,70.2,73.4,70,70.4,91,49171,3463025.1
16 MAR 2022,74.9,74.9,69,70.1,118,118354,8267045.3
15 MAR 2022,77,77,70,73.4,133,34236,2533959.1
14 MAR 2022,78.1,78.3,77,77.5,55,18454,1439729.8
11 MAR 2022,81.6,81.6,78.1,78.5,34,11154,883397.6
10 MAR 2022,79,81,78,80,48,29574,2364755.2
9 MAR 2022,76.5,79.8,72,75.4,117,66371,4998016.9
8 MAR 2022,80,83.6,76.1,76.6,64,15384,1222180.8
7 MAR 2022,84.5,84.5,80,80.7,75,24282,1965742.2
4 MAR 2022,84,84,81.5,82.5,39,12938,1066172.9
3 MAR 2022,87,87,81.1,82.2,44,39745,3315766.1
2 MAR 2022,86.5,86.5,84.5,84.7,61,11072,942710.8
28 FEB 2022,85.8,87,85,85.6,85,30903,2652426.9
25 FEB 2022,82.1,85.9,79.8,84.9,144,122402,10004487.7
24 FEB 2022,84.2,85.2,81.5,82,108,16564,1371463.6
23 FEB 2022,87,87,83,84.2,71,10691,903962
22 FEB 2022,88,90.5,85,88.2,66,25920,2301524.4
21 FEB 2022,88.1,88.1,84,85,119,132225,11265827.5
18 FEB 2022,89,89.9,88,88.3,32,11761,1038520.2
17 FEB 2022,91,91.3,88,88.8,58,56055,4942789.2
15 FEB 2022,92,92,88,90.7,61,11781,1047587.5
14 FEB 2022,92,93.1,91.2,91.3,30,4899,450483
11 FEB 2022,90,94,90,91.8,56,11947,1097776.6
10 FEB 2022,90,93.3,87.9,89.8,175,132148,11813605.1
9 FEB 2022,92,94,89,89.5,188,215017,19430928.7
8 FEB 2022,95.5,95.5,92.2,93.1,143,103158,9655546.1
7 FEB 2022,98,99.8,95.2,95.5,94,25459,2456895.4
3 FEB 2022,97.7,98,93.6,97.9,151,127377,12404084.4
2 FEB 2022,101,102.5,96.9,97.6,186,116409,11514732.25
1 FEB 2022,105,105.25,100,100.75,185,158990,16141226.25
31 JAN 2022,107.75,109.75,101,104,454,485640,51752678.5
28 JAN 2022,103.25,108.25,99.4,106.25,243,293571,30463300.65
27 JAN 2022,101.25,107,100.25,103.25,129,183205,18889036
26 JAN 2022,105,106,100.75,105.25,60,22281,2334714
25 JAN 2022,106.25,107.5,102.5,106,305,403293,43044584.25
24 JAN 2022,102,107,101.5,105.75,277,383283,39861466.75
21 JAN 2022,104.5,104.75,100.25,100.5,69,84255,8535952.5
20 JAN 2022,105.25,105.25,100.25,104.5,84,105643,10872733.75
19 JAN 2022,103,106,101,105.25,146,163790,17150725.25
18 JAN 2022,100.5,105,100,102.75,147,260278,26858594
13 JAN 2022,99.6,103,99.6,100,54,180062,18020951.1
12 JAN 2022,100,103,99.5,99.8,154,269832,27348973.25
11 JAN 2022,100,103,99,100.5,156,175455,17701085.15
10 JAN 2022,106.5,106.5,101.25,102.25,160,207257,21309337
7 JAN 2022,109.75,110.25,99.9,106.5,380,579713,62881718.5
6 JAN 2022,97,108.25,95.7,106.5,913,1469471,153364418.9
5 JAN 2022,96,100,95.1,97.5,276,299635,29472633.8
4 JAN 2022,96.7,97,95.3,95.8,178,136791,13111970.8
3 JAN 2022,99,99.6,95.4,96.7,131,92567,8948366.9
31 DEC 2021,97,99.9,95.2,98.6,137,95189,9223118
30 DEC 2021,96.2,97.3,95.1,97,94,75406,7266683.6
29 DEC 2021,96.5,97,95,96.5,153,221739,21287477.8
28 DEC 2021,97.5,97.5,95.1,96.6,187,390919,37720278
27 DEC 2021,98.9,98.9,97.5,98,240,387417,37969767.3
24 DEC 2021,100,100.5,97.1,98.1,170,140802,13869009.9
23 DEC 2021,91.1,105,91.1,100,1971,2410888,240761138.6
22 DEC 2021,88.1,90.6,87.1,90.1,319,532606,47811801.7
21 DEC 2021,86,88.1,86,87.6,141,208262,17955089.1
20 DEC 2021,89.1,89.9,86,86.5,148,87920,7735866.1
17 DEC 2021,84.2,91.4,84.2,88.8,488,762828,67149045.1
16 DEC 2021,84,85.3,84,84.2,49,40394,3417339.7
15 DEC 2021,84,85.5,83.8,84.3,81,42042,3542197.4
14 DEC 2021,84.8,85.8,83.2,84.8,114,120164,10185334.7
13 DEC 2021,84.8,85,83.5,84.1,85,82212,6929018.7
10 DEC 2021,84.8,85.8,83.1,84.2,153,150495,12726894.4
9 DEC 2021,83.9,84.8,83,83.6,74,43856,3666702.7
8 DEC 2021,83.8,83.8,83,83.4,103,145670,12143659
7 DEC 2021,82,83.8,81.6,83.2,101,131606,10940269.4
6 DEC 2021,82,82.5,81.1,81.9,77,47204,3863543.8
3 DEC 2021,83,84,81.5,83.2,66,67739,5600689.7
2 DEC 2021,85,85,82.8,83,60,30954,2571764.8
1 DEC 2021,84.5,85,83.1,84,120,179850,15127537.9
30 NOV 2021,84.5,85,83,84.5,127,160631,13562787.2
29 NOV 2021,83.6,85.5,82.4,82.6,94,86511,7200301.5
26 NOV 2021,86.1,86.7,83,84.1,156,294790,25166629.4
25 NOV 2021,80,87.8,80,85.4,327,864350,73443825.8
24 NOV 2021,81.5,81.5,79.2,80,111,67635,5402817.1
23 NOV 2021,80.6,81.5,79,80.2,199,162054,13019332.6
22 NOV 2021,81,81,80,80.5,75,76648,6161008.8
19 NOV 2021,80,81,79.7,80,130,269181,21532806
17 NOV 2021,80,80.1,79.7,80,89,126362,10103422.5
16 NOV 2021,81,81,79.6,79.7,131,71041,5678726.8
15 NOV 2021,79.9,83,79.9,81.1,73,14067,1144708.7
12 NOV 2021,81,81,80,80.2,123,125433,10088885.1
11 NOV 2021,82.9,82.9,80,80.3,190,121298,9759225.6
10 NOV 2021,82,83,80.5,81.2,86,76753,6205357.4
9 NOV 2021,83.3,83.3,80,81.1,254,152232,12425574.3
8 NOV 2021,85,85,82.1,83.5,318,271401,22692078.9
5 NOV 2021,88.5,88.5,85.1,87.2,47,18674,1610524.3
3 NOV 2021,88.8,90,86,87.2,95,61872,5414861.8
2 NOV 2021,90,90,88.5,88.7,22,20387,1807279.3
1 NOV 2021,89.9,90.9,88,88.4,78,34937,3129165.8
29 OCT 2021,89,90.9,87.1,89.9,87,101100,8970815.1
28 OCT 2021,91.6,91.9,88,89.6,45,12805,1142224.4
27 OCT 2021,88.5,94.9,88,91.6,405,343640,31282905.4
26 OCT 2021,88.6,89,87.5,87.9,76,39565,3493809.9
25 OCT 2021,87.2,88.6,86,88.1,81,68666,5988280.3
22 OCT 2021,87,87.5,86,86.8,21,14676,1275350
21 OCT 2021,88.4,88.4,85.2,87.1,43,18845,1651346.3
18 OCT 2021,87,90,87,89,193,128324,11422199.1
15 OCT 2021,85.5,86.8,85.5,86,84,102462,8813840.7
14 OCT 2021,84.6,86.4,84.6,85,41,77566,6654321.6
13 OCT 2021,86.5,86.5,84.5,85,64,16286,1390186.8
12 OCT 2021,86.9,86.9,86,86.1,31,10207,879516.9
11 OCT 2021,85,87,84.5,85.5,54,78836,6675316.3
8 OCT 2021,86.6,86.6,84.9,86,17,3106,265316
7 OCT 2021,84.9,87,84.7,86.2,76,43364,3708668.5
6 OCT 2021,84.5,85,83.7,84,65,31612,2655955.8
5 OCT 2021,84.7,85.2,84.5,84.6,59,65568,5568805.1
4 OCT 2021,84.9,85,84,84.7,69,34173,2889955.2
1 OCT 2021,85,86,84.9,85.9,39,35753,3050243.7
30 SEP 2021,86,87,84.9,85,118,195626,16630734.5
29 SEP 2021,86,86.9,85.2,86.1,44,21861,1872415.2
28 SEP 2021,85.8,87,85.5,85.6,59,24514,2107047.1
27 SEP 2021,85.7,86.5,85.5,86.4,43,18234,1565384
24 SEP 2021,85.5,86.1,85.5,85.9,21,7340,631031
23 SEP 2021,87,87,85.5,85.7,24,65705,5705564.5
22 SEP 2021,87,87.1,85.5,85.8,42,5236,450378.8
21 SEP 2021,87.9,87.9,86.6,87,40,26260,2291397.5
17 SEP 2021,86.9,87.8,86.3,86.8,81,78470,6805672.9
16 SEP 2021,87,87,86.5,86.7,56,58702,5101056.7
15 SEP 2021,85.6,87,85.5,86.3,28,24264,2097860.5
14 SEP 2021,85.2,86.5,85.2,86.3,58,15355,1324035.1
13 SEP 2021,88.6,89,84.8,85.1,126,66469,5719496.3
10 SEP 2021,86,90,86,86.6,409,417066,36952639.9
9 SEP 2021,83,84.9,83,84.4,55,24785,2086400
8 SEP 2021,85,85,81.4,82.3,183,49150,4061157
7 SEP 2021,86.2,88.5,84.5,85.9,130,185629,15980647.1
6 SEP 2021,86.5,86.8,85.5,86.1,75,78135,6737417.4
3 SEP 2021,83.2,86.4,83,85.7,195,424385,36172181.6
2 SEP 2021,83.5,84,82.5,83.2,154,137595,11446085.3
1 SEP 2021,83.8,83.8,81.8,83.4,204,411452,33843092.7
31 AUG 2021,83.9,83.9,82.8,83.4,137,549483,45756190.5
30 AUG 2021,83,83.8,82.6,83.2,175,106972,8887676
27 AUG 2021,84,84,82.8,83.2,199,103587,8634341.2
26 AUG 2021,84.2,86,83,84,138,83896,7041697.8
25 AUG 2021,86.1,86.1,84,84.2,196,122678,10395558.7
24 AUG 2021,88.7,88.7,82.5,86.1,285,345638,29773016.9
23 AUG 2021,92,93,90.5,90.8,256,290042,26422293.8
20 AUG 2021,90.8,91,90,90.7,179,92241,8339739.2
19 AUG 2021,91,91.5,89.7,91,142,118342,10696138.1
18 AUG 2021,92.2,92.2,90.1,90.7,153,90199,8227131.5
17 AUG 2021,93,93,92,92.6,85,30410,2818227.1
16 AUG 2021,94.8,94.8,90,91.9,134,131482,12090981.2
13 AUG 2021,87.7,89,87,87.1,78,70680,6155380.1
12 AUG 2021,90,90,87,87.8,122,112958,9957185.9
11 AUG 2021,89.9,90.3,89.5,90,87,194352,17475141.3
10 AUG 2021,91.9,91.9,89.1,90.2,185,554702,50237126.7
9 AUG 2021,91,92.9,91,91.9,43,48665,4459185.9
6 AUG 2021,91.5,92.9,90.2,92.2,53,55837,5111419.6
5 AUG 2021,94,94,91,91.7,176,313111,28979003.5
4 AUG 2021,94.3,94.9,94,94,66,92798,8727954.7
3 AUG 2021,94.5,95,93.2,94,76,55954,5279470.1
2 AUG 2021,95,95,93.2,93.9,73,37393,3534075.7
30 JUL 2021,97,97,94.6,95,119,86872,8268603.9
29 JUL 2021,93.3,97,93,95.7,336,363562,34775138.2
28 JUL 2021,91.4,93.2,91.4,93.1,66,26297,2441186
27 JUL 2021,93.5,93.5,91,91.5,77,42366,3887230.1
26 JUL 2021,92,94.5,92,92.8,120,82000,7653343.3
22 JUL 2021,92.8,93.1,91.3,92.5,90,65743,6071443.8
20 JUL 2021,91,93.5,91,92.8,195,164533,15153609.2
19 JUL 2021,91,91,89.5,90.5,77,44012,3967133.8
16 JUL 2021,91.2,92,89.9,90,106,107765,9716607
15 JUL 2021,91.3,92,89.5,91.1,118,63491,5742746.2
14 JUL 2021,92.8,94,90,91.5,199,187435,17329904.1
13 JUL 2021,86.5,92,86.2,91.6,624,595565,53369004
12 JUL 2021,85.5,86.9,85.5,86.1,57,30779,2646189.1
9 JUL 2021,86,86,84.8,85.2,65,20687,1759904.9
8 JUL 2021,85.6,87,84.8,85.2,46,15182,1298321.8
7 JUL 2021,85,86,84.2,85,53,49169,4178260
6 JUL 2021,84.1,84.7,83.8,84.4,50,26399,2224930.4
5 JUL 2021,84.7,84.7,83.8,84,49,8034,676742
2 JUL 2021,84.5,84.7,84,84.2,87,80914,6801539
1 JUL 2021,84,84.5,84,84,80,155853,13092396.5
30 JUN 2021,84,84.5,83,84.3,44,28030,2351508.2
29 JUN 2021,84.3,85.5,83.1,83.9,66,28578,2397745.6
28 JUN 2021,84.2,84.4,83.9,84.1,61,18962,1593996.3
25 JUN 2021,85,85,84,84.2,104,49245,4149205.4
23 JUN 2021,84.8,86.2,84.1,84.5,42,6434,543898.9
22 JUN 2021,86.5,86.5,84.5,84.8,40,18508,1572742.1
21 JUN 2021,85.8,86,85,85,67,31100,2649518.3
18 JUN 2021,86,86,85.4,85.5,23,7099,608297.3
17 JUN 2021,86.4,86.5,85.4,86,62,44887,3844262.3
16 JUN 2021,86.5,86.9,85.2,86.4,41,13496,1164132.7
15 JUN 2021,86,86.5,85.6,85.6,65,29401,2530489.9
14 JUN 2021,86,86.5,85.7,86,33,11675,1006908.3
11 JUN 2021,86.4,86.5,86,86.1,67,63563,5487397.5
10 JUN 2021,86.1,87,85.6,86.3,40,13850,1195207.5
9 JUN 2021,87,87.5,85.8,86.9,33,12859,1116870.4
8 JUN 2021,87.3,87.7,85,87.3,73,49734,4302686.9
7 JUN 2021,88,88,85.5,87.3,31,9622,841041.8
4 JUN 2021,86.5,87.9,85.5,87,165,106492,9269159.8
3 JUN 2021,85,86,84.6,85.7,60,22156,1888468.5
2 JUN 2021,84.5,85.4,83.9,85.2,59,55968,4765227.8
1 JUN 2021,84.8,84.8,84,84.3,65,37894,3197983
31 MAY 2021,85.1,85.8,84.7,85,61,62024,5274303.4
28 MAY 2021,85,85.9,85,85.3,38,28457,2427233.3
25 MAY 2021,83.6,85,83.3,85,18,661,55541
24 MAY 2021,83.7,84.9,83.4,83.5,52,20178,1685329.3
21 MAY 2021,85,85,83.1,84.5,67,93786,7935644.4
20 MAY 2021,85,86,84.3,85.1,98,89337,7595476
19 MAY 2021,84.5,86,84.5,85,34,22858,1940839.4
18 MAY 2021,85,86,84.1,85.3,82,69204,5882111
17 MAY 2021,85,85.9,84.8,85.1,59,22390,1904683.9
13 MAY 2021,84.8,85,83,84.4,108,69782,5873015.7
12 MAY 2021,84,84.9,83.5,84,46,52220,4387948.2
11 MAY 2021,84,84.5,83.7,84.5,25,32291,2723822
10 MAY 2021,84.1,85,82.8,83.1,64,25682,2156959
7 MAY 2021,83.6,85,83.5,84.3,37,40300,3376453.3
6 MAY 2021,83.6,85,83.6,84.4,22,5426,457783.3
5 MAY 2021,83.3,84,83.3,83.9,18,4877,407375.4
4 MAY 2021,84.9,84.9,83,83.7,49,79889,6676200
3 MAY 2021,84,87.9,83,83,56,51884,4380575.8
30 APR 2021,84.9,85,84,84,15,4155,349751.5
29 APR 2021,85.9,85.9,82.8,84,60,59777,5026976.1
28 APR 2021,81,86,81,84,71,60930,5078369.1
27 APR 2021,82.5,83,81.2,81.3,78,51386,4188844.9
23 APR 2021,84.2,85.8,81.7,83.4,67,53850,4481669.8
22 APR 2021,87,87.4,84,85,83,68581,5853896.6
21 APR 2021,85.3,87.4,85,87,53,271779,23244920.1
20 APR 2021,87.9,88.1,84,85.4,172,187345,16189829.7
19 APR 2021,89.4,89.4,87.9,88.1,108,76103,6708006.4
16 APR 2021,91,91,87,89.4,163,153125,13620160.6
15 APR 2021,88.4,91,87.6,90.6,258,228716,20454584.9
12 APR 2021,86.8,88,86.5,87.6,105,66175,5791457.9
9 APR 2021,86.9,87.9,85.2,86.1,138,107487,9351299.8
8 APR 2021,85,87,84,85.9,111,101759,8677900.3
7 APR 2021,85.2,86.5,84.5,85.1,198,199300,16999470.5
6 APR 2021,82.9,85,81.1,84.8,185,155405,13068018.4
5 APR 2021,80,82.5,79.7,81.9,219,449161,36428330.2
1 APR 2021,78,80.5,77.5,79.6,64,45140,3582098.8
31 MAR 2021,77,78.9,76.2,78,67,140182,10893080.1
30 MAR 2021,77,77.7,75.1,76.2,40,18928,1439649.6
29 MAR 2021,76.3,76.9,75,76.8,21,2957,224616.1
26 MAR 2021,76.8,76.8,75,76.3,53,16374,1237723.3
25 MAR 2021,78.8,78.8,74.6,75.3,94,26614,2035579.1
24 MAR 2021,71.4,79.4,71.4,78,110,41704,3179238.6
23 MAR 2021,72,74,71.5,71.9,88,52544,3771947
22 MAR 2021,73,74.1,71,72.4,73,51165,3704231.4
19 MAR 2021,71.1,73.4,70,71,113,155352,11010779.7
18 MAR 2021,73.5,73.5,70.1,70.9,84,30734,2170245.6
17 MAR 2021,76.5,76.5,73.5,73.6,40,8758,652806.2
16 MAR 2021,75.8,76.8,74,74.1,68,26511,1983209.1
15 MAR 2021,77,77.5,75.6,75.8,58,8556,652693
12 MAR 2021,81,81,76.2,76.5,64,22951,1797190.5
10 MAR 2021,78,81.5,76.1,76.9,66,36900,2848313.5
9 MAR 2021,79,83,78,78.8,168,155074,12381362.8
8 MAR 2021,75,80,72,77.4,180,225001,16578530.6
5 MAR 2021,74,74,70,72.2,212,243026,17351606.7
4 MAR 2021,77,78,71.8,72.2,94,110809,8095937.6
3 MAR 2021,76.5,77,74.5,75,102,69894,5298702.4
2 MAR 2021,77.6,77.6,76,76.5,46,35402,2714184.7
1 MAR 2021,79.1,80,77,77.5,72,37052,2916306.5
25 FEB 2021,79.9,80,77.5,78.9,53,36330,2830138.6
24 FEB 2021,78,80,76,77.1,87,97712,7585843
23 FEB 2021,79.9,80,75,77.4,138,112536,8572493.2
22 FEB 2021,84,84,80,80,99,61490,4938602
19 FEB 2021,83.9,86.4,80,80.5,158,101123,8230652.2
18 FEB 2021,80,83.9,80,83.6,119,81270,6585700
17 FEB 2021,83,83,78,79.4,201,156840,12437358.9
16 FEB 2021,85.5,85.5,82.9,83.1,59,16780,1400277.5
15 FEB 2021,89.2,89.2,83.5,85.1,102,51438,4368993.3
12 FEB 2021,82,89,82,88.3,101,86131,7473766.8
11 FEB 2021,86.8,86.8,70,80.4,162,333380,26579765.7
10 FEB 2021,89,89,83,85.2,146,156260,13379818.2
9 FEB 2021,89.9,89.9,87,88.1,121,76875,6763870.9
8 FEB 2021,93,93,89.1,90,82,71624,6476858
5 FEB 2021,92,93,92,92.9,95,87255,8091515.2
3 FEB 2021,86,92,86,90.8,194,162531,14542010
2 FEB 2021,93.2,93.5,75,83.3,275,457424,40608254.4
1 FEB 2021,96.9,98,92.1,93.2,154,167423,16027252.8
29 JAN 2021,104,105,92,94.2,358,793441,78478890.6
27 JAN 2021,104.75,104.75,96.5,100.75,279,525623,52970161.15
26 JAN 2021,106,106,102.5,104,189,277304,28701094.25
25 JAN 2021,108.5,109,103.5,105.75,214,226577,23918020.5
22 JAN 2021,112,112,103,109.5,352,552024,59984877.75
21 JAN 2021,102.5,111.5,100,109.75,646,1091370,116688913.5
20 JAN 2021,102.5,103,99,100,286,867648,87075069.25
19 JAN 2021,102,104,97.4,99,326,612720,61721738.35
18 JAN 2021,102,102.5,97.5,101.5,435,1118148,113042208
15 JAN 2021,102.25,103.5,98,99.7,622,1232947,124622129.9
13 JAN 2021,96,102,95.6,99.8,784,1634473,161967552.6
12 JAN 2021,94,96.3,91.5,95.4,410,799573,74805262.7
11 JAN 2021,93.4,96,93.2,94,275,324397,30558968.5
8 JAN 2021,93,94.9,93,94,162,392791,36860274.9
7 JAN 2021,94.9,95.4,93,93.1,321,532401,50139068.4
6 JAN 2021,95.5,96,92.6,94.6,569,811632,76791546
5 JAN 2021,91.4,96.2,90.5,94.6,1069,1552538,145024717.3
4 JAN 2021,86.8,91.5,86.4,89.5,503,676337,59858293.7
31 DEC 2020,86,87,85.7,86.5,236,213560,18465460.9
30 DEC 2020,83.7,86,83.5,85.9,259,403399,34363187.5
28 DEC 2020,83,83.8,83,83.6,106,89667,7475742.3
24 DEC 2020,83.8,84.7,82.8,83.8,212,167342,13923101.6
23 DEC 2020,84.5,84.9,83.8,84.1,117,155922,13163430.1
22 DEC 2020,83.9,84.5,83.4,84.3,205,355492,29866175.8
21 DEC 2020,84,84,82.7,82.9,189,145300,12045155.4
18 DEC 2020,83.8,84,82.8,83.5,150,75241,6272956.7
17 DEC 2020,84.5,85,83.6,83.9,164,117222,9862046.2
16 DEC 2020,84.7,85,83,83.7,173,94441,7947716
15 DEC 2020,85.6,86,84.5,84.7,134,87861,7475911.9
14 DEC 2020,85.7,86.5,84.8,85,123,85561,7307490.9
11 DEC 2020,85.5,86.7,84.6,85.7,147,133030,11344278.3
10 DEC 2020,87.3,87.5,85,85,183,130657,11169678.9
9 DEC 2020,86.5,87.5,84.6,86.8,263,169388,14657650
8 DEC 2020,85,86,84.7,85.5,210,153414,13089082.1
7 DEC 2020,85.6,85.6,84,84.5,344,239650,20334455.7
4 DEC 2020,87,87,85.2,85.4,285,109671,9372529.8
3 DEC 2020,87.9,87.9,84,86.1,818,527441,45322119.4
2 DEC 2020,92,92,89.6,91.2,967,775077,70212064.8
1 DEC 2020,94,94,92,92.5,631,417653,38767021.6
30 NOV 2020,90.4,94,90,93.8,707,681291,63174712.6
27 NOV 2020,88.7,90,88,89.9,523,602260,53897223.1
26 NOV 2020,89,89.5,87.6,88.1,557,335606,29666241.3
25 NOV 2020,87,89,86.4,88.8,1514,1840645,161105259
24 NOV 2020,83,84.5,82.9,83.8,437,473319,39787920.4
23 NOV 2020,79.8,84,78.4,80.7,291,899107,72401570
20 NOV 2020,79,81.7,79,80,102,77529,6206358.4
19 NOV 2020,80.2,80.2,79,79.9,58,57656,4564273.6
18 NOV 2020,83,83,80,80.5,118,142192,11501879.7
17 NOV 2020,78.7,81,78.1,80.5,93,73071,5872465.3
16 NOV 2020,80.5,80.5,77,78.5,145,131649,10286565.3
13 NOV 2020,81.7,81.7,79.8,80.1,65,76111,6093332.4
12 NOV 2020,80.2,80.2,79,79.8,143,137714,10984102
11 NOV 2020,80.3,80.9,77.5,80.8,185,132853,10600433.4
10 NOV 2020,83,84,79.9,80.3,163,160644,13025502.8
9 NOV 2020,85.7,85.7,82,82.2,177,216332,17984103.3
6 NOV 2020,82,85.9,82,84.9,370,598042,50172890.2
5 NOV 2020,82,83,80,81.8,222,221614,18023182.3
4 NOV 2020,83,83.9,80,81,143,103200,8397608.4
3 NOV 2020,79.6,83,79.1,81.4,126,167241,13561274.3
2 NOV 2020,79,81.9,79,79.5,43,41759,3334773.3
29 OCT 2020,77,81.8,76.9,79.7,122,196156,15624567.8
28 OCT 2020,79.5,81.4,75.1,77.5,132,131655,10228298.8
27 OCT 2020,80,81.9,79.6,80,137,194776,15586201.3
26 OCT 2020,81.6,82.1,79.1,80.3,145,216466,17376515.2
23 OCT 2020,83.2,87,82.2,82.6,207,519275,43630452.6
22 OCT 2020,80,85.9,78.8,82.3,219,374247,30715119.3
21 OCT 2020,86.1,86.1,80,80.5,413,727806,59422284.9
20 OCT 2020,87.5,90,85,86.5,274,465725,40722831.8
19 OCT 2020,93,93,85,87.2,826,942796,83584762.2
16 OCT 2020,92,94.9,90.1,92.8,937,2629570,244731917.5
15 OCT 2020,78.5,90,78.5,85.6,925,3657749,307705807.2
14 OCT 2020,76.4,78.1,74.9,77.6,87,110976,8504641.4
13 OCT 2020,76.6,77.9,75,75.5,73,118139,8945981
12 OCT 2020,77.5,78.9,76.3,76.6,130,220204,16955232.4
9 OCT 2020,77,78.5,76,77,162,255336,19713626.9
8 OCT 2020,74.5,76.9,74.5,75.6,128,135872,10260416.8
7 OCT 2020,72,76,72,74.1,152,127305,9459422.2
6 OCT 2020,72,79,70,73.6,295,474056,35185652.4
5 OCT 2020,79,79,72,74.1,267,683968,51100956.8
2 OCT 2020,81,82.9,79.8,81.4,161,290068,23452633.3
30 SEP 2020,81,82,79,79.6,172,532759,42598797.4
29 SEP 2020,82,82,75,80.1,201,428821,34199722.4
28 SEP 2020,83,84,81.6,82,182,336353,27755423.6
25 SEP 2020,82.5,83.6,82,82.8,134,341127,28186650.5
24 SEP 2020,82.4,82.5,81,82,204,590779,48384573.6
23 SEP 2020,80,82.5,80,81.2,341,1465626,118389537.7
22 SEP 2020,78.5,80.9,78,79.8,428,1901142,151476171.4
21 SEP 2020,77,78.5,75,77.7,272,631450,48498663.8
18 SEP 2020,75.1,77,74,74.6,198,237366,17858611.7
17 SEP 2020,77.5,77.5,75,75.6,166,331308,24965023.6
16 SEP 2020,79,80,76.7,77.2,196,418690,32726256.9
15 SEP 2020,74.6,79,74.5,77.5,325,1237921,94651449.9
14 SEP 2020,72.3,74.6,72.3,74.2,210,274671,20356916.6
11 SEP 2020,70.9,72.5,70,72,154,187171,13384021.7
10 SEP 2020,70,71.8,70,70.5,281,608492,43130552.4
9 SEP 2020,68,70,67,69.6,243,770588,53518819.8
8 SEP 2020,66.8,68.5,65.7,66.8,229,349704,23253434
7 SEP 2020,62.5,67,62.5,66.8,411,762817,49299957.2
4 SEP 2020,60.2,62.5,60,62.1,190,384205,23293934
3 SEP 2020,63,63,61.5,61.9,128,104652,6497638.2
2 SEP 2020,64.4,64.8,62.4,62.6,220,282249,17868980.3
31 AUG 2020,62.1,64.4,62.1,63.9,248,332832,21118534.7
28 AUG 2020,58.5,62,58.5,61.8,381,1600741,97773255.2
27 AUG 2020,57,61.9,56.8,60,188,260731,15617499.5
26 AUG 2020,57.5,58,57,57,49,24391,1390657
25 AUG 2020,58.5,58.5,57,57.5,94,56381,3250743.8
24 AUG 2020,58.2,59.7,58,58.4,109,135151,7975000.2
21 AUG 2020,59.2,59.8,57,58.2,98,74806,4369996.7
20 AUG 2020,54.5,59.8,53.5,59.2,261,359984,20563771.4
19 AUG 2020,51,54.7,51,54.2,216,342857,18169591.9
18 AUG 2020,50,51.9,49,51,261,485595,24742837.9
17 AUG 2020,47.9,50,47,48.7,48,33201,1609234.7
14 AUG 2020,47.2,48,46.5,48,45,28443,1356583.3
13 AUG 2020,47,48,47,47.1,10,3201,150907.8
12 AUG 2020,45,46.9,45,46.5,31,21727,992696.5
11 AUG 2020,47,47,45,46.1,17,77546,3497127.5
10 AUG 2020,47,47,46,46.4,12,3398,157032.3
7 AUG 2020,46.5,47.5,46.1,46.7,50,74544,3487707.9
6 AUG 2020,45.5,46,45.5,46,17,4735,217440
5 AUG 2020,45.1,45.2,45,45,12,4950,222802
4 AUG 2020,46.8,46.8,45.5,46.2,14,4090,189335
31 JUL 2020,45.5,46.4,45.5,46.4,6,1400,64780
30 JUL 2020,46,46,45,45.1,9,10020,452325
29 JUL 2020,46.8,46.8,45,45.2,13,10360,468035.7
28 JUL 2020,46.9,47,46,46.8,16,10248,474222.7
27 JUL 2020,46.1,46.5,45.9,46,20,5947,273744.5
24 JUL 2020,44.6,46.5,44.6,45,11,18131,812136.5
23 JUL 2020,43.7,46,43.7,44.8,45,40881,1832297.5
22 JUL 2020,42,43,42,43,18,17260,737170
21 JUL 2020,41.5,42.7,41.5,42,18,26051,1091927.7
20 JUL 2020,41.9,41.9,41.9,41.9,4,1100,46090
17 JUL 2020,41.5,41.5,41,41.5,21,9971,413793.5
16 JUL 2020,40.6,42,39.6,40.1,10,1103,44210.2
15 JUL 2020,40,40,40,40,3,2200,88000
14 JUL 2020,40.6,40.6,39.2,40.6,2,2513,102026.4
13 JUL 2020,40.5,40.6,39,39.7,20,7260,293297.5
10 JUL 2020,42,42,40.6,41,28,11005,454231.4
9 JUL 2020,42.3,42.4,42,42.3,9,3155,133276
8 JUL 2020,41.3,42,41.3,41.7,8,3755,155601.5
7 JUL 2020,41.1,42.5,41.1,41.1,5,1582,65720.2
3 JUL 2020,41.2,41.5,40.5,41.1,17,17201,706534.5
2 JUL 2020,41.7,42.4,41.4,41.4,20,35120,1454773
1 JUL 2020,42.7,44,41.7,41.9,10,2770,117284.5
30 JUN 2020,42.5,42.5,41.5,42.2,18,10465,441862.5
29 JUN 2020,42.4,42.7,42,42.5,17,4465,188402
26 JUN 2020,41.2,42.3,41,42.2,29,23695,974949
25 JUN 2020,40.7,42.8,40.7,41,22,17927,746837.4
24 JUN 2020,41.1,42.4,40.5,40.7,8,3200,130087
23 JUN 2020,41,42.5,40.5,41.1,10,2525,103854
22 JUN 2020,41.8,42,41,41.8,24,8548,356767.5
19 JUN 2020,41.8,41.9,40.1,40.7,9,1879,76477.7
18 JUN 2020,41.6,41.6,40.5,40.5,6,1641,66558.5
17 JUN 2020,42,42,40,40.8,9,1903,78296.6
16 JUN 2020,41,42,41,41.9,11,1627,67874
15 JUN 2020,41,41,41,41,2,2200,90200
12 JUN 2020,41,41,40,40,5,3000,120400
11 JUN 2020,42,42,41,41,3,1070,44072
10 JUN 2020,42,42.5,40,41,17,7069,289049.5
9 JUN 2020,40.5,42,40.4,41.8,18,8745,359642.5
8 JUN 2020,39.9,40.5,39.9,40,11,5123,205113.5
4 JUN 2020,39.9,39.9,39.9,39.7,1,20,798
3 JUN 2020,39,40,37,39.7,8,790,30358
1 JUN 2020,39.1,39.1,39,39,6,1335,52075
29 MAY 2020,40.5,40.5,39,39.9,21,2410,96428.3
28 MAY 2020,40.5,41,40.5,40.7,8,1625,66156
27 MAY 2020,39,39,39,39,2,300,11700
26 MAY 2020,40,40,35.7,36.1,15,1571,60708
22 MAY 2020,39.5,39.5,35,35.4,14,4301,152045.5
21 MAY 2020,39,39.5,38.5,38.9,8,7360,289578.3
20 MAY 2020,39.5,39.5,38,39,6,89,3471
19 MAY 2020,39.5,39.5,39,39,7,765,29892.5
18 MAY 2020,39.7,39.7,39.3,39.4,8,1518,59879.8
15 MAY 2020,34.1,37,34,34.2,3,208,7106
14 MAY 2020,39,39.7,37.8,38.1,9,1125,42917.7
13 MAY 2020,38.5,40,38.5,39.9,9,1051,41921.5
12 MAY 2020,32.9,34,32.9,33.1,12,14936,492025.1
11 MAY 2020,32,32,32,33.1,1,5,160
20 MAR 2020,33.2,33.2,33.1,33.1,7,5525,182878
13 MAR 2020,34.5,35,32,35,54,20805,717634
12 MAR 2020,35.9,35.9,34.5,35,29,32265,1131957.1
11 MAR 2020,37,37,37,37,7,9500,351500
10 MAR 2020,37,37,35.1,36,30,26685,955602.4
6 MAR 2020,39,39,37.5,37.5,27,9714,366399.7
5 MAR 2020,38.1,38.5,38,38,20,13954,530266
4 MAR 2020,39.5,39.5,38,38.5,47,89286,3445245.3
3 MAR 2020,39.9,39.9,39,39.6,31,27195,1080020.5
2 MAR 2020,39.8,40,39.8,39.9,6,5000,199506
28 FEB 2020,39.5,39.5,37.1,37.7,61,28944,1103662.9
27 FEB 2020,40,41,39.5,40.1,44,17706,705908
26 FEB 2020,42,42,39,40.5,37,18802,758606.5
25 FEB 2020,42,42,42,42,3,317,13314
24 FEB 2020,43.3,43.3,40.5,42,16,2667,109866
20 FEB 2020,43.6,43.6,43.2,43.3,10,8439,365603.5
19 FEB 2020,43.5,44,43.5,44,7,8515,374152.5
18 FEB 2020,44,44.4,43.5,44,5,4073,179302.5
17 FEB 2020,45,45,44,44,6,6342,279334
14 FEB 2020,44.2,44.2,44.2,44.7,2,34,1502.8
13 FEB 2020,45,45,44.3,44.7,19,8700,387976.2
12 FEB 2020,44.6,44.6,44.1,44.2,10,9300,414034
11 FEB 2020,44.7,45,44.6,45,5,3991,178236.6
10 FEB 2020,45,45,44.6,45,8,2920,130633.9
7 FEB 2020,45,45,44.5,44.6,6,6235,277981
5 FEB 2020,44.1,44.3,44,44.1,6,540,23823
3 FEB 2020,44.1,44.1,44,44,6,1666,73440.6
31 JAN 2020,45,45,44,44.1,6,4785,211248
30 JAN 2020,44.1,45,44,44,11,5163,227432
29 JAN 2020,44.2,44.2,44,44.1,5,6000,264190
28 JAN 2020,45.8,45.8,44,44.9,17,4745,211633.5
27 JAN 2020,46,46,45.9,45.1,2,11,505
24 JAN 2020,47.2,47.5,45.1,45.1,4,789,36269.6
23 JAN 2020,45,47,45,47,10,4890,220585
22 JAN 2020,47.2,47.2,47.2,44.6,1,1,47.2
21 JAN 2020,44.5,46,44.5,44.6,2,109,4864
20 JAN 2020,45,45,44,44,4,275,12101
17 JAN 2020,44.1,45,44,45,6,1290,57550.1
16 JAN 2020,44.5,44.5,44,44,5,450,19863
14 JAN 2020,45.2,46.4,44.5,44.5,11,1644,73679
13 JAN 2020,47,47,45.2,46.8,6,328,15361.3
9 JAN 2020,45.9,47,45,45,11,4300,195697
8 JAN 2020,45.9,45.9,43,44,22,11460,505076
7 JAN 2020,45.4,46,45,45.7,20,8084,366577.6
6 JAN 2020,47.5,47.5,45.4,46.9,8,1998,93901.1
2 JAN 2020,47.2,48.5,47,47.2,19,2217,104708
31 DEC 2019,47.2,49.9,47.2,49.6,22,3164,152373.7
30 DEC 2019,47.2,47.2,47.2,47,1,59,2784.8
26 DEC 2019,48.3,49,48.3,47,7,46,2222.5
24 DEC 2019,48.3,48.3,48.3,47,1,10,483
23 DEC 2019,47.4,48,47,47,21,70690,3388625.4
20 DEC 2019,47.5,47.5,45.5,46,7,2897,133469.2
20 DEC 2019,47.5,47.5,45.5,46,7,2897,133469.2
19 DEC 2019,45.5,47.5,45.5,45.6,5,217,9903.5
18 DEC 2019,45.5,45.5,45.5,45.5,1,250,11375
16 DEC 2019,46.1,46.1,45,45.1,20,11051,502187
13 DEC 2019,48.6,49,45,46.2,23,10841,501131.6
12 DEC 2019,48,48,48,48,12,2970,142560
10 DEC 2019,47.9,47.9,46.9,46.9,10,1169,54975.1
9 DEC 2019,48.1,48.1,48,48,6,1761,84528.1
6 DEC 2019,48.2,48.2,48.2,49,1,33,1590.6
5 DEC 2019,49.9,50,48.1,49,4,13,632.7
4 DEC 2019,49.6,50,48.5,49,12,20241,993759.6
3 DEC 2019,49.9,50.9,48.1,48.9,16,7482,375161.5
2 DEC 2019,49.5,49.5,49.5,49.5,1,25,1237.5
29 NOV 2019,50.8,50.9,49,49.5,28,44531,2244542.5
28 NOV 2019,50.5,51,49.6,50,23,25128,1263390
27 NOV 2019,48.1,50,48.1,49.9,101,121055,6042343.3
26 NOV 2019,48.4,48.4,48,48,16,5454,261886.8
25 NOV 2019,48.5,48.5,47.5,48,18,5206,250709.2
22 NOV 2019,49.4,49.5,48.5,48.7,9,7751,377429.2
21 NOV 2019,50,50,48.5,48.7,12,2735,134247.5
20 NOV 2019,48.5,51,48.5,50,58,97927,4891966
19 NOV 2019,46,50,46,48.3,56,15579,766618.2
18 NOV 2019,47.5,47.8,45,47.5,30,25512,1212196.6
15 NOV 2019,46,47.5,45.1,47.2,22,20549,965314.1
14 NOV 2019,44.6,46.8,44.6,44.9,30,2067,93101
13 NOV 2019,44,46,44,44.5,19,3010,132849
8 NOV 2019,46.1,46.7,43.9,44.2,53,22102,980612
7 NOV 2019,46.8,46.8,46.1,46.1,16,7005,327205.5
6 NOV 2019,47.2,48.9,47,47,17,1895,89301.4
5 NOV 2019,49.4,49.5,48.8,49.4,7,517,25559
4 NOV 2019,47.1,48.5,47,48.5,10,6569,309783.9
1 NOV 2019,47.5,49.8,47.5,49.5,28,15960,769266.3
30 OCT 2019,45.1,48.2,45,48,41,34696,1661816.8
29 OCT 2019,47.5,47.8,45,45.3,17,9095,422698.2
28 OCT 2019,46.8,48,45,47.8,25,58818,2814088.2
25 OCT 2019,45,46.8,45,45.8,26,39441,1802174.3
24 OCT 2019,44.2,45.8,44.2,44.9,22,10485,472215.2
23 OCT 2019,45,45.2,44.2,45,15,8658,388008.4
22 OCT 2019,43.8,44.5,43,44.5,22,27170,1204801.8
21 OCT 2019,43,43.8,41.8,43,6,1077,46280.6
18 OCT 2019,43,43,43,43,3,3515,151145
17 OCT 2019,43,43,42.5,42.5,7,2820,120210
16 OCT 2019,41.1,41.6,41.1,42.5,2,32,1330.7
15 OCT 2019,42,43.9,42,42.5,6,75162,3194296.2
14 OCT 2019,43.9,45,43.5,44,24,19500,857985.2
11 OCT 2019,41,43.9,40.7,42.1,19,16870,710554
10 OCT 2019,42,42,41,41,4,330,13750
9 OCT 2019,41.5,42,41.5,42,6,3425,142760.1
8 OCT 2019,39.7,41.8,39.5,41.8,6,2005,79858
7 OCT 2019,39.5,41.9,39.5,41.6,14,6789,278190.8
4 OCT 2019,39.5,39.5,39.5,39.5,2,202,7979
3 OCT 2019,39.1,39.1,38.1,39.1,11,2320,90293.5
1 OCT 2019,41,42,41,41.9,4,2000,83853.6
30 SEP 2019,40,40,39,40,5,2450,97020
27 SEP 2019,38.5,40,38.5,39.8,6,2613,103920
26 SEP 2019,39,40,38.9,39.1,4,535,20890
25 SEP 2019,39.3,40,39.3,39.8,3,142,5652
24 SEP 2019,41.9,41.9,39,39,9,14064,548643
20 SEP 2019,40,40,40,40,1,500,20000
19 SEP 2019,39,39,39,39,3,1000,39000
18 SEP 2019,39,39,39,39,1,500,19500
17 SEP 2019,39,39.1,39,39,4,1070,41740
16 SEP 2019,38.6,39.2,38.6,39,7,3305,128813.6
12 SEP 2019,38.9,39,38.9,39,2,600,23390
9 SEP 2019,40,40.4,40,40.3,6,1309,52453.6
6 SEP 2019,39.6,39.6,37,38,19,8920,339247
5 SEP 2019,39.6,40.4,39.5,39.5,16,4089,161585
4 SEP 2019,40.5,40.5,39.8,40,4,65,2593.5
3 SEP 2019,40,40.5,40,40,4,221,8840.5
2 SEP 2019,41,41,41,41.8,1,10,410
30 AUG 2019,41.7,41.8,41.7,41.8,2,500,20890
29 AUG 2019,40.5,41.5,40,41.4,11,1192,48802.5
28 AUG 2019,40.5,40.5,40,40,4,5035,201417.5
27 AUG 2019,39.6,39.6,39.5,39.5,12,1700,67180
26 AUG 2019,40.1,40.1,40,40,5,1249,49964.9
23 AUG 2019,40.2,40.2,40,40,17,1707,68384.6
22 AUG 2019,40.2,40.2,40.1,40.2,6,480,19280
21 AUG 2019,41.5,41.5,41.5,41,1,2,83
20 AUG 2019,41,41.5,41,41,2,110,4515
19 AUG 2019,40.7,40.7,40,40,17,10610,424915.4
16 AUG 2019,41.4,41.4,41.4,40.5,5,33,1366.2
15 AUG 2019,40.5,40.5,40.5,40.5,9,609,24664.5
13 AUG 2019,41.8,42,40,41.3,48,21249,873428.9
9 AUG 2019,41.5,41.9,41.4,41.5,9,3005,124989
8 AUG 2019,42,42,41.8,41.4,2,60,2518
7 AUG 2019,40,41.9,40,41.4,9,10762,431175
6 AUG 2019,40.2,40.2,40,40,10,12256,490940
5 AUG 2019,41.5,41.5,40,40.2,27,3852,154951.9
2 AUG 2019,40,42,40,41.8,6,197,8230.1
1 AUG 2019,41,43.9,40.1,42.4,8,575,23877.5
31 JUL 2019,41.8,42.5,41.1,42,28,12271,515165.6
30 JUL 2019,43.1,43.9,41.8,41.9,57,18585,785232.1
29 JUL 2019,42.5,44.9,42.5,44.1,99,65157,2829781.3
26 JUL 2019,41.6,43,41.2,42.1,37,8237,348924.9
25 JUL 2019,42.8,42.8,40.5,41.6,49,13674,568974.5
24 JUL 2019,40,43,40,42.2,79,214251,8643375.6
23 JUL 2019,40.8,40.8,39.1,39.2,56,37593,1480379.4
22 JUL 2019,39,41,38.8,39,126,105946,4154594
19 JUL 2019,37.5,38.9,37.5,38.8,9,1656,64133.5
18 JUL 2019,37.2,37.9,37.1,37.8,10,9879,371743.4
17 JUL 2019,37,37.9,37,37.8,15,8939,335029.1
15 JUL 2019,36.9,37,36.9,37,7,1465,54161.4
12 JUL 2019,36.5,37.1,36,37.1,7,11000,399559.9
11 JUL 2019,37,37,36.1,36.5,11,1245,45906
10 JUL 2019,36.5,37.9,36.5,37,19,17293,639927.5
9 JUL 2019,36,36.8,36,36.3,6,1635,59096
8 JUL 2019,36,36,36,36,1,1,36
5 JUL 2019,38,38.3,36,36,4,303,11127.5
5 JUL 2019,38,38.3,36,36,4,303,11127.5
4 JUL 2019,34.9,39,34.9,37.2,40,73140,2679690.8
3 JUL 2019,34.8,34.8,34.8,34.9,3,55,1914
27 JUN 2019,33.1,34.9,33,34.9,8,1790,60069.1
26 JUN 2019,34.7,34.7,33.8,33.8,2,1100,37270
25 JUN 2019,34,34,34,34,1,1607,54638
24 JUN 2019,34,34,33,33,6,7555,249558
21 JUN 2019,34.9,34.9,33,33,8,20001,660046.9
19 JUN 2019,35,35,33,33.8,8,521,17636.2
18 JUN 2019,34,34,33,33,28,23174,765049.4
13 JUN 2019,35.5,35.7,35.5,35.5,3,500,17770
12 JUN 2019,35,35,35,35,4,400,14000
11 JUN 2019,35,35,35,34.8,1,10,350
7 JUN 2019,33.5,34.8,33.5,34.8,4,250,8505
4 JUN 2019,33.6,34.9,33.6,33.8,8,875,29517.5
3 JUN 2019,34.5,34.5,34.5,35,1,4,138
31 MAY 2019,35,35,35,35,8,6955,243425
30 MAY 2019,36.4,36.9,35,35.5,13,4503,158910.3
29 MAY 2019,34,36,34,35.2,26,25671,903521.5
28 MAY 2019,33.2,33.2,33,33.1,6,1068,35328
24 MAY 2019,34.9,34.9,33,34,20,7867,268689.5
23 MAY 2019,34.4,35,33.1,34,38,25620,882706.4
22 MAY 2019,32,35,31,34.5,36,31972,1072151.1
21 MAY 2019,31.5,32,31.5,31.5,16,11424,360006
17 MAY 2019,31,31.5,31,31.4,3,300,9405
16 MAY 2019,30.9,31,30.9,31,30,33800,1047718.9
15 MAY 2019,30,30.9,29.6,30,45,1276268,43124589.2
14 MAY 2019,30,30.9,29.5,29.9,15,3790,113349.6
13 MAY 2019,30,30.9,30,30.6,5,2100,63990
10 MAY 2019,30.9,30.9,30,30.9,4,301,9300
9 MAY 2019,30,30,29.5,29.5,3,200,5950
8 MAY 2019,29.3,29.3,29.3,29.3,4,210,6153
7 MAY 2019,31.2,31.2,29,29.3,19,8784,257942.4
6 MAY 2019,30.6,30.6,30.1,30.2,8,3000,90740.3
3 MAY 2019,30.8,30.8,30.6,30.7,7,195,5992
2 MAY 2019,31.3,31.3,31.3,31.3,1,200,6260
30 APR 2019,31.3,31.3,30.5,30.9,21,2782,85928.2
29 APR 2019,32,32,31.3,31.4,23,6409,201873.1
26 APR 2019,32,32,31.4,31.8,5,1988,63316.2
25 APR 2019,32,32,32,32,2,130,4160
24 APR 2019,32,32.9,32,32.9,12,21201,696657.9
23 APR 2019,33.2,33.2,32,32.2,8,910,29816.5
18 APR 2019,33,33.6,33,33.5,8,2788,93174
17 APR 2019,33.1,33.1,33.1,33.1,2,24,794.4
16 APR 2019,33,33.1,33,33.1,3,119,3937
12 APR 2019,32.9,32.9,32.9,32.1,1,90,2961
11 APR 2019,32.9,32.9,32.9,32.1,1,10,329
10 APR 2019,32.1,33,32.1,32.1,9,2725,87477
9 APR 2019,32.1,33,32.1,32.2,24,41991,1380891.1
8 APR 2019,33.8,33.8,33.2,33.2,2,509,16904.2
5 APR 2019,33,33.8,33,33,6,1401,46233.8
4 APR 2019,33,33.6,33,33,21,7104,234804.3
3 APR 2019,33,33,32.9,32.9,4,772,25428.8
2 APR 2019,32,32,32,32,1,100,3200
1 APR 2019,31.8,32.3,31.8,32,17,5762,184346.6
29 MAR 2019,31.2,31.8,30.6,30.9,31,7105,219509.2
28 MAR 2019,32.3,32.3,32.3,32.3,1,200,6460
27 MAR 2019,31.4,32.4,31,31.1,12,52050,1616773.8
26 MAR 2019,31.5,31.6,31.3,31.5,17,13901,435640.6
25 MAR 2019,32.1,32.1,31.8,31.9,5,275,8762.5
22 MAR 2019,31.8,34.8,31.8,32,2,2,66.6
21 MAR 2019,32,32,32,32,7,3851,123232
19 MAR 2019,33.9,33.9,32,32.1,25,20751,665439.4
15 MAR 2019,34.9,35,33.7,34.9,13,731616,27415000.4
14 MAR 2019,33.5,33.7,32.9,33.5,23,15200,509018
13 MAR 2019,31.7,33.5,30.1,31.7,34,26980,858665.2
12 MAR 2019,32.7,32.8,30.5,32.7,10,4135,131737.5
11 MAR 2019,30.4,33,30,30.4,21,8101,248869
8 MAR 2019,33.3,33.5,33,33.3,7,3435,114922.9
7 MAR 2019,33.2,33.3,33.2,33.2,4,720,23906
5 MAR 2019,33.5,34,33.5,33.5,3,1035,34690
1 MAR 2019,33.5,34,33.5,33.5,7,1410,47240
28 FEB 2019,33.7,33.8,33.7,33.7,5,200,6744
27 FEB 2019,34,35,34,34,6,8009,272606
26 FEB 2019,35,35,33.7,35,8,2005,68257.5
25 FEB 2019,34,34,34,34,4,250,8500
22 FEB 2019,34.6,34.8,34,34.6,11,2884,99386
21 FEB 2019,34.8,35.5,34,34.8,8,1205,41946.5
20 FEB 2019,36.9,37.1,36.8,36.9,28,13149,485437.9
18 FEB 2019,37.4,37.5,37.2,37.4,6,1479,55336.6
15 FEB 2019,37.4,37.5,37.2,37.4,7,2565,95958
14 FEB 2019,37.1,37.5,36.8,37.1,12,10969,406501.8
13 FEB 2019,36.8,37,36.8,36.8,18,4168,153755.4
12 FEB 2019,37,39.9,36,37,27,5773,214398.9
11 FEB 2019,34.7,34.7,34.7,34.7,2,2782,96535.4
8 FEB 2019,34.9,35,34.5,34.9,5,7158,249910
7 FEB 2019,34.5,34.6,34.5,34.5,9,10050,346825
6 FEB 2019,34.5,35,34.5,34.5,10,2894,101137.5
5 FEB 2019,35,35,35,35,13,4959,173565
1 FEB 2019,35,36,35,35,17,6985,244918.7
31 JAN 2019,35.7,35.7,35.7,35.7,2,1000,35700
30 JAN 2019,36.4,36.4,36.4,36.4,1,413,15033.2
29 JAN 2019,36,36,35.9,36,3,4382,157463.8
28 JAN 2019,36,36,36,36,4,2000,72000
25 JAN 2019,36,36,36,36,1,1000,36000
24 JAN 2019,36,36.9,35.8,36,3,1002,36072.7
22 JAN 2019,36,36,36,36,1,20,720
21 JAN 2019,36,37.4,35.7,36,6,2102,75643.2
17 JAN 2019,36,37,36,36,2,2001,72037
14 JAN 2019,37,37.7,35.7,37,2,31,1166.7
11 JAN 2019,37,37,37,37,1,100,3700
10 JAN 2019,35.7,35.7,35.7,35.7,5,397,14172.9
8 JAN 2019,35.7,35.7,35.7,35.7,1,200,7140
7 JAN 2019,36,37,35.7,36,3,433,15586
4 JAN 2019,35.6,35.6,35.6,35.6,6,201,7155.6
3 JAN 2019,36.7,37.9,36.7,36.7,3,250,9186.7
31 DEC 2018,35.9,36,35.5,35.9,5,1250,44875
27 DEC 2018,36.7,36.9,36.6,36.7,3,111,4078.6
21 DEC 2018,35.2,37.7,37.7,35.2,1,10,377
20 DEC 2018,35.2,35.2,35.1,35.2,6,100,3516.1
19 DEC 2018,35.1,35.2,35.1,35.1,4,600,21077.5
18 DEC 2018,35.2,35.7,35.1,35.2,7,1850,65198.1
17 DEC 2018,35.7,35.7,35.7,35.7,4,1030,36771
14 DEC 2018,36.8,36.8,35.7,36.8,5,321,11811.7
13 DEC 2018,36.1,36.1,36,36.1,3,580,20930
12 DEC 2018,35.7,35.7,35.7,35.7,4,220,7854
10 DEC 2018,35.7,36,35.5,35.7,14,1580,56370.5
5 DEC 2018,36.3,36.9,35.7,36.3,8,601,21834.6
4 DEC 2018,35.8,36.6,35.7,35.8,32,21151,758348.7
3 DEC 2018,36.1,36.1,36.1,36.1,2,200,7220
30 NOV 2018,36.7,37.5,35.8,36.7,23,4001,146068.8
29 NOV 2018,38,38,37.9,38,3,501,19037.9
28 NOV 2018,36.2,38,35.2,36.2,10,922,33386.8
27 NOV 2018,38,38,38,38,1,200,7600
26 NOV 2018,38,38,37.9,38,3,600,22777.7
23 NOV 2018,35.5,36.9,35,35.5,10,11500,407724.4
21 NOV 2018,36.8,36.8,36.8,36.8,1,100,3680
19 NOV 2018,36.8,37,36.8,36.8,7,1335,49345.3
16 NOV 2018,37,37,36.9,37,3,250,9243.8
15 NOV 2018,37,38,37,37,7,12305,456490
14 NOV 2018,37.3,37.6,37,37.3,13,5425,203431.5
13 NOV 2018,39,39,39,39,8,2910,113490
12 NOV 2018,37.7,38,37.5,37.7,8,2000,75250
9 NOV 2018,38,38,37.4,38,10,11637,438520
8 NOV 2018,36.5,36.9,36.5,36.5,7,1905,69542.5
7 NOV 2018,37,38,36.5,37,16,9673,363145.4
5 NOV 2018,38.1,38.2,38,38.1,2,860,32780
2 NOV 2018,40,40,38.2,40,9,820,32571.2
1 NOV 2018,40,42,38,40,42,27322,1082141.1
31 OCT 2018,37.9,38.3,36.6,37.9,23,8620,322730
30 OCT 2018,36.9,37.4,36.1,36.9,22,15584,574552.2
29 OCT 2018,36.4,37.4,36,36.4,8,2900,105430
26 OCT 2018,35,35.4,35,35,10,1409,49397.7
25 OCT 2018,34.9,34.9,34.9,34.9,1,700,24430
22 OCT 2018,34.9,35,34.8,34.9,3,3250,113550
19 OCT 2018,35,35,35,35,2,966,33810
18 OCT 2018,35,35.1,35,35,7,1125,39377
17 OCT 2018,35,35,34.6,35,20,51000,1784600
16 OCT 2018,35,35,34.6,35,18,117810,4123224
15 OCT 2018,35,35.3,34.5,35,22,64668,2262300.1
12 OCT 2018,35,35.4,35,35,10,6332,221635.3
11 OCT 2018,35,35.5,35,35,12,6020,210812
10 OCT 2018,35.2,36.4,35,35.2,11,6030,211988.4
9 OCT 2018,35.5,35.5,35.5,35.5,3,201,7135.5
8 OCT 2018,35.4,36.4,36.4,35.4,1,10,364
5 OCT 2018,35.4,36,34.7,35.4,25,36604,1289895.3
4 OCT 2018,35,35,35,35,7,11870,415450
3 OCT 2018,35,35,34.8,35,15,38060,1332060
2 OCT 2018,35,35,34.7,35,9,80033,2801145.1
1 OCT 2018,35,35.3,34.5,35,13,10287,360597.6
28 SEP 2018,35.1,35.1,34,34.9,5,206,7100.6
26 SEP 2018,33.5,35.1,33.5,35.1,8,3604,122978
25 SEP 2018,34.5,34.5,33,33.5,12,1214,40753
21 SEP 2018,35,35,34.5,34.5,3,100,3453.5
20 SEP 2018,35.9,36,35.9,36,3,220,7911.4
19 SEP 2018,35.1,35.7,35,35.7,10,6400,224090
18 SEP 2018,36.5,36.5,35.9,35.9,9,4652,167672
17 SEP 2018,37.5,37.9,37,37.1,11,3021,112152.3
14 SEP 2018,37.7,37.7,37.5,37.7,9,2001,75437.5
12 SEP 2018,38,38,37.7,38,2,1048,39809.6
11 SEP 2018,38,38,38,38,5,461,17518
7 SEP 2018,39.5,39.5,39.5,39.5,1,2,79
5 SEP 2018,36.1,39.5,36.1,39.5,4,1003,39609.3
4 SEP 2018,38,39.5,38,39.5,4,101100,3841950
31 AUG 2018,38.5,39.6,37.3,39.5,6,1052,41014.6
30 AUG 2018,37.4,38.6,37.4,38.1,9,1296,48995.8
29 AUG 2018,36,37.4,35.6,35.7,7,1714,61240.2
28 AUG 2018,36.4,36.4,36,36.1,11,2615,94476.5
27 AUG 2018,36.5,36.5,36.4,36.4,7,1920,69993
24 AUG 2018,36.5,37.4,36.2,36.4,9,767,27975.8
23 AUG 2018,37.4,37.4,36.5,36.5,3,1952,71271
21 AUG 2018,37.1,37.1,36.9,37,6,2652,98133.5
20 AUG 2018,36.5,37.5,36.2,37.5,8,768,28029.2
17 AUG 2018,37.5,37.5,37,37,12,1475,54878
16 AUG 2018,37.3,37.3,37.3,37.5,1,9,335.7
15 AUG 2018,37.6,37.6,37.5,37.5,11,3069,115090
14 AUG 2018,38.9,38.9,37.5,38,8,511,19419
13 AUG 2018,39,39,38,38,14,3012,114509.5
10 AUG 2018,38.5,39,38,38,23,11936,454159.6
9 AUG 2018,39,39,38.5,38.5,5,1339,51552
8 AUG 2018,39,39,38.5,38.5,46,28010,1081521.5
7 AUG 2018,39,39,39,39,1,2200,85800
6 AUG 2018,38.6,39,38.6,39,8,2703,104899.8
3 AUG 2018,38.5,38.5,38.5,38.5,5,2840,109340
2 AUG 2018,39,39,38.5,38.5,7,1060,41260
31 JUL 2018,39.1,39.1,38.1,38.7,9,2920,113281.9
30 JUL 2018,39.1,39.4,39,39.4,11,3173,124432.4
26 JUL 2018,39.5,39.5,39.5,39.1,1,10,395
25 JUL 2018,39.4,39.4,39,39.1,5,3756,146621.4
24 JUL 2018,39.3,39.3,39,39.1,12,1700,66472.5
23 JUL 2018,40.5,40.5,39.4,39.4,22,18409,735047.9
20 JUL 2018,40.5,40.5,40,40.4,32,13290,536304.4
19 JUL 2018,40.5,40.5,40.5,40.5,28,28832,1167696
18 JUL 2018,40.7,40.7,40.6,40.6,15,5415,219849.5
17 JUL 2018,41,41.8,40.5,40.5,27,19809,809217.9
16 JUL 2018,41,41,40.5,40.6,28,5962,242691.4
13 JUL 2018,41,41,40.9,40.9,18,5447,223021.1
12 JUL 2018,40.4,40.4,39.5,39.5,21,10676,422052.5
11 JUL 2018,40.4,40.4,40.4,40.4,2,300,12120
10 JUL 2018,40.7,40.7,40.6,40.7,2,239,9726.8
9 JUL 2018,39.3,41,39.3,39.3,8,25407,998506.7
6 JUL 2018,39.2,39.6,39.1,39.3,23,77227,3036823
5 JUL 2018,39,39,38.8,39,9,11348,442472
4 JUL 2018,38.8,38.8,38.8,38.8,6,6250,242500
3 JUL 2018,38.8,39,38.8,38.8,10,2605,101171.6
2 JUL 2018,38.9,39,38.8,39,6,2025,78716.3
29 JUN 2018,39,39,38.7,39,8,2260,88010.2
26 JUN 2018,39.2,39.2,38.9,39,21,5003,195565.9
25 JUN 2018,39.1,39.1,38.9,39.1,7,4200,164130
22 JUN 2018,38.6,39.9,38.6,39,7,11191,436491
21 JUN 2018,39,39,38.6,38.6,9,2130,82489.7
20 JUN 2018,39,40,39,39,9,9510,371840
19 JUN 2018,41,41,38.9,39,11,15264,595300.9
18 JUN 2018,40,40,39,39.1,30,7866,309014.3
14 JUN 2018,41,41,40,40,12,15127,606180
13 JUN 2018,39.2,40.4,39.2,40.1,5,3293,131604.7
12 JUN 2018,39.2,39.2,39.2,39.2,2,807,31634.4
11 JUN 2018,40,40.4,39.1,39.2,16,15008,598639
8 JUN 2018,39.3,40,39.2,39.9,8,880,34663
7 JUN 2018,40.4,40.4,40,40,3,106,4242.4
6 JUN 2018,40,40,39.2,39.2,8,100400,3937090
5 JUN 2018,39.3,39.5,39.1,39.5,34,381240,14941189.2
4 JUN 2018,39,40,38.9,40,22,14500,566393.5
1 JUN 2018,40.4,40.4,39,39.1,46,13312,523897.5
31 MAY 2018,40.5,40.6,40.4,40.5,21,6373,258143.5
30 MAY 2018,41,41,40.6,40.9,6,1047,42868.2
28 MAY 2018,41,41,40.6,40.9,12,10307,421713.9
25 MAY 2018,41,41,40.5,41,16,7308,299590.4
24 MAY 2018,41,41.5,41,41,18,37850,1553125
23 MAY 2018,40,41.9,40,41,19,25130,1020608.3
22 MAY 2018,42.7,42.7,40,41.8,25,4900,203489
21 MAY 2018,42.8,43.5,42.7,42.9,12,4928,211089.1
18 MAY 2018,43,44,43,43.1,5,2401,103274
16 MAY 2018,44.6,44.6,44,43,2,3,132.6
15 MAY 2018,44.7,44.7,42.6,43,6,2289,98420.7
14 MAY 2018,43.5,43.5,43,43,20,15624,671922.6
11 MAY 2018,43.5,43.5,43.4,43.4,5,961,41747.4
10 MAY 2018,44.6,44.6,44,44,3,2410,106160
8 MAY 2018,45.7,45.7,45,43.4,2,21,945.7
4 MAY 2018,43.5,43.5,43.4,43.4,2,100,4342
3 MAY 2018,45.6,45.6,42,42.5,29,34744,1476669
2 MAY 2018,46.2,46.2,46,46,8,11250,517560
1 MAY 2018,47.5,47.9,46.2,47.7,5,151,7201.2
27 APR 2018,46.5,46.5,45.5,46.5,9,1685,78296.5
25 APR 2018,45,46.5,45,46.5,7,1060,48450
24 APR 2018,45.5,45.5,45.1,45.2,18,1926,87203
23 APR 2018,45.6,46,45.6,45.6,5,49,2236.4
20 APR 2018,45.6,45.6,45.6,45.6,3,1105,50388
19 APR 2018,45.9,45.9,45.5,45.6,7,497,22678.1
18 APR 2018,46,46,46,46,12,2082,95772
17 APR 2018,46,46.1,46,46,7,100999,4645959
11 APR 2018,47,47,46.5,46.5,3,1014,47258
9 APR 2018,46,48,45,45,4,3301,148558
6 APR 2018,48.2,48.2,48.2,48.2,2,8000,385600
5 APR 2018,45.8,48.9,45.5,45.6,14,3100,141360.8
29 MAR 2018,45.7,49.3,45.7,49.2,9,1700,83050
28 MAR 2018,46.9,49.5,46.9,46.9,3,101,4739.5
27 MAR 2018,46,46,45.5,45.8,8,1990,91065
26 MAR 2018,46.6,46.6,46.5,46.5,4,900,41860
23 MAR 2018,47,47,47,47,2,351,16497
22 MAR 2018,46.2,46.2,46.2,46.2,1,250,11550
21 MAR 2018,46.3,46.3,46.2,46.2,3,130,6008.5
20 MAR 2018,47,47,46.6,46.6,9,1702,79514
19 MAR 2018,48,48,48,48,4,6000,288000
16 MAR 2018,49.5,49.5,49.5,49,1,1,49.5
15 MAR 2018,49,49,49,49,8,25150,1232350
14 MAR 2018,48,49.5,48,49,39,24660,1199815.9
13 MAR 2018,48,49,48,48.3,32,7175,345059.4
12 MAR 2018,47.1,48,46,47.6,18,4440,209840.9
9 MAR 2018,45.2,47.3,45.2,46,7,759,35693.4
8 MAR 2018,47.5,47.5,45,45.1,12,3602,162476.1
7 MAR 2018,47.8,48,45.2,45.3,16,3151,144649.4
6 MAR 2018,47,47,46.2,46.2,16,10051,468759
5 MAR 2018,47.9,47.9,45.2,45.2,3,301,13617.8
2 MAR 2018,45,48.5,45,45.4,22,1581238,79037922.6
28 FEB 2018,45,45,43.8,44.3,6,3749,165651.2
27 FEB 2018,45,45,45,45,1,200,9000
26 FEB 2018,44.2,46,43.1,44.9,17,5564,241149.9
23 FEB 2018,44,46.3,44,46.3,4,10000,444102
22 FEB 2018,45,45,44,44.1,14,6816,305004
21 FEB 2018,45,45,44.9,45,10,20458,920509.1
20 FEB 2018,45.1,45.1,45,45,12,9100,409518.7
19 FEB 2018,45,45,45,46.3,1,3,135
16 FEB 2018,45.5,47,45.5,46.3,10,3138,143584
15 FEB 2018,46,46,45.5,45.5,13,17680,805181
14 FEB 2018,46.8,46.9,46,46.8,4,280,13109
12 FEB 2018,47,47,47,46,1,1,47
9 FEB 2018,45,47.2,45,46,16,3897,177259.9
8 FEB 2018,47.4,47.4,45,45.1,14,4439,200819
7 FEB 2018,44.9,44.9,44.9,45.3,1,4,179.6
6 FEB 2018,45.5,45.6,45.1,45.3,10,1422,64414.7
2 FEB 2018,44.6,47.5,44.6,47.5,4,209,9912.6
1 FEB 2018,47.9,47.9,47.9,47.9,1,1,47.9
30 JAN 2018,46,47.9,46,47.9,13,2471,116203.4
29 JAN 2018,45.9,46,45.9,46,9,1460,67114.1
26 JAN 2018,46,46,44.1,45,8,2504,112394
25 JAN 2018,44.2,44.5,44,44.1,17,1823,80432.2
24 JAN 2018,45,45,44,44.1,12,7972,352200.7
23 JAN 2018,46,46,44.1,44.5,16,5740,261546
19 JAN 2018,45.9,46,45.9,46,6,3000,137950
18 JAN 2018,43.5,46,43,46,18,21000,906050
17 JAN 2018,44.6,44.6,43,43.3,13,4480,193906
16 JAN 2018,45.5,45.5,44.2,44.7,14,3912,176477.4
12 JAN 2018,46,46,45.3,45.9,7,3225,148070
11 JAN 2018,47.9,47.9,45.2,45.2,3,224,10137.6
10 JAN 2018,45.3,45.3,45.2,45.3,5,1200,54350
9 JAN 2018,47.8,47.8,45.2,45.2,7,3459,157649.4
5 JAN 2018,46.9,47.8,46.9,47.4,9,2716,128262.5
4 JAN 2018,47.8,48,47.8,47.9,5,1200,57500
3 JAN 2018,44.9,47.9,44,47.2,22,6487,294132.3
2 JAN 2018,44.4,44.9,44.4,44.9,2,4496,201720.4
29 DEC 2017,44.4,44.4,44.4,44.4,1,100,4440
28 DEC 2017,42.3,44.9,42.3,44.8,4,2806,123819.2
27 DEC 2017,43,45,42,45,26,9499,407437.5
26 DEC 2017,42,43,42,42,3,502,21085
22 DEC 2017,42.3,42.5,42,42,25,6474,272565.9
21 DEC 2017,43.2,43.2,42,42.2,12,4500,190186.2
20 DEC 2017,43.2,43.3,43,43.1,11,1281,55230.6
19 DEC 2017,43.3,43.3,43.3,43.3,2,6,259.8
18 DEC 2017,43.3,43.3,43.3,43.3,1,100,4330
15 DEC 2017,44,44,44,44,5,1622,71368
13 DEC 2017,43.5,43.5,43.5,43.5,2,120,5220
12 DEC 2017,44.5,44.5,43,43.2,11,2062,89044
11 DEC 2017,45,45,43.8,45,3,16,710.6
7 DEC 2017,45,45,44.5,45,2,1002,45089
6 DEC 2017,43.8,44.5,43,43.6,15,2667,116225.5
5 DEC 2017,43.7,46,43.7,45,19,3717,167083.5
30 NOV 2017,44,46.5,44,46.4,20,3200,143446.3
29 NOV 2017,45.1,46.3,45,45.2,5,7000,316400
28 NOV 2017,46,46,45,45,28,106889,4813243.7
27 NOV 2017,46,46.5,46,46,11,5293,243494.5
24 NOV 2017,47,47,47,47,1,5,235
23 NOV 2017,46.1,47,46,47,9,1713,79823.6
22 NOV 2017,46.4,46.4,46.4,46.6,1,3,139.2
21 NOV 2017,46.5,47,46.5,46.6,10,3357,156253
20 NOV 2017,47.7,47.7,46.7,47,16,66101,3138195.3
17 NOV 2017,47.5,47.6,47.1,47.5,24,7773,369206.9
16 NOV 2017,47.5,48,47.5,48,12,4406,211388
15 NOV 2017,48.9,48.9,47.5,48.3,7,1503,71806.7
14 NOV 2017,47.6,47.6,47.5,47.6,12,3900,185420.4
13 NOV 2017,48,48.1,47.6,47.7,12,1550,74210.5
10 NOV 2017,48,48,47.6,47.6,5,972,46271.8
8 NOV 2017,48.2,48.2,48.2,48,2,10,482
7 NOV 2017,48,48,48,48,4,282,13536
6 NOV 2017,48.1,48.3,48.1,48.3,9,1189,57226.9
2 NOV 2017,49,49,48,48.1,22,3728,179590.6
1 NOV 2017,49.2,49.2,49,49.1,11,2104,103250
31 OCT 2017,49.9,49.9,49.9,49.9,1,100,4990
30 OCT 2017,50,50,49.7,50,5,2001,99750
27 OCT 2017,50,50,49.9,50,11,1391,69482.1
26 OCT 2017,50.5,50.5,49.7,49.7,14,13810,689601
25 OCT 2017,50,50.5,49.3,50,58,74323,3714137.5
24 OCT 2017,49.5,50,49.3,49.9,6,4615,230183.5
23 OCT 2017,49.5,49.5,49.3,49.5,8,2850,141067.8
20 OCT 2017,49.9,49.9,49.5,49.5,5,205,10149.5
19 OCT 2017,50,50,50,50,4,230,11500
16 OCT 2017,50,50,50,50,4,2138,106900
13 OCT 2017,49.2,50,49.2,50,18,8700,434966
12 OCT 2017,50,50,49.4,49.4,7,2210,109240.7
11 OCT 2017,49.9,50,49.9,50,22,11670,583480
10 OCT 2017,49.9,49.9,49,49.1,10,1140,56610
9 OCT 2017,49.9,49.9,49.9,49.9,1,300,14970
6 OCT 2017,50,50,49,49.3,19,5454,269848
4 OCT 2017,49.5,50,49.5,49.8,6,2997,149351.5
3 OCT 2017,50,50,49.5,49.9,9,2765,138098.5
2 OCT 2017,50.5,51,50,50,24,64255,3213380
29 SEP 2017,51,51,51,51,1,200,10200
28 SEP 2017,50.2,51,49,51,21,3159,158332.6
27 SEP 2017,51,51,50.9,50.9,2,800,40740
26 SEP 2017,50,50,49.6,49.9,12,2678,133727.9
25 SEP 2017,51,51,50,50,15,1307,65480.8
22 SEP 2017,50.2,51,50,50.1,11,2253,112808
21 SEP 2017,51,51,50.1,50.3,10,1000,50609.6
20 SEP 2017,51,51,51,50.5,1,5,255
19 SEP 2017,50.5,51.9,50.1,50.5,19,18315,928986.3
18 SEP 2017,51,51.5,51,51,7,208,10647.5
15 SEP 2017,51.4,51.4,50.5,51.3,12,1110,56144
14 SEP 2017,51,51,51,52,3,10,510
13 SEP 2017,52.8,52.8,52,52,4,42,2208
12 SEP 2017,50.4,52,50.1,52,6,550,27757.8
11 SEP 2017,53,53,53,53,4,130,6890
8 SEP 2017,50.5,53,50.5,50.5,5,1514,76492
7 SEP 2017,52.9,52.9,50.1,50.1,6,610,30593.6
6 SEP 2017,53,53,49.5,49.6,30,4712,235819.5
4 SEP 2017,53,53,53,53,1,26,1378
31 AUG 2017,53,53,52.9,53,8,1014,53712
30 AUG 2017,51.3,53,51.2,52.9,16,3323,172913.2
28 AUG 2017,57.6,57.6,51,53.3,7,422,22245.2
25 AUG 2017,50,52,50,52,14,21240,1084030
24 AUG 2017,51,51,50.1,50.8,2,200,10155
23 AUG 2017,50.6,50.6,50,50.1,12,421,21127.4
22 AUG 2017,52,52,50.7,50.8,19,3199,162457.3
21 AUG 2017,50.9,52.5,50.9,50.9,4,65,3324.5
18 AUG 2017,51,53,50.6,50.9,5,112,5700
17 AUG 2017,52.6,52.6,52.6,50.9,2,19,999.4
16 AUG 2017,52.7,52.7,50.7,50.9,9,1026,52232
15 AUG 2017,52.7,52.7,51,51,29,3082,157939.8
14 AUG 2017,53,53,52.7,52.7,5,404,21291.4
11 AUG 2017,53,53,53,53,6,142,7526
10 AUG 2017,52.8,53,52.7,52.7,4,537,28303.9
9 AUG 2017,53,53.8,53,53.1,5,1110,58848
8 AUG 2017,53.8,53.8,52.7,52.7,8,331,17551.5
4 AUG 2017,54,54,52.7,53.9,3,238,12687.3
3 AUG 2017,52.7,54,52.6,52.7,17,2151,113329.4
2 AUG 2017,52.6,54.5,52.6,52.3,4,9,485.4
1 AUG 2017,53.5,53.5,52,52.3,14,1735,91153.1
31 JUL 2017,54.1,54.1,53.5,53.7,5,161,8648.9
28 JUL 2017,52.2,54.9,52,54.7,19,11949,632697
27 JUL 2017,53.1,53.1,52.5,53,32,10269,541996.5
26 JUL 2017,54,54,53,53.2,36,7842,416846.1
25 JUL 2017,55,55,54,54.1,10,2923,158056.7
24 JUL 2017,55.8,55.8,54.9,55,30,7091,390688.4
21 JUL 2017,56,56,55.7,55.7,6,1101,61361
20 JUL 2017,58,58,55,57.8,38,7985,446324.6
19 JUL 2017,59.9,59.9,58.3,59,27,4509,265795
18 JUL 2017,59,59.2,59,59,23,18215,1074970
17 JUL 2017,59,59.4,58.6,59,12,6062,356462.8
14 JUL 2017,59,59.4,58.6,59,20,19212,1133147.6
13 JUL 2017,59,59.4,58.7,59,17,15527,916100.7
12 JUL 2017,57.7,59.4,57.7,59,75,49804,2923910.5
11 JUL 2017,56.2,56.4,56.2,56.2,9,3005,168926
10 JUL 2017,56.2,58,56,58,15,16590,931419.7
7 JUL 2017,57,57.3,56.1,56.2,15,5000,280996.5
6 JUL 2017,57.5,57.5,57.4,57.4,3,1535,88162.5
5 JUL 2017,55.9,55.9,55.9,55.9,3,150,8385
4 JUL 2017,56.5,56.5,56,56,13,1660,93478.9
3 JUL 2017,57,57,57,57,8,4700,267900
30 JUN 2017,56.1,57.5,56,57.4,13,5070,286991
29 JUN 2017,56.9,57,56,56,25,22440,1258033.3
28 JUN 2017,57,57,56,56.1,15,10072,564760.2
27 JUN 2017,56.5,57.5,56,56.5,15,7203,406921.3
23 JUN 2017,57,57,56.8,56.9,5,5325,303160
22 JUN 2017,57,57,56,56,5,5785,325595.5
21 JUN 2017,57.9,57.9,56.5,57,9,2506,142987.8
20 JUN 2017,56.5,57,56,57,21,9692,547026.4
19 JUN 2017,57.5,58,56.5,57,7,4588,261727
16 JUN 2017,56.3,57.7,56.3,57.5,3,103,5920.3
15 JUN 2017,57.8,57.8,57.2,57.2,3,206,11786.7
14 JUN 2017,56.7,57.6,56.5,56.6,19,10668,604268.2
13 JUN 2017,56.3,56.9,56,56.8,19,6434,361200.3
12 JUN 2017,57,57,56.2,57,11,2553,144822
7 JUN 2017,56.1,58.3,56,56.7,17,7600,430888.8
6 JUN 2017,58.5,58.5,56.2,56.5,7,2329,131635.5
2 JUN 2017,57.9,57.9,56.1,57.5,4,255,14674.5
1 JUN 2017,56.5,57,56,56.1,16,8184,458995
31 MAY 2017,58.4,58.4,58.4,58.4,1,200,11680
30 MAY 2017,56.6,57,56.5,57,14,5347,304382.5
29 MAY 2017,57,57,56.6,56.7,3,515,29189
26 MAY 2017,58.5,58.5,56.9,58.5,10,3883,227096.8
25 MAY 2017,57.9,58.5,56.6,58.1,8,8455,492907.5
24 MAY 2017,56.3,58,56.2,57.9,10,4792,272342
23 MAY 2017,59.9,59.9,57,57,4,4964,282953.8
22 MAY 2017,59.5,59.5,59.5,59.5,1,120,7140
19 MAY 2017,59.8,59.8,59.8,58,1,1,59.8
18 MAY 2017,58,58,58,58,1,2000,116000
17 MAY 2017,58,58,57,57.1,3,965,55155
16 MAY 2017,57.1,59,57,58,10,1245,71077
15 MAY 2017,57.2,57.2,57.2,57.2,3,1000,57200
12 MAY 2017,55.6,60,55.6,59.9,3,501,30015.6
9 MAY 2017,59.2,59.9,59.2,59.5,10,7095,421830.5
8 MAY 2017,59.5,60,59.5,59.9,3,1201,71960
5 MAY 2017,59.9,60,59.5,59.5,10,14357,856166.6
4 MAY 2017,59.9,60,59.9,60,10,17493,1049532.1
3 MAY 2017,59.9,60,59.5,59.5,6,21171,1270054.9
2 MAY 2017,60,60.9,59.9,60.7,10,5846,352560.5
28 APR 2017,60,62,60,60.1,6,4500,271210
27 APR 2017,58.6,61,58.6,60,18,19652,1178949
25 APR 2017,59.4,60,59.4,59.5,16,12800,762445
24 APR 2017,59.5,59.5,59.5,59.5,9,5836,347242
21 APR 2017,59.8,62,59.3,60,33,34870,2101830
20 APR 2017,59,60,59,59.9,56,97364,5839386
19 APR 2017,58,59,57,59,29,37321,2200912.5
18 APR 2017,56.1,59,55.4,56.8,34,6414,366340.3
17 APR 2017,59,59.5,56,59.1,8,1212,71580.5
12 APR 2017,57,59,57,59,25,40148,2313597
11 APR 2017,57,57,57,57,2,501,28557
7 APR 2017,55.3,56.5,54,56.5,12,5074,277940
6 APR 2017,59,59,55,58.9,7,14375,797785
5 APR 2017,55,57,55,55.1,40,84473,4651293
4 APR 2017,53,55,53,55,2,1080,59240
3 APR 2017,52.5,52.5,52.5,52.5,3,2000,105000
31 MAR 2017,55,55,52.6,55,12,5501,300115
29 MAR 2017,55,55,53,54.3,19,7495,409725
28 MAR 2017,52.3,52.5,52.2,52.5,4,910,47609.8
24 MAR 2017,52.2,53,52.2,52.2,5,2621,136817
22 MAR 2017,52.3,52.4,52.3,52.3,4,110,5753.9
21 MAR 2017,52.4,52.4,52.4,54,1,1,52.4
17 MAR 2017,52.9,52.9,52.9,54,1,14,740.6
16 MAR 2017,54,54,54,54,1,1000,54000
15 MAR 2017,52.9,55,52.9,55,6,1510,81979
14 MAR 2017,53.1,53.5,53,53.5,10,6171,327670
13 MAR 2017,53.4,53.4,53,53,6,1138,60323
10 MAR 2017,54.1,55,52.8,53.9,10,11000,593327.6
9 MAR 2017,54.1,55.5,54.1,54.2,6,1917,103764.6
8 MAR 2017,56,56,54.1,54.3,7,20258,1114021.5
7 MAR 2017,55.1,55.1,55,55.1,4,35,1925.5
6 MAR 2017,57,57,55,55.1,9,7003,385375.5
3 MAR 2017,56,56,56,56,3,635,35560
2 MAR 2017,56.1,56.1,56,56.1,5,1114,62485
1 MAR 2017,56.2,56.2,56.2,56.2,3,652,36642.4
28 FEB 2017,58,58,56.2,58,9,2801,161129.2
27 FEB 2017,56.6,56.6,56.6,56.6,7,9508,538152.8
23 FEB 2017,56.6,56.6,56.6,56.6,1,1920,108672
22 FEB 2017,57,57,56.6,56.9,6,150,8530
21 FEB 2017,59,59,59,56.5,1,2,118
20 FEB 2017,57,57,56.5,56.5,4,1825,103117.5
16 FEB 2017,57.1,57.1,57,57,8,2680,152772.7
15 FEB 2017,57.1,59.5,57.1,58,2,11,630.5
13 FEB 2017,57,59,57,58,5,404,23436
8 FEB 2017,56.6,60,56.6,59.4,3,1015,60249
7 FEB 2017,56.5,56.5,56.5,56.5,2,3402,192213
6 FEB 2017,58.9,58.9,55.6,56.1,10,3045,172900.4
2 FEB 2017,59.1,59.1,59,59.1,8,1830,108110
1 FEB 2017,59.1,59.1,59,59,9,17106,1010904
31 JAN 2017,59.6,59.6,59.1,59.1,11,2440,144976
30 JAN 2017,60.1,61.8,60,60,7,3550,213090.4
27 JAN 2017,60.1,60.1,60,60,2,240,14405
26 JAN 2017,60.5,61.9,60.1,61.9,5,1501,91118.1
25 JAN 2017,62,62,62,62,1,4,248
23 JAN 2017,62,62,62,62,1,500,31000
18 JAN 2017,62,62.1,60.6,61,6,3050,186831
17 JAN 2017,64.7,64.8,62,64.8,9,17956,1119413
16 JAN 2017,62,64.9,62,64.7,8,2500,156360
13 JAN 2017,62,65,62,65,7,8080,524960
11 JAN 2017,60.8,62,60.2,60.9,53,66625,4055464.6
10 JAN 2017,60,60.8,60,60,6,9213,552782.4
9 JAN 2017,60.1,61,60,60.1,9,1035,62155
5 JAN 2017,60.5,60.5,60.3,60.3,6,1281,77400.3
4 JAN 2017,60.6,60.6,60.5,60.5,8,2420,146431
3 JAN 2017,60.5,60.7,60.5,60.5,13,4200,254150
30 DEC 2016,62.3,65,60.3,64.9,20,5764,370133.2
29 DEC 2016,63,63,63,62.8,1,16,1008
28 DEC 2016,62.5,62.9,62.5,62.8,4,180,11295
27 DEC 2016,60.3,60.3,60.1,60.1,3,2000,120220
23 DEC 2016,60.4,60.4,60.2,60.2,10,1200,72253
22 DEC 2016,62.5,62.5,62.5,62,1,10,625
20 DEC 2016,62,62,61,62,2,5018,311098
19 DEC 2016,64,64,61,61.1,11,3550,217665
16 DEC 2016,62.5,62.5,62.5,62.5,2,998,62375
15 DEC 2016,63,63,62.2,62.5,12,3438,214772.2
14 DEC 2016,64,64,63,63,4,832,52417
9 DEC 2016,64,64,64,64,3,250,16000
8 DEC 2016,63,63,63,63,1,400,25200
7 DEC 2016,65,65,63,63,12,11502,724630.9
6 DEC 2016,63,63,63,63,1,2499,157437
5 DEC 2016,64,64,62.5,64,5,6101,390462.5
2 DEC 2016,64,64.5,64,64.1,13,10370,663720
30 NOV 2016,61.6,64,61.1,63.2,11,2939,183962.7
29 NOV 2016,61.7,63,61.4,61.5,8,502,30861.3
25 NOV 2016,64,64,63.9,64,9,2300,147170
24 NOV 2016,62,63.9,62,63.9,6,6480,404060
23 NOV 2016,62.5,62.8,62,62,7,5103,318888.4
22 NOV 2016,61.1,61.1,61.1,61.1,4,550,33605
21 NOV 2016,64,64,64,64,1,100,6400
18 NOV 2016,62,64.8,62,64.8,4,1099,68418
17 NOV 2016,62,62,62,62,2,240,14880
16 NOV 2016,62,62,62,65,2,80,4960
15 NOV 2016,65.1,65.1,65,65,4,2000,130002
10 NOV 2016,66,66,66,66,1,500,33000
9 NOV 2016,65.1,65.1,65.1,65.1,2,3000,195300
8 NOV 2016,65.2,65.2,65.2,65.1,2,70,4564
7 NOV 2016,65.1,65.1,65.1,65.1,10,3040,197904
4 NOV 2016,65,65,65,65,3,516,33540
3 NOV 2016,65,65,65,65,2,101,6565
2 NOV 2016,65.5,65.5,65.5,65.5,1,1000,65500
31 OCT 2016,64.4,65.5,64.4,65.5,5,3300,213800
28 OCT 2016,65,67,65,65,3,1940,126110
27 OCT 2016,65,65,65,65,2,2000,130000
25 OCT 2016,65,65,65,65,2,210,13650
24 OCT 2016,65,65,65,65,6,25800,1677000
21 OCT 2016,65,65,65,65,4,10200,663000
20 OCT 2016,65.2,65.2,65,65,9,4040,262600.4
19 OCT 2016,65,65.1,65,65,6,2343,152326.6
18 OCT 2016,65,65.5,65,65.5,5,2385,155175
17 OCT 2016,66.6,66.6,65,65,39,61769,4015399
14 OCT 2016,66.6,67,66.6,67,2,570,38162
13 OCT 2016,66.6,66.6,66.6,67.5,1,15,999
12 OCT 2016,67,67.5,66.5,67.5,3,740,49760
11 OCT 2016,68,68.4,67,68.4,20,54668,3710174
7 OCT 2016,69,69,69,69,4,434,29946
6 OCT 2016,69.5,69.5,67.9,67.9,8,5521,374877.5
5 OCT 2016,68.5,68.5,68,68,9,13003,886714
4 OCT 2016,68.5,69,68.5,69,6,6440,443240
30 SEP 2016,69,69.5,68.5,69.3,5,3275,227337.5
29 SEP 2016,69.5,70,67.1,69,39,77884,5401798.9
28 SEP 2016,69,70,69,69,12,14181,983909
27 SEP 2016,68,69,68,69,15,23033,1586947
26 SEP 2016,69,69,69,69,1,1000,69000
23 SEP 2016,66.6,69.8,66.6,68.2,17,4361,293560.8
22 SEP 2016,66.6,67.9,66.6,66.9,7,6901,462007.9
21 SEP 2016,66.5,66.6,66.5,66.5,2,32,2131
20 SEP 2016,66.7,67,66.5,66.5,33,63647,4234502.1
19 SEP 2016,68,69,66.6,66.6,11,9249,625458.1
15 SEP 2016,68.8,70,68,68.9,4,147,10121
14 SEP 2016,66.3,68.5,66.3,68.5,16,18341,1249405.5
9 SEP 2016,66.3,67,66.3,66.5,6,4800,319150
8 SEP 2016,66.1,68,66,67.9,8,2455,162480
7 SEP 2016,66.2,66.2,66,66,5,10832,715027
6 SEP 2016,66.1,66.1,66,66.1,13,5361,353944
5 SEP 2016,68.6,68.6,67,67,16,18300,1233287
2 SEP 2016,68,70,67.9,69,12,6236,429381
1 SEP 2016,70,70,69,69,8,4618,321960
31 AUG 2016,69.9,70,69.9,69.9,6,4002,279740
30 AUG 2016,70,71,68.7,70.7,32,5320,375143.6
29 AUG 2016,70,70,67,69.9,14,834,56227
26 AUG 2016,71,71,67.1,69,49,29925,2061838
25 AUG 2016,71.9,71.9,70,70,30,34935,2453897.3
24 AUG 2016,68.4,72.8,68,70.9,221,317475,22462063.6
23 AUG 2016,67,68,67,68,132,59661,4031815.5
22 AUG 2016,66,67,65,66.9,11,6423,422953.2
19 AUG 2016,66.2,66.2,66,66,11,6613,436618
18 AUG 2016,67.5,67.5,66.1,66.6,15,7458,497638.5
16 AUG 2016,66.4,67,66,66,11,6583,435407
15 AUG 2016,65.5,65.5,65,65,18,14810,962958.5
12 AUG 2016,65.9,66.4,65,65,8,4003,260230.2
11 AUG 2016,67.9,67.9,66.4,66.4,13,13703,910863.5
10 AUG 2016,67.8,67.8,65.9,67.6,47,9333,629969
9 AUG 2016,68,68.9,66.5,67,36,3379,225738.4
8 AUG 2016,70,70,68.7,69,51,31206,2162658.5
5 AUG 2016,67.2,70,67.1,69.8,78,74587,5182247.4
4 AUG 2016,68,68,67.5,67.5,28,9735,659370
3 AUG 2016,68,69,67.1,67.4,27,22599,1529958.8
2 AUG 2016,66,68,65,67.9,104,124314,8340131
1 AUG 2016,64,65.9,63.9,64.4,71,39147,2511272.6
29 JUL 2016,62.1,64,62.1,64,4,290,18531
28 JUL 2016,63,63,63,63,4,2250,141750
27 JUL 2016,63.5,64.5,63.5,64,44,40440,2604028.8
26 JUL 2016,61.1,61.1,60.6,60.7,20,11410,692584
25 JUL 2016,62.9,63,62.9,63,5,791,49799.9
22 JUL 2016,62,62.5,60,60.5,8,1048,63395
21 JUL 2016,63.5,63.5,63.5,63.5,4,185,11747.5
20 JUL 2016,64.3,64.3,62,62,14,977,60764.5
18 JUL 2016,62.5,62.5,62.5,64.5,1,1,62.5
14 JUL 2016,64.5,64.5,62,64.5,10,6672,430174.1
13 JUL 2016,64.2,64.5,64.2,64.5,8,7350,473820
12 JUL 2016,63.9,64.5,61.1,63.9,11,8261,526820.7
11 JUL 2016,63.3,63.3,63.3,63.3,2,150,9495
8 JUL 2016,63.2,63.3,63.2,63.3,2,200,12650
7 JUL 2016,60.5,62.9,60.5,60.6,3,9100,551030
5 JUL 2016,58.2,60.5,58,58.7,9,1260,74020
4 JUL 2016,59.5,59.5,58.2,58.8,9,2000,117572.6
1 JUL 2016,62.9,62.9,60,60.3,6,6300,380390
30 JUN 2016,58.6,60,58.6,60,18,31842,1910518.6
28 JUN 2016,60,60,60,60,8,3256,195360
27 JUN 2016,59.1,61,59,59,21,15452,911684
24 JUN 2016,60,60,59.1,59.9,5,5141,308010
23 JUN 2016,60.4,60.4,60,60,19,52300,3139507
21 JUN 2016,62,62,60,62,8,2730,168286
20 JUN 2016,62,62,60,60.3,36,55013,3316039.5
17 JUN 2016,62,62.9,62,62,17,8040,498934
16 JUN 2016,64.1,64.1,62.9,63,13,47750,3009433.9
15 JUN 2016,64.1,65,64,64,7,3288,210543
14 JUN 2016,64.2,64.5,64.2,64.5,5,3140,202518
13 JUN 2016,64.5,64.6,64.5,64.5,8,850,54826
9 JUN 2016,65.2,65.2,65,65,12,8888,578231
7 JUN 2016,65.1,66.5,65.1,66,2,300,19810
6 JUN 2016,66.1,66.1,65,65.2,8,2590,168644
3 JUN 2016,66.5,66.5,65,65.2,9,980,63882.5
2 JUN 2016,66.9,66.9,66.1,66.1,4,4870,322051
1 JUN 2016,66.9,66.9,66.9,66.9,1,100,6690
31 MAY 2016,67,67,65,65.1,19,5989,390029.5
30 MAY 2016,67,67,66,66,21,7589,503680
27 MAY 2016,68.4,68.4,66,67,13,14910,998737.5
26 MAY 2016,69,69,69,69,4,1070,73830
25 MAY 2016,70,70.5,69,69.9,5,3284,230550.7
24 MAY 2016,70.4,70.4,69,69,4,2300,159120
20 MAY 2016,70.5,70.5,68.7,70.1,12,14320,1006037
19 MAY 2016,70.5,70.6,70.5,70.5,11,10010,705706
18 MAY 2016,70.1,71,70.1,70.1,3,1701,119241
17 MAY 2016,71.9,71.9,70.1,70.1,9,3312,232321.3
16 MAY 2016,72,72,70.1,70.1,6,2978,208809.6
13 MAY 2016,70.5,72,70.1,70.1,27,26115,1838607.4
12 MAY 2016,70.2,70.3,70.1,70.1,19,24010,1684531
11 MAY 2016,70.1,70.1,69.9,70,12,16000,1119904.8
10 MAY 2016,69.9,73,69.9,72.9,9,2002,143553.6
9 MAY 2016,72.8,72.8,69.9,69.9,17,13202,923656.9
6 MAY 2016,72.9,73,70.1,72.9,7,1303,94962.4
5 MAY 2016,72.8,73,72.8,72.9,8,2800,204074.7
4 MAY 2016,70,74.9,70,72.8,28,17125,1224628.7
3 MAY 2016,70,70,69.5,69.5,6,9256,644642
29 APR 2016,68.8,70,67.7,68,15,4545,310636.7
28 APR 2016,69.9,69.9,69.9,68.8,1,10,699
27 APR 2016,69.8,77.4,68,68.8,53,68992,4801113.8
26 APR 2016,65,68,65,67.5,6,6201,416056
25 APR 2016,64,64,64,64,4,240,15360
22 APR 2016,65,65.6,65,65.6,7,21820,1431250
20 APR 2016,66,66,65.5,65.6,4,2300,150800
19 APR 2016,67,67,65.5,65.7,17,5051,333247
18 APR 2016,66.1,68,60,66.7,10,11500,767599.5
15 APR 2016,68,68,68,68,7,8054,547672
12 APR 2016,68,68.2,68,68,29,58197,3957416
11 APR 2016,68,68,66.1,68,5,505,34330.5
8 APR 2016,65,70,65,68,26,18305,1251116.7
7 APR 2016,64.9,67.9,64.9,67.9,13,20288,1320100
6 APR 2016,63,63,63,63,1,100,6300
5 APR 2016,65,65,62.5,62.5,4,20281,1267815
4 APR 2016,65,65,62.1,65,3,31,1986
1 APR 2016,63.5,65,63.5,65,13,6348,409622.2
30 MAR 2016,60.3,64,60.1,64,6,986,62027
29 MAR 2016,61.2,61.2,60.9,61,9,629,38414.1
28 MAR 2016,62,62,62,62,1,15,930
23 MAR 2016,61,64.8,61,62,7,3707,229734.6
21 MAR 2016,61,62.5,61,62.5,4,8500,529927
18 MAR 2016,64,64,60.2,62.4,16,3717,229148.2
17 MAR 2016,67,67,64,64.1,4,1701,108967
16 MAR 2016,63.7,64,63,64,14,14074,894321.3
15 MAR 2016,64,64,64,68,1,50,3200
11 MAR 2016,63.3,68,63.3,68,13,7614,491031
10 MAR 2016,60.8,63.4,60.8,63.4,5,1904,119503.2
9 MAR 2016,60,60,59,59.2,22,40480,2400230
8 MAR 2016,64,64,63,63.3,4,615,38950
4 MAR 2016,65,65,64,64,13,39105,2534942.3
3 MAR 2016,65,65,64.8,65,13,15479,1005915.2
2 MAR 2016,65.2,65.2,64,64.2,21,2927,188960.8
1 MAR 2016,67.1,67.1,65,65,31,46401,3038158.8
29 FEB 2016,69,69,66.6,68.9,3,106,7299.2
26 FEB 2016,67,67.1,67,67,8,17846,1195682.6
25 FEB 2016,67.5,67.5,67.1,67.3,25,5626,379372.4
24 FEB 2016,67.2,69,67.1,67.6,6,350,23561
23 FEB 2016,67.5,67.5,67.5,67.5,1,3050,205875
19 FEB 2016,69,70,68.5,69.1,7,658,45355
18 FEB 2016,71.4,71.4,67,69,6,1056,72778.4
17 FEB 2016,71.4,71.4,69,69.1,6,200,13932
16 FEB 2016,70,70,70,70,8,5300,371000
15 FEB 2016,73,73,66,69.9,8,1746,122071.5
12 FEB 2016,71.9,71.9,70,70.2,5,500,35165
11 FEB 2016,75,75,70.2,70.4,7,2010,141535.6
5 FEB 2016,75,77.5,75,77.4,6,1812,140180
2 FEB 2016,73,74,73,74,3,1807,133715
29 JAN 2016,70,72.7,70,70.5,14,15370,1079640
28 JAN 2016,69.9,70,69.9,70,5,5590,391180
27 JAN 2016,70,70,70,70,1,10,700
26 JAN 2016,72.6,72.6,70,70,4,800,56460
25 JAN 2016,70.1,72.5,70,70,20,11600,815900
22 JAN 2016,74.9,74.9,74.9,72.9,1,40,2996
21 JAN 2016,71.8,75.5,71.8,72.9,22,19275,1405838
20 JAN 2016,69.1,69.1,67,67.1,12,9630,651186
19 JAN 2016,69,70,67.5,69,10,4010,275507
18 JAN 2016,73,73,67.5,70.9,18,16625,1178788.5
14 JAN 2016,73,73,73,73,2,20,1460
13 JAN 2016,73,74.9,73,73,3,1050,76661.4
12 JAN 2016,73,73,72,72,9,2830,204868
11 JAN 2016,73,73,73,73,1,1000,73000
8 JAN 2016,74,74,73,73,16,56183,4105041
7 JAN 2016,75,75,74,74,15,5522,409264.8
5 JAN 2016,75,75,75,75,4,1200,90000
4 JAN 2016,74.7,74.7,74.5,74.6,5,1145,85452.5
31 DEC 2015,77.4,77.5,77.4,77.5,2,626,48502.4
30 DEC 2015,77.5,77.5,77.4,77.4,2,1700,131600
29 DEC 2015,74.5,78,74.5,75,15,10921,818811
28 DEC 2015,75,75,74.5,74.5,2,261,19455
23 DEC 2015,74.5,75,74.5,75,3,840,62880
22 DEC 2015,75,75,74.5,74.5,2,1400,104500
18 DEC 2015,76,76,75,75,2,203,15228
17 DEC 2015,74,74,74,74,3,780,57720
16 DEC 2015,74.7,75,74,74.5,7,7680,572175.6
15 DEC 2015,76,76,74.7,74.7,7,7813,583761.1
14 DEC 2015,75.1,75.1,75,75,7,4100,307505
11 DEC 2015,75.1,76.5,75.1,75.5,5,12202,918373
10 DEC 2015,75.5,75.5,75.5,75.5,25,74183,5600816.5
9 DEC 2015,75,76.5,75,75.5,5,4503,340078
8 DEC 2015,75.5,76.5,75.5,75.5,4,2192,165498
7 DEC 2015,77,77,75,75.2,16,25789,1934617.4
4 DEC 2015,75.5,76.9,75,76.9,6,2340,176701
3 DEC 2015,76,76,76,76,1,1000,76000
2 DEC 2015,77,77,77,77,2,1000,77000
1 DEC 2015,74.2,76,74.2,76,6,20151,1531384.6
30 NOV 2015,76.1,77,76.1,77,11,30520,2349212
27 NOV 2015,76.1,77.9,76.1,77.9,4,320,24754
26 NOV 2015,76.5,78,76.3,78,3,1630,124772
24 NOV 2015,76,78.4,76,78.4,5,2240,171490
23 NOV 2015,78,79.9,78,79.7,10,18000,1414573.1
20 NOV 2015,75.5,77.9,75.2,76.4,10,1342,102441.3
19 NOV 2015,77.9,78.8,76,77.7,7,8201,637080.5
17 NOV 2015,76.5,78,76.5,77.9,9,1410,109845
16 NOV 2015,75.1,75.1,73.2,75.1,9,12579,944117
13 NOV 2015,75,76.5,75,75,29,46822,3513261.5
12 NOV 2015,77.1,77.1,75,75.4,9,5100,384710
9 NOV 2015,78.5,79,77,78.5,18,85532,6711310.5
6 NOV 2015,77.6,77.6,77.6,77.6,1,1000,77600
3 NOV 2015,79.4,79.4,78.1,79.1,5,545,43122.3
2 NOV 2015,78.1,78.2,78.1,80,2,12,937.4
30 OCT 2015,79.9,80.5,79.8,80,8,9625,769842.5
29 OCT 2015,79.9,80,79.9,80,7,4580,366352
28 OCT 2015,80,80.9,78.1,79.4,10,945,75059.2
26 OCT 2015,80,81,79.9,80.8,14,7180,577312.5
23 OCT 2015,80.9,80.9,80,80,3,202,16161.8
22 OCT 2015,81,81.9,80,80.9,24,19152,1544936
21 OCT 2015,80,81.5,77,79.1,45,86657,6829733.4
20 OCT 2015,80,80,78,78.1,5,1878,147536
19 OCT 2015,78,78,77.1,77.5,21,42436,3303798.5
16 OCT 2015,78,78,78,78,1,1000,78000
15 OCT 2015,77.9,77.9,77.1,77.1,3,1501,115732.9
14 OCT 2015,78,78,77.1,77.2,13,6115,476501
13 OCT 2015,78,80,77.9,78,16,42331,3302090.7
12 OCT 2015,77.2,78,77.2,78,13,26550,2070834
9 OCT 2015,78.9,79,77.3,78.2,26,42596,3306050.1
8 OCT 2015,78,78.8,77,77.7,15,6618,514896.6
7 OCT 2015,78.5,78.8,78.5,78.5,2,506,39722.8
6 OCT 2015,78,78,78,78,1,1000,78000
5 OCT 2015,79,79,78,78,6,4000,315000
2 OCT 2015,79,79,77,77.9,6,4300,337450
1 OCT 2015,78,79,77,78.2,14,3512625,276792870
29 SEP 2015,77,78.5,77,77,15,22078,1700046.5
28 SEP 2015,77,77,77,77,6,1950,150150
25 SEP 2015,78,78,77,77.1,14,15000,1155821
23 SEP 2015,77.2,80,77.2,78,6,2572,202001
22 SEP 2015,77.1,79,77,78.8,16,12285,965689
21 SEP 2015,77.5,77.5,77,77.3,3,2000,154500
18 SEP 2015,79,79,78,78.1,11,5080,396767
17 SEP 2015,78.6,78.6,78.6,80,1,40,3144
16 SEP 2015,79,80,79,80,18,1452286,119031780
15 SEP 2015,78.9,79,78,78,9,1652,129342.9
14 SEP 2015,79.3,79.3,79,79,7,9700,766960
11 SEP 2015,79.3,79.3,79.3,79,1,5,396.5
10 SEP 2015,79,79,79,79,3,10000,790000
9 SEP 2015,79.9,80,79.9,80,10,7106,568478
8 SEP 2015,78,79.5,78,78,15,10690,833965
7 SEP 2015,79,79,77.7,78,29,46234,3605957.7
4 SEP 2015,79.2,79.2,79.2,79.2,1,929,73576.8
3 SEP 2015,80,80,79.5,79.5,13,1153,91738.6
2 SEP 2015,80,81,80,80,9,52504,4200324
1 SEP 2015,82,82,79.9,80,45,201830,16147454
31 AUG 2015,81.1,83,80.5,82.1,17,107324,8655435
28 AUG 2015,82.4,82.4,80.7,81,23,11185,912797.5
27 AUG 2015,80,82.1,80,81,36,250830,20266094.8
26 AUG 2015,79.9,84,79.9,82.3,49,53697,4329511.1
25 AUG 2015,78.2,79.9,77,79.7,40,59231,4623757.7
24 AUG 2015,81,81,78,79,29,70191,5608260
21 AUG 2015,83,84,83,83,32,217500,18055420
20 AUG 2015,83,83,83,83,12,27500,2282500
19 AUG 2015,85,85,83.5,84.4,12,3105,261398.8
18 AUG 2015,85.3,85.3,83.1,84.7,3,4300,365330
17 AUG 2015,84.8,85,84.8,85,15,24421,2075385.6
14 AUG 2015,85,85.4,84.1,84.9,16,6823,579220.4
13 AUG 2015,84.5,85.9,84.5,85,73,527883,44870516.3
12 AUG 2015,85.3,87,85,85,48,138440,11793502.5
11 AUG 2015,86,87.5,85.2,86.5,101,101891,8840213.2
10 AUG 2015,87.5,87.5,85.2,86,26,8610,741020.7
7 AUG 2015,87.5,87.5,86,86.7,31,7916,683172.4
6 AUG 2015,88,88.9,86,86.7,81,124093,10830031.8
5 AUG 2015,87,89,86.9,88.6,129,258732,22671585.4
4 AUG 2015,82.5,87,82.5,84.9,143,548368,46245030.3
3 AUG 2015,83,84,83,83,30,34915,2901310.2
30 JUL 2015,83,83,82,82.9,22,43693,3589605
29 JUL 2015,83.4,83.4,81.7,83,64,166940,13739068
28 JUL 2015,83.4,83.4,81.6,82,19,25803,2124586.5
27 JUL 2015,82.8,83.5,82.8,83.2,32,43400,3610330
24 JUL 2015,82.5,82.5,81,82.4,17,5995,493462.5
23 JUL 2015,82,83,82,82.9,19,10700,886286
22 JUL 2015,80.6,82.2,80.6,82.2,7,1740,142632
21 JUL 2015,80,81,80,80.1,8,1858,148891.4
20 JUL 2015,81.5,81.5,80,80.3,12,16870,1355465
17 JUL 2015,83,83.5,82.9,83.1,41,29604,2466674
16 JUL 2015,82.9,84,82,82.5,72,99006,8217020.3
15 JUL 2015,81.5,82.9,81.5,82.6,109,179070,14756422.1
14 JUL 2015,80.9,81.9,80.5,81.2,26,33700,2732637.3
13 JUL 2015,80,81.5,79.9,80.9,57,73356,5893489.6
10 JUL 2015,78,80,76.6,79.1,13,6530,514689.4
9 JUL 2015,76,76,76,76,7,6130,465880
8 JUL 2015,76,76,76,76,3,9185,698060
7 JUL 2015,76.1,76.1,76,76,3,3100,235622
6 JUL 2015,79.5,79.5,76,76.2,7,2917,222251.5
3 JUL 2015,77,77.5,76,77.5,11,12961,997767
2 JUL 2015,76.2,76.2,76.1,76.1,2,1000,76125
30 JUN 2015,78,79.5,76.5,77.4,8,12763,984638.5
29 JUN 2015,77.8,77.8,76,76,7,1305,99300.5
25 JUN 2015,76.4,77.5,75.6,77.1,9,4000,308344
24 JUN 2015,79.8,79.8,76.3,76.4,15,24642,1885384.6
23 JUN 2015,78.5,79.9,76.6,77.3,8,2269,176706.7
22 JUN 2015,76.4,77,76.3,77,5,2940,226352.2
19 JUN 2015,78.5,78.5,78.5,77,1,2,157
18 JUN 2015,76,77,76,77,18,15902,1221552
17 JUN 2015,77,78,75.8,76.1,10,12709,971090
16 JUN 2015,77,77,76.1,76.5,11,5897,453639
15 JUN 2015,77,77,77,77,5,1310,100870
12 JUN 2015,78,78,77,77.5,5,1943,151314
11 JUN 2015,78.4,78.4,76.6,78.1,6,749,58141.6
10 JUN 2015,77,78.5,77,78.5,3,1450,111800
9 JUN 2015,76.3,79.4,76.3,79.4,3,580,44564
8 JUN 2015,79.8,79.8,77,77,19,39718,3058846
5 JUN 2015,77.5,79.7,77.5,78.1,12,13940,1088050
3 JUN 2015,77.6,79.5,77,77,26,79775,6166969.8
1 JUN 2015,78,78.5,78,78.1,17,7104,554492
29 MAY 2015,79.9,79.9,79.4,79.6,10,5577,443600.8
28 MAY 2015,80,80,79.5,79.9,19,25450,2035160
27 MAY 2015,81,82,80,80.1,34,42442,3403427.9
26 MAY 2015,83.6,84,81,81,12,13785,1120806.2
25 MAY 2015,84.9,84.9,82,82,11,39185,3300910
22 MAY 2015,83,85,82.1,82.9,13,20400,1697543.1
21 MAY 2015,83.9,83.9,82,82.9,26,40524,3355420.3
20 MAY 2015,82.8,84,82,82.8,44,144630,11991268.3
19 MAY 2015,82,82.8,82,82.8,17,66903,5486368.4
18 MAY 2015,83,83,82,82.3,29,163897,13517679.5
15 MAY 2015,83,83.5,82.5,82.5,18,67600,5579486
14 MAY 2015,83.7,84.5,82.7,83.3,32,47211,3937482
13 MAY 2015,84,85,82.4,82.5,214,1154567,95269871.5
12 MAY 2015,82.1,85,82.1,84.8,10,7540,639234
11 MAY 2015,86,87,82.1,84.7,14,10398,859369
8 MAY 2015,85,87,84,85,28,69275,5985714.7
7 MAY 2015,86.4,86.5,85,85.5,17,16736,1437260.2
6 MAY 2015,84.9,87,84.9,86.1,30,78500,6762771.9
5 MAY 2015,84.9,85,84.9,85,6,14000,1189801
30 APR 2015,84.9,86.3,84.9,85,39,106613,9068338.9
29 APR 2015,83.5,85,83.5,84.9,56,214371,18191699.2
27 APR 2015,83,84.9,83,83.5,3,1046,87285.4
24 APR 2015,81,85,81,83.4,43,65569,5543102.8
23 APR 2015,80,84.9,80,83.7,45,58400,4839644.1
22 APR 2015,81.9,82,81.8,81.8,26,64360,5273969.9
21 APR 2015,82,82,82,82,1,500,41000
20 APR 2015,81,81,81,81,3,14922,1208682
17 APR 2015,82.9,82.9,81.7,82.9,19,13858,1136184.6
16 APR 2015,80.5,82.9,80.5,81.7,23,46102,3733654
15 APR 2015,80,82,80,81.8,10,4410,356090.6
10 APR 2015,78,80,78,79.9,6,8304,663413.5
9 APR 2015,78,78,78,78,3,15869,1237782
8 APR 2015,75.7,80,75.7,78.5,7,15101,1185792.6
7 APR 2015,78,79.9,75.2,78.3,28,76326,5977221
6 APR 2015,76,79,76,79,5,1922,150701.9
2 APR 2015,79.4,79.4,79.4,79.4,1,400,31760
1 APR 2015,78.5,79.4,78.5,79.4,4,1140,90120
31 MAR 2015,75.4,79.8,75,78,18,15646,1185885
30 MAR 2015,75.6,77,75.6,76.3,16,5834,441210
27 MAR 2015,76,76.3,76,76.3,2,3510,267510
26 MAR 2015,77,77,77,77,8,10635,818895
25 MAR 2015,77.5,77.5,77,77,15,15699,1209260
24 MAR 2015,78.1,78.1,78,78,10,12200,951610
23 MAR 2015,80,82,78,78,11,4820,380690
20 MAR 2015,80,80,80,80,1,1000,80000
19 MAR 2015,79,80.5,78,79.6,11,3885,308318.1
18 MAR 2015,79.1,79.1,78,78,15,190000,14820120
17 MAR 2015,79.1,81.5,79,80.9,17,6056,482378
16 MAR 2015,79.2,79.2,79.2,79.2,2,200,15840
13 MAR 2015,80,81.9,80,81.7,5,1450,118230
12 MAR 2015,80,82,80,80,11,11400,915520
11 MAR 2015,81.7,82,81.7,81.7,2,2300,187914.8
10 MAR 2015,79.1,81.5,79.1,81.1,30,42180,3410128
9 MAR 2015,80,80,79.9,79.9,7,7500,599950
6 MAR 2015,80.1,81.7,79.1,80.5,6,4000,322800
4 MAR 2015,80.1,80.2,80,80.1,12,21900,1753300
3 MAR 2015,82,82,80,80.8,23,25464,2042020
2 MAR 2015,82.5,82.5,80,80,32,57454,4598173.8
27 FEB 2015,82,82.4,80.2,80.2,10,4420,356622
25 FEB 2015,83.9,83.9,82,82.4,9,3309,272768
24 FEB 2015,82.3,83.9,80.5,83.6,74,32131,2663360.8
23 FEB 2015,81,82.3,80.5,81,33,51108,4136750.6
20 FEB 2015,82.5,82.5,80.5,80.8,5,1595,130555
19 FEB 2015,82.4,82.4,80.5,80.8,14,22648,1825148
18 FEB 2015,81,82,80,80.9,13,8105,651054.6
16 FEB 2015,82.5,83,82.5,82.5,8,6300,520191.5
13 FEB 2015,82.5,82.5,80.1,82.2,26,78650,6321085
12 FEB 2015,82,82.8,81,81.8,31,49840,4079060.5
11 FEB 2015,82.1,82.9,81,82,43,77502,6341382
10 FEB 2015,79.9,82.4,79.9,81.5,53,151616,12240292.8
9 FEB 2015,77.5,79.9,77.5,79.3,33,85630,6811375.5
6 FEB 2015,79,79.8,77.5,79,22,96373,7559821.5
5 FEB 2015,76.5,79,76.5,77.1,23,56703,4371587.3
2 FEB 2015,77,79.9,76.7,78,53,58435,4543827.2
30 JAN 2015,78.6,79.9,77.3,79.1,15,6722,525279.7
29 JAN 2015,78.6,80,78.6,79.9,2,111,8864.6
28 JAN 2015,80,80,79,79,7,24100,1907493
27 JAN 2015,80,80.5,79.9,80,9,57300,4584073.5
26 JAN 2015,79,80.5,76,80,14,23300,1860453
23 JAN 2015,79,80,79,80,6,12007,960530
22 JAN 2015,79,81,78.1,80.1,38,88906,7101523.6
21 JAN 2015,79,80,79,79,4,91741,7247540
20 JAN 2015,78.1,80,78,79.9,9,6696,535075.1
19 JAN 2015,79.3,80.5,79,79,27,51994,4136537.8
16 JAN 2015,81.5,81.5,79.3,80.2,11,31212,2497492
13 JAN 2015,81.5,82.5,81,81,17,21405,1734387.5
12 JAN 2015,84.1,84.5,82,82.7,37,37227,3088105.5
9 JAN 2015,82.5,84.5,82.5,84.1,48,118262,9843848.5
8 JAN 2015,81.5,84,81.5,82.5,65,121538,10006167.5
7 JAN 2015,82,82,80,81.5,59,116387,9393126.2
6 JAN 2015,77,81.9,77,80.7,67,196770,15742253.2
2 JAN 2015,78.5,80,78.1,78.8,27,30255,2384310.2
31 DEC 2014,76.4,79,76.4,78.8,23,36900,2867008.2
30 DEC 2014,76.2,77.8,76.2,77.8,8,8315,640014
29 DEC 2014,77.2,78,76.5,76.5,6,2495,192204
26 DEC 2014,76.9,78,76.9,77.5,14,8100,627403
24 DEC 2014,75.2,76.9,75.1,76.5,15,9135,695642
23 DEC 2014,75.7,75.7,75.2,75.2,6,2040,153462
22 DEC 2014,77,77,75.7,75.8,7,243,18660.5
19 DEC 2014,76,77.5,76,77.5,4,5200,400000
18 DEC 2014,77.5,78.6,77.5,77.9,29,36000,2805197.6
17 DEC 2014,77.5,78,77.5,77.9,10,20500,1596836.5
16 DEC 2014,76,77,76,77,10,10305,792250
15 DEC 2014,77.6,77.9,75.1,75.2,13,33682,2537223.3
12 DEC 2014,77,78,76.9,77.7,67,104720,8084462.2
11 DEC 2014,77.4,77.4,74.3,76.9,6,1200,91890
10 DEC 2014,77,77.4,74,76.8,16,7900,607102.4
9 DEC 2014,75.5,76,73.8,75.5,17,6625,497230
5 DEC 2014,74.6,76.5,73.8,74.1,11,5308,394432.5
4 DEC 2014,74.6,77.9,74.6,75.6,3,320,24204
3 DEC 2014,77,78,77,77.4,19,17001,1322721
2 DEC 2014,76,78.5,74.6,76.1,55,72057,5533236.4
1 DEC 2014,74,76,74,75,83,239883,18015421.4
28 NOV 2014,70.3,74.4,70,72,55,144673,10239976
27 NOV 2014,72.9,72.9,69,70.3,79,122665,8596354.4
26 NOV 2014,73.9,74.4,72,72.2,49,80192,5882264.2
25 NOV 2014,73,77,72.2,73,25,27934,2048611
24 NOV 2014,74.8,75.9,70,73.3,99,259608,19251625.1
21 NOV 2014,79.9,79.9,74,75.8,81,131360,9949684.4
20 NOV 2014,78,80,76.5,78,62,131739,10271673.5
19 NOV 2014,77,82.5,77,80.6,197,1553996,124072784.3
18 NOV 2014,79.5,79.9,76,77,50,431077,33405507.2
17 NOV 2014,78.6,79,77,77.9,19,18900,1474052
14 NOV 2014,77.5,80,77.5,79.9,162,375357,29655630.7
13 NOV 2014,76,78,75,77,153,397171,30296652.6
12 NOV 2014,74.5,76,73,75.7,167,531441,39853207.4
11 NOV 2014,73.9,74.9,73.6,73.9,117,192736,14306573
10 NOV 2014,71,74,71,72.7,201,470244,33932959.8
7 NOV 2014,71.9,72,70,70.3,29,47314,3330330
5 NOV 2014,70,71.5,70,71.5,19,40778,2856804
4 NOV 2014,70.9,70.9,70,70.9,7,1577,111392
3 NOV 2014,71.4,71.9,70.9,70.9,8,19799,1415678.5
31 OCT 2014,70.1,70.1,70.1,70.1,5,2980,208898
30 OCT 2014,71.3,71.9,70,70.2,32,46173,3272402.6
29 OCT 2014,70,71.4,70,70.9,7,10010,705345
28 OCT 2014,69.6,69.6,69.2,69.5,4,5290,367672
27 OCT 2014,70,70,69.5,70,7,2720,190260
24 OCT 2014,69.1,71.7,69.1,70,4,2502,176840.6
23 OCT 2014,69,71,69,70.1,22,14205,994557
21 OCT 2014,69.9,70,68.5,69,17,16434,1135554
20 OCT 2014,72,72,69.2,69.9,10,15259,1059181.4
17 OCT 2014,70,70,69.2,69.9,22,45218,3140596.5
16 OCT 2014,69.9,70,69.3,70,3,1332,93146.2
15 OCT 2014,70,72,70,71,34,40800,2886610
14 OCT 2014,69.1,72,69,70,21,23505,1643082
13 OCT 2014,70,70,69.1,69.3,32,18578,1293003.6
10 OCT 2014,71,71,70.1,70.4,36,39700,2791669.1
9 OCT 2014,71.5,71.5,70.3,70.4,18,22665,1611819.3
7 OCT 2014,72.5,73,71,71.4,13,19628,1404546.5
3 OCT 2014,71.8,72.9,71.1,72.5,58,139223,10057501.8
2 OCT 2014,70.9,71.8,70,70.3,21,19287,1364392.8
1 OCT 2014,71.2,71.2,70.1,70.9,13,3981,280146.5
30 SEP 2014,69.2,71.7,69.1,71,15,7050,497452
29 SEP 2014,70.5,71.8,70,70,18,12950,907280
26 SEP 2014,70.5,71.8,70,70.4,11,3381,238027.8
25 SEP 2014,72,72,70.5,71.2,15,7024,504157
24 SEP 2014,71.8,72,71.6,72,13,8686,623637.6
23 SEP 2014,72.8,72.8,72,72,13,27802,2002704.2
22 SEP 2014,72.1,73,72,72,55,65450,4732008.5
19 SEP 2014,71,72.3,70.7,72.1,61,155561,11202411.7
18 SEP 2014,72,72,70.4,71.6,21,14180,1014160.2
17 SEP 2014,72,72.4,70.5,71.6,16,21538,1552227
16 SEP 2014,71,72,70.9,71.1,18,9272,660338.3
15 SEP 2014,72,72.4,71,72,48,55021,3961810.6
12 SEP 2014,71.9,72.9,71.9,72,63,81130,5856817.9
11 SEP 2014,70,72,69.6,70.4,28,57640,4051620
10 SEP 2014,70,72,69.7,70,46,67945,4757058.8
9 SEP 2014,71,72.8,69.6,70,68,207805,14621739.7
5 SEP 2014,70,72,69,69.7,94,285173,19959462.9
4 SEP 2014,69.9,69.9,69,69.5,20,8432,586475.7
3 SEP 2014,69,69.9,69,69.2,5,2161,149390.3
2 SEP 2014,70,70,69,69.3,9,3479,240312.5
1 SEP 2014,69.1,70,69,70,10,3210,223404
29 AUG 2014,70,70.3,69.5,69.6,26,33221,2322168.6
28 AUG 2014,69.5,71,69.3,70,72,158868,11108760.6
27 AUG 2014,68.1,69.8,68.1,69,20,21467,1490494.4
26 AUG 2014,68.1,69.5,68.1,69.5,14,5415,372560.5
25 AUG 2014,68.5,69,68.5,69,3,540,37240
22 AUG 2014,69,69.8,68.5,68.5,11,18582,1279034.2
21 AUG 2014,70,70,68.1,69,15,18285,1262826.5
20 AUG 2014,69,70.3,69,69.8,37,101901,7098570.7
19 AUG 2014,69,69,68,68.9,11,3848,261789
18 AUG 2014,69.5,69.8,68,68.2,37,18251,1245194.1
15 AUG 2014,69.4,70,69.3,69.9,20,11325,788075
14 AUG 2014,71,72.4,69.2,70.3,66,104910,7367024.7
13 AUG 2014,71,74,71,73,63,97036,7086638.2
12 AUG 2014,73.4,73.4,72,73,45,59130,4313106.8
11 AUG 2014,70,74,68,72.9,204,367721,26300826.2
8 AUG 2014,68,70.2,68,69.9,125,336850,23424131.2
7 AUG 2014,67,68,66.5,67.2,38,53791,3611840.3
6 AUG 2014,67,67.5,66.5,67.1,19,10287,690924.5
5 AUG 2014,68.2,68.2,67,67.1,7,14177,955777.5
4 AUG 2014,68,68.4,67,67.2,25,47752,3202918.7
1 AUG 2014,68,68.5,67.5,67.5,27,51222,3469486.4
31 JUL 2014,67.9,68.4,66.1,68,122,472346,32092211.5
30 JUL 2014,67.8,67.9,66.9,67,12,4304,288438.1
28 JUL 2014,67.4,68.5,67,67.1,18,13641,927229.3
25 JUL 2014,67,67,66.7,67,8,6338,424536
24 JUL 2014,66.6,67,66.6,67,31,51725,3463180.5
23 JUL 2014,67,67.5,66,67,32,25170,1682365
22 JUL 2014,68.8,68.8,67.5,68.1,35,70908,4800164.7
21 JUL 2014,69,69.3,67.5,67.6,46,66745,4562336.2
18 JUL 2014,69,69,68.5,68.5,31,26760,1836256.5
17 JUL 2014,69,69.3,69,69,31,55310,3816850
16 JUL 2014,69.5,69.9,69,69.3,34,51305,3546778
15 JUL 2014,69.1,70,69,69.4,56,111939,7782074.6
14 JUL 2014,68.4,68.8,66.7,68.6,69,609394,41743110.3
11 JUL 2014,68,68.9,68,68,84,532621,36468374
10 JUL 2014,67,68,66.6,67.7,30,45539,3081198.1
9 JUL 2014,69,69,66.5,67,30,51630,3460219
8 JUL 2014,68.2,68.2,68,68.1,7,53412,3642256
7 JUL 2014,67,68.9,67,68.8,24,112295,7621575.7
4 JUL 2014,68.8,68.8,67,67.9,9,6213,422017.2
3 JUL 2014,68.9,69,68,68,16,15439,1054160.3
2 JUL 2014,68.9,69,68,68.1,19,27572,1877705.5
1 JUL 2014,67.5,68.9,67,68.2,15,12537,859798.9
30 JUN 2014,68.9,69,68,69,39,85097,5839557.8
27 JUN 2014,68.5,68.7,68.1,68.5,7,3132,214657.2
26 JUN 2014,69,69.8,67.1,69,24,113071,7806653.9
25 JUN 2014,68,69,66.7,68.6,98,186654,12753537.6
24 JUN 2014,65.5,68,65.5,67.8,48,52241,3528365.5
23 JUN 2014,66.9,67,66.7,66.8,6,1100,73605
20 JUN 2014,65.6,66.5,64,66.2,53,2479011,156576859.5
19 JUN 2014,66,66,65.7,65.7,20,339669,21457004
18 JUN 2014,66,66,65.2,66,30,2350630,148115327.5
17 JUN 2014,66.1,66.1,65.9,66,8,4795,316470
16 JUN 2014,67.9,68,66.3,66.4,16,9814,654706.4
13 JUN 2014,65.3,68.3,65.3,67.9,47,53078,3605696.7
11 JUN 2014,67.1,68.4,65.3,65.5,63,85006,5687184.1
10 JUN 2014,67,67,65.2,66,39,40732,2706542.5
9 JUN 2014,65.8,68,65.5,67.6,124,169322,11304462.1
6 JUN 2014,65.9,65.9,64.7,65,17,15330,995623.3
5 JUN 2014,65.7,65.7,65,65.1,59,70286,4575694.2
4 JUN 2014,65.7,66.8,65.7,66,22,19398,1279800.2
3 JUN 2014,66,66.7,65.5,65.9,30,17217,1135156.5
2 JUN 2014,66.8,67.5,66.8,67,105,93847,6306557.1
30 MAY 2014,66,66.9,65.2,66.2,124,151701,10021700.3
29 MAY 2014,62.3,66,62.3,65.3,198,349149,22710742.5
28 MAY 2014,65,65,63,63.2,82,133302,8570187.8
27 MAY 2014,63.9,65,63.9,64.8,188,244461,15803862.1
26 MAY 2014,63.9,64.3,62.5,63.3,47,65281,4112201
23 MAY 2014,62,64,62,63.1,246,458786,28902929
22 MAY 2014,60,62,60,61.6,146,159780,9765411.3
21 MAY 2014,60.9,60.9,60,60,35,34740,2089472.9
20 MAY 2014,60.5,61,60.3,60.3,54,29575,1794788.2
19 MAY 2014,59.9,61,59.8,60.4,108,144157,8665629.7
16 MAY 2014,59.9,59.9,59.5,59.7,6,2900,173256.5
13 MAY 2014,59.5,60,59.1,59.2,17,57700,3433635
12 MAY 2014,59.5,59.5,58.5,59.5,31,154417,9175903.6
9 MAY 2014,59.4,59.8,58.7,59,28,41497,2449347
8 MAY 2014,59.4,59.5,58.5,58.8,16,76261,4464055.5
7 MAY 2014,59,59.8,58.2,58.7,30,18300,1074215
6 MAY 2014,59,59.8,58.9,58.9,20,14580,861795
5 MAY 2014,59.9,59.9,59,59.5,13,8139,484580.7
2 MAY 2014,59.1,59.9,59,59.5,49,156875,9330334.8
30 APR 2014,59,59.9,58.5,59.4,73,366134,21707239.5
29 APR 2014,59,59,58.5,58.6,13,16400,963080
28 APR 2014,59,59,58.5,58.7,56,93466,5502336.3
25 APR 2014,59.4,59.4,58.1,58.4,21,61580,3599378
24 APR 2014,59,59.4,58.4,59,53,160111,9438232.4
23 APR 2014,57,59,57,58.4,118,344021,20034874.2
22 APR 2014,58.6,58.9,56.5,57,86,236648,13496409.8
21 APR 2014,58.2,58.9,58.2,58.5,48,67783,3967210.7
17 APR 2014,57.6,58.1,57,57.9,60,131404,7612076.1
16 APR 2014,57.4,58,57,57.5,25,40366,2316340.3
11 APR 2014,57.8,58,57,57.6,49,56677,3260684.5
10 APR 2014,56.5,58,56.1,57.5,78,102040,5852300.8
9 APR 2014,57.2,58,56.1,56.7,32,14310,815351.2
8 APR 2014,55,57,55,57,123,379252,21301941.5
7 APR 2014,55,55,54.5,55,24,23759,1305093.6
4 APR 2014,55.8,55.8,55,55,11,15300,842600
3 APR 2014,53.9,55.2,53.1,55,86,195115,10702761.7
2 APR 2014,52.9,54,52.9,53.3,33,48491,2607976.4
1 APR 2014,51.7,52,51.7,51.9,21,21680,1126136
31 MAR 2014,52,52.9,51.7,52.2,6,1222,63597.4
28 MAR 2014,53,54,52.5,54,8,1475,78400
27 MAR 2014,52.1,54,52,54,20,20793,1089870
26 MAR 2014,52,52,52,52,24,51985,2703220
25 MAR 2014,52,52.5,51.9,52,26,50800,2641315
24 MAR 2014,51,52,51,52,7,3710,190420
21 MAR 2014,52,52.8,51,51,13,16020,818192.8
20 MAR 2014,51,51,51,51,15,16601,846651
19 MAR 2014,51,51.3,51,51,20,112930,5759431.8
18 MAR 2014,50.1,51.5,50.1,51,20,154376,7872030
17 MAR 2014,50.5,50.5,50,50.1,11,12999,651249.7
14 MAR 2014,50.3,50.5,50.3,50.5,3,1580,79774
13 MAR 2014,50.5,50.5,50.5,50.5,1,1,50.5
11 MAR 2014,51,51,51,51,13,2238,114138
10 MAR 2014,52,52,51.1,51.1,4,241,12316
7 MAR 2014,51.1,51.1,51,51,3,1857,94712
6 MAR 2014,51.7,52.9,51.7,51.9,6,2520,130865
5 MAR 2014,52,52,52,52,1,75,3900
4 MAR 2014,53,53,53,53,1,40,2120
3 MAR 2014,54,54,51.2,53.6,9,2320,121566.8
28 FEB 2014,51,54,51,52.2,13,18941,987785
26 FEB 2014,50.1,51.9,50,51,41,68120,3452550
25 FEB 2014,50.3,50.3,50.2,50.2,9,680,34156
24 FEB 2014,50.5,50.6,50.5,50.5,11,25012,1263136
21 FEB 2014,50.5,50.8,50.5,50.6,11,17400,880153
20 FEB 2014,51,51,50.8,50.8,5,17360,882360
19 FEB 2014,51.6,51.6,51,51,7,2840,146150
18 FEB 2014,52.2,52.2,52,52,16,18719,973644
17 FEB 2014,53,53,53,53,2,1100,58300
13 FEB 2014,53,53.3,53,53.1,5,2020,107286
12 FEB 2014,53.7,53.9,52.7,53.1,20,26403,1404124.3
11 FEB 2014,53,53.7,52.5,53.3,13,2575,136340
10 FEB 2014,53.9,53.9,53.5,53.6,13,22152,1188780.8
7 FEB 2014,54,54.5,53.9,54.5,14,5374,289839.2
6 FEB 2014,55.8,55.8,53.9,54.6,7,2400,131130
5 FEB 2014,55,57,55,55.3,36,24149,1361020.4
3 FEB 2014,55.2,56,53,55.8,14,10101,563440.6
31 JAN 2014,54,56.4,54,55.6,170,377328,20809875.1
30 JAN 2014,53,53,52.6,52.7,4,820,43220
29 JAN 2014,54.3,54.6,53.5,53.5,10,8750,473295
28 JAN 2014,53.9,54,53.9,54,10,6918,373471.2
27 JAN 2014,54.8,54.8,52.7,53.5,10,2185,116681
24 JAN 2014,54.9,55,53,54,8,1319,71739
23 JAN 2014,51.1,55,51.1,54.4,21,15070,814165
22 JAN 2014,52,55.5,52,55,69,157942,8671767
21 JAN 2014,54,54,53,54,19,9626,519780
20 JAN 2014,53.5,55,50.1,53.8,24,6074,324719.9
17 JAN 2014,55.9,55.9,54,54,9,2601,140834
16 JAN 2014,55,57,54,55,91,661821,36425646
13 JAN 2014,52,55,52,54.9,109,961766,52479226.1
10 JAN 2014,51.8,52.9,51,52,29,23975,1245150
9 JAN 2014,51.4,51.8,51,51.7,31,59722,3070299.2
8 JAN 2014,50.5,51.9,50,51,51,34325,1740466.8
7 JAN 2014,50,50.8,49.5,50,32,49842,2492600
6 JAN 2014,50,50.9,49.5,49.5,8,1132,57398.6
3 JAN 2014,50.9,50.9,50,50.1,8,6563,330958.1
2 JAN 2014,50,50.9,49.5,50,44,37705,1885322.7
31 DEC 2013,50,50,49.3,49.5,5,1200,59545.4
30 DEC 2013,49.2,50.4,49.1,50,21,6452,321424.3
27 DEC 2013,50,50,49.4,50,5,230,11474.5
26 DEC 2013,50,50,49.4,50,6,1569,78448.8
24 DEC 2013,49.3,50,49.1,49.2,9,1037,50997.7
23 DEC 2013,50,50,50,50,14,8255,412750
20 DEC 2013,50,50.5,49,50.2,14,3398,167990.3
19 DEC 2013,50,50,49.2,49.2,19,1690,83569.1
18 DEC 2013,50,50,49,49.4,11,14314,712739.2
17 DEC 2013,50.9,50.9,50,50,6,2705,135254.5
13 DEC 2013,49.9,51,49.1,50.8,19,17604,879166.2
11 DEC 2013,48.3,50,48,49.9,29,12164,593603.7
10 DEC 2013,48.3,50.1,48.2,48.2,7,1027,49506.8
9 DEC 2013,51.8,51.8,50,50.1,4,220,11034
6 DEC 2013,51.6,52,50.1,50.1,9,2305,118861.9
5 DEC 2013,51,52,50,50.4,16,2410,122576.1
4 DEC 2013,50.5,51.2,50.5,50.8,21,26186,1323605.7
3 DEC 2013,53,53,51.2,51.2,33,7404,379275.2
2 DEC 2013,51.3,53,51.3,52.5,88,99369,5194001.9
29 NOV 2013,50,51.8,50,51.3,64,41049,2092479.2
28 NOV 2013,50,50,48,50,27,33109,1653852
27 NOV 2013,47.2,50,46.5,48.1,64,110193,5212249.3
26 NOV 2013,48,48.1,47.1,47.9,17,13497,646534.4
25 NOV 2013,48.6,48.6,47,47,18,3161,148906.2
22 NOV 2013,48.6,48.7,48.6,48.7,7,4002,194787.7
21 NOV 2013,48,48.7,48,48.4,20,4556,220173.6
20 NOV 2013,48,48,47,47,6,922,43356
19 NOV 2013,48.9,49,47,47.2,6,2182,106394.9
18 NOV 2013,48.9,48.9,47.5,47.7,4,6,287.4
15 NOV 2013,49.5,49.9,47.5,47.5,17,10105,483155.7
14 NOV 2013,49.4,49.4,48,49.4,14,6305,311294.2
13 NOV 2013,49.4,49.5,49.4,49.4,17,329,16262.8
12 NOV 2013,48.4,49.5,47.5,47.6,21,18840,898423
11 NOV 2013,49,49,48.8,48.8,4,1291,63001
8 NOV 2013,48,48,47.2,47.3,12,5510,261530
7 NOV 2013,48.2,48.2,48.2,48.2,3,1263,60876.6
6 NOV 2013,48,49.9,48,48.3,7,38723,1867074
5 NOV 2013,49,49,47.7,48,28,20959,1006128.4
4 NOV 2013,50.5,50.5,49.6,49.6,5,7839,392084.4
1 NOV 2013,50,50.7,50,50,26,21577,1078940
31 OCT 2013,49.8,52,49.8,50.3,78,106873,5408756.5
30 OCT 2013,49.6,50.9,49,49,14,58300,2867089.7
29 OCT 2013,52,53,49.5,50.4,113,122047,6240539
28 OCT 2013,48.9,52,48.2,50.9,339,475998,23909401
25 OCT 2013,46.9,49,45.6,48.1,132,183245,8694418.1
24 OCT 2013,45.5,47,45.5,46.7,79,63789,2946938.6
23 OCT 2013,44,45.5,44,45,35,29065,1306727.1
22 OCT 2013,43,44.7,43,43,7,20620,886832.5
21 OCT 2013,45,45.8,43.6,43.6,4,5600,254760
17 OCT 2013,45,45,44.2,44.7,6,1900,84980
15 OCT 2013,43,45,42.6,44.9,69,88866,3968654.4
14 OCT 2013,42.1,43.8,42.1,43.8,5,1710,72501
11 OCT 2013,42.7,44.2,42.7,44,13,7500,325810
10 OCT 2013,44.4,44.4,42,42.6,8,7760,342055.9
9 OCT 2013,44,44.8,44,44.4,4,1402,62268
8 OCT 2013,43.8,43.8,43.8,43.8,1,2000,87600
7 OCT 2013,43.9,45,43.9,44.2,8,15000,662527
4 OCT 2013,40.6,44.5,40.6,43.9,68,38858,1679016.5
3 OCT 2013,40.6,42.5,40.6,40.8,8,841,34766.6
2 OCT 2013,41,41,41,41,1,1,41
1 OCT 2013,41,42,41,41,4,65200,2673400
30 SEP 2013,40.5,42.4,40.5,41.9,12,7100,294840
27 SEP 2013,42,42.9,40.6,42,34,15970,671454
26 SEP 2013,42,42,40.1,40.8,55,60208,2470359.2
25 SEP 2013,42,44,42,43.1,30,13504,575595.2
24 SEP 2013,42,42.3,42,42.3,2,2002,84084.3
23 SEP 2013,44,44,40.9,41,6,1308,55227
20 SEP 2013,41.8,44,41,43.6,33,42570,1805765.8
18 SEP 2013,40.1,41,40,41,5,642,25702
17 SEP 2013,40.5,40.5,40,40,8,3867,155060.9
16 SEP 2013,41,41.5,40.5,40.9,5,3539,144979.5
13 SEP 2013,41,41,41,41,4,5000,205000
12 SEP 2013,41.5,42,41.5,41.5,12,8162,338744.6
11 SEP 2013,42,42,42,42,1,200,8400
10 SEP 2013,40,42,40,40,27,13821,556480
9 SEP 2013,39.5,39.5,39,39.1,14,5956,234386.4
6 SEP 2013,39.8,39.8,39.8,39.8,2,218,8676.4
5 SEP 2013,40,40,39.8,39.8,18,12384,494203.6
4 SEP 2013,40,40.1,40,40,9,4648,186019.8
3 SEP 2013,41.1,41.1,40,40,8,2702,108083.1
30 AUG 2013,41,41.6,41,41.6,5,4540,186260
29 AUG 2013,39.9,41.9,39.9,41.5,14,15834,653386.6
28 AUG 2013,40.3,41,39.6,40.5,42,51652,2077621.4
27 AUG 2013,41.1,42,40.2,41.9,28,31800,1308504
26 AUG 2013,42,43.3,41.1,42.3,10,6812,286524
23 AUG 2013,42.1,43,41.8,42,46,103080,4329712
22 AUG 2013,42.5,42.5,42.5,42.5,1,500,21250
21 AUG 2013,44.9,45,42.4,43.9,17,14800,640920
19 AUG 2013,45,45,44.9,45,4,1410,63449.9
16 AUG 2013,45,46,44.9,45,27,49410,2223958
15 AUG 2013,45.5,45.5,44.5,45,38,63110,2839851
14 AUG 2013,43,45.8,43,44.9,69,54867,2411036.6
13 AUG 2013,42.2,43,42.2,43,16,26902,1156775.2
12 AUG 2013,43.3,43.3,43.3,43.3,1,300,12990
8 AUG 2013,42.1,43.4,42.1,42.7,5,4700,200650
7 AUG 2013,42,42.5,42,42.5,18,134913,5732878
6 AUG 2013,42.6,43,42.5,42.8,12,11140,477540
5 AUG 2013,43.5,43.5,43,43,11,3743,161726.5
2 AUG 2013,43.5,44.8,43.5,44.7,5,501,22254.8
1 AUG 2013,43.8,44.2,43,43.7,21,8353,366517
31 JUL 2013,42.5,43,42.5,43,8,10834,465431
30 JUL 2013,43.9,43.9,42.5,42.9,8,1557,67004.3
29 JUL 2013,44,44,43.2,43.3,8,2618,113740.6
26 JUL 2013,44,44.5,43.6,44.4,16,10812,478333.2
25 JUL 2013,43.2,43.2,43.2,43.2,1,40,1728
24 JUL 2013,43.5,44,43.5,43.7,19,10261,447665.5
23 JUL 2013,45,45,43.3,44.2,27,17340,773839
19 JUL 2013,44.5,45,44,44.8,35,12125,544901.5
18 JUL 2013,44,45,44,44.3,16,5945,262474.2
17 JUL 2013,43,44,43,43.6,16,115900,4985050.7
16 JUL 2013,42.9,43.8,42.9,43,40,91982,3951875.1
15 JUL 2013,42.6,43,42.5,42.5,7,6000,256050
12 JUL 2013,44,44,42.5,42.5,14,5041,216214.5
11 JUL 2013,43.4,44,43.3,43.8,11,51129,2215604
10 JUL 2013,43,43.5,42.5,43,29,7108,303848
9 JUL 2013,43.9,44.2,42.9,43,36,17665,767606.4
8 JUL 2013,44,44,44,44,4,1460,64240
5 JUL 2013,43.2,44,43.2,43.8,20,5205,226685.8
4 JUL 2013,43.4,44,43.3,43.3,14,9953,431419.9
3 JUL 2013,44.4,44.4,43.5,43.5,5,650,28614
2 JUL 2013,45,45.7,44.5,45,16,2321,104777.2
1 JUL 2013,44.4,44.4,44,44,10,12060,531096
28 JUN 2013,46,47,46,46,20,21371,983666
27 JUN 2013,45.9,46,45.9,46,2,40,1838
26 JUN 2013,43,45.5,43,43.6,14,4280,185161
25 JUN 2013,44.6,44.6,42.8,42.9,36,17020,745082
24 JUN 2013,44.5,44.5,44.4,44.5,8,3594,159894.8
21 JUN 2013,45,45,44.5,44.5,3,550,24485
20 JUN 2013,44.5,45.1,44.5,45.1,3,103,4644
19 JUN 2013,45,46,45,46,16,10910,501060
18 JUN 2013,46.2,47,45,45,17,6379,292288.1
17 JUN 2013,46,47,46,46,17,12833,596918.2
14 JUN 2013,45,47.4,45,46.1,29,23223,1075419.1
13 JUN 2013,46.6,46.6,45.1,45.3,5,600,27448
12 JUN 2013,46,46.5,46,46.2,18,17868,825721
11 JUN 2013,47,47,45,45.2,34,16929,776514
10 JUN 2013,47.5,48.5,46,46.9,17,15097,709868.1
7 JUN 2013,47,47.5,47,47.5,8,3053,144727.9
6 JUN 2013,48.9,49.9,48,48.6,45,41429,2008903
5 JUN 2013,48.5,50.2,48.1,49,243,231527,11482932.2
4 JUN 2013,47.9,49.2,46.1,48,153,208669,10052707.8
3 JUN 2013,43.5,47.7,43.5,47.4,203,198367,9126159.8
31 MAY 2013,42,44,41.6,43.4,95,133471,5754077.5
30 MAY 2013,41,42,41,41.8,16,9471,394275
29 MAY 2013,41,41.9,41,41,20,27710,1138692
28 MAY 2013,42.1,42.1,41,41,42,73803,3034653
27 MAY 2013,42.2,42.3,41.5,41.5,13,6543,274696.5
23 MAY 2013,42.5,43,41,42.2,23,9870,416704
22 MAY 2013,42.5,43,42.5,42.5,17,11380,483810
21 MAY 2013,40.8,43,40.8,41.5,5,1800,76110
20 MAY 2013,43.5,43.7,40.5,40.5,14,20486,860955.8
17 MAY 2013,42.6,43.9,42.6,43.2,37,84656,3659114.7
16 MAY 2013,40.8,44,40.8,43.3,161,167935,7260276.2
15 MAY 2013,40.5,41.4,40,41.3,18,23617,948453.6
14 MAY 2013,41.5,41.9,40.5,40.7,20,31245,1277867
13 MAY 2013,40.6,42,40,41.9,24,9640,402156.4
10 MAY 2013,42,42.9,40.6,41,38,55788,2300678.6
9 MAY 2013,41.1,42.5,40.6,41.5,47,26673,1113267.3
8 MAY 2013,42.9,43,41.1,41.4,54,48990,2078866
7 MAY 2013,41.8,43,41,41.9,92,101920,4294333
6 MAY 2013,39.8,42,39.8,41.7,170,380616,15434549.4
3 MAY 2013,37.6,40,37.6,39.6,29,13420,517416.5
2 MAY 2013,37.6,37.6,37.6,37.6,1,3000,112800
30 APR 2013,38.2,39,37.2,37.9,27,16901,639431.7
29 APR 2013,39.9,41,38.5,38.7,38,80048,3202228
26 APR 2013,36.9,40,36.9,39.7,113,200430,7793851.3
24 APR 2013,34.1,37,34.1,36.7,76,47871,1730631
23 APR 2013,34,34.8,34,34.2,32,53087,1807411.8
19 APR 2013,35,35,33.6,34.5,7,5100,176150
18 APR 2013,33.6,36,33.6,34.4,27,12590,435862.5
17 APR 2013,33.3,34.4,33.3,34,15,4900,166430
16 APR 2013,34,34.5,33.3,34.5,6,3050,104677
12 APR 2013,34,34,34,34,1,2000,68000
10 APR 2013,32.8,32.9,32.8,32.8,2,280,9192
9 APR 2013,34.5,34.9,34,34,4,700,24030
8 APR 2013,33,33.9,33,33.9,6,6706,226793.4
5 APR 2013,33.5,33.9,32.5,33,6,5884,198832
4 APR 2013,33,33.8,33,33.8,3,2200,72760
3 APR 2013,33,33.1,33,33,10,5100,168380
2 APR 2013,33.1,34,33.1,34,6,1620,53771
1 APR 2013,34.4,34.4,33.1,33.2,2,59,1956.8
28 MAR 2013,33.7,35,33,34.5,41,50631,1747253.4
27 MAR 2013,33.4,34.8,33.4,34.3,10,360,12341
25 MAR 2013,33,34.8,32.5,34.1,5,1200,40222
22 MAR 2013,33.6,34.4,33,34.1,21,9813,328709
21 MAR 2013,32.5,35,32.5,33.6,15,204300,6650849.7
20 MAR 2013,32.5,34.5,32.5,34.5,5,1900,63550
19 MAR 2013,34.8,35,33.3,34,16,6500,221760
18 MAR 2013,34,35,31.6,34.8,43,22876,793036.8
15 MAR 2013,32.1,33.9,32,33.3,25,20533,663227
14 MAR 2013,32.1,33.4,32,32.9,21,13410,436365.9
13 MAR 2013,32.1,32.1,32,32.1,10,14899,477468
12 MAR 2013,32.1,32.1,32.1,32.1,4,2100,67410
11 MAR 2013,32,32.8,31.8,32.1,9,9900,317120
8 MAR 2013,32,32.5,31.9,32.1,9,4710,150923
7 MAR 2013,32.5,32.5,32.2,32.2,4,1175,38137.5
6 MAR 2013,31.2,32,31.2,31.5,12,6660,210545
5 MAR 2013,31.2,31.3,31.1,31.2,9,3190,99579.1
4 MAR 2013,31.2,31.2,31,31.2,15,15009,466977.8
1 MAR 2013,31.5,31.5,31.2,31.2,4,2700,84450
28 FEB 2013,31.1,32,31,31.5,19,13910,436477
27 FEB 2013,31.2,31.9,31.2,31.9,6,1487,46395.8
26 FEB 2013,31.6,32,31.5,31.5,19,4740,149662
22 FEB 2013,32,32,31.5,31.9,24,11570,366442
21 FEB 2013,32,32.1,31.5,31.5,10,10560,337369.5
20 FEB 2013,32.7,32.7,32,32,5,3901,125582
19 FEB 2013,33.2,33.2,32.8,32.9,11,3760,123948
18 FEB 2013,33.5,33.5,33,33,19,16633,549412
15 FEB 2013,33.4,34,33.4,33.5,6,3566,120962.5
14 FEB 2013,33.1,33.1,33,33.1,5,240,7929.3
13 FEB 2013,34.4,34.4,33,33,4,1230,40591.4
12 FEB 2013,34,34,33,33,8,19382,640506
11 FEB 2013,34,34,33,33.2,20,250201,8334825.5
8 FEB 2013,33.2,34,33.2,34,5,2439,82894
7 FEB 2013,33.1,33.9,33,33.8,7,941,31279.3
6 FEB 2013,33.3,33.5,33,33.3,15,12157,405018.3
5 FEB 2013,34.4,34.4,33.3,33.5,7,2001,66972.8
1 FEB 2013,34.4,34.4,34.4,34.4,1,71,2442.4
31 JAN 2013,33.6,34,33.6,34,5,2220,75472
30 JAN 2013,33.2,33.5,33,33.4,11,4240,140170
29 JAN 2013,35,35,34,34.1,28,15502,531121.6
28 JAN 2013,35.3,35.3,35,35,4,632,22143.5
24 JAN 2013,35.2,36.4,35,36.4,4,300,10652.1
23 JAN 2013,35.4,37.5,35.1,35.5,29,40141,1426732
22 JAN 2013,35.3,35.4,35.3,35.4,5,1950,68915
21 JAN 2013,36.4,36.5,35.5,35.9,9,3641,130903.5
18 JAN 2013,36,38,36,36.5,33,18000,661890
17 JAN 2013,35,37,35,35.8,54,22293,790052.5
16 JAN 2013,34.7,34.7,34.5,34.5,5,4000,138105
15 JAN 2013,35,35,34.8,34.9,12,5350,187150
11 JAN 2013,34.9,35,34.9,35,5,320,11184
10 JAN 2013,36,36.1,34,34,38,293103,9982803
9 JAN 2013,36,37.4,35.9,36,28,28728,1037476.6
8 JAN 2013,36,37.3,35.7,36.1,8,1668,60284.8
7 JAN 2013,35,37.9,35,37.1,17,5029,179199.9
4 JAN 2013,37,37.7,36,37.1,11,1262,46660
3 JAN 2013,37,38,35,36.3,23,10660,385088.7
2 JAN 2013,34.4,38,34.4,35.7,32,11055,393096
31 DEC 2012,34,34,33.5,33.6,9,4009,135446
28 DEC 2012,34,34.5,34,34.5,16,5845,201392.5
26 DEC 2012,32.6,34,32.6,33.1,5,500,16570
21 DEC 2012,34.3,34.3,34.3,34.3,3,200,6860
20 DEC 2012,33,34.5,33,34.3,11,5683,193733.5
19 DEC 2012,32.7,33,32.1,32.7,10,3361,109983
18 DEC 2012,32.9,33.5,32.9,33.4,5,4000,133740
17 DEC 2012,34.5,34.5,33,33,4,540,18080
14 DEC 2012,34.5,34.5,34.5,34.5,1,40,1380
13 DEC 2012,36,36.3,34.5,34.5,12,1802,64102
12 DEC 2012,33.9,36,33.9,34.8,65,9691,334470.9
11 DEC 2012,34,34.5,34,34.1,8,500,17038
10 DEC 2012,32,34,32,32.4,17,3701,120697
7 DEC 2012,32,32.9,31.7,32.9,15,2540,81841.3
6 DEC 2012,31.2,32,31.1,31.9,15,6860,218629
5 DEC 2012,31.5,31.9,31.5,31.9,9,2395,75960.5
4 DEC 2012,31.9,32,31.9,32,4,451,14392
3 DEC 2012,32.8,32.8,32,32.5,5,2054,66783
30 NOV 2012,32.1,32.9,32,32.9,8,3467,112942.3
29 NOV 2012,32.5,32.5,32,32,5,1001,32532
28 NOV 2012,33,33,32,32,12,820,26310.6
26 NOV 2012,34.5,34.5,33,33,3,980,32570
23 NOV 2012,33.3,33.3,33.3,33.3,2,200,6660
22 NOV 2012,34.5,34.5,33.1,33.3,6,2700,89960
21 NOV 2012,33.7,33.7,33.1,33.2,18,8372,279538.1
20 NOV 2012,35,35,34.5,34.5,18,7641,265411.5
19 NOV 2012,35.2,36.5,35,35.5,18,10371,367730.6
16 NOV 2012,35.2,36.2,35,35.3,13,16120,568334.6
15 NOV 2012,37.9,37.9,35.2,35.2,2,23,858.2
14 NOV 2012,35.5,38,35.1,36.2,25,10511,379263.9
12 NOV 2012,35.5,36,35.5,35.5,17,62,2204
9 NOV 2012,35.4,36.6,35.4,36.1,15,904,32599.5
8 NOV 2012,35.5,36,35.5,35.9,8,1600,57340
7 NOV 2012,36.5,36.6,36,36.6,8,1053,38506.7
6 NOV 2012,35,36.6,35,36.6,9,2405,84179.8
5 NOV 2012,37,37,37,37,1,1,37
2 NOV 2012,35.5,37,35,36.8,19,3200,115104.9
1 NOV 2012,35,35.5,35,35.5,7,2524,88341.5
31 OCT 2012,36.9,36.9,34,36.7,14,3175,112792.4
30 OCT 2012,35,37,34.6,34.8,9,3604,125347.3
26 OCT 2012,37.5,37.5,36,36,5,107,3860.2
25 OCT 2012,36,37.3,36,36.6,5,340,12452
24 OCT 2012,36.6,36.8,36,36.4,3,1002,36672.8
23 OCT 2012,36.6,37,35.6,36,31,17325,624118.8
22 OCT 2012,36.4,37,36.4,37,5,5914,218371
19 OCT 2012,37.7,38.5,36.4,37.3,9,3191,121859.3
18 OCT 2012,37,37.5,37,37.5,11,2100,78743
17 OCT 2012,36,37,35.4,36.9,18,2909,105265.7
16 OCT 2012,37,37.1,36.1,36.1,15,7420,270004.6
15 OCT 2012,37.5,37.5,37,37.3,13,3003,112124.5
12 OCT 2012,38.1,38.2,37.8,37.9,6,1558,59325.9
11 OCT 2012,38,38.4,37.5,37.7,15,6897,261927.5
10 OCT 2012,38.2,38.3,38.1,38.1,12,3704,141322.4
9 OCT 2012,40,40,38.6,38.7,10,5057,201260.2
8 OCT 2012,39.5,40.4,38,38.1,13,3311,128293.3
5 OCT 2012,38,40,38,39.6,14,5520,216650
4 OCT 2012,38.1,38.5,38,38.2,19,11143,424681.1
3 OCT 2012,38.5,39,38.2,38.4,9,2554,98021.6
2 OCT 2012,39.4,39.4,38.3,38.3,13,4806,186301.8
1 OCT 2012,39,39.8,38.2,39.4,37,40701,1575638.2
28 SEP 2012,39.1,40.5,39,39.5,40,31024,1228136.6
27 SEP 2012,39,39.2,39,39.2,6,2300,89900
26 SEP 2012,39.6,39.9,39.5,39.5,12,3883,153678.5
25 SEP 2012,39.2,40.5,39.2,39.7,39,31568,1261694.7
24 SEP 2012,40.2,40.9,40,40,25,7890,317070
21 SEP 2012,40.4,41,40.4,40.5,12,8700,354280
20 SEP 2012,42,42,39.5,40.9,61,47659,1929113.1
19 SEP 2012,41.6,43,39,42,104,103174,4248882.8
18 SEP 2012,41.5,42.5,41.5,41.7,17,9500,399018
17 SEP 2012,44.5,44.5,41.5,42.9,34,25963,1113831.5
14 SEP 2012,42,44.5,41.2,43.8,115,94897,4110279.5
13 SEP 2012,36.5,43,36.5,40.7,178,232800,9349348.2
12 SEP 2012,36.5,37.5,36,36.9,28,18880,692780
11 SEP 2012,38.5,38.5,36,37.8,34,46255,1745353.5
10 SEP 2012,37,38.5,37,38.3,76,80730,3059149
7 SEP 2012,33,36.9,33,36.4,84,79010,2796978.8
6 SEP 2012,34,34.9,32.2,33.1,44,58934,1959228.8
5 SEP 2012,31.2,34.7,31,34.3,67,46697,1527713.1
4 SEP 2012,32,32.9,30.5,31.8,44,26343,837555.2
3 SEP 2012,28.9,32,28.1,31.4,88,58230,1752851.3
30 AUG 2012,28.9,28.9,27.9,28.4,14,18171,511668.9
29 AUG 2012,29,29,28,28.5,18,39246,1104188
28 AUG 2012,28.2,29,28,28.5,36,29796,851277
27 AUG 2012,27.5,28,27,28,15,7747,216436
24 AUG 2012,27.5,27.8,27,27,7,4042,110922
23 AUG 2012,28.3,28.9,27.5,27.5,32,11660,325048.4
22 AUG 2012,27.7,28.4,27.5,27.9,25,9651,267290.6
21 AUG 2012,26.1,26.6,25.9,26.5,13,5620,147371.3
20 AUG 2012,26.9,26.9,26.5,26.8,18,8990,240716.6
17 AUG 2012,28,29,28,28.2,19,6226,178965.6
16 AUG 2012,26.7,28.5,26.7,28,15,4855,133961.8
15 AUG 2012,29,30,26.2,29,24,13539,390513.3
14 AUG 2012,26,29,25.2,28.3,87,60008,1657535.5
13 AUG 2012,25.1,26.5,25,26,26,9927,255947.9
10 AUG 2012,25.1,25.2,25,25.1,11,3123,78285
9 AUG 2012,25.1,25.1,25,25,15,4755,118925
8 AUG 2012,25.7,25.7,25.4,25.4,11,2620,66825
7 AUG 2012,26,26.5,25.5,25.8,10,2104,54697
6 AUG 2012,25.8,25.8,25.5,25.6,34,16259,417512.2
3 AUG 2012,26,26,25.4,25.7,19,7785,200200
2 AUG 2012,26.5,27.7,26.5,27.5,37,67230,1837634.8
31 JUL 2012,26.6,27.2,26.6,27,20,11601,313147
30 JUL 2012,27,27.3,26.7,27,23,24055,651486.5
27 JUL 2012,26.8,27.2,26,27,57,27208,728669.6
26 JUL 2012,26.8,26.8,26.1,26.4,12,2320,61489
25 JUL 2012,26.4,28,26.4,26.5,72,40607,1091131.5
24 JUL 2012,25.4,25.4,25.2,25.2,9,1500,37894.2
23 JUL 2012,26,26,26,26,1,5000,130000
20 JUL 2012,26.4,27,26.4,26.4,11,3110,82189
19 JUL 2012,26,27.2,26,26.6,28,17693,466428.5
18 JUL 2012,25,25.5,24.6,25.5,15,4950,124617.2
17 JUL 2012,25.6,26,25,25.1,12,3436,87583.4
16 JUL 2012,25.6,25.6,25.6,25.6,1,51,1305.6
13 JUL 2012,25.6,25.6,25.6,25.6,3,920,23552
12 JUL 2012,25.6,25.6,25.6,25.6,2,3704000,95562400
10 JUL 2012,25.5,26.9,25,25.8,4,1300,33510
9 JUL 2012,26.8,26.8,26.7,26.7,2,79,2109.4
6 JUL 2012,25.9,26,25.9,26,5,600,15570
5 JUL 2012,26,26,25.2,25.3,8,1100,27800
4 JUL 2012,25.6,25.6,25.6,25.6,1,400,10240
2 JUL 2012,25.7,25.7,25.7,25.7,3,500,12850
29 JUN 2012,27.2,27.3,25.9,27.2,8,4160,112470
28 JUN 2012,26,26,26,26,4,1000,26000
27 JUN 2012,26,26,26,26,2,400,10400
26 JUN 2012,26.3,27.3,26,27.3,7,2700,70710
25 JUN 2012,26.5,27.6,26.3,27.3,11,3500,93700
22 JUN 2012,26.1,26.8,26.1,26.8,11,9228,241904.6
21 JUN 2012,27.5,27.5,26.5,26.5,12,10610,285942
20 JUN 2012,28,29,27,28.2,8,1807,51341.1
19 JUN 2012,29.4,29.5,26.5,27.4,7,3780,107492
18 JUN 2012,28.9,29,28.5,28.7,8,3200,91950
15 JUN 2012,27,30,26.9,28.6,97,109269,3069302.6
14 JUN 2012,27,27,24.9,27,19,6189,163981
13 JUN 2012,23.9,27.5,23.9,25.3,57,51225,1280862.2
12 JUN 2012,23.1,24,23,23.2,13,5896,136584.4
11 JUN 2012,24,24,23.5,24,4,702,16498
8 JUN 2012,24,25,23.8,24.5,25,28470,697707
7 JUN 2012,22,24,22,23.1,22,14897,338181.2
6 JUN 2012,22.7,22.7,21.5,21.6,27,12920,281538
5 JUN 2012,25,25.5,22.2,22.6,24,7001,168424.1
1 JUN 2012,23.9,25,23.7,24.5,42,20331,490854
31 MAY 2012,23,24.1,21,22.2,29,48098,1045689.5
30 MAY 2012,20.3,24,20.1,22.5,46,48071,1059876
29 MAY 2012,22.1,22.1,20.5,21.5,34,28580,613520.5
28 MAY 2012,23,23.3,22.5,22.5,14,3410,76995.8
25 MAY 2012,23.5,23.7,23.5,23.5,6,1230,28925
24 MAY 2012,23.5,23.5,23.2,23.5,5,2900,68030
23 MAY 2012,24,24,23.1,23.2,24,14140,331999.1
22 MAY 2012,24,24,23.7,23.8,10,3235,77050.2
18 MAY 2012,24.8,25,24,24.9,21,11016,271860
17 MAY 2012,25,25.2,24,24,13,12919,317969
16 MAY 2012,23.1,24.7,23.1,24.6,83,118560,2819734
15 MAY 2012,23.6,24.5,23,23.1,31,13912,322975.5
14 MAY 2012,23.5,26.8,23.5,24.1,44,62685,1621562.4
11 MAY 2012,24,25,23.5,23.6,16,7662,181043.2
10 MAY 2012,25.1,27,23.5,24,41,19100,475060
9 MAY 2012,26.2,26.2,25.1,25.3,24,15700,406370
8 MAY 2012,26.6,27.5,26.1,26.6,23,8140,215030
4 MAY 2012,27.9,27.9,26.5,27.4,13,10130,270377
3 MAY 2012,27,27,26.7,26.7,4,4420,119130
2 MAY 2012,26.5,27,26.5,27,5,3800,102090
30 APR 2012,27.1,27.5,27.1,27.4,10,3900,106260.4
27 APR 2012,27,27,27,27,1,30,810
26 APR 2012,28,28,27,27,16,23260,638260
25 APR 2012,28.1,28.1,28,28,17,16960,475283
24 APR 2012,29.7,29.7,28.1,28.2,22,14350,406953
23 APR 2012,28.7,29.8,28.4,28.4,7,7200,205070
20 APR 2012,31.9,31.9,29,29.2,23,22730,672667
19 APR 2012,29.4,31,28.5,30.1,28,15700,469702
18 APR 2012,28.1,29.5,28,29.2,15,7545,212570
17 APR 2012,28.2,29.5,28.2,28.5,4,1281,36209.5
16 APR 2012,27,31,27,29.7,29,27934,798986
11 APR 2012,28.3,28.3,26.7,28,8,4200,117710
10 APR 2012,26.7,28,26.5,27.4,11,373820,9985468
9 APR 2012,26.4,26.9,26.4,26.7,5,1500,39730
5 APR 2012,26.3,28.5,26.3,28,42,32334,869016.2
4 APR 2012,26.4,26.4,26.3,26.3,2,1480,38972
3 APR 2012,26.5,26.5,24.5,26.4,3,1096,28984
30 MAR 2012,26.5,26.5,26.5,26.5,5,574,15211
29 MAR 2012,27.5,28,26.1,26.6,6,2101,55798
28 MAR 2012,28,28,28,28,8,2540,71120
27 MAR 2012,28.3,28.4,27.5,27.6,11,7263,202985.2
26 MAR 2012,28,29,27,28,16,7462,209780.1
23 MAR 2012,26.3,28.7,26.3,27.9,24,8855,243006.5
22 MAR 2012,26,26,26,26,1,3000,78000
21 MAR 2012,25.2,26,24,26,7,6578,164965.6
20 MAR 2012,26,26,25.2,25.4,11,4252,108559.4
19 MAR 2012,26.1,26.1,26,26,6,5700,148250
16 MAR 2012,25.5,29,25.5,27.2,17,6120,164708.8
15 MAR 2012,25.5,25.6,25.2,25.6,6,2600,66090
14 MAR 2012,25.6,25.6,25,25.2,9,1520,38761.8
13 MAR 2012,26.5,26.5,26.5,26.5,5,1145,30342.5
12 MAR 2012,25.7,27,25.7,26.3,7,1825,47480
9 MAR 2012,26,26.2,26,26.2,4,2020,52560
8 MAR 2012,25.5,27,25.5,26,9,1220,31360
6 MAR 2012,24.2,27.9,24.2,27.6,22,11500,298770
5 MAR 2012,27.1,28,27,27.3,14,8700,238430
2 MAR 2012,27.8,27.9,27.5,27.5,7,3901,108137.5
1 MAR 2012,27.2,27.9,27.2,27.9,5,407,11192.8
29 FEB 2012,27.2,27.7,27.1,27.1,7,2300,62658
28 FEB 2012,30,30,27,27.8,31,16400,451702
27 FEB 2012,29,29,27,29,3,3030,87810
24 FEB 2012,32.9,32.9,29.6,30,9,4198,125415
23 FEB 2012,29.9,32,29,30.7,99,47200,1438240
22 FEB 2012,27.9,29.9,27.9,28.5,27,39200,1115720
21 FEB 2012,26,28,26,27.1,15,9400,252550
17 FEB 2012,28.5,30.9,25,26.7,42,30500,875130
16 FEB 2012,23.9,28.5,22,27.4,80,60700,1554540
15 FEB 2012,23,24.8,20,21.6,58,51400,1065430
14 FEB 2012,25.4,25.4,21,21.4,44,22200,520390
13 FEB 2012,29.6,29.6,25.5,27.2,39,23400,643980
9 FEB 2012,31.5,31.7,29.5,30,36,36800,1115920
8 FEB 2012,31.6,32.6,31.5,31.7,20,16200,514300
6 FEB 2012,33,33,32.1,32.1,11,6900,223250
2 FEB 2012,33.1,34,32.7,33.4,15,10600,352520
1 FEB 2012,33.7,35,33.7,33.7,7,3900,132890
31 JAN 2012,35,35,33.5,33.7,14,10400,354950
30 JAN 2012,37.9,37.9,34.2,34.2,16,13400,497760
27 JAN 2012,33.1,38,33.1,36.6,15,7200,261340
26 JAN 2012,32,35,32,34.4,10,4800,162910
25 JAN 2012,34,35,33,33,18,19500,651120
24 JAN 2012,33.6,34.5,31.5,33.7,28,29000,931280
23 JAN 2012,35,35,34,34,31,22100,760190
20 JAN 2012,35.5,35.5,35,35.3,18,15000,530310
19 JAN 2012,35.6,36,35.5,35.5,7,2000,71180
18 JAN 2012,37,37,36,36.1,11,7400,267050
17 JAN 2012,39,40,37.5,37.9,20,16100,618750
13 JAN 2012,39.8,39.9,38.6,38.7,6,1700,67370
12 JAN 2012,36,39,36,38.6,20,13900,528390
11 JAN 2012,37,38,36.6,37.7,12,4200,155980
10 JAN 2012,36.4,37,36.2,36.3,8,4800,174800
9 JAN 2012,37,37,36.4,36.4,4,2000,73740
6 JAN 2012,37,37,37,37,6,4200,155400
5 JAN 2012,37,38,37,37,6,7200,272600
4 JAN 2012,38,38.5,38,38,3,900,34450
3 JAN 2012,38,38,38,38,7,6000,228000
2 JAN 2012,38.6,39.8,38.5,39.8,4,3200,123580
30 DEC 2011,38.5,39.5,38,38.5,19,16300,627800
29 DEC 2011,38,40.9,38,38.8,23,21700,853470
28 DEC 2011,36.7,40.8,36.5,39,63,41200,1619980
27 DEC 2011,37,38,36.7,36.7,11,3100,116530
23 DEC 2011,36.9,37.5,36.9,37.3,10,9300,345890
22 DEC 2011,36,36.9,36,36.3,20,6800,246640
21 DEC 2011,35.5,35.6,35.5,35.6,11,2500,88890
20 DEC 2011,37.5,37.6,37.5,37.6,13,2100,78860
19 DEC 2011,36.5,36.5,35,35.1,5,2500,89200
16 DEC 2011,36,36,35,35,19,19100,669390
15 DEC 2011,35,36.8,34.7,36,10,16900,596030
14 DEC 2011,37,37,34.6,34.9,11,9900,346040
13 DEC 2011,36,36.1,36,36,9,11900,428490
12 DEC 2011,37,37,34.5,35,12,4600,161110
9 DEC 2011,38,39,37,37.9,7,1600,60610
8 DEC 2011,37.5,37.6,37.5,37.5,6,1700,63770
5 DEC 2011,39.3,39.3,38,38.5,11,2500,96580
2 DEC 2011,42,42,39.3,39.4,25,14100,564350
1 DEC 2011,39.6,41.9,39,41,79,116100,4708980
30 NOV 2011,38,39.7,38,39.7,4,3100,121700
29 NOV 2011,40,42.4,39,39.5,20,29600,1194700
28 NOV 2011,36.4,40,36.4,38.7,58,49500,1909670
25 NOV 2011,34.4,34.4,34,34.2,12,12100,411530
24 NOV 2011,35.5,36,34.5,34.6,35,51400,1793690
23 NOV 2011,37,37,36,36.4,18,25600,931560
22 NOV 2011,39,39,36.1,37,5,1500,55460
21 NOV 2011,40.1,40.1,39,39,4,1200,47350
18 NOV 2011,38.9,40.3,38.9,40,30,29000,1156720
17 NOV 2011,36.5,38.1,36.5,38.1,13,12000,451520
16 NOV 2011,38,38,36,36.2,21,6300,235660
15 NOV 2011,38.9,39.9,37,37.1,35,47700,1794720
14 NOV 2011,40,40,39.5,39.5,8,11800,471170
11 NOV 2011,40.8,40.8,40,40,11,5600,224680
9 NOV 2011,40.2,40.5,40,40.5,23,23900,959930
8 NOV 2011,41.2,41.2,40.5,40.5,16,8400,342030
4 NOV 2011,41.8,41.8,41.1,41.5,9,3300,137120
3 NOV 2011,40.6,44.6,40.6,41.8,14,6600,276620
2 NOV 2011,40.8,44,40.8,43.1,33,39800,1683070
1 NOV 2011,40.8,40.8,40.6,40.6,3,800,32500
31 OCT 2011,41,41.1,40.6,41,21,22900,938580
28 OCT 2011,41,42,41,41.5,12,35500,1476850
27 OCT 2011,41.5,41.5,41.1,41.3,7,4000,165070
25 OCT 2011,42,42,41,41.8,20,8900,368200
24 OCT 2011,45.4,45.4,41.6,43,10,10800,458080
21 OCT 2011,41.3,45,41.2,43.1,15,13500,572530
20 OCT 2011,41,41.5,40.5,41.3,13,10000,410140
19 OCT 2011,42.4,43,40.7,41.5,29,39900,1652590
18 OCT 2011,42.2,42.2,41.1,41.9,30,31000,1293560
17 OCT 2011,42.8,44,42.6,42.8,20,23600,1026890
14 OCT 2011,43.1,43.1,43,43,10,3900,167750
13 OCT 2011,43,43.2,43,43.1,8,11100,478420
12 OCT 2011,44,44,43,43.3,12,7900,342420
10 OCT 2011,44,45,43.7,44.1,28,22500,989290
7 OCT 2011,44,46,43.9,43.9,27,10600,469140
6 OCT 2011,43.9,43.9,43.9,43.9,4,900,39510
5 OCT 2011,44,46,44,44.7,21,32800,1497820
4 OCT 2011,46,46,43.6,44.8,6,2500,112390
30 SEP 2011,42.2,45,41.3,44.6,7,3900,172390
29 SEP 2011,44.1,46.7,40.1,46.4,30,44200,1871750
28 SEP 2011,45,46.5,44.5,44.5,29,19900,892460
27 SEP 2011,46,46.3,44.5,45,16,10900,493620
26 SEP 2011,44.7,46.9,44.7,46.8,6,2900,134030
23 SEP 2011,45.1,45.1,44.6,44.6,29,22200,997980
22 SEP 2011,45.4,45.5,45.1,45.1,20,14400,651470
21 SEP 2011,45.5,45.5,45.5,45.5,4,1500,68250
20 SEP 2011,48,48,45.5,45.6,16,7800,360400
16 SEP 2011,46,48.5,45,48,15,9500,443490
15 SEP 2011,46.5,46.5,46,46,6,2800,128850
14 SEP 2011,48,48,46.5,46.9,26,22100,1040470
13 SEP 2011,49,49,48,48.1,20,14900,722490
12 SEP 2011,49,52,49,49.1,78,95800,4830590
9 SEP 2011,49.3,50.5,48.4,48.5,46,65000,3246400
8 SEP 2011,48.5,48.5,48.1,48.3,12,12800,617560
7 SEP 2011,50,50.1,47.2,49,42,43900,2144790
6 SEP 2011,50.4,51.5,47.5,50,48,138300,6981910
5 SEP 2011,50.9,52.3,49,50.4,112,135600,6878650
2 SEP 2011,47.2,51.2,44.1,49.3,127,160600,7785730
1 SEP 2011,42.2,48,42.1,47,120,150700,7009970
30 AUG 2011,42,46.8,41.8,44.5,38,41400,1821560
29 AUG 2011,42.1,42.1,41.6,41.7,13,26100,1089690
26 AUG 2011,43,43.9,42,42.1,28,10500,447320
25 AUG 2011,43,43.5,43,43.3,18,12000,518040
24 AUG 2011,43.5,43.5,42.5,42.6,17,5900,254080
23 AUG 2011,44.1,44.1,43,43.8,31,16000,700010
22 AUG 2011,44.5,44.5,44.1,44.3,17,22900,1014830
19 AUG 2011,46.1,46.1,44.7,44.9,19,13300,601730
18 AUG 2011,47,48,46,46.2,22,29400,1396660
17 AUG 2011,46.6,48,43.2,45.9,58,45000,2087310
16 AUG 2011,42.5,46.6,42.5,44.9,79,89300,3958440
15 AUG 2011,41.5,42,41.5,42,16,16500,689970
12 AUG 2011,42,43.8,41.2,42.5,28,61600,2615190
11 AUG 2011,42.1,44,42,42,6,3700,155900
10 AUG 2011,41.3,44,41.2,43,25,28000,1199900
9 AUG 2011,42.4,42.5,41,41.5,30,39700,1655010
8 AUG 2011,41.5,42.9,40.5,42.5,32,125200,5298050
5 AUG 2011,41.7,42.5,41.4,41.6,40,42800,1775840
4 AUG 2011,42.4,42.5,41.7,41.7,7,2200,92100
3 AUG 2011,42,42.5,41.5,42.4,14,7500,312520
2 AUG 2011,42.6,43.1,42.2,42.5,14,6100,259130
1 AUG 2011,44,44.1,42.5,43.6,39,15600,676450
29 JUL 2011,42.1,44.4,42.1,44.1,44,35700,1553870
28 JUL 2011,42,43,42,42.5,47,24500,1042110
27 JUL 2011,41.6,41.7,41.4,41.4,24,21700,900050
26 JUL 2011,41.2,42,41,41.5,87,267500,11067700
25 JUL 2011,42.9,42.9,40.8,41.1,53,52100,2143940
22 JUL 2011,41.4,41.4,40,41,41,62000,2527140
21 JUL 2011,40.7,41.2,40.5,41.2,12,17300,708700
20 JUL 2011,40.7,44,40.5,40.8,15,22000,908050
19 JUL 2011,41,41,40.6,40.6,20,21700,883410
18 JUL 2011,42,42,41,41,24,30900,1268890
15 JUL 2011,41,41.1,41,41.1,16,17500,717660
13 JUL 2011,40.5,42,40.5,41,35,32700,1341480
12 JUL 2011,42.8,42.8,40.5,41,36,69500,2842120
11 JUL 2011,43.9,43.9,42.7,42.8,19,6800,292520
8 JUL 2011,43.1,43.9,43.1,43.5,10,8100,353010
7 JUL 2011,44,44,43.1,43.2,21,6700,291570
6 JUL 2011,44.1,44.2,43.8,43.8,31,13800,606340
5 JUL 2011,45,45.4,44.5,45,14,6400,288100
4 JUL 2011,46,46,45,45.1,42,50400,2281170
1 JUL 2011,46.2,46.3,46.1,46.3,19,11200,518100
30 JUN 2011,46.5,47.1,46.1,47,21,19400,903850
29 JUN 2011,46.5,47.1,46,46.8,15,4100,191510
28 JUN 2011,47.9,47.9,46.9,47.1,36,58500,2756690
27 JUN 2011,47,49.4,47,47.4,42,16900,808620
24 JUN 2011,47.9,48,47,47.3,41,53000,2517100
23 JUN 2011,47.6,47.9,47.5,47.8,15,12700,605500
22 JUN 2011,48,49,47.9,48,24,72300,3472540
21 JUN 2011,48,48.5,47.6,48,32,71300,3423130
20 JUN 2011,48.4,49,48,48.2,38,142000,6824910
17 JUN 2011,49,49.5,48,48.3,45,116400,5623300
16 JUN 2011,48.7,49,48.2,48.7,29,49100,2385800
14 JUN 2011,50,50,48.8,49,47,51800,2541080
13 JUN 2011,50.7,50.7,50,50.1,32,30800,1545720
10 JUN 2011,50,51,50,50.6,52,70800,3547170
9 JUN 2011,50.7,50.8,50.1,50.4,50,97700,4945290
8 JUN 2011,51.3,51.9,50.6,50.7,40,29400,1493100
7 JUN 2011,50,51,50,50.6,50,38600,1942870
6 JUN 2011,50.1,50.5,49.9,50,27,22000,1102560
3 JUN 2011,51.1,51.7,50,50.3,79,75200,3805750
2 JUN 2011,52,52,51.1,51.6,18,10100,518360
1 JUN 2011,51.5,53.9,51.5,51.9,54,106800,5550720
31 MAY 2011,52,52.9,51.7,51.8,23,23700,1233450
30 MAY 2011,52,53,51.6,52.5,51,58400,3058420
27 MAY 2011,52,52.9,51,51.9,22,16500,852040
26 MAY 2011,51.1,52.1,50,51.1,80,226800,11583280
25 MAY 2011,51.5,53.5,51,52,75,93400,4799700
24 MAY 2011,52.7,53.7,51.5,52,43,13900,728050
23 MAY 2011,52.8,53.9,52.8,53,32,80200,4245430
20 MAY 2011,53.9,54.5,52,53.5,70,109200,5868250
19 MAY 2011,53.8,54,51.2,52.4,73,219000,11363580
16 MAY 2011,52,54,51,51.5,59,89900,4760280
13 MAY 2011,51,53,50.7,52.3,40,65400,3387550
12 MAY 2011,51.5,52,50.8,51.2,17,20100,1031130
11 MAY 2011,51.9,52,50.2,51.5,82,76300,3887840
10 MAY 2011,54,54,51,51.1,50,105600,5409230
9 MAY 2011,51.1,52.9,51.1,52.7,16,10000,521040
6 MAY 2011,50.8,53.1,50.6,52.7,41,142900,7300870
5 MAY 2011,50.1,51.9,50,51,35,35700,1817020
4 MAY 2011,50.2,51.5,49.9,50.1,54,200000,10049050
3 MAY 2011,50.5,51,50.3,50.9,35,21600,1092930
29 APR 2011,51,51.5,51,51,55,34500,1762180
28 APR 2011,51.5,51.5,50.1,50.9,47,73200,3705480
27 APR 2011,50.9,51.7,50.9,51,24,12200,623320
26 APR 2011,51,51.5,50.5,50.6,37,20500,1042120
25 APR 2011,51.5,52,51,51.1,45,38000,1948740
21 APR 2011,51.5,52.2,51.5,51.7,27,26900,1392200
20 APR 2011,53.6,54.9,51,52.4,53,349200,18073370
19 APR 2011,53.2,54,53.2,53.6,28,28000,1502030
18 APR 2011,54.2,54.8,53.7,53.7,37,54700,2966920
12 APR 2011,54.7,56,54.1,54.9,83,329000,18085080
11 APR 2011,53,54.5,53,54,59,90700,4899920
8 APR 2011,53.5,54,53.2,53.8,29,17900,964360
7 APR 2011,53,54.2,53,54,57,72900,3923170
6 APR 2011,53,54.7,53,53.1,38,20700,1102180
5 APR 2011,54,54.5,53,53.7,37,55500,2980130
4 APR 2011,53.9,54.7,53.5,53.6,55,57300,3098660
1 APR 2011,52.6,54.9,52.5,53.8,125,151500,8192550
31 MAR 2011,52,53.1,52,52.6,104,69400,3652000
30 MAR 2011,53,53,52,52.3,70,103800,5470900
29 MAR 2011,52.1,52.5,52,52,40,57900,3014940
28 MAR 2011,52.1,53,52,52.3,28,21800,1141290
25 MAR 2011,52.1,53.7,51.9,52.3,35,53500,2788620
24 MAR 2011,52.1,53.8,52,52,27,108700,5656480
23 MAR 2011,52.8,53.1,52,52.3,70,210200,11031150
22 MAR 2011,51.6,52,51.6,51.7,53,62800,3246990
21 MAR 2011,52.3,52.3,51.4,51.5,50,55300,2865280
18 MAR 2011,54.4,55,52.1,53.2,52,43700,2314840
17 MAR 2011,53,54.7,52.1,53.9,90,109300,5863140
16 MAR 2011,51.2,52.3,50.5,51.9,85,84600,4359190
15 MAR 2011,51,51.7,50.7,51.4,149,312700,15982760
14 MAR 2011,51.6,51.6,50.7,51,106,288600,14719110
11 MAR 2011,53,53.3,51.6,52.5,126,144500,7566020
10 MAR 2011,51.5,54,51.5,52.4,85,74300,3875380
9 MAR 2011,51.5,52.3,51,51.9,116,187300,9688390
8 MAR 2011,51.7,52.3,50.9,51.9,92,128600,6605340
7 MAR 2011,52,53.5,50.9,52,60,84000,4369390
4 MAR 2011,52,53.5,50.8,52.5,108,125400,6577480
3 MAR 2011,52.3,52.4,50,50.5,154,234800,11922100
1 MAR 2011,53.2,53.5,52.1,52.3,96,181000,9553530
28 FEB 2011,56,56,53.2,53.8,137,273800,14790870
25 FEB 2011,53.5,56.9,53.5,54.4,170,530300,29542100
24 FEB 2011,54.1,55,53.2,54.3,118,158700,8602790
23 FEB 2011,54,56.4,53.5,54.2,171,227600,12557180
22 FEB 2011,55.9,55.9,53,53.2,189,276700,15021930
21 FEB 2011,55.8,56.9,55,55.5,346,2446600,135232360
18 FEB 2011,56.5,57.5,55.5,55.9,84,67500,3777550
15 FEB 2011,56.5,57.9,55,55.2,191,279000,15565390
14 FEB 2011,60,60.1,56.8,57,263,315500,18359530
11 FEB 2011,68,69,58,59,2972,14836900,875262680
10 FEB 2011,59.4,67,59.4,64.9,684,1082200,69204360
9 FEB 2011,58,58.5,57,57.6,50,64500,3717570
8 FEB 2011,59.6,59.6,58,58.2,83,103000,6016370
7 FEB 2011,61.5,62,58,59,55,58700,3481700
3 FEB 2011,60,61,58.2,60.5,133,215000,12931000
2 FEB 2011,58.5,60,58,59.3,71,63200,3705880
1 FEB 2011,59,59.9,58,58.6,75,54700,3208910
31 JAN 2011,60,61,58,58.7,115,108300,6425200
28 JAN 2011,59.9,62,58.3,59.1,80,68600,4101460
27 JAN 2011,60.5,61,58.3,58.5,76,94700,5613260
26 JAN 2011,62.3,62.5,60,60.1,154,233500,14093510
25 JAN 2011,63.3,63.3,60,62.3,81,84300,5239840
21 JAN 2011,65,66.8,63.3,63.9,189,437300,28405690
20 JAN 2011,62.5,65,59,63.9,877,1240000,78483640
18 JAN 2011,60,60,56.5,56.9,94,70000,4066410
17 JAN 2011,55,57,55,56.3,56,44500,2501820
14 JAN 2011,56,57,53.6,55,41,76200,4176270
13 JAN 2011,59.5,59.5,56,56.9,43,32500,1847350
12 JAN 2011,59.5,60.2,57,58,70,38600,2263520
11 JAN 2011,57,59.5,55,57.2,109,94000,5357110
10 JAN 2011,59.5,59.5,56,57.1,70,44100,2572320
7 JAN 2011,62,62,58.1,59.2,105,93500,5580560
6 JAN 2011,65,65,59.4,60.5,179,168000,10219470
5 JAN 2011,54.8,64,54.7,60.1,529,653900,39376950
4 JAN 2011,49.5,54,49,53.4,168,213100,10932720
31 DEC 2010,48.5,49.4,47,49.3,47,35400,1723190
30 DEC 2010,47.6,48.9,46,46.5,55,94000,4377350
29 DEC 2010,48.2,48.5,47,48,34,59300,2823540
28 DEC 2010,49,50,48,48.2,42,24400,1193620
27 DEC 2010,48.7,48.7,46.1,48.5,21,12900,616790
24 DEC 2010,48.4,49,47.9,48.2,20,15900,771710
23 DEC 2010,47.4,48,47,47.9,54,68800,3295660
22 DEC 2010,44,47.4,44,47.3,80,135600,6249230
21 DEC 2010,44.9,45.4,44,44.7,29,27000,1209210
17 DEC 2010,42.1,44.4,42.1,43.9,10,3800,164630
16 DEC 2010,42.2,43,42,42.9,10,3500,147740
15 DEC 2010,41.5,43,41.5,43,8,1500,63300
14 DEC 2010,43,43,41.6,42,26,60600,2570890
13 DEC 2010,43.5,43.5,42,43.5,20,6300,267620
10 DEC 2010,43.1,44,43,43.7,17,7800,336140
9 DEC 2010,44,45,44,44.5,26,13900,619700
8 DEC 2010,45,45,44,44.9,17,22600,1013630
7 DEC 2010,43,45,43,44.9,18,7700,344800
6 DEC 2010,44,44,43,43.5,24,12900,559470
3 DEC 2010,46.9,47,44.1,44.8,65,67400,3041280
2 DEC 2010,48.5,49.5,47,47.4,55,58100,2792690
1 DEC 2010,45.5,48.5,44,48.1,100,160000,7660700
30 NOV 2010,42,45.7,42,43.9,33,16500,719620
29 NOV 2010,43.2,43.2,40,40.1,62,177800,7328160
26 NOV 2010,44,44,43,43.2,38,22000,963020
25 NOV 2010,45.1,45.1,44,44.2,22,12600,557860
24 NOV 2010,45.8,46,45.8,45.9,15,11900,545940
23 NOV 2010,46,47,45.8,46.6,12,3400,157320
22 NOV 2010,48.5,48.5,46,46.4,12,10600,493070
18 NOV 2010,47.4,48.7,47.4,48.5,19,20800,1004270
16 NOV 2010,47,47,45.1,45.5,21,11400,524170
15 NOV 2010,47.5,48,47.4,47.7,13,7100,338460
12 NOV 2010,47.5,47.8,47.5,47.7,6,5600,266470
11 NOV 2010,46.8,48,46.8,48,6,6900,326600
10 NOV 2010,48.1,48.1,47,47.2,15,7200,340680
9 NOV 2010,48.2,49,48.1,48.6,31,13000,631900
8 NOV 2010,90,90,49,49,19,13300,705920
1 NOV 2010,102.5,103,102.2,102.7,24,24500,2511850
29 OCT 2010,100.4,103.2,100,102.2,40,67800,6922160
28 OCT 2010,101,101,100,100.4,35,16200,1623250
27 OCT 2010,102,102.1,95,97.6,10,4200,419260
26 OCT 2010,103.5,103.5,102,102.5,26,14500,1488030
25 OCT 2010,105.2,105.2,103.1,103.2,14,4900,511670
21 OCT 2010,108,105.2,103.1,103.2,14,4900,511670
20 OCT 2010,110,110.1,109.5,110,19,7300,803000
19 OCT 2010,104,108.5,104,106.9,23,5500,586240
18 OCT 2010,103,107.9,103,106.7,22,6500,680970
15 OCT 2010,102.5,104.5,102.5,103.4,23,7600,783340
14 OCT 2010,105,105,102,102.1,26,15600,1603320
13 OCT 2010,105,109.9,90,101.8,76,52100,5148440
12 OCT 2010,110.2,110.2,105.1,105.4,35,15600,1668320
11 OCT 2010,115,115,111,111,23,9500,1072400
8 OCT 2010,110.1,114,110,113,7,2900,325820
7 OCT 2010,115,115,107,110.1,33,30100,3369250
6 OCT 2010,114,115,112,112.5,40,17900,2020910
5 OCT 2010,115,119,113.1,114.2,73,62600,7181150
4 OCT 2010,114.1,115.1,114,114,44,53600,6144820
1 OCT 2010,116.1,118,115,115.2,42,53900,6220440
30 SEP 2010,118,118.4,115,115.3,59,64700,7529600
29 SEP 2010,119,121,118,119.2,62,130100,15531860
28 SEP 2010,119.8,120,117.9,118.1,52,72200,8543050
27 SEP 2010,120,120,118,118,40,35300,4206200
24 SEP 2010,120,123,118,122,53,38200,4618050
23 SEP 2010,122,124,119,120.2,52,41400,5025110
21 SEP 2010,119.5,130,119.5,124.6,85,119300,14966830
20 SEP 2010,122.3,126,122,123,26,20000,2478300
17 SEP 2010,124.5,125.1,122,122.3,50,42000,5210280
16 SEP 2010,119,129,118,124,76,194700,24376000
15 SEP 2010,119.1,121,115.5,120.1,43,51700,6144540
14 SEP 2010,122,122,118,119.1,60,76900,9174770
13 SEP 2010,119,125,118.6,120.1,60,172100,20712330
9 SEP 2010,123,123,120,119,109,99300,11932930
8 SEP 2010,125.7,125.7,120.6,122.3,99,175200,21725820
7 SEP 2010,125.5,129,124.1,125.7,121,106900,13436070
6 SEP 2010,130,130,123.5,124.1,165,101200,12687570
3 SEP 2010,127,138.7,127,130.2,806,658400,88600410
2 SEP 2010,122.1,130,122,126.3,429,531400,67247970
1 SEP 2010,111,122.1,109.8,120.3,333,445700,52251920
31 AUG 2010,115,116,110,111,117,138200,15469710
30 AUG 2010,115,120.5,113,114,341,397400,46271730
27 AUG 2010,104,111.8,103,111.8,456,491800,54230630
26 AUG 2010,100,103,96,101.7,233,315900,31612360
25 AUG 2010,97,99,95,97.3,90,111100,10783380
23 AUG 2010,95.3,96,94,95.2,74,97000,9212210
20 AUG 2010,93,99.5,92,95.3,137,326200,31171880
19 AUG 2010,93.1,95,92,93.8,109,170300,16113740
18 AUG 2010,90,97.8,90,93.1,175,320100,29910360
17 AUG 2010,92,92,88,90.5,85,138500,12496880
16 AUG 2010,97.8,100,90,91.6,207,473800,43797840
13 AUG 2010,85.5,92.5,85,92.5,399,671200,60475880
12 AUG 2010,84,84.4,83.5,84.1,109,91900,7718690
11 AUG 2010,82,87.5,82,83.1,88,383700,32090070
10 AUG 2010,74,82.5,74,82.3,52,77100,6076180
9 AUG 2010,80,80,77,78,31,41400,3220410
6 AUG 2010,77,80,77,80,16,16400,1299790
5 AUG 2010,84,84,76.5,79.9,42,73200,5934740
4 AUG 2010,83,83,80.3,82.4,29,299700,24720590
3 AUG 2010,83,85,79,80.2,77,302800,25001610
2 AUG 2010,80,83,80,81.8,94,200900,16394740
30 JUL 2010,80,80.75,79.75,80,45,108000,8640550
29 JUL 2010,80,81,79.25,80,140,270200,21636825
28 JUL 2010,77,80,77,79,60,46800,3701600
27 JUL 2010,77,77.25,77,77,14,16900,1301450
26 JUL 2010,77,79,76,77.25,30,29400,2276200
23 JUL 2010,76,77,76,76.75,35,57400,4405750
22 JUL 2010,77,77,76,77,4,3900,300150
21 JUL 2010,75,77,75,76.25,12,8700,656425
20 JUL 2010,75.5,76,74,75,27,34500,2588100
19 JUL 2010,75.5,76.75,75.5,76.25,15,5900,450025
16 JUL 2010,77,77,75,75.25,21,18600,1406375
15 JUL 2010,76.5,79.5,76.5,77.25,31,25000,1953800
14 JUL 2010,78.25,79,77,77,18,18200,1405750
13 JUL 2010,77,79,77,78,21,14200,1102775
12 JUL 2010,74,77,74,76.75,22,23400,1789500
9 JUL 2010,76,76,75,75,12,22100,1660900
8 JUL 2010,74.5,77,74.5,77,19,10500,791550
7 JUL 2010,76,76,74.5,75,29,27600,2077800
6 JUL 2010,76.25,77,75,77,26,25600,1954700
5 JUL 2010,76.5,76.5,76.5,76.5,2,400,30600
2 JUL 2010,77.75,78,77,77,21,20600,1593800
1 JUL 2010,77,78.5,77,78.5,19,16800,1300125
30 JUN 2010,78.75,80,78,78,18,16200,1275875
29 JUN 2010,80,80,78.5,79,18,11500,913300
28 JUN 2010,80,81.5,77.5,79.75,60,218800,17546000
24 JUN 2010,80,81.5,79.5,80,91,181500,14555925
23 JUN 2010,82,83,80,80.25,72,120300,9744825
22 JUN 2010,80,82,79.75,80,517,4075500,326470550
21 JUN 2010,77,79.25,77,78.25,96,143000,11217900
17 JUN 2010,77,77,75,75.25,51,208100,15797325
16 JUN 2010,77,77.5,76.25,77,33,47900,3682800
15 JUN 2010,78,78,75.25,75.75,23,109000,8211475
14 JUN 2010,74.5,77,74.5,75.75,75,115900,8740950
11 JUN 2010,74,75,74,74.25,14,5700,425025
10 JUN 2010,75,79,75,75.25,51,87400,6784475
9 JUN 2010,75,75,74,75,15,9500,710650
8 JUN 2010,74.5,76.25,74.5,75,45,57300,4306450
7 JUN 2010,75,75.25,74.5,75,29,20900,1567550
4 JUN 2010,75,75.5,74,75.25,17,10700,797900
3 JUN 2010,75,75.5,74.25,75,15,8600,643075
2 JUN 2010,75.75,76.5,74,75.25,42,59000,4433750
1 JUN 2010,75.75,75.75,73,74.25,13,15900,1190700
31 MAY 2010,74,75.5,73,73.5,41,72000,5359625
26 MAY 2010,72,74.5,70.5,74,27,27600,2037950
25 MAY 2010,73,73,71,71.5,14,15000,1074325
24 MAY 2010,73.5,73.5,67,72.5,23,16200,1145175
21 MAY 2010,74.25,74.5,72,72.75,36,38900,2847750
20 MAY 2010,75,75.25,74,75,26,34100,2536450
19 MAY 2010,77,77,73,74.5,23,10300,772150
18 MAY 2010,76.25,77,76,76,28,54000,4109475
17 MAY 2010,79.75,79.75,76.5,76.5,16,10000,780325
14 MAY 2010,76,79,76,78.75,30,29500,2269050
13 MAY 2010,76,77,76,76,42,250300,19087550
12 MAY 2010,78,79,76,76.5,62,85900,6657650
11 MAY 2010,77.25,78,76,76.25,42,40400,3089225
10 MAY 2010,79.25,79.25,77.5,77.75,130,355100,28027900
7 MAY 2010,76.25,79.5,75.5,78.5,307,565800,44096550
6 MAY 2010,69,80,69,75.75,569,951000,72119475
5 MAY 2010,66,67.5,66,67.5,8,5400,363650
4 MAY 2010,69.5,69.5,67.5,67.75,10,5200,355750
3 MAY 2010,68.75,70,68,68.75,16,42100,2914100
30 APR 2010,68.5,69,68.25,68.75,4,2000,137400
29 APR 2010,70.5,71,69,69,16,9600,668700
27 APR 2010,72,72,70,70.25,25,25800,1834650
26 APR 2010,71,72,70,71.5,22,39400,2816225
23 APR 2010,67,74,66.25,72,74,120700,8407450
22 APR 2010,66,67,66,67,5,900,59850
21 APR 2010,66,67,66,66.5,10,9500,629500
20 APR 2010,67.5,69.75,66.5,67,11,2200,148175
19 APR 2010,68.5,68.5,68,68,21,44800,3049200
16 APR 2010,69,69,69,69,3,2000,138000
15 APR 2010,69,69.5,68,69,26,24100,1652500
12 APR 2010,65.25,68.5,65.25,67.75,26,7100,483125
7 APR 2010,68.5,68.5,67,67,5,5500,370000
6 APR 2010,66,69,66,68.5,16,16000,1092600
5 APR 2010,65,65.25,64,64.5,7,3100,200450
1 APR 2010,64,66,64,65,2,200,13000
31 MAR 2010,63.5,63.5,63.5,63.5,6,3600,228600
30 MAR 2010,63.5,66,63.5,63.5,7,4400,283400
26 MAR 2010,63.25,64,63.25,64,7,5900,376250
25 MAR 2010,64,64,63,63,3,400,25300
24 MAR 2010,65.75,65.75,64,64,7,2200,141675
23 MAR 2010,66,66,66,66,2,400,26400
22 MAR 2010,66,66,65,65,3,1400,91200
19 MAR 2010,66,66,66,66,6,1400,92400
18 MAR 2010,66,66,66,66,2,1000,66000
16 MAR 2010,68,68,67,67.75,9,5200,352125
15 MAR 2010,68,69,68,68,11,12700,867200
12 MAR 2010,70,70,68.75,68.75,6,3000,207125
11 MAR 2010,67.5,68.5,67.5,68.5,7,3200,219075
10 MAR 2010,68,70,68,68.5,5,2200,151600
9 MAR 2010,69,69,68,68,6,9700,664300
8 MAR 2010,69.75,71.25,69.5,69.5,10,6300,440325
5 MAR 2010,69.5,69.5,69.25,69.5,13,5600,388150
4 MAR 2010,71.5,72,69.5,69.75,21,7200,508200
3 MAR 2010,72,72.5,69,71.5,6,700,50200
2 MAR 2010,69,71,69,69.5,29,17400,1210225
1 MAR 2010,69,69.75,68.75,69,26,30900,2131950
26 FEB 2010,70,70,69,69,11,11700,809300
25 FEB 2010,69,70,69,69.75,16,10300,720300
24 FEB 2010,69.25,70,69,69,19,13000,903000
23 FEB 2010,69,69.25,69,69,7,5600,386550
22 FEB 2010,68,70,68,69,14,7400,507825
19 FEB 2010,69.75,70,69,69.25,5,2100,146200
18 FEB 2010,69,70,68.75,69.75,33,34300,2391275
17 FEB 2010,69.75,69.75,68.5,68.5,2,1000,69125
16 FEB 2010,70,70,68.5,68.75,21,11300,786450
15 FEB 2010,71,71,70,70,6,11600,822950
12 FEB 2010,70,70.75,68,70.5,14,6500,455350
11 FEB 2010,71,73,70,70,30,31300,2201400
10 FEB 2010,70,74.75,70,73,55,57500,4211050
9 FEB 2010,71,74,70.5,70.75,58,67100,4837525
8 FEB 2010,70,70.5,69.75,70.25,16,4100,287175
5 FEB 2010,70,70,69.5,70,11,5600,391875
3 FEB 2010,70,71,69,70,54,72800,5098250
2 FEB 2010,70,70,67,68.5,7,15700,1080000
1 FEB 2010,66.5,69.25,66.5,69.25,9,7800,529425
28 JAN 2010,65.75,70,65.75,70,39,21300,1465300
26 JAN 2010,66.75,68,66.75,67.5,26,24400,1647850
25 JAN 2010,66.75,67,65.5,66,27,23600,1568425
22 JAN 2010,66.75,67,66.75,67,24,10500,701450
21 JAN 2010,67.5,67.5,66.75,66.75,9,33600,2243250
20 JAN 2010,69,69,67.5,67.5,14,8500,576800
19 JAN 2010,69,69,66.75,66.75,13,17400,1179025
18 JAN 2010,70,71,67.75,69,47,45800,3187175
15 JAN 2010,68.5,72,68.5,69.75,90,126300,8823925
13 JAN 2010,64,70,64,68.5,91,120300,8120625
12 JAN 2010,63,64,63,64,11,5000,319075
11 JAN 2010,65,65.25,65,65.25,17,11100,722075
8 JAN 2010,62.5,65,62.5,65,19,6100,390575
7 JAN 2010,64.5,65,62.5,64,10,22600,1454225
6 JAN 2010,64.5,67.5,64.5,65.5,12,2200,145025
5 JAN 2010,68,69,67.25,67.5,26,45900,3126350
4 JAN 2010,68,68,67.25,67.25,17,8000,540025
30 DEC 2009,67.5,67.75,67,67.25,24,31400,2114350
29 DEC 2009,65.5,67.5,65.5,67,43,55900,3735250
28 DEC 2009,65,66,64.75,65.5,39,92300,6047675
24 DEC 2009,64.25,66,64,64,66,80200,5221800
23 DEC 2009,60,64.25,58,61.75,99,144400,8864400
22 DEC 2009,59.5,61.75,59.5,60.25,194,171500,10415200
21 DEC 2009,53.5,58,53.5,57.25,80,111300,6327550
18 DEC 2009,54.5,55,54.5,54.75,6,13400,733025
17 DEC 2009,55,55.5,54.75,55,28,17500,962725
16 DEC 2009,55.25,55.25,53,55,16,16800,921600
15 DEC 2009,54,55,54,55,18,14300,783425
14 DEC 2009,54.25,54.25,53.75,54,20,11700,631275
11 DEC 2009,54.5,54.5,54,54.25,12,9600,520950
10 DEC 2009,53.75,55,53.75,54.5,31,19300,1056350
9 DEC 2009,53.25,54,53.25,53.5,12,6600,354375
8 DEC 2009,52.5,54.5,52,53.25,32,23300,1233975
7 DEC 2009,52.5,52.75,52.5,52.75,7,4900,258200
4 DEC 2009,49.5,52.75,49.5,52.75,41,23700,1240675
3 DEC 2009,50,50,50,50,5,8800,440000
2 DEC 2009,48,50,48,49.75,10,3100,153850
30 NOV 2009,48.5,49,48.5,48.75,9,12300,597050
27 NOV 2009,48,48,48,48,2,400,19200
26 NOV 2009,47.5,48.5,47.25,47.5,10,4200,199800
25 NOV 2009,48,48,47.5,48,10,7400,355100
24 NOV 2009,50,50,48.5,48.75,16,9200,451550
23 NOV 2009,50,50,50,50,7,3700,185000
20 NOV 2009,49.75,50,49.75,50,7,2500,124925
19 NOV 2009,52.5,52.5,50,50,7,3400,170500
18 NOV 2009,49,53,49,52.5,47,129100,6579250
17 NOV 2009,50,50,50,50,3,10200,510000
16 NOV 2009,51.75,51.75,51.5,51.5,5,600,30975
13 NOV 2009,50,51,50,50,14,6500,328100
12 NOV 2009,49.75,50,49.75,50,17,10200,509975
11 NOV 2009,48,48,48,48,9,6800,326400
10 NOV 2009,48.25,48.25,48,48,11,2300,110775
9 NOV 2009,49.5,50,48,50,35,30900,1543400
6 NOV 2009,47.5,50.5,47.5,50.25,14,11600,577175
5 NOV 2009,47,47.75,46,47,30,34500,1615325
4 NOV 2009,51.25,51.25,47,48.25,19,18700,918025
3 NOV 2009,51,52,51,51,4,900,46125
30 OCT 2009,51,53.5,51,52,109,178300,9346975
29 OCT 2009,52.25,52.25,50.75,51,10,5000,255575
27 OCT 2009,53,54,52.5,53,19,7300,387925
26 OCT 2009,54,54,52,52.25,34,57600,3043000
23 OCT 2009,52.5,57.25,52.5,53.75,323,169800,9299750
22 OCT 2009,46.75,54,46.75,52.5,292,231800,11786525
21 OCT 2009,45,48.5,44,47.5,86,79200,3672575
20 OCT 2009,45,46,44,45.25,56,42100,1890850
19 OCT 2009,44,45,44,44.25,17,33400,1491200
16 OCT 2009,44.75,45,44,44,20,6000,266875
15 OCT 2009,45.5,45.5,44.75,45,21,12700,572750
14 OCT 2009,45.5,45.5,45.25,45.5,12,9200,417925
13 OCT 2009,45.75,45.75,45.5,45.5,8,5300,241975
12 OCT 2009,46,46.75,46,46.5,10,3600,166475
9 OCT 2009,45,46.25,45,45.75,17,6600,303025
8 OCT 2009,45.5,45.5,45,45.25,18,8300,375525
7 OCT 2009,46,46.25,45.75,45.75,5,2300,105900
6 OCT 2009,47,47,46.25,46.25,11,3000,139400
5 OCT 2009,46.75,47,45.75,46.75,12,4600,214875
2 OCT 2009,47,48,46.25,46.75,11,5100,241150
1 OCT 2009,45,46.5,45,46.25,13,7000,317425
30 SEP 2009,47.5,47.5,45.25,45.25,5,2200,104275
29 SEP 2009,45.25,47.5,45.25,46,29,15900,732300
28 SEP 2009,45.25,45.25,45,45.25,6,2600,117625
25 SEP 2009,45.25,46,45.25,46,2,4100,185600
24 SEP 2009,45.75,47.75,45.25,45.25,11,7200,328125
23 SEP 2009,46,47,46,46.25,8,7100,327850
22 SEP 2009,46.5,46.5,46.5,46.5,17,18400,855600
18 SEP 2009,48,48,47,47.25,30,21200,1002675
17 SEP 2009,48.5,49,48.25,48.5,20,7300,355375
16 SEP 2009,47.75,49.5,47.75,48,47,31600,1528675
15 SEP 2009,48,48,46,46.5,5,2600,120750
14 SEP 2009,47,49.75,47,48.5,142,156200,7686225
11 SEP 2009,45.5,47,45.5,46.25,71,59600,2758000
10 SEP 2009,44,45.5,43.5,45.25,62,63000,2831325
9 SEP 2009,44,44,43.5,43.75,7,8500,373250
8 SEP 2009,44,44.25,44,44,14,16000,705300
7 SEP 2009,43.5,44,43.5,43.75,3,700,30550
3 SEP 2009,43.5,43.5,43,43,18,18600,806350
2 SEP 2009,43.5,43.5,43.5,43.5,10,6600,287100
1 SEP 2009,43,45,42.75,43,39,41800,1832425
31 AUG 2009,43.5,43.5,42.5,43,8,5600,241250
28 AUG 2009,42,45.5,42,44.25,61,40700,1782850
27 AUG 2009,42,42,42,42,1,100,4200
26 AUG 2009,42.5,42.5,40.5,40.75,5,1500,61925
25 AUG 2009,41,41,40.5,40.5,11,6400,259500
24 AUG 2009,40.75,41,40.75,41,12,5300,217225
21 AUG 2009,41,41,40.25,40.5,20,18100,734375
20 AUG 2009,42,42.25,41.5,41.5,13,10200,426300
19 AUG 2009,43,43,42.5,42.5,6,2900,123600
18 AUG 2009,43,43.25,42.75,43,15,8600,369450
17 AUG 2009,43.5,44.75,42.75,42.75,11,7200,312525
14 AUG 2009,43,43,42.75,43,15,8300,356700
13 AUG 2009,43,43,43,43,13,6300,270900
12 AUG 2009,44,44,43.5,43.75,8,1300,57050
11 AUG 2009,44,45.5,43.5,44.25,14,7800,348400
10 AUG 2009,43.5,43.5,43.5,43.5,1,500,21750
7 AUG 2009,44,45.75,44,45.5,23,12400,559400
6 AUG 2009,43,43,43,43,1,100,4300
4 AUG 2009,43,43.25,43,43,14,10300,443650
3 AUG 2009,43.25,43.25,43,43,19,15000,645150
31 JUL 2009,43,43,43,43,1,100,4300
30 JUL 2009,45,45,45,45,5,1300,58500
29 JUL 2009,45.25,46,45,45,23,10700,484150
28 JUL 2009,46,46,45,45.25,11,7000,317375
27 JUL 2009,47,47.5,46.75,47,17,26100,1227200
24 JUL 2009,46.5,47,46.5,46.5,21,11300,529425
23 JUL 2009,47,47,45.5,45.5,5,1700,77975
22 JUL 2009,45.25,47,45,47,69,73800,3453500
21 JUL 2009,45,46,45,45,13,5400,243400
20 JUL 2009,44,45,43.5,44.75,22,20100,894550
17 JUL 2009,43.25,43.75,43,43.5,12,14300,621050
16 JUL 2009,42.5,44.25,42.5,44,10,8000,349375
15 JUL 2009,43.5,43.75,43.25,43.5,8,2000,86925
14 JUL 2009,44.25,44.25,43.5,43.5,7,2000,87975
13 JUL 2009,44.75,45,44.75,45,7,2400,107750
10 JUL 2009,43.5,44.75,43.5,44,7,4500,198500
9 JUL 2009,44.75,44.75,43.25,43.5,10,2000,87900
8 JUL 2009,45.25,45.5,44,45.5,8,9500,429000
7 JUL 2009,47.5,48,45.25,46,42,16000,744900
3 JUL 2009,47.25,48.25,46,46.25,45,24900,1179150
2 JUL 2009,44,47.5,44,47,186,174600,8141800
1 JUL 2009,43.5,44,42.75,43,25,21400,927800
30 JUN 2009,44,44,43.25,43.25,15,13500,584975
29 JUN 2009,44,45.25,43.5,44.75,20,9700,431750
26 JUN 2009,43,44,43,43.25,8,3400,146600
25 JUN 2009,43,43,42.5,42.5,17,14000,599000
24 JUN 2009,44,44,43,43.5,18,14000,607475
23 JUN 2009,44,44,43,44,23,20600,898950
22 JUN 2009,44,44.5,44,44.25,26,20400,898700
19 JUN 2009,46,46,44.5,44.5,27,20800,941575
18 JUN 2009,43.5,46,43.5,44.5,71,65300,2937475
17 JUN 2009,43.5,44.5,41.5,43.5,37,24900,1083075
16 JUN 2009,43.75,44,43.5,43.5,8,5400,235975
15 JUN 2009,46,46,44.25,45,35,35400,1599100
12 JUN 2009,46.5,46.75,45,45,48,65600,2973750
11 JUN 2009,45,46.75,44.5,46.25,73,85600,3900875
10 JUN 2009,45.5,46.25,43.5,45,102,68600,3040725
9 JUN 2009,48,49,44,45.25,359,298500,13873825
8 JUN 2009,40,47.5,39.75,46.75,810,596100,26308075
5 JUN 2009,35,39,35,38,317,253200,9497850
4 JUN 2009,35.5,35.75,35,35,28,24800,874300
3 JUN 2009,35,35.25,34.5,35,53,51200,1791875
2 JUN 2009,36,36,34.5,34.5,88,100900,3552150
1 JUN 2009,36,36.75,35.5,35.5,28,12700,456375
29 MAY 2009,34,37.25,34,35.5,323,234700,8476800
28 MAY 2009,32.5,34,32.5,33.5,85,65100,2181525
27 MAY 2009,31.5,32.25,31.5,32,36,32800,1050250
26 MAY 2009,30,31.75,30,31,37,27900,864425
25 MAY 2009,32,32.5,31.5,32,23,15700,504300
22 MAY 2009,33,33.5,32.25,32.25,20,6200,203150
21 MAY 2009,33,33,32.5,32.5,29,13400,441200
19 MAY 2009,34,34.75,31.25,31.5,30,26300,850450
18 MAY 2009,32,34,31,33.25,140,142500,4685450
15 MAY 2009,30.75,31.5,30.75,31.5,21,20300,631575
14 MAY 2009,30,30.5,30,30.5,2,600,18050
13 MAY 2009,30,30,30,30,5,1500,45000
12 MAY 2009,30.5,30.5,30,30.25,24,49100,1484250
11 MAY 2009,31,31,30.75,30.75,11,9400,289700
7 MAY 2009,31.75,31.75,30.75,31,12,5300,164800
6 MAY 2009,32,32,31,31.25,15,9200,289575
5 MAY 2009,30.5,31.75,30,31,42,24100,743375
4 MAY 2009,31,31,30,30,7,3900,117300
30 APR 2009,30,30.25,30,30,18,10200,306125
29 APR 2009,30.5,30.5,29.75,29.75,8,4700,140900
28 APR 2009,30,31.25,29,29.25,44,29500,894875
27 APR 2009,31,31,28.5,28.75,44,30300,894925
24 APR 2009,32,32,30.5,30.5,38,34500,1071200
23 APR 2009,31,31.75,31,31.25,89,67300,2102075
22 APR 2009,29.5,31,29.5,30.5,97,59700,1811525
21 APR 2009,28.5,29.5,28,28.75,41,20900,598400
20 APR 2009,26.5,27.5,26,27.5,10,3100,83475
17 APR 2009,26.75,28.5,26.75,28,14,5800,162125
16 APR 2009,26,26.5,26,26,11,3800,99575
8 APR 2009,25.5,26.25,25.5,25.75,12,3900,100800
3 APR 2009,24.25,24.25,24,24,12,7300,175275
2 APR 2009,25.25,25.5,25,25.5,7,3200,80425
1 APR 2009,25,25,25,25,3,600,15000
31 MAR 2009,24.5,24.5,24,24.25,20,8000,194050
30 MAR 2009,24.75,24.75,24.5,24.5,10,8300,203575
27 MAR 2009,24.25,24.5,24,24.5,8,3900,94025
26 MAR 2009,24,24.75,24,24.5,4,1600,38925
25 MAR 2009,23.75,25.25,23.75,24,45,26800,653300
24 MAR 2009,23.5,23.75,23.5,23.75,3,500,11825
20 MAR 2009,24,24,23.5,23.5,28,14000,331900
19 MAR 2009,24.5,24.5,24.5,24.5,3,700,17150
18 MAR 2009,25.25,25.25,25.25,25.25,1,1000,25250
17 MAR 2009,24.5,24.5,24.5,24.5,3,1000,24500
16 MAR 2009,25,25,25,25,6,1200,30000
13 MAR 2009,26,26,25.75,25.75,3,800,20775
11 MAR 2009,25.75,25.75,25.75,25.75,10,13400,345050
9 MAR 2009,25,25,25,25,1,500,12500
6 MAR 2009,24.25,25,24.25,25,7,7600,188925
5 MAR 2009,25,25,24,24.25,10,4400,107850
4 MAR 2009,26,26,25,25,9,4800,121275
3 MAR 2009,26.75,26.75,26,26,11,3900,102800
2 MAR 2009,27.5,27.5,27.5,27.5,1,200,5500
27 FEB 2009,28,28,28,28,2,300,8400
26 FEB 2009,29,29.5,29,29.25,16,4100,120250
25 FEB 2009,29.75,29.75,29,29,6,1700,49525
24 FEB 2009,31,31,30,30.25,14,4800,144975
20 FEB 2009,30.25,31.5,30.25,31,14,6300,194900
19 FEB 2009,30.75,32,30.5,30.75,37,11600,360200
18 FEB 2009,31.5,31.5,30.5,31,15,7500,233100
17 FEB 2009,31.5,31.5,31,31,29,19600,608100
16 FEB 2009,32,32,32,32,20,6300,201600
13 FEB 2009,34.25,34.25,33.75,33.75,4,3000,101750
12 FEB 2009,32.5,32.5,32.5,32.5,2,700,22750
11 FEB 2009,33.5,33.5,32,32,6,2600,83750
10 FEB 2009,32.5,35,32.5,33.5,12,6200,208125
6 FEB 2009,32,34,32,32.5,8,3500,114125
5 FEB 2009,33,33,32.75,32.75,22,7800,257000
3 FEB 2009,33.5,34.75,33.5,33.5,9,3300,110675
2 FEB 2009,35,35,34,34.25,22,11800,407750
30 JAN 2009,35,35.75,35,35.75,43,27300,964725
29 JAN 2009,34.75,36,34,34.25,54,19000,667400
28 JAN 2009,35,35,34,34,9,3400,116650
27 JAN 2009,35,36,32.75,33,24,14300,481450
26 JAN 2009,34,36.25,34,35,106,70500,2490150
23 JAN 2009,34,34,33,33,8,2000,66600
22 JAN 2009,34,34.5,33,33.5,81,26500,896000
21 JAN 2009,36,36,31,32,119,61000,2068450
20 JAN 2009,35,38.75,35,36,291,196300,7196550
19 JAN 2009,28.25,34.5,28,33.75,286,208200,6667175
16 JAN 2009,26,28.25,24.25,27.25,89,52500,1442950
15 JAN 2009,26.5,26.75,25.25,26,25,16000,415125
13 JAN 2009,24,26.25,24,25.75,41,20500,525875
12 JAN 2009,24,24.25,24,24.25,11,5300,127775
9 JAN 2009,23,23.25,23,23.25,2,1100,25550
8 JAN 2009,23.25,23.25,23,23,3,2200,50750
7 JAN 2009,23.75,23.75,23.75,23.75,1,1400,33250
6 JAN 2009,23,23.5,22.75,23.5,8,3200,74100
5 JAN 2009,26,28,23.5,23.75,45,26400,662125
2 JAN 2009,22,26.25,22,25.25,60,28300,699125
31 DEC 2008,22,22,22,22,18,17600,387200
29 DEC 2008,22.5,22.5,22,22,9,7500,166050
24 DEC 2008,22.5,22.5,22.5,22.5,2,700,15750
23 DEC 2008,22.5,22.5,22.5,22.5,10,4000,90000
22 DEC 2008,23.25,23.25,22.75,22.75,12,3400,77600
19 DEC 2008,23,23,23,23,3,400,9200
18 DEC 2008,24.25,24.25,23.25,23.25,4,2008000,45181025
17 DEC 2008,23.5,23.75,23.5,23.5,4,2200,51725
16 DEC 2008,23,23,23,23,4,3000,69000
15 DEC 2008,24.5,25,23,23.75,10,6400,152875
11 DEC 2008,25,25.75,25,25.5,18,12100,305700
10 DEC 2008,25.5,25.5,25.5,25.5,4,2600,66300
8 DEC 2008,26.75,26.75,25.5,25.5,12,5100,131750
5 DEC 2008,26.75,26.75,26.5,26.75,7,7700,205875
4 DEC 2008,27.5,27.5,26.75,26.75,2,1500,40875
3 DEC 2008,27,27.5,26.75,27.5,9,5300,142725
2 DEC 2008,28.5,28.5,28.5,28.5,1,1000,28500
1 DEC 2008,28.25,29,28.25,29,16,19100,546300
28 NOV 2008,30,30,27.25,28.5,47,29000,824100
27 NOV 2008,25.5,30.5,25.5,29,35,22600,629425
26 NOV 2008,25.5,26,25,25.5,20,18200,461425
25 NOV 2008,28,28,27,27,18,12200,334350
24 NOV 2008,29,29,27.5,28,16,27600,775300
21 NOV 2008,30.75,30.75,29,28,8,3800,112600
20 NOV 2008,30.5,31,30,30.25,18,19600,594250
19 NOV 2008,33.75,33.75,30.75,31.75,23,7500,243950
18 NOV 2008,36,36,33.5,33.75,16,12500,429175
17 NOV 2008,36,36,35.25,35.25,5,2800,99300
14 NOV 2008,37,37,37,37,1,500,18500
13 NOV 2008,39.75,39.75,36.75,38.5,4,800,30850
11 NOV 2008,40,40,38,38.25,23,16100,629200
10 NOV 2008,41,41.5,39.75,40,27,20000,802650
7 NOV 2008,41.75,41.75,40,40.75,12,10400,417425
6 NOV 2008,41,41,38.25,40.75,38,86300,3463775
5 NOV 2008,41.25,42,39.75,41.25,47,21400,886925
4 NOV 2008,39,41.5,39,39.75,99,50700,2035575
3 NOV 2008,36,38.5,36,37.5,31,14200,529475
31 OCT 2008,35,36,34.75,34.75,8,2500,87650
30 OCT 2008,33,34.5,33,34,30,12600,425875
29 OCT 2008,33.5,33.75,32.25,32.5,14,14600,479250
28 OCT 2008,33,33,32.5,32.5,10,6700,219475
24 OCT 2008,33.5,39,33.5,35,31,26600,957800
23 OCT 2008,37,37,33.25,33.75,33,30400,1052025
22 OCT 2008,38,38,37,37.25,17,10600,393675
21 OCT 2008,38.5,38.5,37,37,16,24600,910400
20 OCT 2008,38.75,39.25,38.75,39.25,23,11700,457375
17 OCT 2008,39.5,40.75,39,40.5,11,8300,330875
16 OCT 2008,40.25,40.25,38,39,14,17800,700000
15 OCT 2008,43,43.75,41,41.25,13,5300,220375
13 OCT 2008,37.5,41.5,37.25,40.25,25,6200,248725
10 OCT 2008,41.5,41.5,37,39,58,32400,1262075
9 OCT 2008,42,43,40,41.5,52,39900,1632350
8 OCT 2008,45,45,43.75,44,9,6200,274625
7 OCT 2008,46,46,45,45.25,24,19600,894700
6 OCT 2008,46.25,46.75,46.25,46.25,6,5900,274300
3 OCT 2008,46.5,48,46.5,47.5,10,6200,291025
2 OCT 2008,46.5,46.5,46.5,46.5,3,1200,55800
30 SEP 2008,48.25,48.25,46.25,47.75,20,12800,605875
29 SEP 2008,48.5,49,47.5,47.5,17,6600,316550
26 SEP 2008,48,48,47.75,48,16,7400,355150
25 SEP 2008,48.75,50.5,48.5,48.5,27,10500,516225
24 SEP 2008,49,49,48.75,48.75,10,3800,185675
23 SEP 2008,50.25,50.5,48.75,49,27,9500,472775
22 SEP 2008,51.5,52,50.5,50.5,10,3500,177850
19 SEP 2008,51,51,51,51,7,3900,198900
18 SEP 2008,50,51.75,50,50.25,73,23500,1189900
17 SEP 2008,51,51.75,50,50.25,31,12400,623250
16 SEP 2008,51.5,51.5,50.5,50.5,9,2300,117000
15 SEP 2008,51,51.5,50.5,51.5,6,2400,122575
12 SEP 2008,51.25,51.25,50,50.25,13,3800,192900
11 SEP 2008,51.75,51.75,51.5,51.5,12,4700,242625
10 SEP 2008,51.75,51.75,51.5,51.75,11,5900,305150
9 SEP 2008,52.25,52.75,52,52.25,21,13200,689575
8 SEP 2008,52,53.75,51.75,52.5,28,9900,520825
5 SEP 2008,52.25,52.25,51.75,52,22,7600,394875
4 SEP 2008,52.5,52.5,52,52.5,14,3500,183325
3 SEP 2008,53,54,52.5,52.5,22,11000,578700
2 SEP 2008,53.5,53.5,53,53,7,8000,427050
1 SEP 2008,54.5,56.75,54.25,55,42,17300,961400
29 AUG 2008,53.5,54.25,53.5,54,8,3100,167225
28 AUG 2008,53,53,53,53,1,100,5300
27 AUG 2008,55,56.25,54.5,55,57,24700,1379225
26 AUG 2008,50.25,56.5,50.25,54.5,153,81200,4409950
25 AUG 2008,52.25,52.25,51,51.25,21,5100,263250
22 AUG 2008,52.25,52.5,52.25,52.25,11,4600,240700
21 AUG 2008,52.25,52.25,52.25,52.25,11,12900,674025
20 AUG 2008,52.25,52.25,52.25,52.25,1,100,5225
19 AUG 2008,52.75,53,52.5,52.75,14,5900,310975
18 AUG 2008,53.5,53.5,52.75,53.25,20,23200,1226475
15 AUG 2008,52.5,52.5,52.5,52.5,8,1900,99750
14 AUG 2008,53.5,54,52.5,52.5,19,9800,521300
13 AUG 2008,53.75,53.75,53.5,53.75,2,800,42900
12 AUG 2008,53.25,54,53.25,53.5,17,7400,397475
11 AUG 2008,53.5,54.25,53.5,54,4,2700,145200
8 AUG 2008,54.5,55.25,53.75,54.75,25,12000,656125
7 AUG 2008,54.5,54.75,54,54.5,14,11300,614725
6 AUG 2008,55,55.75,54.5,54.5,18,10100,554650
5 AUG 2008,55,55,54.75,54.75,12,3100,170450
4 AUG 2008,55,56.5,55,55.25,10,2100,116050
1 AUG 2008,55.75,56.75,55.5,56.75,9,3900,219450
31 JUL 2008,56,57,55.5,56,8,4900,275825
30 JUL 2008,56.75,57,56.75,57,9,14900,846525
29 JUL 2008,56.25,58.25,56,56.25,61,39500,2249675
28 JUL 2008,52,56.5,52,56.25,56,54500,3000925
25 JUL 2008,54.75,55,53,53.5,9,2600,139600
24 JUL 2008,55,55.75,54,54.25,26,9300,513075
23 JUL 2008,52,55.5,51.5,54.5,64,21300,1153300
22 JUL 2008,51,53.75,50.75,53,11,5000,260800
21 JUL 2008,54.75,54.75,51.5,51.5,17,4300,227700
18 JUL 2008,56.75,56.75,53.5,54.5,41,8600,469875
16 JUL 2008,58,58,54.5,55.5,76,27300,1522650
15 JUL 2008,60,61,58.5,58.75,101,45900,2752550
14 JUL 2008,58,60,58,59.5,94,54500,3254900
11 JUL 2008,54,58.75,52.5,57.75,212,104900,5970075
10 JUL 2008,49,53,49,52.5,40,21100,1099675
9 JUL 2008,48.75,51.25,47.75,50,125,72900,3639675
8 JUL 2008,48.5,51,46.5,47.5,83,38200,1868375
7 JUL 2008,50,50,48.25,49,26,8500,417700
4 JUL 2008,50.25,51,49,50,62,31700,1587050
3 JUL 2008,53,53,50,50.25,61,31300,1581200
2 JUL 2008,54.5,55,51,52.25,164,59900,3157900
1 JUL 2008,55.75,56.5,54,55,107,69600,3842275
30 JUN 2008,59.5,59.5,55.5,56.5,126,82000,4686750
27 JUN 2008,61,61.25,59,60.75,83,41200,2478675
26 JUN 2008,62.25,62.25,60.5,61.75,69,24700,1522975
25 JUN 2008,63,63,62.25,62.5,39,16900,1059400
24 JUN 2008,63,64.5,62,63,126,68500,4355450
23 JUN 2008,63,64.75,62,62,98,87300,5471650
20 JUN 2008,66.5,66.5,63.25,63.5,32,13700,877375
19 JUN 2008,66.75,69,66,66,84,48100,3248900
17 JUN 2008,65,67,62,66.25,138,73800,4779900
16 JUN 2008,68,68,64.25,64.75,123,95300,6245400
13 JUN 2008,67.75,69,66,67.25,45,17500,1173600
12 JUN 2008,70,71.5,67.5,68,184,82200,5714775
11 JUN 2008,65.25,71.5,65,70,482,345100,23998375
10 JUN 2008,68,70.25,66,67.25,302,185900,12708475
9 JUN 2008,61,69,61,67.25,584,367100,24298625
6 JUN 2008,55,61.5,55,59.5,423,259700,15603500
5 JUN 2008,53.5,58.5,53.5,55.5,220,99800,5605850
4 JUN 2008,53,53,52,52,42,25000,1306075
3 JUN 2008,53.75,54.75,53,53.5,17,12700,682400
2 JUN 2008,55,55,53.5,54,51,64700,3495125
30 MAY 2008,53,57,52.5,55.5,68,71300,3898800
29 MAY 2008,52.75,53.75,52.5,53,29,14200,753625
28 MAY 2008,53,56,53,53.25,83,49000,2644850
27 MAY 2008,56.5,57,53,53.5,45,37600,2059575
26 MAY 2008,58,58,55,57.25,80,49500,2799950
23 MAY 2008,52,59,52,58,587,1302100,74036250
22 MAY 2008,45,51.75,45,49.5,464,576800,28333475
21 MAY 2008,44,46.5,44,45,154,95100,4352950
16 MAY 2008,44,45,42.75,44.25,177,156900,6983725
15 MAY 2008,43.5,45,42.5,43.75,75,41200,1805975
14 MAY 2008,42,43,41.5,42,55,55200,2315150
9 MAY 2008,46.5,46.5,41,42.75,134,104400,4427575
8 MAY 2008,43,46.5,43,44,508,486400,21906375
7 MAY 2008,36,43.25,36,42.75,803,749200,30326125
6 MAY 2008,34.5,35.75,34.5,35.25,124,128000,4492925
5 MAY 2008,33.5,34,33.5,34,23,16300,551825
2 MAY 2008,32.75,34.25,32.75,33.25,71,58700,1952650
30 APR 2008,32,32.75,31.75,32.25,30,25700,827875
29 APR 2008,32.5,34,32,32.25,58,52400,1706025
28 APR 2008,35.25,35.25,32.25,33,131,100300,3329025
25 APR 2008,27,36.5,27,35,971,2163600,74927150
24 APR 2008,26.75,27.5,26.75,27.25,25,21000,574875
23 APR 2008,27,27,26.75,26.75,5,1600,42850
22 APR 2008,26.5,27,26.5,26.75,18,54600,1452700
21 APR 2008,26.5,27.75,26.5,26.5,29,14400,391600
17 APR 2008,26,27,26,27,24,28800,765000
16 APR 2008,25.5,26.5,25.5,26,17,11500,298675
15 APR 2008,25.5,25.75,25.5,25.75,6,1600,41050
10 APR 2008,25.5,25.75,25.5,25.5,8,4700,119975
9 APR 2008,25.25,25.75,25.25,25.75,16,12300,313700
8 APR 2008,25.5,25.5,25.25,25.5,10,6200,158025
7 APR 2008,25.25,25.5,25.25,25.5,7,4200,106800
4 APR 2008,25,25.5,25,25.25,14,10400,262675
3 APR 2008,25,25.25,24.75,25,14,28600,714875
2 APR 2008,25,25,25,25,17,16500,412500
1 APR 2008,24,25,24,25,20,25000,623100
31 MAR 2008,24.75,24.75,24,24,9,42100,1040250
28 MAR 2008,24.5,24.75,24.5,24.75,14,6100,150950
27 MAR 2008,24.5,24.75,23.5,24.75,4,1300,31425
26 MAR 2008,25,25,25,25,4,5000,125000
25 MAR 2008,25,25,24.5,25,7,2800,69800
24 MAR 2008,25,25.25,25,25.25,3,300,7525
19 MAR 2008,25,25.5,25,25,8,2500,62750
18 MAR 2008,25,25.5,25,25.5,13,13200,335675
17 MAR 2008,25.25,25.5,25.25,25.5,18,15300,389250
14 MAR 2008,25,25.75,25,25.75,29,65000,1672800
13 MAR 2008,25,25.75,25,25,14,10900,278925
12 MAR 2008,25,25,25,25,2,900,22500
11 MAR 2008,25,25.5,25,25.25,16,29100,734975
10 MAR 2008,25,25.75,25,25.5,18,18700,476725
7 MAR 2008,25.25,25.25,25.25,25.25,1,300,7575
5 MAR 2008,25.75,26,25.5,25.75,14,6300,162200
4 MAR 2008,26,26.25,25.5,25.75,13,19900,514600
3 MAR 2008,26.25,26.25,25.75,26,29,30100,782700
29 FEB 2008,26.25,26.5,26.25,26.25,21,36500,963650
28 FEB 2008,26,26.5,26,26.25,12,9600,250575
27 FEB 2008,26,27,26,26.25,38,44600,1177650
26 FEB 2008,26,26.5,26,26,44,35400,923050
25 FEB 2008,26,26.25,25.5,25.75,14,22300,575725
22 FEB 2008,25,27,25,26,43,50700,1322600
21 FEB 2008,25,25.25,25,25.25,21,28200,706575
19 FEB 2008,26.25,27,25.5,26,47,37900,989275
18 FEB 2008,26.5,26.5,25.5,25.75,32,13800,358025
15 FEB 2008,26.25,26.5,26,26.5,34,25200,664775
14 FEB 2008,24,26.5,23.75,25.75,272,218600,5588550
13 FEB 2008,23.5,23.75,23.5,23.5,30,17100,402475
12 FEB 2008,23,23.5,23,23.25,22,9900,228975
11 FEB 2008,23,23,23,23,23,17800,409400
8 FEB 2008,23.25,23.25,23,23.25,10,12100,281175
7 FEB 2008,23,23.5,23,23.25,32,26800,624350
6 FEB 2008,23.25,23.5,23,23.5,36,16100,374875
5 FEB 2008,22.5,23.25,22.5,23.25,22,16400,377300
1 FEB 2008,23.25,23.5,22.75,23,30,29100,666050
31 JAN 2008,22.25,23.25,22.25,22.75,55,51600,1174250
30 JAN 2008,22.5,22.5,22,22,16,8300,186350
29 JAN 2008,22.5,22.75,21.5,22.25,22,20300,449300
28 JAN 2008,21.5,23,21.5,22.5,68,159900,3538600
25 JAN 2008,19,22,19,21.25,56,63300,1339400
24 JAN 2008,19,19.5,19,19.25,5,4200,80350
23 JAN 2008,19,20.5,19,20.25,7,5400,109050
21 JAN 2008,18.75,19.5,18.75,19.5,9,4900,93375
18 JAN 2008,18.75,19,18.75,19,6,2000,37900
17 JAN 2008,19,19,18.75,19,11,7900,149950
16 JAN 2008,19.75,20,19,19,17,6200,120800
14 JAN 2008,19,19,19,19,3,2500,47500
11 JAN 2008,19.75,19.75,19.5,19.5,5,2500,48875
10 JAN 2008,20,20,20,20,3,2000,40000
9 JAN 2008,19.5,19.75,18.75,19.25,22,28800,549050
8 JAN 2008,19.5,19.75,19.25,19.75,10,10700,207725
4 JAN 2008,20,19.75,19.75,19.75,10,5500,107950
3 JAN 2008,20,20,20,20,12,4600,92000
2 JAN 2008,20,20,20,20,1,100,2000
31 DEC 2007,20,20,19.75,20,5,1400,27950
28 DEC 2007,20,20.75,20,20,31,30200,605825
27 DEC 2007,19.75,20,19.75,19.75,9,11400,227700
26 DEC 2007,20,20.25,20,20,13,14100,282250
24 DEC 2007,20,20.25,20,20,14,16500,331275
20 DEC 2007,20.75,20.75,20.25,20.25,9,7100,144625
19 DEC 2007,21,21.25,20,20.25,20,25400,516125
18 DEC 2007,20.25,20.25,20,20.25,5,2900,58700
17 DEC 2007,20.25,21,20,20.5,6,2900,58875
14 DEC 2007,21.25,22,21.25,21.5,5,2100,45475
13 DEC 2007,20,20,20,20,1,500,10000
12 DEC 2007,20.75,20.75,20,20,6,3400,68150
11 DEC 2007,20,20,19.75,20,5,5700,113325
10 DEC 2007,19.75,20,19.75,20,2,700,13975
7 DEC 2007,20.5,20.5,20,20,5,2300,46150
6 DEC 2007,20,20.5,20,20.25,24,18100,365625
5 DEC 2007,20,20,20,20,16,8700,174000
4 DEC 2007,20.5,20.5,20.25,20.25,14,9600,194625
3 DEC 2007,22,22,22,22,4,1300,28600
30 NOV 2007,20.5,20.5,20.5,20.5,2,1200,24600
29 NOV 2007,20.25,20.5,20.25,20.25,8,5200,105825
28 NOV 2007,21,21,20.5,20.5,15,7100,146175
27 NOV 2007,20.75,21,20.5,20.5,8,5200,106875
26 NOV 2007,21,21,20.75,21,3,1000,20950
23 NOV 2007,21.25,21.25,21,21.25,11,4800,101375
22 NOV 2007,21.5,21.75,21.5,21.5,6,3100,66800
21 NOV 2007,22,22,21.75,21.75,2,200,4375
20 NOV 2007,22,22,21.75,21.75,6,1700,37025
19 NOV 2007,22,22,21.75,21.75,3,8300,182575
16 NOV 2007,22.5,22.5,21.75,21.75,18,15100,333775
15 NOV 2007,22,22.75,22,22.5,23,14800,333425
14 NOV 2007,23,23,22,22,29,16700,370075
13 NOV 2007,22,22.75,21.5,22.5,41,31200,702125
12 NOV 2007,23,23.75,22.25,22.5,68,48700,1129675
9 NOV 2007,21.25,24,21.25,22.5,366,388000,8797875
7 NOV 2007,19.75,21.5,19.75,20.25,130,108400,2250425
6 NOV 2007,20,20,19.5,19.5,33,16100,315250
2 NOV 2007,20.5,20.5,20.25,20.25,4,1000,20375
1 NOV 2007,20.25,21,20.25,20.5,19,17600,361400
31 OCT 2007,19.75,20,19.75,20,18,10600,211925
30 OCT 2007,20,20,19.75,20,7,3100,61850
29 OCT 2007,20.75,20.75,20,20,7,4700,94650
26 OCT 2007,20.25,20.25,20.25,20.25,2,500,10125
24 OCT 2007,20.25,20.5,20.25,20.25,5,8000,162875
23 OCT 2007,20,20,20,20,12,12000,240000
22 OCT 2007,20.25,20.25,20.25,20.25,4,1300,26325
19 OCT 2007,21,21.25,20.25,20.25,26,20600,427350
18 OCT 2007,20.75,21.5,20.75,21,11,3300,69350
17 OCT 2007,20.75,20.75,20,20.25,16,4800,98775
16 OCT 2007,20,20.75,20,20.75,2,1100,22150
15 OCT 2007,21,21,20,20,10,5100,102475
12 OCT 2007,20.25,20.5,20.25,20.5,12,3200,65025
11 OCT 2007,20.25,20.25,20.25,20.25,2,3100,62775
10 OCT 2007,20.5,20.5,20.25,20.5,2,1700,34800
9 OCT 2007,20.5,20.5,20.5,20.5,8,6000,123000
8 OCT 2007,21.25,21.25,20.5,20.5,19,6500,133925
5 OCT 2007,21.25,21.5,21.25,21.25,8,2100,44725
4 OCT 2007,20,21,20,20.75,15,16200,333450
3 OCT 2007,20.5,20.75,20.5,20.5,13,8700,179700
2 OCT 2007,20.75,20.75,20.75,20.75,4,2200,45650
1 OCT 2007,21.25,21.25,21,21,9,7400,156900
28 SEP 2007,21.5,21.5,21.5,21.5,5,1400,30100
27 SEP 2007,21.75,22.25,21.75,21.75,14,12700,276575
25 SEP 2007,22,22,21.75,21.75,13,11700,254975
24 SEP 2007,22.25,22.25,21.75,21.75,3,1300,28425
21 SEP 2007,21.75,22,21.75,22,4,4900,107575
20 SEP 2007,21.75,22,21.75,21.75,3,2500,54500
19 SEP 2007,21.75,21.75,21.75,21.75,7,5400,117450
18 SEP 2007,22,22.25,21.75,21.75,29,34200,747550
17 SEP 2007,22,22,22,22,17,10500,231000
14 SEP 2007,22.5,22.5,21.75,22,6,12100,264150
13 SEP 2007,22.25,22.75,22.25,22.5,17,10800,243950
12 SEP 2007,22,22,22,22,2,300,6600
11 SEP 2007,21.75,22,21.75,22,9,6700,147275
10 SEP 2007,22,22,21.5,21.75,15,10800,235400
7 SEP 2007,22,22,21.75,22,8,9100,199550
6 SEP 2007,22.5,23,22,22,20,6600,148475
5 SEP 2007,22,22.75,22,22,8,2600,57775
4 SEP 2007,22,22.25,21.75,22,16,9000,197500
3 SEP 2007,22,22.75,22,22.5,9,6800,152325
31 AUG 2007,21.75,21.75,21.5,21.75,12,7100,153800
30 AUG 2007,21.75,22,21.75,21.75,5,1800,39225
29 AUG 2007,22,22,22,22,14,4200,92400
27 AUG 2007,22,23,22,22.25,60,50100,1131825
24 AUG 2007,22.5,22.5,21.25,22,11,9800,214625
23 AUG 2007,23,23,21.75,22.5,18,13300,302025
22 AUG 2007,23.25,24,21.75,22.25,149,120500,2796725
21 AUG 2007,20,22.5,20,22,201,126900,2740950
20 AUG 2007,19.5,19.5,19.5,19.5,5,4800,93600
17 AUG 2007,19.5,20,19.5,19.5,6,16100,315750
16 AUG 2007,19.5,19.5,19.25,19.25,8,8500,165125
15 AUG 2007,19.5,19.5,19.5,19.5,2,800,15600
14 AUG 2007,19.5,19.5,19.25,19.5,8,12800,249375
13 AUG 2007,19.5,20,19.5,19.75,5,2200,43450
10 AUG 2007,19.5,19.5,19.5,19.5,7,10500,204750
7 AUG 2007,19.5,19.5,19.5,19.5,5,3900,76050
6 AUG 2007,20,20,19.5,19.5,6,1400,27350
3 AUG 2007,19.75,20.25,19.75,20,17,10700,213925
2 AUG 2007,19.5,19.5,19.5,19.5,7,5900,115050
1 AUG 2007,19.75,20,19.75,19.75,7,3400,67575
31 JUL 2007,19.75,19.75,19.75,19.75,1,2000,39500
30 JUL 2007,20,20,19.5,19.5,4,2400,46950
27 JUL 2007,20,20,20,20,3,1000,20000
26 JUL 2007,20,20,20,20,1,100,2000
25 JUL 2007,19.25,21,19.25,20,14,6600,130325
24 JUL 2007,19,19.25,19,19.25,3,1800,34575
23 JUL 2007,19,19,19,19,5,4700,89300
20 JUL 2007,18.75,19,18.75,19,4,1300,24650
19 JUL 2007,19,19,19,19,6,3500,66500
17 JUL 2007,19,19,18.75,19,8,11800,224175
16 JUL 2007,18.75,18.75,18.75,18.75,8,1500,28125
13 JUL 2007,19.25,19.25,19,19,16,6700,127750
12 JUL 2007,19,19.75,19,19.25,7,6700,130475
11 JUL 2007,19.25,19.25,19.25,19.25,6,4000,77000
10 JUL 2007,19.25,19.25,19.25,19.25,12,10000,192500
9 JUL 2007,19.5,19.75,19.5,19.5,6,2800,54725
6 JUL 2007,20,20,19.5,19.5,5,2800,54950
5 JUL 2007,20,20,19.5,20,7,3300,65900
4 JUL 2007,20.75,20.75,20.75,20.75,1,1000,20750
3 JUL 2007,20.75,20.75,20.75,20.75,2,300,6225
2 JUL 2007,21,21,21,21,5,3900,81900
29 JUN 2007,20.25,21,20.25,21,6,3100,64950
28 JUN 2007,20.25,21,20.25,21,5,4000,83625
27 JUN 2007,21,21,21,21,8,13200,277200
26 JUN 2007,20.25,21,20,21,5,1400,28675
25 JUN 2007,20.5,20.5,20.5,20.5,11,4900,100450
22 JUN 2007,20.75,20.75,20.25,20.25,7,4100,84325
21 JUN 2007,21.25,21.25,21,21,4,2800,58825
20 JUN 2007,21.5,21.5,21.5,21.5,5,1600,34400
18 JUN 2007,21.25,21.5,21.25,21.5,8,3100,66325
15 JUN 2007,21.5,22,21.5,21.5,5,2800,60300
14 JUN 2007,21.5,21.5,21.5,21.5,6,1600,34400
12 JUN 2007,21,21.5,21,21.5,9,3300,69600
11 JUN 2007,20.75,21.5,20.75,21,13,6200,130050
8 JUN 2007,20.5,20.5,20.5,20.5,2,200,4100
7 JUN 2007,21,21,20.5,20.75,8,4500,93375
6 JUN 2007,20,21,20,21,4,1400,29200
5 JUN 2007,21.5,21.5,20,20,5,3200,64825
4 JUN 2007,20.5,21.75,20,20.25,4,1400,28400
1 JUN 2007,20.75,20.75,20.25,20.5,4,7700,157000
30 MAY 2007,20,20.75,20,20.75,5,2200,44150
29 MAY 2007,20.75,20.75,20,20,27,20400,408975
28 MAY 2007,20.5,20.5,20,20.25,20,9400,190975
25 MAY 2007,21,21,20.75,20.75,2,200,4175
24 MAY 2007,20.75,21,20.75,21,10,5200,109125
23 MAY 2007,21.75,21.75,21,21,8,2600,54675
22 MAY 2007,21.75,22,21.25,21.25,33,31700,683025
21 MAY 2007,22,23,21.75,22,73,52800,1176150
18 MAY 2007,19,21,19,20.75,61,62100,1259225
17 MAY 2007,18,19.5,16.5,18,53,47500,835500
16 MAY 2007,19,19,18,18.25,26,13000,238750
15 MAY 2007,20.5,20.5,19.5,19.75,36,44800,892425
14 MAY 2007,20.5,20.5,20.5,20.5,7,2600,53300
11 MAY 2007,22,22,20.5,20.5,18,21700,450850
9 MAY 2007,22,22,21.25,21.25,20,15400,334000
8 MAY 2007,23,23,20.5,21,16,19900,426875
7 MAY 2007,23.25,23.25,23,23,4,3800,88050
4 MAY 2007,23.25,23.25,23.25,23.25,2,900,20925
3 MAY 2007,24,24,23.5,23.75,7,6500,155000
30 APR 2007,24.25,24.25,24,24,9,5400,129825
27 APR 2007,24.75,24.75,24.5,24.75,6,3600,88725
26 APR 2007,24,24,24,24,3,1500,36000
25 APR 2007,24,24.75,24,24,2,1100,26475
24 APR 2007,24,24.75,24,24,7,2600,62625
23 APR 2007,25.25,25.25,24.75,25,31,25100,627150
20 APR 2007,25.5,25.5,25,25.25,8,4800,121825
19 APR 2007,25.75,25.75,25.25,25.25,8,4800,122425
17 APR 2007,25.75,25.75,25.5,25.5,11,5500,141125
16 APR 2007,24.75,25.5,24.75,25.5,19,57400,1434600
11 APR 2007,24.75,24.75,24.5,24.5,5,2100,51750
10 APR 2007,24.5,25,24,24.75,24,9700,238150
9 APR 2007,23.75,25,23.75,24.5,20,5800,141000
5 APR 2007,24,24.25,23,23.75,31,21700,517025
4 APR 2007,23,23,23,23,16,23400,538200
3 APR 2007,23,23,23,23,32,20300,466900
30 MAR 2007,23.75,23.75,23,23,21,15700,363850
29 MAR 2007,23.75,24,23.5,23.75,7,9000,214725
28 MAR 2007,24,24.5,23.5,24,10,7400,177750
27 MAR 2007,24.5,24.5,23.75,23.75,5,2900,69900
26 MAR 2007,25,25,24.5,24.5,10,11300,280750
23 MAR 2007,25,25,25,25,2,600,15000
22 MAR 2007,25.5,26,25,25,19,14700,368700
21 MAR 2007,26,26,26,26,3,1500,39000
20 MAR 2007,26,26,25.5,26,28,15500,399350
19 MAR 2007,25.75,25.75,25.25,25.25,15,8500,217200
16 MAR 2007,26,27,25.25,25.5,34,38200,999225
15 MAR 2007,24.5,26,24,25.25,66,62600,1567625
14 MAR 2007,26,27.75,24.5,25,40,61600,1602825
13 MAR 2007,25.25,27.75,25.25,26,15,10500,272025
12 MAR 2007,27.75,27.75,25.5,25.5,11,3200,85425
9 MAR 2007,26.75,28.25,26.75,27.75,36,35100,965475
8 MAR 2007,28,28,25,26.75,31,65800,1720325
7 MAR 2007,27.5,29,27.5,28.5,23,25500,724875
6 MAR 2007,29.5,29.5,27.75,28,68,85300,2416075
5 MAR 2007,30,30,29.5,29.5,7,3400,100800
2 MAR 2007,30.25,30.25,30,30,21,35900,1082375
1 MAR 2007,30.5,31.5,30.25,30.5,27,17600,536200
28 FEB 2007,31,31.75,30.5,31,117,1918100,57787375
27 FEB 2007,31.5,31.5,30.5,31,34,463300,13935225
26 FEB 2007,29.75,31.25,29,30,84,625100,18753325
23 FEB 2007,29.5,29.75,28.75,29.5,14,14100,413525
22 FEB 2007,29.75,30,29,29,45,128900,3795850
21 FEB 2007,29.25,29.75,29,29.75,49,164900,4865950
20 FEB 2007,29.75,29.75,29,29.75,100,181900,5375075
19 FEB 2007,29,30.25,29,29.5,68,167600,5022175
15 FEB 2007,29.5,30,29,29.5,49,225300,6556625
14 FEB 2007,30.25,31,29,29.25,123,284500,8392950
13 FEB 2007,28.5,30.25,28.5,30,201,833800,24491025
12 FEB 2007,27.75,28.75,27.75,28.5,123,384900,10877450
9 FEB 2007,27,27.5,26.75,27.5,88,191300,5195750
8 FEB 2007,26.5,27.75,26.5,27,292,564000,15328325
7 FEB 2007,24.25,26.25,24.25,26,215,397500,10193150
6 FEB 2007,23.75,24.5,23.75,24.25,77,122600,2951850
2 FEB 2007,23.5,24,23.5,23.75,57,76800,1826075
31 JAN 2007,24,24,22.5,22.5,139,426600,9703125
30 JAN 2007,23,24,23,23.75,53,110700,2587350
29 JAN 2007,24,24.5,23,23.5,106,160900,3820300
26 JAN 2007,22.25,23.75,22.25,23.5,129,246800,5618425
25 JAN 2007,20.5,22.5,20.25,21.75,157,334100,7231375
24 JAN 2007,20.5,21.25,20.25,20.5,124,221500,4607175
23 JAN 2007,20,20.75,20,20.25,43,34000,686475
22 JAN 2007,21,21,20,20,45,49200,996075
19 JAN 2007,20,21.25,20,20.5,154,319700,6573175
18 JAN 2007,19,20,19,20,185,350000,6915900
17 JAN 2007,19,19,18.75,19,46,89400,1693525
16 JAN 2007,19,19.5,18.75,19,92,145500,2782900
12 JAN 2007,18.5,19.25,18.5,18.75,133,283300,5358050
11 JAN 2007,18,19,18,18.5,142,257000,4781700
10 JAN 2007,17.5,18.5,17.25,18,77,198800,3560225
9 JAN 2007,18,18.5,17.5,17.5,108,257500,4621425
8 JAN 2007,16.25,18.25,16.25,18,227,522700,9170125
5 JAN 2007,16.5,16.5,16,16.25,18,20300,329575
4 JAN 2007,16.75,16.75,16,16.25,8,8400,136900
2 JAN 2007,16.5,17,16.25,16.5,21,39900,668000
28 DEC 2006,15.75,16.75,15.75,16.5,44,109100,1764700
27 DEC 2006,15.5,16,15.5,15.5,4,2500,38950
26 DEC 2006,15.25,15.25,15.25,15.25,7,5100,77775
22 DEC 2006,15.5,15.5,15.5,15.5,11,19700,305350
21 DEC 2006,15.5,15.5,15.5,15.5,4,9200,142600
20 DEC 2006,15.5,15.75,15.5,15.5,5,7400,114975
19 DEC 2006,15.5,15.5,15.5,15.5,5,3400,52700
18 DEC 2006,16.25,16.25,15.75,15.75,13,24500,389875
15 DEC 2006,15.75,16.25,15.75,16,34,66000,1048750
14 DEC 2006,15,15.75,15,15.25,12,17600,265250
13 DEC 2006,15.5,15.5,15,15.25,13,20500,312800
12 DEC 2006,15.5,15.5,15.25,15.5,25,42400,657150
11 DEC 2006,15.5,15.5,15.5,15.5,9,13200,204600
8 DEC 2006,15.5,15.5,15.5,15.5,3,1200,18600
7 DEC 2006,15.5,16,15.5,15.5,11,4300,67000
6 DEC 2006,15.5,15.75,15.5,15.5,21,24800,387275
5 DEC 2006,16,16,15.5,15.75,28,54300,847050
1 DEC 2006,16.25,16.5,16,16,14,12300,197350
30 NOV 2006,16,16.5,16,16.25,26,33100,531775
29 NOV 2006,17,17.25,16,16,77,117500,1969025
28 NOV 2006,14.75,17,14.5,16.5,244,1178400,19434475
27 NOV 2006,14.5,15,14.5,14.75,11,11600,172875
24 NOV 2006,15,15,14.75,14.75,8,34600,511475
23 NOV 2006,15.25,15.25,14.75,14.75,17,100700,1490175
22 NOV 2006,15,15.5,15,15,16,9500,143575
21 NOV 2006,14.75,15,14.75,14.75,3,2600,38375
20 NOV 2006,15.25,15.25,15,15,16,12000,180475
17 NOV 2006,16,16,15.25,15.25,61,134700,2137875
16 NOV 2006,15.5,15.75,15.25,15.5,21,50500,781300
15 NOV 2006,15,15.5,15,15.5,12,10300,154600
14 NOV 2006,15,15.5,15,15.5,13,10400,158850
13 NOV 2006,15,16,15,15.25,71,186500,2868500
10 NOV 2006,15,15,14.75,14.75,23,23800,356000
9 NOV 2006,15.25,15.5,15,15.25,15,12200,185150
7 NOV 2006,15.25,15.75,15.25,15.5,29,56900,880425
6 NOV 2006,15.25,15.5,15.25,15.5,2,300,4600
3 NOV 2006,15.75,15.75,15.25,15.5,21,21700,335625
2 NOV 2006,15.25,15.75,15.25,15.5,13,22800,354525
1 NOV 2006,15.5,15.75,15.25,15.5,34,139900,2199025
31 OCT 2006,15.25,15.5,15,15,10,17200,262175
30 OCT 2006,15,15.25,15,15,14,6500,97700
27 OCT 2006,15.5,15.5,15,15.25,8,4000,61125
25 OCT 2006,15.75,15.75,15.25,15.5,9,17000,263550
23 OCT 2006,16.5,16.5,15.25,15.5,19,16700,258050
20 OCT 2006,15.5,15.75,15.25,15.25,16,22100,338075
19 OCT 2006,16,16,15,15,31,72500,1094700
18 OCT 2006,15,15.75,15,15.5,21,24100,373400
17 OCT 2006,15.25,15.5,15.25,15.25,7,6700,102225
16 OCT 2006,16.5,16.5,15.5,15.5,9,10900,169950
13 OCT 2006,16.5,16.5,15.5,15.75,12,4600,71900
12 OCT 2006,15.5,16,15.5,15.75,19,14400,226425
11 OCT 2006,16,16,15.5,15.75,36,72100,1140625
10 OCT 2006,16.5,16.5,16,16,23,14300,229425
9 OCT 2006,16,16.5,16,16,162,526500,8619250
5 OCT 2006,15.75,16,15.25,15.75,41,40800,639350
4 OCT 2006,16,16,15.5,15.75,16,38300,593875
3 OCT 2006,16,16,15,15.5,12,13700,206525
2 OCT 2006,15.5,15.75,15.5,15.5,8,3700,57375
29 SEP 2006,15,15.5,15,15.25,19,17900,275350
28 SEP 2006,15,15.25,15,15,8,22900,343550
27 SEP 2006,14.5,15,14.5,14.5,9,6400,92900
26 SEP 2006,14.75,15,14.75,14.75,5,7000,103750
25 SEP 2006,15,15,15,15,3,3000,45000
22 SEP 2006,15.5,15.5,15,15.25,9,1600,24550
21 SEP 2006,15.5,15.5,15.5,15.5,6,2600,40300
20 SEP 2006,16,16,15.5,15.5,8,4200,65925
19 SEP 2006,15,15.5,14.5,15,38,66500,999000
18 SEP 2006,15.5,15.5,15,15,10,13000,198500
15 SEP 2006,15.5,16,15.25,15.75,34,44200,686725
14 SEP 2006,16,16,15.75,15.75,22,46200,727900
13 SEP 2006,17,17,16,16.25,113,299100,4874050
12 SEP 2006,15,17,15,16.75,568,1879500,30460650
11 SEP 2006,16.5,16.5,15,15,124,148800,2239175
8 SEP 2006,13.25,15.25,13,14.75,148,304800,4481750
6 SEP 2006,13.75,13.75,13.75,13.75,1,200,2750
5 SEP 2006,13.5,13.75,13,13.25,30,38800,516025
4 SEP 2006,13.5,13.75,13.25,13.5,15,16100,217350
1 SEP 2006,13.5,13.5,13.25,13.25,16,9800,130725
31 AUG 2006,13,13.5,13,13,24,33100,436025
30 AUG 2006,12.5,13.25,12.5,13,32,46100,598075
29 AUG 2006,12,13,12,12.5,9,20500,256375
28 AUG 2006,12.75,13,12.75,13,2,300,3875
25 AUG 2006,12.5,12.75,12.25,12.5,46,149000,1863075
24 AUG 2006,12,12.5,12,12.25,9,9500,117575
23 AUG 2006,11.75,12.25,11.75,12,28,19300,229125
22 AUG 2006,11.75,12.25,11.75,11.75,8,17400,204550
21 AUG 2006,11.75,12.25,11.75,12,6,2200,25900
18 AUG 2006,12.25,12.25,11.5,12,12,13600,159250
17 AUG 2006,12,12.25,11.75,11.75,22,31300,368625
16 AUG 2006,12.25,12.75,12,12,11,14900,183475
15 AUG 2006,12.5,12.5,12.5,12.5,1,100,1250
14 AUG 2006,12.5,12.5,11.75,12,28,35300,430125
11 AUG 2006,12.75,13,12.75,12.75,7,11900,151750
10 AUG 2006,12.75,13.25,12.75,13,10,7500,96725
8 AUG 2006,13.25,13.25,13,13,73,97800,1271525
7 AUG 2006,12.75,13.25,12.75,13,8,6600,85575
4 AUG 2006,13,13.25,12.75,13,12,17800,231400
3 AUG 2006,13.25,13.25,13,13.25,4,800,10550
2 AUG 2006,12.75,13.5,12.5,13,53,126900,1619325
1 AUG 2006,13,13.25,12.75,13,9,17600,227575
31 JUL 2006,13.5,13.5,12.75,13,38,178500,2332900
28 JUL 2006,13,13.5,13,13.5,18,36300,487350
27 JUL 2006,13.5,13.75,13.25,13.5,20,35100,468000
26 JUL 2006,13.75,14.25,13.5,13.75,77,151600,2101000
25 JUL 2006,14,14,13.25,13.5,25,32800,448625
24 JUL 2006,12.5,14.25,12.5,13.75,199,353700,4787350
21 JUL 2006,11.5,12.5,11.5,12.5,83,90100,1092100
20 JUL 2006,11.5,11.5,11.25,11.25,3,1200,13550
19 JUL 2006,11.5,11.5,11.25,11.5,18,22300,253025
18 JUL 2006,11.25,11.5,11.25,11.5,7,3700,42425
17 JUL 2006,11,11.5,11,11.25,17,8700,98125
14 JUL 2006,10.75,11.5,10.75,11,15,14400,158750
13 JUL 2006,10.75,11,10.75,11,2,300,3250
12 JUL 2006,11,11,10.75,10.75,7,7000,75800
11 JUL 2006,11,11.25,11,11,7,3300,36325
7 JUL 2006,11,11,11,11,3,1100,12100
6 JUL 2006,11,11,11,11,7,4500,49500
5 JUL 2006,10.5,11,10.5,10.75,5,1700,18150
4 JUL 2006,10.5,10.75,10.5,10.75,4,3000,32225
3 JUL 2006,10.5,10.75,10.5,10.5,13,22000,231025
30 JUN 2006,10.5,11,10.5,10.75,4,7400,79700
29 JUN 2006,10.75,10.75,10.5,10.5,12,17300,181925
28 JUN 2006,10.75,11.25,10.5,11,22,43000,464200
27 JUN 2006,10.5,10.75,10.5,10.75,13,15400,165400
23 JUN 2006,10.75,11,10.25,11,12,5500,58050
22 JUN 2006,11,11,11,11,4,2500,27500
21 JUN 2006,10.25,11,10.25,10.75,7,1700,18175
20 JUN 2006,10.5,10.5,10.5,10.5,20,68900,723450
19 JUN 2006,10.5,11,10.5,10.75,31,70500,756900
16 JUN 2006,11,11.25,11,11,16,20500,225725
15 JUN 2006,10.75,10.75,10.5,10.5,9,7300,78100
14 JUN 2006,11.25,11.25,11,11,24,23700,261375
13 JUN 2006,11.25,11.5,11.25,11.5,13,6300,70900
12 JUN 2006,11.5,12,11.5,11.75,13,9500,109550
9 JUN 2006,12,12,11.5,11.5,9,13900,160450
8 JUN 2006,12.25,12.25,12,12.25,2,1000,12125
7 JUN 2006,11.75,12,11.75,12,8,8300,97650
6 JUN 2006,12.5,12.5,12,12,8,11200,134525
5 JUN 2006,12.25,12.5,12.25,12.5,33,36700,455125
2 JUN 2006,11.5,12,11.5,12,39,70700,844675
1 JUN 2006,11.25,11.5,11.25,11.25,11,16400,184525
31 MAY 2006,11.25,11.5,11,11,28,27800,311525
30 MAY 2006,11.5,11.75,11.5,11.5,9,4100,47175
29 MAY 2006,11.5,12,11.5,11.5,14,9500,109300
26 MAY 2006,11.75,12,11.5,11.5,4,1600,18475
25 MAY 2006,11.75,12,11.75,11.75,20,43500,513900
24 MAY 2006,12.25,12.25,11.75,12,17,20700,245625
23 MAY 2006,12.25,12.5,12,12,64,70600,865975
22 MAY 2006,12,12,11.5,11.75,13,25400,295525
19 MAY 2006,11.75,12,11.75,11.75,6,1900,22600
18 MAY 2006,11.75,11.75,11.75,11.75,2,1000,11750
17 MAY 2006,12,12,11.75,11.75,2,1300,15575
16 MAY 2006,11.5,12,11,11.5,38,33600,383525
15 MAY 2006,11.75,11.75,11,11.5,33,90200,1000275
10 MAY 2006,11.75,12.25,11.75,12,21,33800,401150
9 MAY 2006,12,12.5,12,12.5,3,1300,15650
8 MAY 2006,13,13,12,12.5,20,36600,453800
5 MAY 2006,13.25,13.25,13,13.25,22,27600,361050
4 MAY 2006,13,13,12.5,12.5,15,15700,199025
3 MAY 2006,13,13,12.5,12.75,11,24900,319725
2 MAY 2006,13,13,12.75,13,6,4300,55850
28 APR 2006,13,13.5,12.75,13.25,52,122600,1596025
27 APR 2006,12.75,12.75,12.25,12.5,15,27000,340250
26 APR 2006,12,12.25,11.25,12,54,118000,1372425
25 APR 2006,13.25,13.5,12,12.5,33,65000,814650
24 APR 2006,13.25,13.25,12.75,12.75,16,19100,245775
21 APR 2006,12.75,13.75,12.75,13.25,11,11700,154450
20 APR 2006,13.5,13.5,13,13,44,74800,979075
19 APR 2006,13.75,13.75,13.5,13.5,28,38800,526225
18 APR 2006,14,14.25,14,14,20,27300,383200
17 APR 2006,13.75,13.75,13.25,13.5,33,26300,354275
10 APR 2006,14,14.75,14,14.5,63,102600,1487675
7 APR 2006,13.75,14,13.75,14,9,32600,454650
6 APR 2006,14.5,14.5,13.75,14,16,35000,493100
5 APR 2006,14.75,14.75,14.5,14.5,4,4500,65500
4 APR 2006,14.75,15,14.25,14.5,32,44300,648850
3 APR 2006,14.25,15,14.25,14.5,62,94900,1393125
31 MAR 2006,14,14,13.5,13.75,11,12500,172000
30 MAR 2006,14,14.25,13.75,14,16,23100,323500
29 MAR 2006,13.75,14,13.5,14,10,5300,72950
28 MAR 2006,14,14.25,13.75,13.75,35,27300,379975
27 MAR 2006,13.25,14,13,13.25,70,115400,1518550
24 MAR 2006,13.75,13.75,13.25,13.5,18,30600,414225
23 MAR 2006,14,14.25,13.5,14,50,177900,2488775
22 MAR 2006,14.75,14.75,14.25,14.5,20,37100,536475
21 MAR 2006,14.75,15,14.25,14.5,77,224400,3247050
20 MAR 2006,15,15,14.75,15,78,94800,1417900
17 MAR 2006,15,15.25,14.75,14.75,116,421100,6289425
16 MAR 2006,16,16.25,15,15,463,1834100,28237025
15 MAR 2006,13.75,16,13.75,15.25,997,4188200,62861475
13 MAR 2006,12.5,13.75,12.25,13,249,938100,12197275
10 MAR 2006,11.75,12.5,11.5,12.5,364,780000,9596675
9 MAR 2006,11.75,11.75,11.5,11.75,29,64100,752275
8 MAR 2006,11,12,11,11.5,65,155600,1783725
7 MAR 2006,11,11.25,11,11,20,25800,284175
6 MAR 2006,11.25,11.25,11,11,7,9300,102550
3 MAR 2006,11,11.25,11,11.25,34,70800,779850
2 MAR 2006,11.25,11.25,11,11.25,10,7300,81875
1 MAR 2006,11.25,11.5,11.25,11.25,11,13600,153650
28 FEB 2006,11.25,11.25,11,11.25,13,23000,258000
27 FEB 2006,11.25,11.25,11.25,11.25,6,22600,254250
24 FEB 2006,11.75,11.75,11.5,11.75,26,45700,536725
23 FEB 2006,11.5,11.75,11.5,11.5,24,44900,518700
22 FEB 2006,11.75,11.75,11.5,11.5,30,91100,1068425
21 FEB 2006,11.5,12,11.25,11.25,19,19000,217825
20 FEB 2006,11.5,11.75,11.5,11.75,16,44800,515625
17 FEB 2006,11.75,12,11.75,11.75,21,32700,384725
16 FEB 2006,12.25,12.5,12,12,25,64400,783650
15 FEB 2006,12.25,12.5,12,12.25,66,87800,1075125
14 FEB 2006,12.5,13,12,12,68,142100,1775050
13 FEB 2006,11.25,12.5,11.25,12,159,272400,3252250
10 FEB 2006,11.25,11.25,11,11.25,9,10400,116900
9 FEB 2006,11.5,11.5,11,11,11,7800,87550
8 FEB 2006,11.5,11.75,11.5,11.5,26,33600,387700
7 FEB 2006,11.25,11.75,11.25,11.5,27,49200,565675
6 FEB 2006,11.25,11.25,11,11.25,14,21600,238350
2 FEB 2006,11.25,11.25,11,11.25,48,37200,413100
1 FEB 2006,11.5,11.5,11.25,11.25,27,49900,566425
31 JAN 2006,11.75,12,11.25,11.5,37,57000,656875
30 JAN 2006,11.5,11.75,11.25,11.5,21,17700,203450
27 JAN 2006,11.5,12.25,11,11.5,191,325400,3790600
26 JAN 2006,10.5,11.25,10.25,11.25,188,339300,3684325
25 JAN 2006,9,10,9,9.75,71,146100,1387425
24 JAN 2006,9,9.5,9,9.25,13,12900,118325
23 JAN 2006,9,9.25,9,9,25,85800,779200
20 JAN 2006,9,9.25,9,9.25,52,70500,649200
19 JAN 2006,9,9.5,8.75,9,33,59100,529475
18 JAN 2006,8.25,9,8,8.75,19,24800,204650
17 JAN 2006,8.25,8.5,8.25,8.25,11,38700,319300
16 JAN 2006,8.5,8.5,8.25,8.5,19,16700,141325
10 JAN 2006,9.25,9.25,8.5,8.5,10,23200,197775
9 JAN 2006,9.25,9.25,8.5,8.75,14,16500,145150
6 JAN 2006,9.25,9.5,9.25,9.25,19,11500,106500
5 JAN 2006,9.75,9.75,9.25,9.25,15,20500,192875
4 JAN 2006,9.75,9.75,9.5,9.5,7,8800,84050
3 JAN 2006,10.25,10.25,9.5,9.5,31,113800,1098900
2 JAN 2006,9.5,10,9.5,10,24,42000,410700
30 DEC 2005,9.25,9.75,9.25,9.25,32,31600,299425
29 DEC 2005,9.25,9.5,8.75,9,43,62900,582100
28 DEC 2005,8,9.5,7.75,8.75,58,83600,689650
27 DEC 2005,9.5,9.5,8,8.25,48,84100,742450
23 DEC 2005,9.75,10,9.75,9.75,13,23200,228125
22 DEC 2005,10,10,9.5,9.5,43,79900,781700
21 DEC 2005,10.5,10.5,10,10.25,29,67100,690875
20 DEC 2005,11,11,10,10.25,38,74500,757075
19 DEC 2005,10.5,10.5,10.5,10.5,30,61200,642600
16 DEC 2005,10.75,11,10.75,10.75,11,11600,125200
14 DEC 2005,11,11.5,10.75,11,37,87700,964025
13 DEC 2005,11.5,11.5,11,11.25,19,20200,225500
12 DEC 2005,11.5,11.75,11.5,11.5,65,107900,1256175
9 DEC 2005,11.5,11.75,11,11.5,107,197400,2257475
8 DEC 2005,10.75,11.5,10.75,11.25,124,171300,1906500
7 DEC 2005,10.75,11.5,10.5,10.5,77,160400,1734175
6 DEC 2005,11.5,11.5,9.75,10.5,72,161400,1693250
5 DEC 2005,12,12,10.5,11.5,114,333500,3649575
2 DEC 2005,12.5,12.75,12.5,12.75,3,2600,32625
1 DEC 2005,12.75,13,12.25,12.25,36,21800,270975
30 NOV 2005,13.25,13.25,12.75,13,30,35700,461050
29 NOV 2005,13.25,13.75,13.25,13.5,67,74900,1013800
28 NOV 2005,13,13.5,13,13.25,108,197100,2618250
25 NOV 2005,12.25,12.5,11.5,11.75,100,172200,2039550
24 NOV 2005,13.5,14,12.25,12.25,51,89000,1115500
23 NOV 2005,13.5,14.5,13.25,13.25,85,150900,2069475
22 NOV 2005,13,13.5,12.5,13,46,60300,778250
21 NOV 2005,13.75,13.75,12.25,12.25,53,94700,1201225
18 NOV 2005,14.75,14.75,13,14,94,133500,1873650
17 NOV 2005,15.75,16,15,15.5,63,176700,2762850
14 NOV 2005,15.5,15.5,14.75,15,49,73600,1103100
11 NOV 2005,15.25,15.25,15,15.25,29,39200,589875
10 NOV 2005,16,16,15,15,62,139900,2101575
9 NOV 2005,15.25,15.75,14.75,14.75,56,73700,1104825
8 NOV 2005,15.75,16,15,15,91,326300,4910500
7 NOV 2005,16.25,16.25,15.5,15.5,26,43100,670050
3 NOV 2005,16.5,16.5,15.75,16,11,14500,233125
2 NOV 2005,16.25,16.5,16,16,58,64800,1049100
31 OCT 2005,16.5,16.5,15,15.5,75,325800,4976550
28 OCT 2005,16.5,16.5,16.25,16.25,24,39500,645575
27 OCT 2005,16.5,17,16,16.5,78,243100,4032400
26 OCT 2005,16,16.25,15.5,16.25,102,416300,6517250
25 OCT 2005,16.25,17,16,16,33,88500,1422275
24 OCT 2005,15.25,17.25,15.25,17,155,625600,10528400
21 OCT 2005,14.75,16,14.75,15.5,52,85400,1322400
20 OCT 2005,15,15.25,14.25,15,54,79000,1178400
19 OCT 2005,15.75,15.75,15,15.25,35,74500,1145700
18 OCT 2005,16,16,15.5,15.75,39,79000,1246600
14 OCT 2005,16.25,16.5,16,16,42,77900,1258700
13 OCT 2005,16,16.5,16,16.5,36,62900,1025175
12 OCT 2005,16,16.25,16,16.25,12,15600,251350
11 OCT 2005,16.25,17,16.25,16.5,81,287100,4745350
10 OCT 2005,16.5,16.5,16,16.25,49,120000,1957100
7 OCT 2005,16.75,16.75,16.5,16.75,63,159300,2660675
6 OCT 2005,16.5,17,16,17,95,235900,3949900
5 OCT 2005,18,18.25,16.5,16.75,168,373200,6473750
4 OCT 2005,17,18.5,16.75,18,443,1375500,24264800
3 OCT 2005,14.5,17.25,14.5,16.75,643,2311400,36542950
30 SEP 2005,14,14.5,14,14.25,188,503600,7232500
29 SEP 2005,13,14.25,13,14,177,458200,6279975
28 SEP 2005,12.75,13.75,12.75,13.25,142,267400,3542975
27 SEP 2005,12.75,12.75,12.5,12.5,18,18500,235575
26 SEP 2005,12.75,13,12.75,13,11,18300,236575
23 SEP 2005,13,13,12.75,13,26,78500,1019975
22 SEP 2005,13,13,12.75,13,135,451300,5852775
21 SEP 2005,11.75,13.25,11.75,13,165,671600,8543375
20 SEP 2005,12.25,12.25,11.75,11.75,16,171500,2057450
19 SEP 2005,12,12.25,11.75,12,57,104700,1256625
16 SEP 2005,11.5,12,11.5,11.75,14,22200,259675
15 SEP 2005,11.75,11.75,11.5,11.5,10,14100,162925
14 SEP 2005,11.75,12.25,11.75,11.75,9,2600,30950
13 SEP 2005,11.5,12.25,11.5,11.5,26,37600,437275
12 SEP 2005,11.5,11.5,11.25,11.5,10,31700,364500
9 SEP 2005,11.5,11.5,11.25,11.25,11,13800,158250
8 SEP 2005,11.5,11.75,11.25,11.5,15,9700,111300
7 SEP 2005,11.25,11.5,11,11.25,17,8800,99000
6 SEP 2005,11.25,11.75,11,11.5,8,4000,45275
5 SEP 2005,11.5,11.5,11.5,11.5,3,2200,25300
2 SEP 2005,11.75,12,11.5,12,14,22900,263500
1 SEP 2005,11.75,12,11.5,11.5,12,15400,180450
31 AUG 2005,12,12,11.75,11.75,10,13000,155775
30 AUG 2005,12.25,12.25,11.75,11.75,59,147400,1760175
29 AUG 2005,12.25,12.5,12.25,12.25,14,18100,221750
26 AUG 2005,12.25,13,12.25,12.5,29,40100,505125
25 AUG 2005,12,12.5,12,12.5,21,30000,368500
24 AUG 2005,12.25,12.25,12,12.25,31,35100,429675
23 AUG 2005,12,12.25,12,12.25,19,145000,1776125
22 AUG 2005,12.25,12.25,12.25,12.25,2,500,6125
18 AUG 2005,12.75,12.75,12.5,12.5,34,91700,1153975
17 AUG 2005,13,13,12.75,12.75,67,115600,1485700
16 AUG 2005,12.5,13.25,12.5,13,126,299700,3891625
15 AUG 2005,12.25,12.5,12.25,12.25,30,77500,950000
12 AUG 2005,12.75,12.75,12.5,12.5,44,134200,1685750
11 AUG 2005,12.75,13,12.5,12.5,110,307000,3930000
10 AUG 2005,13,13.25,12.5,12.5,182,335500,4318575
9 AUG 2005,12,12.75,12,12.75,403,1176700,14581075
8 AUG 2005,11.5,11.75,11.5,11.75,52,88300,1034600
5 AUG 2005,11.75,12,11.5,11.5,82,187800,2185200
4 AUG 2005,11.25,11.5,11,11.5,39,815300,9367625
3 AUG 2005,11.25,11.25,11.25,11.25,16,13600,153000
2 AUG 2005,10.75,11.75,10.75,11.5,197,599800,6809775
1 AUG 2005,10.25,11,10.25,10.75,39,201300,2161900
29 JUL 2005,10.25,10.75,10.25,10.25,14,104000,1066875
28 JUL 2005,10.25,11,10.25,10.75,19,28500,295925
27 JUL 2005,10.25,10.5,10.25,10.5,28,67300,701250
26 JUL 2005,10.25,10.25,10,10,36,142700,1428150
25 JUL 2005,10.25,10.25,10,10,5,6700,68250
22 JUL 2005,10,10,10,10,6,5600,56000
20 JUL 2005,10,10,10,10,15,24300,243000
19 JUL 2005,10,10,10,10,7,4200,42000
18 JUL 2005,10.25,10.25,10,10,10,7100,72525
15 JUL 2005,10,10.25,10,10.25,9,12600,128500
14 JUL 2005,10.25,10.25,10,10.25,18,16700,170925
13 JUL 2005,10.25,10.5,10.25,10.25,7,15400,158350
12 JUL 2005,10.5,10.5,10.5,10.5,10,12700,133350
11 JUL 2005,10.5,10.75,10.5,10.5,12,14800,158425
8 JUL 2005,10.5,10.5,10.5,10.5,10,27200,285600
7 JUL 2005,10.25,10.25,10.25,10.25,10,7500,76875
6 JUL 2005,10.25,10.25,10.25,10.25,4,6300,64575
5 JUL 2005,10.25,10.25,10.25,10.25,6,5100,52275
4 JUL 2005,10.25,10.25,10.25,10.25,4,5500,56375
1 JUL 2005,10.25,10.25,10.25,10.25,11,20500,210125
30 JUN 2005,10.5,10.5,10.25,10.25,6,12000,124500
29 JUN 2005,10.5,10.5,10.25,10.5,5,3000,31375
28 JUN 2005,10.5,10.75,10.25,10.5,11,37400,390275
27 JUN 2005,10.75,10.75,10.5,10.5,2,3000,31625
24 JUN 2005,11,11,10.75,10.75,4,4000,43300
23 JUN 2005,10.75,11,10.75,10.75,23,31200,340200
22 JUN 2005,11,11,10.75,10.75,22,36300,396100
20 JUN 2005,11,11.5,11,11.25,48,121400,1376600
17 JUN 2005,10.5,11.25,10.5,11,45,81100,886700
16 JUN 2005,10.5,10.5,10.5,10.5,12,28000,294000
15 JUN 2005,10.5,10.5,10.25,10.25,4,5700,59725
14 JUN 2005,10,10.5,10,10.5,23,22600,233975
13 JUN 2005,9.75,10,9.75,10,7,5100,50225
10 JUN 2005,10,10,9.75,9.75,10,30500,299125
9 JUN 2005,10,10,10,10,3,4500,45000
8 JUN 2005,9.75,10.75,9.75,10.25,33,27600,283075
7 JUN 2005,10.25,10.25,9.75,10,27,66900,675300
6 JUN 2005,10.75,10.75,10.25,10.5,12,29100,304900
3 JUN 2005,10.75,10.75,10.5,10.75,19,62300,669700
2 JUN 2005,11,11,10.75,10.75,10,16400,177025
1 JUN 2005,10.75,11,10.5,10.75,23,37900,407925
31 MAY 2005,11,11,10.75,11,11,20200,220625
30 MAY 2005,11,11,11,11,11,26700,293700
27 MAY 2005,11.25,11.25,11,11,15,30100,337950
26 MAY 2005,11.5,11.5,11.25,11.25,14,37300,422375
25 MAY 2005,11.5,11.5,11.25,11.5,13,34200,393125
20 MAY 2005,11.25,11.5,11.25,11.25,19,40100,456125
19 MAY 2005,11.25,11.5,11.25,11.5,5,5000,57125
18 MAY 2005,11.5,11.5,11.25,11.5,60,120500,1384150
17 MAY 2005,11.5,11.5,11.25,11.25,39,81400,930400
16 MAY 2005,11.5,11.5,11.25,11.25,23,45900,521300
13 MAY 2005,11.5,11.75,11.25,11.5,54,181600,2088075
12 MAY 2005,11.5,11.5,11.25,11.25,25,83200,950725
11 MAY 2005,12,12,11.5,11.5,81,270400,3179375
10 MAY 2005,11.25,12,11.25,11.75,79,278700,3217850
9 MAY 2005,11.25,11.5,11,11.25,31,85600,963750
6 MAY 2005,11,11.5,11,11.25,44,306000,3406575
5 MAY 2005,11,11,10.75,11,41,93700,1030525
4 MAY 2005,11,11.25,11,11,39,132000,1452500
3 MAY 2005,11.25,11.25,11,11,25,130200,1456500
29 APR 2005,11.25,11.25,11.25,11.25,26,120400,1354500
28 APR 2005,11.25,11.5,11.25,11.25,15,18800,214000
27 APR 2005,11,11.25,11,11,26,120500,1335250
26 APR 2005,11.25,11.5,11.25,11.25,31,48000,547450
25 APR 2005,11.5,11.5,11.25,11.5,25,55400,635400
21 APR 2005,11,11.5,11,11.5,135,369200,4214075
20 APR 2005,11,11,11,11,17,39500,434500
19 APR 2005,11,11,11,11,29,84200,926200
18 APR 2005,11.5,11.5,11,11.25,39,112500,1261650
15 APR 2005,11.25,11.5,11,11,21,87400,967375
12 APR 2005,10.75,11.25,10.75,11,50,180300,1980075
11 APR 2005,10.75,10.75,10.75,10.75,6,27000,290250
8 APR 2005,10.5,10.75,10.5,10.75,48,233600,2460800
7 APR 2005,10.75,10.75,10.5,10.75,27,72000,772975
6 APR 2005,10.75,10.75,10.75,10.75,32,96800,1040600
5 APR 2005,10.75,11,10.5,10.75,39,414300,4452600
4 APR 2005,11,11,10.75,10.75,68,224300,2427600
1 APR 2005,11,11,10.75,11,17,62700,688275
31 MAR 2005,11.25,11.25,10.75,11,33,86600,952975
30 MAR 2005,11,11,11,11,21,54700,601700
29 MAR 2005,10.75,11,10.75,11,28,94800,1041275
28 MAR 2005,11,11,10.75,11,51,159700,1723175
24 MAR 2005,10.75,11.25,10.75,11,37,37200,409025
23 MAR 2005,11,11,10.75,10.75,28,61500,665875
22 MAR 2005,11.25,11.5,11,11,31,63100,695100
21 MAR 2005,11.5,11.5,11.25,11.25,43,121200,1366000
18 MAR 2005,11.75,12,11.25,11.5,41,150700,1740250
17 MAR 2005,11.75,12.25,11.5,11.5,185,1355500,16153875
16 MAR 2005,11,12,11,11.75,123,647000,7612500
15 MAR 2005,11.25,11.25,11,11,42,327000,3608075
14 MAR 2005,11.25,11.5,11.25,11.25,97,427500,4831400
11 MAR 2005,11,11.25,11,11,75,290300,3209400
10 MAR 2005,11,11,10.75,10.75,18,95800,1031400
9 MAR 2005,11,11.25,11,11,3,54000,594150
7 MAR 2005,11.25,11.25,10.75,10.75,21,38400,420375
4 MAR 2005,11.75,11.75,11.25,11.25,85,286800,3282425
3 MAR 2005,11,12,11,11.75,384,2684600,30948900
2 MAR 2005,10.5,11,10.5,11,88,295600,3174575
1 MAR 2005,10.25,10.5,10.25,10.5,28,47000,492100
28 FEB 2005,10.25,10.5,10.25,10.25,8,27600,282925
25 FEB 2005,10.5,10.5,10.25,10.25,28,75500,778000
24 FEB 2005,10.75,10.75,10.25,10.5,17,36500,383375
22 FEB 2005,10.5,10.5,10.5,10.5,8,17100,179550
21 FEB 2005,10.5,10.75,10.5,10.5,34,111500,1171500
18 FEB 2005,10.5,10.5,10.25,10.5,18,31300,328625
17 FEB 2005,10.75,10.75,10.75,10.75,15,19000,204250
16 FEB 2005,10.25,10.75,10.25,10.5,31,109100,1149550
15 FEB 2005,10.5,10.5,10.25,10.5,16,29400,307725
14 FEB 2005,10.75,10.75,10.25,10.5,38,166300,1746675
11 FEB 2005,11,11,10.5,10.75,31,68900,743075
10 FEB 2005,10.25,11.25,10.25,11,306,1763800,19472850
9 FEB 2005,10.25,10.25,10,10.25,19,31400,321750
8 FEB 2005,10.5,10.5,10.25,10.25,14,36100,372150
7 FEB 2005,10.5,10.5,10.5,10.5,22,29600,310800
3 FEB 2005,10.5,10.5,10.25,10.25,29,57600,595900
2 FEB 2005,10.5,10.5,10.25,10.25,29,28600,297325
1 FEB 2005,10.5,10.5,10.5,10.5,9,6500,68250
31 JAN 2005,10.75,11,10.5,10.5,58,161400,1711750
28 JAN 2005,10.75,11,10.75,10.75,35,73700,793175
27 JAN 2005,11,11,10.75,10.75,51,140000,1521700
26 JAN 2005,10,11,10,11,199,806900,8524900
25 JAN 2005,10,10,10,10,13,6000,60000
20 JAN 2005,10.25,10.25,9.75,9.75,11,20800,206925
19 JAN 2005,9.75,10,9.75,10,28,54100,533300
17 JAN 2005,10,10,10,10,17,18800,188000
13 JAN 2005,10,10,10,10,12,50600,506000
12 JAN 2005,10,10.25,9.75,10,15,28900,289350
11 JAN 2005,10,10.25,10,10,12,36300,363250
10 JAN 2005,10.25,10.25,10,10,8,23800,238350
7 JAN 2005,10.25,10.75,10,10,45,186200,1940175
6 JAN 2005,10.25,10.5,10.25,10.25,36,116500,1195000
5 JAN 2005,9.75,10.25,9.75,10,29,66400,660100
4 JAN 2005,10,10,9.75,9.75,8,7500,73500
3 JAN 2005,10,10,9.75,9.75,11,8300,81000
31 DEC 2004,10,10,9.5,9.75,3,1700,16800
30 DEC 2004,10,10,10,10,16,123600,1236000
29 DEC 2004,9.5,9.75,9.25,9.5,4,2800,26700
23 DEC 2004,10,10.25,10,10,30,93100,933500
22 DEC 2004,10,10,10,10,3,25000,250000
21 DEC 2004,10.25,10.25,10,10,31,437300,4385475
20 DEC 2004,10.25,10.25,10,10.25,29,176900,1812825
17 DEC 2004,10.25,10.25,10,10.25,36,200200,2052025
16 DEC 2004,10.25,10.25,10,10.25,22,98700,1011375
15 DEC 2004,10.25,10.25,10,10.25,17,80300,820550
14 DEC 2004,10.25,10.5,10.25,10.5,27,79200,820750
13 DEC 2004,10.25,10.25,10.25,10.25,15,46300,474575
10 DEC 2004,10.25,10.5,10.25,10.25,20,23400,240075
9 DEC 2004,10.5,10.5,10.25,10.25,25,61100,641250
8 DEC 2004,10.75,10.75,10.25,10.5,23,150900,1581025
7 DEC 2004,10.25,11,10.25,10.75,57,241500,2585625
6 DEC 2004,10.25,10.75,10.25,10.5,58,142700,1499850
3 DEC 2004,10.25,10.5,10.25,10.25,35,217800,2245200
2 DEC 2004,10,10.5,10,10.25,35,156200,1588125
1 DEC 2004,10.25,10.25,10,10.25,29,90100,921750
30 NOV 2004,10,10.25,10,10.25,29,93900,958925
29 NOV 2004,10,10.25,10,10,7,26000,260250
25 NOV 2004,10.25,10.5,10.25,10.25,34,476500,4888250
24 NOV 2004,10.25,10.75,10,10.25,60,174700,1784950
23 NOV 2004,10.25,10.25,10,10,60,151900,1519750
22 NOV 2004,10.5,10.5,10,10.25,23,35800,369325
19 NOV 2004,11,11.25,10.5,10.5,67,152400,1653525
18 NOV 2004,10.5,11,10.25,10.75,124,498200,5319550
17 NOV 2004,10.25,10.5,10.25,10.25,47,181900,1864725
16 NOV 2004,10.25,10.5,10.25,10.25,56,168800,1730325
15 NOV 2004,10.25,10.25,10,10,75,253700,2552875
12 NOV 2004,10.75,10.75,10.25,10.25,49,103400,1081450
10 NOV 2004,10.5,11,10.25,10.5,85,333000,3571800
9 NOV 2004,10.5,10.75,10.25,10.5,74,184500,1956225
8 NOV 2004,10.75,10.75,10,10.5,111,403700,4119625
5 NOV 2004,11,11,10.75,10.75,46,95700,1032000
4 NOV 2004,11.5,11.5,10.75,11,86,279400,3085075
3 NOV 2004,11.25,11.5,11.25,11.5,138,374400,4249575
2 NOV 2004,11.5,11.5,11,11.25,104,311300,3468425
1 NOV 2004,12,12.25,11.25,11.5,212,1472200,17305275
29 OCT 2004,11,12.25,11,12,615,2949200,34966500
28 OCT 2004,11.25,11.25,10.25,11,117,584800,6307125
26 OCT 2004,10.5,11.5,10.5,11,346,2113200,23166575
25 OCT 2004,10.25,10.75,10.25,10.5,218,694900,7228000
22 OCT 2004,10.25,10.5,10,10,66,226300,2315750
21 OCT 2004,10,10.5,10,10.25,125,577000,5839875
20 OCT 2004,10,10,9.75,9.75,45,112200,1112750
19 OCT 2004,10.25,10.5,9.75,9.75,136,424100,4287775
18 OCT 2004,9.25,10.25,9.25,10.25,295,1105500,10989550
15 OCT 2004,9,9.25,9,9,17,38900,352600
14 OCT 2004,9.25,9.25,9.25,9.25,16,31200,288600
13 OCT 2004,9.25,9.25,9,9,15,45700,413300
12 OCT 2004,9.25,9.25,9.25,9.25,44,84800,784400
11 OCT 2004,9.25,9.25,9.25,9.25,12,30000,277500
8 OCT 2004,9.25,9.25,9,9.25,41,183600,1673825
7 OCT 2004,9.25,9.25,9,9.25,23,69700,643225
6 OCT 2004,9,9,9,9,8,49000,441000
5 OCT 2004,9.25,9.5,9,9.25,79,197300,1825175
4 OCT 2004,9,9,9,9,9,25500,229500
1 OCT 2004,9.25,9.5,9,9,31,126900,1166350
30 SEP 2004,8.75,9.5,8.75,9.25,125,378800,3479425
29 SEP 2004,8.75,9,8.75,8.75,35,76800,673300
27 SEP 2004,8.75,9.25,8.75,8.75,118,359600,3264250
24 SEP 2004,8.75,8.75,8.5,8.5,8,35000,299000
23 SEP 2004,8.75,8.75,8.5,8.5,52,220600,1880100
22 SEP 2004,8.5,9,8.25,8.75,116,518500,4469775
21 SEP 2004,8.5,8.75,8.25,8.25,59,166100,1414100
20 SEP 2004,8.25,8.25,8.25,8.25,13,48000,396000
17 SEP 2004,8.25,8.25,8.25,8.25,19,97100,801075
16 SEP 2004,8.25,8.25,8,8,22,78200,632525
15 SEP 2004,8.25,8.5,8.25,8.25,26,50000,417675
14 SEP 2004,8.25,8.5,8.25,8.25,21,76000,627625
13 SEP 2004,8.25,8.25,8,8.25,16,68300,551900
10 SEP 2004,8,8.5,8,8.25,47,249800,2088875
9 SEP 2004,7.75,7.75,7.75,7.75,1,400,3100
8 SEP 2004,8,8,7.75,7.75,12,47400,378450
7 SEP 2004,8,8.25,8,8.25,3,2300,18450
6 SEP 2004,8.5,8.75,8.25,8.25,35,122000,1013400
3 SEP 2004,8,8.5,8,8.25,39,173300,1428325
2 SEP 2004,8,8,7.75,7.75,19,62200,482800
1 SEP 2004,7.75,8,7.75,8,27,81000,641600
31 AUG 2004,7.75,8,7.5,7.75,15,22000,170700
30 AUG 2004,8,8,7.75,7.75,10,14800,115975
27 AUG 2004,8,8.25,8,8,18,71800,577025
26 AUG 2004,7.75,8,7.75,7.75,17,71100,551100
25 AUG 2004,8,8.25,7.75,8,23,41900,335425
24 AUG 2004,8.75,9,8.25,8.25,19,44500,380975
23 AUG 2004,8.25,8.75,8.25,8.75,49,152500,1295725
20 AUG 2004,7.75,8.25,7.75,8,42,87400,686475
19 AUG 2004,8.5,8.5,7.75,8,14,74500,613450
18 AUG 2004,8.5,8.5,7.75,8,23,28100,228775
17 AUG 2004,8.75,8.75,8.5,8.5,24,29600,253725
16 AUG 2004,8.75,8.75,8.25,8.5,29,64100,546600
13 AUG 2004,9.25,9.25,9,9,25,38700,351025
12 AUG 2004,9.5,9.5,9.25,9.25,4,3000,28075
11 AUG 2004,9.5,9.5,8.75,9.5,63,106500,977050
10 AUG 2004,9.75,9.75,9,9.25,54,133400,1240800
9 AUG 2004,10.5,10.75,9.75,9.75,81,245300,2513625
6 AUG 2004,9.75,11.25,9.5,10.25,342,1561500,16116925
5 AUG 2004,9.25,9.75,8.75,9.5,133,532000,4979525
4 AUG 2004,9.25,10.25,9,9,235,1304200,12559575
3 AUG 2004,8.75,9.25,8.75,9,228,1168200,10489500
2 AUG 2004,8,8.75,8,8.5,135,469300,3998875
30 JUL 2004,8.25,8.25,8,8.25,26,70000,575450
29 JUL 2004,7.75,8.5,7.75,8,100,455600,3693475
28 JUL 2004,7.75,7.75,7.75,7.75,15,45900,355725
27 JUL 2004,7.75,7.75,7.75,7.75,16,37900,293725
26 JUL 2004,7.5,7.75,7.5,7.75,17,30500,234675
23 JUL 2004,7.75,8.25,7.75,7.75,61,154100,1220050
22 JUL 2004,7.75,8,7.75,7.75,22,63500,492500
21 JUL 2004,7.75,8,7.75,7.75,19,54700,423975
20 JUL 2004,7.75,7.75,7.75,7.75,11,13100,101525
19 JUL 2004,7.75,7.75,7.75,7.75,11,16800,130200
16 JUL 2004,7.75,7.75,7.75,7.75,16,38700,299925
15 JUL 2004,7.75,8,7.75,7.75,26,37600,291525
14 JUL 2004,8,8.25,7.75,7.75,52,100100,787450
13 JUL 2004,7.75,8,7.75,7.75,17,29500,229875
12 JUL 2004,8,8.5,7.75,8,74,228800,1858150
9 JUL 2004,7.25,8.75,7.25,8,255,939200,7615400
8 JUL 2004,7.25,7.5,7.25,7.5,20,72000,522375
7 JUL 2004,7.25,7.5,7,7,35,212200,1501525
6 JUL 2004,7.25,7.25,7.25,7.25,32,52300,379175
5 JUL 2004,7.25,7.5,7.25,7.5,13,10700,79800
1 JUL 2004,7.75,7.75,7.25,7.25,15,40000,302000
30 JUN 2004,7.5,7.75,7.5,7.5,18,40200,303325
29 JUN 2004,7.25,7.5,7.25,7.5,34,96700,712600
28 JUN 2004,7.25,7.25,7,7,6,11900,83425
25 JUN 2004,7.5,7.5,7.25,7.25,4,4000,29250
24 JUN 2004,7.25,7.75,7.25,7.5,40,111300,834725
23 JUN 2004,7.25,7.25,7.25,7.25,8,23600,171100
22 JUN 2004,7,7.25,7,7.25,11,29700,214825
21 JUN 2004,7.25,7.25,7.25,7.25,16,19500,141375
18 JUN 2004,7,7.25,7,7,4,18100,126950
17 JUN 2004,7.25,7.25,7.25,7.25,26,28600,207350
16 JUN 2004,7.5,7.5,7.25,7.25,22,62800,468425
15 JUN 2004,7.25,7.25,7,7,17,71700,506375
14 JUN 2004,7.5,7.5,7.25,7.25,17,15300,112125
11 JUN 2004,7.5,7.75,7.5,7.75,42,130200,989500
10 JUN 2004,7.25,7.25,7.25,7.25,11,40000,290000
9 JUN 2004,7.25,7.5,7,7.25,15,37900,276000
8 JUN 2004,7.25,7.25,7.25,7.25,1,3700,26825
7 JUN 2004,7,7.75,7,7.5,99,317000,2381850
4 JUN 2004,7,7,6.75,7,13,21800,152150
3 JUN 2004,7,7,7,7,12,10500,73500
1 JUN 2004,7.25,7.25,7,7,15,20900,147050
31 MAY 2004,7.75,7.75,7.5,7.5,13,41100,314500
28 MAY 2004,7,7.75,7,7.5,59,166600,1262825
27 MAY 2004,7,7.25,7,7,15,42900,300700
25 MAY 2004,7.25,7.25,7,7,17,49700,355575
24 MAY 2004,7.5,7.5,7.5,7.5,21,38800,291000
21 MAY 2004,7.5,7.5,7.5,7.5,11,25300,189750
20 MAY 2004,7.5,7.75,7.5,7.5,23,22700,171800
19 MAY 2004,7.25,7.5,7.25,7.5,6,10100,75725
18 MAY 2004,7,7.5,7,7.5,22,62300,461125
17 MAY 2004,7.5,7.5,7,7.25,27,81000,585875
14 MAY 2004,8,8,7.5,7.5,69,279500,2167725
13 MAY 2004,8,8.25,7.5,7.75,137,265400,2128950
12 MAY 2004,6.75,8.25,6.75,8,299,962500,7353075
11 MAY 2004,6.25,7,6.25,6.75,130,514900,3414000
10 MAY 2004,6,6.5,6,6.25,87,232000,1459700
6 MAY 2004,5.75,6,5.75,5.75,4,6200,35700
3 MAY 2004,5.5,5.75,5.5,5.5,6,17500,96875
29 APR 2004,5.5,5.5,5.5,5.5,11,14900,81950
28 APR 2004,5.5,5.5,5.5,5.5,6,11000,60500
27 APR 2004,5.75,5.75,5.75,5.75,13,47300,271975
26 APR 2004,5.75,5.75,5.75,5.75,13,53500,307625
23 APR 2004,6,6,5.75,6,12,25300,151250
22 APR 2004,5.75,5.75,5.75,5.75,1,5000,28750
21 APR 2004,5.75,5.75,5.75,5.75,5,4500,25875
20 APR 2004,5.75,5.75,5.75,5.75,11,24000,138000
19 APR 2004,5.75,5.75,5.75,5.75,4,2400,13800
16 APR 2004,6,6,5.75,5.75,4,1200,7175
15 APR 2004,6,6,6,6,15,9100,54600
14 APR 2004,6.25,6.25,6.25,6.25,2,2500,15625
8 APR 2004,6.25,6.25,6,6,22,50800,311425
7 APR 2004,5.5,6,5.5,6,27,91400,541900
6 APR 2004,5.25,5.75,5,5.75,30,104600,578975
2 APR 2004,6.75,6.75,6.5,6.5,33,86400,579950
1 APR 2004,6.25,6.5,6.25,6.5,33,91600,594925
31 MAR 2004,6.25,6.5,6.25,6.25,31,86400,543250
30 MAR 2004,6.25,6.25,6,6.25,11,36000,222500
29 MAR 2004,6,6,6,6,11,41000,246000
26 MAR 2004,6,6,6,6,16,51300,307800
25 MAR 2004,5.75,5.75,5.75,5.75,1,1000,5750
24 MAR 2004,5.75,5.75,5.75,5.75,5,12000,69000
23 MAR 2004,5.75,5.75,5.75,5.75,2,1000,5750
22 MAR 2004,5.75,6,5.75,5.75,7,14600,83975
19 MAR 2004,5.5,5.75,5.5,5.75,9,15100,86650
18 MAR 2004,5.5,5.5,5.5,5.5,10,7800,42900
17 MAR 2004,5.75,5.75,5.75,5.75,5,16000,92000
16 MAR 2004,5.75,5.75,5.75,5.75,18,37500,215625
15 MAR 2004,5.75,5.75,5.5,5.5,6,35000,193100
12 MAR 2004,5.75,5.75,5.75,5.75,10,32100,184575
11 MAR 2004,6.25,6.25,5.75,5.75,13,16000,94500
10 MAR 2004,6.75,6.75,6.5,6.5,14,22200,146075
9 MAR 2004,6.25,6.75,6.25,6.75,17,36000,238975
8 MAR 2004,6.5,6.5,6.5,6.5,25,70200,456300
5 MAR 2004,6.5,6.75,6.5,6.75,31,61400,404900
4 MAR 2004,6.75,6.75,6.5,6.5,21,38100,253050
3 MAR 2004,6.75,7,6.75,6.75,6,3700,25275
2 MAR 2004,6.75,6.75,6.75,6.75,11,21400,144450
1 MAR 2004,7,7,6.75,7,16,13300,92800
27 FEB 2004,7,7,6.75,6.75,46,140600,950300
26 FEB 2004,6.75,6.75,6.75,6.75,42,135000,911250
25 FEB 2004,6.5,6.5,6.5,6.5,28,35100,228150
24 FEB 2004,6.75,6.75,6.5,6.5,34,57500,375275
23 FEB 2004,6.5,6.5,6.5,6.5,7,19200,124800
20 FEB 2004,6.25,6.25,6.25,6.25,11,8000,50000
19 FEB 2004,6.25,6.25,6.25,6.25,4,5400,33750
17 FEB 2004,6.25,6.25,6.25,6.25,15,58000,362500
16 FEB 2004,6.25,6.25,6.25,6.25,11,43200,270000
13 FEB 2004,6.25,6.5,6.25,6.5,25,115200,747350
12 FEB 2004,6.25,6.5,6.25,6.25,57,191700,1202625
11 FEB 2004,5.25,5.5,5.25,5.5,3,9700,52925
10 FEB 2004,5.25,5.25,5.25,5.25,9,15400,80850
9 FEB 2004,5.75,5.75,5.25,5.25,12,44100,235075
6 FEB 2004,5.75,5.75,5.75,5.75,1,2000,11500
3 FEB 2004,5.75,5.75,5.75,5.75,1,19100,109825
30 JAN 2004,6,6.25,6,6.25,31,88200,550825
29 JAN 2004,6,6,5.75,6,14,32900,197200
28 JAN 2004,6,6,6,6,6,12500,75000
27 JAN 2004,6.25,6.25,6,6,6,7700,46450
26 JAN 2004,5.75,6,5.75,6,16,50900,303925
23 JAN 2004,5.75,5.75,5.75,5.75,2,5600,32200
22 JAN 2004,5.75,5.75,5.75,5.75,5,10900,62675
21 JAN 2004,5.5,5.75,5.5,5.75,11,24300,139475
20 JAN 2004,5.5,5.5,5.5,5.5,4,1500,8250
19 JAN 2004,5.5,5.5,5.5,5.5,12,10200,56100
16 JAN 2004,6,6,5.75,5.75,33,77600,447825
14 JAN 2004,6,6.25,6,6.25,10,27500,165125
13 JAN 2004,6,6.5,6,6.25,21,47300,300050
12 JAN 2004,6,6,6,6,24,39100,234600
9 JAN 2004,6.25,6.25,6,6,4,3300,20050
8 JAN 2004,6,6.25,6,6.25,9,16800,101750
6 JAN 2004,6.25,6.25,6.25,6.25,13,35100,219375
5 JAN 2004,6,6.25,6,6.25,27,46100,287600
2 JAN 2004,6,6,6,6,4,8500,51000
31 DEC 2003,5.75,6,5.75,5.75,20,28300,162975
30 DEC 2003,6,6,6,6,2,5000,30000
29 DEC 2003,6.25,6.25,6,6,8,6000,36075
26 DEC 2003,6.25,6.25,6.25,6.25,7,7500,46875
24 DEC 2003,6,6,6,6,4,3500,21000
23 DEC 2003,6.5,6.5,6,6,24,48600,294475
22 DEC 2003,6,6,6,6,3,10000,60000
19 DEC 2003,5.5,6,5.5,6,13,38700,227700
18 DEC 2003,5.5,5.5,5.5,5.5,12,20900,114950
17 DEC 2003,5.75,5.75,5.5,5.5,21,71100,406800
16 DEC 2003,6,6,5.75,6,19,227000,1360750
15 DEC 2003,6,6,6,6,8,46000,276000
12 DEC 2003,6.25,6.25,6,6.25,7,27600,172450
11 DEC 2003,6.25,6.25,6,6.25,19,63400,385900
10 DEC 2003,6.25,6.5,6.25,6.25,14,26700,167650
9 DEC 2003,6.25,6.25,6.25,6.25,7,34100,213125
5 DEC 2003,6,6.5,6,6.25,20,39900,246900
4 DEC 2003,6.5,6.5,6,6.25,25,58700,367450
3 DEC 2003,6.5,6.5,6.5,6.5,1,500,3250
2 DEC 2003,6.75,6.75,6.5,6.5,11,42000,276025
1 DEC 2003,6.75,6.75,6.75,6.75,9,20300,137025
28 NOV 2003,6.75,6.75,6.75,6.75,5,4500,30375
27 NOV 2003,6.75,7,6.75,7,12,70700,494775
25 NOV 2003,6.5,6.5,6.25,6.5,9,13200,85050
24 NOV 2003,7,7,6.75,6.75,6,6700,45475
21 NOV 2003,7.25,7.5,7,7,16,65000,459000
20 NOV 2003,7.25,7.25,7,7,23,44200,313900
19 NOV 2003,7,7.25,7,7,27,88400,626625
18 NOV 2003,7,7,6.25,6.5,22,24600,163425
17 NOV 2003,6.5,7,6.25,7,30,60000,398150
14 NOV 2003,7.25,7.25,5.5,6,35,89300,564925
13 NOV 2003,7.25,7.25,7,7.25,27,53800,389550
12 NOV 2003,6.25,7.25,6.25,7,20,53400,379525
11 NOV 2003,6.25,6.5,6.25,6.25,18,108300,677375
10 NOV 2003,7,7,6,6.5,18,73800,484650
7 NOV 2003,7,7.5,7,7.25,33,122800,879700
6 NOV 2003,6,6.25,5,6.25,22,54300,322875
5 NOV 2003,6,7.25,4.75,6.25,88,275700,1767250
4 NOV 2003,8,8,7.5,7.5,17,18800,143175
3 NOV 2003,8,8,8,8,7,10300,82400
31 OCT 2003,8,8.25,8,8,14,44300,360250
30 OCT 2003,8,8,8,8,18,35800,286400
29 OCT 2003,8,8,8,8,20,32600,260800
28 OCT 2003,8.25,8.25,8,8.25,13,57200,471650
27 OCT 2003,8.25,8.25,8.25,8.25,13,18400,151800
23 OCT 2003,8.75,8.75,8.5,8.5,8,25100,214350
22 OCT 2003,8.5,8.5,8.25,8.5,21,21200,179100
21 OCT 2003,8.25,8.75,8.25,8.5,28,54000,454725
20 OCT 2003,8.5,8.75,8.25,8.25,29,89200,762425
17 OCT 2003,8.75,9,8.5,8.5,36,52500,460150
16 OCT 2003,8.5,9,8.25,8.75,27,101400,880700
15 OCT 2003,8.75,8.75,8.5,8.5,22,42600,364000
14 OCT 2003,8.5,8.75,8.5,8.75,18,66100,562600
13 OCT 2003,9,9,8.5,8.5,22,65400,568950
10 OCT 2003,9,9,9,9,18,44300,398700
8 OCT 2003,9.25,9.5,8.75,9,47,131300,1214950
7 OCT 2003,9,9.5,8.75,9,175,612200,5677875
6 OCT 2003,8.75,10,8.75,8.75,152,676000,6231900
3 OCT 2003,7.75,8.5,7.75,8.25,33,177000,1452250
2 OCT 2003,8,8,7.75,8,11,37100,296525
1 OCT 2003,8,8.25,7.75,8,35,189200,1485500
30 SEP 2003,8,8,7.75,8,17,30000,239250
29 SEP 2003,7.75,8,7.75,8,12,8000,63625
26 SEP 2003,7.75,7.75,7.75,7.75,3,1900,14725
25 SEP 2003,8,8,7.5,7.75,27,87700,683050
24 SEP 2003,8,8,7.75,8,12,22700,181575
23 SEP 2003,8.25,8.25,8,8,21,35900,290950
22 SEP 2003,8.25,8.5,8,8.25,19,59300,491850
19 SEP 2003,8.25,8.5,8,8,23,54000,436125
18 SEP 2003,7.5,9.25,7.5,8.25,97,270300,2303250
17 SEP 2003,7.5,7.5,7.5,7.5,16,48300,362250
16 SEP 2003,7.5,7.5,7.5,7.5,13,22300,167250
15 SEP 2003,7.5,7.5,7.5,7.5,8,9700,72750
12 SEP 2003,8,8,7.5,7.75,6,6300,48575
11 SEP 2003,7.5,8,7.5,8,36,45700,356425
9 SEP 2003,7.5,7.5,7.5,7.5,5,2300,17250
8 SEP 2003,7.5,7.75,7.5,7.75,19,64000,494800
5 SEP 2003,7.75,7.75,7.75,7.75,30,67800,525450
4 SEP 2003,8,8,7.75,7.75,8,16900,134575
3 SEP 2003,8,8,7.75,8,43,134200,1064700
2 SEP 2003,8,8,7.75,8,14,29900,237425
1 SEP 2003,8,8,8,8,17,42700,341600
29 AUG 2003,8.25,8.25,8.25,8.25,7,18000,148500
28 AUG 2003,8.25,8.25,8.25,8.25,10,10100,83325
27 AUG 2003,8.25,8.25,8.25,8.25,8,11800,97350
26 AUG 2003,8.5,8.5,8.25,8.25,38,73300,609225
25 AUG 2003,8.5,8.5,8.5,8.5,7,5800,49300
22 AUG 2003,8.5,8.5,8.25,8.5,9,18900,160500
21 AUG 2003,8.25,8.75,8.25,8.5,47,135700,1154700
20 AUG 2003,8,8.75,8,8.25,63,126200,1046800
19 AUG 2003,8,8.25,8,8,24,71700,573625
18 AUG 2003,8,8,7.75,8,24,58200,465350
15 AUG 2003,8,8,8,8,9,6200,49600
14 AUG 2003,8,8,8,8,16,28100,224800
13 AUG 2003,8,8,8,8,18,39800,318400
12 AUG 2003,8,8,8,8,10,18800,150400
8 AUG 2003,8.25,8.5,8.25,8.25,5,8800,72650
7 AUG 2003,8.25,8.5,8.25,8.25,25,75600,623975
6 AUG 2003,8.25,8.25,8,8,8,19600,161225
5 AUG 2003,8.25,8.25,8,8.25,22,61300,505675
4 AUG 2003,8.25,8.25,8,8.25,18,55700,457525
1 AUG 2003,8.25,8.5,8.25,8.25,5,7000,57875
31 JUL 2003,8.25,8.5,8.25,8.25,27,49700,410150
30 JUL 2003,8,8.25,8,8,9,4300,34900
29 JUL 2003,8,8,8,8,12,13500,108000
28 JUL 2003,8.25,8.25,8,8.25,10,12000,98700
25 JUL 2003,8.25,8.25,8.25,8.25,6,16400,135300
24 JUL 2003,8,8.25,8,8.25,29,50700,417775
23 JUL 2003,8.25,8.25,8,8,8,9700,77875
22 JUL 2003,8.25,8.25,8,8.25,7,5000,40750
21 JUL 2003,8.25,8.25,8.25,8.25,5,1700,14025
18 JUL 2003,8.25,8.25,8,8.25,14,27900,230075
17 JUL 2003,8.25,8.25,8.25,8.25,8,15000,123750
16 JUL 2003,8.5,8.5,8.25,8.25,14,68200,562900
15 JUL 2003,8.25,8.5,8,8.5,8,14200,117900
14 JUL 2003,8.25,8.5,8.25,8.25,18,27500,227550
11 JUL 2003,8.25,8.25,8,8,19,28500,229725
10 JUL 2003,8,8.25,8,8.25,14,66300,546950
9 JUL 2003,8.25,8.5,7.75,8,11,28400,229800
8 JUL 2003,8.25,8.25,8,8,48,79900,639950
7 JUL 2003,8.5,8.5,8.25,8.25,25,64300,532800
4 JUL 2003,8.25,8.5,8.25,8.5,19,53600,448500
3 JUL 2003,8.5,8.5,8.5,8.5,15,29100,247350
2 JUL 2003,8.75,8.75,8.5,8.75,26,49400,430950
1 JUL 2003,9,9,8.75,8.75,20,45800,404775
30 JUN 2003,9.25,9.25,9,9,33,43100,388650
27 JUN 2003,9.75,9.75,9,9,30,62600,570125
26 JUN 2003,10,10,9.5,9.5,31,116800,1121100
25 JUN 2003,9.75,10.25,9.75,10,115,387500,3900175
24 JUN 2003,9.5,10.25,9.5,9.5,157,515100,5077275
23 JUN 2003,9.25,9.5,9,9.25,44,149100,1382025
20 JUN 2003,8.5,9,8.5,9,40,115200,1021375
19 JUN 2003,8.75,8.75,8.5,8.75,15,29300,255875
18 JUN 2003,9,9,8.5,8.75,32,42100,369450
17 JUN 2003,8.75,9,8.75,9,20,59100,531625
16 JUN 2003,8.75,8.75,8.75,8.75,7,4900,42875
13 JUN 2003,9,9.25,9,9,33,65700,591800
12 JUN 2003,9,9,9,9,17,32700,294300
11 JUN 2003,9,9,9,9,17,49000,441000
10 JUN 2003,9.5,9.5,9.25,9.25,25,70300,657375
9 JUN 2003,9.5,9.5,9.25,9.25,20,131300,1241075
6 JUN 2003,9.5,9.75,9.25,9.25,62,226600,2158225
5 JUN 2003,9.5,9.5,9.25,9.25,27,60500,565000
4 JUN 2003,9.5,9.5,9.25,9.25,28,68200,644700
3 JUN 2003,8.75,9.5,8.75,9.25,18,9300,85825
2 JUN 2003,9,9,9,9,8,18700,168300
30 MAY 2003,9,9.5,9,9.25,58,70600,654275
29 MAY 2003,9.25,9.25,9.25,9.25,8,6800,62900
28 MAY 2003,9,9,9,9,4,5500,49500
27 MAY 2003,9,9.25,9,9.25,7,29200,262875
26 MAY 2003,9,9,9,9,1,500,4500
23 MAY 2003,9,9,9,9,15,31400,282600
22 MAY 2003,9,9.25,9,9.25,17,73500,661575
21 MAY 2003,9.25,9.25,9,9,47,151200,1366300
20 MAY 2003,9.25,9.25,9.25,9.25,16,47600,440300
19 MAY 2003,9.25,9.25,9,9.25,10,15800,146100
13 MAY 2003,9.25,9.25,9.25,9.25,12,33500,309875
12 MAY 2003,9.5,9.5,9.25,9.25,22,22800,211675
9 MAY 2003,9.75,9.75,9.75,9.75,1,500,4875
8 MAY 2003,9.5,10,9.5,9.75,44,168200,1638600
7 MAY 2003,9.5,9.5,9.5,9.5,17,33600,319200
6 MAY 2003,9.5,9.75,9.25,9.5,19,44600,423650
5 MAY 2003,9.5,9.5,9.5,9.5,5,7000,66500
2 MAY 2003,9.25,9.25,9.25,9.25,3,30000,277500
30 APR 2003,9.25,9.25,9.25,9.25,20,44900,415325
29 APR 2003,9.5,9.5,9.25,9.25,13,43400,401575
28 APR 2003,9.5,9.5,9.5,9.5,14,23500,223250
25 APR 2003,9.5,9.5,9.5,9.5,7,8800,83600
24 APR 2003,9.75,10,9.25,9.5,16,33200,318200
23 APR 2003,9.75,9.75,9.5,9.75,48,104500,1018825
22 APR 2003,9.5,9.75,8.75,9.5,45,154600,1427775
17 APR 2003,9.25,10,9.25,10,75,212200,2059125
11 APR 2003,9,9,8.75,9,7,9100,81750
10 APR 2003,9,9,8.75,9,17,49400,444550
9 APR 2003,9,9.25,9,9,19,48400,435625
8 APR 2003,9,9,9,9,13,38200,343800
7 APR 2003,9,9,8.5,8.5,16,40000,348875
4 APR 2003,9.25,9.25,9,9,32,69300,624475
3 APR 2003,8.5,9,8.5,9,25,104300,908825
2 APR 2003,8.5,8.5,8.5,8.5,19,96200,817700
1 APR 2003,8.5,8.5,8.5,8.5,12,37100,315350
31 MAR 2003,9,9,8.75,8.75,4,3200,28525
28 MAR 2003,9,9,8.75,9,10,34900,309100
27 MAR 2003,8.75,9.25,8.75,9,36,104600,950300
26 MAR 2003,8.5,8.75,8.5,8.75,9,31100,265575
25 MAR 2003,8.5,8.75,8.5,8.5,8,26100,224350
24 MAR 2003,8.5,8.75,8.5,8.5,8,47300,405625
21 MAR 2003,8.5,8.5,8.25,8.5,28,46200,391700
20 MAR 2003,8.25,8.75,8.25,8.5,14,16300,136950
19 MAR 2003,8,8.25,8,8,32,106200,851100
17 MAR 2003,8.5,8.5,8.25,8.25,13,25500,210625
14 MAR 2003,8,8.75,8,8.5,44,356800,2968025
13 MAR 2003,7.75,8,7.75,8,33,88700,707800
12 MAR 2003,7.5,7.75,7.25,7.5,14,34000,253550
11 MAR 2003,8,8,7.75,7.75,23,26700,210425
10 MAR 2003,8.25,8.25,8.25,8.25,10,7600,62700
7 MAR 2003,8.25,8.5,8.25,8.5,9,13700,114700
6 MAR 2003,8.5,8.5,8.5,8.5,11,15100,128350
5 MAR 2003,8.5,8.5,8.5,8.5,8,17500,148750
4 MAR 2003,8.5,8.5,8.5,8.5,5,10000,85000
3 MAR 2003,9,9,8.5,8.5,29,40400,350675
28 FEB 2003,9,9.25,9,9,19,33800,305050
27 FEB 2003,9,9.25,8.75,8.75,20,34800,315575
26 FEB 2003,8.75,8.75,8.25,8.5,18,29400,249025
25 FEB 2003,8.75,8.75,8.5,8.5,27,72500,621375
24 FEB 2003,9,9,8.75,8.75,7,10100,89900
21 FEB 2003,9,9,9,9,11,7000,63000
20 FEB 2003,9,9,9,9,4,3500,31500
19 FEB 2003,9,9.5,9,9.25,10,23600,221125
18 FEB 2003,9.25,9.25,9,9,12,10900,98600
17 FEB 2003,9.25,9.25,9,9,13,69400,634950
14 FEB 2003,8.75,10,8.75,9,20,119500,1074200
13 FEB 2003,9,9,8.75,8.75,11,12600,111000
11 FEB 2003,9,9,9,9,2,800,7200
10 FEB 2003,9.5,9.5,9,9,11,22400,204150
7 FEB 2003,9.5,9.5,9.5,9.5,2,2500,23750
6 FEB 2003,9.5,9.75,9.5,9.5,7,28000,272250
5 FEB 2003,10,10,9.75,10,16,109500,1070275
3 FEB 2003,9.75,10,9.5,10,6,3900,38025
31 JAN 2003,9,10,9,10,108,372600,3588825
30 JAN 2003,8.75,9,8.75,8.75,27,35600,313925
29 JAN 2003,9,9,8.75,9,16,13400,120525
28 JAN 2003,9.25,9.25,8.75,9,28,51100,461600
27 JAN 2003,9.5,9.5,9.25,9.25,11,25400,236200
24 JAN 2003,9.5,9.5,9.25,9.5,8,8100,75625
23 JAN 2003,9.25,9.75,9.25,9.75,7,5800,55600
22 JAN 2003,9.75,9.75,9.25,9.5,37,122300,1150300
21 JAN 2003,9.75,10,9.75,9.75,14,23400,231375
20 JAN 2003,10,10,10,10,18,38200,382000
16 JAN 2003,10,10,10,10,8,4400,44000
14 JAN 2003,10,10.25,10,10,34,69000,690300
13 JAN 2003,10.25,10.25,10.25,10.25,13,10900,111725
10 JAN 2003,10.5,10.5,10.25,10.25,11,10500,110125
9 JAN 2003,10.25,10.25,10,10.25,11,23300,238675
8 JAN 2003,10.25,10.25,10.25,10.25,10,25100,257275
7 JAN 2003,10,10.25,10,10,7,5400,54050
6 JAN 2003,10.25,10.25,9.75,10,13,33500,335625
3 JAN 2003,10.5,10.5,10.25,10.25,20,23000,237500
2 JAN 2003,10.5,10.5,10.5,10.5,11,17700,185850
31 DEC 2002,10.5,10.5,10.5,10.5,16,53200,558600
30 DEC 2002,10.75,10.75,10.5,10.5,3,5400,56750
27 DEC 2002,10.5,10.5,10.25,10.5,9,12700,133225
26 DEC 2002,10.5,10.5,10.5,10.5,13,14600,153300
24 DEC 2002,10.75,10.75,10.5,10.5,7,11700,122925
23 DEC 2002,10,10.75,10,10.75,22,30800,326175
20 DEC 2002,10,10,10,10,14,33000,330000
18 DEC 2002,9.5,9.75,9.5,9.75,19,49600,475450
17 DEC 2002,9.75,9.75,9.5,9.5,16,17400,165425
16 DEC 2002,9.5,9.5,9.5,9.5,9,13500,128250
13 DEC 2002,9.5,9.5,9.5,9.5,5,2300,21850
12 DEC 2002,9.75,9.75,9.5,9.5,6,19000,180750
11 DEC 2002,9.75,10,9.75,9.75,9,13200,128800
10 DEC 2002,9.75,10,9.75,9.75,16,13000,128375
9 DEC 2002,9.75,9.75,9.75,9.75,13,6900,67275
5 DEC 2002,9.75,9.75,9.75,9.75,6,6900,67275
4 DEC 2002,9.75,9.75,9.75,9.75,20,65400,637650
3 DEC 2002,9.75,9.75,9.5,9.75,15,28000,271500
2 DEC 2002,10.25,10.25,9.75,9.75,26,33000,326125
29 NOV 2002,10.5,10.5,10.25,10.25,26,28200,290300
28 NOV 2002,10.25,10.5,10.25,10.25,25,53500,553375
27 NOV 2002,10.25,10.25,10.25,10.25,7,11900,121975
26 NOV 2002,10.25,10.5,10.25,10.5,21,77800,814300
25 NOV 2002,10.25,10.25,10,10,16,28600,288050
22 NOV 2002,10.25,10.5,10.25,10.5,8,12600,129175
21 NOV 2002,10,10.5,10,10.25,26,18100,185500
20 NOV 2002,9.75,9.75,9.5,9.75,21,18000,173525
18 NOV 2002,10,10,9.75,9.75,16,17700,174500
15 NOV 2002,10.5,10.5,10.25,10.25,24,41800,430950
14 NOV 2002,10.25,10.5,10.25,10.5,31,68200,710975
13 NOV 2002,10.25,10.5,10.25,10.25,21,31300,321225
12 NOV 2002,10.25,10.5,10.25,10.25,13,16700,171200
11 NOV 2002,10.75,10.75,10.25,10.25,30,44500,461225
8 NOV 2002,10.75,10.75,10.5,10.75,20,16100,172750
7 NOV 2002,11.25,11.25,10.5,10.75,52,93000,1005600
6 NOV 2002,11,11.25,11,11.25,37,93600,1029875
5 NOV 2002,11.25,11.25,11,11,20,31600,355475
1 NOV 2002,11,11.25,11,11.25,40,78800,866925
31 OCT 2002,11.5,11.5,11,11,53,129200,1430575
30 OCT 2002,11.5,11.5,11.25,11.5,37,66400,756950
29 OCT 2002,11.25,11.75,11.25,11.5,95,287600,3310725
28 OCT 2002,11.25,11.25,11,11.25,113,424700,4695850
25 OCT 2002,11,11.5,11,11,173,705600,7809350
24 OCT 2002,10.75,10.75,10.25,10.75,49,123200,1308250
23 OCT 2002,10.5,11.25,10.5,10.5,130,545300,5877225
22 OCT 2002,9.5,10.5,9.5,10.25,134,452600,4553925
21 OCT 2002,9.5,9.5,8.75,9.5,106,322500,2959425
18 OCT 2002,10,10,9.5,9.75,46,98100,942675
17 OCT 2002,10,10.75,9.5,10.5,79,318200,3239500
16 OCT 2002,11,11,10,10.25,86,373300,3794550
15 OCT 2002,10.5,11.25,10.5,11,62,93900,1031600
14 OCT 2002,11.25,11.25,10.5,10.75,84,118500,1286250
11 OCT 2002,11.75,11.75,11.25,11.25,54,135700,1562800
10 OCT 2002,12,12.25,11.5,11.75,55,138400,1625625
9 OCT 2002,11.75,12.25,11.75,12.25,83,307000,3688700
8 OCT 2002,11,12.25,10.75,11.75,201,436100,5044175
7 OCT 2002,12,12,10.5,11.25,131,411700,4627750
4 OCT 2002,9.5,13.25,9.5,11.75,695,3124500,37565500
3 OCT 2002,8.5,9.25,8.25,9.25,53,209700,1885450
2 OCT 2002,9,9,8.25,8.5,56,130200,1113725
1 OCT 2002,9.5,9.5,8.75,9,68,119400,1067850
30 SEP 2002,9,10,9,9.5,187,477900,4540925
27 SEP 2002,8.25,9,8.25,9,134,370200,3157425
26 SEP 2002,8.25,8.25,7.75,8,50,133600,1092200
25 SEP 2002,8.5,8.5,8.25,8.25,71,237600,2017425
24 SEP 2002,8,8.5,8,8.5,31,55500,465450
23 SEP 2002,8.5,8.5,7.25,8,20,115800,936875
19 SEP 2002,8,8.5,8,8.25,139,848400,6897475
18 SEP 2002,7.75,7.75,7.75,7.75,47,193400,1498850
17 SEP 2002,7.75,7.75,7.5,7.5,34,224400,1721350
16 SEP 2002,7.75,7.75,7.5,7.75,31,101500,786525
13 SEP 2002,7.75,7.75,7.5,7.5,32,266000,2038250
12 SEP 2002,7.5,7.75,7.5,7.5,11,20500,154400
11 SEP 2002,7.75,7.75,7.5,7.75,41,87700,679550
10 SEP 2002,7.75,7.75,7.75,7.75,67,357800,2772950
9 SEP 2002,7.5,7.75,7.5,7.75,49,157400,1199825
6 SEP 2002,7.5,7.5,7,7.5,159,867600,6461050
5 SEP 2002,6.75,7.5,6.75,7.25,180,917500,6598800
4 SEP 2002,6.25,6.75,6,6.5,103,531900,3389250
3 SEP 2002,5.5,6.25,5.5,6.25,141,577700,3425850
2 SEP 2002,5.25,5.75,5,5.5,148,599800,3212475
30 AUG 2002,4.75,4.75,4.75,4.75,3,1500,7125
29 AUG 2002,4.75,4.75,4.75,4.75,2,300,1425
28 AUG 2002,4.75,4.75,4.75,4.75,6,6300,29925
27 AUG 2002,4.75,4.75,4.75,4.75,8,10100,47975
26 AUG 2002,4.75,4.75,4.75,4.75,7,27800,132050
23 AUG 2002,4.75,4.75,4.75,4.75,12,15400,73150
21 AUG 2002,5,5,4.75,4.75,11,24700,118950
20 AUG 2002,5,5,4.75,4.75,25,69400,329675
19 AUG 2002,4.75,4.75,4.75,4.75,26,99000,470250
16 AUG 2002,5,5,5,5,8,23500,117500
15 AUG 2002,5.25,5.25,4.75,4.75,9,13200,66025
14 AUG 2002,4.75,5.25,4.75,5,25,268600,1330750
13 AUG 2002,4.75,4.75,4.75,4.75,4,3500,16625
12 AUG 2002,5,5,4.75,4.75,13,14000,69250
9 AUG 2002,4.75,4.75,4.75,4.75,6,11500,54625
8 AUG 2002,5,5,4.75,4.75,5,8000,38250
7 AUG 2002,4,4.75,4,4.75,24,160000,748400
6 AUG 2002,4.25,4.25,4,4,21,493700,1977800
5 AUG 2002,4.5,4.75,4.25,4.25,8,6500,29250
2 AUG 2002,4.75,4.75,4.5,4.5,30,34600,160600
31 JUL 2002,4.75,5,4.75,5,2,900,4375
30 JUL 2002,5,5,5,5,11,48400,242000
26 JUL 2002,5.25,5.25,5.25,5.25,6,8900,46725
25 JUL 2002,5.25,5.25,5.25,5.25,7,34000,178500
24 JUL 2002,5.25,5.25,5.25,5.25,21,38300,201075
22 JUL 2002,5.25,5.25,5.25,5.25,5,6000,31500
19 JUL 2002,5.5,5.5,5.25,5.25,5,11200,60050
18 JUL 2002,5.25,5.25,5.25,5.25,4,10100,53025
17 JUL 2002,5.25,5.5,5.25,5.5,4,3500,18625
16 JUL 2002,5.25,5.25,5.25,5.25,4,3600,18900
15 JUL 2002,5.5,5.5,5.25,5.25,28,71700,378550
12 JUL 2002,5.5,5.5,5.25,5.5,15,25100,136550
11 JUL 2002,5.5,5.5,5.25,5.25,9,5000,27075
10 JUL 2002,5.5,5.5,5.5,5.5,5,2200,12100
9 JUL 2002,5.5,6,5.5,5.5,16,18100,100400
8 JUL 2002,5.5,5.5,5.5,5.5,3,3000,16500
5 JUL 2002,5.75,5.75,5.5,5.5,8,42000,231500
4 JUL 2002,5.75,5.75,5.5,5.5,13,7700,43925
3 JUL 2002,5.75,5.75,5.75,5.75,21,41100,236325
2 JUL 2002,6,6,5.75,5.75,4,400,2325
1 JUL 2002,5.5,5.75,5.5,5.75,6,1300,7450
28 JUN 2002,5.25,5.5,5.25,5.5,22,32200,176425
27 JUN 2002,5.5,5.5,5.25,5.25,7,11200,61025
26 JUN 2002,5.5,5.5,5.5,5.5,18,78400,431200
25 JUN 2002,5.5,5.5,5.5,5.5,9,5500,30250
21 JUN 2002,5.5,5.75,5.5,5.75,7,1200,6625
20 JUN 2002,5.5,5.75,5.5,5.75,3,1700,9600
19 JUN 2002,5.5,5.75,5.5,5.5,9,5900,32575
18 JUN 2002,5.75,5.75,5.5,5.5,3,1100,6100
17 JUN 2002,5.75,5.75,5.75,5.75,8,28900,166175
14 JUN 2002,5.75,5.75,5.75,5.75,10,37800,217350
13 JUN 2002,5.75,5.75,5.75,5.75,11,55300,317975
12 JUN 2002,5.75,5.75,5.75,5.75,3,2100,12075
11 JUN 2002,6,6,5.75,6,9,26900,161325
10 JUN 2002,6,6,5.75,5.75,8,6800,40650
7 JUN 2002,6.25,6.25,6,6,30,251800,1540700
6 JUN 2002,6,6.5,6,6.25,49,323100,1962650
5 JUN 2002,5.5,6,5.5,6,38,92000,550600
4 JUN 2002,5.75,5.75,5.5,5.5,27,38100,216975
31 MAY 2002,5.75,5.75,5.75,5.75,5,5400,31050
30 MAY 2002,6,6,5.75,5.75,3,4200,24425
29 MAY 2002,6,6,5.75,6,14,26000,155125
28 MAY 2002,6,6,6,6,21,32600,195600
23 MAY 2002,6,6.25,6,6.25,12,3500,21075
22 MAY 2002,6,6.25,6,6,5,1900,11525
21 MAY 2002,6,6.25,6,6.25,2,11000,68500
17 MAY 2002,6.25,6.25,6.25,6.25,16,96900,605625
16 MAY 2002,6.25,6.25,6.25,6.25,2,1200,7500
15 MAY 2002,6.25,6.5,6.25,6.25,13,27000,172250
14 MAY 2002,6.25,6.25,6.25,6.25,2,1300,8125
10 MAY 2002,6.25,6.25,6.25,6.25,12,14100,88125
9 MAY 2002,6.25,6.5,6.25,6.5,2,11500,74375
8 MAY 2002,6.25,6.25,6.25,6.25,5,3400,21250
7 MAY 2002,6.25,6.25,6.25,6.25,21,54400,340000
6 MAY 2002,6,6,6,6,4,1900,11400
3 MAY 2002,6.25,6.25,6,6,5,7500,45250
2 MAY 2002,6.25,6.25,6.25,6.25,12,20000,125000
30 APR 2002,6.25,6.25,6.25,6.25,13,5700,35625
29 APR 2002,6.25,6.25,6.25,6.25,3,7000,43750
25 APR 2002,6.25,6.25,6.25,6.25,8,9700,60625
24 APR 2002,6.5,6.5,6.25,6.25,7,8300,52400
23 APR 2002,6.5,6.5,6.5,6.5,3,11000,71500
22 APR 2002,6.5,6.5,6.5,6.5,23,55600,361400
19 APR 2002,6.5,6.5,6.5,6.5,17,92000,598000
18 APR 2002,6.25,6.25,6.25,6.25,1,800,5000
17 APR 2002,6.25,6.25,6,6.25,9,15000,93400
11 APR 2002,6,6.25,6,6.25,2,5400,33650
9 APR 2002,6.25,6.25,6.25,6.25,6,24200,151250
8 APR 2002,6.25,6.25,6.25,6.25,14,47200,295000
5 APR 2002,6.25,6.25,6.25,6.25,5,6100,38125
4 APR 2002,6.25,6.25,6.25,6.25,6,9000,56250
3 APR 2002,6.25,6.25,6.25,6.25,2,10200,63750
2 APR 2002,6,6.25,6,6.25,13,27200,169450
1 APR 2002,6,6,6,6,1,100,600
27 MAR 2002,6.25,6.25,6,6,20,81200,503400
26 MAR 2002,6.5,6.75,6.25,6.25,7,37600,246375
25 MAR 2002,7,7,6.75,6.75,15,90300,613025
22 MAR 2002,6.75,7.25,6.75,7,57,131200,917600
21 MAR 2002,6.75,6.75,6.75,6.75,4,12900,87075
20 MAR 2002,6.75,6.75,6.75,6.75,4,3500,23625
19 MAR 2002,6.75,6.75,6.75,6.75,5,28300,191025
18 MAR 2002,6.75,6.75,6.5,6.75,14,24200,162625
15 MAR 2002,6.75,6.75,6.5,6.75,10,25600,166900
14 MAR 2002,6.75,6.75,6.5,6.5,7,4400,28725
13 MAR 2002,6.5,6.75,6.5,6.75,12,20800,139025
11 MAR 2002,6.75,6.75,6.75,6.75,1,400,2700
8 MAR 2002,6.5,6.5,6.5,6.5,2,300,1950
7 MAR 2002,6.5,6.5,6.5,6.5,12,11800,76700
6 MAR 2002,6.5,6.5,6.25,6.25,6,11600,74150
5 MAR 2002,6.5,6.5,6.25,6.25,9,40800,256250
4 MAR 2002,6.25,6.5,6.25,6.25,6,4600,28875
1 MAR 2002,6.25,6.25,6.25,6.25,5,5100,31875
28 FEB 2002,6.5,6.5,6.5,6.5,5,15000,97500
26 FEB 2002,6.5,6.5,6.5,6.5,9,26200,170300
25 FEB 2002,7,7,6.5,6.5,18,47100,318650
22 FEB 2002,6.5,7,6.5,6.75,29,75200,514575
21 FEB 2002,6.25,6.5,6.25,6.25,13,16500,105925
20 FEB 2002,6.5,6.5,6.25,6.5,8,5000,32100
19 FEB 2002,6.5,6.5,6.5,6.5,9,8000,52000
18 FEB 2002,6.5,6.5,6.5,6.5,2,3500,22750
15 FEB 2002,6.5,6.5,6.5,6.5,7,10700,69550
14 FEB 2002,6.5,6.75,6.5,6.5,18,27000,175875
13 FEB 2002,6.5,6.75,6.5,6.5,13,29400,191200
12 FEB 2002,6.25,6.25,6.25,6.25,5,11200,70000
11 FEB 2002,6.25,6.25,6.25,6.25,7,6500,40625
8 FEB 2002,6.25,6.25,6.25,6.25,9,14100,88125
7 FEB 2002,6.5,6.5,6.25,6.25,10,16800,105250
6 FEB 2002,6.25,6.25,6.25,6.25,21,41500,259375
5 FEB 2002,6.25,6.25,6,6.25,10,17600,108100
1 FEB 2002,6.25,6.5,6.25,6.25,20,39100,244450
31 JAN 2002,6,6,6,6,6,14500,87000
30 JAN 2002,6.25,6.25,6.25,6.25,15,30400,190000
29 JAN 2002,6.25,6.25,6.25,6.25,18,53600,335000
25 JAN 2002,6.5,6.5,6.25,6.25,12,29700,188250
24 JAN 2002,6.5,6.5,6.5,6.5,14,64200,417300
23 JAN 2002,6.5,6.5,6.25,6.25,2,1500,9625
22 JAN 2002,6.75,6.75,6.25,6.5,25,41400,269600
21 JAN 2002,7,7,6.5,6.5,8,16200,110600
18 JAN 2002,6.25,6.75,6.25,6.75,23,42400,274800
17 JAN 2002,6.25,6.25,6,6,4,4500,27500
16 JAN 2002,6.25,6.25,6.25,6.25,16,19200,120000
15 JAN 2002,6.5,6.5,5.5,6.5,42,102100,638025
11 JAN 2002,6.75,7,6.75,6.75,18,50800,349150
10 JAN 2002,6.75,7,6.75,6.75,12,23400,158500
9 JAN 2002,7,7,6.75,6.75,10,51600,354175
8 JAN 2002,7.25,7.25,7,7,35,95800,670725
7 JAN 2002,7.5,7.5,7.25,7.25,43,87000,637425
4 JAN 2002,7.25,7.25,7,7.25,41,172400,1224725
3 JAN 2002,7.25,7.5,7.25,7.25,30,73900,537025
2 JAN 2002,7.5,7.5,7.25,7.25,33,122200,902700
31 DEC 2001,7.25,7.5,7,7.25,29,85700,622525
28 DEC 2001,7.5,7.5,7.25,7.25,33,124700,935150
27 DEC 2001,7,7.5,7,7.5,78,233800,1695175
21 DEC 2001,7.25,7.25,7,7,60,170000,1192500
20 DEC 2001,7.25,7.75,7,7.25,29,86400,627550
19 DEC 2001,6.75,7,6.25,7,33,58700,390550
18 DEC 2001,7.75,7.75,6.75,6.75,58,185400,1286950
17 DEC 2001,7.25,8.25,7.25,7.75,55,155000,1229650
14 DEC 2001,6.25,8,6.25,7,34,72400,529025
13 DEC 2001,8,8,6.5,6.5,51,184100,1309950
12 DEC 2001,9,9.25,8,8.5,58,144300,1235775
11 DEC 2001,10,10,8.75,9.25,90,250200,2261050
10 DEC 2001,10,11,10,10,32,106100,1102600
7 DEC 2001,8,11,8,9.25,97,326700,3164775
5 DEC 2001,6,6.5,6,6.5,24,48500,307950
4 DEC 2001,6,6.5,5.75,6,56,181300,1112600
3 DEC 2001,6.25,6.5,6,6,37,111000,697150
29 NOV 2001,6.25,7,6.25,6.25,66,182100,1202000
28 NOV 2001,5.5,6.25,5.5,6.25,65,334800,2034700
27 NOV 2001,5.25,5.25,5.25,5.25,14,19100,100275
26 NOV 2001,5.25,5.5,5.25,5.5,10,28700,156100
23 NOV 2001,5.5,5.75,5.25,5.5,30,109900,606400
22 NOV 2001,5.75,5.75,5.5,5.5,26,48000,267250
21 NOV 2001,5.25,5.75,5.25,5.5,26,143000,795275
20 NOV 2001,5.5,5.5,5.25,5.25,27,68100,362600
19 NOV 2001,5.5,5.5,5.25,5.5,40,131200,721550
16 NOV 2001,5,5.5,5,5.25,41,164400,855600
15 NOV 2001,5,5.25,5,5,49,323600,1670750
14 NOV 2001,4.5,5,4.25,5,39,565900,2430975
13 NOV 2001,4.25,4.25,4.25,4.25,7,18800,79900
12 NOV 2001,4.25,4.25,4.25,4.25,18,94100,399925
9 NOV 2001,4,4,4,4,3,5200,20800
8 NOV 2001,4,4,4,4,11,23500,94000
7 NOV 2001,4,4,4,4,4,5600,22400
2 NOV 2001,4.25,4.25,4,4,12,41800,176200
1 NOV 2001,4.5,4.5,4.25,4.25,4,10700,46900
29 OCT 2001,4.5,4.75,4.25,4.25,11,34500,155125
26 OCT 2001,4.5,4.5,4.5,4.5,8,3100,13950
25 OCT 2001,4.5,4.5,4.5,4.5,6,3400,15300
24 OCT 2001,4.75,4.75,4.5,4.75,20,41100,193325
23 OCT 2001,4.75,4.75,4.75,4.75,17,92000,437000
22 OCT 2001,4.5,4.5,4.5,4.5,5,30200,135900
19 OCT 2001,4.5,4.75,4.5,4.5,12,27200,122650
18 OCT 2001,4.5,4.5,4.5,4.5,6,6000,27000
17 OCT 2001,4.5,4.5,4.25,4.5,3,6100,27425
16 OCT 2001,4.25,4.5,4.25,4.25,10,25200,107250
15 OCT 2001,5,5,4.25,4.25,34,122100,578925
12 OCT 2001,5,5.25,5,5,36,141000,712750
11 OCT 2001,5,5.25,4.75,5,79,278600,1394600
10 OCT 2001,4.25,5,4.25,4.5,160,545200,2494350
9 OCT 2001,3.25,4,3.25,4,30,94500,349075
8 OCT 2001,3.25,3.25,3.25,3.25,3,3000,9750
5 OCT 2001,3.25,3.25,3.25,3.25,3,4500,14625
1 OCT 2001,3.25,3.25,3.25,3.25,7,14000,45500
28 SEP 2001,3.25,3.25,3.25,3.25,1,400,1300
26 SEP 2001,3,3.25,3,3.25,12,37100,112300
25 SEP 2001,3,3.25,3,3.25,10,20200,61350
24 SEP 2001,3,3,3,3,5,7200,21600
21 SEP 2001,3.5,3.5,3.25,3.25,7,7200,23650
20 SEP 2001,3.25,3.25,3.25,3.25,4,1100,3575
19 SEP 2001,3.25,3.25,3.25,3.25,2,1000,3250
14 SEP 2001,3.25,3.25,3.25,3.25,4,1500,4875
11 SEP 2001,3.25,3.25,3.25,3.25,1,800,2600
5 SEP 2001,3.25,3.25,3.25,3.25,2,1200,3900
4 SEP 2001,3.5,3.5,3.5,3.5,1,100,350
3 SEP 2001,3.5,3.5,3.5,3.5,2,300,1050
30 AUG 2001,3.5,3.5,3.5,3.5,1,2000,7000
29 AUG 2001,3.5,3.5,3.5,3.5,1,200,700
24 AUG 2001,3.5,3.5,3.5,3.5,1,300,1050
23 AUG 2001,3.25,3.5,3.25,3.5,11,11400,39200
22 AUG 2001,3.25,3.25,3.25,3.25,1,500,1625
21 AUG 2001,3.25,3.25,3.25,3.25,2,1300,4225
20 AUG 2001,3.25,3.25,3.25,3.25,4,11800,38350
16 AUG 2001,3.25,3.25,3.25,3.25,2,12000,39000
15 AUG 2001,3.25,3.25,3.25,3.25,2,3000,9750
14 AUG 2001,3.25,3.25,3.25,3.25,4,11200,36400
13 AUG 2001,3.25,3.25,3.25,3.25,1,1000,3250
10 AUG 2001,3.5,3.5,3.5,3.5,5,15000,52500
8 AUG 2001,3.5,3.5,3.5,3.5,2,500,1750
7 AUG 2001,3.5,3.5,3.5,3.5,7,9300,32550
6 AUG 2001,3.5,3.5,3.5,3.5,4,4000,14000
2 AUG 2001,3.5,3.5,3.5,3.5,1,5000,17500
1 AUG 2001,3.5,3.5,3.5,3.5,5,13500,47250
31 JUL 2001,3.5,3.5,3.5,3.5,5,6200,21700
30 JUL 2001,3.75,3.75,3.75,3.75,1,100,375
26 JUL 2001,3.5,3.5,3.5,3.5,8,17500,61250
25 JUL 2001,3.25,3.25,3.25,3.25,3,6000,19500
24 JUL 2001,3.5,3.5,3.25,3.25,27,19300,63900
20 JUL 2001,3.75,3.75,3.75,3.75,6,10000,37500
19 JUL 2001,3.5,3.5,3.5,3.5,2,400,1400
17 JUL 2001,3.5,3.5,3.5,3.5,1,2800,9800
16 JUL 2001,3.75,3.75,3.75,3.75,1,200,750
13 JUL 2001,3.5,3.75,3.5,3.75,4,6600,23750
12 JUL 2001,3.75,3.75,3.75,3.75,1,700,2625
11 JUL 2001,4,4,3.5,3.5,30,61200,227150
10 JUL 2001,4,4.25,4,4,14,32500,130475
9 JUL 2001,4,4,4,4,2,1500,6000
6 JUL 2001,4.25,4.25,4,4,8,5600,22425
4 JUL 2001,3.75,4.25,3.75,4.25,11,9500,38875
2 JUL 2001,3.75,3.75,3.75,3.75,1,2600,9750
29 JUN 2001,4,4,3.75,3.75,12,17100,65850
27 JUN 2001,3.5,3.5,3.5,3.5,7,10300,36050
26 JUN 2001,4,4,3.75,3.75,2,1500,5875
25 JUN 2001,4.5,4.5,4,4,6,6800,29600
22 JUN 2001,4.75,5,4.5,4.5,31,45000,212650
21 JUN 2001,3.5,4.5,3.5,4.5,50,146900,639925
20 JUN 2001,3,3,3,3,4,12000,36000
19 JUN 2001,3,3,3,3,3,20700,62100
18 JUN 2001,3,3,3,3,1,5000,15000
15 JUN 2001,3,3,3,3,5,2800,8400
14 JUN 2001,3,3,3,3,2,4000,12000
13 JUN 2001,2.75,3,2.75,3,2,2200,6550
12 JUN 2001,3,3,3,3,7,15400,46200
11 JUN 2001,3,3,3,3,17,16400,49200
8 JUN 2001,3,3,3,3,2,2000,6000
7 JUN 2001,3.25,3.25,3.25,3.25,1,600,1950
6 JUN 2001,3.25,3.25,3,3,5,4400,14000
1 JUN 2001,3.25,3.25,3.25,3.25,1,200,650
31 MAY 2001,3.25,3.25,3.25,3.25,6,128600,417950
30 MAY 2001,3.25,3.25,3.25,3.25,1,1000,3250
29 MAY 2001,3.25,3.25,3.25,3.25,4,4200,13650
28 MAY 2001,3.25,3.25,3.25,3.25,3,6600,21450
25 MAY 2001,3.5,3.5,3.25,3.25,31,185700,646425
23 MAY 2001,3.75,3.75,3.5,3.5,4,3200,11975
22 MAY 2001,3.5,3.75,3.5,3.75,4,1000,3625
21 MAY 2001,3.5,3.5,3.5,3.5,1,100,350
18 MAY 2001,3.75,3.75,3.75,3.75,1,15000,56250
17 MAY 2001,3.75,3.75,3.75,3.75,4,1500,5625
16 MAY 2001,3.75,3.75,3.75,3.75,1,400,1500
15 MAY 2001,3.75,3.75,3.75,3.75,5,4600,17250
11 MAY 2001,3.75,3.75,3.75,3.75,1,500,1875
9 MAY 2001,3.75,3.75,3.75,3.75,5,1600,6000
4 MAY 2001,3.75,3.75,3.75,3.75,2,300,1125
30 APR 2001,3.75,3.75,3.75,3.75,3,1200,4500
27 APR 2001,3.75,3.75,3.75,3.75,3,1000,3750
26 APR 2001,3.75,3.75,3.75,3.75,2,1500,5625
25 APR 2001,3.75,3.75,3.75,3.75,8,33300,124875
24 APR 2001,3.75,3.75,3.75,3.75,12,63900,239625
23 APR 2001,3.75,3.75,3.75,3.75,8,5000,18750
20 APR 2001,3.75,3.75,3.75,3.75,1,300,1125
19 APR 2001,3.75,3.75,3.75,3.75,4,2600,9750
18 APR 2001,4,4,3.75,3.75,12,15400,58050
17 APR 2001,4,4,4,4,4,7800,31200
16 APR 2001,4,4,4,4,1,100,400
11 APR 2001,4,4,4,4,7,15000,60000
10 APR 2001,4,4,4,4,1,10000,40000
9 APR 2001,4,4,4,4,3,5200,20800
6 APR 2001,4,4,4,4,1,1000,4000
5 APR 2001,4,4,4,4,6,6700,26800
4 APR 2001,4,4,3.75,3.75,15,22500,89875
3 APR 2001,4,4,4,4,5,12200,48800
2 APR 2001,4.25,4.25,4.25,4.25,6,4200,17850
30 MAR 2001,4.25,4.25,4.25,4.25,2,2400,10200
29 MAR 2001,4.25,4.25,4.25,4.25,1,100,425
28 MAR 2001,4.5,4.5,4.5,4.5,3,5000,22500
27 MAR 2001,4.75,4.75,4.75,4.75,1,500,2375
23 MAR 2001,4.75,4.75,4.75,4.75,3,1500,7125
22 MAR 2001,4.75,4.75,4.75,4.75,2,2000,9500
21 MAR 2001,5.25,5.25,5,5,13,13900,70000
20 MAR 2001,5,5,5,5,1,300,1500
19 MAR 2001,5,5,5,5,2,2100,10500
16 MAR 2001,5,5,5,5,3,1000,5000
15 MAR 2001,5,5,5,5,3,3200,16000
14 MAR 2001,5,5,5,5,2,1100,5500
13 MAR 2001,5,5,5,5,12,5100,25500
8 MAR 2001,5,5.25,5,5.25,7,5300,26925
7 MAR 2001,5,5,5,5,9,5900,29500
6 MAR 2001,5,5,5,5,10,6400,32000
5 MAR 2001,5,5,5,5,2,2200,11000
2 MAR 2001,5,5,5,5,1,400,2000
1 MAR 2001,5.25,5.25,5,5,3,1700,8625
28 FEB 2001,5,5,5,5,1,100,500
27 FEB 2001,5,5,5,5,2,1200,6000
26 FEB 2001,5,5,5,5,3,700,3500
23 FEB 2001,5,5,5,5,3,10300,51500
22 FEB 2001,4.75,5,4.75,5,4,4100,20475
21 FEB 2001,5,5,5,5,2,900,4500
20 FEB 2001,5,5,5,5,3,1300,6500
19 FEB 2001,5.25,5.25,5.25,5.25,2,1000,5250
16 FEB 2001,5,5,5,5,5,10200,51000
15 FEB 2001,5.25,5.25,5,5.25,6,8200,42600
14 FEB 2001,5,5,5,5,9,12800,64000
13 FEB 2001,5,5,5,5,1,800,4000
12 FEB 2001,5,5,5,5,11,17800,89000
9 FEB 2001,5.5,5.75,5.5,5.75,24,19000,108975
8 FEB 2001,5.75,5.75,5.5,5.75,8,5300,30350
2 FEB 2001,5.75,5.75,5.75,5.75,2,3300,18975
1 FEB 2001,5.5,5.75,5.5,5.75,10,4200,23225
30 JAN 2001,5.5,5.5,5.5,5.5,6,10200,56100
29 JAN 2001,5.5,5.5,5.5,5.5,7,10900,59950
26 JAN 2001,5.5,5.5,5.5,5.5,21,12200,67100
25 JAN 2001,5.75,5.75,5.5,5.5,22,41700,230850
24 JAN 2001,5.75,5.75,5.75,5.75,10,7900,45425
23 JAN 2001,6.5,6.5,5.75,5.75,60,67900,409225
22 JAN 2001,6,6.5,6,6.5,9,12800,80550
19 JAN 2001,5.25,5.25,5,5,18,27600,139175
18 JAN 2001,5.25,5.25,5.25,5.25,10,15500,81375
17 JAN 2001,5.5,5.5,5.25,5.25,12,11600,61275
16 JAN 2001,5.5,5.5,5.25,5.5,12,14700,77600
12 JAN 2001,5.5,5.5,5.5,5.5,15,17500,96250
11 JAN 2001,5.5,5.5,5.5,5.5,3,3000,16500
10 JAN 2001,5.75,5.75,5.5,5.5,9,8600,47550
5 JAN 2001,5.75,5.75,5.75,5.75,1,100,575
4 JAN 2001,5.5,5.5,5.5,5.5,4,6000,33000
3 JAN 2001,5.5,5.5,5.5,5.5,1,200,1100
2 JAN 2001,5.75,5.75,5.75,5.75,1,100,575
29 DEC 2000,6,6,5.75,5.75,3,6900,39775
28 DEC 2000,5.75,5.75,5.5,5.5,7,3000,17200
21 DEC 2000,5.75,6,5.75,5.75,16,27100,156325
20 DEC 2000,6.25,6.25,6,6,4,8000,49750
19 DEC 2000,6,6,6,6,6,7000,42000
18 DEC 2000,6.25,6.25,6,6,5,11300,69175
15 DEC 2000,6.25,6.25,6,6,9,8600,51850
14 DEC 2000,6.25,6.25,6.25,6.25,3,3500,21875
13 DEC 2000,6.25,6.25,6.25,6.25,6,9400,58750
12 DEC 2000,6,6,6,6,2,4100,24600
11 DEC 2000,6,6,6,6,6,5000,30000
8 DEC 2000,6,6,6,6,7,7400,44400
6 DEC 2000,5.75,5.75,5.75,5.75,2,500,2875
5 DEC 2000,5.75,5.75,5.75,5.75,9,18300,105225
4 DEC 2000,5.5,5.75,5.5,5.75,2,6200,35550
1 DEC 2000,5.5,6,5.5,6,13,10200,58675
30 NOV 2000,5.5,5.75,5.5,5.75,10,3000,16525
29 NOV 2000,5.5,5.5,5.5,5.5,9,11000,60500
28 NOV 2000,6,6,6,6,4,2000,12000
27 NOV 2000,6,6,5,5,29,58400,322025
24 NOV 2000,6.25,6.25,6,6,16,14400,86900
23 NOV 2000,6.25,6.25,6.25,6.25,4,9200,57500
22 NOV 2000,6.5,6.5,6.5,6.5,6,3400,22100
21 NOV 2000,6.5,6.5,6.5,6.5,6,5700,37050
20 NOV 2000,6.5,6.5,6.5,6.5,16,10900,70850
17 NOV 2000,6.75,6.75,6.5,6.5,26,30600,203075
15 NOV 2000,7,7,7,7,20,24800,173600
14 NOV 2000,7.25,7.25,7.25,7.25,1,600,4350
13 NOV 2000,7.25,7.25,7.25,7.25,1,1100,7975
10 NOV 2000,7,7,7,7,3,3400,23800
9 NOV 2000,7.25,7.25,7.25,7.25,1,400,2900
8 NOV 2000,7.25,7.25,7.25,7.25,10,5900,42775
6 NOV 2000,7.5,7.5,7.5,7.5,1,900,6750
3 NOV 2000,7.25,7.25,7.25,7.25,3,900,6525
2 NOV 2000,7,7.5,7,7.5,2,1000,7250
1 NOV 2000,7.25,7.5,7.25,7.5,10,9900,72675
31 OCT 2000,7.25,7.25,7,7,2,800,5725
30 OCT 2000,7.25,7.5,7.25,7.5,3,400,2925
27 OCT 2000,7.5,7.5,7.25,7.25,22,23100,170075
26 OCT 2000,7.75,7.75,7.5,7.5,8,4500,33875
25 OCT 2000,7.75,7.75,7.75,7.75,5,3100,24025
24 OCT 2000,7.75,7.75,7.75,7.75,1,500,3875
20 OCT 2000,7.75,7.75,7.75,7.75,8,8000,62000
19 OCT 2000,7.75,7.75,7.75,7.75,6,17200,133300
18 OCT 2000,8,8,8,8,13,10800,86400
17 OCT 2000,7.75,7.75,7.75,7.75,5,2900,22475
16 OCT 2000,8,8,7.75,7.75,21,19600,152425
13 OCT 2000,8,8,8,8,3,5000,40000
11 OCT 2000,8,8,8,8,7,11700,93600
10 OCT 2000,8.75,8.75,8.75,8.75,1,1000,8750
9 OCT 2000,8.5,8.75,8.5,8.5,10,17000,144950
6 OCT 2000,8.25,8.25,8.25,8.25,1,100,825
5 OCT 2000,8,8.5,8,8.25,7,5000,41275
4 OCT 2000,8.25,8.25,8.25,8.25,4,2800,23100
3 OCT 2000,8.25,8.25,8.25,8.25,2,1200,9900
2 OCT 2000,8.5,8.5,8.5,8.5,4,1700,14450
29 SEP 2000,9,9,8.5,8.75,12,15400,135975
28 SEP 2000,8.5,9,8.5,9,12,7700,67850
27 SEP 2000,8,8,8,8,1,500,4000
26 SEP 2000,7.75,7.75,7.75,7.75,1,200,1550
25 SEP 2000,8,8,7.75,7.75,8,3900,31175
22 SEP 2000,8.25,8.25,8.25,8.25,1,3000,24750
21 SEP 2000,8,8,8,8,4,2000,16000
20 SEP 2000,8,8,8,8,6,3200,25600
19 SEP 2000,7.75,7.75,7.75,7.75,2,300,2325
15 SEP 2000,8,8,8,8,1,100,800
14 SEP 2000,8,8,8,8,9,13300,106400
11 SEP 2000,7.75,8,7.75,8,3,1300,10325
8 SEP 2000,7.75,7.75,7.75,7.75,3,4400,34100
7 SEP 2000,7.75,7.75,7.75,7.75,2,1900,14725
5 SEP 2000,7.75,7.75,7.75,7.75,6,6300,48825
1 SEP 2000,7.75,7.75,7.75,7.75,1,300,2325
31 AUG 2000,8,8,7.75,7.75,12,278100,2156900
30 AUG 2000,8,8,8,8,4,1400,11200
29 AUG 2000,8.25,8.25,8.25,8.25,1,100,825
28 AUG 2000,8.25,8.25,8.25,8.25,1,100,825
25 AUG 2000,8,8.25,8,8.25,2,200,1625
24 AUG 2000,8,8,8,8,3,2000,16000
23 AUG 2000,8,8,8,8,5,1400,11200
22 AUG 2000,8,8,7.75,7.75,8,4300,33375
21 AUG 2000,7.75,7.75,7.75,7.75,2,900,6975
18 AUG 2000,7.75,7.75,7.75,7.75,5,1400,10850
17 AUG 2000,8,8,7.75,7.75,7,2600,20675
16 AUG 2000,8,8,8,8,12,10700,85600
15 AUG 2000,8.25,8.25,8.25,8.25,1,100,825
11 AUG 2000,8.25,8.25,8.25,8.25,1,1000,8250
9 AUG 2000,8,8.25,8,8.25,2,2200,18100
8 AUG 2000,8,8,8,8,1,100,800
7 AUG 2000,8,8,8,8,11,17300,138400
4 AUG 2000,8,8,8,8,11,6500,52000
3 AUG 2000,8,8.25,8,8.25,11,5600,44875
1 AUG 2000,8,8.25,8,8.25,4,3700,29675
31 JUL 2000,8.25,8.25,8,8,4,2300,18675
28 JUL 2000,8.25,8.25,8.25,8.25,2,1000,8250
27 JUL 2000,8,8,8,8,9,3600,28800
26 JUL 2000,8,8,8,8,19,18000,144000
25 JUL 2000,8.5,8.5,8,8,15,14100,113525
24 JUL 2000,8.5,8.5,8.5,8.5,3,2100,17850
21 JUL 2000,8.5,8.5,8.5,8.5,5,900,7650
20 JUL 2000,8.5,8.5,8.5,8.5,16,15200,129200
19 JUL 2000,8.75,8.75,8.75,8.75,4,4000,35000
18 JUL 2000,8.75,8.75,8.75,8.75,1,100,875
17 JUL 2000,9,9,8.75,8.75,17,21900,196750
14 JUL 2000,8.75,8.75,8.75,8.75,5,2300,20125
13 JUL 2000,8.75,8.75,8.75,8.75,3,4600,40250
12 JUL 2000,9,9,9,9,6,10600,95400
11 JUL 2000,9,9,8.75,8.75,2,1500,13250
10 JUL 2000,8.75,9,8.75,9,3,2600,23150
7 JUL 2000,8.75,9,8.75,9,4,1800,16150
6 JUL 2000,8.75,9,8.75,9,5,4700,42275
5 JUL 2000,9,9,9,9,5,5600,50400
4 JUL 2000,9,9,9,9,11,23500,211500
3 JUL 2000,9,9,9,9,15,29700,267300
30 JUN 2000,9,9,9,9,1,200,1800
29 JUN 2000,9,9.25,9,9,9,8000,73525
28 JUN 2000,9,9,9,9,4,4000,36000
27 JUN 2000,9,9,9,9,2,200,1800
26 JUN 2000,9,9.25,9,9,11,29700,268625
23 JUN 2000,9,9,9,9,3,3700,33300
22 JUN 2000,9.25,9.25,9,9,7,10600,95475
21 JUN 2000,9,9.25,9,9.25,7,7000,64250
20 JUN 2000,9,9,9,9,8,7200,64800
19 JUN 2000,9,9,9,9,2,1100,9900
14 JUN 2000,9,9,9,9,1,100,900
13 JUN 2000,9,9,9,9,3,3100,27900
9 JUN 2000,8.75,8.75,8.75,8.75,4,1600,14000
8 JUN 2000,8.75,8.75,8.75,8.75,9,10000,87500
7 JUN 2000,9,9,8.75,8.75,7,4100,36750
6 JUN 2000,9,9,8.75,8.75,9,6900,61325
5 JUN 2000,9,9,9,9,2,1800,16200
2 JUN 2000,8.75,9,8.75,9,6,2800,25175
1 JUN 2000,9,9,9,9,4,1400,12600
31 MAY 2000,9,9,9,9,8,3900,35100
30 MAY 2000,8.75,9,8.75,9,8,22100,198125
26 MAY 2000,8.75,8.75,8.75,8.75,5,4000,35000
25 MAY 2000,8.75,8.75,8.75,8.75,1,100,875
24 MAY 2000,8.75,9,8.75,8.75,11,5000,44025
23 MAY 2000,8.75,8.75,8.75,8.75,3,5000,43750
22 MAY 2000,9,9,8.5,8.75,5,4500,39625
19 MAY 2000,9.25,9.5,9.25,9.5,13,354200,3362025
16 MAY 2000,8.5,9.25,8.5,9,19,24900,221850
15 MAY 2000,8,8.25,8,8.25,5,1500,12150
12 MAY 2000,7.75,8,7.5,8,10,18000,137875
11 MAY 2000,8.25,8.25,7.5,7.5,11,15700,127750
10 MAY 2000,7.5,8.25,7.5,8.25,15,16200,132950
9 MAY 2000,6.75,7.5,6.75,7.25,15,28100,202600
8 MAY 2000,7.5,7.5,6.75,6.75,11,27000,189850
5 MAY 2000,8,8,7.75,7.75,9,6400,50325
4 MAY 2000,8.25,8.25,8,8,14,23000,184800
3 MAY 2000,8.5,8.5,8.25,8.25,12,65700,544775
2 MAY 2000,8.75,8.75,8.5,8.5,4,3400,29725
28 APR 2000,8.75,8.75,8.75,8.75,5,4100,35875
27 APR 2000,9,9,8.75,8.75,4,3700,33000
26 APR 2000,8.75,9,8.75,9,7,2600,22825
25 APR 2000,9,9,9,9,6,22600,203400
24 APR 2000,9,9,8.75,9,18,61800,546250
20 APR 2000,9.25,9.25,9,9,4,1800,16300
11 APR 2000,9.25,9.25,9.25,9.25,5,1000,9250
10 APR 2000,9.25,9.25,9.25,9.25,2,2200,20350
7 APR 2000,9.25,9.5,9.25,9.5,2,2100,19675
6 APR 2000,9.25,9.5,9.25,9.5,11,7200,67025
5 APR 2000,9,9.25,9,9.25,12,4900,44725
4 APR 2000,9,9.25,9,9.25,7,24500,225775
3 APR 2000,8.5,9,8.5,9,9,4600,39775
31 MAR 2000,9.25,9.25,8.5,8.5,9,4700,42750
30 MAR 2000,9.25,9.25,9.25,9.25,1,500,4625
29 MAR 2000,9.5,9.75,9.5,9.5,4,37500,364250
28 MAR 2000,9.5,9.5,9.5,9.5,14,9900,94050
27 MAR 2000,9.75,9.75,9.75,9.75,1,100,975
24 MAR 2000,9.75,9.75,9.75,9.75,2,300,2925
23 MAR 2000,9.5,9.75,9.5,9.5,8,8600,82700
22 MAR 2000,9.75,9.75,9.5,9.5,4,8400,80025
21 MAR 2000,10,10,10,10,1,1200,12000
20 MAR 2000,10,10,10,10,2,1500,15000
17 MAR 2000,9.75,9.75,9.75,9.75,2,10000,97500
16 MAR 2000,9.75,9.75,9.75,9.75,3,1100,10725
15 MAR 2000,9.5,9.5,9.5,9.5,9,6600,62700
14 MAR 2000,9.5,9.5,9.25,9.25,12,17800,167275
13 MAR 2000,9.5,9.5,9.5,9.5,14,17800,169100
10 MAR 2000,9.5,9.75,9.5,9.75,2,900,8675
9 MAR 2000,9.75,9.75,9.5,9.5,6,2100,20025
8 MAR 2000,10,10,10,10,2,700,7000
7 MAR 2000,10,10,10,10,9,6500,65000
6 MAR 2000,10,10.25,10,10.25,4,10500,107500
3 MAR 2000,10.25,10.25,10,10,11,15300,153625
2 MAR 2000,10.25,10.25,10.25,10.25,3,1200,12300
1 MAR 2000,10.75,10.75,10.5,10.5,2,1100,11800
29 FEB 2000,10.75,10.75,10.75,10.75,1,100,1075
28 FEB 2000,10.5,10.5,10.5,10.5,8,3900,40950
25 FEB 2000,10.75,10.75,10.5,10.5,10,5900,62425
24 FEB 2000,11,11,10.75,10.75,7,3700,40025
23 FEB 2000,10.75,11,10.75,11,12,19300,207550
22 FEB 2000,11,11,10.75,10.75,12,18400,202375
21 FEB 2000,10.75,11,10.75,11,7,5500,60050
18 FEB 2000,10.75,10.75,10.75,10.75,3,900,9675
17 FEB 2000,10.75,11,10.75,11,11,5900,64550
16 FEB 2000,10.75,10.75,10.75,10.75,3,2500,26875
15 FEB 2000,11,11,11,11,2,1300,14300
14 FEB 2000,11,11,11,11,5,3700,40700
11 FEB 2000,11,11,10.75,10.75,20,21800,234650
10 FEB 2000,11,11,11,11,11,13500,148500
9 FEB 2000,11,11,11,11,12,16400,180400
8 FEB 2000,11.25,11.25,11,11,8,34000,374125
7 FEB 2000,11.75,11.75,11.25,11.5,17,16700,191250
3 FEB 2000,11,11.75,11,11.75,85,135900,1557100
2 FEB 2000,11,11,10.75,10.75,18,10500,114075
1 FEB 2000,11,11,10.75,11,15,9300,100550
31 JAN 2000,10.75,11.5,10.75,11,47,45600,510725
28 JAN 2000,10.5,10.75,10.5,10.5,24,30300,318275
27 JAN 2000,10,10.5,10,10.5,24,31500,329900
26 JAN 2000,10,10,10,10,5,2200,22000
25 JAN 2000,10.25,10.25,10,10,13,5000,50025
24 JAN 2000,10,10,10,10,6,4000,40000
19 JAN 2000,10,10,9.75,9.75,9,4500,43925
18 JAN 2000,9.5,9.5,9.5,9.5,1,300,2850
17 JAN 2000,9.5,9.5,9.5,9.5,4,3600,34200
14 JAN 2000,9.5,9.5,9.5,9.5,5,1700,16150
13 JAN 2000,9.5,9.5,9.5,9.5,3,1400,13300
12 JAN 2000,9.5,9.5,9.5,9.5,3,4100,38950
11 JAN 2000,9.75,10,9.25,9.5,27,33500,320050
10 JAN 2000,10,10,10,10,12,6400,64000
6 JAN 2000,10,10,9.75,10,7,8600,85750
5 JAN 2000,10.25,10.25,10,10,20,18200,183225
4 JAN 2000,10.5,10.5,10.25,10.25,9,2800,29150
3 JAN 2000,10.25,10.5,10.25,10.5,5,11400,116875