Date,Open,High (Rs.),Low (Rs.),Close (Rs.),Trade Volume,Share Volume,Turnover (Rs.)
12 MAY 2026,209,209.5,208.5,208.75,337,152551,31889430.25
11 MAY 2026,210.5,211.75,208,208.75,721,355336,74469698.25
8 MAY 2026,210,211.25,209.75,210.5,372,1605930,337336839.75
7 MAY 2026,210,211.5,209.5,210,327,686007,144070242
6 MAY 2026,211,211,209.25,209.75,280,765667,160758614.5
5 MAY 2026,210,211,209,209.75,286,636857,133695307.75
4 MAY 2026,209.25,211,209,210,339,2290883,481056978.25
30 APR 2026,211,211,209,209.25,328,62795,13158309.5
29 APR 2026,210,211.75,210,211,268,334173,70449760.75
28 APR 2026,208.5,211,208,210.75,276,1149650,241530327
27 APR 2026,210,210,207,208.5,536,393487,82404828
24 APR 2026,209.75,211,209,210,274,727459,152742875.75
23 APR 2026,210.5,210.5,209,210,227,346450,72581131.5
22 APR 2026,210,210.5,209,209,323,348069,72978551.25
21 APR 2026,208.5,210,208,209.25,273,80671,16876415
20 APR 2026,210.75,210.75,208.25,208.5,507,120016,25122017
17 APR 2026,210,211.75,209.5,210.25,480,166573,35073789.75
16 APR 2026,211.25,212.5,210,211.25,372,117670,24872932.75
15 APR 2026,211,211,209,210.5,323,226740,47597735.75
10 APR 2026,208.25,211,207,210.25,382,1216330,255432205.75
9 APR 2026,210,210,208,209.5,279,461522,96465371
8 APR 2026,205.5,215,205.5,209.75,569,1189174,250497091.5
7 APR 2026,203,203,199,199.75,347,253754,50675916.5
6 APR 2026,202.25,202.75,198,199.25,851,400357,79797464
2 APR 2026,203,203,200,201.75,553,474222,95624700.25
31 MAR 2026,204.75,206.5,203.5,204.25,446,448200,91793472.75
30 MAR 2026,206.25,207,200,204.75,477,177118,36144347.75
27 MAR 2026,207,209.75,207,207.25,280,125131,25953175.5
26 MAR 2026,209.5,209.5,205,206,451,145629,30115388
25 MAR 2026,204,211.5,204,209.75,730,567815,118986230.5
24 MAR 2026,193.5,205,193.5,201.25,625,435658,87493673.25
23 MAR 2026,190,192,189,191.25,650,662812,126455440.75
20 MAR 2026,190,192.75,190,191.5,723,655181,125222908
19 MAR 2026,193.75,195,189.25,190.25,1222,1320653,252141562.5
18 MAR 2026,192,199.5,191.75,193,913,1716046,331181341.5
17 MAR 2026,196.75,200,191,193,1483,671752,131910165.5
16 MAR 2026,204,204,196.5,198.5,1865,1597612,318462739.5
13 MAR 2026,207.5,207.5,202.5,204.75,1018,805920,164091734.25
12 MAR 2026,210,211,207.75,208.25,445,166473,34848788.5
11 MAR 2026,212,212,209.75,210.25,419,881194,185303472.25
10 MAR 2026,207,210.5,207,209.75,551,840419,176389716
9 MAR 2026,210.25,211,204.5,205.25,2018,3491519,719292392.25
6 MAR 2026,216,216.5,213.75,214,506,336567,72127604.25
5 MAR 2026,214.5,216.75,214.5,215.25,640,1434675,308665849.25
4 MAR 2026,210,217,210,213.5,1208,600428,128898960.5
3 MAR 2026,214,218,208,210,2300,3160608,668737176.5
27 FEB 2026,225.5,225.5,210,221.5,1279,2404024,535632854.25
26 FEB 2026,230,231,228,228.75,324,75672,17346525.75
25 FEB 2026,230.5,232,229.25,230,253,114221,26270648.25
24 FEB 2026,233,233,230,230.75,281,312726,72274677
23 FEB 2026,231.25,234,231,231.25,247,54668,12689391
20 FEB 2026,232,232,229.5,230.5,459,221444,51010411.5
19 FEB 2026,234.75,234.75,232,233,278,171221,40072692.25
18 FEB 2026,233.75,235,233.5,234,247,342278,80128257
17 FEB 2026,234.75,235,233,233.75,244,155982,36522207
16 FEB 2026,230.25,235.25,230.25,234.5,496,566071,132465630
13 FEB 2026,229,231.25,228,230.25,331,741342,169720448
12 FEB 2026,228,229,227,228.5,212,673172,153542744.25
11 FEB 2026,227.25,228,226.5,228,220,140805,32045120
10 FEB 2026,228,228,226,227.75,196,195901,44615652.25
9 FEB 2026,225.75,228.5,225,227.75,309,180125,40928782.5
6 FEB 2026,225,226,224.5,225,370,11034178,2477860710.25
5 FEB 2026,224.5,226,224,224.5,354,3165442,710651186.75
3 FEB 2026,226,228,224,224.5,342,14657577,3227407688.25
2 FEB 2026,228.75,228.75,223,224.75,458,126378,28346958.25
30 JAN 2026,229,229,226,227,225,60137,13662539.5
29 JAN 2026,227.5,229,225.75,227.75,285,220114,50025903.25
28 JAN 2026,228,229,227,227.25,259,205647,46754996
27 JAN 2026,227,228,225,227.25,289,116887,26549118.75
26 JAN 2026,229,229.5,227.25,227.75,388,177775,40549089.5
23 JAN 2026,226,229,225.5,228.5,406,375695,85684413.5
22 JAN 2026,225,226,224,225,304,602804,135597679
21 JAN 2026,225,225,224,225,304,271617,61071988.25
20 JAN 2026,222.75,224.75,222.25,224.25,280,156317,34969815.75
19 JAN 2026,225,225,222,222.75,406,481205,107272127
16 JAN 2026,220,225,220,225,475,986056,220244226
14 JAN 2026,220,220,219,219.75,318,1076506,236599106
13 JAN 2026,219.5,220,219,219.75,418,1137244,249986625
12 JAN 2026,218.25,220.25,218.25,219.5,482,1811540,397998964
9 JAN 2026,215.75,219,215.5,218.25,437,383668,83575199.75
8 JAN 2026,215,216.5,214.5,216,623,4540845,976655478.25
6 JAN 2026,210,213,210,212.5,450,3389951,715538783.5
5 JAN 2026,203.25,210,203.25,207.25,406,1372480,281222804
2 JAN 2026,201,203,201,203,302,350627,70499457.5
31 DEC 2025,200.5,203,200,200.75,396,251229,50575867
30 DEC 2025,199,201,198.25,200.75,281,2197323,439161940.75
29 DEC 2025,198.5,199.5,198,198.25,307,620237,123379205
26 DEC 2025,199,199,198,198.75,218,94700,18823972
24 DEC 2025,198,199,198,198.5,157,94417,18738249.25
23 DEC 2025,198,199,197,198,272,279924,55456565.5
22 DEC 2025,200,200,198,198.5,256,106381,21127932.25
19 DEC 2025,198.25,199.75,198.25,199.5,135,105855,21020619.25
18 DEC 2025,198,200,198,198,259,258433,51228477.25
17 DEC 2025,200,200.5,198,198.5,259,298383,59639403.75
16 DEC 2025,198.5,200,198,200,169,213826,42706873.5
15 DEC 2025,201.75,201.75,197.75,198,429,213081,42473678.75
12 DEC 2025,201.75,201.75,199.5,200.5,289,304551,61166821.75
11 DEC 2025,202.5,203,199.75,201.5,310,499547,100256199.25
10 DEC 2025,199.75,203,199.75,201,515,833921,167952770.5
9 DEC 2025,193.75,199.75,192.25,198.25,456,363827,70621401.75
8 DEC 2025,195,195.75,192.5,193,815,389316,75585320.5
5 DEC 2025,197.75,200,192.75,194,1047,1246022,242816942.25
3 DEC 2025,202.25,202.25,197.25,198,723,450230,89369455
2 DEC 2025,200,204.5,197.5,201.5,636,343342,69123690.25
1 DEC 2025,185,205,170,200.25,1239,939539,188211155.75
28 NOV 2025,206.75,208.5,206.5,208,165,197593,41082685.25
27 NOV 2025,209.5,209.5,207,207.75,271,158228,32866166.25
26 NOV 2025,211.75,211.75,209.25,209.5,192,318411,66759787
25 NOV 2025,208,210,208,209,280,321083,67285728
24 NOV 2025,210,211,206.5,208.25,517,521198,108469817.5
21 NOV 2025,211,211.5,210,210,335,574264,120766868.5
20 NOV 2025,209.25,211,208.5,210,393,1474134,307685531
19 NOV 2025,212,212,206.25,209.5,554,387029,80841035
18 NOV 2025,212,214.5,211.5,212,356,331838,70445096.5
17 NOV 2025,214.75,214.75,212,212.75,417,595522,126678839.75
14 NOV 2025,215.25,215.5,214,214.75,371,482128,103546238.75
13 NOV 2025,218,218,215,215.25,443,666242,144295492
12 NOV 2025,217.25,218,216.5,216.75,340,303183,65798529.5
11 NOV 2025,216.5,217,215.5,216.75,380,1047280,226778323.75
10 NOV 2025,213.5,216,213.5,215.75,519,726723,156084040.25
7 NOV 2025,208,213,208,212.25,524,438214,92501540.75
6 NOV 2025,208,209,207.25,208,301,825633,171754258.5
4 NOV 2025,207.5,209,207,207.75,312,808491,168098818.75
3 NOV 2025,205,207.5,205,207.25,244,882922,182122238.75
31 OCT 2025,205,205.75,204.5,205,190,547123,112164779.5
30 OCT 2025,204,205,203.5,204.75,183,381520,77772863.25
29 OCT 2025,203.75,204.75,202.75,204.5,242,320045,65118050.5
28 OCT 2025,205.5,205.5,203.5,204,358,438014,89389962.5
27 OCT 2025,205.5,206,204,205,262,294072,60191659.25
24 OCT 2025,205,206,204,205.5,382,617090,126335500.25
23 OCT 2025,206,207,204.5,205,365,592305,121832824
22 OCT 2025,207,207.5,205.75,206,374,513828,106212359.75
21 OCT 2025,206.75,207,206,206.75,363,742720,153492338.75
17 OCT 2025,205,206.75,204,206.5,304,478496,98568553
16 OCT 2025,204,206,203.75,205,293,575148,117920284.25
15 OCT 2025,204.5,206.75,203.25,204.25,345,408150,83458007
14 OCT 2025,204.75,204.75,203,204,267,220661,44979343.25
13 OCT 2025,205,205.5,200,203.5,417,256393,52410280.5
10 OCT 2025,204,206,203.5,205,704,1441567,295288293
9 OCT 2025,198,204,198,203.25,903,29080805,5682981477
8 OCT 2025,196.75,198,196.5,197,464,3471565,682631820.25
7 OCT 2025,196,198,195.75,196.25,499,1854748,363805385.75
3 OCT 2025,194,195,193.5,194.75,440,4269881,828058299.25
2 OCT 2025,194,194,193.25,193.25,334,4616683,892276026.25
1 OCT 2025,194,194,193,193.75,195,1889944,364814076.25
30 SEP 2025,193.75,194,192.5,192.75,264,562732,108644339.75
29 SEP 2025,194,194.5,192.5,193,349,609671,117824937
26 SEP 2025,194,194,193.25,193.5,293,2036191,394067296
25 SEP 2025,195,195,192.75,193,408,1432478,277164455.25
24 SEP 2025,195,195,193,194,219,676744,131368983.75
23 SEP 2025,194.5,195.25,190,192.5,372,1737269,336541452.5
22 SEP 2025,191,194,191,193.25,265,2962855,572523367.75
19 SEP 2025,189.5,190.5,189.5,190.25,188,175309,33313692
18 SEP 2025,190.75,191,188,190,338,1191165,225856665.5
17 SEP 2025,190,191.75,188.5,190,238,249590,47408417
16 SEP 2025,182.5,188.75,182.5,186.5,305,229947,42600688.25
15 SEP 2025,189.75,190,181.75,182.75,789,456583,83977198
12 SEP 2025,190,190,187,187,536,489844,91830584.5
11 SEP 2025,191,191,189.25,190,207,126956,24128294.75
10 SEP 2025,190,192.75,188,191,314,460556,88296962.75
9 SEP 2025,191,191,188,190,435,667275,126737692.75
8 SEP 2025,193,193,190.5,190.75,338,324981,62143437.75
4 SEP 2025,192,195,191.75,192.5,267,252942,48804761.75
3 SEP 2025,193.5,194,191.5,192.5,355,221726,42730678
2 SEP 2025,195,195,193,193.25,307,444995,86267017.25
1 SEP 2025,196,197,194,194.75,358,7446668,1432846621
29 AUG 2025,194,195.75,193,194.75,380,582951,113471344
28 AUG 2025,194.5,194.75,193,193.75,205,45915,8897972.25
27 AUG 2025,195,195.75,194,194.5,229,227911,44479267.75
26 AUG 2025,193.5,196,193.25,194.25,253,488654,95075384.25
25 AUG 2025,194,195,192.5,193.25,487,297096,57560789.5
22 AUG 2025,198,199,193.75,195.25,338,305865,60097050.25
21 AUG 2025,197.75,199.25,194,197.5,471,1215714,240200337.75
20 AUG 2025,198,199,196.25,197.75,612,1491836,295096603
19 AUG 2025,189,197.5,189,196.75,962,1519764,294394119
18 AUG 2025,181.75,189.25,181.5,189,956,1882197,352409716.25
15 AUG 2025,175,181.75,175,181.25,782,2060373,370618179
14 AUG 2025,173.5,174.25,172,172.5,207,435060,75496930.5
13 AUG 2025,174,174.25,172,173.25,235,132407,22988789
12 AUG 2025,173.75,174,173,174,215,327865,56898152.5
11 AUG 2025,173.5,174,173,173.75,239,661468,114880391.5
7 AUG 2025,173.25,174,173,173.5,138,95137,16499239.5
6 AUG 2025,173,174,170,173.25,198,125917,21686306.75
5 AUG 2025,174.5,174.5,172.5,173.25,201,159289,27618010
4 AUG 2025,174,175,173.5,174,347,502874,87739078
1 AUG 2025,172,174.25,172,174,518,2633824,457352556.25
31 JUL 2025,170,170.5,169.5,169.75,328,764190,129811604.25
30 JUL 2025,171,171.5,170.75,171,220,258012,44161673.75
29 JUL 2025,171,171.5,169,170.5,270,295089,50337654
28 JUL 2025,171.5,171.5,170.5,171,321,577215,98713163.75
25 JUL 2025,171,171.5,169.5,171.25,202,191485,32708577.75
24 JUL 2025,170,171.25,169.5,170.75,275,353432,60457214
23 JUL 2025,169.5,170.75,169,169.25,276,682053,115601664.5
22 JUL 2025,168.5,169.5,168.25,168.5,242,558727,94176325.75
21 JUL 2025,169.75,170,168.25,168.5,365,487277,82443253.75
18 JUL 2025,170,170.5,169.5,170,317,792803,134762988.5
17 JUL 2025,172,172,168.25,170,330,301100,51163778.75
16 JUL 2025,172,173,171.25,172,280,369341,63521750.5
15 JUL 2025,169.5,178.75,168,172,564,464272,79947105
14 JUL 2025,164,172,163.25,168,608,1981474,327440595.75
11 JUL 2025,159.5,164,157.5,163.5,463,1514491,244372197.75
9 JUL 2025,159,160.5,159,160,257,1430586,228957514.75
8 JUL 2025,158,159.75,156.5,159.5,293,3792879,595595494.75
7 JUL 2025,158.5,159.75,157.5,158.5,269,292375,46346064.75
4 JUL 2025,158.5,160.5,156.75,159.75,292,1395806,221869352.75
3 JUL 2025,159.75,160,158,158.25,289,1124713,179264714.75
2 JUL 2025,158.75,160,158.5,159,265,564567,89996503.75
1 JUL 2025,159,159.5,158,158.5,268,733827,116596633.5
30 JUN 2025,156.5,159.5,156.5,159,410,1045387,165420325.5
27 JUN 2025,156,157,154.5,156.25,201,213773,33298811.75
26 JUN 2025,155,156.5,152.25,155.75,343,1033088,160224317.5
25 JUN 2025,155.25,156,153.75,154.75,313,499022,77454444.25
24 JUN 2025,150.25,155,149.5,153.75,455,1670839,257725958
23 JUN 2025,150,150.75,148.5,148.5,429,475191,70990973
20 JUN 2025,150,153,150,152,219,365597,55143019.25
19 JUN 2025,151,153,149.25,149.75,517,1509557,226905569.25
18 JUN 2025,153,153,150.75,151.5,265,495975,75412238.25
17 JUN 2025,152,156,152,153,348,3706291,573818664.25
16 JUN 2025,150,153,143,152,455,314698,47426085.75
13 JUN 2025,155,155,151.75,153.75,359,426709,65454966.5
12 JUN 2025,156.5,156.5,154.25,155.5,238,437007,67802062.5
11 JUN 2025,155,156.5,154.5,156,301,1047995,163194533.25
9 JUN 2025,154,155,151.5,154.75,273,282993,43464900.5
6 JUN 2025,155,156,153.75,154,266,521689,80969091
5 JUN 2025,155,155.75,153,155,370,750039,116033688.25
4 JUN 2025,153.5,156,153.5,155.25,465,746494,116132246.25
3 JUN 2025,150,155,149.5,154,619,1378439,210906818.25
2 JUN 2025,148.5,150,148,149,327,505774,75542534.5
30 MAY 2025,146.5,149.75,145.75,148.25,282,606420,89820360.25
29 MAY 2025,145.25,146.5,145,146,204,454697,66310603.75
28 MAY 2025,144.75,145.75,143.5,145.25,197,367590,53103192
27 MAY 2025,143,144.75,143,143.5,213,438631,63074803.5
26 MAY 2025,143,143,142,142.25,116,52486,7477324.5
23 MAY 2025,143.5,143.5,142.5,143,140,321533,45911552.25
22 MAY 2025,142.75,144.25,142.75,143,180,1576653,226350176.75
21 MAY 2025,143.25,143.5,142.75,143,159,1287680,184146102
20 MAY 2025,144,144.5,143,143,188,642046,92064303
19 MAY 2025,144,144.75,143,143.5,362,1673515,240884575.75
16 MAY 2025,143,143.5,142.25,142.75,227,313456,44789255.75
15 MAY 2025,141.25,142.75,141.25,142.75,299,2046112,291332659.5
14 MAY 2025,138,141.75,137.75,140,211,387963,54228585.75
9 MAY 2025,137,138,136.5,137.25,112,68827,9419038.25
8 MAY 2025,138.75,138.75,136.25,137.25,114,19160,2632687
7 MAY 2025,137.5,138.75,136,136.5,194,100911,13755659
6 MAY 2025,138.5,138.75,137.25,138.25,79,20335,2811698.25
5 MAY 2025,137.5,139.25,137.5,138,125,26328,3648312.25
2 MAY 2025,136.25,138,135.75,136,239,344202,46822762.25
30 APR 2025,137.5,138,136.5,136.5,192,554151,75874984.25
29 APR 2025,139,139,137,137.5,101,121450,16662248.75
28 APR 2025,139.25,139.5,135.5,137,275,1063516,144879305.25
25 APR 2025,136,137.5,135.75,136.5,175,590880,80782716.25
24 APR 2025,137,137,135,135.75,243,604144,82130587.5
23 APR 2025,137.5,137.5,136,136.5,163,48646,6654340
22 APR 2025,139,139,136.25,137,242,59233,8142454.25
21 APR 2025,140,140,138.25,138.5,150,296250,41070912.25
17 APR 2025,140,140,138,139,192,70574,9797243.75
16 APR 2025,139.75,140,139,139.25,178,55372,7729192.5
11 APR 2025,139.75,140,137,139.75,273,671493,93684000
10 APR 2025,136,145,136,139.75,948,5658500,776991338.25
9 APR 2025,130.25,130.25,125,127.75,593,2119620,270179398.75
8 APR 2025,124,135,124,130.25,738,1591620,206707983.25
7 APR 2025,132.75,132.75,120,122.5,1370,4280535,529597204.75
4 APR 2025,138,138,130,134,659,1224897,165025671
3 APR 2025,142,142.5,138,138.25,534,2190008,307019816.25
2 APR 2025,143.25,145,142.75,143.5,205,282352,40476615.75
1 APR 2025,145,146,139.75,143.75,454,1350410,193579255
28 MAR 2025,145.75,148.75,145.25,147.5,271,1430714,211591508.75
27 MAR 2025,146.5,148.25,146.5,147.75,139,793592,117414736
26 MAR 2025,146.75,147.5,146,147,147,682142,100190772.25
25 MAR 2025,147,147,145.75,146.5,98,645323,94573832.5
24 MAR 2025,146,147.5,146,146,242,1408352,206890642
21 MAR 2025,143,146.75,143,146,170,325486,47084914.5
20 MAR 2025,138.5,144,138.5,142.5,134,146843,20628777.25
19 MAR 2025,136.25,139.5,135.75,138.75,181,344715,47455289.75
18 MAR 2025,139.5,140,135.5,136.25,377,220455,30227676.75
17 MAR 2025,142.5,142.5,139,139.5,213,87562,12266128
14 MAR 2025,142,143,141,141,177,144100,20381797.75
12 MAR 2025,140,142,138.75,141.5,170,208964,29263090.75
11 MAR 2025,142.5,143,138,138.5,276,135836,18969852.5
10 MAR 2025,142.75,143.75,141.5,141.75,173,97271,13825848
7 MAR 2025,142.5,144.25,142,142.75,169,148021,21055566.75
6 MAR 2025,144,146.25,142.75,143.5,180,413679,59723470
5 MAR 2025,142.25,144,142,143.5,295,441215,62995572
4 MAR 2025,146.5,148,141.75,142.75,323,356411,51099872.75
3 MAR 2025,149.75,151,145,145.5,357,291032,42962255.75
28 FEB 2025,146.25,149.5,146.25,148.5,134,780844,114885061.25
27 FEB 2025,146.5,148.75,145.25,146,210,535334,78536861.75
25 FEB 2025,149,150,144.5,145,383,683010,99912728.25
24 FEB 2025,152,152,149,150,214,242006,36258122.75
21 FEB 2025,149.5,152.25,149.5,152,299,4569688,688150507.25
20 FEB 2025,151.5,151.5,148.5,149.25,187,295547,44229201
19 FEB 2025,152,152,149.75,150.25,315,3065285,461088685.5
18 FEB 2025,150,152.25,150,151.75,411,2319243,349137385.5
17 FEB 2025,148,150,148,149.75,295,1060619,158770585.25
14 FEB 2025,146,148.5,146,148,168,163908,24233883.75
13 FEB 2025,144,146.5,144,146,182,164629,24024266.5
11 FEB 2025,147.5,147.5,143,144.25,253,429839,62242766
10 FEB 2025,146.5,147.25,145.5,146.25,211,369105,53958676.5
7 FEB 2025,144,146.75,144,146,232,318738,46214961.75
6 FEB 2025,140.5,144,139.5,143,403,532819,75559566.5
5 FEB 2025,147.5,148,141,142.25,620,1193994,171576004
3 FEB 2025,149.5,149.5,147,147.75,263,263249,38953637.25
31 JAN 2025,148.5,149.5,148,148.5,194,1525311,226765712
30 JAN 2025,148,150,148,148,166,353067,52709776.25
29 JAN 2025,149.75,150,147.75,148,350,2879723,430807098.5
28 JAN 2025,149.25,150,148.5,149.75,257,671786,100522738.75
27 JAN 2025,149.5,150.25,148.5,149.25,299,587433,87874446.5
24 JAN 2025,149.5,149.75,148.5,149.25,286,402105,60023695.25
23 JAN 2025,150,151,148,149.25,606,1241967,185988314
22 JAN 2025,148.5,150,148.5,149.75,793,6237285,926026179.75
21 JAN 2025,147,148,146,147.5,470,4725899,693841446
20 JAN 2025,145.5,147.25,145.5,146,403,1087262,158882709.5
17 JAN 2025,144.5,145.25,144,145.25,362,2402545,348358709.75
16 JAN 2025,142,145,142,144.25,351,599715,86630475
15 JAN 2025,138,141.5,138,141.5,319,1066582,150307052.75
10 JAN 2025,137.5,139,137.5,138.5,269,272565,37729687.25
9 JAN 2025,141,141,137.75,138,326,476424,66138527
8 JAN 2025,139,141,138.5,140.5,377,2092766,294094167.5
7 JAN 2025,138.75,140,135,139.25,422,464706,64082072.25
6 JAN 2025,136.5,143,135,137.75,899,1642548,229003150.75
3 JAN 2025,146,146.5,139,141.75,693,1059738,151933726.5
2 JAN 2025,144.5,146.5,144,146,465,3208286,468117765
31 DEC 2024,143,145.75,143,144.75,569,4117042,593668664
30 DEC 2024,142,145,142,143,705,6848065,970019434.75
27 DEC 2024,138.5,141.5,138,140.25,571,3187957,445782088
26 DEC 2024,139.25,139.5,138,138.5,340,257852,35749093.75
24 DEC 2024,138,139.5,137.5,139.25,395,2164438,299983986.5
23 DEC 2024,137,138.5,137,138,511,1665525,229555121
20 DEC 2024,136,137,134.75,135.5,319,550571,74682698.75
19 DEC 2024,137.5,138,134.75,135.25,371,892948,121393484.25
18 DEC 2024,137.5,137.5,136,137,331,659946,90341078.25
17 DEC 2024,134.75,137.75,134,137.5,747,6192093,846507928.75
16 DEC 2024,132,135.5,132,134.25,627,1618555,216888997.5
13 DEC 2024,130,131.75,129.25,131.5,527,1741455,228308289
12 DEC 2024,129,131,128.75,130,429,1834437,238290384.75
11 DEC 2024,129,129.25,128.75,129,231,471397,60764081.25
10 DEC 2024,129,129.25,128.5,129,204,348029,44847235.75
9 DEC 2024,128.75,129.25,127.75,129,286,843017,108469577
6 DEC 2024,128.5,129.5,128.5,128.75,211,983502,126578528
5 DEC 2024,127.25,130,127.25,129,588,1416315,182673230.25
4 DEC 2024,123.5,127.25,123,127,573,3872423,488597687.5
3 DEC 2024,123,124,123,123.5,159,249324,30747584.75
2 DEC 2024,123,123.25,122.5,123,148,198860,24416854.75
29 NOV 2024,123.5,124,122.75,123.25,194,333675,41135532.25
28 NOV 2024,122.25,123.75,122.25,123,321,851086,104745149.5
27 NOV 2024,122,122.5,121.25,122,195,548291,66859552.25
26 NOV 2024,119,123,119,121.5,248,780270,95856706
25 NOV 2024,120.75,122.5,119.25,120,267,573875,68987358.25
22 NOV 2024,120.75,123,120.75,122,232,459563,56050287.5
21 NOV 2024,123.5,123.5,119,120.5,378,1813539,220505535.75
20 NOV 2024,122.5,123.75,122,123.25,301,1122956,138174943.75
19 NOV 2024,124.25,124.25,120.5,122.25,424,696577,85134097.25
18 NOV 2024,125,128.75,123.5,124,803,3281957,415744280.5
14 NOV 2024,120,123.75,120,122.5,655,2135894,260410669.25
13 NOV 2024,119.5,119.75,118.5,119.25,369,699137,83123850.75
12 NOV 2024,118.25,119.75,118.25,119,227,387730,46234497
11 NOV 2024,114.75,119,114.5,118.25,298,871545,101989338
8 NOV 2024,114,117,113.75,115,314,405753,46798319.25
7 NOV 2024,115.25,115.75,114.25,114.5,338,1489517,171615495.75
6 NOV 2024,116.75,117,115,115.5,455,970607,112120707
5 NOV 2024,117.5,118,116,116.75,340,978125,113893881.25
4 NOV 2024,118,119,116.75,117.25,295,160266,18856255.25
1 NOV 2024,118,120.25,116,118,436,580874,68519025.25
30 OCT 2024,118.5,122.5,118,118,873,1980656,237858179.5
29 OCT 2024,114,118,114,117.75,699,2203738,255194982
28 OCT 2024,113.75,114.5,113.5,114,255,487409,55509449
25 OCT 2024,111.5,114.5,111.5,113.5,492,1169313,132583985.25
24 OCT 2024,110.5,111.5,110.5,111.25,287,503953,55941814
23 OCT 2024,108,111,108,110.25,367,2353967,257419432
22 OCT 2024,108.5,108.75,108,108.25,125,296626,32083366.5
21 OCT 2024,108.5,109,108,108.5,163,505055,54838963.75
18 OCT 2024,108,109,108,108.5,133,123466,13372670.25
16 OCT 2024,108,108.5,108,108,171,414842,44809649.25
15 OCT 2024,108.25,108.5,107.5,108,189,681064,73536869.75
14 OCT 2024,109,109.75,108,108,294,348510,37895052
11 OCT 2024,107.5,109.5,107,109,505,1391923,150894800.25
10 OCT 2024,N/A,107.25,N/A,107,402,1128308,119768346.75
9 OCT 2024,106.75,107.25,106,106.5,233,799135,85244968.5
8 OCT 2024,107.25,107.25,106.25,107,404,1258744,134462785.75
7 OCT 2024,105.5,107.5,105.5,106.5,601,3194391,340062287
4 OCT 2024,104.25,106.25,103.25,105,415,1492525,156752616.25
3 OCT 2024,104.75,104.75,102.5,104,250,597036,61686738.75
2 OCT 2024,102,106,101.25,104.75,782,3635069,379340918.25
1 OCT 2024,102,103.75,99.6,103.25,519,1455817,148562990.5
30 SEP 2024,100,103,100,101.25,432,788576,80216555
27 SEP 2024,100,100.25,97.5,99.8,494,892209,88567405.9
26 SEP 2024,100.5,104.75,98,99.1,1125,2200644,222699970.05
25 SEP 2024,94.8,101,94.6,99.6,1089,5397874,533825184.9
24 SEP 2024,91.4,94.5,91.2,94,1007,4259388,395943269.4
23 SEP 2024,87,91.5,N/A,90.9,621,1174033,104440541.7
20 SEP 2024,88,89.1,86,88.4,794,1737010,152248799.8
19 SEP 2024,83.8,85.5,83.5,85,535,1097664,93016221.6
18 SEP 2024,82.7,83.7,81,83.2,677,1346845,111011546.9
13 SEP 2024,79.8,82.5,79.8,82.4,300,566654,45761714.2
12 SEP 2024,80,81.5,78,79.8,774,5236542,410733800.1
11 SEP 2024,81,81.2,79.9,80,603,4573871,366250306.1
10 SEP 2024,81.9,82.5,79.9,80.4,746,693987,55758248.6
9 SEP 2024,84.1,84.1,81.5,81.7,718,439278,36318667.9
6 SEP 2024,85.8,87.5,84,84,267,323657,27460226.6
5 SEP 2024,86.7,89,85.2,86,215,839983,78232942.5
4 SEP 2024,84,86.5,83,86,306,2157898,183361530.1
3 SEP 2024,84.5,84.9,83,83.7,384,695529,58175367.8
2 SEP 2024,86,87,84.4,84.7,451,313967,26732379.8
30 AUG 2024,N/A,88,N/A,86.6,180,326909,28079365.8
29 AUG 2024,86.4,88.7,85.6,85.9,372,426972,36867983.2
28 AUG 2024,89,89,86.5,86.6,488,370464,32427319.3
27 AUG 2024,90,92,89.1,89.3,163,290412,26122736.2
26 AUG 2024,91.9,91.9,89.6,90.1,224,102043,9200505.2
23 AUG 2024,94.3,94.3,91,92.1,87,64558,5941363.5
22 AUG 2024,93.9,93.9,93,93,115,2138995,205115664.8
21 AUG 2024,94,94,93,93.7,83,55777,5211961
20 AUG 2024,94,94.4,93.5,93.5,96,160289,14998646.2
16 AUG 2024,94,94.8,93.7,93.7,66,22358,2100338.9
15 AUG 2024,93,96,93,94,97,36586,3448061.7
14 AUG 2024,91.3,93.5,91,92.9,130,242162,22433221.9
13 AUG 2024,90.5,91.4,90.3,91.1,66,23649,2150848.8
12 AUG 2024,89,91.5,88.5,91.4,131,188950,17011643.8
9 AUG 2024,90,90,88.5,89,107,256236,22813989.2
8 AUG 2024,90,90,89,89.1,115,226839,20332299.5
7 AUG 2024,90,90.5,89.7,89.7,116,77824,7004780
6 AUG 2024,90,90.5,88.5,89.4,254,286236,25510765.4
5 AUG 2024,93,93,88.3,89.4,335,202469,18251732.3
2 AUG 2024,93,93.5,92.5,93,85,76511,7115230.2
1 AUG 2024,92.8,94.5,92.4,92.8,68,47790,4446070.3
31 JUL 2024,94,94,92.2,92.5,134,63023,5842828.3
30 JUL 2024,94.1,94.1,93,93.1,173,78136,7299564.7
29 JUL 2024,95,95,94.4,94.7,157,156532,14807357.9
26 JUL 2024,96,96.1,94.5,95.1,135,231736,21951825.9
25 JUL 2024,97.5,98.7,96,96.4,153,166555,16034833.9
24 JUL 2024,95.5,97.4,95.2,97,105,145969,14046185.8
23 JUL 2024,95.2,96.9,94.8,95.8,124,129543,12365394.1
22 JUL 2024,99.1,99.3,95,95.2,246,169529,16294459
19 JUL 2024,99,99.9,99,99.4,96,29053,2884965.5
18 JUL 2024,99.7,100,99,99.4,106,159738,15884718.7
17 JUL 2024,101,101,99,99.9,168,59910,5972516.05
16 JUL 2024,101,102.75,100.5,100.75,214,129699,13104525.25
15 JUL 2024,103.5,105,103.5,104.5,563,550463,57437600.75
12 JUL 2024,101.5,104,101.5,103.5,160,255769,26364877.25
11 JUL 2024,102,102,101,101.25,128,82133,8317078.5
10 JUL 2024,102,102,101,101.25,169,61307,6223629
9 JUL 2024,103,103,101.5,101.75,182,201507,20530994.25
8 JUL 2024,103.75,104,103,103,126,160240,16517147
5 JUL 2024,103.5,105,103,103.5,132,133324,13821206.75
4 JUL 2024,105.5,105.75,103,103.5,168,505833,52556039.25
3 JUL 2024,104.75,105,103.75,104,78,76175,7933204
2 JUL 2024,105.75,105.75,103.75,104,180,245236,25522074
1 JUL 2024,106.25,106.25,104,104.25,169,84363,8793315.5
28 JUN 2024,106.25,106.25,104.25,105,195,469040,49231862
27 JUN 2024,107,107.5,105.75,106,161,354489,37699514.25
26 JUN 2024,106.5,107,105.75,107,156,247197,26285243.5
25 JUN 2024,106,107.25,105.75,106,183,25345052,2786678626
24 JUN 2024,105.75,106.5,105.5,105.75,114,435021,46104823
20 JUN 2024,105.5,106.25,105.5,105.5,109,475089,50138013
19 JUN 2024,106.25,108,105.75,106.25,96,148710,15780786.5
18 JUN 2024,108.25,109,106,106.75,97,73232,7841780
14 JUN 2024,109,109,108,108,97,138857,15055073.75
13 JUN 2024,109.75,110,108.25,109.25,144,4333840,476629730.5
12 JUN 2024,110,110,108.5,109.25,93,997262,108395668.75
11 JUN 2024,109.25,110.25,108,108.75,227,351797,38637595.5
11 JUN 2024,109.25,110.25,108,108.75,227,351797,38637595.5
10 JUN 2024,108,109.25,108,108.75,168,765336,83205637.25
7 JUN 2024,110,110,108,108.75,102,118098,12819249.5
6 JUN 2024,105.5,110,105.5,108,209,327052,35151037.25
5 JUN 2024,105.25,106.75,105.25,106,181,340501,36053806.25
4 JUN 2024,106.5,106.75,105,105.75,126,55733,5882734.75
3 JUN 2024,106.75,106.75,105.5,106.25,113,141450,14998521
31 MAY 2024,107.75,107.75,105.25,105.75,227,224242,23858979.5
30 MAY 2024,104.5,107.5,104.5,107,375,555924,58684915
29 MAY 2024,109,109,100,103.5,1141,2152051,221519377.5
28 MAY 2024,113,113.25,112,112.75,75,31335,3534642.75
27 MAY 2024,114.5,115,113,113.5,74,82986,9439353
22 MAY 2024,112.25,114.75,112,114.25,99,191179,21749146.5
21 MAY 2024,111,112.25,111,111.75,125,219367,24429344.25
20 MAY 2024,112.5,113.5,109,112,140,69084,7677646
17 MAY 2024,114,114,111.75,113,154,154878,17431510.5
16 MAY 2024,114.75,116,113.25,114.75,125,187048,21484543
15 MAY 2024,117,117.5,114,114.75,197,216212,25049919.75
14 MAY 2024,115.5,117,112,115,167,846944,98135714.25
13 MAY 2024,117,117.5,115.75,116.75,145,211379,24694173
10 MAY 2024,114.5,117.25,114.5,117,258,425580,49426322.25
9 MAY 2024,113.25,114.5,113,114.25,164,313965,35697419.5
8 MAY 2024,113.5,115,113,113.25,192,226342,25737840.5
7 MAY 2024,112.75,114.25,112.5,114,182,261118,29664391.25
6 MAY 2024,114,114.5,112.5,112.75,146,215551,24558639.25
3 MAY 2024,115,115.25,114,115,148,563129,64722953.5
2 MAY 2024,115,115.75,114.25,115,216,511919,58870221
30 APR 2024,116.75,116.75,114,115,232,346966,39967286.5
29 APR 2024,115,116.75,115,116.25,373,1752342,202009983.5
26 APR 2024,110,114.75,110,114.5,399,732274,82100034.75
25 APR 2024,106,110.75,106,110,335,2570973,282587462.25
24 APR 2024,106,106.5,105.5,106,335,469057,49703430.75
22 APR 2024,104.5,107,104,106,213,554991,58816280
19 APR 2024,104.5,105.5,102.5,104.5,165,346831,36304271.25
18 APR 2024,105.75,107,105,105.5,204,707780,74858470.25
17 APR 2024,104,107.5,100.75,105.75,333,500653,52417392.25
16 APR 2024,109,110,102,103.75,436,470331,49532299
15 APR 2024,111.5,112,108.25,109.25,284,380613,41959811.75
10 APR 2024,110,112.25,110,111.5,287,747154,83127215.5
9 APR 2024,110,110.25,106.5,110,424,1374125,150473253.5
8 APR 2024,106.25,111,106.25,110,605,1733256,189354335.25
5 APR 2024,100,106.5,99.8,105.25,586,3148869,325150327.6
4 APR 2024,97.4,100.5,97.1,99.8,370,828999,82543157
3 APR 2024,95,97.5,94.7,96.9,187,1291170,122877926.2
2 APR 2024,95,96,94.5,94.8,154,370795,35265223
1 APR 2024,95.7,95.7,91.8,94.5,265,373675,34795600.5
28 MAR 2024,96.2,98.6,96.2,97.7,336,1656095,163180011.1
27 MAR 2024,96.2,97,95.7,96.2,116,217019,20838180.8
26 MAR 2024,94,96.2,94,95.6,132,345751,32870362.2
25 MAR 2024,95,95,94.5,94.7,51,11056,1047169.8
22 MAR 2024,93.8,95,93.4,95,89,281407,26624154.9
21 MAR 2024,94.2,94.3,93.5,93.8,55,115555,10851441.4
20 MAR 2024,94.8,94.8,94,94.4,54,41694,3933175.1
19 MAR 2024,95.3,95.3,94,94.1,104,171273,16221299.7
18 MAR 2024,94.9,95.5,94.5,95.1,92,182811,17369605
15 MAR 2024,94.9,95,94.5,94.7,86,64873,6144858.9
14 MAR 2024,94,94.9,94,94.6,92,39038,3689106.9
13 MAR 2024,94,94.3,93,94,92,170986,16070892.4
12 MAR 2024,94.5,94.5,92.6,94,92,177506,16690650.6
11 MAR 2024,92,94.8,92,94,127,298408,28022758.8
7 MAR 2024,92.5,92.5,91,91.9,79,101852,9311700.5
6 MAR 2024,90.1,92,90.1,90.9,49,59923,5445750.2
5 MAR 2024,88.6,91.4,88,90,117,70816,6369516
4 MAR 2024,89,89,88,88.4,86,11904,1049300.5
1 MAR 2024,90,90,88.5,88.7,61,10046,894355.4
29 FEB 2024,90.4,90.4,89.9,90,67,2177216,195950058.2
28 FEB 2024,91,91,90.2,90.4,58,35541,3217165.9
27 FEB 2024,91.2,91.2,90.3,91,95,456088,41490407.8
26 FEB 2024,91.2,92.9,91,91,85,55286,5050376.7
22 FEB 2024,91.1,91.6,90.9,91.3,129,180095,16400681.2
21 FEB 2024,91,91.4,90.6,91,75,255216,23203850.1
20 FEB 2024,91.1,91.5,90.3,90.6,78,128709,11657456.6
19 FEB 2024,90,91.5,89.6,91.1,102,434433,39313259.3
16 FEB 2024,89,90,89,90,97,169153,15138013.8
15 FEB 2024,88.6,89.5,88.4,89.5,109,1196328,106491727.9
14 FEB 2024,89,89,88.5,88.6,33,1498396,134085574.8
13 FEB 2024,89.9,89.9,88.8,89.5,69,803452,71896629.5
12 FEB 2024,89.7,89.9,89.3,89.5,52,47945,4290836.6
9 FEB 2024,89.5,89.5,88.8,89.5,56,154746,13797246.3
8 FEB 2024,89,89.7,88.9,89,49,106107,9456758.1
7 FEB 2024,88,89,88,89,54,98731,8765563.1
6 FEB 2024,88.5,88.5,87.5,87.7,230,485247,42687586.6
2 FEB 2024,89,89,87.9,88,133,93541,8253107
1 FEB 2024,87,89,86.1,88.1,169,572069,49801335.9
31 JAN 2024,86.7,87.1,86,86.2,103,70960,6138104.2
30 JAN 2024,88.4,88.4,87,87.1,74,45562,4003460.6
29 JAN 2024,87.5,88.7,87.4,88,70,69144,6060837.7
26 JAN 2024,87.9,88,87.7,88,55,225111,19807340.1
24 JAN 2024,87.8,88,87.5,87.8,51,82340,7233338.1
23 JAN 2024,88.5,88.5,87.5,87.5,42,4764,417283
22 JAN 2024,89.3,89.3,87.5,87.9,88,268515,23626375.7
19 JAN 2024,88,89.8,88,89.5,42,29061,2596481.8
18 JAN 2024,89.1,89.8,88,89.5,77,34071,3010210.1
17 JAN 2024,91.3,91.3,90,90,70,77539,6981862.3
16 JAN 2024,91.4,91.5,90.6,91,92,365108,33351843
12 JAN 2024,92.1,92.4,91.2,91.5,73,150619,13815031.9
11 JAN 2024,93.3,93.3,91.8,92.1,112,526800,48653056.7
10 JAN 2024,94.3,94.7,N/A,93.3,66,132821,12418747
9 JAN 2024,95,95,94,94.3,34,19420,1829595
8 JAN 2024,95.2,95.5,94,95,115,351582,33402491.3
5 JAN 2024,96.2,96.2,95,95.2,92,238327,22689253.1
4 JAN 2024,96,96,95.2,95.5,86,377339,36051604.1
3 JAN 2024,96,97.5,95.7,95.9,144,218632,20992986.9
2 JAN 2024,95.5,98,94.5,96.9,218,120591,11587528.8
29 DEC 2023,94.5,95.6,94.5,95.5,214,383942,36541263
28 DEC 2023,93.1,94.5,92.9,94.3,246,645804,60737678.2
27 DEC 2023,92.4,94,91.7,93.1,71,78872,7325471.7
22 DEC 2023,92.8,93.5,92.6,92.9,85,120088,11162754.2
21 DEC 2023,93.7,94.2,93,93.2,80,82579,7728981.4
20 DEC 2023,93.6,94,93.4,93.7,73,118865,11158281.1
19 DEC 2023,93.4,94.1,93.4,93.9,184,290798,27270596.6
18 DEC 2023,93.5,94.1,93.4,93.9,197,491469,46178332.6
15 DEC 2023,93.9,94.5,93,93.9,155,304923,28618438.9
14 DEC 2023,94,94.9,93,93.6,117,96105,9014210.6
13 DEC 2023,95.4,95.4,93.1,94.4,228,273412,25806365.2
12 DEC 2023,94.8,95.1,94.3,95,206,362550,34401076.5
11 DEC 2023,94,94.5,93.7,94.2,243,350015,32968742.9
8 DEC 2023,92,94,92,93.9,256,235422,21915448.4
7 DEC 2023,90,92,90,91.8,192,207025,18775995.6
6 DEC 2023,90,90.4,89.5,90,140,220567,19847042.6
5 DEC 2023,91,91.5,89.1,89.7,167,212106,19095489.6
4 DEC 2023,90.8,92.5,90.2,90.9,144,92562,8471215.3
1 DEC 2023,87.9,90.1,87.9,89.9,187,355311,31626748.2
30 NOV 2023,86,88,86,87.1,216,279189,24247021.9
29 NOV 2023,85.5,86,85.3,85.7,105,274886,23535337.5
28 NOV 2023,85.4,85.5,84.5,85.5,68,67100,5730307.6
27 NOV 2023,85,85.5,85,85.3,144,300505,25671130.5
24 NOV 2023,85.5,86,84.5,84.7,79,120311,10247860.5
23 NOV 2023,85.2,85.5,84,85,85,212762,18080880.8
22 NOV 2023,82.7,85,82.7,84.7,135,415563,35027780.3
21 NOV 2023,83.4,84.5,83,84,104,252339,21187756
20 NOV 2023,85,85,82.9,83,100,142711,11943436.3
17 NOV 2023,85.5,85.5,83.8,84.5,74,253390,21421631.8
16 NOV 2023,84.5,85.9,82.5,84.5,108,97817,8179077.3
15 NOV 2023,86.5,86.5,83,84.9,120,48845,4141795.4
14 NOV 2023,87.4,87.7,85,85.1,126,67953,5880130
13 NOV 2023,86.2,87.5,85.5,87,66,85238,7414841.1
10 NOV 2023,86.7,87,85.5,86,158,835451,71833313.2
9 NOV 2023,88,88,86,86.5,100,709199,61421642.9
8 NOV 2023,85,88.9,85,86.9,146,440085,38474375.1
7 NOV 2023,84.9,86,84,85,101,202295,17089444.9
6 NOV 2023,84.4,85.9,83.9,84,79,40550,3420565.5
3 NOV 2023,84.9,85.4,84,84.7,96,70637,5992323.4
2 NOV 2023,83.5,86,83.5,84.5,118,304888,25904389.3
1 NOV 2023,83.3,84.2,82.5,83.8,74,70039,5855278.2
31 OCT 2023,82.5,83.2,81.6,82.2,65,44765,3686274.9
30 OCT 2023,83.5,83.5,82,82.9,63,27140,2249598.1
27 OCT 2023,81.5,83.9,81,83.1,80,140888,11713597.8
26 OCT 2023,82.5,84,81,82.2,76,44129,3631269.8
25 OCT 2023,84.9,84.9,82.6,82.9,48,7095,590361.2
24 OCT 2023,87.3,87.5,84.5,84.9,88,53452,4554658.7
23 OCT 2023,86.8,88.8,86.5,86.8,167,266261,23308789.2
20 OCT 2023,81.7,87.3,81.7,86.8,265,162190,13813602.4
19 OCT 2023,80.1,82.5,80,81.7,117,271914,22152826.8
18 OCT 2023,80,80.8,80,80.5,140,186428,14988828.2
17 OCT 2023,80.3,82.9,80.3,80.8,109,249131,20161918.4
16 OCT 2023,84,84,80.3,80.4,226,291608,23598983.3
13 OCT 2023,84.5,85,84,84,67,47238,3988976.1
12 OCT 2023,83.5,85,82.6,84.3,87,63818,5352708.9
11 OCT 2023,84.9,85.9,83,83.5,138,270137,22728857.2
10 OCT 2023,85,86.9,84,84.5,135,252894,21384872.9
9 OCT 2023,86.3,87,83.5,84.6,198,341682,28971855.5
6 OCT 2023,88,88,86.1,86.8,77,24331,2113528.9
5 OCT 2023,87.8,88.8,86.5,87.2,88,69603,6127523
4 OCT 2023,87.1,87.8,86.1,87.3,135,96817,8411426.1
3 OCT 2023,88,89.9,87.2,87.6,100,59184,5200368.4
2 OCT 2023,90,90,87.8,88,119,100346,8851558.2
27 SEP 2023,89,91.1,88.9,90.2,115,141202,12689870.8
26 SEP 2023,88.5,89,87.8,88.1,88,135264,11913638.4
25 SEP 2023,89.5,90,88,88.1,99,45409,4041786.4
22 SEP 2023,88,90.2,87.6,89.8,78,66034,5853582.8
21 SEP 2023,89.9,89.9,87.6,88,89,52475,4653505.3
20 SEP 2023,88.5,89.5,88,89,101,643824,57188177.1
19 SEP 2023,90,90,87,87.3,261,197486,17410894.1
18 SEP 2023,92.5,92.5,89.5,90,137,183641,16599368.8
15 SEP 2023,93,93,91,91.2,102,130682,12033569.6
14 SEP 2023,91,93,91,92,91,73643,6772640.1
13 SEP 2023,91,92,90.1,91.5,137,547373,49793073
12 SEP 2023,92,92,90,90.4,124,189696,17132893.8
11 SEP 2023,92.8,92.9,90.4,90.5,95,61359,5639551.3
8 SEP 2023,92.1,93,92.1,92.8,88,132256,12272283.7
7 SEP 2023,93,93,90.1,92.1,115,135448,12462854.7
6 SEP 2023,95,95.4,92,92.2,211,283191,26731861.8
5 SEP 2023,93.5,96,93.3,95,366,1447012,137533185.1
4 SEP 2023,90,93.9,89.9,93.3,328,583695,54088714.3
1 SEP 2023,86.5,90,86.5,88.4,165,277325,24442154.5
31 AUG 2023,87.4,87.9,86.5,86.6,83,47446,4124727.9
29 AUG 2023,87,87.1,86.4,87,123,200701,17433845.8
28 AUG 2023,87.3,87.5,86.5,87,239,844341,73452136.4
25 AUG 2023,89.6,89.6,80,87,308,294307,25588736.7
24 AUG 2023,93.5,93.5,89.5,90.2,242,914560,83025650.8
23 AUG 2023,90,94,89.5,93.1,366,1706011,155227110
22 AUG 2023,91.1,91.4,89.3,90,326,383293,34511657.3
21 AUG 2023,93.5,95,91.4,92.2,255,713074,66474259.9
18 AUG 2023,96,96,93.1,93.6,232,258047,24222225.3
17 AUG 2023,97.3,97.3,95,95.9,219,378220,36429553.7
16 AUG 2023,93,97,92.5,96.7,445,1959053,186623191
15 AUG 2023,95,96.9,92.6,93,462,347080,32565818.1
14 AUG 2023,102,102,95,97.1,628,424242,41217706.8
11 AUG 2023,105.5,105.5,102.25,103,218,189379,19562311.5
10 AUG 2023,105,107.5,104.5,105,378,511686,54128766.75
9 AUG 2023,105,105,103.25,104,264,459283,47772857.5
8 AUG 2023,103.5,106.75,101,105,623,1730366,179663961.25
7 AUG 2023,100,105,99,103.5,597,1488934,153351129.25
4 AUG 2023,100,101.75,100,101.25,533,1625961,164679901
3 AUG 2023,96,100.75,95.9,100,965,2884844,287143503.55
2 AUG 2023,93,97,92.1,95.5,539,1661623,157753256.3
31 JUL 2023,93,93.6,92,92.9,309,451754,41946206.9
28 JUL 2023,92.6,94.2,92,92.7,371,806602,74966471.8
27 JUL 2023,87.6,93,87.6,92.6,534,940607,85023251.7
26 JUL 2023,88.7,89.4,88,88.4,165,262156,23311580.3
25 JUL 2023,88.2,89.7,87.6,88.8,282,1039988,92276301
24 JUL 2023,87.6,90.6,87.6,89.8,466,973673,87473314.9
21 JUL 2023,88,89,87.5,88.2,258,308229,27138428.6
20 JUL 2023,88,89.1,87.5,88,303,671278,59461089.5
19 JUL 2023,87,89.7,85.7,89.1,562,2289336,201275647.4
18 JUL 2023,85,87.5,84.7,86.7,587,1560032,133208254.1
17 JUL 2023,80.5,86,80.4,84.5,653,2532825,213489919.1
14 JUL 2023,80,81,79,80.2,203,302121,24180520.6
13 JUL 2023,81,81,78,78.3,217,874786,70150323.4
12 JUL 2023,77.4,80.9,77.4,80.5,300,1157634,92275084.2
11 JUL 2023,78.7,78.7,77.5,78,188,170853,13314513.6
10 JUL 2023,79.5,79.8,78,78.5,183,217191,17099923.7
7 JUL 2023,79.5,80,78.1,79.3,243,395794,31483148.3
6 JUL 2023,81.3,81.5,78,79.6,456,604131,48123010.2
5 JUL 2023,83,83,80.1,81.3,867,6639256,541264448.5
4 JUL 2023,75.5,81.7,75.5,80.9,1861,11028426,879755198.2
28 JUN 2023,67.5,69.5,66,68.1,258,616578,42339481.8
27 JUN 2023,68.5,69,67.1,67.7,199,369894,25117976.2
26 JUN 2023,66,69.9,63.1,68.3,398,1159127,77159012.2
23 JUN 2023,66,67.8,66,66.1,138,458084,30370073.4
22 JUN 2023,66.4,67,66,66.1,102,187840,12543752
21 JUN 2023,64.9,66.5,64.1,66.2,139,1297322,85592117.7
20 JUN 2023,64,65,63.5,64,69,112606,7285333
19 JUN 2023,64,65,64,65,90,197226,12795326.1
16 JUN 2023,66,67.8,65,66,127,104658,6879122.2
15 JUN 2023,67,67,64,66.3,185,1178947,77756916
14 JUN 2023,61.1,67,61,65,218,165042,10511147.9
13 JUN 2023,61.8,61.9,60.3,61.1,98,73476,4484840
12 JUN 2023,59.1,61.9,59.1,61.8,130,93111,5635133.8
9 JUN 2023,58.1,60.3,58.1,60,100,95851,5749508.4
8 JUN 2023,57.2,59,57.2,58.9,27,13038,758182.1
7 JUN 2023,58.1,58.6,56.7,57.3,25,5099,292627.7
6 JUN 2023,58,58.1,57.3,58,29,219525,12628738.2
5 JUN 2023,58.8,59,57,58.1,52,27749,1601195.3
2 JUN 2023,57.3,59,57.3,58.1,49,51203,2976439.7
1 JUN 2023,56.7,58.7,56.7,57.9,41,83039,4798551.2
31 MAY 2023,58,58,56.6,56.7,33,4438,252126.7
30 MAY 2023,57.3,57.3,56.6,56.9,28,14355,818059.2
29 MAY 2023,59,59,57,57,46,27590,1575451.3
26 MAY 2023,56.2,59.5,56,58.9,93,90921,5329921.5
25 MAY 2023,58.5,58.5,57,58.2,120,149252,8686226.7
24 MAY 2023,55.5,58.9,55.5,58.5,85,174054,10105474.3
23 MAY 2023,57,58,55,56.9,97,124023,6964850.8
22 MAY 2023,57,57,55,55,66,278304,15510883.3
19 MAY 2023,57,57,55.2,56.4,114,234668,13188400
18 MAY 2023,57.6,58,56.5,57.9,62,276168,16012534.9
17 MAY 2023,58,58.4,56.1,58,51,316995,18374580.9
16 MAY 2023,58,59,57,58,219,1386574,80431117
15 MAY 2023,58.4,59.9,58,58.2,98,244459,14220510.7
12 MAY 2023,60.2,60.2,59,59.2,83,194817,11668283.4
11 MAY 2023,57.5,61.6,56,60.2,208,391606,23500192.3
10 MAY 2023,57,57.3,56,57,39,17842,1016862.2
9 MAY 2023,57,58,56.6,57.2,89,108621,6202532.3
8 MAY 2023,53.8,57.8,53.8,56.4,110,70481,3965354.8
4 MAY 2023,53,56,53,54.4,53,117566,6255889.2
3 MAY 2023,54,54.2,52.1,53,137,32462,1737891.1
2 MAY 2023,56,56.1,53.5,54.2,194,122307,6717761.3
28 APR 2023,57,57,56.5,56.7,109,80219,4549853.1
27 APR 2023,58,58,56.7,57.1,85,32342,1845363
26 APR 2023,57.8,58.9,57.6,58,68,136034,7943263.2
25 APR 2023,58,59.4,57.8,57.9,90,66469,3853729.2
24 APR 2023,60,60,58,58.1,138,69080,4043909.5
21 APR 2023,60.1,60.4,59,59.9,117,201431,12084610.1
20 APR 2023,60,60.5,60,60.1,118,100914,6068173.6
19 APR 2023,61,61,60,60.3,136,35846,2162075.7
18 APR 2023,64,64,60,60.1,165,57955,3513804.1
17 APR 2023,64,64,62.5,63,74,14516,922191.4
12 APR 2023,63.5,64,62,63,43,37021,2336934.7
11 APR 2023,62.5,63.3,62,63,63,83423,5243011
10 APR 2023,62,63.8,60.5,62.5,50,7977,496926.5
6 APR 2023,62,63,60.5,62.1,84,57387,3558213.3
4 APR 2023,62,62.9,60.4,62,66,37557,2329016.4
3 APR 2023,63.1,63.1,60.3,61.1,93,104588,6485612
31 MAR 2023,63.6,65,62.5,63.6,148,82420,5280371.1
30 MAR 2023,67.4,67.4,65.5,65.5,50,38308,2513348.8
29 MAR 2023,66,67.5,65.3,66.6,61,47158,3104896.7
28 MAR 2023,67,68.5,65.3,65.5,143,192110,12590668.7
27 MAR 2023,67,67,65.2,65.7,80,269274,17753013.5
24 MAR 2023,65,68,65,66,80,116204,7641936.4
23 MAR 2023,67,67,64,65,183,801596,52506680.1
22 MAR 2023,68.5,68.9,67,67.4,96,12452,842745.7
21 MAR 2023,70,70,68,68.6,106,43651,3004015.9
20 MAR 2023,69.8,71.5,68.5,69,217,183793,12931148.7
17 MAR 2023,67,71,67,69.8,160,379621,26433304.2
16 MAR 2023,68.6,69,67.1,67.6,68,15345,1043480.2
15 MAR 2023,66,69,66,67.3,127,163949,11105314.5
14 MAR 2023,66.8,67.5,65.5,66.5,136,131334,8649013.5
13 MAR 2023,67,67.6,64.5,66.7,141,183848,12063822
10 MAR 2023,69,69,66,67,137,65959,4458239.1
9 MAR 2023,71,71,68.8,69.1,126,83858,5801391.5
8 MAR 2023,71.9,71.9,69.1,70.1,313,347603,24752154.6
7 MAR 2023,70,71.4,69.2,70.3,383,708334,49664546.5
3 MAR 2023,68,70.4,68,69,325,579021,40058082.8
2 MAR 2023,65.9,67,64.9,67,198,2242266,148534706.2
1 MAR 2023,64.9,65.5,64.7,65,105,148619,9661694
28 FEB 2023,65,66,64.9,65,95,345869,22486379.7
27 FEB 2023,68.9,68.9,63.5,65,188,351060,22854674
24 FEB 2023,66,69,65.5,66.1,212,877090,57757066.8
23 FEB 2023,64,66,63.9,65,90,136272,8860205.1
22 FEB 2023,65,69,64,64.6,146,95310,6232625.3
21 FEB 2023,65,66,63,64.6,186,334707,21511354.2
20 FEB 2023,62.7,70,62.7,65.3,303,322034,21101319.5
17 FEB 2023,62,64,61.5,62.5,176,421861,26259667.9
16 FEB 2023,59,62,58,60.3,118,34909,2105092.1
15 FEB 2023,59,60.4,58,58.5,48,8527,503109
14 FEB 2023,60,61.6,58,58.6,110,32685,1921015.9
13 FEB 2023,61.6,62,59.1,60.1,74,20546,1234983.3
10 FEB 2023,61.9,62,60.5,61.6,84,41635,2569904.7
9 FEB 2023,61.1,62,60,61.5,76,33119,2027472.2
8 FEB 2023,61.6,62,59.1,61.7,86,34195,2097151.8
7 FEB 2023,62,63,59,61.6,167,62179,3773370.1
6 FEB 2023,64.9,65,60,61.9,198,102916,6528815.9
3 FEB 2023,62,65,62,64.5,313,245321,15694222.3
2 FEB 2023,59,61.5,59,60.3,267,343400,20851053.1
1 FEB 2023,56.8,60.5,56.4,59.1,192,166917,9802113.6
31 JAN 2023,55.5,57.6,55.5,56.2,78,44200,2491300.7
30 JAN 2023,54,56.8,54,55.9,80,33293,1815826.6
27 JAN 2023,55.9,57.7,55,56.2,132,100271,5596920
26 JAN 2023,55.5,56,55.1,55.9,68,22570,1254937.6
25 JAN 2023,56,56.5,55,55.6,88,24685,1378643.6
24 JAN 2023,57.6,57.6,55.1,56,158,78659,4378189
23 JAN 2023,52.7,61,52.7,57,232,251427,14044288.7
20 JAN 2023,50.2,52.6,50.2,52.5,93,33177,1724411.2
19 JAN 2023,50.2,51,50.1,50.3,68,62696,3151995.1
18 JAN 2023,51.5,51.6,50.2,50.4,50,38761,1955825.3
17 JAN 2023,50.1,51.8,50.1,50.8,70,121657,6116697
13 JAN 2023,50.4,50.5,50.1,50.2,56,24699,1239746.4
12 JAN 2023,50.5,51.9,50.5,51.1,38,19078,972796
11 JAN 2023,51,52,50.3,50.6,41,27767,1413144.6
10 JAN 2023,50.9,52.2,50.9,51,55,23826,1222333.7
9 JAN 2023,51,51.9,50.4,51.3,57,19567,1005730.5
5 JAN 2023,51.5,51.5,50.5,50.6,43,31487,1604657.6
4 JAN 2023,52.5,52.5,51.5,51.6,46,25317,1306263.4
3 JAN 2023,50.8,52.1,50.8,51.7,45,21902,1120766.7
2 JAN 2023,50.5,50.8,50,50.1,69,43051,2165253.4
30 DEC 2022,50.2,50.7,50.1,50.2,59,20154,1014041.5
29 DEC 2022,50.1,50.3,50,50.2,47,18061,905433.1
28 DEC 2022,50.3,50.3,50.1,50.1,40,10215,512353.1
27 DEC 2022,50.1,50.5,50,50,97,84434,4224695.7
23 DEC 2022,50.3,51,50,50.4,51,45332,2271749.9
22 DEC 2022,50.4,50.5,50,50.1,42,37804,1896196.3
21 DEC 2022,51,51,50,50,52,19948,998594.9
20 DEC 2022,50.2,51,50.1,50.3,66,23421,1178210.5
19 DEC 2022,52,52,50.5,50.9,29,17243,880478.4
16 DEC 2022,51.1,51.5,51.1,51.5,25,19373,996003.8
15 DEC 2022,51.8,52.5,51,51.1,58,16053,826982.8
14 DEC 2022,52.4,52.8,51.8,52.3,38,13636,715123.1
13 DEC 2022,50.2,52.4,50,52,92,106940,5547135.8
12 DEC 2022,51.9,51.9,50,50.8,71,35894,1801914.6
9 DEC 2022,51.8,51.8,50,50.5,68,47972,2407537.9
8 DEC 2022,51,51.5,50,51.2,67,94282,4727157.5
6 DEC 2022,52.1,52.1,50,50.5,112,39347,1990429.6
5 DEC 2022,52,52.1,50,50.4,77,40769,2069715.9
2 DEC 2022,50.2,51.5,50,51,103,182441,9290766.2
1 DEC 2022,52,52,50,50.1,68,37670,1904352.7
30 NOV 2022,50.1,51.4,50.1,51.4,50,20883,1060606.9
29 NOV 2022,50.3,51,50,50.1,57,7997,401269.8
28 NOV 2022,50.8,50.8,50,50.3,69,29526,1479688.5
25 NOV 2022,51,51,50,50.4,35,48040,2411460.9
24 NOV 2022,50.5,50.5,49.9,50.2,22,5280,264283.9
23 NOV 2022,50.1,50.4,50,50.3,44,619370,30971480.1
22 NOV 2022,50,50.4,50,50,46,738669,36933898.4
21 NOV 2022,50,50.5,49.9,50,71,1171803,58592179.8
18 NOV 2022,51,51.1,50,50,60,186326,9366875.5
17 NOV 2022,50,52,50,50.9,53,65264,3315279.9
16 NOV 2022,51,51,50,50,57,34594,1731461.1
15 NOV 2022,51.5,51.9,51,51,57,19991,1022387.2
14 NOV 2022,50.9,51.4,50.2,50.9,39,44214,2247111.2
11 NOV 2022,50.5,50.6,49.9,50.4,58,29662,1486911.1
10 NOV 2022,49.5,50.8,49,50,110,21711955,1085594719
9 NOV 2022,50,50,48.9,49.4,39,29663,1456431.6
8 NOV 2022,50.1,50.1,48.7,49,123,66861,3303881.7
4 NOV 2022,50.5,50.5,49.8,50,37,9928,496337.3
3 NOV 2022,50,50.9,49.5,50,55,14972,749511.9
2 NOV 2022,51.2,51.2,49.7,50,68,28552,1424867.4
1 NOV 2022,50.1,51,49.9,50,94,33432,1671452.8
31 OCT 2022,50.5,50.5,50,50.2,64,36996,1856342.8
28 OCT 2022,50.5,51,50,50.1,56,25487,1278288.9
27 OCT 2022,50,50.5,49.5,50.1,105,84101,4203413.1
26 OCT 2022,50.1,50.2,49.8,49.9,100,44997,2246304.5
25 OCT 2022,51,51,49.9,50,108,35814,1795378.7
21 OCT 2022,50.9,51,50,50.2,44,11776,591518.6
20 OCT 2022,51.1,51.1,49.9,50,65,8060513,403028705
19 OCT 2022,51,51.5,50,50.3,57,28544,1442256.1
18 OCT 2022,51.4,51.5,49.9,50,170,65421,3278690.7
17 OCT 2022,51.5,51.5,50.2,50.8,113,114903,5854501.1
14 OCT 2022,52.9,52.9,51,51,52,124822,6372134.7
13 OCT 2022,52,52,51,51,70,620480,31648778.5
12 OCT 2022,51.1,51.2,50.5,51,135,448214,22831850.3
11 OCT 2022,51,52,50.5,51.1,111,230889,11731321.2
7 OCT 2022,50.9,51.5,50.5,50.6,85,75354,3820956.6
6 OCT 2022,53,53,51,51,144,270897,13838345.6
5 OCT 2022,53.5,53.9,51.6,52.3,94,92423,4840119.1
4 OCT 2022,54,54.5,53.5,53.6,102,81101,4366019.7
3 OCT 2022,55.5,55.5,54,54.6,65,33642,1843445.5
30 SEP 2022,55,55.5,54.5,55,66,2419463,133071113.3
29 SEP 2022,55.2,55.4,54,55,61,366109,20126455.8
28 SEP 2022,55,55.5,53,55,101,160394,8806559
27 SEP 2022,53,55.4,51.9,54.6,92,5114265,281204028.9
26 SEP 2022,54.6,54.6,52,52.2,142,77167,4080752.9
23 SEP 2022,54.7,55.4,53.9,54,103,83941,4565368.4
22 SEP 2022,54.7,54.7,54,54.4,94,57086,3105749.1
21 SEP 2022,55.6,55.6,54,54.7,98,38896,2131602
20 SEP 2022,57,57,55,55.1,88,107532,5923063.5
19 SEP 2022,58,58,56,56,100,198713,11147357.5
16 SEP 2022,59,59,56,57.3,146,146958,8415337.8
15 SEP 2022,56,59.9,56,58.5,353,270636,15801315.8
14 SEP 2022,56,57,54.1,56,210,197333,11030244
13 SEP 2022,52.5,55,52.4,53.5,96,104955,5598149.4
12 SEP 2022,52.5,52.9,52,52.5,82,177207,9235107.7
9 SEP 2022,52.5,52.5,51.5,52,96,330040,17192600.1
8 SEP 2022,52,52.8,52,52.2,67,1596659,83051335.3
7 SEP 2022,51.8,53,51,51.8,146,253956,13161894.5
6 SEP 2022,53.5,53.5,51.8,51.8,116,89862,4663215.8
5 SEP 2022,53.5,54,52,53.5,76,89348,4786138.3
2 SEP 2022,54,54,52.6,53.4,83,27487,1473497.4
1 SEP 2022,53,54,51.8,53.3,96,103285,5416439.8
31 AUG 2022,53,53.5,51.8,51.9,53,4029609,205544007.5
30 AUG 2022,51.8,52,51.7,51.8,58,43357,2247465.6
29 AUG 2022,53,53,51.8,52,67,56391,2954421.5
26 AUG 2022,52,52.9,51.5,52.3,54,56493,2935677.8
25 AUG 2022,52,52.1,51.5,51.9,76,140144,7285177.2
24 AUG 2022,52.5,53,52,52.1,55,22547,1175851.3
23 AUG 2022,53,53,52,52.5,51,362635,18865683.1
22 AUG 2022,51.9,53,51.5,51.6,116,95546,4934194.6
19 AUG 2022,51.9,51.9,51.5,51.6,69,28776,1487168.5
18 AUG 2022,53,53,51.1,51.2,116,104625,5373855
17 AUG 2022,53.8,53.8,52.5,52.5,83,229326,12056978.7
16 AUG 2022,54.1,54.1,52.8,53.7,124,57285,3069176.1
15 AUG 2022,55.8,56.7,55,55.8,124,65691,3669761.4
12 AUG 2022,55,55.8,54.5,54.8,138,70187,3848349.6
10 AUG 2022,54.5,55,53.8,54.6,71,22754,1237629
9 AUG 2022,53.5,54.5,53,54,111,3289798,177570102.5
8 AUG 2022,53.5,53.5,52.5,53,79,143820,7624226.8
5 AUG 2022,52.5,53.5,52.5,53,70,149563,7918852.6
4 AUG 2022,53,53,52.5,52.5,96,121683,6396349.4
3 AUG 2022,53,53,52.5,52.7,42,29247,1542141.3
2 AUG 2022,53.1,53.1,52.1,52.5,48,44111,2318677.4
1 AUG 2022,52.1,53.6,52.1,52.7,43,39746,2087131.2
29 JUL 2022,53,54,52,52.7,25,16485,869981.4
28 JUL 2022,52.5,53.3,52,52.1,36,29083,1535612
27 JUL 2022,53.5,53.5,52,52,54,67349,3530239.3
26 JUL 2022,53,54.5,52,52.1,42,114932,5979657
25 JUL 2022,54,54,53,53,34,34024,1805033.8
22 JUL 2022,53,54,52.8,53.1,53,40547,2153151.4
21 JUL 2022,55,58,53.8,54,73,20018,1095068
20 JUL 2022,54.1,55,53.2,53.9,56,18714,1011246.2
19 JUL 2022,52,54.1,51.9,53.2,57,230652,12012941.7
18 JUL 2022,51.7,52,51.7,51.9,66,41281,2144994
15 JUL 2022,52,52,51.6,52,44,33792,1755924.7
14 JUL 2022,51.7,51.7,51.4,51.5,24,14535,748782.1
12 JUL 2022,52,52,51.3,51.6,58,6841,354022.3
11 JUL 2022,50,52.9,50,52,86,150797,7800961.6
8 JUL 2022,50,50.3,50,50.2,42,23520,1180953.4
7 JUL 2022,50,50.4,50,50,50,251126,12559255.3
6 JUL 2022,50,50.5,49.7,50,80,309306,15465578.3
5 JUL 2022,50.3,50.3,49.6,50,74,81363,4070714.1
4 JUL 2022,50.6,50.6,50.1,50.2,54,375814,18855325.9
1 JUL 2022,50.7,50.8,50.4,50.5,40,9509,480575.2
30 JUN 2022,50.2,50.7,50.2,50.6,49,122641,6197219.5
29 JUN 2022,50.1,50.4,50.1,50.2,49,106732,5349982.9
28 JUN 2022,50,50.8,50,50.1,112,1310048,65572385.9
27 JUN 2022,50.5,50.9,50,50,133,4051447,202602525
24 JUN 2022,51.5,51.5,50,50.3,172,3069323,153599710.9
23 JUN 2022,52,52,50.4,50.5,80,1097082,54918631.7
22 JUN 2022,50.5,51.5,50.5,50.9,30,9481,483860
21 JUN 2022,51,51.5,50.3,50.8,40,6737,342833.8
20 JUN 2022,50.3,50.4,50,50.3,91,1016684,50913816.1
17 JUN 2022,50.5,51.2,50.2,50.3,82,152801,7703343.6
16 JUN 2022,51.5,51.5,50.6,50.8,49,15739,800647.6
15 JUN 2022,51.9,51.9,50.9,51,82,527454,26913789.8
13 JUN 2022,52,52,51,51.5,58,60186,3079177.3
10 JUN 2022,52.9,52.9,51.3,51.5,92,456057,23558024.7
9 JUN 2022,52,52.9,51.5,52.1,88,68248,3539791.3
8 JUN 2022,52.5,53,52,52.2,55,39264,2053327.3
7 JUN 2022,52.5,52.9,52,52,82,421788,21962120.8
6 JUN 2022,52.9,52.9,52.5,52.5,92,243165,12778956.1
3 JUN 2022,53,53,52.7,52.7,51,12756,673464.2
2 JUN 2022,53.2,53.2,52.7,53,47,822946,44375826.3
1 JUN 2022,54.8,54.8,52.6,53.2,51,30535,1630761.8
31 MAY 2022,52.6,56,52.6,53.9,107,1070236,57649711.3
30 MAY 2022,53.7,53.7,52.5,52.5,57,58794,3089652.6
27 MAY 2022,53.5,53.8,52.5,52.8,42,29972,1583600.2
26 MAY 2022,53,53.3,52,53,79,77263,4063892.5
25 MAY 2022,54,54,53,53.1,103,46852,2488622.4
24 MAY 2022,53.5,53.5,53.2,53.3,81,71713,3824290.8
23 MAY 2022,53.5,54.5,53.2,53.3,82,36838,1968152.4
20 MAY 2022,53.5,54,53,53.5,47,29773,1583479.1
19 MAY 2022,54.5,54.5,53,53.3,63,78744,4231647
18 MAY 2022,55.5,55.5,54.1,54.5,197,184408,10102964.9
17 MAY 2022,54.4,55.5,54.4,54.9,188,254017,13948183.6
13 MAY 2022,53,55,52.2,54,232,349433,18588737.3
12 MAY 2022,50,52.8,50,51.8,131,329166,16636450.2
9 MAY 2022,51.4,51.5,50,50,271,1973479,98779025
6 MAY 2022,51.7,51.7,51.3,51.5,86,368670,18990706.4
5 MAY 2022,52,53.9,51.5,51.9,102,203875,10563388.6
4 MAY 2022,52,52,51,51.6,191,383177,19747333
29 APR 2022,52.5,52.5,50.5,51.5,274,1152787,59363382.1
28 APR 2022,50.9,53,50.5,52,271,266800,13774540.3
27 APR 2022,50,54,50,50.4,460,6588761,330477088.4
26 APR 2022,50,50.5,50,50,127,5418124,270909796.9
25 APR 2022,53,54,50,50.9,128,155185,7899093
8 APR 2022,59.6,59.9,55,57.3,301,244302,13810100.2
7 APR 2022,61,61,59,59.8,116,54879,3296772.7
6 APR 2022,63.5,63.9,60,61.1,176,170196,10529613.6
5 APR 2022,60,63,59.5,61,162,104843,6339071.3
4 APR 2022,59.5,64.8,57,60,212,188533,11222783.1
1 APR 2022,62.1,62.1,59,59.4,73,34424,2068544.2
31 MAR 2022,69,69,61,62.7,210,163308,10345617.6
30 MAR 2022,73,73,69.5,70,390,453068,31825916.3
29 MAR 2022,75,75.4,72,72.2,236,296510,21643831.7
28 MAR 2022,76.3,76.3,74.5,74.9,250,363387,27360451.4
25 MAR 2022,77,78.8,75.9,76.1,271,374367,28587258.5
24 MAR 2022,76.9,78.5,76.6,77,160,508401,39151997.1
23 MAR 2022,77.1,77.1,76.4,76.6,203,131876,10129176.1
22 MAR 2022,79,79.5,77,77,300,298719,23228417.3
21 MAR 2022,77.8,78.5,77.6,78.4,90,132500,10325001.4
18 MAR 2022,79,79,76.7,77.2,403,769563,59798371.7
16 MAR 2022,78,79.5,77.6,78.8,62,17794,1393090.3
15 MAR 2022,78.7,78.7,77.5,77.8,104,75135,5885776
14 MAR 2022,81,81.3,78.1,78.5,114,51520,4048883.2
11 MAR 2022,81.5,81.5,79,79,72,38022,3021685.3
10 MAR 2022,78,81,77.5,79.5,99,63167,5008364
9 MAR 2022,76,80,76,77.5,127,142156,11009742.9
8 MAR 2022,80.2,80.5,79,79.3,114,100181,7997842
7 MAR 2022,81.4,82,80,80.2,152,382989,30751001.5
4 MAR 2022,81.9,81.9,81,81.3,66,30021,2440814.9
3 MAR 2022,81.3,82.2,81.1,81.3,96,284397,23308959.2
2 MAR 2022,82.5,83,81,81.3,136,188977,15377766.4
28 FEB 2022,82,82.5,79.8,81.9,309,1373924,111439914
25 FEB 2022,79,80.5,78.5,80.1,228,4350230,343709084.3
24 FEB 2022,79.5,80.8,78.5,78.9,150,154523,12246772.5
23 FEB 2022,81,81,78.6,80,183,128860,10226326.9
22 FEB 2022,79.5,81.4,79.2,81,100,57157,4574054.5
21 FEB 2022,81.6,82,79.1,80.1,169,162080,13060778.3
18 FEB 2022,82.1,82.1,81.5,81.6,107,63171,5159116.2
17 FEB 2022,81,82.9,80.3,82.1,143,97832,7999860.6
15 FEB 2022,80,81.9,79.9,80.1,66,57414,4594281
14 FEB 2022,80.5,81,79,79,167,331196,26223777.5
11 FEB 2022,79,80.4,79,79.9,75,31138,2489126.9
10 FEB 2022,79.6,81,78.2,79.9,184,118292,9345047.9
9 FEB 2022,80.5,81,79.6,79.8,148,407832,32778433.2
8 FEB 2022,82.5,82.5,80.2,80.5,149,454697,36612240.4
7 FEB 2022,82.2,82.2,80,80.6,200,310593,25153988.3
3 FEB 2022,82,82.5,80,82,139,342882,27969094.3
2 FEB 2022,82.2,82.4,81.6,82,106,267664,21935518.4
1 FEB 2022,82,83,81.5,82.2,89,58796,4846450.2
31 JAN 2022,82,83,82,82.6,79,133228,10956255.9
28 JAN 2022,82,82.9,81.5,81.6,75,60805,4998564.7
27 JAN 2022,82.7,83.5,82,82.1,123,256700,21278110.1
26 JAN 2022,82.5,83,82,82.1,90,76042,6254290
25 JAN 2022,84.5,84.5,82.5,82.8,102,119329,9928904.3
24 JAN 2022,84,85,83.3,84.5,228,291656,24579565.3
21 JAN 2022,83.9,84.3,83.5,83.5,170,691101,57773556.1
20 JAN 2022,82.9,83.6,82.4,83.3,165,460955,38140503.2
19 JAN 2022,81.9,83.2,81.5,82.8,151,1183206,98125495.8
18 JAN 2022,81.5,83.5,81,81.9,220,345660,28422961.4
13 JAN 2022,81.5,82,80.1,81.8,144,130266,10558903.4
12 JAN 2022,81.6,82.8,80.9,81,184,332478,27096013.2
11 JAN 2022,84,84,81.5,81.7,201,139580,11496263.8
10 JAN 2022,80.3,84,80,82.9,486,1277442,104370344.5
7 JAN 2022,79.6,80,79,79.8,265,717289,56854875.1
6 JAN 2022,80,80,79.3,79.7,136,155339,12413452.5
5 JAN 2022,80.4,80.5,79.5,79.8,167,387793,30970594.5
4 JAN 2022,80.2,80.2,79.5,79.8,174,280398,22368307.5
3 JAN 2022,79.1,80.9,79.1,80.2,250,793611,63577848.4
31 DEC 2021,80,80,78.8,79.3,138,100690,8023402.3
30 DEC 2021,78.9,80,78.5,79.9,178,4353764,343951342
29 DEC 2021,78.7,80,77.5,78.7,221,6142305,482166311.7
28 DEC 2021,77.9,79.9,77.6,78.6,155,8040169,627393954
27 DEC 2021,77.9,78,77,77.5,203,344478,26676207.4
24 DEC 2021,78,78,77.2,77.6,128,177664,13793381.6
23 DEC 2021,77.5,78.5,76.9,78,317,285840,22067156.5
22 DEC 2021,78,78,77,77.2,338,1444150,111883738.4
21 DEC 2021,78.6,78.6,77.9,78,258,414919,32397609.2
20 DEC 2021,79.2,79.3,78.6,78.6,270,253808,19990294.2
17 DEC 2021,80.2,80.2,79.2,79.3,199,235091,18673757
16 DEC 2021,80.5,80.5,79.5,79.6,267,2539290,202009042.3
15 DEC 2021,79.5,80.4,79,80,311,5207644,416099160.3
14 DEC 2021,79.9,80,79.5,79.6,290,182485,14532577.7
13 DEC 2021,80,80.1,79.6,79.8,331,600802,48040046.3
10 DEC 2021,81,81,79.9,80,281,966476,77327483.3
9 DEC 2021,80.6,81,79.9,80,234,368161,29498423
8 DEC 2021,80.6,80.7,80,80.2,140,258261,20689758.6
7 DEC 2021,80.1,81.5,79.9,80.5,393,323377,25873841.6
6 DEC 2021,80,81.5,79.7,81.2,113,29871,2405185.6
3 DEC 2021,80.9,81,80,80.1,250,202006,16204417.6
2 DEC 2021,82.9,82.9,80.5,80.7,143,111906,9062326.5
1 DEC 2021,80,81.5,80,80.8,200,202203,16339305
30 NOV 2021,82.3,82.3,79.9,80.1,757,1427202,114815059.3
29 NOV 2021,82,82.5,81.3,81.9,360,441172,36108482.4
26 NOV 2021,83,83.1,82,82.6,211,155830,12870939.3
25 NOV 2021,84,84,83,83.1,226,388652,32372762.2
24 NOV 2021,83.8,84,83.5,83.9,108,99526,8320331.9
23 NOV 2021,84.2,84.4,83.5,83.9,148,275265,23088465.7
22 NOV 2021,85,85.3,84.1,84.5,113,367482,31159187.4
19 NOV 2021,84.3,85.7,84,84.7,133,259449,21976320.1
17 NOV 2021,85,85,83,84,174,184747,15455277.5
16 NOV 2021,83.7,85.1,83.5,84.2,134,380294,32073052.1
15 NOV 2021,83,85.2,82.8,84,299,588243,49482995.3
12 NOV 2021,86.6,88,85,85.3,175,413356,35599270.9
11 NOV 2021,86.5,87.5,86.5,86.7,85,118622,10303810.5
10 NOV 2021,86.7,87.4,86.1,86.6,93,59597,5157670
9 NOV 2021,86.7,86.7,86.1,86.5,92,67392,5827474.9
8 NOV 2021,87.9,88,86.5,87.5,99,111165,9686629.7
5 NOV 2021,89,89,87.7,87.9,113,216484,19049043.3
3 NOV 2021,89,90,88.5,88.9,114,199866,17782604.4
2 NOV 2021,88.2,89.1,88,88.4,147,437784,38764416.9
1 NOV 2021,89,89,88.1,88.5,136,1218935,108380902.1
29 OCT 2021,88.5,89.5,87.5,88.9,127,799145,70954756.5
28 OCT 2021,88,89,87.5,88.3,107,2088060,183768367.8
27 OCT 2021,86.8,88,86.4,87.6,152,135027,11773359.3
26 OCT 2021,87,88,86.6,86.8,154,212663,18575739.9
25 OCT 2021,88,88,86,87.8,164,659808,57814583.6
22 OCT 2021,88,89,87,88.3,146,96702,8485637.9
21 OCT 2021,87,88,87,88,112,367208,32257528.9
18 OCT 2021,87,87,85.6,86.7,95,43581,3777191.4
15 OCT 2021,86,86.5,85.9,86,99,75444,6488381
14 OCT 2021,86.5,86.5,85.7,85.8,101,99215,8523130.8
13 OCT 2021,88,88,85,85.7,315,2682397,229273905.4
12 OCT 2021,87,89,87,88.6,51,12021,1063224.5
11 OCT 2021,90,90,87,87,206,405362,35375031.1
8 OCT 2021,90,90,89,89.9,212,460397,41361739.8
7 OCT 2021,90.5,91.2,89.8,90.4,523,882262,80076178.4
6 OCT 2021,87,90.9,87,89.8,625,1600972,142581320.5
5 OCT 2021,84.9,87.3,84.7,87,227,253072,21984746.2
4 OCT 2021,85,85,84.7,84.7,81,41117,3489756.9
1 OCT 2021,86,86,84.5,85,124,291773,24860906
30 SEP 2021,83.8,85,83.5,84.5,116,193836,16289022.2
29 SEP 2021,83,84,83,83.8,96,52395,4375732.5
28 SEP 2021,83.9,84,83,83,260,399988,33237704.7
27 SEP 2021,83.6,85,83.6,83.9,54,9987,843621.4
24 SEP 2021,83.7,84.2,83.5,84,59,45118,3778097.7
23 SEP 2021,83.8,83.8,83,83.3,120,276808,23103443
22 SEP 2021,83.4,83.6,82.9,83,138,116798,9699813
21 SEP 2021,83.5,83.8,82.9,83.2,118,133770,11131461
17 SEP 2021,84.5,84.5,83.5,83.5,101,152445,12743944.5
16 SEP 2021,83.9,84,83.4,84,121,342756,28741455.9
15 SEP 2021,83.5,84,83.4,83.9,81,61172,5130155.7
14 SEP 2021,84,84,82.9,83,132,167348,13944002.5
13 SEP 2021,84,84,82,82.7,288,311225,25778047.2
10 SEP 2021,85,85.5,84.1,84.5,105,374167,31597046.3
9 SEP 2021,84.4,84.5,84,84.1,234,588639,49519573.2
8 SEP 2021,85,85.5,84.2,84.4,191,393877,33348679
7 SEP 2021,85.5,85.5,85,85,124,644324,55047148.4
6 SEP 2021,86,86,84.8,85.1,171,766596,65187931.5
3 SEP 2021,85.5,86,85,85.8,167,831906,71148479
2 SEP 2021,85.5,86.2,85,85.7,249,1071060,91585216.8
1 SEP 2021,85.2,86.1,84.8,85.7,205,1066242,91100242.7
31 AUG 2021,85.2,87.2,85,87,249,839736,72712070
30 AUG 2021,87.5,87.5,85,85.2,215,443172,38068410.7
27 AUG 2021,88.5,88.5,86.1,87.5,218,355494,31162372.3
26 AUG 2021,85.4,89.6,85.2,88.1,445,786270,69345714.5
25 AUG 2021,85,86,85,85.4,130,136726,11689100.1
24 AUG 2021,84.8,85.9,84.5,85.3,167,175564,14902357.2
23 AUG 2021,84.8,85.5,84.5,84.9,179,309751,26308927.9
20 AUG 2021,85.4,85.4,84.5,84.7,135,126075,10715399.8
19 AUG 2021,85,85.6,85,85.2,124,173736,14789284.8
18 AUG 2021,85,85.3,84.5,85.1,117,120561,10241134.2
17 AUG 2021,83.5,85.5,83.5,84.7,135,328248,27827828.6
16 AUG 2021,83.6,84,83.5,83.6,39,23434,1959079.5
13 AUG 2021,83.6,84,83.5,83.6,98,60133,5028137.7
12 AUG 2021,83.4,84,82.6,82.9,129,182541,15135668.7
11 AUG 2021,82.8,83.6,82.7,83.4,82,128455,10692241.3
10 AUG 2021,83.5,84,82.9,83,155,1554393,130197737.5
9 AUG 2021,83.9,83.9,82.9,83,189,201560,16733118.4
6 AUG 2021,83.3,84,83.1,83.7,124,89819,7488814.8
5 AUG 2021,84.5,84.5,83.3,83.6,233,219163,18392743
4 AUG 2021,84.5,85,84.3,84.5,124,1351921,114238837.2
3 AUG 2021,85.1,85.1,84.4,84.5,172,114506,9686086.6
2 AUG 2021,85.4,85.5,85,85.1,170,1386284,117900921.3
30 JUL 2021,85.1,85.5,84.8,85.3,58,28237,2404527.3
29 JUL 2021,84.6,86,84.3,84.9,116,307868,26123111.5
28 JUL 2021,84,84.9,83.1,84.4,118,127078,10721875.8
27 JUL 2021,84.7,85,83,84,208,161464,13546019.2
26 JUL 2021,85,85.5,83.7,83.9,407,380352,32189020.7
22 JUL 2021,86.8,87,85,85.1,490,783183,67037681.5
20 JUL 2021,87,87.1,86.6,86.8,296,3822881,332548876.4
19 JUL 2021,87.3,88,87,87.8,157,4146967,362896022.1
16 JUL 2021,87.1,87.5,87,87.3,136,255511,22271989.1
15 JUL 2021,87.5,87.5,87,87,86,132719,11552375.9
14 JUL 2021,86.8,87.5,86.7,87.1,74,74322,6470188
13 JUL 2021,88,88,86.7,86.9,117,111261,9674167.6
12 JUL 2021,87.3,88,87,87.3,83,16193,1412440.4
9 JUL 2021,86.5,87.5,86.4,87.3,63,137860,11995390.9
8 JUL 2021,86.2,86.8,86.2,86.6,74,77436,6702678.7
7 JUL 2021,86.7,86.7,86,86.5,132,555917,48072859.7
6 JUL 2021,86.9,87,86.3,86.4,128,83262,7212734.7
5 JUL 2021,87,87.6,86.7,86.9,212,1557660,134800254
2 JUL 2021,89,89,87,87.9,190,232536,20477266.5
1 JUL 2021,88.2,89,87.6,88.1,106,182074,16011023.6
30 JUN 2021,89.4,89.7,87.9,88,160,387919,34203603.7
29 JUN 2021,90.2,90.3,88.9,89.8,113,136425,12248259.6
28 JUN 2021,90,90.3,89,90.1,144,4206334,378464873.3
25 JUN 2021,88,90,88,89.9,98,611052,54546953.3
23 JUN 2021,88.1,90,87.5,89.9,146,1389619,124819938.8
22 JUN 2021,89.5,89.5,87.5,88.2,216,458573,40428187.8
21 JUN 2021,90,90,89.2,89.6,103,139407,12526925.9
18 JUN 2021,89.5,90.5,89.5,90.1,117,104986,9438874.9
17 JUN 2021,90.8,90.8,89.9,90,107,108651,9778839.9
16 JUN 2021,90,91,89.1,90,138,169256,15260753.2
15 JUN 2021,90.8,90.8,89.5,90,123,92579,8334407.9
14 JUN 2021,91,91.4,89.9,90.6,160,159177,14367041.7
11 JUN 2021,91.3,92,90.3,91.5,190,390901,35782526.2
10 JUN 2021,90.9,91.9,90,91.1,221,445455,40611135
9 JUN 2021,90,91,89.8,90.7,122,93329,8427799.2
8 JUN 2021,91.5,92,89.1,90,202,274926,24767971.1
7 JUN 2021,91.6,92.3,91,91.5,241,484593,44506717.3
4 JUN 2021,90.7,92,90.1,91.7,502,895526,81747281.1
3 JUN 2021,88.8,91,88.4,90.1,358,2884062,259524928.4
2 JUN 2021,90,90,88,88.8,208,1618479,145467188.5
1 JUN 2021,87,89.9,87,89.4,625,1101824,97772632.8
31 MAY 2021,86,87.3,85,87,306,554750,47985111.7
28 MAY 2021,85.5,85.9,84.5,85.5,148,89020,7593995
25 MAY 2021,83,86,83,84.6,242,598401,50391136.9
24 MAY 2021,82.6,83.4,82.5,83,158,281233,23335315.7
21 MAY 2021,83.3,84,82.5,83,133,452719,37556582.4
20 MAY 2021,85,85,83,83.3,194,275171,22975675.6
19 MAY 2021,84.6,85.9,83.9,84.9,170,161791,13655708.7
18 MAY 2021,84.5,84.9,83,84.4,159,94793,7952230.8
17 MAY 2021,82,84.6,82,83.8,205,267911,22375244.7
13 MAY 2021,80.6,82,80.6,81.9,126,144542,11786918.4
12 MAY 2021,80.7,80.9,80.2,80.6,116,1761959,141842720.9
11 MAY 2021,80.5,80.9,80.5,80.6,80,56066,4520096.5
10 MAY 2021,81.5,81.5,79.6,80.4,145,451866,36118998.9
7 MAY 2021,79.5,83,79.4,80.1,215,7637895,610974427.3
6 MAY 2021,80,80,79.2,79.6,179,467063,37222862.7
5 MAY 2021,79.9,80.3,79.6,80,109,42083,3367211.7
4 MAY 2021,80,80,79,79.3,255,246591,19566159.1
3 MAY 2021,80.5,80.5,79.1,79.5,213,386294,30718186.3
30 APR 2021,80.6,81,80.5,80.7,60,18771,1514977
29 APR 2021,80.5,81,80,80,200,503335,40315193.3
28 APR 2021,79.5,81,79.5,80.9,157,92658,7420075
27 APR 2021,81,81.5,79,79.3,568,578228,46203136.5
23 APR 2021,82.1,83.5,81.9,82.2,394,308777,25429967.4
22 APR 2021,85,85,83.5,83.9,198,159600,13413992.5
21 APR 2021,85,85.8,83.8,84.9,275,164250,13842322.5
20 APR 2021,86.3,86.5,84.9,85.3,212,262262,22391280.4
19 APR 2021,86.8,86.8,85.9,86.3,133,80787,6962099.5
16 APR 2021,87,87.2,86.5,86.8,143,396255,34447648.4
15 APR 2021,87.3,87.3,86.6,87,212,1825690,158820523
12 APR 2021,86.3,87.3,86.3,87,192,246647,21394247.2
9 APR 2021,85.9,86.4,85.7,86.1,211,216409,18610127.4
8 APR 2021,85.6,86,85,85.7,196,355536,30436967.5
7 APR 2021,85.5,86.6,85.4,85.6,173,201247,17240643.9
6 APR 2021,84.7,86.2,84.6,85.7,138,287570,24620284.3
5 APR 2021,85.6,85.9,84.5,84.7,221,278735,23602454.7
1 APR 2021,85.3,86,85,85.6,161,42383,3626384.5
31 MAR 2021,88,88,85.1,85.5,391,172363,14849779.6
30 MAR 2021,90.8,91,90,90.2,399,909770,82150501
29 MAR 2021,89,92.5,88.8,90.8,362,5840761,515015045.3
26 MAR 2021,89,89.9,87.5,88.6,192,290410,25705962.2
25 MAR 2021,89.9,89.9,88,89.1,131,53513,4767019
24 MAR 2021,87.7,90,87,89.6,158,165842,14743793
23 MAR 2021,86.6,87.7,85.7,87.2,95,36693,3171321.5
22 MAR 2021,86.5,86.9,86,86.4,134,80914,7000401.1
19 MAR 2021,85.1,86.7,85.1,86.5,124,91288,7834779
18 MAR 2021,86.8,86.8,85,85.8,168,453918,38657653.3
17 MAR 2021,87.4,87.5,85.1,86,141,94193,8145432.5
16 MAR 2021,87.7,87.9,86.3,87.2,92,51020,4444584.8
15 MAR 2021,87.5,90,87,87.7,122,245291,21982302.6
12 MAR 2021,86,88,86,86.9,106,254266,22178171.2
10 MAR 2021,88.9,88.9,85.7,86.1,187,150700,13029653.1
9 MAR 2021,87,89.9,87,88.1,180,102705,9063027.7
8 MAR 2021,85,87,84.8,86.2,280,515719,44049828.5
5 MAR 2021,85,85.5,83,84.9,298,354402,29936880.7
4 MAR 2021,86,86.2,84.2,84.5,277,1424863,120574988.8
3 MAR 2021,87,87,85.4,85.8,282,211342,18174474.9
2 MAR 2021,88.3,88.3,86.5,86.8,246,133727,11647749.4
1 MAR 2021,88.8,90.5,88,88.3,277,559179,49718825.6
25 FEB 2021,89,91,87.7,88.8,471,835848,74383240.1
24 FEB 2021,86,86,84.6,85,395,4249491,361281574
23 FEB 2021,88.5,88.5,85,86,244,1916559,167609898.4
22 FEB 2021,91,91,88.1,89,203,1204403,108379244.3
19 FEB 2021,88.2,91,88.2,90,209,908287,81403538.2
18 FEB 2021,88.9,89,87.5,88.2,175,266980,23516412.8
17 FEB 2021,87.5,89.8,86,88.2,242,1392631,122128446.3
16 FEB 2021,90.5,91,86.9,87.7,271,691231,61885665.4
15 FEB 2021,88,91,88,90.3,397,1277173,115057487
12 FEB 2021,86.4,89,86.4,88.1,394,485583,42651986
11 FEB 2021,86.1,87,80,85.8,546,605707,51051736.4
10 FEB 2021,88.3,88.3,86.5,87.5,350,521895,45647848.7
9 FEB 2021,90,90,85.9,87.8,478,363744,31770962.8
8 FEB 2021,94.8,94.8,89.5,90,406,903390,83221017.7
5 FEB 2021,94,95,92,92.7,312,253520,23518416.3
3 FEB 2021,89,94,89,93,533,605039,55689915.7
2 FEB 2021,95.8,95.9,86,89.9,742,1308272,119233608.1
1 FEB 2021,100,100,95.9,96.3,698,1050666,102153074
29 JAN 2021,103.5,105,99,99.7,907,3056879,308797116.55
27 JAN 2021,101.25,101.5,99,99.8,608,1281218,127939106.65
26 JAN 2021,103,103.5,100,100.5,774,3747035,377685275.25
25 JAN 2021,99.8,103,99.5,100.75,971,3086446,312419534.7
22 JAN 2021,94.5,99.7,94.5,99.2,987,5118896,495331232.6
21 JAN 2021,96,96,92.5,93.7,879,1220516,114301665.6
20 JAN 2021,97,99.9,92,96.7,1414,1946620,188858811.3
19 JAN 2021,89,97,89,96.2,2054,6760848,624052894.3
18 JAN 2021,85,90,85,88.7,1229,2449235,216888589.7
15 JAN 2021,82,85.1,81.7,84.3,633,3183752,265412943.9
13 JAN 2021,81.8,82.5,81.5,82,314,548770,44983909.7
12 JAN 2021,82.1,82.6,81,82,303,870029,71296019.3
11 JAN 2021,82.4,82.6,82,82.3,275,1102559,90474707.9
8 JAN 2021,82.7,82.8,81.9,82.4,258,893866,73343877
7 JAN 2021,82.9,83,81.9,82.7,285,817620,67692195.4
6 JAN 2021,83,83.2,82,83,319,1025583,84984643.7
5 JAN 2021,83.5,83.9,83,83.2,358,644803,53819650.1
4 JAN 2021,81,83.6,81,83.3,481,1236817,102745513.1
31 DEC 2020,80.6,81.5,80.4,80.9,253,616275,49856432.7
30 DEC 2020,80.1,80.8,80.1,80.5,164,278683,22421928
28 DEC 2020,79.3,80.8,79.3,80.1,184,181827,14555082.4
24 DEC 2020,79,79.4,78.6,79.1,150,152780,12078869.9
23 DEC 2020,79.5,79.5,78.9,79,297,1019197,80554269.1
22 DEC 2020,79,80,79,79.5,173,118889,9450174.1
21 DEC 2020,80,80.6,79.2,79.4,225,458801,36540774.4
18 DEC 2020,80.5,80.7,79.9,80,276,1895728,151718385.1
17 DEC 2020,80.8,81.2,80.1,80.5,177,354605,28592506.6
16 DEC 2020,81,81.8,80.7,81,185,254376,20690211.6
15 DEC 2020,82,82.4,80.8,81,276,252390,20546736.7
14 DEC 2020,82,83,81.9,82.1,197,169724,13957222.4
11 DEC 2020,83,83.1,82.2,83,241,299921,24829137.3
10 DEC 2020,83.9,83.9,81.9,82.9,256,201164,16660972.1
9 DEC 2020,84.8,85,82.1,83.2,678,819681,69030788.6
8 DEC 2020,83.9,85.2,83.9,84.5,658,1957222,166060089.8
7 DEC 2020,81.9,83.8,81.8,83.4,541,382539,31685693.2
4 DEC 2020,80.9,82.1,80.6,81.8,297,1429472,116791555
3 DEC 2020,80.9,81,80.2,80.6,226,500867,40422295.5
2 DEC 2020,81,81,80.4,80.5,329,327501,26422425
1 DEC 2020,79.3,81,79.1,80.3,617,1507666,120641935.6
30 NOV 2020,76.5,79.5,76.4,78.8,360,759125,59062687.1
27 NOV 2020,76.5,77,76.5,76.5,190,386979,29623062
26 NOV 2020,76.3,76.7,76.2,76.5,234,583137,44601144.4
25 NOV 2020,76.8,77,76,76.3,254,346962,26488814
24 NOV 2020,76.6,77,76.2,76.6,172,730176,55916791
23 NOV 2020,76.2,76.7,76,76.5,225,640404,48991845
20 NOV 2020,76,76.5,76,76.1,123,404158,30743187.2
19 NOV 2020,76.1,76.4,75.9,76,100,50291,3822935.7
18 NOV 2020,76,76.9,75.5,76.1,117,42307,3222931.8
17 NOV 2020,76,76,75.2,75.5,169,783978,58968848.6
16 NOV 2020,77,77.5,75.8,76.1,177,231242,17708718.9
13 NOV 2020,77,77.6,76.5,77,198,327193,25115406.3
12 NOV 2020,76,79,75.5,77,254,502000,38485251.8
11 NOV 2020,80,80,78,79,317,700645,55456483.4
10 NOV 2020,76,79,76,78.1,420,689200,53560943.1
9 NOV 2020,75.9,76,74.6,75.1,274,589133,44221641.7
6 NOV 2020,74.5,76.9,74.2,75.1,319,1937158,145455584.2
5 NOV 2020,75,75,74,74.5,239,1499801,110739715.7
4 NOV 2020,73.5,75,73.3,74.5,157,106147,7894907.8
3 NOV 2020,73,73.9,72.9,73.5,249,439493,32247013.6
2 NOV 2020,73,74.2,72.8,73,329,418752,30584856.7
29 OCT 2020,73,74.8,72.8,74.3,127,63944,4697446.3
28 OCT 2020,73.5,74.4,72.5,73,333,756846,55539811.2
27 OCT 2020,74.2,74.3,73.5,73.8,205,639701,47266288.3
26 OCT 2020,73,74.3,73,73.9,283,346672,25592525.8
23 OCT 2020,75.7,75.9,74.4,74.5,250,766282,57128986.9
22 OCT 2020,73,76.5,73,74.5,303,396967,29587045.3
21 OCT 2020,76.5,77.4,73,73.8,665,656205,49186873.8
20 OCT 2020,77.4,77.4,76.5,76.7,281,423431,32476548.8
19 OCT 2020,78.6,78.6,77,77.4,233,350573,27333446.4
16 OCT 2020,77.1,79.1,76,77.3,224,432941,33363416.8
15 OCT 2020,79,79,76.2,77.5,207,114488,8808028.3
14 OCT 2020,74.5,79.5,74.3,77.6,305,583463,44451872.6
13 OCT 2020,75,76,74.3,74.5,418,1010875,75739284.6
12 OCT 2020,77,77.3,74.9,75.3,554,412990,31410512.9
9 OCT 2020,76.5,78.2,76.5,77,356,594281,45823191.3
8 OCT 2020,74.6,77.3,74.6,75.7,346,258994,19672589.8
7 OCT 2020,74.1,76.5,74,74.4,496,1509384,113535653.7
6 OCT 2020,74,78,70.2,74.4,887,1450229,108991563.3
5 OCT 2020,76.5,77.4,73.1,74.7,1045,1882557,141400772.3
2 OCT 2020,80,80,79,79.2,452,788423,62639488.3
30 SEP 2020,79.5,80,78.4,79.9,446,932716,74229858
29 SEP 2020,81,81,79.5,80,589,1908560,152763784.4
28 SEP 2020,81,81.5,80.5,80.9,245,583243,47218300.2
25 SEP 2020,81,81.9,80.5,81,227,383388,30982159.2
24 SEP 2020,81,82,80.5,80.7,349,4571205,370173436.5
23 SEP 2020,81.5,82,80.5,80.9,284,355091,28736268.1
22 SEP 2020,83,83,80,80.9,375,757384,61501991.7
21 SEP 2020,83.5,83.5,81.5,82.1,586,953540,78544276.3
18 SEP 2020,82.9,83.8,82.6,82.8,906,4119392,342706397.6
17 SEP 2020,79.1,82.9,79,82.4,821,2161527,174307921.5
16 SEP 2020,79,80.6,78.5,79,403,718182,56838503.2
15 SEP 2020,79.5,79.5,78.4,78.6,591,1496356,117932818.5
14 SEP 2020,80,80.5,79.1,79.3,374,815905,65184645.8
11 SEP 2020,79,80,79,79.5,183,233149,18535456
10 SEP 2020,79.9,80,79,79,251,1424191,113577627.5
9 SEP 2020,79,81.5,78.9,79,417,535107,42526019.3
8 SEP 2020,77.5,78,77.1,77.6,374,276468,21421574.2
7 SEP 2020,78.6,78.9,77.2,78,351,393535,30709628.4
4 SEP 2020,79.6,79.6,78.4,78.6,576,1140805,89655803.1
3 SEP 2020,80,80,79.5,79.6,376,302656,24136935.9
2 SEP 2020,81,81,79.7,80,628,912922,73044687.7
31 AUG 2020,81.9,81.9,80.8,80.9,261,686511,55604929.9
28 AUG 2020,80.1,82,80.1,81.5,257,637093,51897052.7
27 AUG 2020,82.2,82.2,79.9,80.1,1058,13563525,1084564313
26 AUG 2020,82.5,82.5,81.2,81.6,323,323296,26406882
25 AUG 2020,83.6,83.6,81.8,82.2,446,6001195,492677339.7
24 AUG 2020,83.1,85,83,83.6,389,698153,58503769.4
21 AUG 2020,83,83.4,82.8,83.1,238,450985,37460596.4
20 AUG 2020,83,83.5,82.2,83,295,1937990,160795797.6
19 AUG 2020,82.5,83.5,82,83.1,280,4685384,385671990.5
18 AUG 2020,82.5,83,82,82.5,543,4685758,386552586.7
17 AUG 2020,82.5,82.9,80.8,82,367,7516677,616569573.9
14 AUG 2020,84,84,82.4,82.5,567,1729790,143321012.5
13 AUG 2020,81.5,83.9,80.8,83.4,817,3643132,300734578.6
12 AUG 2020,78,81.2,78,81,1130,8328669,666176644
11 AUG 2020,76.2,77.7,76,76.6,273,13026789,998026963.5
10 AUG 2020,77.4,77.4,75.8,76.2,213,2207278,167901396.2
7 AUG 2020,78.5,79,76.3,76.9,355,2781751,215358040.7
6 AUG 2020,76.8,77.6,76.3,77,269,1361596,104552647.5
5 AUG 2020,77,77.5,76.6,77,204,683258,52595159.6
4 AUG 2020,76,77,76,76.8,410,481759,36948679.4
31 JUL 2020,73.5,75.1,73,75,196,1425982,106359239.5
30 JUL 2020,73.5,73.5,72,72.4,594,4396073,316949618.8
29 JUL 2020,74,74,73.4,73.5,246,879905,64731943
28 JUL 2020,75,75,73.8,74,395,1135902,84660609.5
27 JUL 2020,75,75,74.5,74.8,228,1449197,108476840.8
24 JUL 2020,74.6,75,74.2,74.5,159,277927,20764330.6
23 JUL 2020,74.6,74.7,74.3,74.4,154,287616,21407906.1
22 JUL 2020,74.8,75,74.3,74.5,162,154750,11533066.6
21 JUL 2020,75,75,74.2,74.7,232,709159,52900138.3
20 JUL 2020,74.8,75.4,74.8,74.9,275,1194401,89569543.1
17 JUL 2020,74,75,73.9,74,373,3210980,237854515.6
16 JUL 2020,73,74.5,73,74,216,1279568,93624406.2
15 JUL 2020,73,73.5,71,72.6,286,557401,40501825.9
14 JUL 2020,70,73.4,70,73.1,597,4442848,324009190.7
13 JUL 2020,70,73.1,66,70.8,896,1685234,118441000.7
10 JUL 2020,76,76,71,73.9,882,2923700,217657137.5
9 JUL 2020,76.6,77.5,76.5,76.6,277,952555,73137441.6
8 JUL 2020,76.5,77,76.3,76.6,258,1498999,114670311.5
7 JUL 2020,76.5,77.3,76.2,76.5,375,6146069,470272493
6 JUL 2020,76.5,76.5,74.5,75.8,561,1047980,78917487.1
3 JUL 2020,77.9,77.9,76.1,76.5,433,7222393,553841093.1
2 JUL 2020,78,78,76,77.1,548,2189399,169497458
1 JUL 2020,79,79.1,77.9,78,524,827545,64860084.8
30 JUN 2020,79.9,79.9,77.8,78.8,1045,6612669,518321987.1
29 JUN 2020,77.1,77.6,76.5,77,444,1410087,108774655.2
26 JUN 2020,76.5,77.3,75.6,76.7,438,2876841,219707359.6
25 JUN 2020,76.4,77.5,76.4,76.9,576,2221766,170690760.8
24 JUN 2020,76,76.5,75,76,643,2436475,184696771.8
23 JUN 2020,74.8,76.9,74.6,75.9,869,2536361,192014919.4
22 JUN 2020,71,74.6,71,74.1,714,2390941,175204621.5
19 JUN 2020,69.8,71.4,69.8,71,656,4153502,292650566.3
18 JUN 2020,70,71,69.6,69.8,764,6277353,438619711.8
17 JUN 2020,69,70.5,69,69.9,651,4441835,309852965.3
16 JUN 2020,68.8,69.1,68,68.8,277,5216495,359482768.1
15 JUN 2020,69.1,70,67.8,68,499,477396,32963255.5
12 JUN 2020,67.2,69.5,66.6,68.8,601,2595790,176192446.4
11 JUN 2020,66.5,67.9,66.3,67.4,513,2856048,191954656.4
10 JUN 2020,66.2,66.9,65,65.5,629,2839767,185387256.5
9 JUN 2020,64,66.9,64,65.2,806,4569711,297538065.8
8 JUN 2020,63.5,64,63.4,63.5,506,2599109,165521428
4 JUN 2020,63,63.1,62.5,62.7,127,101650,6379101.4
3 JUN 2020,62.5,64,62.5,63,407,960307,60595997.1
2 JUN 2020,63,63,62,62.3,371,446039,27885656.4
1 JUN 2020,63.1,63.1,60.9,61.6,657,943894,58037272.5
29 MAY 2020,64.7,64.7,62.1,63,815,1459928,92192734.4
28 MAY 2020,64,65,64,64.8,668,1542178,100131805.2
27 MAY 2020,64,65.1,60.5,64,809,1092917,69518046.4
26 MAY 2020,69,69,63.9,63.9,1561,2690451,173915711.8
22 MAY 2020,71,71.9,66.5,68.1,1500,4435326,307395684
21 MAY 2020,65,71.5,65,70.2,1597,5860715,406624158.8
20 MAY 2020,59,64,59,62.1,1371,3935315,239085660.2
19 MAY 2020,57,59,56.9,57.6,1365,7528771,432006183.8
18 MAY 2020,55.8,57.1,55.8,56.1,1389,4866484,273551317.9
15 MAY 2020,52,55,50.6,54.8,878,3474767,180540453.2
14 MAY 2020,57,58.5,50,50.1,2048,58452021,2935360249.3
13 MAY 2020,57,59,55,55.4,784,2854836,159991260.1
12 MAY 2020,54,57,54,55.1,870,1072438,58982265.4
11 MAY 2020,55,55,54,55,88,20637,1134035
20 MAR 2020,67,67,59.6,60.1,628,1408702,85122440.2
13 MAR 2020,74,74,70,72.1,648,1102402,77905036.4
12 MAR 2020,77.7,77.7,74,75,438,872175,65410273.9
11 MAR 2020,77.8,79.9,77.5,78,225,328128,25619195.2
10 MAR 2020,79,79,75.5,77.2,463,597906,46225004.1
6 MAR 2020,81.1,81.1,79.2,79.7,511,1508692,120505973.5
5 MAR 2020,84.5,84.5,80.5,81,570,2282221,185200845.6
4 MAR 2020,86.5,86.5,84.4,84.5,208,128628,10934050.2
3 MAR 2020,86,88.4,85.4,85.8,173,197920,17016542.2
2 MAR 2020,86,88.7,85,86,163,129904,11119981.3
28 FEB 2020,87,87,85.3,85.5,257,1362027,117130830.1
27 FEB 2020,88,88.5,87.1,87.5,104,53587,4711278.9
26 FEB 2020,89,89,86.9,87,129,119901,10457693.6
25 FEB 2020,90,90,88,89,97,53607,4768883.4
24 FEB 2020,90,91,89.5,89.8,151,189123,17094645.8
20 FEB 2020,89,91.5,89,90,243,1182477,106447663.4
19 FEB 2020,88.4,91,88,89.9,237,75762,6768219.6
18 FEB 2020,87.3,88.5,85.7,88.1,255,120918,10484099.3
17 FEB 2020,86,86.5,85.4,85.5,352,983006,84084953.1
14 FEB 2020,87.5,88,84.6,85.5,723,898453,76735739.7
13 FEB 2020,89,89,87,87.2,356,173463,15249663.5
12 FEB 2020,89.9,89.9,88.7,88.9,313,164342,14642474.7
11 FEB 2020,93,93,91.9,92,335,2282535,210098451.5
10 FEB 2020,94,94,92.5,92.5,168,687937,63637058.1
7 FEB 2020,93,93,92,92.2,224,920181,84703643.3
6 FEB 2020,94.8,94.8,92,92.2,267,1094508,100994860.2
5 FEB 2020,93,93,92.9,93,101,61733,5741008.9
3 FEB 2020,93,95,92.1,92.4,188,2013663,185413885.3
31 JAN 2020,91.9,93,91.8,92,194,757416,69682553
30 JAN 2020,92.5,92.7,91.9,92,132,2579417,237346830
29 JAN 2020,92.5,93,92,92,179,6265150,576447120
28 JAN 2020,92.5,93,92.3,93,93,154512,14348124.7
27 JAN 2020,94,94,92.7,93,74,77176,7180137.1
24 JAN 2020,93.8,94.4,92,93.5,164,1583247,145794227.3
23 JAN 2020,93,93.8,92.9,93.5,131,127885,11928749.9
22 JAN 2020,92.9,93.5,92,92,310,3832238,353297525.9
21 JAN 2020,90.2,93,90,92,110,469653,42420148.4
20 JAN 2020,91,91,89.5,90,134,3747534,330029846.5
17 JAN 2020,92,92,89,89.9,421,285316,25632939.7
16 JAN 2020,92,92,91.5,92,66,19000,1747545.3
14 JAN 2020,92.9,92.9,90.9,91.8,94,24615,2252413.1
13 JAN 2020,92.6,93.9,90.5,90.8,245,191938,17598698.8
9 JAN 2020,92,94,92,92.8,163,113317,10519187.7
8 JAN 2020,94,94,92,92,182,66474,6154971.8
7 JAN 2020,94.5,94.5,93.7,93.8,67,9306,874730.7
6 JAN 2020,95,95,94,94,154,52715,4964618.3
3 JAN 2020,95.1,95.1,94.8,95,133,114407,10869189.3
2 JAN 2020,96,96,94.7,95,162,212306,20169560.2
31 DEC 2019,97,97,94.7,95,207,134786,12841389.1
30 DEC 2019,97.5,97.5,95.8,95.9,282,279117,26794913.1
27 DEC 2019,97,98.5,96.9,97,93,51900,5038791
26 DEC 2019,96.5,98.6,96.5,96.9,38,7749,749993
24 DEC 2019,96.1,96.5,95.9,96,120,208640,20028026.6
23 DEC 2019,96.9,96.9,95.9,96,171,61267,5893442
20 DEC 2019,97.5,97.5,96.5,96.6,117,33455,3234188
19 DEC 2019,97,98,96.9,97,94,21815,2119579.4
18 DEC 2019,97.5,97.5,96.7,97,51,36627,3552671.8
17 DEC 2019,96.5,97.5,96.4,97,58,214923,20843111
16 DEC 2019,97.8,97.8,96.3,96.5,114,204825,19764431.6
13 DEC 2019,96.5,97.9,96.5,96.5,146,344628,33275420.5
12 DEC 2019,97.9,97.9,96.1,96.4,237,1356518,130932054.1
10 DEC 2019,97,97.5,96.7,97.4,60,35333,3427607.4
9 DEC 2019,98,98,96.5,97,181,260076,25347121.1
6 DEC 2019,97.9,98,97.8,98,97,180009,17629262.1
5 DEC 2019,98.5,98.5,97.8,97.9,128,198524,19449559
4 DEC 2019,99.5,99.5,98,98,268,954135,93604524.3
3 DEC 2019,99,99.5,98.9,99,176,393008,38912696.7
2 DEC 2019,100.1,100.1,98,98.8,284,221512,21971495
29 NOV 2019,101.9,102,99.7,100.1,257,678591,68382643.4
28 NOV 2019,102,102.5,100.5,101,270,2907050,295958775.7
27 NOV 2019,100.1,100.5,99.5,100,103,30217,3021518
26 NOV 2019,100.8,101.2,100.1,100.4,102,104526,10513632.4
25 NOV 2019,102,102,100.6,100.7,88,36268,3669036
22 NOV 2019,103,103,101.2,101.3,94,116662,11924579
21 NOV 2019,102.2,103,101.2,101.5,141,568595,57938027.7
20 NOV 2019,103.5,103.5,101,102.2,174,668076,68635135.1
19 NOV 2019,102.8,104,102.8,103.5,254,1296378,134099146.2
18 NOV 2019,100.1,102.8,100.1,101.8,372,3731609,378712237.1
15 NOV 2019,99,99.1,98.6,99,219,968243,95854223.2
14 NOV 2019,99,99.8,98.5,99,105,153614,15200856.6
13 NOV 2019,99,99.9,98.5,98.6,201,1308316,129286218.4
8 NOV 2019,97.8,99,97.6,98.8,40,25995,2560868
7 NOV 2019,98,98,97,97.2,74,18576,1810985.9
6 NOV 2019,98,99,97.5,97.5,98,50850,4975325.8
5 NOV 2019,99,99,97.8,97.9,123,101231,9918762.8
4 NOV 2019,99,99,98.7,98.9,198,259604,25678318.8
1 NOV 2019,97,99,96.9,98,474,2471566,240784783.2
31 OCT 2019,97,97,96.7,96.9,231,416571,40389928.4
30 OCT 2019,97,97,96,97,137,65799,6381625
29 OCT 2019,98,98,97.8,97.8,104,42668,4176281.3
28 OCT 2019,99,99,97.8,98,230,175068,17156924
25 OCT 2019,99,99,98.3,98.5,106,58026,5720349
24 OCT 2019,99,99,98,98.1,227,144757,14244885.7
23 OCT 2019,99.9,99.9,98.8,99,78,42749,4231150.1
22 OCT 2019,100,100,98.8,99,88,305641,30218616.8
21 OCT 2019,99.5,99.5,98.8,99,103,142111,14061451.2
18 OCT 2019,98.5,99,98.5,98.9,94,122006,12070893.2
17 OCT 2019,98.4,99,95,98.8,142,3126636,308847891.7
16 OCT 2019,99,99,97.8,98,148,368798,36141338.5
15 OCT 2019,100,100,97.8,98,262,421519,41416136
14 OCT 2019,100,100,98.9,99,229,786830,77905938
11 OCT 2019,100,100,98.8,99,126,351099,34759322.3
10 OCT 2019,100,100,98.9,99.1,266,4395595,435193907.3
9 OCT 2019,100,101,98.9,99,455,1963290,194632543.6
8 OCT 2019,100,100,99,99.9,41,13205,1315085.5
7 OCT 2019,100.1,100.1,98.5,99,79,156256,15473361.5
4 OCT 2019,98.5,99.8,98.5,99.1,12,4268,422992.3
3 OCT 2019,98,99.9,97.5,98.4,35,22070,2153133.1
2 OCT 2019,100,100,97.9,98,36,5016,491944.4
1 OCT 2019,98.5,98.5,97.9,98,74,71372,7007540.9
30 SEP 2019,100,100,98,98.1,52,3704,364215.1
27 SEP 2019,100,104,98.5,99,113,61504,6135404.3
26 SEP 2019,98,99,97.9,98.9,76,46442,4558260.3
25 SEP 2019,98.2,100,98,98,45,10079,991447
24 SEP 2019,99.1,99.5,98,98.1,68,11426,1127352.2
23 SEP 2019,100,100,99.3,99.4,50,4459,444313.4
20 SEP 2019,99.8,101.9,99.7,100,71,177055,17705291.5
19 SEP 2019,102,102,99.8,100,232,447042,45020687
18 SEP 2019,102,102.5,101.8,101.9,41,9003,918160.6
17 SEP 2019,103,103,101.9,102,52,36009,3685997.9
16 SEP 2019,104.1,104.1,103,103,26,20380,2099373.4
12 SEP 2019,105,105,103,103.5,25,6149,636413.1
11 SEP 2019,102.9,103,102.5,102.5,16,42260,4335769
10 SEP 2019,102.9,102.9,102,102.3,68,64023,6546337.5
9 SEP 2019,103.7,103.9,102.2,102.6,52,49342,5089971.8
6 SEP 2019,105.2,105.2,103,103.7,69,196725,20592181
5 SEP 2019,106.5,106.9,105.9,106,51,222831,23620128.1
4 SEP 2019,107,107,106.5,106.5,13,4384,468167
3 SEP 2019,107.6,108,106.5,107,49,83905,8977256.5
2 SEP 2019,108,108,107.5,107.6,29,8375,901155
30 AUG 2019,108.2,108.9,107.6,107.7,60,535026,57781966.2
29 AUG 2019,108.5,108.5,107,108,37,518199,55950744.6
28 AUG 2019,107,107.1,106.5,107,29,9777,1046147.9
27 AUG 2019,105.5,107.5,105.5,107,30,167711,17779246.8
26 AUG 2019,107,107.9,105.2,106,38,41404,4388232.5
23 AUG 2019,106,107,105.2,106,42,34816,3690491
22 AUG 2019,106.6,107,105.1,105.8,50,43396,4594166.8
21 AUG 2019,107.4,108.8,106.8,107,38,130108,13924593.2
20 AUG 2019,105.3,107.9,105.3,106.1,52,404487,42857036.2
19 AUG 2019,106.6,106.6,105,105.1,53,33770,3563672.9
16 AUG 2019,107,108,105.7,106,31,13082,1387401
15 AUG 2019,108,108.5,105.6,106,98,602309,64588693.3
13 AUG 2019,112,112,107.1,109.1,110,335003,36612212.8
9 AUG 2019,105,112.5,105,107.9,151,268364,28655175.7
8 AUG 2019,107,107,105,105.1,52,52278,5536397.9
7 AUG 2019,104,107,103.6,107,54,14090,1477614.8
6 AUG 2019,105,105,103.4,104,59,8342,870498.1
5 AUG 2019,106,108,105,105.2,36,6963,734353.7
2 AUG 2019,107,107,101.1,104.9,234,438089,45012455.6
1 AUG 2019,111,111,105.5,106.5,91,49273,5343597.5
31 JUL 2019,110,112,109,109.8,153,331226,36407003.9
30 JUL 2019,113.2,115,109.5,111,283,337248,37752029.2
29 JUL 2019,109.5,114,109.5,113.1,259,2921144,319742664.2
26 JUL 2019,109.5,109.5,108.8,109.4,199,2080039,227137904.4
25 JUL 2019,104.5,111,104.2,109,262,728237,79389923
24 JUL 2019,102,104.2,101.5,103.9,119,72519,7427867.6
23 JUL 2019,100.5,101.9,100,101.4,90,49704,4989285.3
22 JUL 2019,102,102,100,100.4,98,269290,27038774.9
19 JUL 2019,99,102.5,99,101.3,114,32906,3302623.9
18 JUL 2019,97.5,99,97,98.5,131,51051,5003979.8
17 JUL 2019,95.2,97.8,94.2,97.1,111,919262,87147643.1
15 JUL 2019,94.1,95.2,94,94.2,102,2065433,195175332.9
12 JUL 2019,94.8,95.9,93,93.9,35,3145,295796.9
11 JUL 2019,94.8,94.8,92.9,94.4,70,52153,4911527.1
10 JUL 2019,95,95,93,93.2,140,208726,19459676.6
9 JUL 2019,95.5,95.5,94.3,94.6,104,287472,27308694.6
8 JUL 2019,97,97.2,95.2,95.5,63,76041,7269154
5 JUL 2019,96.8,97.8,95,96.9,69,23580,2268009.1
4 JUL 2019,94.8,96.5,94.5,95.6,43,10588,1008650.1
3 JUL 2019,94,94.8,93.2,94.7,35,287143,26912653.9
2 JUL 2019,93,96.5,93,94.3,38,19060,1782137.5
1 JUL 2019,93,94,92.5,93,26,98817,9184219.1
28 JUN 2019,93,93,91.8,91.9,34,776587,71445714
27 JUN 2019,92.3,93,92,92,26,22743,2093674
26 JUN 2019,92.5,92.5,91.4,91.5,18,10129,927137.3
25 JUN 2019,92,92,91.4,91.4,25,5217,478025.3
24 JUN 2019,92.8,92.8,91.2,92,31,25053,2299315.9
21 JUN 2019,93.5,93.9,92.5,92.6,49,12045,1117948.4
20 JUN 2019,93.7,94,93.4,93.5,30,39560,3701043.2
19 JUN 2019,94.5,94.5,93.5,93.6,42,59656,5584254.3
18 JUN 2019,94.8,94.8,93.5,94,40,1602116,149808220
17 JUN 2019,94.8,94.8,93,93.5,28,21061,1961024.7
14 JUN 2019,93,94,93,93.1,28,7712,721300.6
13 JUN 2019,94.9,94.9,93,93.3,75,20809,1955209.3
12 JUN 2019,94.2,94.8,93.9,94.7,30,7724,728415.6
11 JUN 2019,92.5,93.9,92.1,93.8,39,6469,603855.1
10 JUN 2019,91.2,93,91,92.2,25,4029,368784.7
7 JUN 2019,91,91.5,90.1,91.5,20,5448,495433.5
6 JUN 2019,89.5,91,89.5,90,23,128705,11583462.8
4 JUN 2019,90.5,91,90,90,102,206194,18560652
3 JUN 2019,91.8,91.8,90.5,91,44,11097,1010984.2
31 MAY 2019,92.5,92.5,91.1,91.6,22,3588,329609.7
30 MAY 2019,92.5,92.5,92.3,92.4,50,257731,23839585.1
29 MAY 2019,94,98,92,92.1,22,7635,704338
28 MAY 2019,90.6,92,90.6,91.9,14,2683,246455.7
27 MAY 2019,91,91,90.5,90.5,33,69599,6300382.6
24 MAY 2019,90.5,91,90,90.1,47,13814,1245539
23 MAY 2019,90.5,90.5,90,90.5,44,26775,2414082.9
22 MAY 2019,90,91,90,90,38,58606,5274768.5
21 MAY 2019,90,90,89.1,90,35,122719,11000075
17 MAY 2019,89.5,89.5,88.6,89,62,51295,4565460.4
16 MAY 2019,89.4,89.4,88.7,88.9,62,16344,1453318.1
15 MAY 2019,89.9,90,88.9,89.5,58,28652,2562085.7
14 MAY 2019,90,90.1,89.3,89.9,61,1435576,129200574.2
13 MAY 2019,90,92.4,90,90,38,8214,740750.2
10 MAY 2019,92,92,89.9,90,66,181257,16314726.2
9 MAY 2019,92,92,89.9,90,130,458014,41225107.8
8 MAY 2019,91,91,90.5,90.8,57,16371,1489219.5
7 MAY 2019,91,92.4,91,91.5,43,24034,2196922.6
6 MAY 2019,92.9,92.9,91,91.9,85,136562,12563848.2
3 MAY 2019,91.8,93,91.8,92.6,65,96007,8834420.5
2 MAY 2019,91.7,93,91.5,91.6,58,16703,1534945.3
30 APR 2019,92,92.8,90.7,92,102,240926,21960716.2
29 APR 2019,92,92,90.6,91.4,109,246548,22528296.3
26 APR 2019,92.7,92.9,91.9,91.9,101,33730,3110186.7
25 APR 2019,94,94,92.8,92.9,72,3295091,306443924.7
24 APR 2019,93,93.9,92.6,93,88,19508,1813789.4
23 APR 2019,95,95,90,92.8,142,46461,4239169.5
18 APR 2019,97,97,95.7,95.9,95,17590,1688327.1
17 APR 2019,97,97,96.6,97,35,6344,615255.6
16 APR 2019,98,98,96.1,97,94,35382,3429898
12 APR 2019,98,98,97.4,97.7,58,63902,6260706.8
11 APR 2019,99,99,98,98,73,20950,2055174.8
10 APR 2019,99,99,98.4,98.4,60,147116,14544481.9
9 APR 2019,99.8,99.8,98.5,98.9,94,37195,3680073.1
8 APR 2019,99.9,99.9,99.5,99.8,20,2850,284174.2
5 APR 2019,100,100,99.7,100,26,2377,237410.8
4 APR 2019,102,102,99.1,100,77,204561,20456308.6
3 APR 2019,103,103,100,100,57,414313,41693624.1
2 APR 2019,101.9,103,99.5,99.6,24,2633,262057.8
1 APR 2019,103,103,99,99.8,21,880,88162
29 MAR 2019,99,100,98.5,98.7,41,28110,2778042.3
28 MAR 2019,98.7,99.8,98.2,98.5,76,184031,18129470.6
27 MAR 2019,99,99,98.5,98.5,51,171714,16959735.7
26 MAR 2019,98,99,98,99,18,3508,345419.2
25 MAR 2019,100,100,98,98.4,53,214983,21230551.2
22 MAR 2019,100,100,98,98.7,51,13838,1361061.7
21 MAR 2019,99,99,98.5,98.5,54,36937,3643382.5
19 MAR 2019,100.5,100.5,98.3,99,121,135259,13402723.6
18 MAR 2019,100,100,99,100,37,744411,74305244.7
15 MAR 2019,99,100,98.5,99,60,11293310,1118038284.1
14 MAR 2019,99,100,97,99,52,87029,8619243.9
13 MAR 2019,97,100,97,97,174,248111,24143719.8
12 MAR 2019,100,100.1,99.5,100,57,14773,1476639.9
11 MAR 2019,100.6,102.2,99.5,100.6,121,1664335,168036402.1
8 MAR 2019,102,103.7,101.5,102,96,560796,57251572.3
7 MAR 2019,103.8,105,103,103.8,14,1382,144654.4
6 MAR 2019,103,103.6,102.8,103,79,44079,4541145.2
5 MAR 2019,103,103.5,102.8,103,134,61658,6354230.7
1 MAR 2019,103,106,102.7,103,130,57889,5986635.2
28 FEB 2019,105.4,107,105,105.4,114,348544,36759073.4
27 FEB 2019,106.9,108,106.5,106.9,39,10248,1097426.7
26 FEB 2019,107.9,108,106.5,107.9,30,12150,1304093.5
25 FEB 2019,106,107.8,105,106,149,2534561,271228981.2
22 FEB 2019,107.1,108,106.5,107.1,46,11066,1183374.2
21 FEB 2019,106.7,108.1,106,106.7,107,286298,30597425.7
20 FEB 2019,108.1,109.5,108,108.1,74,26841,2916823.8
18 FEB 2019,109.5,110,109.3,109.5,40,5798,636261.8
15 FEB 2019,109.8,111,109.6,109.8,105,25242,2778508.8
14 FEB 2019,111,111.5,110.9,111,23,2820,313017
13 FEB 2019,111,111.2,110.9,111,32,2787,309427.6
12 FEB 2019,111.1,111.5,111,111.1,50,12579,1398582.9
11 FEB 2019,111.4,111.9,111.3,111.4,50,215670,24029241.8
8 FEB 2019,111.4,111.5,111.3,111.4,71,118202,13175487.6
7 FEB 2019,111.8,112.4,111.6,111.8,88,65264,7298273.9
6 FEB 2019,112.3,113,112,112.3,80,79254,8939180.4
5 FEB 2019,114,114.5,113.9,114,111,56620,6455476.1
1 FEB 2019,114,114.8,113.9,114,54,1819120,207379763
31 JAN 2019,114,114.9,114,114,60,208734,23795969.6
30 JAN 2019,114,115,114,114,111,125947,14364931
29 JAN 2019,114.2,115,114,114.2,79,35831,4086587
28 JAN 2019,114.1,115,113.5,114.1,54,36309,4134444.5
25 JAN 2019,113.5,113.9,113.1,113.5,30,41212,4677840.9
24 JAN 2019,113,113.8,113,113,54,10979,1241152.3
23 JAN 2019,113.1,113.9,113,113.1,66,228603,25997096.9
22 JAN 2019,113.8,114,113.7,113.8,17,1668,190018.1
21 JAN 2019,114,115,113.9,114,67,573348,65364151.1
18 JAN 2019,114.5,115,114.5,114.5,69,206254,23676955.3
17 JAN 2019,114.8,115.1,114.6,114.8,8,12304,1414514.5
16 JAN 2019,115,115,114.2,115,27,153326,17632145.5
14 JAN 2019,114.2,115,114,114.2,22,1384270,157807343.7
11 JAN 2019,114,115,113.9,114,64,3141207,358097690.9
10 JAN 2019,114,114,114,114,13,27143,3094302
9 JAN 2019,113.2,114.9,113,113.2,47,747424,85203106.5
8 JAN 2019,114,115,113.9,114,53,160256,18399807.7
7 JAN 2019,115,115,114.5,115,15,6363,729245
4 JAN 2019,115,115,114,115,47,43066,4946780.8
3 JAN 2019,115,115.5,114.9,115,34,65499,7532338
2 JAN 2019,115.5,115.9,115,115.5,16,4889,563689.6
31 DEC 2018,115,115,114.5,115,33,917997,105566096.9
28 DEC 2018,115,115.4,114.8,115,41,372789,42870741.6
27 DEC 2018,115.1,115.5,115,115.1,27,92026,10588460.5
26 DEC 2018,115,115.9,115,115,19,11912,1370048.4
24 DEC 2018,114.9,115.1,114.9,114.9,22,6290,723342.7
21 DEC 2018,115.5,116,115.2,115.5,32,26481,3057517.9
20 DEC 2018,116,116,115.2,116,15,2115,245033.9
19 DEC 2018,115,115.6,115,115,64,908817,104526479.2
18 DEC 2018,115.9,116,115.6,115.9,12,40950,4735063.9
17 DEC 2018,116,117.2,115.5,116,34,36296,4211670.5
14 DEC 2018,116,117,115.1,116,38,21998,2545676.6
13 DEC 2018,116,118,115.9,116,126,4298610,498641146.4
12 DEC 2018,116.1,118.5,116,116.1,23,52602,6107336.7
11 DEC 2018,116,117.5,116,116,89,1450016,169629726.1
10 DEC 2018,117.8,118.5,117,117.8,40,128920,15088213
7 DEC 2018,118.8,119,118,118.8,72,81437,9684310
6 DEC 2018,118.8,119.4,118.1,118.8,19,7383,877923.4
5 DEC 2018,119.5,119.5,118,119.5,32,12697,1504800.5
4 DEC 2018,117.5,119.5,117,117.5,26,11940,1400622
3 DEC 2018,119.3,120,118,119.3,53,91450,10823935.4
30 NOV 2018,117.6,118.1,116,117.6,55,1768588,206419363.7
29 NOV 2018,116.6,116.6,115.3,116.6,25,5750,667914.5
28 NOV 2018,115.9,116,115,115.9,34,11515,1331354.3
27 NOV 2018,115.2,116,113,115.2,51,760652,86729825.7
26 NOV 2018,113,115.5,113,113,18,218021,24636927.5
23 NOV 2018,112.5,113,112.5,112.5,65,97758,11019485
21 NOV 2018,112.8,113,112.7,112.8,89,610618,68884735.7
19 NOV 2018,113,114,112.9,113,135,1090150,123478490.9
16 NOV 2018,114.1,114.5,114,114.1,44,105959,12079707.5
15 NOV 2018,114,115.1,114,114,33,88233,10062524.2
14 NOV 2018,113.7,118.7,112,113.7,71,39630,4501785.7
13 NOV 2018,115,116,114.5,115,109,318588,36640787.4
12 NOV 2018,115,117,114.5,115,51,98036,11282123.5
9 NOV 2018,115.7,116.5,114.9,115.7,115,98229,11335642.8
8 NOV 2018,115.9,119,115.1,115.9,84,109099,12667405
7 NOV 2018,118.1,124.5,116.5,118.1,72,108113,13054286.9
5 NOV 2018,124.4,125.4,124,124.4,70,44561,5565886.6
2 NOV 2018,123.9,125,123,123.9,236,2047930,252157728.4
1 NOV 2018,121.8,122,116.5,121.8,176,292022,35182219.6
31 OCT 2018,117.9,120,114,117.9,122,1697456,193755938.4
30 OCT 2018,114,115.5,113.5,114,149,624882,71384973.3
29 OCT 2018,114,115,111.5,114,216,148364,16792483.7
26 OCT 2018,110.3,111,107.6,110.3,139,4734749,512770727
25 OCT 2018,107.8,109,107.5,107.8,109,144137,15567089.8
23 OCT 2018,108.5,109,108.2,108.5,57,12331,1338650.5
22 OCT 2018,108.9,109,108.6,108.9,12,3027,329791
19 OCT 2018,108.5,110.5,108.5,108.5,113,43960,4789820.4
18 OCT 2018,110.7,111,110,110.7,26,2553,281819
17 OCT 2018,110,111.9,109.9,110,115,914342,100582176.6
16 OCT 2018,110,112.7,109.5,110,103,46748,5145248.7
15 OCT 2018,110.1,112,110,110.1,96,39530,4359446.4
12 OCT 2018,111.6,112.7,111,111.6,68,25387,2837647.7
11 OCT 2018,112.5,112.9,111.1,112.5,48,26117,2925786.4
10 OCT 2018,112.6,113.9,112.1,112.6,49,7291,820703.1
9 OCT 2018,113,114,112.9,113,74,204695,23134643.3
8 OCT 2018,114,114.3,113,114,20,52219,5947928
5 OCT 2018,113.5,114,112,113.5,35,10699,1204168.5
4 OCT 2018,112.5,113,112,112.5,83,160246,18015255.8
3 OCT 2018,111.5,112,111,111.5,63,81946,9136526.3
2 OCT 2018,112,113,111,112,84,1405526,156022550.5
1 OCT 2018,112.5,113.9,112,112.5,39,3642,409987.7
28 SEP 2018,113.9,114,112.9,113,60,30971,3500331
27 SEP 2018,115,115,112.9,113.1,84,67432,7638552.1
26 SEP 2018,114,114.5,113.6,114,122,552271,62458249.1
25 SEP 2018,114.6,115.5,113.7,114,81,119942,13672869.3
21 SEP 2018,115.5,115.5,114,114.1,159,1684990,192120973.8
20 SEP 2018,117,117,115.2,115.3,65,17433,2014615.4
19 SEP 2018,116.5,119,116,116.4,101,614768,71625793.8
18 SEP 2018,119.5,119.5,116.5,116.5,114,178532,20907629.8
17 SEP 2018,120,120,119.5,119.5,28,8878,1064132
14 SEP 2018,120.5,120.6,119.5,119.8,119,630139,75665795.4
13 SEP 2018,121.6,122,120.3,121,39,5991,728295.8
12 SEP 2018,122.8,123,121.5,122,46,33263,4058724.4
11 SEP 2018,123,123.5,122.8,123,29,219188,26960189.5
10 SEP 2018,124,124,123,123,28,4846,598782.6
7 SEP 2018,123.7,124,123.5,123.9,15,5173,639732.9
6 SEP 2018,124.5,124.5,123.5,123.7,24,2564,317238.4
5 SEP 2018,124,124,123.5,123.7,21,305939,37935856.5
4 SEP 2018,124.9,124.9,123.5,123.5,8,3074,380286
3 SEP 2018,125,125,123.2,124,22,56092,6956333.4
31 AUG 2018,124.9,125,124,125,37,1075914,133464572.3
30 AUG 2018,123.5,124.9,123.5,124.1,26,39189,4862196.5
29 AUG 2018,121,123.5,120.8,123,72,410919,50526081.8
28 AUG 2018,121.1,122,121,121,43,84885,10276409.2
27 AUG 2018,122,122,121,121.9,54,153432,18709962
24 AUG 2018,121,121.1,120.6,121,40,34297,4149922.6
23 AUG 2018,122,122,120.9,121,73,519596,62871447.8
21 AUG 2018,122.1,122.1,121.8,121.9,39,26663,3251037.7
20 AUG 2018,124,124,122,122.1,58,175240,21554171.1
17 AUG 2018,124,124,123,123.1,35,10851,1335292.1
16 AUG 2018,124.4,124.4,123,123.2,40,11572,1431989.6
15 AUG 2018,124,125,123.5,123.5,31,95105,11877813
14 AUG 2018,125.2,126,124,124,37,490273,61372337.8
13 AUG 2018,123.6,127.3,123.6,125.2,19,2708,337032
10 AUG 2018,124.9,125,124,124,26,11636,1445088.3
9 AUG 2018,124.4,124.4,123.9,124,103,493779,61229333.2
8 AUG 2018,123.5,124,123.5,123.5,29,111514,13771993.8
7 AUG 2018,124,124.4,123.5,123.5,19,294494,36370229
6 AUG 2018,124.9,124.9,123,123.5,34,5405,669542.6
3 AUG 2018,123,124.9,122.6,124.9,16,724,89152.4
2 AUG 2018,124,124,122.6,123,118,610217,75072358.4
1 AUG 2018,126.5,126.5,123,123.5,123,199963,24949843.4
31 JUL 2018,128,128,125,125.4,132,351464,43980669.3
30 JUL 2018,129.9,129.9,128,128,23,15081,1930981.9
26 JUL 2018,128.8,128.8,127,127.1,33,18896,2403123.3
25 JUL 2018,130.7,130.7,128.8,129,13,1702,220043.4
24 JUL 2018,130,130,128.9,130,41,48377,6288516.4
23 JUL 2018,129.5,130,129,130,68,535417,69592112
20 JUL 2018,129,129.8,128.5,129,66,188984,24382763.9
19 JUL 2018,126,129,126,128.6,31,105271,13288512.9
18 JUL 2018,126,126,125.8,126,21,376953,47495878
17 JUL 2018,126.2,128,126,126,55,422088,53189977
16 JUL 2018,127.2,127.9,125,125.1,100,132598,16636044
13 JUL 2018,128,128.9,126.1,127,50,289350,36755959.5
12 JUL 2018,127,129,127,128,50,767830,97482023.5
11 JUL 2018,126,128,126,126.9,77,26781,3413738.8
10 JUL 2018,124.9,125.5,124.5,125,18,14287,1784528.2
9 JUL 2018,123.9,124.5,123.9,124.5,19,1842,228478.2
6 JUL 2018,123.1,124.9,123,124,40,7020,872277.1
5 JUL 2018,122.6,124,122.5,123.1,46,17577,2159400.4
4 JUL 2018,123,123,122.5,122.5,59,93221,11424057.9
3 JUL 2018,123,123,122.8,123,28,6447,792448.2
2 JUL 2018,123.5,123.5,122.5,122.7,55,3608866,443114540
29 JUN 2018,123.9,123.9,122.9,123,61,2453294,301760498.5
28 JUN 2018,123.8,124,123,123,93,2210924,272322879.9
26 JUN 2018,124,124,123,123.8,42,862722,106952179.1
25 JUN 2018,124,124,123,123.1,57,107064,13191325
22 JUN 2018,124.8,125,123,123.2,91,215811,26593021.5
21 JUN 2018,124,124.5,124,124,47,23475,2912188.9
20 JUN 2018,126,126,123.6,123.9,107,145461,18156302.9
19 JUN 2018,126,126.5,125,125.3,92,80952,10168023.6
18 JUN 2018,127.9,127.9,126,126.9,122,557591,70787753.3
14 JUN 2018,128,129,127.9,128,49,21507,2753287.8
13 JUN 2018,128.2,129,128,128,114,2126462,272191088.6
12 JUN 2018,128,129,128,128.2,112,1108736,141942759.4
11 JUN 2018,128.1,128.3,127.9,127.9,85,792079,101309750.2
8 JUN 2018,129.3,130,128,128.3,170,138727,17858828.8
7 JUN 2018,130.9,130.9,129.3,129.5,82,114884,14881935.3
6 JUN 2018,130.9,130.9,130,130,60,36291,4718169.2
5 JUN 2018,131.2,131.2,130,130.1,118,172314,22408083.9
4 JUN 2018,131.5,131.9,130,130.9,93,111500,14515911.9
1 JUN 2018,131.1,131.9,130.5,130.8,63,120723,15794229.4
31 MAY 2018,132,132,131,131,83,744142,97950732.7
30 MAY 2018,132.4,132.5,131.5,132,70,385666,50851738.2
28 MAY 2018,133,133,131,131.5,69,580656,76357078.8
25 MAY 2018,132,132.5,131.8,132,56,119856,15819990.9
24 MAY 2018,132.1,132.7,132,132,86,381424,50349607.8
23 MAY 2018,132,133,131.7,132,16,11727,1548012.7
22 MAY 2018,132.1,132.5,131.9,132.1,52,204251,26962098
21 MAY 2018,133.9,133.9,132,132.2,104,330672,43684570.8
18 MAY 2018,134,134,133,133,41,18153,2423533.2
17 MAY 2018,134,134,133,133.3,31,7199,960701.5
16 MAY 2018,134,134,133.6,134,20,238853,31982664.3
15 MAY 2018,133.8,134,133.5,133.5,12,1414,188807.1
14 MAY 2018,134,135,133,133.1,53,15061,2007809.8
11 MAY 2018,134.2,134.2,133,133.1,78,237245,31627505.7
10 MAY 2018,136,136,134,134.1,56,83292,11206695.6
9 MAY 2018,136,136.5,134.6,135,32,113507,15323917.6
8 MAY 2018,134.8,136,134.5,135,14,9072,1224088.8
4 MAY 2018,134.2,135,134.2,134.8,24,62674,8444662.5
3 MAY 2018,135,135,134.1,134.6,26,43165,5808795.5
2 MAY 2018,136.5,136.5,134.1,134.2,20,110405,14817370.3
1 MAY 2018,135.5,137,134,134,52,136403,18281775.8
27 APR 2018,135,136.5,135,135.2,43,45094,6094230.5
26 APR 2018,136.2,137,135,136,53,196141,26677545.5
25 APR 2018,136.6,138,136,136.1,50,256333,34877835.4
24 APR 2018,138.5,138.5,136.5,138,40,249835,34477114.2
23 APR 2018,137.5,138.2,136.5,138,48,364147,50253119.3
20 APR 2018,138.4,138.5,138,138,26,11354,1567086.7
19 APR 2018,138,138.4,137.6,138,24,56176,7752341.6
18 APR 2018,138,138.5,136.6,138,49,93494,12899872.9
17 APR 2018,138,138,136.3,136.5,13,2902,399856.4
16 APR 2018,137.9,138,137,137.6,15,4330,597241.5
12 APR 2018,137,138,137,137.5,43,43528,5969532.9
11 APR 2018,136.5,137,136.5,136.5,15,5760,786275.5
10 APR 2018,135,137,134.5,136.5,42,128750,17443089.4
9 APR 2018,135.3,136,135,135,42,7271,983528
6 APR 2018,135.8,135.8,135.2,135.3,7,6253,847040
5 APR 2018,135,135.8,134,135,21,25315,3410989.6
4 APR 2018,135,135,134,134.5,13,1726,231590
3 APR 2018,133.2,135,133,133.2,30,18998,2528465.3
2 APR 2018,134,134.2,133,133.2,43,24797,3303421.5
29 MAR 2018,134.6,138,133,135.8,86,43929,5878170.1
28 MAR 2018,136,136,135,135.1,23,49753,6718878
27 MAR 2018,134,135,134,135,50,191940,25837057
26 MAR 2018,135,135,134,134.1,29,641857,86327646.1
23 MAR 2018,135,135,133.8,134,50,72174,9671982.6
22 MAR 2018,134.9,134.9,134.1,134.2,35,4353,584165.8
21 MAR 2018,136,136,134.5,134.5,21,992477,134885196.5
20 MAR 2018,136,136.7,134.5,135.1,40,47607,6421105.7
19 MAR 2018,135.5,136.5,135,135.5,26,835046,113151599.5
16 MAR 2018,136,136.1,134.5,135.8,54,163023,21987858.1
15 MAR 2018,135,136,134.6,135.3,23,218346,29541979.7
14 MAR 2018,135.2,135.9,135,135,98,1392223,187950362.9
13 MAR 2018,136.5,136.5,135,135.3,69,1204567,162620451.1
12 MAR 2018,136.1,136.1,135.1,135.1,45,11661,1579285.9
9 MAR 2018,136.1,136.5,136,136.1,16,4681,636854.1
8 MAR 2018,136,136.5,135.1,136,27,20073,2728659.9
7 MAR 2018,138,138,135,135.5,89,110006,14868785.7
6 MAR 2018,138,138.2,137.3,137.5,50,144967,19985663.4
5 MAR 2018,138.9,138.9,137.2,138,28,91875,12678121.9
2 MAR 2018,137.1,138.9,137.1,138,18,13536,1869151.4
28 FEB 2018,139.5,139.5,137.5,138.5,48,1702206,236580594.5
27 FEB 2018,140,140,138,139.5,15,27429,3818137.6
26 FEB 2018,139.8,140,139,139,33,17685,2464039.3
23 FEB 2018,137,140,134,139,41,434759,60389167.1
22 FEB 2018,138.8,140,138.8,140,122,5766127,807234674.7
21 FEB 2018,137,139.6,137,139,110,1979173,274925910.9
20 FEB 2018,138,138,136.5,136.9,38,34248,4682342.8
19 FEB 2018,136,137,136,136,31,38801,5277239.2
16 FEB 2018,135.7,138,135.7,136,19,4800,653985.7
15 FEB 2018,135.1,137.5,135,137,15,94875,12992579
14 FEB 2018,136.5,137,134,134.2,75,347931,46711341.8
12 FEB 2018,139,139,136.5,136.6,17,1328,181764
9 FEB 2018,139.9,140,138,138,11,8834,1235710
8 FEB 2018,139.9,140,138,140,51,163789,22897803.3
7 FEB 2018,140,141,139.2,140.8,88,336484,47234982.6
6 FEB 2018,140,140.4,139,140,51,178968,25051818.4
2 FEB 2018,139.5,140,139.2,139.5,55,62154,8670566.8
1 FEB 2018,140,140,139,139,78,121507,16891572.4
30 JAN 2018,139.8,140,139.2,139.7,58,214294,29815188.2
29 JAN 2018,139.1,140,139,139.5,53,36163,5052214
26 JAN 2018,139,139,137.1,139,17,8173,1132893.6
25 JAN 2018,138,139.5,138,139,18,2654609,371607546
24 JAN 2018,137.2,138,137,138,18,36249,5000714.8
23 JAN 2018,136.2,138,136.2,138,20,5071,692962.4
22 JAN 2018,137.5,138,136,136.1,84,310444,42249670.9
19 JAN 2018,138,138,136,136.7,110,4849965,659724676
18 JAN 2018,140,140,136,136.1,118,2516259,342298314.4
17 JAN 2018,139,140,138.1,140,21,12139,1689370
16 JAN 2018,141.9,142,140,140,43,320898,45229682.5
12 JAN 2018,142.2,142.2,141,141.5,25,34786,4937148.7
11 JAN 2018,142.4,142.5,141,142.2,37,22939,3256774.3
10 JAN 2018,142.5,142.5,140.8,141.7,41,19810,2804125.1
9 JAN 2018,141,142,141,142,41,32190,4553381.1
8 JAN 2018,141,141.7,140.5,141,60,5486330,763368512.5
5 JAN 2018,139,140.9,139,140.5,92,904903,126902292.4
4 JAN 2018,138,140.8,137.9,140,60,128660,17968172.3
3 JAN 2018,136.8,138,136.8,137.9,18,32507,4480829.1
2 JAN 2018,136.4,138,136.4,138,3,1008,139101.7
29 DEC 2017,136,136,135.3,135.8,23,15428,2092867.3
28 DEC 2017,136,136,135,135.3,39,329361,44562104.6
27 DEC 2017,135.8,135.8,135.7,135.7,11,2455,333369
26 DEC 2017,135.2,136,135.1,135.6,15,1612,218683.3
22 DEC 2017,136,136,135.1,135.2,36,2642,357667.1
21 DEC 2017,136,136.5,135.5,136,30,60243,8193038.5
20 DEC 2017,136.9,136.9,135.5,136,30,90343,12286625.1
19 DEC 2017,137.5,137.6,135.1,136,45,39684,5413142.7
18 DEC 2017,138,138,137,137.6,21,24467,3361979.6
15 DEC 2017,137,138,136.1,137.2,35,14573,1996931
14 DEC 2017,136,137,136,137,3,4170,570754
13 DEC 2017,134.6,137,134.6,135.1,22,3710,503775.3
12 DEC 2017,135.5,139,134,138.9,74,2198010,303035059
11 DEC 2017,135.1,135.9,135,135,56,153555,20738658.7
8 DEC 2017,135,135.8,134.6,135.5,34,20144,2720399
7 DEC 2017,135.1,136,135,135.3,66,153115,20676338.9
6 DEC 2017,135,136,134.5,135,51,512402,69174533.7
5 DEC 2017,134.3,136.5,134.3,134.9,60,518557,69953537
4 DEC 2017,136,136,134.5,134.6,77,153315,20660260.1
30 NOV 2017,135,136.5,134.5,135,41,67576,9120673.6
29 NOV 2017,136.6,136.6,133,134.4,148,3066004,407978197.2
28 NOV 2017,137,137,136.1,136.1,37,3904,533540.2
27 NOV 2017,137.2,137.2,136.5,137,32,7419,1013128.2
24 NOV 2017,137.7,137.8,136,136.1,57,106973,14560776.2
23 NOV 2017,137,137.8,133,137.5,126,9216787,1226217396.9
22 NOV 2017,138.9,139,136,136.8,124,90447,12458766.2
21 NOV 2017,139.6,140,138.5,138.8,51,331449,46178382.9
20 NOV 2017,141,141,139.9,140,71,131502,18410360.2
17 NOV 2017,137.8,141,137.8,140,27,79863,11158950.4
16 NOV 2017,139,139,137.2,137.5,83,1479182,204994884.2
15 NOV 2017,138.3,140,137,138,50,162472,22298378
14 NOV 2017,142,142,138,138.3,39,11295,1567941.1
13 NOV 2017,140.5,143.9,140,141.5,44,59893,8497013.2
10 NOV 2017,143.9,144,142,142,39,31198,4445047.4
9 NOV 2017,144.4,144.4,143,143.9,22,1721,247113.2
8 NOV 2017,145,146,144,144.5,30,13708,1981887.5
7 NOV 2017,147,147,145,146.2,54,186297,27222979.5
6 NOV 2017,147.5,148,147.5,147.5,30,8391,1238907.5
2 NOV 2017,148,148,147.5,147.5,22,14859,2198847.5
1 NOV 2017,148.8,149.6,148,148.9,21,4856,722852.4
31 OCT 2017,147,150,147,149.7,197,837714,125168952.7
30 OCT 2017,143.6,148,143.2,147.1,154,9659238,1406480276.9
27 OCT 2017,144,145,143.2,143.6,48,77448,11218911.8
26 OCT 2017,142,145,142,145,41,36197,5243326.7
25 OCT 2017,140.9,143,140.9,142.4,17,73914,10439019.1
24 OCT 2017,140.6,141.5,140.5,141,38,168363,23737777.7
23 OCT 2017,143,143,141,141.4,34,18308,2597736.4
20 OCT 2017,143.9,144,142,142.7,76,30984,4429590.6
19 OCT 2017,143,143.9,142.5,143,34,45485,6497340.7
17 OCT 2017,144,144,143,143.7,23,2129410,308548891.5
16 OCT 2017,146.1,146.1,142,142.6,69,222893,32070107
13 OCT 2017,149,149.5,146,146.5,20,7276,1072532.5
12 OCT 2017,149.3,149.8,149,149,91,1761263,263306542.7
11 OCT 2017,148.1,149,148,148.8,77,42479,6320068
10 OCT 2017,145,149,145,148.1,111,240392,35259972.2
9 OCT 2017,146,146,145,145.3,32,14844,2154808.8
6 OCT 2017,146.4,147.9,146,147,87,313022,45935094.8
4 OCT 2017,140.5,146.2,140.5,145.9,329,13278744,1927929171.5
3 OCT 2017,139,140.5,138.5,140.3,175,309464,43331301.6
2 OCT 2017,138.5,138.5,138,138.1,24,13982,1930999.1
29 SEP 2017,138,139,138,138.5,49,748939,104431421
28 SEP 2017,138.5,138.9,137.5,138.5,60,309256,42830132.7
27 SEP 2017,138.9,138.9,137.6,137.6,5,1579,217921.9
26 SEP 2017,139,139,137.2,139,17,9525,1322606.9
25 SEP 2017,139.8,139.8,137.1,138,20,96074,13254171.1
22 SEP 2017,140,140,138,138.1,45,52104,7193155.1
21 SEP 2017,140,140.8,137,140.1,127,450891,62862575.6
20 SEP 2017,137,141,137,140.9,99,3263672,459660175.1
19 SEP 2017,136.5,137,136.1,137,16,102070,13981396.6
18 SEP 2017,136.5,137,136.1,136.7,23,177334,24282184
15 SEP 2017,135.5,138,135,137.1,55,132674,18137612.5
14 SEP 2017,135.1,136,135,135,17,7705,1043688.5
13 SEP 2017,135.7,136,134.6,135,28,841920,113659012.5
12 SEP 2017,136.5,136.5,136,136,38,737956,100368281
11 SEP 2017,137,137,136.4,136.4,42,72196,9851959.1
8 SEP 2017,137,137,136.5,136.5,24,1233722,168403326
7 SEP 2017,136.5,137,136.5,137,27,27498,3758751.5
6 SEP 2017,136.9,136.9,136.4,136.5,29,71487,9758165.9
4 SEP 2017,137,137.3,136.3,137,8,2803,383994.2
31 AUG 2017,136.6,137,136.2,136.5,40,1959963,267535688.4
30 AUG 2017,138,138,136.5,136.6,89,742319,101896854.7
29 AUG 2017,137.8,138,137.2,137.5,50,116078,16005347.6
28 AUG 2017,138,138,137.5,138,31,88543,12218219
25 AUG 2017,137.2,137.9,137.1,137.5,29,61668,8470526.8
24 AUG 2017,137,137.4,137,137.1,70,531124,72797942.5
23 AUG 2017,137,137.5,137,137,51,82152,11256273.8
22 AUG 2017,137,137.3,137,137,42,396575,54330832.5
21 AUG 2017,136.6,137.3,136.5,137,20,81907,11221123.5
18 AUG 2017,137,137.1,136.9,137,41,44918,6155816.6
17 AUG 2017,137,137.3,137,137,44,330707,45307018
16 AUG 2017,138,138,137,137.2,25,112475,15414178.6
15 AUG 2017,138,138,137.5,137.6,46,196879,27078881
14 AUG 2017,138,138.5,138,138,39,84772,11698766.5
11 AUG 2017,137.5,138,137.5,137.5,25,31451,4324715.5
10 AUG 2017,137.5,137.5,137,137.5,31,25424,3488215.5
9 AUG 2017,137.3,138,137.3,137.3,48,162537,22382522.7
8 AUG 2017,137.5,137.5,136.9,137.2,19,63202,8685006.5
4 AUG 2017,137,137.9,137,137.6,40,63550,8722367
3 AUG 2017,138,138,137,137.7,25,231508,31730373.5
2 AUG 2017,139,139,137,137.5,20,25428,3494866.3
1 AUG 2017,137.5,138,137.3,137.5,32,471584,65065050.9
31 JUL 2017,137.6,138.5,137.5,138,41,270252,37294859.5
28 JUL 2017,138.9,139,138,138.5,52,293473,40768680.2
27 JUL 2017,138,139,138,138.1,54,85997,11881080.5
26 JUL 2017,138.4,138.9,138,138,27,223345,30823442.4
25 JUL 2017,137.7,139.1,137.2,138,67,342022,47505057.6
24 JUL 2017,137.5,138.9,137.2,137.6,18,6310,867149.5
21 JUL 2017,138,138.5,137.5,137.5,16,22517,3096726.5
20 JUL 2017,137.5,138.4,137.3,137.4,44,280098,38620448.1
19 JUL 2017,138,138,137.5,137.5,28,18130,2495080
18 JUL 2017,138.5,138.5,137.5,138.3,41,69934,9654546.5
17 JUL 2017,138,138.9,138,138,54,196700,27147707
14 JUL 2017,138,138.5,138,138.5,35,47043,6503675.8
13 JUL 2017,138,139,138,138.1,32,24690,3408975.7
12 JUL 2017,139,139.3,138,138.5,43,505682,70093901.6
11 JUL 2017,139,140,139,139.8,54,64786,9047235.5
10 JUL 2017,139.9,140.1,139,139.5,66,132823,18568049.6
7 JUL 2017,139.1,140,139.1,139.8,44,111048,15527938.6
6 JUL 2017,139.1,139.8,139,139.6,51,106377,14845359
5 JUL 2017,139.9,139.9,139,139.1,36,350211,48993519.2
4 JUL 2017,139,140,138.9,139.6,71,302788,42357207.8
3 JUL 2017,139.5,139.5,138.5,139,66,99215,13788135.3
30 JUN 2017,139,139.5,138,139.2,259,520659,72583442.7
29 JUN 2017,139.6,140.5,139.1,139.7,49,854039,119562324.9
28 JUN 2017,139.5,139.8,139.3,139.5,42,107242,14959959.6
27 JUN 2017,139,139.9,139,139.5,83,244459,34075975.1
23 JUN 2017,138.7,139.3,138.5,139,46,54815,7619930
22 JUN 2017,138.1,140,138.1,139.9,53,160384,22436182.8
21 JUN 2017,139.9,140,139,140,63,325345,45543281.4
20 JUN 2017,139.8,140,139,140,55,192790,26985761
19 JUN 2017,140,140.4,138,138,36,192043,26885384.1
16 JUN 2017,140.4,140.4,139.1,140,42,176714,24733444.6
15 JUN 2017,137,141,137,139.8,139,756648,105767349.5
14 JUN 2017,134.9,138,134.9,136.1,66,169705,23106041.2
13 JUN 2017,136,136,134.7,134.9,34,6576,888890.7
12 JUN 2017,134,136.5,134,135.9,54,171298,23250157.1
9 JUN 2017,134,138,133.7,136,86,215303,29034733.4
7 JUN 2017,134.5,135,133,133.9,62,44249,5917002.6
6 JUN 2017,134.1,135,134.1,134.4,28,65310,8809132.9
5 JUN 2017,135,135,133.6,134,87,101062,13543883.7
2 JUN 2017,135,135.5,134.9,135,73,152215,20555716.9
1 JUN 2017,135,135.5,134.5,135.5,33,13622,1839227.2
31 MAY 2017,135.1,135.6,134,134.1,106,831115,111510023.3
30 MAY 2017,135,135.5,133,134.7,83,10871689,1445971914.8
29 MAY 2017,136,137,134,134.6,70,31701,4305004.6
26 MAY 2017,137.8,137.9,136,136.2,42,40454,5526101.8
25 MAY 2017,138.5,138.5,137.8,137.8,43,44505,6151182.7
24 MAY 2017,139,139,137,138.5,38,10043226,1385942882.5
23 MAY 2017,139,139,136,136.5,62,23956,3280051.2
22 MAY 2017,143,143,138,138,58,16650,2307063.2
19 MAY 2017,147,147.8,145,145.2,77,61936,9078155.1
18 MAY 2017,147,148.5,147,147.4,59,122114,18070704.3
17 MAY 2017,148,148,147,147.5,38,146827,21655028.8
16 MAY 2017,149,149,148,148,61,35004,5194200.4
15 MAY 2017,149,149,148,148.6,69,226084,33593592
12 MAY 2017,147.5,149,147.5,148.6,82,159353,23583272.2
9 MAY 2017,147,147.5,146.6,147.3,48,64856,9538415.5
8 MAY 2017,146,147,145.5,146.9,78,90878,13307362.1
5 MAY 2017,145.2,146,145,145.5,54,68810,10001203.1
4 MAY 2017,145,145.5,145,145.1,33,48848,7084693.2
3 MAY 2017,143.5,145.3,142.1,145,91,491477,71262264.1
2 MAY 2017,145.5,145.5,144,144.1,46,67295,9697222.2
28 APR 2017,144.9,145.1,144.5,145,57,968260,140397117.8
27 APR 2017,142,145,142,144.9,115,1570192,227625400.2
26 APR 2017,142,143,142,142.2,48,818850,116297872.9
25 APR 2017,143,145,142,142.2,67,730936,105863433.8
24 APR 2017,144.9,144.9,142,142.6,31,6098,869662.2
21 APR 2017,142.9,145,142.9,144.5,134,489531,70920372.4
20 APR 2017,140,143,140,142.1,108,72540,10273140
19 APR 2017,137,141,137,139.7,78,29719330,4308685055.4
18 APR 2017,137,137,135,135.3,51,39765,5397108.6
17 APR 2017,139.2,139.2,135,136.5,45,46798,6407686.1
12 APR 2017,135.9,140,135.9,139.1,75,1314596,180760548.4
11 APR 2017,133.5,135.9,133.5,135.5,13,725167,98260145.4
7 APR 2017,135,135.5,134,135.1,41,131538,17769930.7
6 APR 2017,134.5,135,133.7,134.5,33,576652,77557243.3
5 APR 2017,134.9,134.9,132.1,133.4,27,212346,28346531.2
4 APR 2017,132,134.9,131.5,134.1,53,802104,105580590
3 APR 2017,132,132,130.5,131.5,18,215769,28369738.5
31 MAR 2017,130,132,129,130.4,31,1548217,200977917.8
30 MAR 2017,129.5,130,128.5,130,58,347459,45127936.3
29 MAR 2017,129.5,129.5,128.5,128.8,77,557720,71740435.7
28 MAR 2017,130,130,129,129,46,62607,8090896.2
27 MAR 2017,132,132,130,130,44,29154,3792987.8
24 MAR 2017,133.2,133.5,132,132.1,32,442553,58857966
23 MAR 2017,133.9,134,133,133,11,434990,58242082.8
22 MAR 2017,135,135,133.5,133.7,33,7419,993522
21 MAR 2017,139,139,134.1,134.9,15,3871,520386.4
20 MAR 2017,134.9,135,134,134.1,15,8546,1146005.4
17 MAR 2017,134.1,134.9,133,134,36,272309,36353703.3
16 MAR 2017,134.1,134.1,134.1,134.1,7,1957,262433.7
15 MAR 2017,137,137,134,134.1,31,62962,8498749.3
14 MAR 2017,136.5,136.9,134.3,135,53,43272,5857319.6
13 MAR 2017,138.5,138.5,136.5,136.5,31,20002,2736103.2
10 MAR 2017,138.5,138.5,138,138,28,14846,2050095.2
9 MAR 2017,140.5,140.5,138,138.2,38,16905,2337842.5
8 MAR 2017,142,142,140,140,212,1074343,150594947.9
7 MAR 2017,138,142,135,141.8,364,873203,120668976.4
6 MAR 2017,142,142,141.9,142,12,1831,259982
3 MAR 2017,142.4,142.5,142,142,26,43494,6187835.4
2 MAR 2017,142.8,144,142,142.5,28,9061,1294031.3
1 MAR 2017,143,144,143,143.1,27,226902,32467174.2
28 FEB 2017,144,144,143,143,37,261642,37415789.2
27 FEB 2017,144,144.4,144,144,46,114590,16500964
23 FEB 2017,144,144.4,143.1,143.9,17,4348,625921.2
22 FEB 2017,142.6,143.1,142.6,143,35,1228058,175612234.7
21 FEB 2017,142,142.9,142,142.9,17,170953,24307535.7
20 FEB 2017,142.5,143,142,142.2,9,1737,246969
17 FEB 2017,142.5,142.5,142,142,7,7368,1046357
16 FEB 2017,143,143.5,142.9,143,8,1545,221184.7
15 FEB 2017,142.1,143,142.1,143,18,38629,5523643
14 FEB 2017,142,143,142,142,20,87652,12446644
13 FEB 2017,141,142,140.1,142,29,70211,9942478.3
9 FEB 2017,140,141,140,140.1,26,148426,20781471
8 FEB 2017,141.7,142,140,140.1,31,5459,766445
7 FEB 2017,143,143,141.8,142,20,3606,512138.1
6 FEB 2017,144,145,143.9,145,36,57599,8343642.2
3 FEB 2017,146.2,146.2,145,145.2,22,202798,29406820.5
2 FEB 2017,144.9,145.9,143.9,145.7,28,45648,6613908.6
1 FEB 2017,144.9,144.9,143,143.1,16,14228,2036780.6
31 JAN 2017,145.5,145.5,144.5,145,28,356872,51746341
30 JAN 2017,143,148.5,143,145.1,36,32338,4672466.5
27 JAN 2017,142,142,142,142,20,379082,53829644
26 JAN 2017,141.7,142,141.7,142,16,3078,436783.4
25 JAN 2017,141.5,142,141,141.9,6,1238,175533
24 JAN 2017,141.2,142,141,142,25,310370,44017796.7
23 JAN 2017,141,142,141,142,24,351128,49855165.7
20 JAN 2017,140,144,140,142.1,18,13221,1863859.2
19 JAN 2017,140,140.5,140,140,10,3196,447450.5
18 JAN 2017,140,140.5,140,140,19,39495,5529350
17 JAN 2017,140.1,141,139.5,139.6,31,24474,3426345.5
16 JAN 2017,142.9,142.9,140,140,22,28277,3959383.8
13 JAN 2017,142,142,140,142,27,857282,121730320.7
11 JAN 2017,140.2,142,140.2,142,11,24510,3479962.2
10 JAN 2017,140.5,141.5,140,140,36,70637,9889257.2
9 JAN 2017,142,142,141,141.9,28,46078,6536333
6 JAN 2017,142,142.5,141.5,142.5,12,82188,11708518.2
5 JAN 2017,142.5,142.5,141.6,141.9,38,102559,14587936.9
4 JAN 2017,143,143,143,143,2,105,15015
3 JAN 2017,143,144.5,142.9,143.5,14,2529,362500.3
2 JAN 2017,144,144,143,143.3,10,3768,541133
30 DEC 2016,145,145,144,145,27,43283,6252774
29 DEC 2016,145,145,145,145,18,163125,23653125
28 DEC 2016,144.9,146,144.5,145,44,5756483,834687945.1
27 DEC 2016,144,144,141.5,142,41,54847,7865029.2
23 DEC 2016,141.5,142,141.5,141.6,6,2214,313548
22 DEC 2016,142.5,144,141,141.3,25,6509,925278.3
21 DEC 2016,144,144,143,143,12,8045,1150575
20 DEC 2016,143,145,140.3,141.4,70,1802311,261316024.8
19 DEC 2016,145,145,143.6,143.6,13,3786,545761.8
16 DEC 2016,144.6,145.2,144.5,145,44,1233748,178871140.8
15 DEC 2016,143,145.1,143,145,58,486263,70503146.3
14 DEC 2016,145,145,144.5,144.9,47,1292840,187455184.8
9 DEC 2016,145,146,144,144.5,63,1174621,170272813.5
8 DEC 2016,143.2,144,143,143.4,27,34176,4899096.2
7 DEC 2016,143,144,143,143,24,58567,8375108.7
6 DEC 2016,144,144,143,144,20,1332970,190617770
5 DEC 2016,144,144.3,142,144.1,44,67288,9672649.8
2 DEC 2016,142,144.5,141.2,142.2,37,618421,87815764.8
1 DEC 2016,140.5,145,140.5,142,30,1101665,155835617.8
30 NOV 2016,140.5,140.5,140,140,29,243571,34100226.5
29 NOV 2016,139,140.1,139,140,45,481506,67408613.2
28 NOV 2016,141,141,138.5,139.4,53,21774,3045151.8
25 NOV 2016,142,142,140.1,140.8,14,8390,1181135.9
24 NOV 2016,142.9,142.9,141,141,20,13621,1923325.9
23 NOV 2016,141.4,143,141.4,142,26,13235,1875526.9
22 NOV 2016,141,141.5,140.1,141,46,72413,10212729.2
21 NOV 2016,141.5,142,140,141.5,70,737155,103926705.3
18 NOV 2016,143,144,142,142,28,14473,2056207.8
17 NOV 2016,141.5,144.5,141.5,143,83,79323,11289899
16 NOV 2016,146,146.2,141,141.1,69,66291,9452802.4
15 NOV 2016,147.9,148,146,148,25,1176090,174056740.9
11 NOV 2016,148.9,148.9,147,148,12,2900,427441.3
10 NOV 2016,148.9,148.9,148,148,19,307936,45577157.8
9 NOV 2016,149,149,147,147.4,24,20825,3074423.7
8 NOV 2016,150,150,148,149,35,52349,7755304
7 NOV 2016,151.9,151.9,150.1,150.3,47,61730,9320943.3
4 NOV 2016,151,151.8,151,151,80,55722,8421366
3 NOV 2016,151,151.5,150.7,151,73,96700,14601650.6
2 NOV 2016,145,150.5,145,150,166,535462,80267156.7
1 NOV 2016,143,148.9,143,147.2,53,33345,4873286.1
31 OCT 2016,145,145.2,140.1,143.9,28,82104,11535599.6
28 OCT 2016,146.7,146.7,144.6,144.6,18,14230,2059934.5
27 OCT 2016,147,147,146,146.2,8,957,140493
26 OCT 2016,147.3,147.3,146.7,147,34,98154,14428352.5
25 OCT 2016,147.3,147.3,146.3,147,37,33197,4879962.8
24 OCT 2016,147,147.2,145.5,147,50,238224,35018939
21 OCT 2016,147,147.9,147,147,29,108471,15945266.7
20 OCT 2016,147,147.9,147,147,48,152269,22383886.5
19 OCT 2016,147,147,146,146.5,24,135894,19921310.1
18 OCT 2016,146,146,144,145.9,43,54633,7922326.4
17 OCT 2016,146,147,145.5,146,25,10813,1578696.3
14 OCT 2016,147.9,148,145.6,148,27,216042,31973825.5
13 OCT 2016,148.5,148.5,146,147.7,32,488141,72209894.7
12 OCT 2016,148.5,148.5,148,148.4,12,3700,548421
11 OCT 2016,148.2,150.1,146.5,149.2,113,1445387,216716324.1
10 OCT 2016,148,149,147.8,148.5,38,23980,3557603
7 OCT 2016,146.4,150.8,146.4,148.5,101,172247,25793286
6 OCT 2016,146.5,146.5,145,145.9,35,38457,5577603
5 OCT 2016,147,147,145,146.2,48,53110,7761622.6
4 OCT 2016,148,148,145,145,87,125796,18242589.9
3 OCT 2016,144.5,148,144.1,147.1,57,124184,18011260.5
30 SEP 2016,143,144.5,143,144,65,110593,15906275.1
29 SEP 2016,142,143.5,142,143,80,123372,17600386.9
28 SEP 2016,141,142.1,140.1,142,62,133123,18847556.7
27 SEP 2016,140,140.5,140,140,40,332189,46507670.5
26 SEP 2016,140,141,140,140.1,35,20648,2897928
23 SEP 2016,140,141,140,140,42,906166,126865008.2
22 SEP 2016,141,141,140,140,55,72923,10218172.5
21 SEP 2016,139.9,141,139.6,140,36,559099,78214545.4
20 SEP 2016,141.5,141.5,139.8,139.9,39,13407,1878450.3
19 SEP 2016,142.9,142.9,140,141.5,34,8832,1246958
15 SEP 2016,142.1,142.5,142,142.1,45,25408,3611620.1
14 SEP 2016,139.9,142.1,138.9,142,142,2174363,308463474.1
13 SEP 2016,138.4,140,138.4,140,39,39368,5491867
9 SEP 2016,139.2,139.2,138.5,138.9,31,32536,4521048.8
8 SEP 2016,139.8,139.8,137.1,138,22,36567,5043738.4
7 SEP 2016,139.3,139.8,138,138.1,24,107697,14962789
6 SEP 2016,138.3,139.8,138,139,33,122465,17021680.6
5 SEP 2016,138.8,139,137.5,138.3,57,134184,18635754.4
2 SEP 2016,138.5,139,138,138.5,30,21584,2990450.8
1 SEP 2016,139.8,139.8,138,138.4,33,22372,3100248
31 AUG 2016,139.3,139.5,138,138.9,81,570359,79127534.6
30 AUG 2016,139.8,139.8,138,138,12,6614,912801
29 AUG 2016,138,140,137,139.2,78,287340,39964095.6
26 AUG 2016,140,140,138,138.3,26,27974,3910772.1
25 AUG 2016,140,140.1,140,140,58,75996,10639453
24 AUG 2016,140,142,140,140,93,116792,16393572.5
23 AUG 2016,139.8,140,138.6,140,112,1520444,212567754.3
22 AUG 2016,139.7,139.9,139.5,139.7,76,92246,12892002
19 AUG 2016,139.5,139.9,138.5,139.2,91,149118,20746876.6
18 AUG 2016,137,139.8,137,139,93,652901,91129230.8
16 AUG 2016,136.4,137.2,136.4,137,61,45894,6270751.6
15 AUG 2016,135.1,137.5,135,136.4,93,88148,11965005.8
12 AUG 2016,135,136,135,135.1,27,13339,1806363.5
11 AUG 2016,135,136,135,135.5,60,59576,8074675.9
10 AUG 2016,136,136.4,136,136.1,45,20797,2830295.1
9 AUG 2016,136.5,136.5,135,135.7,62,22952,3109839.2
8 AUG 2016,136.5,138,135.1,136,85,51264,6977254.3
5 AUG 2016,138.9,139,137,137,45,14228,1951894.7
4 AUG 2016,139,140,137,137,62,68571,9491290.5
3 AUG 2016,137,140,137,139.5,162,240238,33351233.8
2 AUG 2016,135,138.9,134.9,137.5,169,330927,45305307
1 AUG 2016,130.5,135,130.5,134,151,915452,121163085.7
29 JUL 2016,129,130.5,129,130,56,50982,6626472.9
28 JUL 2016,128.5,130,127.5,129.9,69,109627,14210579
27 JUL 2016,129.5,129.5,128.5,128.5,18,21763,2797793.4
26 JUL 2016,130,130,129,129.2,25,6690,866128.8
25 JUL 2016,130,130,129,129.1,23,12130,1565260
22 JUL 2016,129.8,130,129.8,130,36,239350,31114914.2
21 JUL 2016,128.6,130,128.5,130,29,26987,3490401.2
20 JUL 2016,129,130.5,128.5,130,55,322010,41561814.8
18 JUL 2016,129.5,129.6,128.1,128.5,18,1714,220660.5
15 JUL 2016,129,130,129,129.5,34,103219,13367082.1
14 JUL 2016,130,130,129,129.3,45,332751,43255080.1
13 JUL 2016,128.5,129.5,128.5,129.5,80,260265,33583523.5
12 JUL 2016,127,128.5,127,128.1,102,247745,31905356.3
11 JUL 2016,124.7,128,124.5,126.3,24,71445,8930819.5
8 JUL 2016,123,124,121.7,124,64,131748,16218041.6
7 JUL 2016,121.3,123,121.2,122,23,14960,1818988
5 JUL 2016,121,121.5,120.5,121.5,54,159429,19290406.3
4 JUL 2016,122,122,120.1,121,57,39434,4771812.6
1 JUL 2016,121.4,122,121,121,102,365120,44215909.5
30 JUN 2016,122,122.9,121.3,121.7,42,18937,2306553.7
29 JUN 2016,124,124,121.1,121.3,30,10976,1332504.7
28 JUN 2016,122,122,121.4,122,71,360361,43953446.7
27 JUN 2016,123.7,123.7,121,121.8,119,778868,95383304.8
24 JUN 2016,123,124,122.5,122.9,96,172256,21182696.8
23 JUN 2016,125.5,126,124,124,63,66105,8207852.6
22 JUN 2016,127,127,124,125,173,1098275,136409714.7
21 JUN 2016,127.3,128,126.5,126.6,48,51270,6508154.4
20 JUN 2016,127.2,128.2,127.1,127.3,24,8486,1080979.4
17 JUN 2016,126.5,128.9,126,127.7,46,130991,16640224.6
16 JUN 2016,129.4,129.4,125.6,126.1,139,291442,37029262.5
15 JUN 2016,129.6,129.9,129.5,129.5,40,32097,4157421.2
14 JUN 2016,129.9,129.9,129.5,129.6,20,11196,1450400.4
13 JUN 2016,129,129.9,129,129.5,23,15200,1968771.9
10 JUN 2016,130,130,129.2,129.2,11,1106,143093
9 JUN 2016,129,129.5,129,129.2,36,257781,33305109
8 JUN 2016,129.1,129.5,129,129,50,34266,4426988.5
7 JUN 2016,129.5,129.5,128.5,129,41,16975,2186850.8
6 JUN 2016,128.4,129.5,128,128.3,29,10104,1299786.4
3 JUN 2016,128.9,128.9,127.9,128,53,43298,5544133.2
2 JUN 2016,128,128.5,127.9,128.5,60,663574,85228231.7
1 JUN 2016,128,128.9,127.5,128,74,916977,117116491
31 MAY 2016,129,129.5,127.5,127.8,84,150546,19366112.9
30 MAY 2016,130,130,129,129,60,46382,6004897.6
27 MAY 2016,130.5,130.5,130,130,172,6148383,799290821.1
26 MAY 2016,131,131,130.4,130.5,65,1534472,200248767.5
25 MAY 2016,131.5,131.5,130.4,130.5,69,2510520,328877059.9
24 MAY 2016,131,131.5,130.6,131,67,2198694,288019200.2
20 MAY 2016,131.2,132,130.7,131,41,22063,2902562.8
19 MAY 2016,131.6,132,130.6,130.7,43,45805,5997561
18 MAY 2016,131,132,130.5,131.5,30,1187661,155921737.1
17 MAY 2016,133.1,133.3,130.1,130.3,90,85961,11274748.9
16 MAY 2016,132.5,133.1,132.5,133,39,36667,4873250.5
13 MAY 2016,132,132.1,131.4,132,80,1910770,248522100.3
12 MAY 2016,131,132,130,131.4,165,2652519,344862856
11 MAY 2016,133.5,133.5,130,130,184,4094470,534317780.2
10 MAY 2016,132.1,133,132,132.9,30,33038,4377327.2
9 MAY 2016,133,133,132,132.5,37,30793,4085789.4
6 MAY 2016,133.5,133.5,132.5,132.5,45,565257,74900223.9
5 MAY 2016,132.9,133,132,132.9,57,123038,16340206.8
4 MAY 2016,133,133.5,132.5,132.7,107,1592951,211846611.1
3 MAY 2016,132,133,132,133,109,165320,21983193.6
29 APR 2016,130,131,130,130.7,87,549737,71887578.4
28 APR 2016,132,132,129.5,129.9,143,171756,22346155.4
27 APR 2016,131,132,131,132,75,187394,24678652.2
26 APR 2016,132,132,130.5,131,78,140327,18361179.8
25 APR 2016,133,133,130.9,131,113,117687,15419321.4
22 APR 2016,132.6,133.5,132.5,133,44,35417,4711330.8
20 APR 2016,132,133,131.5,132.5,22,3402,451067.2
19 APR 2016,133,133,131.2,132,51,40890,5396016.9
18 APR 2016,135,135,131,132.1,45,16869,2241847.2
15 APR 2016,135,135,130,130.6,110,104943,13851352.4
12 APR 2016,134,135,133.9,134.5,67,59010,7959481.5
11 APR 2016,134.5,134.5,132.6,134,112,239110,32030281.1
8 APR 2016,132,136,132,134.1,83,53986,7254886.6
7 APR 2016,128.1,132,128.1,132,81,145016,18968494.6
6 APR 2016,127.1,129.9,127,129.9,31,58329,7541348
5 APR 2016,125.4,130,124.8,128.4,75,144223,18398856.4
4 APR 2016,124,125.1,123.5,124.8,32,33618,4185059
1 APR 2016,121,124.5,121,123.6,21,4335,530551.6
31 MAR 2016,124,125.9,123.9,125.5,59,45127,5607242.1
30 MAR 2016,122.3,124,122.2,123.6,33,13357,1648163.2
29 MAR 2016,122,123,121,122.7,99,192957,23537704.7
28 MAR 2016,122,122.5,121.4,122,70,20406,2487868.8
24 MAR 2016,122,123,121,121.7,59,17901,2182188.9
23 MAR 2016,121.5,122,120.2,121,54,347118,42000937.6
21 MAR 2016,120,122,120,121.6,23,13325,1619538.4
18 MAR 2016,120,121.5,120,120,55,1078520,129423531
17 MAR 2016,122,122,120,120,195,3639326,436738076.5
16 MAR 2016,120,121.8,120,120,66,1587194,190465437.5
15 MAR 2016,120.5,121.9,120,120.1,88,2432851,291948191.9
14 MAR 2016,122,122.3,121,121.6,65,279672,34117481.9
11 MAR 2016,122,122,118,122,30,3859,468789.5
10 MAR 2016,117.1,118,115.5,117.2,167,1332524,155934097.4
9 MAR 2016,121,122,115,117.1,263,1021101,120422098.5
8 MAR 2016,124,124,122,123.2,89,112942,13944723.2
4 MAR 2016,125,125,124,124,27,130652,16200852.5
3 MAR 2016,124.5,125,124,124,71,897886,111719078
2 MAR 2016,124,124.5,123.8,124,80,541117,67097831.4
1 MAR 2016,125,125,124,124.1,81,21187,2632688.5
29 FEB 2016,125,125,124.9,124.9,45,204513,25563968.8
26 FEB 2016,125,125,124.5,125,53,71072,8881324.6
25 FEB 2016,125.5,125.5,124.4,124.7,96,123056,15379203.9
24 FEB 2016,125,125,124.6,124.7,48,23387,2920551.3
23 FEB 2016,125,125.2,125,125,29,13791,1724005
19 FEB 2016,124,125,123.2,125,40,51885,6475909.7
18 FEB 2016,125,125,123,123.2,77,125964,15529166.8
17 FEB 2016,124.7,125,124,124.1,84,139609,17371470.3
16 FEB 2016,125,125,124.8,124.8,42,138194,17250972
15 FEB 2016,127,127,124,125,84,832078,104558625.5
12 FEB 2016,127,128,124.5,125,133,96874,12166284.8
11 FEB 2016,128,128,127,127,52,43402,5524885.5
10 FEB 2016,129.6,130,128,128.8,96,46293,5979951.5
9 FEB 2016,130,130,129.6,129.9,24,2955,384041.4
8 FEB 2016,130,130.4,129.9,130,29,30952,4023756.4
5 FEB 2016,129.9,130,129,129.2,38,32300,4191727.3
3 FEB 2016,130,130,128.5,129.2,77,74746,9649195.1
2 FEB 2016,130,131,129.5,130,177,866416,112627562.2
1 FEB 2016,127.5,130,127.5,130,21,6297,817984.6
29 JAN 2016,129.9,129.9,127,127.1,79,196908,25033571.4
28 JAN 2016,128.1,129.9,127,127,86,198778,25276462.1
27 JAN 2016,129,129,127,127,164,149876,19041596.5
26 JAN 2016,130,130,128,128.4,59,22893,2949427.2
25 JAN 2016,131,131.5,129,129,35,14246,1846240
22 JAN 2016,129,133,129,130,95,118677,15481510.2
21 JAN 2016,128,128,125.7,127,123,326314,41187182.4
20 JAN 2016,130,130,125,125.5,143,121135,15278556.1
19 JAN 2016,129,129,127,128,130,324976,41593770.6
18 JAN 2016,129.5,130.1,129,129.1,91,119444,15507819.7
14 JAN 2016,133.9,133.9,129.8,130,218,318183,41522610.7
13 JAN 2016,135,135.1,133.5,133.9,128,2774851,371892534.4
12 JAN 2016,138,138,135,135,110,1117370,153932105.1
11 JAN 2016,139.5,139.5,137.5,137.6,94,1441939,200349596.9
8 JAN 2016,139.2,139.5,138.8,139.3,77,45958,6393191.3
7 JAN 2016,139.5,139.9,139.2,139.2,54,1188829,165842058
6 JAN 2016,139,139.9,139,139.5,70,1287475,179600931.4
5 JAN 2016,140,140,138.5,139,64,52618,7344847
4 JAN 2016,140.6,142,139,139,157,1598941,223485771.7
31 DEC 2015,140,140.6,139.9,140.2,135,231801,32496882.3
30 DEC 2015,140,140,139.9,140,100,605378,84752780
29 DEC 2015,141.5,141.5,140,140,129,1093239,153056117.5
28 DEC 2015,142,142,140,140,202,175260,24587887.7
23 DEC 2015,141.7,141.9,141.5,141.5,50,118737,16834782.7
22 DEC 2015,142,142,141.5,141.9,56,144693,20532314.7
21 DEC 2015,142,142,141.5,142,71,130298,18486282
18 DEC 2015,142,142.8,141.7,141.9,56,668468,94921938.8
17 DEC 2015,141.9,143.9,141.8,142,80,261493,37132321.6
16 DEC 2015,144,144,141.9,142,59,137968,19592208.5
15 DEC 2015,142,142,141.3,142,53,791686,112418691.8
14 DEC 2015,141.2,142.4,141.2,142,52,1246301,176970762.2
11 DEC 2015,141.5,142.4,141,141.5,124,3570816,505274105.5
10 DEC 2015,140.5,142.4,140.3,141.1,87,347226,48785885.5
9 DEC 2015,140.2,141.5,139.9,140.3,173,1130383,158898446.1
8 DEC 2015,141.1,141.5,140.3,140.5,127,386079,54263939.4
7 DEC 2015,141.5,141.8,141,141.2,49,11394,1607560.4
4 DEC 2015,142,142,141.1,141.5,63,587264,83082402
3 DEC 2015,142,144,141,141.4,170,354400,50243762.5
2 DEC 2015,140.1,141,140,140.7,101,251862,35446156
1 DEC 2015,140.5,141.1,140.1,140.2,157,211426,29663575.8
30 NOV 2015,145,145,140,140.3,249,387766,54539372.5
27 NOV 2015,146,146,145,145,180,313462,45540865.6
26 NOV 2015,146,150,145.5,145.9,126,193453,28236055.6
24 NOV 2015,151,151,145,145.6,232,1144238,166400814.7
23 NOV 2015,152,152,151,151,39,70696,10744228
20 NOV 2015,152,152,151.4,151.5,35,41645,6309553.5
19 NOV 2015,151.5,152.5,151.3,152,110,266276,40452455.9
18 NOV 2015,152,152,151.5,151.5,28,19841,3013331.5
17 NOV 2015,152,153,152,153,37,126799,19295186.6
16 NOV 2015,153,155,150,151.2,113,346879,51205641.6
13 NOV 2015,151,153,151,153,81,440334,66949215.1
12 NOV 2015,154.5,154.8,154,154,46,7166,1104784.2
11 NOV 2015,154,155,154,155,49,52493,8135001.5
9 NOV 2015,156,156,155,156,83,802080,125109861.1
6 NOV 2015,160,160,155.8,156,72,876625,136809868.5
5 NOV 2015,156,158,155.5,156.1,60,18497,2878836.9
4 NOV 2015,158,158,155.5,156,59,557193,86929063.9
3 NOV 2015,160,160,157.5,158,12,3103,490981.5
2 NOV 2015,156.2,159,156.2,158.2,4,348,54652
30 OCT 2015,157,158,156,156.2,53,5115295,797799040.4
29 OCT 2015,160,160,156,156.8,60,1964536,306692210
28 OCT 2015,160,160,158,159,70,1827472,290022297
26 OCT 2015,160,160,159,159.7,30,78443,12533617.5
23 OCT 2015,159.8,160,159.8,159.9,18,62241,9956914.9
22 OCT 2015,161.9,162,159,159.9,47,115534,18485065.8
21 OCT 2015,161,162.5,160,161.8,78,306254,49587098.6
20 OCT 2015,159,161.7,158.9,160.2,51,53805,8585806.3
19 OCT 2015,157.5,158,157,158,53,97220,15346658.5
16 OCT 2015,156.8,158,156.8,157.5,33,20373,3202831.5
15 OCT 2015,155.9,159,155.8,156.8,17,3959,619660.8
14 OCT 2015,157.5,157.5,156,156,52,555330,87420174.7
13 OCT 2015,157,161.9,155.5,157.9,46,1091694,169887406.3
12 OCT 2015,157,160,157,157,62,604580,95201854.5
9 OCT 2015,157,157.5,157,157,153,322228,50592164.9
8 OCT 2015,157.5,157.5,156,156.3,155,292467,45801498.5
7 OCT 2015,159.4,160,158,158,80,82187,13006864.1
6 OCT 2015,162,162,159.4,159.8,67,154178,24658612.1
5 OCT 2015,160,161,158,159.2,104,153210,24528195.4
2 OCT 2015,160,161,159.9,160,66,91259,14604341.5
1 OCT 2015,159.5,160.9,159.5,159.8,114,1810039,289601506
30 SEP 2015,162,162,158,159,193,239853,38414250.9
29 SEP 2015,163.4,163.4,161.6,161.9,59,123276,19971624
28 SEP 2015,165,165,162,163.4,72,3816772,623476188.6
25 SEP 2015,165,165,164.8,164.9,25,59771,9856235.6
23 SEP 2015,165,165,164.9,164.9,26,51766,8536266.9
22 SEP 2015,165,165.1,164,165,61,81500,13444207.8
21 SEP 2015,165.1,166,165,165,27,10113,1669097
18 SEP 2015,165,166,165,166,45,502998,83448138
17 SEP 2015,167.5,167.5,165,165.8,31,158044,26190483.1
16 SEP 2015,167,168,165,165.1,24,8968,1480907
15 SEP 2015,168,169,165,167.9,74,493904,82953810
14 SEP 2015,168,168.7,167,168,35,457312,76827090.5
11 SEP 2015,167.2,167.2,166,166.1,31,29515,4911490
10 SEP 2015,167,167,166,167,29,84581,14123595
9 SEP 2015,166,168,166,167.3,21,9389,1575675
8 SEP 2015,168,168,165.5,165.9,60,14045,2341445.5
7 SEP 2015,169.5,169.5,167.5,168,44,527691,88664013.3
4 SEP 2015,172,172,169.5,169.5,46,29815,5087845.4
3 SEP 2015,170.1,171,170.1,171,23,921416,156771630.6
2 SEP 2015,172.1,172.1,169.6,171,40,495564,84632718.8
1 SEP 2015,173.9,174,172.4,172.6,37,43387,7500872
31 AUG 2015,173.5,174,173,174,49,562097,97783089.5
28 AUG 2015,172,174,171.9,173.5,23,53515,9272813
27 AUG 2015,170.1,172,169,170.4,36,982886,166129952.8
26 AUG 2015,169,171,169,170,57,239242,40468946
25 AUG 2015,169.2,171,168,169.3,84,1123654,189512947.8
24 AUG 2015,175.5,175.5,169.9,170.7,118,2208577,377318131.3
21 AUG 2015,173.6,175.1,173.5,175,101,835576,145233318
20 AUG 2015,174.5,174.5,173.5,173.7,55,28201,4905933
19 AUG 2015,175,175,174,174.6,50,145488,25406894.4
18 AUG 2015,175.5,175.5,174,174.7,63,448774,78071701.6
17 AUG 2015,174,175,174,174.9,58,139041,24324534.9
14 AUG 2015,174,175,172,174.9,73,131125,22907210.8
13 AUG 2015,173.5,174,172,172.1,36,39967,6908344.5
12 AUG 2015,174.6,174.6,172.5,173.3,51,3437975,593244888.4
11 AUG 2015,172.2,174,171,173.8,109,1958114,338821314.7
10 AUG 2015,172.5,173,172.2,172.3,12,8067,1392513.4
7 AUG 2015,172,173,171,172.7,38,127827,22035066.5
6 AUG 2015,172,173,172,172,29,32325,5583436
5 AUG 2015,171,172.5,171,171.5,33,109216,18719184.4
4 AUG 2015,170,171,170,170.5,32,25536,4345188.1
3 AUG 2015,171,172,171,171,46,480092,81659740.4
30 JUL 2015,170.5,173,170.5,171,86,1937001,329725331.4
29 JUL 2015,170,171,170,170.1,46,52197,8885341.4
28 JUL 2015,169.9,170.4,169.7,170,60,29687,5046324
27 JUL 2015,170,170,168.5,169.5,75,121576,20606048.5
24 JUL 2015,168,170,168,170,61,1054178,178217779.9
23 JUL 2015,168,169,168,168.3,72,1458218,245517263.4
22 JUL 2015,166.5,169.3,166.5,168.1,57,1914519,321624507.9
21 JUL 2015,168,168,167,167,15,3786,635183.9
20 JUL 2015,169.5,169.5,167,168.1,26,11297,1900896
17 JUL 2015,170,170,168.2,169.5,53,123933,21027547.6
16 JUL 2015,169.5,171,168.1,169.9,47,1353611,228916468.2
15 JUL 2015,165,170,164.5,166.7,60,247142,40829031.1
14 JUL 2015,165.1,166,165,165,25,29088,4800503.8
13 JUL 2015,163.4,165,163.4,164.8,35,20294,3345060.5
10 JUL 2015,162,165,162,164.2,35,45177,7341720
9 JUL 2015,161.9,162.5,160.8,162,47,164339,26623823.3
8 JUL 2015,161,161,160,160.8,25,205109,32978550.1
7 JUL 2015,162.5,162.5,161.1,161.7,14,92921,14985480
6 JUL 2015,161.1,162,161,161.5,21,42639,6867537.5
3 JUL 2015,161,162,161,161.1,27,22604,3639847
2 JUL 2015,160.5,164.9,160.2,161,27,43453,6986608.7
30 JUN 2015,160.2,160.9,160.2,160.5,46,1296694,207492809.3
29 JUN 2015,160.9,160.9,160.5,160.7,63,55215,8877602.7
26 JUN 2015,160.5,160.9,160.5,160.8,32,1665906,266906039.9
25 JUN 2015,161,161,160,160.5,65,286628,45885002.3
24 JUN 2015,161,161,160.2,160.5,35,18499,2969455.3
23 JUN 2015,161.2,161.2,160.7,161,35,32610,5250027.9
22 JUN 2015,162.1,162.1,160,161.6,32,85199,13648751.8
19 JUN 2015,164.5,165,161.3,162.1,66,64880,10638819.8
18 JUN 2015,165,165,164,164.9,27,15450,2546472.1
17 JUN 2015,163,165,163,165,21,16246,2648864
16 JUN 2015,163,165,162.7,164,24,7083,1159070.5
15 JUN 2015,163.5,163.5,162,163,14,8805,1435315.5
12 JUN 2015,161.5,162.2,161,161,31,533772,85967271.9
11 JUN 2015,161.5,162,161,161.1,26,22013,3546480.5
10 JUN 2015,162,163,162,162,15,11656,1891275
9 JUN 2015,163,163,162,162.1,33,41697,6763261.8
8 JUN 2015,163,163,162.1,162.2,40,27095,4396293.3
5 JUN 2015,162,163.9,161,162.2,53,45818,7423509.7
3 JUN 2015,163,163,160,160.4,167,1010029,161902476.2
1 JUN 2015,162.9,164,162,162.8,34,37730,6120314.2
29 MAY 2015,164.2,164.2,162,162.9,164,925771,151635156
28 MAY 2015,167.5,167.5,164,164.2,76,3128141,514594009.9
27 MAY 2015,166.5,169,165,165.1,75,1698312,278841176.9
26 MAY 2015,165.1,166.9,165.1,165.2,85,2107043,347704907.7
25 MAY 2015,169,169,165,165.2,96,56180,9339464.7
22 MAY 2015,169.1,170,168.5,168.6,29,50602,8546640.6
21 MAY 2015,170,171,169,169.3,44,626279,106163350.5
20 MAY 2015,169.7,170,169,170,27,1240243,209685940.4
19 MAY 2015,168.5,169,168.2,169,57,108165,18235650.7
18 MAY 2015,169.9,169.9,168.2,168.5,57,33329,5618365.1
15 MAY 2015,170,171,169,169.7,51,598820,102267588.4
14 MAY 2015,171.4,171.4,170,170,67,824245,140128478.7
13 MAY 2015,172,172,170.5,170.5,27,677086,116114453.6
12 MAY 2015,170,172,170,171.8,63,776085,132402121.9
11 MAY 2015,171,172,171,171.9,30,328829,56237366.9
8 MAY 2015,171,173,171,171.2,74,549202,94462098.8
7 MAY 2015,172,172,171.5,171.9,14,5305,911832.9
6 MAY 2015,172,172,169,170.4,117,1356651,230666652.3
5 MAY 2015,173,173,171,172,45,681987,117374242.3
30 APR 2015,172.5,172.5,171.5,171.9,50,172544,29679765.2
29 APR 2015,172,172,171,172,64,303705,52235914.5
28 APR 2015,171,171.9,171,171.5,74,439534,75381741.1
27 APR 2015,172,172,170.7,171.2,102,173399,29699433.1
24 APR 2015,171.1,172,171,171,40,68161,11662513.6
23 APR 2015,172,172,171,171.4,35,55506,9514756.9
22 APR 2015,173,173,171.5,171.9,27,2137698,368745806.7
21 APR 2015,172,172,171.1,172,22,303854,52262834.8
20 APR 2015,171,173,171,172,62,346929,59657706
17 APR 2015,170,173,170,171,31,70757,12156568.4
16 APR 2015,170,175,170,170.3,56,529131,90229875.7
15 APR 2015,164,170,163.5,169,38,20541,3436321.5
10 APR 2015,164,165,163.6,163.9,31,304703,49971948.6
9 APR 2015,164,164.7,164,164,63,850252,139441450.1
8 APR 2015,165,166,164,164.6,30,14168,2326539.7
7 APR 2015,165,168,164,165.1,21,6699,1104335
6 APR 2015,166,166,163.5,165,58,1043169,172122212.4
2 APR 2015,167,167,162,163.7,69,120322,19854802
1 APR 2015,163,167,163,167,20,11355,1872345
31 MAR 2015,160.1,166.8,160,165.4,105,91909,14966683.9
30 MAR 2015,166.8,166.8,161,162.7,140,137991,22542557.5
27 MAR 2015,169,169,166.5,166.8,63,42576,7150873.6
26 MAR 2015,172,172,167,168,77,40197,6816008.4
25 MAR 2015,172.5,174,171.5,171.9,50,50337,8655532.9
24 MAR 2015,176.9,176.9,172.5,173.3,73,45369,7931026.9
23 MAR 2015,177.9,179,177.4,177.4,29,30302,5393559
20 MAR 2015,177.5,178,176,177.7,32,24759,4406310
19 MAR 2015,175,178,175,178,36,27661,4919238.2
18 MAR 2015,178,178,174,175,65,80664,14277959.9
17 MAR 2015,179.5,179.5,179,179,28,53697,9633781.5
16 MAR 2015,180,180.8,179.5,179.7,44,104847,18869668
13 MAR 2015,182,182,180,180.7,48,57855,10473920
12 MAR 2015,181.9,183,181.9,182.5,13,1560,285039.9
11 MAR 2015,184.9,184.9,181,183,65,316532,57925487
10 MAR 2015,180,184.3,180,183.1,57,164186,29856471.7
9 MAR 2015,180,181,179.5,180.1,32,36133,6496687
6 MAR 2015,179.5,180,178.1,179.5,59,184422,33105370.9
4 MAR 2015,180,180,179.5,179.7,5,564,101353.1
3 MAR 2015,179.8,180.1,179,180,61,720371,129642305.6
2 MAR 2015,178.5,179.5,178.5,179,46,135292,24219592
27 FEB 2015,178.5,179.5,177.5,178.5,64,1104856,197223133.6
26 FEB 2015,179.5,179.5,178,179,44,93610,16754096.4
25 FEB 2015,179,180,179,179.4,80,155040,27893363.4
24 FEB 2015,179.9,180,178.1,179.7,94,54106,9733115.3
23 FEB 2015,180,180,178.8,179,28,611781,109510910.5
20 FEB 2015,180,180,179.1,179.8,24,19128,3440707.8
19 FEB 2015,180,181,179.1,180,84,3463628,623568071.3
18 FEB 2015,177,180,177,178.6,101,677285,121775439
16 FEB 2015,178,178,176,177.3,55,35056,6209970.1
13 FEB 2015,178,178,176,178,49,202836,36026587
12 FEB 2015,176.1,178,176.1,178,84,52857,9382638.9
11 FEB 2015,174.4,179,174,178,106,120261,21150969.2
10 FEB 2015,168.6,174.4,168.6,174,96,1043805,181605963.3
9 FEB 2015,168.6,170.2,168,168,76,83916,14179733.4
6 FEB 2015,164,170,164,168.1,156,2178486,364930978.9
5 FEB 2015,161,163.5,161,162.1,222,1719917,278659694.9
2 FEB 2015,167.5,168.1,158.1,160.8,257,228428,37090068.3
30 JAN 2015,174,174,167.5,168.1,476,1066970,180435427.5
29 JAN 2015,180.5,180.5,179.5,179.9,69,2489287,448061154.3
28 JAN 2015,181,181,179.5,180.1,63,238538,42992659
27 JAN 2015,181.5,181.5,180,181,24,664413,120203037
26 JAN 2015,180,180.1,180,180,30,53002,9540500
23 JAN 2015,181.5,181.5,179,180,25,57584,10336678.6
22 JAN 2015,180,180,177.1,178,86,742522,132175943.9
21 JAN 2015,180.1,181,178.1,180,34,105928,19060391
20 JAN 2015,180,183,180,180.2,55,546885,98484096.8
19 JAN 2015,188.5,188.5,177,179.8,97,451999,81386887.5
16 JAN 2015,190,190,188,188.3,29,24690,4645801
13 JAN 2015,190.1,192,187,189.5,78,168594,32029058.3
12 JAN 2015,190,194,189.3,190.1,113,3078643,595065488.6
9 JAN 2015,184,190.9,184,187.9,136,958161,179617402
8 JAN 2015,180.9,182.1,180,181.6,47,27002,4903032
7 JAN 2015,180,180.9,179,180,106,370302,66669293.3
6 JAN 2015,176,181,175,180,114,255134,45937782.3
2 JAN 2015,172,175.9,171.9,174.9,54,49049,8566918.6
31 DEC 2014,170,171,170,171,10,7756,1322672
30 DEC 2014,170,170,170,170,34,65553,11144010
29 DEC 2014,170,170,169,170,34,24361,4138740.9
26 DEC 2014,170,170,169.9,170,32,74404,12648550
24 DEC 2014,166,169,166,169,4,3300,555198.2
23 DEC 2014,165,170,165,169.4,52,18017235,2832282433
22 DEC 2014,168.8,168.8,164.9,165,71,1532903,252935474.7
19 DEC 2014,169,169,164.9,165,99,387702,64969845.9
18 DEC 2014,169.9,169.9,169,169,12,209610,35528849.3
17 DEC 2014,170,170,168,169.5,87,343922,58405581.5
16 DEC 2014,170,170.5,170,170.3,14,138930,23618295.5
15 DEC 2014,170,170,169.5,170,34,70751,12024174
12 DEC 2014,170,171,169.5,170,29,237033,40294075.1
11 DEC 2014,170,170.5,169.9,170,80,668612,113663960.8
10 DEC 2014,170.5,170.5,169.7,170,46,140282,23848941.3
9 DEC 2014,170,171,170,170,54,1596174,271350336.6
8 DEC 2014,169.5,170.4,169.5,170,48,82276,13966123.9
5 DEC 2014,169.1,170.5,169,170,66,304682,51720210.2
4 DEC 2014,169.9,169.9,169,169.5,89,423152,71733045.3
3 DEC 2014,166,169.9,165,169.3,62,115651,19398094.9
2 DEC 2014,165,166.9,165,165,104,376878,62187312.7
1 DEC 2014,158.6,165,158.6,164.9,35,61513,9948830.9
28 NOV 2014,160,162,155.1,158.6,155,463783,73099001.1
27 NOV 2014,167.9,167.9,160,160.6,201,303151,48987966.9
26 NOV 2014,170,171,167.5,168,46,16188,2746446.3
25 NOV 2014,170,173,169,170,193,846581,143942829.1
24 NOV 2014,170,173,160,169.4,145,217224,36332128.8
21 NOV 2014,177.8,178,173.8,175,187,414571,73023226.2
20 NOV 2014,176.9,178.5,176.9,177.8,76,394002,69865529.3
19 NOV 2014,176.5,179,176,176.1,43,88078,15540101.6
18 NOV 2014,176,179.9,175.9,176.5,101,540292,95557427.6
17 NOV 2014,174.2,176,174,175,61,153909,26912269.9
14 NOV 2014,174.2,174.2,174,174,54,172737,30056911.4
13 NOV 2014,174,174.2,174,174,65,250531,43592616.8
12 NOV 2014,171.5,174.3,171.5,174,34,150330,26145602.6
11 NOV 2014,174,174,171,173.9,49,97520,16926906.8
10 NOV 2014,174.4,174.6,173,174,47,66434,11559755.9
7 NOV 2014,174,174.9,173,174,82,610737,106271274.4
5 NOV 2014,170.9,174,169.1,172.8,171,462897,79392551.6
4 NOV 2014,170,170,169,169.6,129,480697,81464711.3
3 NOV 2014,166,170,165,169.6,162,1074761,181435079.5
31 OCT 2014,162,166,162,165.8,89,231822,38233282.1
30 OCT 2014,161,163,160.9,162,58,50823,8223908.3
29 OCT 2014,159,161,159,160.2,65,440575,70504186.8
28 OCT 2014,160,160,159,159,31,17130,2728492.9
27 OCT 2014,158.9,160,158.9,159.8,51,681850,108424793
24 OCT 2014,159,159,158,158.9,47,189375,30060986.2
23 OCT 2014,159,159,158.5,158.5,93,390881,62122736
21 OCT 2014,161,161,158,158.6,80,878678,139518746.5
20 OCT 2014,164,164,160,160.9,53,74411,12126698.7
17 OCT 2014,166.7,166.7,163,163.7,34,1219220,200663922.6
16 OCT 2014,165,166,163.5,165,154,1850626,308125473.8
15 OCT 2014,159,164.5,159,163.2,59,129247,20927390.6
14 OCT 2014,157,159,155,157.1,172,355655,55541578.4
13 OCT 2014,160,168.1,155.3,157.3,109,76877,12317672
10 OCT 2014,170,170,167,167.2,108,848151,144149639.1
9 OCT 2014,167.5,169.2,167.1,168.9,69,395487,66451180.8
7 OCT 2014,165.5,167.4,165.5,167.1,74,298677,49920233.7
3 OCT 2014,160,166.3,160,165.5,215,414599,68274645.5
2 OCT 2014,159,162,158.5,160,83,155540,24896495.8
1 OCT 2014,156,159.1,156,158,49,445437,69968655.1
30 SEP 2014,156.5,156.5,155,155.9,103,2358734,367955393.2
29 SEP 2014,156.8,158,156.5,157,38,240863,37919070.9
26 SEP 2014,157,157.1,156,156.1,21,11338,1775692.9
25 SEP 2014,159,159,156.1,157.2,42,32002,5058006.4
24 SEP 2014,160,160,158.5,158.9,20,68529,10887780.9
23 SEP 2014,161,161,159,159,44,1598156,255702533
22 SEP 2014,159,160.2,159,160,82,448386,71664546.8
19 SEP 2014,156.7,159,156,158.9,61,555547,87406140.2
18 SEP 2014,156.5,157.1,156.5,156.9,66,822457,129121757.5
17 SEP 2014,157,157.5,156.5,156.8,39,137292,21554689.7
16 SEP 2014,158,158.5,156.5,156.5,46,1299136,204635232
15 SEP 2014,161.3,161.3,155,156,120,183373,28673470.3
12 SEP 2014,164.8,164.8,160,161.3,88,139733,22728852
11 SEP 2014,162,164.5,161.5,163.9,122,354746,58082431.7
10 SEP 2014,158.5,161.5,158.5,160.2,143,377043,60343302.6
9 SEP 2014,156.4,158.5,156.1,158,119,152835,24123318.6
5 SEP 2014,152,156.7,152,155.3,155,317043,49019703.6
4 SEP 2014,150.9,152,149.9,151,122,594242,89435773.9
3 SEP 2014,148.9,150.9,148,150,141,888407,133082069.6
2 SEP 2014,148.8,148.8,147.2,148.5,50,30761,4556483.2
1 SEP 2014,148.9,148.9,148,148,38,42822,6339158
29 AUG 2014,146.8,148.5,146,148,68,798229,117727653.5
28 AUG 2014,146,146.6,145,146.1,54,217523,31808108.2
27 AUG 2014,145.7,146.2,145,146,23,12095,1766003.3
26 AUG 2014,146,146.4,145.9,146,50,113373,16552357.7
25 AUG 2014,146.5,146.5,145.9,146,48,99893,14585801.2
22 AUG 2014,146,146.5,146,146.3,80,114575,16741965.8
21 AUG 2014,145.5,146.5,145,145.8,80,114812,16703000.6
20 AUG 2014,145,145.5,144.5,145,135,1996319,289471608.2
19 AUG 2014,145.9,146,143.7,144.2,35,36777,5320828.5
18 AUG 2014,144.5,145,143.7,144.7,62,120587,17447280.7
15 AUG 2014,144.4,144.8,143.5,144.2,40,553308,79891616.2
14 AUG 2014,144,145,143,143.8,34,1038425,150566916.4
13 AUG 2014,142.5,144,142.2,143.7,41,47962,6866775.6
12 AUG 2014,143,143,141.5,142.9,97,296068,42076896.4
11 AUG 2014,143,143,142,142.5,47,26775,3809936.2
8 AUG 2014,143.9,144,142.1,142.9,34,19079,2734712.5
7 AUG 2014,142.9,144,142.9,143,85,235170,33647687
6 AUG 2014,142.6,142.8,142,142.4,49,594129,84393884.4
5 AUG 2014,142.9,142.9,141.5,141.5,43,39026,5532748.6
4 AUG 2014,143.1,144,142.9,142.9,30,516583,73866005.6
1 AUG 2014,145,145,143.6,144,26,223748,32369879
31 JUL 2014,144.7,145,144.6,145,54,283366,41087141.9
30 JUL 2014,144,145,144,145,68,348247,50494343.9
28 JUL 2014,143.5,145,143.5,144.9,35,145679,21097117.3
25 JUL 2014,145,145,143.5,144.8,15,11632,1683954.9
24 JUL 2014,145,145,143.9,144.9,41,376093,54522968.9
23 JUL 2014,144.9,145.5,143.5,144.5,37,196756,28518257.4
22 JUL 2014,143.3,145,143.3,144.9,23,367279,53252755.9
21 JUL 2014,141.8,144,141.8,143.3,50,97445,13937328.6
18 JUL 2014,141.9,141.9,139,140.5,134,395387,55332524
17 JUL 2014,143,144,141.1,141.5,55,56682,8040311.7
16 JUL 2014,145,145,142,142.1,172,383625,54750551.3
15 JUL 2014,146.1,146.5,144,145,117,712246,103338934
14 JUL 2014,146.5,147,145,146.1,123,297241,43447417.6
11 JUL 2014,149,149,146,146.3,58,15223,2237462.1
10 JUL 2014,149,149,148,148.5,118,1304950,194365995.6
9 JUL 2014,147,149,147,148.7,114,296137,43978117
8 JUL 2014,145.8,147.7,145.7,147,85,317627,46647486.2
7 JUL 2014,145.1,146,145,145.6,79,583018,84871176.6
4 JUL 2014,149,149,146,146.1,128,368189,53502331
3 JUL 2014,143.6,149.8,143.6,148.6,157,780939,113442528.9
2 JUL 2014,142.4,143.8,142.4,143.7,77,172683,24692770.5
1 JUL 2014,140.5,142,140.5,142,148,707266,99978514.4
30 JUN 2014,139.7,141,139.7,140.6,284,984589,137889487.1
27 JUN 2014,138,139.8,137,139.5,118,231696,32200533
26 JUN 2014,135.5,137.9,133.5,137.2,101,384331,52487992.9
25 JUN 2014,134.9,135.5,134.4,135,51,122590,16544810.4
24 JUN 2014,133.2,135,133,135,40,90692,12170223.6
23 JUN 2014,132.9,133.5,132.9,133.4,45,1399800,186915786.7
20 JUN 2014,135,135,132.5,133,30,900717,120528594.5
19 JUN 2014,135,135,134.9,135,129,1117314,150834387.1
18 JUN 2014,134.5,135.1,134,134.7,65,481374,64856141.3
17 JUN 2014,135,135.1,135,135,99,551568,74466243.7
16 JUN 2014,133.8,135.2,132,135,80,681117,91911879.8
13 JUN 2014,132,134,132,133.8,98,913829,121106827.9
11 JUN 2014,132,132.3,131.5,132,79,744576,98020713.9
10 JUN 2014,131,132,131,131.5,114,133991,17614836.2
9 JUN 2014,131,131.2,130.9,131,89,87962,11523047
6 JUN 2014,130.5,131.2,130.5,131,55,125695,16463116.5
5 JUN 2014,130.5,131.5,130,131,88,287411,37568536.3
4 JUN 2014,130,130.3,130,130,59,143013,18592402
3 JUN 2014,130.2,130.5,130,130.4,63,120742,15705388.8
2 JUN 2014,130,130.2,130,130,106,359030,46673964.2
30 MAY 2014,129.4,130.1,129.4,129.9,141,1005430,130346147.1
29 MAY 2014,126,130,126,129.6,108,728315,94069479.7
28 MAY 2014,126,126.5,126,126,49,433531,54792536.1
27 MAY 2014,126.5,126.5,125.5,126,38,150502,18962231.1
26 MAY 2014,126,126.4,126,126.4,10,2482,313412
23 MAY 2014,126.1,126.6,126.1,126.5,45,522391,66076828.5
22 MAY 2014,126.9,126.9,126.1,126.5,58,689941,87282111.6
21 MAY 2014,127.7,127.7,126.5,126.5,91,344822,43749890.9
20 MAY 2014,129,129,128,128,94,252879,32475849.9
19 MAY 2014,129.7,129.7,129,129,72,908756,117615999.3
16 MAY 2014,129,129.8,128.1,129.6,146,592888,76796335
13 MAY 2014,128.5,129,128,129,69,420938,54228108.3
12 MAY 2014,128,128.5,128,128.5,48,343239,43948188.1
9 MAY 2014,127.8,128.1,127.5,128,58,199153,25489557.5
8 MAY 2014,127,127.9,127,127.5,57,796858,101597500.7
7 MAY 2014,127,127.5,127,127.5,29,52020,6628988.6
6 MAY 2014,127.8,127.9,126.5,126.5,55,582919,74268826.6
5 MAY 2014,127.5,127.8,127.2,127.5,82,737195,93994130.2
2 MAY 2014,127,127.6,126.6,127.5,50,488805,62309468
30 APR 2014,127,127.5,127,127.4,61,258506,32868962.2
29 APR 2014,127.3,127.4,127,127,46,220529,28007605.9
28 APR 2014,126.9,127.5,126.9,127,35,290362,36877021.6
25 APR 2014,128,128.5,127,127,47,291217,36989378.3
24 APR 2014,126.5,128,126.5,127.3,95,457528,58115355.2
23 APR 2014,127,128,126.2,126.8,68,237930,30137248.4
22 APR 2014,127.8,128,127,127.9,115,696391,88831887.5
21 APR 2014,127.5,127.5,126.6,127.5,61,68076,8663356.4
17 APR 2014,127,127.5,126.6,127.1,115,417596,53059438.5
16 APR 2014,125.1,127.1,125,127,47,1062765,134364812.9
11 APR 2014,125.8,127,125,126.8,74,70562,8891190.2
10 APR 2014,126,126,125,125.9,43,37915,4763077.4
9 APR 2014,123.1,126.5,123.1,126,65,190444,23805808.9
8 APR 2014,125,125.5,125,125,49,361946,45254803.6
7 APR 2014,122.1,125.3,122.1,125,104,1625022,203126278.2
4 APR 2014,122,125,121,125,91,1791959,223812097.6
3 APR 2014,120,123,120,122.1,77,192617,23184415.8
2 APR 2014,121,121,118,120.1,34,159947,19193667.9
1 APR 2014,119.6,120.4,118,120.1,59,191385,22893783.2
31 MAR 2014,123,123.4,121.5,123,83,396939,48807743.8
28 MAR 2014,121.5,123,119.6,122.9,55,134481,16420210.7
27 MAR 2014,121,121,120,121,36,33369,4024997
26 MAR 2014,120,121,120,120.3,65,168530,20230848.8
25 MAR 2014,120.2,120.2,119.6,120,33,39103,4691734.2
24 MAR 2014,120,120.9,119.5,120.2,49,55551,6663336.2
21 MAR 2014,119.9,119.9,118,119.9,36,88759,10607196
20 MAR 2014,117.9,119.9,117,117.7,52,431681,50607780.5
19 MAR 2014,115.4,117.9,115.4,116.5,21,55929,6461492.2
18 MAR 2014,114.9,115.2,114.9,115,104,269995,31049011.1
17 MAR 2014,114.5,115,114.2,114.5,19,15616,1786711.9
14 MAR 2014,115,115,114.5,114.6,48,197780,22669372.8
13 MAR 2014,114.9,115,114.5,115,21,156700,17945241.9
12 MAR 2014,114.5,115.5,114.5,115.1,37,1002686,114834499.9
11 MAR 2014,115.5,115.5,114.8,115,43,961388,110634742.8
10 MAR 2014,115,116,115,115.5,192,806398,93201642.5
7 MAR 2014,115,115,114.5,115,20,18648,2143802.7
6 MAR 2014,114.2,115,114.1,114.5,60,736108,84285114.4
5 MAR 2014,115,115,114,114,98,106091,12128517.8
4 MAR 2014,115,115,114.8,115,23,13035,1498852.6
3 MAR 2014,116,116,114.7,115,77,188136,21636260.2
28 FEB 2014,115,116,114.9,115,173,1838666,211436720.7
26 FEB 2014,114.5,115.5,114.5,114.6,74,113439,13035457
25 FEB 2014,114.5,115.2,114.5,114.5,73,299259,34404686.5
24 FEB 2014,114,114.5,113.5,114.5,41,67044,7641887.2
21 FEB 2014,116,116,114.5,114.9,101,325095,37390399.7
20 FEB 2014,118,118,115.8,116,93,816206,94692252.5
19 FEB 2014,118,118.2,117.2,118,38,140434,16511058.1
18 FEB 2014,118,118,116,116.5,48,62177,7223058.5
17 FEB 2014,118,118,117,117,26,25238,2956623.3
13 FEB 2014,118.3,118.5,118,118,50,480874,56781777.3
12 FEB 2014,119,119,118,118.3,69,199007,23520565.2
11 FEB 2014,120,120,118.5,118.8,43,140533,16723254.4
10 FEB 2014,123,123,118.5,119.8,55,301973,36216786.3
7 FEB 2014,122.9,122.9,120,120.1,87,652453,78353840.6
6 FEB 2014,124,125.8,122.9,123,52,5637035,676534976.2
5 FEB 2014,127,127,120,120.4,126,3055942,374685352.8
3 FEB 2014,127,127.1,126.9,127,51,531755,67532904.7
31 JAN 2014,127,127.4,126,127,97,208915,26534948.4
30 JAN 2014,127,127.5,126,127,53,100155,12719189.8
29 JAN 2014,126.5,128,126.5,127.6,44,720362,91900837.2
28 JAN 2014,127.8,127.8,127,127.1,47,851315,108617461.7
27 JAN 2014,130,130,127.5,128,56,76993,9857026.4
24 JAN 2014,130.1,130.5,129.1,129.9,92,1406662,182813590.5
23 JAN 2014,128,131.5,128,130.6,206,1392010,180956526
22 JAN 2014,127,128.9,126.5,128.5,109,897937,114891976.4
21 JAN 2014,126.4,127.4,126,127.2,130,375751,47698166.6
20 JAN 2014,124,126.5,124,126,49,127959,16134874.5
17 JAN 2014,126.6,127.9,125.5,126,49,659455,83592933.5
16 JAN 2014,126.8,127,125,126.6,70,101281,12769527.6
13 JAN 2014,126.4,127,123.1,126.7,81,185902,23214189.6
10 JAN 2014,125,126.5,125,126.3,84,266528,33581517.8
9 JAN 2014,125,125.4,124,125,138,827243,103404411.2
8 JAN 2014,122.1,125,122,124.6,94,833831,103981387.2
7 JAN 2014,122,123,121.9,122.9,63,236052,28810756
6 JAN 2014,120.9,122,120,120.9,50,660012,79214262.5
3 JAN 2014,120.1,120.5,119,120.1,46,61097,7337017
2 JAN 2014,121.2,121.2,118,120,38,4119270,486315716.1
31 DEC 2013,122.5,122.5,120,120.4,38,69856,8473840.1
30 DEC 2013,120.5,122.5,120.5,122.1,95,406204,49533286.9
27 DEC 2013,120.1,121.5,120.1,120.9,15,13421,1614359.3
26 DEC 2013,121.2,122,120.2,121.1,25,501121,61122186.7
24 DEC 2013,122,122,121,121.6,19,504623,61560995.3
23 DEC 2013,120.5,122,120,121.9,123,542229,66135892.2
20 DEC 2013,120,120.4,119.1,120,62,159977,19197898.9
19 DEC 2013,118,120,118,120,113,432683,51893313.8
18 DEC 2013,118.9,119,118,119,86,511298,60799796.8
17 DEC 2013,117,119,117,118.9,119,382874,45399922.4
13 DEC 2013,117,117.5,117,117,16,3948,462641
12 DEC 2013,117.5,118,117,117.5,40,107837,12713771.4
11 DEC 2013,116,118.3,116,117,78,355921,41628772.8
10 DEC 2013,117,118,116.5,117.5,49,81651,9560819.5
9 DEC 2013,115.5,117,115,116.5,86,462375,53667217.8
6 DEC 2013,115,115.5,114.5,115,14,18294,2103829
5 DEC 2013,115,115.5,115,115.5,9,20764,2387860.5
4 DEC 2013,115.6,115.6,115,115,9,8535,981535.7
3 DEC 2013,115,116.5,115,115.6,31,67952,7848042.2
2 DEC 2013,116,116.1,116,116,59,270524,31381697.9
29 NOV 2013,115,116.4,115,116,42,176909,20513497
28 NOV 2013,115,115.6,115,115,63,185307,21310425
27 NOV 2013,113.1,114.4,113.1,114.1,30,33208,3784759.4
26 NOV 2013,113.8,113.8,112,113,73,241570,27267328
25 NOV 2013,113.9,115,112.5,113.4,23,8687,987345
22 NOV 2013,115.1,115.5,114,114,17,6772,772441.7
21 NOV 2013,115,116,115,115.5,91,2730524,314587112.3
20 NOV 2013,114,115.1,114,115,32,1759419,202236629
19 NOV 2013,114,114.9,113.5,114.8,20,920438,105832919.4
18 NOV 2013,114,115,113.7,114.4,23,36426,4168293.8
15 NOV 2013,113,113.5,113,113,41,31146,3521622.1
14 NOV 2013,113.2,113.2,113,113,27,16645,1881044
13 NOV 2013,113,114,112.5,112.9,38,38121,4325339
12 NOV 2013,114.5,114.5,112,113.8,42,14065,1591097.5
11 NOV 2013,114,115.5,114,114.9,16,1447,166258
8 NOV 2013,117,117,113,115.4,23,9405,1072387.5
7 NOV 2013,117,117,116.5,117,21,28022,3276122.5
6 NOV 2013,117.5,117.5,116.5,116.5,8,351,40978.5
5 NOV 2013,117.5,117.9,117.5,117.5,38,611115,71806238.3
4 NOV 2013,117.7,117.7,117.5,117.5,71,575146,67580369.8
1 NOV 2013,118,118,117.5,118,33,35721,4204821.4
31 OCT 2013,117,118.1,117,118,41,107577,12685183.6
30 OCT 2013,117,117,116,116.1,20,26459,3072102
29 OCT 2013,117,118,117,117.7,45,2151054,251693785.2
28 OCT 2013,117,117,116,116.6,33,195747,22894246.1
25 OCT 2013,117.4,117.4,116.9,117,23,16666,1949965.2
24 OCT 2013,117.5,117.7,117.4,117.5,27,39669,4661112.2
23 OCT 2013,118.6,118.6,117.1,117.5,45,146812,17325030.6
22 OCT 2013,118,118.9,117.6,118,58,1185296,139869699.9
21 OCT 2013,118,119,117.6,118,66,171322,20315217.5
17 OCT 2013,117.6,119,117.6,118.9,37,43453,5165913.4
15 OCT 2013,118.5,119,118,118.8,28,8754,1038077.9
14 OCT 2013,119.4,119.4,117.5,119,14,11339,1335070.1
11 OCT 2013,119.5,119.8,118,119.4,56,187653,22422619.1
10 OCT 2013,118.1,119.3,117.7,119,70,227789,27045037.3
9 OCT 2013,117.9,118.5,117.5,118.2,25,233711,27576578.2
8 OCT 2013,118,118,117,117.7,10,1794,211548.5
7 OCT 2013,117.7,118.5,117.5,118,37,20879,2463208.1
4 OCT 2013,119,119,118,118.5,35,62649,7423417.5
3 OCT 2013,118,119,118,118.7,21,510552,61225649.9
2 OCT 2013,118,119,117.5,118.5,42,40974,4854132.3
1 OCT 2013,118,119,116.5,118,34,32797,3866151.6
30 SEP 2013,117,120,116,117.6,57,133052,15629286.6
27 SEP 2013,118,118,117,117.3,24,276002,32556289.8
26 SEP 2013,115.5,118,115.5,117.7,129,1012741,117936845.4
25 SEP 2013,115.6,117,115.5,116,25,20875,2412072.6
24 SEP 2013,115,117.5,115,116.8,155,578267,67001424.8
23 SEP 2013,115,115.1,113.7,115,51,403667,46155824.8
20 SEP 2013,113,115,113,114.9,91,522346,59228466.4
18 SEP 2013,112.6,113,112,113,91,571888,64619234
17 SEP 2013,113,113,112,112.9,20,22011,2476657.6
16 SEP 2013,114,114.7,112.5,113.3,28,14999,1701806.8
13 SEP 2013,114.8,114.8,113.5,113.6,34,211711,24141854.7
12 SEP 2013,115,115,114.3,114.3,5,1394,159369.9
11 SEP 2013,114.3,115,114,114.8,39,305871,35163404.5
10 SEP 2013,114,114.3,113.8,114,42,321504,36655896
9 SEP 2013,114.5,114.5,113.7,113.8,59,277898,31634987.7
6 SEP 2013,114.5,114.9,114.5,114.5,14,3850,441335
5 SEP 2013,114.7,114.9,114,114.1,39,356284,40856486.4
4 SEP 2013,115,115,114.2,114.7,21,763934,87622317
3 SEP 2013,114,115,114,114.3,54,289608,33266458.6
2 SEP 2013,115.4,115.9,114.5,114.6,16,128619,14824063.1
30 AUG 2013,115.5,115.9,115,115.4,29,13995,1615364.2
29 AUG 2013,116,116,115,115.9,65,97833,11333654.1
28 AUG 2013,116.4,116.4,114.8,115.3,123,461691,53336898.4
27 AUG 2013,118,118,115,115.6,77,206589,23941933
26 AUG 2013,117,118,116,117,79,792308,92188464
23 AUG 2013,118.6,118.6,116.5,117,49,618884,72710695.8
22 AUG 2013,118.5,119,118,118.6,56,690847,81686403.4
21 AUG 2013,119.5,119.5,118,118.5,84,215839,25568116.6
19 AUG 2013,119.8,119.8,119,119.6,69,419451,50133150.9
16 AUG 2013,119,119.6,118.5,119.5,58,167075,19951493.8
15 AUG 2013,120,120.9,119.2,119.5,93,467603,55902506
14 AUG 2013,118.2,120.4,118.2,120,116,386132,46272161
13 AUG 2013,119,119.5,118,119.1,31,56686,6738395.7
12 AUG 2013,119,119,117,119,41,38073,4524057.1
8 AUG 2013,119.5,119.5,118.6,119,27,63444,7550059.6
7 AUG 2013,119.5,120,119,119.3,103,321181,38506539.6
6 AUG 2013,119,119.9,118.8,119.6,62,54096,6446931.8
5 AUG 2013,119,119.2,118.5,119,41,50241,5966430.1
2 AUG 2013,118,119.9,118,119.6,91,453172,54135820.5
1 AUG 2013,117.1,118.5,117,118.1,100,215570,25400746.4
31 JUL 2013,117,117.3,117,117.1,84,136716,16000174.3
30 JUL 2013,115,117.3,115,116.8,93,539262,62748712.8
29 JUL 2013,116,116.5,114,114,46,84277,9610899.7
26 JUL 2013,116.5,116.5,116.1,116.1,22,11303,1315056.3
25 JUL 2013,117,117,116.2,116.6,38,58650,6836464.5
24 JUL 2013,117,117.2,116.5,117,53,48432,5666111
23 JUL 2013,116.7,117.3,116.7,117,47,170781,19979297.3
19 JUL 2013,116,117.9,116,116.7,66,144993,16941932.9
18 JUL 2013,116,116,115,116,32,40287,4668567.2
17 JUL 2013,116.5,116.8,116,116,20,3660,425159
16 JUL 2013,117.5,117.5,116.5,116.7,60,304611,35554453
15 JUL 2013,115,118,115,117,87,318767,37218495.6
12 JUL 2013,114.5,115.5,114.5,115,59,170911,19634030.8
11 JUL 2013,115,115,114.5,114.5,36,32917,3776782.1
10 JUL 2013,113.5,114.9,113.5,113.8,40,63018,7173323.5
9 JUL 2013,114,114,113.2,113.5,45,48165,5467194.5
8 JUL 2013,114,114,113,113.5,58,183040,20833068.5
5 JUL 2013,115,115,112.5,113.3,79,59238,6703010.1
4 JUL 2013,115,115.5,113.2,113.5,90,2296715,259850664.8
3 JUL 2013,116.5,116.5,114.2,114.5,87,122159,14041303.1
2 JUL 2013,117,117.9,116,116.2,57,90663,10601521.7
1 JUL 2013,115,116,114.5,116,74,240867,27732782.6
28 JUN 2013,114.7,116.9,114.5,115.3,87,112404,12935930
27 JUN 2013,113.4,115,113.4,114.5,62,1148441,132031607.1
26 JUN 2013,114.9,115,113,113.4,143,420925,47759734.3
25 JUN 2013,116.3,116.3,113.6,113.9,135,555230,63678484.5
24 JUN 2013,115.9,116.9,115.5,115.9,55,90251,10470037.1
21 JUN 2013,116,117,115.1,115.3,67,104924,12112737.3
20 JUN 2013,116.5,116.5,115.8,115.8,62,3078612,356536496.6
19 JUN 2013,116.9,117,116,116.2,77,805197,93918290
18 JUN 2013,116.9,116.9,116.3,116.5,42,80678,9405535.1
17 JUN 2013,118,118,116.2,116.4,45,99194,11555598.7
14 JUN 2013,116.2,118.5,116.2,116.7,77,56197,6560401.5
13 JUN 2013,119.9,121,116.2,116.9,86,889878,104792735.9
12 JUN 2013,119.5,120,118,119.9,96,653937,77300141.9
11 JUN 2013,120.9,121.5,119.5,119.7,93,272414,32703961.4
10 JUN 2013,121.8,121.9,119.9,120,55,92843,11143436.2
7 JUN 2013,122.6,122.9,120,120.1,49,988273,120386121.7
6 JUN 2013,124,124,122.6,122.9,66,2132724,263089581.2
5 JUN 2013,124.5,124.5,122.5,123.3,91,344669,42500527.6
4 JUN 2013,122,124.1,122,124,142,3345357,417523753.9
3 JUN 2013,123.5,123.6,122,122,57,128105,15681257.4
31 MAY 2013,122.5,123.5,122.5,123.3,59,969926,120975305.7
30 MAY 2013,122.5,123.3,122.5,123,58,104640,12863648.3
29 MAY 2013,121,124,121,123.6,115,322028,39835543.4
28 MAY 2013,121.5,122.6,120.7,121.4,83,64737,7858006.4
27 MAY 2013,124,124,122,122.5,61,20145,2472061.1
23 MAY 2013,125,125,123.5,123.9,45,16925,2098583.2
22 MAY 2013,125,125,124.4,124.9,137,1534966,191845852.4
21 MAY 2013,122.5,126,122.5,125.3,481,5648995,705744092
20 MAY 2013,119,122.5,119,122.1,303,2008187,244620647.8
17 MAY 2013,116.9,119.1,116.9,119,214,3041435,359537790.1
16 MAY 2013,116,116.7,115.5,116.6,70,1323423,152971364.3
15 MAY 2013,116.5,116.5,114.5,115,114,379860,43613389.3
14 MAY 2013,117.9,117.9,116.5,116.6,54,91519,10695708.7
13 MAY 2013,118,118,117,117.8,82,93329,10987794.6
10 MAY 2013,118.7,119.2,117,118,138,1211541,143098932.6
9 MAY 2013,118.8,118.8,118.1,118.5,106,3528629,416505388.6
8 MAY 2013,118.6,119,118.2,118.7,125,3145947,371594013.7
7 MAY 2013,117.6,118.6,117.2,118.5,231,847473,99862443
6 MAY 2013,117,118,116.5,117.9,128,225557,26562772.3
3 MAY 2013,115,118,115,116.6,149,988853,115179874
2 MAY 2013,114,115,114,115,61,182831,21018715
30 APR 2013,114,115,114,114.8,83,1029591,117916077.7
29 APR 2013,114,114.9,113.8,114.5,84,529050,60571150.3
26 APR 2013,114,114.2,113.6,114.1,88,356189,40615628.7
24 APR 2013,113.5,114,113.5,114,93,631410,71874883.7
23 APR 2013,112.8,113.5,112.7,113,77,268602,30440131.9
22 APR 2013,113,113,112.5,113,53,3317232,374839534.4
19 APR 2013,113,113.5,112.6,113,83,4605651,520443550.7
18 APR 2013,114.1,114.4,113.1,113.4,53,21366,2431470.8
17 APR 2013,114,114.5,113.5,114.2,107,211616,24180702.4
16 APR 2013,113.9,114,113.6,113.9,90,636965,72549061.6
12 APR 2013,113.8,114,113.6,113.9,35,20661,2351759.9
11 APR 2013,113.5,113.8,113,113.5,121,913301,103654277.5
10 APR 2013,112.5,113.5,112.5,113,115,242321,27384278.9
9 APR 2013,113,113.5,112.5,113,86,57116,6453533.7
8 APR 2013,114,114,113,113.1,85,62899,7141863.2
5 APR 2013,111,113.8,111,113.5,146,236523,26778613.6
4 APR 2013,109.5,111.5,109,111.5,87,336465,37094720.7
3 APR 2013,109,110.5,109,109.8,51,69323,7630446.4
2 APR 2013,108.3,109.9,108.3,109.7,66,105960,11554332.6
1 APR 2013,111,111,108.6,109.6,45,67628,7433366
28 MAR 2013,112,113.5,112,113,176,5435338,614196755
27 MAR 2013,113,113,111.1,112.5,161,245203,27482654.7
25 MAR 2013,113.1,114,113,113,43,246831,27698305.5
22 MAR 2013,113.7,113.9,113,113.9,66,62453,7092487.2
21 MAR 2013,113.8,114.4,113.5,113.7,102,566375,64564758.5
20 MAR 2013,113,114.4,113,114,72,201275,22939635
19 MAR 2013,114,114.5,113.5,113.7,155,710573,80990732.5
18 MAR 2013,113,114,113,114,126,155095,17649069
15 MAR 2013,111,112.5,110.9,112,117,179721,20079149.8
14 MAR 2013,110,111,110,110.4,38,16572,1826220
13 MAR 2013,110,110.9,109.9,110,76,579845,63782652
12 MAR 2013,108,110.5,108,110,146,518598,56875922.5
11 MAR 2013,108.3,109,107.6,108.4,72,951765,102829540.7
8 MAR 2013,108.9,109.4,107.8,107.9,145,953290,103479002.3
7 MAR 2013,109,109.2,108.1,108.2,73,79294,8620688.6
6 MAR 2013,109.2,109.2,108.8,108.9,66,91830,10008714.4
5 MAR 2013,109.6,109.9,108.5,108.8,47,24565,2682311.8
4 MAR 2013,109,110,109,109.9,172,5064264,557003039.4
1 MAR 2013,109,109.1,108.8,109,66,100234,10926305.4
28 FEB 2013,110,110,108.8,109,156,475924,51903421.5
27 FEB 2013,107.5,109.5,107.5,109,172,1161453,126009689.6
26 FEB 2013,108,108,106,107.5,155,1338357,143880401
22 FEB 2013,107,108,107,107.6,54,46047,4949480.2
21 FEB 2013,107.6,107.6,105.2,105.8,80,178687,19014913.4
20 FEB 2013,108.6,108.6,107.5,108,19,22037,2380339
19 FEB 2013,107.7,109,107,108.6,122,2580860,280974379.8
18 FEB 2013,109.5,110,106,107.5,84,53432,5787428.7
15 FEB 2013,108.5,109.5,108.5,109,67,70987,7736307.5
14 FEB 2013,108.5,109,108,108.5,79,341659,37087369.5
13 FEB 2013,108,109,107.5,108.4,56,52157,5636430.9
12 FEB 2013,108,108.9,107.2,107.9,78,56936,6142659.3
11 FEB 2013,111.5,111.8,108,108.4,158,1056246,117440422.1
8 FEB 2013,109.9,111.4,109.9,111.2,248,2151133,238530103.2
7 FEB 2013,109,110,109,109.9,284,1554180,169787087.5
6 FEB 2013,107,109.4,107,108.7,290,1410193,153295708.2
5 FEB 2013,106,107.5,106,106.8,117,1117721,119194881.9
1 FEB 2013,106,106.5,105.3,105.7,170,1680438,177859892.6
31 JAN 2013,106,106,105,105.5,200,15548861,1609816654.4
30 JAN 2013,104.7,106.5,104,104.6,309,18575406,1915279126.2
29 JAN 2013,105.8,105.8,104.6,104.9,62,68209,7150791.4
28 JAN 2013,104.4,105.5,104,105,119,112551,11798557.2
24 JAN 2013,103.7,104.4,103.7,104,37,1126103,117115120.6
23 JAN 2013,104,104.5,104,104.1,108,6063770,630664245.3
22 JAN 2013,105,105.1,104,104.2,116,6872001,714957690
21 JAN 2013,105,105,104.5,104.8,51,743826,77905963.5
18 JAN 2013,105,105.1,104.9,105,115,2609490,273255047.1
17 JAN 2013,105,105,104.5,105,181,3974834,417351838.2
16 JAN 2013,105,105,104.5,105,93,240377,25233689.1
15 JAN 2013,105.9,105.9,104.9,105,132,2462780,258592988.8
11 JAN 2013,105.1,105.9,104.8,105,97,320338,33647513.7
10 JAN 2013,105,105.5,104.8,105,90,924056,97027560.6
9 JAN 2013,105.1,105.4,105,105.4,42,281698,29580814.4
8 JAN 2013,104.5,105.4,104.5,105.1,76,2431676,254148234.5
7 JAN 2013,104.9,105,104.1,105,93,899905,94053159.2
4 JAN 2013,104,105,104,104.9,45,33044,3459700.8
3 JAN 2013,104,105,104,104,42,18425,1926827
2 JAN 2013,103.2,104,103.2,104,82,13809156,1429285734
31 DEC 2012,103,103.9,103,103,46,61548,6342444.8
28 DEC 2012,102,103.9,102,103,46,30568,3139836.1
26 DEC 2012,103.9,103.9,102.5,102.8,27,258431,26616402.5
24 DEC 2012,102,103.5,102,103.4,29,17210,1773103.1
21 DEC 2012,102.4,103,102,103,70,614369,62824541.5
20 DEC 2012,102.9,103,101.5,101.8,35,475608,48980836.4
19 DEC 2012,102,103.5,102,102,27,1892809,194068269
18 DEC 2012,102,104,102,103,55,1815344,186977302.1
17 DEC 2012,103,103.6,101.2,101.4,29,762724,77803707.8
14 DEC 2012,102.7,104,101,102,81,2186048,223144790.9
13 DEC 2012,102.5,103,102.2,102.7,48,140318,14439157.8
12 DEC 2012,102,102,100,101.6,70,218799,21996347.1
11 DEC 2012,100,101,100,100,35,93574,9358100
10 DEC 2012,100.1,100.5,99,100.5,78,162919,16167169.9
7 DEC 2012,100,100,99.6,100,73,64309,6426359
6 DEC 2012,100,100,99.7,99.9,66,42480,4244812
5 DEC 2012,99.5,100,99.5,99.9,45,20349,2031826.4
4 DEC 2012,99.8,99.9,99.2,99.9,42,38879,3861295.5
3 DEC 2012,101,101,99.6,100,35,57557,5754763.1
30 NOV 2012,100,101.7,99.5,100,81,113228,11323711.2
29 NOV 2012,100.1,101,99.9,100,125,434732,43478252.9
28 NOV 2012,102,102,99.5,100,156,202836,20305518.4
26 NOV 2012,101.9,102,100.9,101.5,47,23843,2417555.6
23 NOV 2012,102,102,101.2,101.7,25,6965,708692.7
22 NOV 2012,102,103,101,101.9,51,49515,5048657.4
21 NOV 2012,102.5,102.9,100.5,101.5,82,62385,6343541
20 NOV 2012,103.1,104.4,102.5,102.5,30,15657,1613150.5
19 NOV 2012,105,105,103.1,103.5,30,19945,2073940.2
16 NOV 2012,105,105,104.6,105,37,110739,11622067.9
15 NOV 2012,105.9,105.9,104.7,105,47,71611,7516441.3
14 NOV 2012,105.2,106,104.7,105.9,43,19692,2073096.3
12 NOV 2012,105,105.5,104.5,105,40,21675,2275768.2
9 NOV 2012,104.5,104.6,104,104.5,28,7376,770724.3
8 NOV 2012,105,105,103,103.1,145,406892,42117849.6
7 NOV 2012,104,104,103.6,103.8,49,272871,28332582.5
6 NOV 2012,104,104,103.5,103.8,41,46520,4826384.3
5 NOV 2012,104,105,103.6,104,29,40355,4197607.3
2 NOV 2012,102.8,104,102.3,103.1,13,10963,1130063.9
1 NOV 2012,104,104,102.8,102.9,38,36080,3716784.4
31 OCT 2012,103,104.9,103,104.9,21,4690,487034.3
30 OCT 2012,104.6,104.6,102.8,103,44,123158,12686591
26 OCT 2012,104,104.8,103.4,103.5,46,24288,2515735.4
25 OCT 2012,104,105,104,104,49,43270,4503310
24 OCT 2012,106,106,104,104.3,45,182073,19192015.2
23 OCT 2012,106,106,104.5,105.1,46,235716,24731800.4
22 OCT 2012,107,107,104,105,32,196352,20779038.4
19 OCT 2012,106,108,105,105.5,56,237488,25329100.1
18 OCT 2012,106.5,106.5,105,106,41,203875,21590985.4
17 OCT 2012,107,107,104.5,104.8,38,206131,21808743
16 OCT 2012,108,110,106,106,78,271612,29435468.9
15 OCT 2012,109.9,111,106.1,106.9,46,194765,21012225.5
12 OCT 2012,111.1,112,110,110.2,75,314517,35015730.9
11 OCT 2012,113,113,111,111.1,47,227670,25463246.4
10 OCT 2012,113,113,111.2,111.8,90,481358,54286713.3
9 OCT 2012,113,115,111.8,112,41,202633,22798079.7
8 OCT 2012,113.5,113.5,112,112.1,33,194140,21982010.9
5 OCT 2012,113.1,113.9,112.1,113.1,42,217000,24579301
4 OCT 2012,113.5,114,112.6,113.9,72,267601,30389588
3 OCT 2012,114.6,114.6,113.5,113.9,40,205383,23473965.6
2 OCT 2012,115,115,114.1,114.6,36,33083,3796594.5
1 OCT 2012,115,116,115,115.9,55,338300,39182050.1
28 SEP 2012,114,116,113.6,116,136,6446414,741582079.5
27 SEP 2012,114,115.2,113.5,115,125,275109,31560246.3
26 SEP 2012,113.5,114.4,113.5,114,63,350604,39971317.8
25 SEP 2012,113.2,114.8,113.2,113.9,37,38655,4392025.5
24 SEP 2012,115,115,113.1,115,78,97338,11180160.5
21 SEP 2012,113.2,115.5,113,115,99,239086,27489325.4
20 SEP 2012,113,114.5,111,114.1,86,81742,9256311.5
19 SEP 2012,114,114,110,113,117,110078,12450424
18 SEP 2012,117,117,114.6,115,175,524843,60651800.6
17 SEP 2012,117,119.5,115,116.9,186,527381,61675873.9
14 SEP 2012,113,115.9,113,115.6,221,6155324,707779762.2
13 SEP 2012,109.8,112.5,109.8,112,186,1614408,178561883.3
12 SEP 2012,107.2,109.5,107,109.2,120,192384,20818050.2
11 SEP 2012,108,108.5,106.5,107,88,201085,21526052
10 SEP 2012,106.9,107.5,106.5,107,120,369429,39524888
7 SEP 2012,106.4,107,106,106.6,58,54338,5785836.1
6 SEP 2012,105,106.5,105,106,44,43911,4644628.8
5 SEP 2012,107,107,105,106,38,14380,1518184.5
4 SEP 2012,106,107,105,106.6,78,150364,15921207.5
3 SEP 2012,104.5,106,104.3,105,109,408156,42851904
30 AUG 2012,103.7,105,103.7,104,49,42986,4501124
29 AUG 2012,104,104.6,103.5,104,49,31099,3231259.4
28 AUG 2012,103.8,104,103,103.2,82,237274,24575650.8
27 AUG 2012,103.5,103.5,102.7,103.4,28,212313,21835553
24 AUG 2012,103.4,103.4,102.6,102.8,40,213004,21972090
23 AUG 2012,103,104,103,103.3,91,288481,29829408.3
22 AUG 2012,101.2,102.9,100.1,102.7,56,199484,20445482.2
21 AUG 2012,102,102.5,100.5,101.2,40,70503,7132434
20 AUG 2012,101,102,100.2,101.2,35,29100,2942733.1
17 AUG 2012,100.7,102.2,100,102.1,64,124816,12717401.1
16 AUG 2012,101.9,101.9,100.1,100.6,16,4786,480068.2
15 AUG 2012,99.7,105,99.6,101.1,112,230020,23208584.7
14 AUG 2012,98,99.5,97.5,99.3,50,605144,59319711.5
13 AUG 2012,98.4,98.4,97.4,97.5,22,31116,3048597
10 AUG 2012,97.9,98,97.5,98,36,89006,8717586.4
9 AUG 2012,98.5,98.5,97.5,97.6,38,26611,2597191
8 AUG 2012,97.6,98,97.5,97.5,30,170321,16683520.9
7 AUG 2012,97.7,98,97.5,97.6,35,34494,3366432.1
6 AUG 2012,98,98,97.5,97.6,22,25762,2514616.4
3 AUG 2012,97.5,98,97.2,98,22,531048,52040526.5
2 AUG 2012,97.9,98,97.9,98,28,115567,11320437.6
31 JUL 2012,97.7,97.9,97.5,97.9,13,12173,1191304.1
30 JUL 2012,97.5,97.8,97.5,97.6,23,5139,501519.5
27 JUL 2012,97.9,97.9,97.2,97.5,32,15062,1468724.3
26 JUL 2012,97.9,97.9,97.2,97.5,18,5370,523481
25 JUL 2012,96.9,97.9,96.8,97.7,33,105967,10277228.5
24 JUL 2012,97,97.4,96.8,97,60,174568,16922469.9
23 JUL 2012,97.4,97.4,96.8,96.9,72,28172,2734880.3
20 JUL 2012,97.7,98,97.3,97.5,33,22424,2185798.4
19 JUL 2012,97.8,97.8,97.1,97.3,32,19759,1925885.7
18 JUL 2012,97.1,97.9,97,97.8,22,16601,1621342.6
17 JUL 2012,99,99,97.1,97.2,38,22436,2183115.3
16 JUL 2012,98,99,97.7,98,37,47651,4669391.7
13 JUL 2012,98,98,97.5,97.7,38,15582,1523306.2
12 JUL 2012,99,99,97.9,98.5,21,12471,1221878.6
11 JUL 2012,98,99,97.8,98,29,18301,1793194.2
10 JUL 2012,99,99,98,98,50,56349,5522394
9 JUL 2012,97.7,100,97.7,98.6,32,41146,4048052.1
6 JUL 2012,98.5,99,97.9,98,39,138381,13584049.5
5 JUL 2012,97.7,98.1,97.7,98,27,50909,4988963.2
4 JUL 2012,99.3,99.3,98,98.2,46,13031,1283574.3
2 JUL 2012,98.9,99,98.8,99,21,9262,916564.9
29 JUN 2012,99,99.3,98.5,98.8,36,45864,4535514.6
28 JUN 2012,99.8,99.8,98.5,98.7,63,24236,2403688.6
27 JUN 2012,99.9,100,99.6,99.8,52,21595,2158173.6
26 JUN 2012,100.3,100.3,99.8,100,41,110724,11072070
25 JUN 2012,100.5,100.5,100,100,47,571237,57128769.4
22 JUN 2012,100.1,100.5,100,100.5,41,323946,32545580.6
21 JUN 2012,100.8,101,100.4,100.9,48,51137,5157504.1
20 JUN 2012,101.5,101.5,100.8,100.8,43,52702,5334853.3
19 JUN 2012,101.9,101.9,100.8,101,61,174915,17679162.2
18 JUN 2012,101,101.5,100.7,101,50,78319,7903550.2
15 JUN 2012,101.5,101.5,100.8,101,71,513044,51811855.6
14 JUN 2012,101,101,100.5,100.9,45,238630,24065784.9
13 JUN 2012,100.7,101,100,100.5,71,870490,87500273.2
12 JUN 2012,101,101.9,100.2,100.3,50,24427,2458037.1
11 JUN 2012,102.9,103,101,101.2,17,4430,450728.7
8 JUN 2012,100.1,102,100.1,102,43,22953,2329311.6
7 JUN 2012,102,102,100,100.2,20,9615,963180
6 JUN 2012,102.5,103.5,99,100,43,96943,9710827.7
5 JUN 2012,104.4,104.4,100,100.7,48,38336,3905859.4
1 JUN 2012,104,104.1,103.5,104,37,292635,30431316.9
31 MAY 2012,103.5,104.5,103,104,60,113073,11699005.2
30 MAY 2012,104.5,104.5,103.5,103.5,23,20906,2164341
29 MAY 2012,105,105.2,103.5,104.1,203,646148,67768819.5
28 MAY 2012,105,105.1,104.8,105,99,102520,10765243.1
25 MAY 2012,105,105.1,104.8,105,58,357307,37517154.2
24 MAY 2012,105,105.1,104.7,105,33,74946,7867094
23 MAY 2012,105,105.5,104.5,105,107,308696,32413297
22 MAY 2012,105,106,103.2,105,107,243816,25603855.8
21 MAY 2012,105,105.2,104.9,105,79,140437,14747244
18 MAY 2012,105,105.3,105,105,55,117109,12296928.5
17 MAY 2012,105,105.3,105,105.1,42,27003,2836094.6
16 MAY 2012,105,105.4,105,105.1,71,194438,20428630
15 MAY 2012,104.5,105.1,104,105,133,336380,35308876.4
14 MAY 2012,104.3,105,104.3,105,70,359005,37536532.5
11 MAY 2012,104.9,105,104.1,104.4,58,63780,6651208.2
10 MAY 2012,105.8,105.8,105,105,91,170443,17899260.6
9 MAY 2012,105,105.3,104.2,105,180,548829,57623831.8
8 MAY 2012,105,105,104.5,104.9,70,68755,7211858.5
4 MAY 2012,106,106,105.3,105.5,42,80281,8468156.5
3 MAY 2012,105.2,106,105.1,105.7,77,120832,12722598.2
2 MAY 2012,105,105.5,105,105.1,56,63205,6641335.7
30 APR 2012,105,105.4,105,105,60,83602,8779059
27 APR 2012,105,105.3,104.9,105,43,41249,4331265
26 APR 2012,105,105.5,104.8,105,130,210629,22139004.9
25 APR 2012,105.3,105.3,105,105.1,57,82911,8706651.2
24 APR 2012,105,105.3,104.7,105,95,331559,34817543.6
23 APR 2012,104.5,105.3,104,105,177,231782,24330907.2
20 APR 2012,106,106,103.6,104,96,71836,7505954.5
19 APR 2012,102.8,106,102.8,105.1,357,532593,56089121.3
18 APR 2012,100.1,102.9,100.1,101.8,105,170476,17341814.9
17 APR 2012,100,101,99.8,100.2,77,55035,5510133.9
16 APR 2012,99.6,100.1,99.6,100,57,57482,5747146.9
11 APR 2012,99.8,100,99.5,100,52,49958,4994067.5
10 APR 2012,100,100,99.5,99.8,20,11578,1153532.5
9 APR 2012,100,100,99.5,100,49,57326,5723902.1
5 APR 2012,99.5,99.8,99.2,99.6,56,80820,8044014
4 APR 2012,99.5,100,99.5,99.8,31,54692,5454458
3 APR 2012,99.5,100.1,98.5,99.6,100,8903163,890248267.6
2 APR 2012,99.5,100,99.2,99.3,35,9224,917865.8
30 MAR 2012,100,100,99.8,100,64,623646,62363789.4
29 MAR 2012,100,100,99.7,99.7,59,243314,24313405.3
28 MAR 2012,99.9,100,99.7,100,39,66151,6610595.7
27 MAR 2012,100,100,99.5,99.9,65,172110,17194760.6
26 MAR 2012,100.2,100.2,99.9,100,73,262946,26293704.6
23 MAR 2012,100,100,99.8,100,106,616230,61622882
22 MAR 2012,100,100,99.5,100,77,298529,29851889.1
21 MAR 2012,99.9,100,99.6,100,49,293880,29382488
20 MAR 2012,99.9,100.1,99.5,100,123,553574,55353383.8
19 MAR 2012,100,100,99.8,99.9,77,356756,35667072.6
16 MAR 2012,99.9,100.1,99.7,100,121,1310667,131063371.5
15 MAR 2012,99.6,100,99.5,100,79,371713,37150333
14 MAR 2012,99.6,99.6,99.1,99.6,38,77894,7742989.6
13 MAR 2012,99.8,99.8,98.5,99.2,56,32971,3271520
12 MAR 2012,99.2,100,99.1,99.7,54,18556,1847294.1
9 MAR 2012,99.9,100,99.1,99.5,50,34259,3414230.9
8 MAR 2012,100,100,99.5,99.6,51,42220,4210028.3
6 MAR 2012,100,100,99.4,99.8,87,143759,14363187.2
5 MAR 2012,100,100,99.6,100,75,92514,9249115.1
2 MAR 2012,100,101,99.8,100,90,153871,15387471.6
1 MAR 2012,100,101,99.6,99.8,78,72151,7214561.9
29 FEB 2012,101,101,100,100.1,44,31690,3180850
28 FEB 2012,100,100,99.8,100,78,254022,25400363.5
27 FEB 2012,101.5,101.5,99.6,100,110,221918,22193327.6
24 FEB 2012,100.1,100.5,99.9,100,167,529329,52933057
23 FEB 2012,101.5,102.9,100.5,100.6,55,62000,6251250
22 FEB 2012,100,101,100,100.1,93,1568500,156864380
21 FEB 2012,102,102,100,100,106,326400,32650640
17 FEB 2012,101.2,101.2,99.7,100,212,10669500,1066954520
16 FEB 2012,100,101,99.5,100,87,385500,38538560
15 FEB 2012,100,101,99.5,99.9,115,382800,38282120
14 FEB 2012,100.1,100.2,99,99.5,221,11193000,1119189670
13 FEB 2012,101,101,100,100.5,193,1559400,156634560
9 FEB 2012,101.9,101.9,100.6,101,173,717300,72873890
8 FEB 2012,102.4,102.8,101,101.4,117,316600,32109480
6 FEB 2012,101,102,100.4,102,60,8582900,858773440
3 FEB 2012,101.1,101.1,100.1,100.5,302,1484600,149309250
2 FEB 2012,104,104,101.1,101.7,133,307900,31561270
1 FEB 2012,106,106,104,104.7,196,474200,49514880
31 JAN 2012,105.5,108.5,103,104.7,128,202900,21173990
30 JAN 2012,106,112,104,105.4,504,793700,85261350
27 JAN 2012,100.5,106,100.5,104,180,2433400,243862720
26 JAN 2012,100,100.5,99.5,100,58,3710200,371018860
25 JAN 2012,99,100,98.5,99.6,45,53300,5313400
24 JAN 2012,100,100,97.2,98.3,94,239800,23533220
23 JAN 2012,100,101,98,99,59,64100,6385310
20 JAN 2012,100.3,101,99.9,100,54,581100,58114280
19 JAN 2012,100.4,100.4,99.8,99.9,53,2218700,221859650
18 JAN 2012,100,101,99.9,100.1,57,39200,3923850
17 JAN 2012,101.5,104,100,100,65,827600,82800120
13 JAN 2012,101.5,101.5,100,100.1,71,1315900,131611100
12 JAN 2012,100.9,100.9,99.9,100.3,48,85000,8502430
11 JAN 2012,100.9,101.5,100,100,89,366600,36776590
10 JAN 2012,100.5,100.9,100,100,38,52800,5281520
9 JAN 2012,100,101.4,99.5,99.9,88,1418000,141811510
6 JAN 2012,100.5,100.5,99.8,100,60,560400,56042540
5 JAN 2012,100,101,99.8,99.8,177,454100,45452450
4 JAN 2012,101,101,100,100.7,64,52900,5322540
3 JAN 2012,100.1,101,100,100.9,38,13100,1312980
2 JAN 2012,100,101.5,100,101,62,601200,60182460
30 DEC 2011,99.9,101.5,99.9,100,109,940200,94045210
29 DEC 2011,100.9,100.9,99.8,99.9,230,1597500,159798060
28 DEC 2011,100.5,101.4,100,100.3,217,2130500,213218640
27 DEC 2011,101,101.3,100,100.5,104,7955200,795557160
23 DEC 2011,100.4,101.5,100,100.1,118,2114400,211533120
22 DEC 2011,100,101.9,99.5,100,179,387000,38700860
21 DEC 2011,100,100,99,99.2,62,194200,19397680
20 DEC 2011,101.6,105,99.9,100,121,832700,83272080
19 DEC 2011,99.6,101.6,99,100,83,304700,30427520
16 DEC 2011,99.2,99.9,98.8,99,63,79900,7923650
15 DEC 2011,100,100,99.5,99.5,50,139000,13872720
14 DEC 2011,100,100,99.6,99.9,43,22000,2196580
13 DEC 2011,99.4,100,99.4,100,62,156100,15599010
12 DEC 2011,99,100,99,99.2,96,351400,35036140
9 DEC 2011,99.9,100,98.9,99,67,45100,4473470
8 DEC 2011,101.7,101.7,99.8,100,73,214600,21470660
7 DEC 2011,99.8,101.5,99.8,101,76,236900,23719460
6 DEC 2011,99.5,99.9,99.1,99.5,45,17400,1732520
5 DEC 2011,99.8,99.8,98.8,99.2,47,107900,10686720
2 DEC 2011,100,100,99,99.9,134,356100,35547550
1 DEC 2011,100,102,98.5,98.9,176,806800,80607940
30 NOV 2011,100.5,101.3,99.9,100,120,518600,51861830
29 NOV 2011,103,104.4,99.5,100.5,136,472100,47507080
28 NOV 2011,100.1,102,99.5,101.9,149,391300,39267440
25 NOV 2011,100,100.5,97,98.2,125,84700,8326700
24 NOV 2011,101,102,99,99.9,157,230800,23069050
23 NOV 2011,101,102,100.2,101.3,60,27900,2829410
22 NOV 2011,103,104.9,100.6,100.6,68,276300,28178730
21 NOV 2011,105,105,103,104,44,31600,3285090
18 NOV 2011,103.6,105,103.6,104,99,94200,9822500
17 NOV 2011,104,104,99.6,102.9,198,434300,43559180
16 NOV 2011,103,104,99.7,100,189,233300,23495920
15 NOV 2011,105,106,101,102.1,62,56900,5937920
14 NOV 2011,108,108,104,104.7,74,63600,6697300
11 NOV 2011,108,108,107,108,18,18700,2019440
9 NOV 2011,107.5,108,106,107.8,43,52100,5607740
8 NOV 2011,110.1,110.1,107.6,108,23,7400,800270
4 NOV 2011,110,110,108.5,109,44,76200,8308660
3 NOV 2011,110,110,108.5,109,30,27900,3043980
2 NOV 2011,108.1,110,108.1,110,50,84200,9236440
1 NOV 2011,109,109,108.1,109,58,94300,10274830
31 OCT 2011,109,109,108.2,108.4,51,2431400,263893965
28 OCT 2011,108,109.9,108,108.1,41,27900,3028310
27 OCT 2011,109,109.9,108,109,42,70200,7643520
25 OCT 2011,109,110,107.6,108,32,11700,1272560
24 OCT 2011,109,110,108,108.5,30,30200,3307040
21 OCT 2011,107,109,107,108,41,39200,4224990
20 OCT 2011,108.1,108.9,107,107.1,48,432600,46708960
19 OCT 2011,108,110,107,108.8,60,79100,8646460
18 OCT 2011,110,112,107,107.9,120,299500,32738350
17 OCT 2011,112,114,110,110.4,78,85800,9511720
14 OCT 2011,111.7,112.5,111.6,112,43,68600,7675930
13 OCT 2011,112,114,111.5,112,42,52200,5828970
12 OCT 2011,113.9,113.9,111,111.5,40,44700,4978830
10 OCT 2011,111,112.1,111,111.4,45,73000,8171540
7 OCT 2011,111,111.5,110.8,111.2,72,97400,10830040
6 OCT 2011,112,112,111,111,55,113200,12578690
5 OCT 2011,112,114,111.5,111.9,29,14700,1648750
4 OCT 2011,115,115,112,112.8,65,69400,7894310
30 SEP 2011,110.5,115.9,110.5,115,99,479800,54950470
29 SEP 2011,112,112,110.2,110.9,66,46200,5139130
28 SEP 2011,112.2,112.4,111,111.1,85,106600,11910710
27 SEP 2011,112.4,113,111.1,112.4,63,71200,7993250
26 SEP 2011,114,114.4,112,112.1,72,79700,9073290
23 SEP 2011,114.5,115,113.2,113.4,65,26300,2997590
22 SEP 2011,115,116,115,115.4,67,117500,13519970
21 SEP 2011,117.8,117.8,115,115.4,81,86300,9998490
20 SEP 2011,117,118,117,117.3,136,349900,41059660
16 SEP 2011,116,118,115.2,117.1,102,88200,10305310
15 SEP 2011,115.8,119,113,116.3,115,147900,17075420
9 SEP 2011,234.2,235,230,231.6,63,36200,8406750
8 SEP 2011,233,234.5,233,233.6,99,103900,24299490
7 SEP 2011,228,233,228,232.3,99,76300,17681280
6 SEP 2011,230,233,228,232.4,141,163900,37701790
5 SEP 2011,230.3,234,230,233.4,26,7200,1669930
2 SEP 2011,230.5,234,230,230.8,43,78800,18267910
1 SEP 2011,225.1,230,225.1,229.8,50,75600,17253640
30 AUG 2011,225.2,225.5,224,225.2,34,42300,9517800
29 AUG 2011,230,230,225.4,225.6,17,9900,2234170
26 AUG 2011,228,234.9,226,226,13,5400,1238670
25 AUG 2011,230,230,226,226,9,1600,363550
24 AUG 2011,228,228,225,225.5,29,7800,1757890
23 AUG 2011,233,233,228.3,228.5,17,2500,575120
22 AUG 2011,237.5,237.5,235,235.2,9,26400,6215950
19 AUG 2011,234.9,235,230.9,233.9,40,30800,7231790
18 AUG 2011,233.8,235,233.8,234.2,31,21600,5059460
17 AUG 2011,230,235,230,230.1,46,47800,11103680
16 AUG 2011,224.5,230,222.9,226.8,67,431400,97075020
15 AUG 2011,222,225,222,223.2,65,78900,17602400
12 AUG 2011,220,221,220,220,53,33800,7439760
11 AUG 2011,224,226,220,224.4,65,73300,16332350
10 AUG 2011,240,240,224,225,186,378908,87054752
9 AUG 2011,248.2,248.2,238,239.2,58,32600,7807770
8 AUG 2011,247,250,238,248.2,69,182100,45309840
5 AUG 2011,245,249,242,244.9,48,40600,9924930
4 AUG 2011,246.5,249,246,246.1,30,53900,13363170
3 AUG 2011,250,250,246,246.3,16,4300,1063040
2 AUG 2011,254.5,254.5,248.5,249.9,21,348500,87122400
1 AUG 2011,250,251,246,251,62,192200,48233980
29 JUL 2011,250.9,251,250.5,251,36,148100,37170430
28 JUL 2011,250,254,246.1,251,59,193300,48454550
27 JUL 2011,245,250,245,248.6,49,33400,8296840
26 JUL 2011,246,253,246,251,80,72400,18090390
25 JUL 2011,255,255,245.1,246,49,33700,8433800
22 JUL 2011,257.8,257.9,253,253.5,33,31100,7927140
21 JUL 2011,258,259.9,254,255,31,39300,10029740
20 JUL 2011,255.1,259.8,255,258,20,19100,4896180
19 JUL 2011,256.3,259.9,256.3,257,11,751200,195308910
18 JUL 2011,256,260,255,256.1,15,6700,1724340
15 JUL 2011,255.2,260,255.2,259.9,35,41000,10650980
13 JUL 2011,255,260,255,255,14,6400,1636710
12 JUL 2011,256,258,254,254,21,8400,2138200
11 JUL 2011,260,260,255,255.7,28,27700,7122950
8 JUL 2011,260,260,259.1,260,44,56500,14689910
7 JUL 2011,260,264.4,257,260.6,27,36600,9434610
6 JUL 2011,257.5,260,257.5,260,28,163700,42544490
5 JUL 2011,252,259.8,252,257.2,38,455800,118284450
4 JUL 2011,255,255,250.1,251.6,21,11800,2962490
1 JUL 2011,250,253,250,250.2,38,65500,16378230
30 JUN 2011,245.1,248,245,247.2,36,21200,5226780
29 JUN 2011,245,250,244.8,246.8,24,12700,3140200
28 JUN 2011,250,255,249,249.7,41,18200,4559640
27 JUN 2011,259,259,249.9,253.9,26,74100,18550390
24 JUN 2011,255.5,259,253.1,256.6,43,36700,9386160
23 JUN 2011,259,259,255,255.5,25,23400,6015110
22 JUN 2011,260,260,256.1,258,35,22100,5711750
21 JUN 2011,260,260,257.5,258.8,24,11500,2971550
20 JUN 2011,255,266,255,259.6,41,36600,9452750
17 JUN 2011,265,265,255,255.1,31,11600,2977030
16 JUN 2011,259.9,260,252,254.2,28,9400,2380610
14 JUN 2011,261,261,256.1,259.8,22,10800,2807810
13 JUN 2011,262.1,268,260,260.7,34,16300,4259990
10 JUN 2011,266,268,265,265.2,27,10500,2785920
9 JUN 2011,265.1,269.5,265.1,265.3,24,20700,5505070
8 JUN 2011,268,268,265.1,265.2,13,5400,1437970
7 JUN 2011,269.2,269.2,265.1,266,11,3500,934260
6 JUN 2011,270,271,268,270,43,176700,47707010
3 JUN 2011,269.5,272,266,269.9,58,195600,52792250
2 JUN 2011,268,269.9,266,269.2,40,20600,5522170
1 JUN 2011,267,268.5,266,268,55,155700,41712800
31 MAY 2011,268,268.1,267,267.5,34,25500,6824910
30 MAY 2011,267,268.5,266,267.7,51,36800,9834640
27 MAY 2011,265,268,265,266.8,49,68200,18191110
26 MAY 2011,263.2,265,260,264.8,81,157700,41428880
25 MAY 2011,261,270,261,263.7,194,119800,31745930
24 MAY 2011,260,260,259,259,46,45900,11914150
23 MAY 2011,262,262,259,259.5,45,590200,153469240
20 MAY 2011,263,263,260,262,24,151800,39469360
19 MAY 2011,260,265,260,263.2,39,547000,142315940
16 MAY 2011,260,263,260,261.4,40,32000,8351820
13 MAY 2011,262,263,260,261.1,18,11700,3065750
12 MAY 2011,262,262,260,261.9,14,505000,131309300
11 MAY 2011,264,264,260,261.3,14,26900,6999690
10 MAY 2011,260.5,265.5,260.5,263,17,17700,4685800
9 MAY 2011,265,266,261,265,45,155300,41136610
6 MAY 2011,267,267,265,265,24,36600,9703390
5 MAY 2011,269,269,265.5,265.7,27,59700,15873080
4 MAY 2011,263.5,267,263,265,51,126900,33619050
3 MAY 2011,269,270,260,265,57,206700,55124290
29 APR 2011,268,271,268,270.1,103,2611800,704174320
28 APR 2011,268,268,268,268,4,1001700,265455600
27 APR 2011,268,268,265,265.8,14,14000,3722900
26 APR 2011,266,270,265,266.3,32,1435202,387458640
25 APR 2011,269.1,274,269,269.9,49,97100,26233210
21 APR 2011,270,270,268,269.3,30,56100,15043360
20 APR 2011,268.5,270,268.1,268.7,20,18600,5009750
19 APR 2011,272,272,268,268,24,38600,10404060
18 APR 2011,268,273.9,268,273.8,12,7200,1961180
12 APR 2011,272,273,270.1,272.1,29,1034700,284430560
11 APR 2011,270,274,270,270.7,23,1009000,277436730
8 APR 2011,270,271,270,270.3,22,148900,40214230
7 APR 2011,270,271,270,270.6,32,69700,18837950
6 APR 2011,270,270,267,270,25,162600,43901680
5 APR 2011,270,273.4,268,268.3,26,41800,11285320
4 APR 2011,268,272,268,270,42,55200,14883870
1 APR 2011,265,269.9,265,267.5,17,48800,13048720
31 MAR 2011,268,268,265,265.8,42,99000,26323010
30 MAR 2011,267,270,265.2,266.8,30,36800,9826230
29 MAR 2011,269,271,268.1,268.2,56,4595200,1240681820
28 MAR 2011,260.1,273.4,260.1,269.1,95,542600,146196040
25 MAR 2011,263,264.9,260,262.2,27,12800,3350220
24 MAR 2011,264,264,258.5,260,28,63800,16547620
23 MAR 2011,258,264,258,260.5,35,54600,14223250
22 MAR 2011,252,260,251.3,257.2,37,185500,46804050
21 MAR 2011,255,256,251,251.8,51,35900,9068010
18 MAR 2011,260,260,254,255.3,65,73700,18847400
17 MAR 2011,259.9,263,257,260,61,182800,47478720
16 MAR 2011,255,257,255,256.5,31,15700,4013550
15 MAR 2011,259.5,260,255,255.2,25,12300,3138110
14 MAR 2011,257,258,253,255.1,48,26000,6636260
11 MAR 2011,257.8,260,257,257,36,52800,13631540
10 MAR 2011,251,259,251,257.8,32,61400,15667700
9 MAR 2011,258,258,255,255.1,16,190400,48587660
8 MAR 2011,262,262,260,260,27,20900,5434920
7 MAR 2011,265,265,263,263.7,19,18000,4747750
4 MAR 2011,260,269.9,260,264.9,18,62600,16360570
3 MAR 2011,266,267,260,260.1,67,459900,123250460
1 MAR 2011,270,270.6,270,270.5,79,1032000,278666810
28 FEB 2011,273,273.9,269.1,270.1,48,128800,35012770
25 FEB 2011,274,276,273,273.1,45,50900,13945140
24 FEB 2011,275,276.1,272,273.6,17,255300,69959750
23 FEB 2011,273,275,270,274,31,145200,39758810
22 FEB 2011,275,275,271,271.8,27,53100,14448010
21 FEB 2011,273,277,273,275.1,46,514900,142507540
18 FEB 2011,277,277,270.5,275,38,37800,10396000
15 FEB 2011,276,278,268,277,56,602800,166921440
14 FEB 2011,277,277,275,276.9,38,54900,15185080
11 FEB 2011,278.5,279.9,276,277.2,75,429200,119123150
10 FEB 2011,278,279,277,278,115,2324700,644060370
9 FEB 2011,278,278,277,277.1,68,4132750,1144842440
8 FEB 2011,279,279,275,278.9,60,279500,77517010
7 FEB 2011,280,280,277,278.9,63,120300,33572520
3 FEB 2011,273,275.5,272,275.1,39,83900,23056840
2 FEB 2011,275,279,273.5,276.1,33,34200,9412000
1 FEB 2011,276.5,276.5,274,274.1,28,46800,12851000
31 JAN 2011,276.5,280,276.5,278,39,73400,20418950
28 JAN 2011,279.4,280,270,276.5,37,197800,53501220
27 JAN 2011,282,282,278,280,60,106700,29858630
26 JAN 2011,280,281,280,280,45,57900,16213700
25 JAN 2011,284,284,280,282.9,44,73500,20816990
21 JAN 2011,278.8,284,281,284,60,162200,46011570
20 JAN 2011,275,280,275,278.8,44,213600,59126260
18 JAN 2011,277,277.5,275.5,276.9,38,50400,13946650
17 JAN 2011,279,279,275,275.5,48,93800,25867070
14 JAN 2011,280,281,279.9,280.1,54,95000,26601360
13 JAN 2011,280,280,278.5,279.9,57,46500,12983170
12 JAN 2011,280,281.8,278,280.6,92,182600,51132640
11 JAN 2011,275,279.9,273.1,279.7,68,133500,36933020
10 JAN 2011,275.5,279.4,270.5,274.6,57,231500,64337150
7 JAN 2011,268,275,268,273.7,96,267100,72418950
6 JAN 2011,270,270,267,267.2,54,42300,11316040
5 JAN 2011,262,270,262,267.1,42,74500,19696720
4 JAN 2011,260,262,260,261.5,46,49600,12939680
31 DEC 2010,261,261,259,259.9,48,151300,39376460
30 DEC 2010,260.1,261,258,260.5,65,1178000,306340390
29 DEC 2010,261.5,264.7,260.1,262.5,44,205200,51507090
28 DEC 2010,262,263,261,261.1,31,293200,76551810
27 DEC 2010,260,263.9,260,262,16,7600,1983400
24 DEC 2010,260.1,261.4,260,260.9,10,3200,833600
23 DEC 2010,260,261,259.5,260.1,41,316534,82219503
22 DEC 2010,257.5,258,255.1,257.7,64,92500,23775940
21 DEC 2010,256.6,259,255,255.4,56,1385200,355614490
17 DEC 2010,256,259,255,258.6,27,9900,2532550
16 DEC 2010,260,260,259,259.1,44,86700,22498800
15 DEC 2010,260,260,259,260,40,67200,17469640
14 DEC 2010,262.9,262.9,260,260.1,46,62600,16332940
13 DEC 2010,261,263,261,261.1,35,45400,11925520
10 DEC 2010,261,264,261,261.9,45,30700,8039920
9 DEC 2010,269,269,264,264,15,7900,2094420
8 DEC 2010,265.1,267,265,266.5,36,21200,5628060
7 DEC 2010,267,268.5,265,268.1,39,72700,19392250
6 DEC 2010,270,272.5,267,269.9,25,50200,13552750
3 DEC 2010,266.4,273.9,266,270.5,27,62900,16994360
2 DEC 2010,274.7,274.7,250,270.7,63,59600,16060370
1 DEC 2010,290,290,269,272.1,101,177300,47885530
30 NOV 2010,268,269.9,264,267.5,86,112100,29876880
29 NOV 2010,270.1,270.1,260,263.2,75,48600,12884170
26 NOV 2010,272,272,271,271.3,37,46100,12511300
25 NOV 2010,270,275,270,271,56,522400,143545060
24 NOV 2010,270,275,270,274,104,1146200,313985520
23 NOV 2010,275,276,270,270,140,676300,185595300
22 NOV 2010,272,274.9,272,273.8,61,48400,13230730
18 NOV 2010,265.1,273.4,265.1,271.7,95,168800,45261970
16 NOV 2010,265,269.7,263,265.3,28,12100,3206880
15 NOV 2010,273.5,273.5,265,265.5,48,58300,15665890
12 NOV 2010,273,274.5,273,274,64,156200,42795620
11 NOV 2010,270.5,274.8,270,273.9,47,85600,23252490
10 NOV 2010,275,276,270,271.9,49,45800,12443120
9 NOV 2010,276,276,274,275,66,475300,130681020
8 NOV 2010,276,280,274.5,276,78,705900,196849460
4 NOV 2010,277,277,274,274.9,180,1055500,290431030
3 NOV 2010,278,279.8,276.1,276.8,115,125000,34723000
2 NOV 2010,275,279.9,275,276.4,139,283300,78386530
1 NOV 2010,269,275,263,274.1,180,728800,197151220
29 OCT 2010,265,268.9,262,266.4,92,666000,176948220
28 OCT 2010,255,260,254,258.6,123,964300,246337300
27 OCT 2010,255,257,250,253.6,124,810100,206502800
26 OCT 2010,263,263,256,260,65,401000,106052180
25 OCT 2010,270,270,265,265.1,75,880500,233819720
21 OCT 2010,280,270,265,265.1,75,880500,233819720
20 OCT 2010,265.2,270,264,265.4,101,324000,86123080
19 OCT 2010,261.9,271,260,265.2,197,1773300,467086950
18 OCT 2010,259,263,258,261.9,103,411300,107258000
15 OCT 2010,260,260,250,260,72,194900,50114550
14 OCT 2010,260,260,248,259.6,103,239900,61442570
13 OCT 2010,260,260,225,255.1,207,184100,45930200
12 OCT 2010,273,273.1,260,260.2,130,83300,21954250
11 OCT 2010,275,280,271,272.1,117,315600,87681160
8 OCT 2010,270,275,270,274.8,116,666300,180443520
7 OCT 2010,275.6,275.6,269,271.4,160,665100,180116810
6 OCT 2010,287,287,273.1,273.9,122,138600,38162910
5 OCT 2010,289.9,290,276,280,145,236900,66450400
4 OCT 2010,295,295,288,288.7,109,54600,15870790
1 OCT 2010,285.5,295,285,294.5,223,1658700,483449780
30 SEP 2010,277.5,285,275,283.5,243,478400,134503730
29 SEP 2010,275,279,270,275.4,160,153100,41968940
28 SEP 2010,285,285,273,276.2,145,104300,28913500
27 SEP 2010,290,295,275,280.6,353,641700,182771580
24 SEP 2010,270,285,270,285.4,383,546900,155305160
23 SEP 2010,252,270,250.4,267.1,305,900500,231974660
21 SEP 2010,245,251,241.1,250.4,192,408700,101860830
20 SEP 2010,250,251,240,244.9,202,152600,37532420
17 SEP 2010,240,259,240,246.6,331,218600,54727530
16 SEP 2010,226,239,226,236.3,370,737200,170921540
15 SEP 2010,214,220,210,218.5,302,1008500,216936220
14 SEP 2010,205,210,200,208.8,245,262200,54287710
13 SEP 2010,195,203,194.5,200,245,1833600,365775660
9 SEP 2010,195,197,194,195,127,302700,59328280
8 SEP 2010,190,195,188.6,194.8,94,424200,82448930
7 SEP 2010,193,193,188.5,190.5,50,64700,12264920
6 SEP 2010,194,194.1,191,194,65,72500,14047100
3 SEP 2010,188,195,188,194.1,80,98900,18795030
2 SEP 2010,188.2,189,187,187.7,91,235200,44088230
1 SEP 2010,190,190,187,188.6,43,113900,21449630
31 AUG 2010,190,190,188,188.5,57,69200,13068250
30 AUG 2010,191,191,188,189.6,49,35300,6690890
27 AUG 2010,190,191.9,190,190.5,58,568100,108438980
26 AUG 2010,192,192,190,192,57,85900,16455430
25 AUG 2010,196,196,191,191.2,59,46400,8912080
23 AUG 2010,196,196,192.1,193,27,29100,5656360
20 AUG 2010,194.9,194.9,190.5,191,24,27500,5260420
19 AUG 2010,193,194.6,190.1,191.6,69,59900,11504910
18 AUG 2010,195,195,194,194.1,37,61300,11941030
17 AUG 2010,195.4,195.4,194,194.1,35,83500,16281060
16 AUG 2010,196,196,194,195.4,52,52200,10179250
13 AUG 2010,195,195,192,194.6,60,71200,13836630
12 AUG 2010,196,196.5,194,194.8,88,94000,18377980
11 AUG 2010,195,198,195,196,134,226000,44274020
10 AUG 2010,181,192,175.1,192,137,2930000,550737710
9 AUG 2010,185,192,182,182.8,126,1656700,306372010
6 AUG 2010,190,193,190,190,128,7267300,1380878280
5 AUG 2010,198,198,189.8,193,104,199200,38050780
4 AUG 2010,195,197.5,194.5,196.5,50,64400,12567450
3 AUG 2010,196,199,188,195.1,127,170700,33650070
2 AUG 2010,190,196,190,193.7,99,804800,154331860
30 JUL 2010,184,190,184,190,75,163700,30923550
29 JUL 2010,184.75,188,184.75,187,103,139000,25941125
28 JUL 2010,182,184,181.5,183.25,70,202700,36865075
27 JUL 2010,182,183,180,182,74,353400,63809925
26 JUL 2010,181,181.75,180,180.75,52,241400,43425500
23 JUL 2010,180,184,180,180.25,101,294100,52948150
22 JUL 2010,180,180.25,179.75,180,67,77600,13968325
21 JUL 2010,180,180.25,178.5,180,77,318800,57136000
20 JUL 2010,178,180.5,178,180,60,192400,34593625
19 JUL 2010,179.5,180,178,178,56,99200,17718500
16 JUL 2010,180,180,179,179.5,28,159000,28389300
15 JUL 2010,178,179.5,178,179,52,403300,71828225
14 JUL 2010,178.75,178.75,178,178,43,58800,10476425
13 JUL 2010,179,180,178.25,178.75,41,59100,10572400
12 JUL 2010,180.75,180.75,178,178,47,48500,8648775
9 JUL 2010,179.5,180,179,179,47,152400,27354225
8 JUL 2010,176,180.5,176,179.5,61,71800,12904650
7 JUL 2010,182,182,175,178,75,1033200,187269625
6 JUL 2010,179.75,182,179.5,182,116,2846600,517355575
5 JUL 2010,181,181.25,178,178.25,61,144700,26009225
2 JUL 2010,182,182,179.5,179.75,62,153000,27565500
1 JUL 2010,179,182,178.5,181,38,237500,42798650
30 JUN 2010,181,182,178,178.5,100,2103000,383513950
29 JUN 2010,180,183.5,179.5,181,109,396300,71480400
28 JUN 2010,184.5,184.5,178,179.75,116,163700,29558450
24 JUN 2010,185.75,186,181,184.5,102,122000,22521250
23 JUN 2010,193,193,185,186.25,112,79100,14937800
22 JUN 2010,195,195,191,192.25,110,115600,22350950
21 JUN 2010,190,205,190,194.25,338,307100,60724400
15 JUN 2010,278,285,278,283,182,316700,88912650
14 JUN 2010,282,282,275,277.75,46,36400,10198475
11 JUN 2010,282,284.75,279.5,280,64,613446,173181595
10 JUN 2010,278,281,278,279.25,76,3355600,939509300
9 JUN 2010,270.25,278,270,278,41,25600,6996450
8 JUN 2010,271,272.25,269,272,193,739000,200524525
7 JUN 2010,268,273,265,272.25,186,247100,66801600
4 JUN 2010,268,272,265,266.75,110,117700,31617950
3 JUN 2010,259.75,268,259.75,267,109,86200,22738550
2 JUN 2010,249.75,255,249.25,254.5,94,23667885,5917143925
1 JUN 2010,249,250.25,248.75,249.25,69,220200,55032075
31 MAY 2010,250,250,247,248.75,60,419400,104430975
26 MAY 2010,249,250,248.75,249.25,50,51800,12924350
25 MAY 2010,249,249.5,249,249,102,3257000,810993425
24 MAY 2010,248.5,249,247.5,249,92,562000,139893000
21 MAY 2010,248.75,249.75,248,248.5,49,396200,98627425
20 MAY 2010,249,249.25,248.25,249,50,801100,199471200
19 MAY 2010,248,250,248,248.75,63,59200,14746225
18 MAY 2010,246,248,246,247.75,48,3998400,983687225
17 MAY 2010,245,246,242,246,58,139900,34070250
14 MAY 2010,242.5,243,242,242,25,28200,6828550
13 MAY 2010,242,243,242,242,61,78300,18958550
12 MAY 2010,242,242.5,240,242,41,84000,20323600
11 MAY 2010,242,242.25,240,242,45,90000,21773050
10 MAY 2010,244,244,242,242,83,124200,30068400
7 MAY 2010,243,245,241,241.5,48,33600,8134825
6 MAY 2010,237.25,244.75,237,241.25,134,119800,28919275
5 MAY 2010,239,239.75,237,237.25,42,41200,9813375
4 MAY 2010,240,240,238,239,73,132100,31678450
3 MAY 2010,240,243,239.5,240,57,5057700,1213872125
30 APR 2010,240,240,239,239.5,32,15200,3641025
29 APR 2010,240,240.25,237,239,32,20500,4895575
27 APR 2010,245,245,240,241.25,50,86300,21121200
26 APR 2010,249.25,249.25,245,245,52,61200,15056625
23 APR 2010,249,249,245,248.75,108,111800,27786000
22 APR 2010,239,245,239,245,133,148700,35926725
21 APR 2010,232.5,239,232.5,238,97,314400,74061000
20 APR 2010,235,235,232,232.25,88,83000,19332700
19 APR 2010,234,234,232,232.75,85,49300,11484900
16 APR 2010,233.5,237,233.5,234,47,64400,15127075
15 APR 2010,232,235,232,234,38,24600,5733350
12 APR 2010,230,235,230,231.25,93,150500,34801850
8 APR 2010,228,229,226,227.75,65,160100,36449475
7 APR 2010,228,228,224,225,98,132500,30023675
6 APR 2010,219.5,227.5,219.5,227,174,175400,39388925
5 APR 2010,215,220,214.75,219,181,169000,36659650
1 APR 2010,210,220,210,214.75,278,278200,59800525
31 MAR 2010,200,203,199.75,201.75,151,523400,105630025
30 MAR 2010,200,202,196,201.75,103,933600,187701700
26 MAR 2010,195,200,195,198.75,55,61100,12114225
25 MAR 2010,195,195,194.75,195,61,1221700,238231325
24 MAR 2010,191.5,195,191.5,195,55,303800,58799925
23 MAR 2010,188,192,188,191.5,53,123900,23691200
22 MAR 2010,190,190.25,190,190.25,5,2200,418175
19 MAR 2010,192,192,191,191.5,18,21000,4025000
18 MAR 2010,191.5,193,191.5,192,23,51200,9860550
17 MAR 2010,191,193,191,192.75,15,11800,2272000
16 MAR 2010,192.75,193,192,192.25,12,6100,1172950
15 MAR 2010,192.75,192.75,192.5,192.5,11,14600,2810800
12 MAR 2010,193.75,193.75,192,193,23,40000,7719725
11 MAR 2010,193,194,193,193.75,28,590900,114077550
10 MAR 2010,192.5,193,192,193,24,36100,6957750
9 MAR 2010,191,192.5,191,192,25,41200,7884550
8 MAR 2010,192,192,191.75,191.75,13,10200,1957350
5 MAR 2010,192,192.5,191.75,192.25,48,179300,34424900
4 MAR 2010,193,193,191.5,192,28,33400,6414900
3 MAR 2010,194,194.75,194,194.25,45,355400,69124975
2 MAR 2010,195,195.25,194.25,195,36,87800,17115575
1 MAR 2010,195,197,195,197,21,12400,2440350
26 FEB 2010,198,198,197.25,197.75,11,7300,1443800
25 FEB 2010,197,198.75,195,198.5,70,137800,27009025
24 FEB 2010,198.5,200,198,198,87,114700,22851650
23 FEB 2010,195,200,195,197.75,273,333000,66231850
22 FEB 2010,191,194,191,193.75,83,187800,36291125
19 FEB 2010,189,190.5,189,190,48,335500,63750550
18 FEB 2010,187,190,187,188,9,17400,3302200
17 FEB 2010,187.5,187.5,186.75,187,9,18900,3534425
16 FEB 2010,186.25,189.75,186.25,187.5,10,3400,635600
15 FEB 2010,187.5,190,187.5,188,25,222500,41830425
12 FEB 2010,190,190,188,188,8,15700,2982400
11 FEB 2010,190,190,188,190,21,517600,98339675
10 FEB 2010,193,193,191.25,191.5,22,127400,24585725
9 FEB 2010,193,194,193,193.25,24,190900,36871125
8 FEB 2010,195,195.5,195,195,23,570700,111302400
5 FEB 2010,195.25,195.5,195,195,16,33700,6578125
3 FEB 2010,195.5,196,195,195.5,53,264900,51713275
2 FEB 2010,196,196,194.5,195,51,122600,23910375
1 FEB 2010,194,197,194,195.25,45,33500,6565100
28 JAN 2010,190,195,185.25,190.25,71,141300,26787775
26 JAN 2010,190,195,188,189.75,42,69100,13105475
25 JAN 2010,188,189,185,185.25,81,1642800,304105100
22 JAN 2010,189,189,185,185,44,24200,4513200
21 JAN 2010,189,189,188.5,188.75,17,21400,4041050
20 JAN 2010,188,190,188,189,46,261000,49549350
19 JAN 2010,191,191,187,188,33,32200,6031875
18 JAN 2010,195,196,189,190.5,15,48700,9320700
15 JAN 2010,193,195,192,193,43,113600,21910600
13 JAN 2010,194.75,195,190,192,40,35100,6747300
12 JAN 2010,196,196,194.75,194.75,23,40600,7916850
11 JAN 2010,196,198,195,196,36,51300,10094900
8 JAN 2010,197,198,197,197.25,20,16600,3275350
7 JAN 2010,196.75,199,195,196.75,58,164800,32309275
6 JAN 2010,194,198,194,197,133,457300,89809725
5 JAN 2010,192,193.5,191.5,193,86,293200,56376500
4 JAN 2010,190,192,190,190.75,42,61700,11727450
30 DEC 2009,190,192,188,189.5,68,79800,15179125
29 DEC 2009,189,190,188.25,190,76,175300,33290425
28 DEC 2009,187.5,189.5,187.5,189,46,203200,38457250
24 DEC 2009,185.25,189,185.25,187,33,113300,21329975
23 DEC 2009,189.5,189.5,185,185.5,24,12100,2272025
22 DEC 2009,190,191,188,189,95,161400,30586375
21 DEC 2009,185,188.75,185,188.25,55,89600,16815050
18 DEC 2009,180,185,180,184.75,86,175500,32307400
17 DEC 2009,179,181,179,181,76,320400,57608800
16 DEC 2009,175,178,175,177,87,1163100,203836775
15 DEC 2009,174,175.5,174,175,81,437600,76469300
14 DEC 2009,174.5,174.5,174,174,14,16200,2826300
11 DEC 2009,176.5,177,175,175.25,37,64300,11278500
10 DEC 2009,175.5,176.25,175.25,175.5,47,1388700,243177825
9 DEC 2009,176.5,177,175,176.5,44,221300,38761425
8 DEC 2009,176.75,177,176,177,20,15600,2760650
7 DEC 2009,177,177,176.5,176.75,35,67800,11998500
4 DEC 2009,174,176,174,176,21,15700,2750800
3 DEC 2009,172,175,172,175,51,101300,17671275
2 DEC 2009,169,172,169,170.75,24,15800,2686725
30 NOV 2009,167,169.5,167,169,11,9400,1574675
27 NOV 2009,167,168,166,167.5,26,74100,12339875
26 NOV 2009,169,169,167.5,168.25,19,8800,1485575
25 NOV 2009,173,173,169,171,16,17400,2975000
24 NOV 2009,176,176,172,173.75,23,14200,2476325
23 NOV 2009,177,177,175.5,176,14,12200,2145525
20 NOV 2009,176.75,177,175,175.75,34,1435200,251213325
19 NOV 2009,177,178,176,176,30,779800,136556975
18 NOV 2009,176,177.75,176,177,42,1562300,276519075
17 NOV 2009,178,180,176,176,21,3504700,620331850
16 NOV 2009,180,180,175,175.75,24,107100,18847075
13 NOV 2009,176,178.5,176,178,60,226800,40436075
12 NOV 2009,170,175,170,174.5,41,44200,7680000
11 NOV 2009,168.5,169,168.5,169,14,17800,3003300
10 NOV 2009,169,170,168,168.5,33,246400,41508575
9 NOV 2009,172.5,172.5,168.5,169,20,20500,3491225
6 NOV 2009,169,176,169,174.25,65,122500,20920850
5 NOV 2009,167,168,166,167.5,136,162300,26989575
4 NOV 2009,172,173,166.75,167,97,66500,11229850
3 NOV 2009,176,176,173.5,173.5,16,7400,1292475
30 OCT 2009,177.5,179,175,176.25,37,110300,19471575
29 OCT 2009,179,179,177.5,177.5,13,3800,675425
27 OCT 2009,181.25,181.25,179,179.5,31,22300,4013825
26 OCT 2009,187,187,181,181.25,33,22600,4159500
23 OCT 2009,177,187,177,184.5,37,25600,4664875
22 OCT 2009,181,181,178,178.5,48,32200,5742000
21 OCT 2009,181,184,171,181.25,148,140900,24853550
20 OCT 2009,187.25,187.25,179,180.25,146,372000,67323050
19 OCT 2009,189,189,184,187,163,303600,56325450
16 OCT 2009,192,192,190,190.25,46,60500,11518375
15 OCT 2009,190,192,189.5,192,57,547600,104881150
14 OCT 2009,189.5,191,189.5,190,62,206100,39184650
13 OCT 2009,186,190,185.5,188.25,47,54800,10255850
12 OCT 2009,180,187,180,186,107,1049100,192666275
9 OCT 2009,182,182,180,180.25,10,2400,434250
8 OCT 2009,182,182,180,181.5,44,37000,6697825
7 OCT 2009,180,181,179,180,60,240800,43290550
6 OCT 2009,179,180,179,179.75,82,463400,83326250
5 OCT 2009,177,180,177,179.25,65,88800,15933850
2 OCT 2009,175,178,175,176.25,70,115800,20432625
1 OCT 2009,172,174.5,172,174,20,36200,6256300
30 SEP 2009,172.25,173,171,171.25,61,100200,17221250
29 SEP 2009,169.75,173,169,172,82,152000,26062075
28 SEP 2009,171,171,169,169.75,42,66300,11267400
25 SEP 2009,171,172,170,170,54,59700,10235050
24 SEP 2009,173.5,173.5,170,170.5,52,43500,7466050
23 SEP 2009,174.75,174.75,171.5,172.25,47,133000,22850025
22 SEP 2009,179,179,174.5,174.75,58,129700,22770550
18 SEP 2009,175,179,174,177.75,69,82200,14428050
17 SEP 2009,170,177,170,175,144,711700,124497175
16 SEP 2009,163,170,162.5,170,118,468300,78874975
15 SEP 2009,166.5,166.5,160,163,49,52100,8552550
14 SEP 2009,168,168,166,166.25,68,50700,8469150
11 SEP 2009,161.5,166,159,165,155,820400,134902650
10 SEP 2009,161,163,159,162,72,59000,9522275
9 SEP 2009,157,161,157,160,89,203300,32524850
8 SEP 2009,154.25,157,154.25,156.75,67,209300,32706625
7 SEP 2009,152,154.75,152,153.75,63,967400,148073050
3 SEP 2009,151,151.5,150,151.5,38,130100,19615800
2 SEP 2009,150,151,150,151,71,248700,37538625
1 SEP 2009,150,150,149.5,150,28,281000,42147525
31 AUG 2009,150,151,150,150.75,37,26000,3903350
28 AUG 2009,150,151,150,150,41,75700,11362800
27 AUG 2009,147,151,147,150.25,150,558300,83825425
26 AUG 2009,147.5,147.75,145.5,147,26,35100,5158900
25 AUG 2009,147.25,147.25,147,147,40,82400,12125375
24 AUG 2009,145.75,147.75,145.75,147.25,53,173000,25419525
21 AUG 2009,145.5,145.75,145.5,145.75,17,35600,5188125
20 AUG 2009,145.5,145.75,145,145.75,59,139500,20296425
19 AUG 2009,145,145.5,145,145.25,46,147800,21465400
18 AUG 2009,144,145.75,144,145.5,94,487100,70657625
17 AUG 2009,143,144,143,144,64,72900,10496200
14 AUG 2009,141.5,144,141.5,143.5,40,52300,7466425
13 AUG 2009,142.75,142.75,140,141.5,36,39900,5658125
12 AUG 2009,143,143,142,142.75,16,19400,2773200
11 AUG 2009,144,144.5,143,143,30,74800,10760925
10 AUG 2009,144.5,144.5,144,144,11,17400,2505900
7 AUG 2009,144.5,144.5,143.5,144,21,47700,6868750
6 AUG 2009,145,145,142.75,144.75,32,96500,13980200
4 AUG 2009,143,145,142.75,144.5,38,31800,4572925
3 AUG 2009,146,146,143.5,143.5,5,8100,1173000
31 JUL 2009,145,145,145,145,22,35900,5205500
30 JUL 2009,143.75,146,143,145.75,51,39000,5646650
29 JUL 2009,144,145,144,144,28,64600,9351400
28 JUL 2009,145,146.25,144,145,44,92100,13364325
27 JUL 2009,144.5,146,143.75,145.75,107,123400,17921925
24 JUL 2009,144,144.5,142,142.75,76,310800,44272475
23 JUL 2009,139,143,138,142.75,160,705800,99390325
22 JUL 2009,140,140,138.25,139.25,119,145200,20254675
21 JUL 2009,136,138,136,138,65,73900,10117375
20 JUL 2009,134,135,133,134.75,39,63200,8504125
17 JUL 2009,132.25,133,132.25,132.75,47,157500,20884175
16 JUL 2009,132.25,133,132.25,132.5,20,54800,7262325
15 JUL 2009,130,133,130,132.5,40,1633400,217186000
14 JUL 2009,128,130,128,130,23,18300,2377400
13 JUL 2009,129,129.75,127.5,127.75,13,13600,1741125
10 JUL 2009,127,128.25,126,127,24,13500,1714375
9 JUL 2009,130,130,126.5,129.25,52,126300,16378225
8 JUL 2009,132,132.5,130.5,130.5,10,16000,2089100
7 JUL 2009,135,135,131,132,27,28900,3815250
3 JUL 2009,135,135,132.75,134,26,51500,6929375
2 JUL 2009,134.75,135,134.5,135,47,225800,30482700
1 JUL 2009,134,135,132.5,134.5,36,51600,6931850
30 JUN 2009,135.5,136,133.5,134,43,154800,20872375
29 JUN 2009,136,136,135,136,91,92600,12591450
26 JUN 2009,135,137,134,136.25,65,64600,8754475
25 JUN 2009,134,134,134,134,36,26300,3524200
24 JUN 2009,137.25,137.25,136,136.25,42,33300,4551100
23 JUN 2009,140,140,134.75,137,59,80200,11044600
22 JUN 2009,140,140.5,138,140,106,360300,50412275
19 JUN 2009,136.75,142,136.75,139.25,173,412300,57380100
18 JUN 2009,129,136,129,135.5,164,611400,79948500
17 JUN 2009,127,129,126,129,108,192000,24594025
16 JUN 2009,126.75,126.75,125.5,126,40,63400,7977125
15 JUN 2009,126,127,126,126.25,63,117100,14805150
12 JUN 2009,124,127,124,126,81,112700,14173600
11 JUN 2009,125,125.25,124,125,39,54800,6840625
10 JUN 2009,123.25,127,123,125.5,143,209600,26004300
9 JUN 2009,125.5,125.5,123,123,40,38500,4809800
8 JUN 2009,125,126.25,125,126,96,116900,14718725
5 JUN 2009,120,123.5,120,122.75,53,430000,52288550
4 JUN 2009,123,123,120,120,117,167600,20453700
3 JUN 2009,120,123.5,120,123.25,76,82900,10190175
2 JUN 2009,125,125,122.75,123.75,49,95300,11891875
1 JUN 2009,127,127.25,124.75,125,133,406600,51136075
29 MAY 2009,127,127.5,126,127.25,174,262700,33301900
28 MAY 2009,121.75,127.5,121.75,127,215,918700,114563350
27 MAY 2009,118,122,118,120.5,137,276800,33411450
26 MAY 2009,115,118,114,116.25,94,95900,11043125
25 MAY 2009,117.75,117.75,114,115.5,176,460800,53260725
22 MAY 2009,118,120,115.25,117,220,455500,53559950
21 MAY 2009,106,123,106,117.75,334,619600,70253200
19 MAY 2009,102,105,99,104.5,239,2497500,248660700
18 MAY 2009,100,103,96.25,100,215,631800,62769100
15 MAY 2009,94.75,97,94.75,95,22,26200,2489700
14 MAY 2009,93.75,95,93,94.5,34,985400,93321700
13 MAY 2009,93.5,94,93.5,93.75,37,20800,1949525
12 MAY 2009,96,96,93,94,48,32700,3078675
11 MAY 2009,95,98,95,96,14,5900,569350
7 MAY 2009,94.5,97,94.5,95,106,224400,21365325
6 MAY 2009,92,94.5,92,93.25,64,41600,3873900
5 MAY 2009,91,92,90.75,91.75,41,23000,2098425
4 MAY 2009,90,91.75,90,90,49,148100,13330850
30 APR 2009,89,89,88,89,26,22400,1990075
29 APR 2009,87.75,89.75,87.75,89,51,41600,3703500
28 APR 2009,90,90,87,87.25,37,28000,2457975
27 APR 2009,91.5,92,88.5,90,60,81700,7404850
24 APR 2009,90,93.5,90,91.5,90,73000,6721050
23 APR 2009,85.5,90,85.5,89.5,74,67800,5972150
22 APR 2009,83.25,85.25,83.25,85,69,44000,3727725
21 APR 2009,82,83.5,82,83,86,745700,61889250
20 APR 2009,82.75,82.75,80.75,81.5,54,69900,5695925
17 APR 2009,81,83,81,81.5,42,27800,2264100
16 APR 2009,80,81,80,80.75,22,8900,717750
15 APR 2009,79,79.75,79,79.75,4,2000,158650
8 APR 2009,77,78,77,77,26,14400,1109125
7 APR 2009,78,78,76.75,77,28,10300,793450
6 APR 2009,80,80,78.5,79,53,120700,9529375
3 APR 2009,81,82,80,80,32,45200,3624775
2 APR 2009,80,81.5,79.75,80,12,17900,1432200
1 APR 2009,79,80,78.5,78.75,75,447200,35223375
31 MAR 2009,80,80,79.25,79.25,23,21200,1686950
30 MAR 2009,80,80.5,80,80,37,53200,4257100
27 MAR 2009,79,80.25,79,80,39,170500,13495050
26 MAR 2009,78.75,80,78.75,79.5,11,12000,955350
25 MAR 2009,78,80,77,78.5,63,405700,31459200
24 MAR 2009,78,79,77.75,78,69,131200,10238275
23 MAR 2009,78,78,77,77.75,29,1372026,108279504
20 MAR 2009,75,78.75,75,78,33,92200,7166800
19 MAR 2009,79,79,78.75,79,38,75500,5963600
18 MAR 2009,79,79.75,78.75,78.75,19,24500,1936775
17 MAR 2009,79.5,79.5,78,78.25,40,230800,18031075
16 MAR 2009,80,81,79.75,80,22,21600,1727950
13 MAR 2009,80,80,79.75,79.75,24,69800,5576175
12 MAR 2009,82,82,80,80,30,132300,10587250
11 MAR 2009,83,83,81.5,82,11,7000,574175
9 MAR 2009,82,84,82,82.75,10,3700,307000
6 MAR 2009,82,82,80,80.25,17,6700,538975
5 MAR 2009,82,82,80,80.75,22,12400,1007075
4 MAR 2009,83,83,82,82,10,5600,460450
3 MAR 2009,84,84,83.25,84,13,9900,829700
2 MAR 2009,86,87,85,85,21,63800,5425525
27 FEB 2009,86.5,86.5,86.5,86.5,6,2400,207600
26 FEB 2009,86.5,86.5,85,85,17,317200,27197700
25 FEB 2009,89.75,89.75,87,87,18,14100,1235950
24 FEB 2009,90,90,89.75,89.75,8,2700,242650
20 FEB 2009,89,90,89,90,25,117700,10589200
19 FEB 2009,90,90,89,89,6,1600,143525
18 FEB 2009,91,91,88.25,90,15,16600,1497075
17 FEB 2009,91.75,92,91.25,91.5,11,1800,164875
16 FEB 2009,93,93,92,92,13,3800,350450
13 FEB 2009,91,91.75,91,91.75,11,4300,392900
12 FEB 2009,91,91,91,91,6,2300,209300
11 FEB 2009,90,93,90,93,8,18400,1701950
10 FEB 2009,88,90.5,88,90.25,18,9200,827500
6 FEB 2009,88,88.25,88,88,8,5300,466425
5 FEB 2009,90.5,90.5,88.25,88.5,30,8400,752350
3 FEB 2009,93,93,90,90,16,17500,1577700
2 FEB 2009,95,95,93,93,14,5200,487800
30 JAN 2009,96,96,94.5,95.5,24,44000,4216750
29 JAN 2009,96,97,95,96,35,38900,3722575
28 JAN 2009,98,98,95.5,96,63,79400,7659125
27 JAN 2009,96,99.75,95,98.25,84,84800,8220875
26 JAN 2009,96,99.5,94.5,96,117,70100,6807200
23 JAN 2009,90,92.5,90,92,48,24200,2212850
22 JAN 2009,86.25,90,86.25,90,40,24600,2208900
21 JAN 2009,92,92,86,87,93,76700,6778300
20 JAN 2009,88,93,88,92,177,161400,14477450
19 JAN 2009,76,89.75,76,88,92,57900,4794750
16 JAN 2009,78,78,72,74.5,28,19000,1411450
15 JAN 2009,71.75,76,71.5,75,25,18900,1394750
13 JAN 2009,69.75,71.5,69,71.5,18,10500,733000
12 JAN 2009,69.5,70,68.5,68.75,9,2300,158975
9 JAN 2009,69.5,69.5,68.75,68.75,6,2000,137700
8 JAN 2009,69.5,70,69,69,24,15300,1060575
7 JAN 2009,69.75,70,69.5,69.5,16,9700,674850
6 JAN 2009,70.25,70.25,69.5,69.5,19,11400,796700
5 JAN 2009,72,75,70,70.25,64,39700,2837150
2 JAN 2009,67,79,66,69.25,150,173200,12032650
31 DEC 2008,67,67,67,67,24,7500,502500
30 DEC 2008,67,67,66.75,67,25,6300,422050
29 DEC 2008,68.25,68.25,67.25,67.25,25,12900,872950
24 DEC 2008,68.5,68.5,68.5,68.5,17,7600,520600
23 DEC 2008,69,69,68.5,68.5,25,10700,734050
22 DEC 2008,69,70,68.5,69.25,29,15600,1076500
19 DEC 2008,68.5,68.75,68.5,68.5,29,224800,15399325
18 DEC 2008,68,69,68,68.5,20,357000,24365450
17 DEC 2008,68,68,68,68,25,21100,1434800
16 DEC 2008,68,68,68,68,12,3300,224400
15 DEC 2008,67.75,67.75,67,67.25,16,7700,519025
11 DEC 2008,68,69,67.5,67.75,17,192900,13069075
10 DEC 2008,66.5,67.25,66.5,66.5,45,21000,1398825
8 DEC 2008,69.25,69.25,66.25,66.5,35,8300,562400
5 DEC 2008,73,73.75,69.25,69.5,92,38700,2746025
4 DEC 2008,75,75,74,74.25,50,19100,1427400
3 DEC 2008,76,76,75,75,40,17800,1339400
2 DEC 2008,78,78,76.75,76.75,14,4400,341125
1 DEC 2008,80.5,80.5,78,78.5,25,7300,580900
28 NOV 2008,83.5,83.5,80,80,12,3000,240375
27 NOV 2008,76,80,76,79.5,45,18300,1440050
26 NOV 2008,79,79,75,76,85,66800,5024500
25 NOV 2008,80.25,80.25,78.5,79,28,29000,2307100
24 NOV 2008,82,82,80,80,40,24700,1981850
21 NOV 2008,83.75,83.75,82.5,82,11,11200,931225
20 NOV 2008,84.25,84.25,83.75,83.75,15,9200,772175
19 NOV 2008,84.5,84.5,84,84,36,29300,2469500
18 NOV 2008,85,85.25,84.5,84.75,48,38200,3249975
17 NOV 2008,87,87,85,85,48,31100,2658275
14 NOV 2008,89,89,87,87,44,29600,2606575
13 NOV 2008,90.25,91,89.75,89.75,38,20400,1838800
11 NOV 2008,93,93,89,90,21,7100,638625
10 NOV 2008,94,94,90,90,32,17200,1567325
7 NOV 2008,95.5,95.5,94,94,21,23000,2171275
6 NOV 2008,98,98,90,95,37,24500,2323875
5 NOV 2008,97,99,97,98,57,30500,2981550
4 NOV 2008,92,98.75,92,96.25,116,54900,5324900
3 NOV 2008,87,94,87,92,60,34500,3156975
31 OCT 2008,83,84.75,83,84,54,87300,7320075
30 OCT 2008,81,83.5,81,83,57,77400,6354225
29 OCT 2008,81,82,81,81,63,45100,3655675
28 OCT 2008,84,84,81,81,41,18200,1488950
24 OCT 2008,86.25,86.25,84,85,88,46000,3892075
23 OCT 2008,88.25,88.25,85.75,86.25,38,16200,1412225
22 OCT 2008,90,90,88.5,88.75,37,15500,1380800
21 OCT 2008,92,92,90,90,46,16500,1498200
20 OCT 2008,95.25,95.25,93,93.25,28,19600,1840825
17 OCT 2008,96,96,95,96,19,10400,997900
16 OCT 2008,96,96,94,94,26,12100,1147825
15 OCT 2008,93.5,96,93,95.75,44,22600,2143050
13 OCT 2008,92,94,90.25,91,53,18600,1713700
10 OCT 2008,97.25,97.25,91.5,92,57,26700,2505275
9 OCT 2008,97.25,98.25,97.25,97.5,19,11900,1166150
8 OCT 2008,100,100,97.5,97.75,54,26700,2628175
7 OCT 2008,103.75,103.75,100,100.25,54,26100,2651375
6 OCT 2008,104.25,104.25,103.75,103.75,12,3300,343250
3 OCT 2008,104,104.25,104,104.25,11,4500,468325
2 OCT 2008,105.5,105.5,104,104,40,15000,1578550
30 SEP 2008,105.5,105.5,101.75,102.25,61,37100,3830350
29 SEP 2008,107.75,107.75,105.75,106,47,178700,19246775
26 SEP 2008,109.5,109.5,108,108,21,27900,3013350
25 SEP 2008,111.75,111.75,110,110.5,32,9800,1083550
24 SEP 2008,112,113,111.75,112,22,14200,1595650
23 SEP 2008,112.25,113,112,112,32,30800,3456975
22 SEP 2008,112.5,113,112.5,112.5,17,7100,800800
19 SEP 2008,112.5,113,112,112.25,39,60300,6802200
18 SEP 2008,113,113,111,111.25,40,27800,3132550
17 SEP 2008,113.25,113.25,112.75,112.75,10,2700,305325
16 SEP 2008,114,114,114,114,15,17400,1983600
15 SEP 2008,114,114,114,114,5,1200,136800
12 SEP 2008,116,116.25,115,115.25,41,17400,2005875
11 SEP 2008,116,116.5,116,116,15,8800,1021700
10 SEP 2008,117,117,116,116,13,3400,395725
9 SEP 2008,117,117,116,117,33,26200,3059425
8 SEP 2008,118.5,118.5,117,117,20,8900,1045500
5 SEP 2008,120,120,117.5,118,64,21400,2534825
4 SEP 2008,120,120,120,120,8,3800,456000
3 SEP 2008,121,121,120,120,30,12900,1551750
2 SEP 2008,122,122,120.75,121,31,19500,2364175
1 SEP 2008,121,122,121,122,5,1400,170700
29 AUG 2008,123,123,122,122,12,3000,366700
28 AUG 2008,123.25,123.25,123,123.25,19,24900,3063825
27 AUG 2008,124,124,123.25,123.25,13,21500,2657425
26 AUG 2008,124,124,123.25,123.25,9,5300,654700
25 AUG 2008,125,125,124,124,11,14400,1785850
22 AUG 2008,123.5,125,123.5,124.25,19,16700,2072500
21 AUG 2008,124,124,123.25,123.25,6,2100,259650
20 AUG 2008,125.25,125.25,123,124,25,20000,2491150
19 AUG 2008,126,126.25,125,125.75,7,9100,1147375
18 AUG 2008,126,126.5,125.75,126.25,17,26000,3280750
15 AUG 2008,128,128,126.5,126.75,17,32000,4059375
14 AUG 2008,127,127,126,127,13,61000,7696100
13 AUG 2008,128,128,127.5,127.5,43,61500,7857650
12 AUG 2008,128,128,128,128,2,2000,256000
11 AUG 2008,128.75,128.75,127,128,9,6900,887425
8 AUG 2008,128.5,129,128.5,129,10,8700,1118900
7 AUG 2008,129.25,129.25,128.5,129,9,6100,786275
6 AUG 2008,130,130,129.5,129.5,4,1500,194950
5 AUG 2008,130,131.25,130,130,22,68800,8951550
4 AUG 2008,128,131,127.5,130.5,43,48600,6301875
1 AUG 2008,125,125.5,125,125.5,4,1000,125050
31 JUL 2008,123,125,123,124,39,106800,13253550
30 JUL 2008,122.25,122.25,122.25,122.25,5,7600,929100
29 JUL 2008,121,122,121,122,16,13200,1605475
28 JUL 2008,121.25,121.25,121,121,10,5000,605050
25 JUL 2008,120.75,121.5,120.5,121.5,6,5800,702200
24 JUL 2008,120,122,120,121,12,5200,628250
23 JUL 2008,122,122,120,120,4,900,108200
22 JUL 2008,122,122,120,120.25,9,2300,276825
21 JUL 2008,123.25,123.25,120,122.25,7,2700,330350
18 JUL 2008,124,124,124,124,2,300,37200
16 JUL 2008,124,124,124,124,10,10600,1314400
15 JUL 2008,124,124.25,124,124,27,68400,8481650
14 JUL 2008,124,124,123,123.25,8,1900,234400
11 JUL 2008,124,124.75,124,124,10,4800,595950
10 JUL 2008,123,123.5,123,123.5,5,1500,184850
9 JUL 2008,123.25,124,123,123,11,3000,370475
8 JUL 2008,124,124,123.5,123.75,13,6400,792000
7 JUL 2008,124.25,124.25,124,124,11,4600,570425
4 JUL 2008,125.5,125.5,125,125,14,137700,17212800
3 JUL 2008,125.75,125.75,125,125,5,800,100175
2 JUL 2008,124.75,125,124,124.25,12,2600,324250
1 JUL 2008,125.75,125.75,124.5,124.75,12,14700,1840650
30 JUN 2008,126.5,126.5,126,126,43,97000,12239875
27 JUN 2008,126,126.5,126,126.5,36,53700,6777075
26 JUN 2008,126.5,126.5,126,126.25,24,31900,4029450
25 JUN 2008,126,126.5,126,126.5,43,54100,6839650
24 JUN 2008,126,126.5,126,126,25,21900,2760875
23 JUN 2008,126.25,126.5,126,126.5,9,6000,756650
20 JUN 2008,126,126.25,125.75,126,27,51100,6440850
19 JUN 2008,126,126.5,126,126.5,40,80700,10171850
17 JUN 2008,126,126,125.75,126,18,19800,2494500
16 JUN 2008,126,126,125.25,125.5,24,20900,2629925
13 JUN 2008,125.5,126,125.25,126,40,47500,5963475
12 JUN 2008,127,127,125.25,126,19,22400,2813025
11 JUN 2008,128,129,127,127.25,17,104000,13912275
10 JUN 2008,130,131,128,128.75,25,9400,1215025
9 JUN 2008,131.75,131.75,129.5,129.75,18,6600,863500
6 JUN 2008,131.75,132.5,131.75,132,20,18000,2376475
5 JUN 2008,132,132.5,131.5,131.75,30,28300,3733850
4 JUN 2008,132.5,132.75,131.5,132,21,26800,3543250
3 JUN 2008,132.75,132.75,132.75,132.75,5,1200,159300
2 JUN 2008,133,133,132,132.25,19,24600,3254000
30 MAY 2008,133,133.5,133,133,15,20100,2673450
29 MAY 2008,133.25,133.25,133,133,12,9400,1251475
28 MAY 2008,134,135,134,134.75,5,2000,269500
27 MAY 2008,135,136,135,135.25,25,17100,2308975
26 MAY 2008,136,136,135,135.5,20,19100,2579500
23 MAY 2008,135,136.25,135,136,17,8600,1165400
22 MAY 2008,133,135,133,134.75,29,36200,4845750
21 MAY 2008,135.5,135.5,132.25,132.75,34,20300,2709800
16 MAY 2008,135,136,135,135.75,33,15500,2102250
15 MAY 2008,136.5,136.5,135.5,135.5,16,13500,1833300
14 MAY 2008,140,140,138,138.75,30,50900,7094650
9 MAY 2008,142,142.5,141,142,48,57800,8209975
8 MAY 2008,142,143,142,143,14,11800,1684400
7 MAY 2008,143,143,140,142,13,18700,2656250
6 MAY 2008,142,142,141.75,141.75,8,4400,624450
5 MAY 2008,143,144,143,143,11,11600,1660800
2 MAY 2008,143.5,144,143.5,144,4,2500,359750
30 APR 2008,143,144,143,143.5,11,14500,2079875
29 APR 2008,143,143,143,143,13,12000,1716000
28 APR 2008,143,143,143,143,9,5900,843700
25 APR 2008,143,143,142,142,7,2200,312750
24 APR 2008,144.5,145,144.5,144.5,12,10900,1575125
23 APR 2008,144.5,144.5,144.5,144.5,26,27700,4002650
22 APR 2008,143.25,144.5,143.25,144.5,23,14400,2080675
21 APR 2008,142,144.5,142,143.25,20,79000,11279800
17 APR 2008,144,144.5,143,144.5,11,9700,1396950
16 APR 2008,143.25,144.25,143,143,5,10400,1487350
15 APR 2008,141.5,143,141.5,143,11,9300,1329500
10 APR 2008,142,143,141.5,141.5,10,8000,1134800
9 APR 2008,141.75,141.75,141.75,141.75,1,1000,141750
8 APR 2008,140.5,142,140.5,142,7,3700,524550
7 APR 2008,140,140,140,140,15,11600,1624000
4 APR 2008,142.5,144.75,142.5,143,11,18600,2660225
3 APR 2008,142,142.5,142,142.5,8,5300,754750
2 APR 2008,141,142,141,142,7,6500,922900
1 APR 2008,141.75,142,140.5,142,23,25800,3649675
31 MAR 2008,140.5,140.5,139.75,140,47,56400,7898450
28 MAR 2008,140,141.5,140,141,35,53300,7502450
27 MAR 2008,140,140,140,140,20,14100,1974000
26 MAR 2008,142,142,140,140,18,4900,687650
25 MAR 2008,141.75,142,141.5,142,24,61800,8773950
24 MAR 2008,141.75,142.5,141.75,142,31,37100,5270400
19 MAR 2008,142,142.5,141.75,142,54,91400,12977200
18 MAR 2008,141.5,142,141.5,141.75,58,104800,14878375
17 MAR 2008,143.25,143.25,141,141.5,15,10900,1544575
14 MAR 2008,145,145,144,144,24,30300,4374000
13 MAR 2008,145.25,145.5,145.25,145.25,45,120700,17532200
12 MAR 2008,145,146,145,145.25,51,91800,13327400
11 MAR 2008,144.75,144.75,144.75,144.75,2,300,43425
10 MAR 2008,148.25,149,147,147,26,1251600,185535725
7 MAR 2008,148.25,148.25,147.5,148.25,42,57800,8559200
5 MAR 2008,148.25,148.25,148,148.25,5,5000,741125
4 MAR 2008,146,147,146,147,47,132300,19342000
3 MAR 2008,145.25,145.25,145,145,12,12200,1769025
29 FEB 2008,145.5,146,145,145.75,13,11200,1631250
28 FEB 2008,145,145,145,145,8,7400,1073000
27 FEB 2008,146.25,146.25,145,145.25,17,15000,2188450
26 FEB 2008,143,145.5,143,145.25,9,22900,3280575
25 FEB 2008,145,146,145,146,11,14700,2142500
22 FEB 2008,145,146.75,145,146.75,8,32900,4800375
21 FEB 2008,144.75,145.5,144,145.5,28,68000,9856325
19 FEB 2008,143,145,143,143.5,15,22400,3207350
18 FEB 2008,142,143.25,142,143,13,55100,7878375
15 FEB 2008,143,143,142.5,143,8,41300,5888300
14 FEB 2008,141.25,142.25,141.25,142,11,34700,4927375
13 FEB 2008,142.5,143,142,143,8,3800,541600
12 FEB 2008,142.5,143,142.5,143,9,15800,2258250
11 FEB 2008,140.75,143,140.75,142.5,12,9900,1410100
8 FEB 2008,142.5,143.5,142.5,143,20,16800,2401750
7 FEB 2008,142.5,143,142.5,142.5,4,3000,427650
6 FEB 2008,142,143.5,142,142.5,12,54400,7801200
5 FEB 2008,142.5,142.5,142,142.5,14,18400,2621350
1 FEB 2008,142,143,142,142.5,22,26400,3760975
31 JAN 2008,142,143,141.25,141.25,10,1800,255550
30 JAN 2008,140.5,141,140.5,141,3,500,70450
29 JAN 2008,142,142,140.25,140.25,15,27400,3843475
28 JAN 2008,142,143,142,143,4,400,57100
25 JAN 2008,144,144,143,143,5,2000,286500
24 JAN 2008,144,144,143.75,144,4,2000,287925
23 JAN 2008,144,144,144,144,18,21400,3081600
21 JAN 2008,144,144,144,144,17,15300,2203200
18 JAN 2008,143.5,144,143.5,144,18,32100,4620875
17 JAN 2008,143,143.75,143,143,2,3500,500875
16 JAN 2008,144,144,144,144,30,24700,3556800
14 JAN 2008,144,144.25,144,144,17,11900,1713625
11 JAN 2008,144.75,145,144,144,8,196500,28491825
10 JAN 2008,144,145,144,145,16,52400,7593125
9 JAN 2008,144,144,143.25,144,27,17000,2445975
8 JAN 2008,143,144,143,144,50,98700,14208900
4 JAN 2008,144.5,145.25,145,145,7,2300,333700
3 JAN 2008,145,145.25,145,145.25,7,4500,652550
2 JAN 2008,149.75,149.75,145,145,5,1000,145950
31 DEC 2007,146,150,145,147,67,729000,109261750
28 DEC 2007,144,145.75,144,145,7,2700,390975
27 DEC 2007,143,147,141,145.5,40,89000,12888700
26 DEC 2007,143,143,143,143,10,8900,1272700
24 DEC 2007,143,143,143,143,6,4800,686400
20 DEC 2007,140,143,140,143,26,33900,4821400
19 DEC 2007,140,142,140,140.75,7,4800,674875
18 DEC 2007,139.5,140,139,140,11,8400,1170750
17 DEC 2007,138.5,139,138.5,139,17,8900,1233150
14 DEC 2007,138,140,138,138.75,12,8700,1207600
13 DEC 2007,141.5,141.5,140,140,16,12300,1723800
12 DEC 2007,142.5,142.75,142,142.5,8,3100,442250
11 DEC 2007,143,143,143,143,2,1000,143000
10 DEC 2007,143,143.75,143,143.25,12,13100,1873750
7 DEC 2007,143,143,140.5,142.25,14,11300,1613850
6 DEC 2007,143.75,143.75,143,143,17,100200,14366100
5 DEC 2007,144,144,143,144,9,8600,1238100
4 DEC 2007,143.75,144.75,143.75,144,23,20800,2994850
3 DEC 2007,141,143.5,141,143.5,12,4200,601450
30 NOV 2007,141.5,144.75,141.5,143.75,9,250800,36113425
29 NOV 2007,140,142,140,142,20,75600,10648775
28 NOV 2007,140.75,141,140.5,141,14,82000,11530925
27 NOV 2007,140,141,140,140.5,7,4700,660000
26 NOV 2007,142,142,140,140,19,20200,2849025
23 NOV 2007,142,142,141.75,142,15,16700,2368425
22 NOV 2007,140.25,141.75,140.25,141.75,3,1200,169875
21 NOV 2007,142,142,142,142,2,300,42600
20 NOV 2007,143.5,143.5,143,143,13,5400,772800
19 NOV 2007,146.5,146.5,145,145,18,12600,1834875
16 NOV 2007,144.5,146.75,144,144.75,17,8300,1203300
15 NOV 2007,141,145,141,145,17,44100,6374375
14 NOV 2007,140.25,141,140.25,141,15,10500,1478600
13 NOV 2007,140,140.5,140,140.25,14,11000,1542400
12 NOV 2007,140,140.75,140,140,10,3200,448150
9 NOV 2007,141,141,140,140,15,7200,1012150
7 NOV 2007,141,141.5,140,141,29,20400,2878725
6 NOV 2007,141,142,140,140,32,35500,4971125
5 NOV 2007,140,140.25,139,140,18,143200,20047925
2 NOV 2007,139,140,139,140,5,5800,811000
1 NOV 2007,139.25,140,139,140,23,16100,2250975
31 OCT 2007,139,140,139,139.75,32,71000,9930100
30 OCT 2007,139,139,138,139,12,2900,402350
29 OCT 2007,139,139,138.5,138.75,7,1600,222075
26 OCT 2007,140,140,139,139,6,4700,657000
24 OCT 2007,140,140.25,140,140,20,17300,2422300
23 OCT 2007,138.5,140.5,138.5,140.5,16,23400,3277900
22 OCT 2007,138.5,140,138.5,139,28,36100,5046275
19 OCT 2007,139.75,140,138.75,139.5,13,7600,1057025
18 OCT 2007,138.5,140,138.25,139.5,39,208980,28965205
17 OCT 2007,138,138.5,138,138.5,18,56900,7870525
16 OCT 2007,138,138.75,137,138.25,20,91800,12816600
15 OCT 2007,138.25,138.5,138,138,18,25700,3547450
12 OCT 2007,137,138.5,137,138.25,31,29900,4128000
11 OCT 2007,138,138,137.5,137.5,5,1600,220250
10 OCT 2007,137,138,137,138,37,117600,16223425
9 OCT 2007,136.75,138,136.5,138,30,119600,16494050
8 OCT 2007,136.75,136.75,136.5,136.75,19,31500,4305675
5 OCT 2007,137.75,137.75,137,137,6,1400,192000
4 OCT 2007,136.25,138,136.25,137.75,5,1000,137025
3 OCT 2007,137,138,137,138,26,33800,4660475
2 OCT 2007,137,137.25,136.5,137,23,34700,4753275
1 OCT 2007,136,137,136,136.5,20,17800,2435525
28 SEP 2007,136.25,136.75,136,136,9,25700,3500350
27 SEP 2007,137,137,134.5,135,10,18700,2537150
25 SEP 2007,137,137,135.25,137,14,13100,1794525
24 SEP 2007,137,137,136,137,22,94900,12999725
21 SEP 2007,136.5,137.5,135.25,137,11,20500,2807675
20 SEP 2007,137,137,135,135,9,5100,694225
19 SEP 2007,138,138.25,136,137,26,197000,26992275
18 SEP 2007,137.5,139.75,137,137,12,29600,4084450
17 SEP 2007,139,139.5,137,137.5,14,13000,1788000
14 SEP 2007,139.25,140,138,138.75,30,31000,4334150
13 SEP 2007,138,140,137.75,139.5,41,100900,14046950
12 SEP 2007,136,139,136,137.5,43,24500,3362425
11 SEP 2007,136.75,136.75,136,136.25,14,9700,1320675
10 SEP 2007,135.5,136.25,135.5,136,21,24400,3313425
7 SEP 2007,136,136,135,135.25,14,10000,1355125
6 SEP 2007,137,137,135.75,136,12,5600,762100
5 SEP 2007,135,136.75,135,136,7,3000,407075
4 SEP 2007,140,140,135,135,14,3700,503200
3 SEP 2007,135,135.75,135,135.5,72,67400,9109075
31 AUG 2007,134,137,133.5,134.75,66,222600,29829975
30 AUG 2007,131,134,131,132.75,39,42300,5579975
29 AUG 2007,131,131,130.25,131,9,5500,719975
27 AUG 2007,131,131,130,130.5,21,27800,3635025
24 AUG 2007,130,131.25,130,131,23,13500,1765250
23 AUG 2007,130.5,130.75,130.5,130.5,7,28700,3745375
22 AUG 2007,130,131,130,130.5,7,22600,2950000
21 AUG 2007,130.25,130.5,130,130,22,18000,2341600
20 AUG 2007,131,131,130,130.5,18,69200,9051100
17 AUG 2007,130,131,130,131,10,11700,1523025
16 AUG 2007,130,130.75,130,130.5,8,12000,1566050
15 AUG 2007,130.5,130.5,129,130,26,40900,5320750
14 AUG 2007,130.5,131.25,130.5,130.5,13,12300,1605225
13 AUG 2007,130,130.25,130,130,18,365200,47651550
10 AUG 2007,130.5,130.5,130,130.25,21,18200,2368650
9 AUG 2007,131,131,130.5,130.5,9,6500,849750
8 AUG 2007,131,131.25,130.5,131,12,19100,2502475
7 AUG 2007,131,132,130.5,131.5,23,19200,2508125
6 AUG 2007,131,131,131,131,8,3000,393000
3 AUG 2007,132,132.5,130.75,131,19,10800,1423600
2 AUG 2007,130.25,130.5,129.5,130,17,10600,1378100
1 AUG 2007,131,131.5,130,130,8,1900,248650
31 JUL 2007,131.5,132,130.5,131.25,12,5500,721550
30 JUL 2007,131.5,131.5,131.5,131.5,9,4800,631200
27 JUL 2007,131.5,131.5,131,131.5,10,6000,787000
26 JUL 2007,132,132,131,131,10,4800,632300
25 JUL 2007,131.25,131.75,131.25,131.75,6,31100,4097000
24 JUL 2007,132,132.75,130.5,131.25,16,12200,1606250
23 JUL 2007,131.5,133,131.25,132.5,10,6900,906125
20 JUL 2007,130,131,130,130.5,18,57600,7497350
19 JUL 2007,128.25,130,128.25,130,19,21700,2811975
18 JUL 2007,130,130,129,130,23,47700,6200700
17 JUL 2007,132,132,129.75,130,22,10400,1356950
16 JUL 2007,135,135,132,132.25,5,700,93075
13 JUL 2007,136,136,135,135,11,18000,2440575
12 JUL 2007,135,137,135,136.5,40,33200,4529500
11 JUL 2007,135.5,135.5,135,135,4,700,94600
10 JUL 2007,138,138,135,135,10,1900,259425
9 JUL 2007,137.25,138.5,137.25,137.5,13,6700,922000
6 JUL 2007,137,139.25,137,139,16,36800,5112625
5 JUL 2007,137,137,136.25,136.25,18,9000,1228400
4 JUL 2007,136,137,135,137,7,8300,1133000
3 JUL 2007,136,137,136,137,5,18400,2503300
2 JUL 2007,134.75,136.25,134.75,136,27,31200,4236875
29 JUN 2007,132.5,135.75,132.25,135,23,24900,3350150
28 JUN 2007,132.5,133,132,132.75,13,9100,1205525
27 JUN 2007,133,134,132,132.25,13,3003900,405517025
26 JUN 2007,131.75,132.5,131.75,132.25,16,11500,1521875
25 JUN 2007,131,131.75,131,131.5,15,8400,1103275
22 JUN 2007,130.25,131,130.25,131,5,44000,5762450
21 JUN 2007,130.75,131,130.25,130.5,14,12800,1672425
20 JUN 2007,130,131,130,130.75,18,8300,1084400
19 JUN 2007,130,131,130,131,18,9200,1201825
18 JUN 2007,129,130,129,129.5,48,83800,10889900
15 JUN 2007,128.25,130.25,128.25,129,28,29300,3804350
14 JUN 2007,131,131,128,128.25,45,53400,6896275
13 JUN 2007,130,130,129,129.75,28,9700,1256750
12 JUN 2007,140,140,130,130.25,46,15100,1998525
11 JUN 2007,165,167,159.5,167,48,37000,6136825
8 JUN 2007,165.25,168.5,165,168,26,13300,2207950
7 JUN 2007,167.5,167.5,166,166.25,7,3100,517725
6 JUN 2007,164.5,167.75,164.5,167.5,8,2400,401725
5 JUN 2007,164.5,165.25,164.5,165.25,10,18700,3085275
4 JUN 2007,163,163,163,163,6,1500,244500
1 JUN 2007,165,165,165,165,1,200,33000
30 MAY 2007,161.5,164.5,161,163,17,9600,1552600
29 MAY 2007,162,162,159,160.75,14,5900,948675
28 MAY 2007,165.25,165.25,162,162,13,14200,2305900
24 MAY 2007,168,168,168,168,11,6600,1108800
23 MAY 2007,170,170,167.25,168.25,8,3000,506150
22 MAY 2007,167,170,166,168.25,19,12700,2130950
21 MAY 2007,170,172,166,170,4,2100,357200
18 MAY 2007,165,165.25,165,165.25,15,6400,1056375
17 MAY 2007,163.5,163.5,160.5,161,16,38200,6134425
16 MAY 2007,165,167,160,163,9,13400,2195200
15 MAY 2007,172,173,170,172.5,17,35300,6102175
14 MAY 2007,172,174,172,173,15,33400,5775900
11 MAY 2007,171,173,171,172,9,2600,446425
10 MAY 2007,171,171,171,171,2,2000,342000
9 MAY 2007,170.25,173,170.25,171.5,43,114000,19637025
8 MAY 2007,170,170,168,170,19,7600,1281850
7 MAY 2007,176,178,172,172.75,8,2600,453500
3 MAY 2007,178,178,178,178,3,1300,231400
30 APR 2007,178,178,178,178,4,1100,195800
27 APR 2007,179.5,180,178,178,5,3100,557300
26 APR 2007,180,180.25,180,180.25,3,2000,360250
25 APR 2007,181.25,181.25,181.25,181.25,2,500,90625
24 APR 2007,181,184.5,178,181.25,14,20600,3711675
20 APR 2007,185,185,185,185,13,15500,2867500
19 APR 2007,190,190,185.75,185.75,11,13100,2467100
17 APR 2007,190,191,189.75,189.75,4,3100,589975
16 APR 2007,190,190,190,190,6,222500,42495000
11 APR 2007,190,190,190,190,6,2300,437000
10 APR 2007,189.75,190,189.75,190,10,2000,379925
5 APR 2007,210,210,190,190,9,1300,250375
4 APR 2007,210,215,210,213.75,76,8500,1798250
3 APR 2007,211,215,210,210.75,9,4900,1035200
30 MAR 2007,212,215,210,215,6,1800,380950
29 MAR 2007,212,212,212,212,4,1700,360400
28 MAR 2007,216,216,211,214.25,63,28900,6210625
27 MAR 2007,214,215,214,215,6,3000,644500
26 MAR 2007,215,215,210,213.25,6,1500,317875
23 MAR 2007,220,220.5,220,220,13,10200,2245000
22 MAR 2007,220,222.25,220,220,35,608700,133914400
21 MAR 2007,220,221,220,220,17,10600,2332100
20 MAR 2007,220.25,222,220,220.5,47,51100,11258050
19 MAR 2007,218.5,220.25,218,220,10,8100,1778175
16 MAR 2007,220,220,218,219,3,500,109550
15 MAR 2007,222,223,221.25,222,43,42200,9368400
14 MAR 2007,223,225,220,222.5,46,30500,6780700
13 MAR 2007,221,223.5,215,220.25,16,16200,3593450
12 MAR 2007,223,223,221,222,11,4100,910800
9 MAR 2007,224.5,224.5,222,223,5,1600,358000
8 MAR 2007,224,224.5,222,223,30,15400,3434225
7 MAR 2007,224.25,225,224,224.5,12,5800,1301400
6 MAR 2007,224.75,225,220,223.25,20,8300,1852850
5 MAR 2007,226.25,230,225,225,10,4100,924225
2 MAR 2007,225.5,227,225.5,226.25,8,4100,926175
1 MAR 2007,227,227,225,225.5,22,16300,3671550
28 FEB 2007,230,230,228,228.25,34,67800,15524850
27 FEB 2007,229.5,230,229.25,229.5,21,48800,11202375
26 FEB 2007,229.5,230,229.5,230,19,29700,6830700
23 FEB 2007,230,231,229,229.25,22,22100,5068975
22 FEB 2007,230,230.5,229,229,27,59000,13553250
21 FEB 2007,227,230,227,230,42,61400,14088425
20 FEB 2007,230,230,227,227.75,16,8700,1996775
19 FEB 2007,232,232,230,231,26,16100,3715925
15 FEB 2007,232.75,233.5,232,232,31,48100,11205325
14 FEB 2007,233,233.5,232,232.75,46,164900,38399400
13 FEB 2007,233.5,233.5,232,233,23,67400,15701850
12 FEB 2007,234,235,232.25,234.25,44,65700,15390725
9 FEB 2007,234.75,235,233.25,235,28,29100,6835400
8 FEB 2007,234,235,234,234,31,62200,14583325
7 FEB 2007,239,240,235,235.25,24,8800,2092350
6 FEB 2007,240,242.5,239,239.5,53,47600,11482050
2 FEB 2007,240,245,239,240.5,159,174300,41879875
31 JAN 2007,229.5,230,227,228.75,19,18700,4273575
30 JAN 2007,230,230,228.25,229.25,22,7900,1813425
29 JAN 2007,239.5,248,228,229.75,79,44400,10258925
26 JAN 2007,239.75,250,230,231.25,159,143300,34796900
25 JAN 2007,230,238,228,237.5,276,526100,122867125
24 JAN 2007,205,219.75,205,216.5,99,92700,19562225
23 JAN 2007,203.5,205.5,203.25,205,60,47800,9769900
22 JAN 2007,201,203.5,201,203.25,38,14600,2957825
19 JAN 2007,200,203,200,200.5,30,13300,2675175
18 JAN 2007,199,201,199,200,85,149100,29770275
17 JAN 2007,195,198,195,198,48,87900,17232725
16 JAN 2007,192,194.5,192,192.5,26,17100,3286200
12 JAN 2007,190,192,185,192,23,13300,2536200
11 JAN 2007,187,190,187,190,29,24100,4574975
10 JAN 2007,187,187,186,187,10,3000,560000
9 JAN 2007,185.25,187,185.25,187,3,900,166900
8 JAN 2007,190,190,185,185.25,25,14200,2638200
5 JAN 2007,190.25,191,190,190.25,16,4900,931675
4 JAN 2007,191,191.5,190,190.25,16,4600,875900
2 JAN 2007,190,191,189,190.25,7,1300,247000
29 DEC 2006,189,190,189,190,32,671900,127646175
28 DEC 2006,187,189,187,189,7,2100,392900
27 DEC 2006,187,188,187,187.75,17,11300,2119300
26 DEC 2006,186,186,186,186,1,200,37200
22 DEC 2006,187,188,187,187,9,34000,6361100
21 DEC 2006,187,187,186.5,187,9,270800,50236900
20 DEC 2006,187,187,185,186,14,10900,2025425
19 DEC 2006,186.75,187,185.5,185.5,10,6100,1139900
18 DEC 2006,185.5,187,185.5,187,17,45900,8579475
15 DEC 2006,187,187,185,185,6,1500,278525
14 DEC 2006,185,187,185,187,4,51200,9573800
13 DEC 2006,185,187,185,185,30,82200,15334150
12 DEC 2006,185.25,186,185,185,33,33900,6271825
11 DEC 2006,185,186,185,185,27,37400,6919125
8 DEC 2006,187,188,187,187.5,9,12100,2265200
7 DEC 2006,188,188,187.5,187.5,5,1100,206475
6 DEC 2006,187.5,190,187.5,188.25,21,12100,2297150
5 DEC 2006,190.25,190.25,186.75,187,27,17900,3385025
1 DEC 2006,192,192.5,188,191.75,86,205400,39084075
30 NOV 2006,190,192.5,189.5,190,69,50400,9580900
29 NOV 2006,181,190,180.5,186,85,6585400,1283146725
28 NOV 2006,180.25,180.5,180,180.25,17,3900,703000
27 NOV 2006,180.5,181.25,180.25,180.75,14,6900,1245350
24 NOV 2006,180,181.5,180,180.5,60,59900,10806200
23 NOV 2006,181,182,180,181.5,22,14200,2582275
22 NOV 2006,177.75,180,177.75,180,21,52300,9403950
21 NOV 2006,180,180,178,178,4,500,89400
20 NOV 2006,180,180.5,180,180,33,382500,68850325
17 NOV 2006,182,182,180,180,42,53500,9631050
16 NOV 2006,183,183,180,180,43,66300,11949700
15 NOV 2006,182,185,179.5,180.5,85,207600,37407400
14 NOV 2006,173,185,173,180,209,697200,125162125
13 NOV 2006,170,174,170,172.5,13,6200,1069125
10 NOV 2006,170.5,171,170,170,31,130100,22142450
9 NOV 2006,173,174,172,172,24,27300,4715450
8 NOV 2006,175,175,172,173,30,38200,6648925
7 NOV 2006,171.5,177,171.5,175,59,46600,8157125
6 NOV 2006,170,171.5,168,170,37,222200,37602475
3 NOV 2006,169,170,168,169,30,122600,20720550
2 NOV 2006,168,169,168,168,7,93200,15658700
1 NOV 2006,168.5,170,168.5,168.75,16,14600,2464275
31 OCT 2006,165.25,168.5,165.25,166.5,13,5100,849100
30 OCT 2006,169,169,169,169,5,800,135200
27 OCT 2006,169,170,168.5,169,8,21300,3599875
26 OCT 2006,171.75,172,169,169,45,138500,23428575
25 OCT 2006,169,173,169,170,34,36200,6136550
23 OCT 2006,169,170,168.5,169,18,11200,1895850
20 OCT 2006,170,170,167.5,167.5,10,2600,436950
19 OCT 2006,165,169.5,165,167,10,2900,484550
18 OCT 2006,165,166.5,165,165.5,16,14700,2434075
17 OCT 2006,165.25,167,165,165.5,7,1600,264725
16 OCT 2006,167.5,169.5,167,167,15,11800,1974250
13 OCT 2006,167,167,167,167,1,500,83500
12 OCT 2006,170,170,169.75,170,3,700,118925
11 OCT 2006,171.25,173.5,170,170,8,1200,204750
10 OCT 2006,170,174,168,171.25,59,99800,17010850
9 OCT 2006,165.25,170,165.25,170,13,11800,1992975
5 OCT 2006,159.75,167,159.75,165.25,64,72000,11750275
4 OCT 2006,158.5,160,158.5,159,20,31300,4973575
3 OCT 2006,158,158,157.25,158,8,2300,363300
2 OCT 2006,158,158.5,158,158,9,3800,600450
29 SEP 2006,157,158,157,158,5,5100,804800
28 SEP 2006,158.5,160,158,158,29,37800,5996850
27 SEP 2006,157,158.75,157,157.5,13,17200,2709375
26 SEP 2006,157,159,157,157,23,9300,1463425
25 SEP 2006,157,157,157,157,1,2000,314000
22 SEP 2006,158,158.5,158,158.25,5,2600,411425
21 SEP 2006,158.25,159,158,159,14,3600,570175
20 SEP 2006,158.25,159.5,158.25,159,12,11400,1813025
19 SEP 2006,158.5,158.5,158.5,158.5,3,2000,317000
18 SEP 2006,160,160,159,159.25,3,500,79600
15 SEP 2006,159,160,158.5,160,26,27300,4350025
14 SEP 2006,159,159,158.5,159,5,3000,476950
13 SEP 2006,158,159,156,158.5,31,51600,8152925
12 SEP 2006,157.25,157.5,157,157.5,8,4200,661150
6 SEP 2006,158,158,158,158,5,2000,316000
5 SEP 2006,158.75,158.75,158,158,9,6000,950750
4 SEP 2006,158,159,158,158.75,7,2800,443425
1 SEP 2006,158,158.75,158,158,18,26400,4171575
31 AUG 2006,157.75,158,157,158,18,9800,1546275
30 AUG 2006,155.5,158,155.5,157,20,13600,2132125
29 AUG 2006,155,156.5,155,155.75,10,11200,1740250
28 AUG 2006,155,155,155,155,4,4100,635500
25 AUG 2006,155,155,155,155,5,24900,3859500
24 AUG 2006,154.5,154.5,154,154,5,10900,1678750
23 AUG 2006,154,155,154,155,22,21500,3329800
22 AUG 2006,154.75,154.75,154.75,154.75,1,200,30950
21 AUG 2006,155,155,154.75,155,7,14800,2293750
18 AUG 2006,152,156,152,154.75,17,20200,3126800
17 AUG 2006,152,153,152,152.75,14,13500,2062200
16 AUG 2006,153,154,150.5,151.75,17,20700,3166200
15 AUG 2006,152,153,152,153,12,13700,2095375
14 AUG 2006,155,155,153,153,4,1400,216100
11 AUG 2006,157,157,157,157,2,200,31400
10 AUG 2006,157,159,157,157,12,10400,1639850
8 AUG 2006,155,157,155,157,7,5000,781825
4 AUG 2006,157,157.75,155,157,21,21100,3313775
3 AUG 2006,155,157.75,155,157.75,13,9600,1503500
2 AUG 2006,155,157.5,155,156,53,215300,34056550
1 AUG 2006,153,156.75,150,155.5,22,17200,2663975
31 JUL 2006,155,155,151,151,3,1700,262700
28 JUL 2006,158.5,159,157,158.25,41,120200,19184325
27 JUL 2006,157,157,155,156,29,35700,5568350
26 JUL 2006,156,156,154,155,33,40700,6305025
25 JUL 2006,155,155,153.75,154,14,16400,2525575
24 JUL 2006,153.5,155,153,153.5,36,30800,4729900
21 JUL 2006,153,153,152,153,15,10400,1586925
20 JUL 2006,150.5,153,150.5,152.5,36,30300,4599450
19 JUL 2006,149.5,151,149,150.75,25,23500,3511800
18 JUL 2006,148.5,149.75,148.5,148.75,12,7200,1071700
17 JUL 2006,150,150,146.5,149,14,15500,2308200
14 JUL 2006,148,149.25,147.75,148,18,22100,3286100
13 JUL 2006,146,148,146,148,17,35100,5194400
12 JUL 2006,146,146,146,146,1,200,29200
11 JUL 2006,149,149,145,145.25,26,57500,8445325
7 JUL 2006,149.5,149.75,148.5,149,21,44700,6660375
6 JUL 2006,149,149.5,149,149,6,5900,879150
5 JUL 2006,147,149,147,148,5,1500,221600
4 JUL 2006,149.5,149.5,149,149,2,4500,671000
3 JUL 2006,148.5,149.75,148.5,149.75,2,300,44800
30 JUN 2006,148.5,148.5,148.5,148.5,2,500,74250
29 JUN 2006,149.5,149.5,148,148.5,11,6100,909025
28 JUN 2006,147.25,149.5,147.25,149.5,2,300,44625
27 JUN 2006,149,149,149,149,5,15700,2339300
26 JUN 2006,149.5,149.5,149.5,149.5,1,500,74750
23 JUN 2006,147.25,148.5,147,147.25,24,17500,2580325
22 JUN 2006,147.25,149,147.25,148.75,5,4900,729050
21 JUN 2006,145.5,146.25,145.5,146.25,4,900,131275
20 JUN 2006,146,146.25,145.5,146,22,15600,2277000
19 JUN 2006,150.5,150.5,148.5,148.5,11,20000,3000125
16 JUN 2006,149,151,149,151,2,3500,524500
15 JUN 2006,151,152,148,148.75,19,17200,2571900
14 JUN 2006,152,152.5,151,152,9,176500,26526700
13 JUN 2006,151,154,151,154,8,10400,1601000
12 JUN 2006,150.75,155,150.75,154.75,18,29100,4502075
9 JUN 2006,153,153,150,150.5,8,5400,819450
8 JUN 2006,153,154,153,154,15,20000,3067100
7 JUN 2006,153,153.5,153,153.25,16,25000,3830800
6 JUN 2006,153,153.5,153,153,8,14300,2187950
5 JUN 2006,152,153,152,153,7,11900,1818800
2 JUN 2006,154,154,153,153,12,25600,3919400
1 JUN 2006,152,154,152,154,12,9400,1435800
31 MAY 2006,152.5,153,152.5,152.75,5,1000,152550
30 MAY 2006,151.5,152,150,152,16,14400,2173500
29 MAY 2006,153,154,151,153.25,23,17800,2728000
26 MAY 2006,155,155,153,154.5,19,16700,2581700
25 MAY 2006,153,154,153,153.75,25,15900,2441950
24 MAY 2006,150,155,150,154.75,18,11200,1713200
23 MAY 2006,150,155,150,154.25,14,12300,1896575
22 MAY 2006,154.75,155,154,154,27,18200,2806950
19 MAY 2006,154,155,153.75,154.75,11,11700,1806625
18 MAY 2006,153.75,154,153.75,154,11,14000,2155975
17 MAY 2006,154,155,153,154,21,18600,2864675
16 MAY 2006,153,154,150.25,153,36,41200,6282900
15 MAY 2006,150,154.5,150,153,34,15500,2353725
10 MAY 2006,155,156,153,154.5,26,30500,4737050
9 MAY 2006,153,157,153,157,31,277400,43550600
8 MAY 2006,159.5,159.5,157,158,16,144500,22832825
5 MAY 2006,159,160,159,159,17,10900,1734175
4 MAY 2006,158.25,159.75,155,158.75,28,13400,2123400
3 MAY 2006,157,159.5,155,156,32,19500,3052075
2 MAY 2006,154.75,157.75,154.75,156.25,57,79300,12387700
28 APR 2006,154,154.75,152.25,153.5,12,162800,24749400
27 APR 2006,150,154,150,152,27,57400,8715950
26 APR 2006,145.5,150,145,146.75,28,15000,2202400
25 APR 2006,155,155.5,148,153.5,15,25000,3862100
24 APR 2006,154.75,156,153,154.25,21,15400,2385600
21 APR 2006,153.5,155,153.5,154.75,8,19800,3051475
20 APR 2006,155,157,154.5,155,31,153700,23923625
19 APR 2006,156.75,156.75,154,154,18,13900,2148975
18 APR 2006,155,156.75,154,155.75,35,26300,4088175
17 APR 2006,158,158,153,155.25,20,20700,3214800
10 APR 2006,159.5,160,159,159,30,45000,7189850
7 APR 2006,158.5,159.5,158.5,159,7,1500,238100
6 APR 2006,159.5,163,158,158.5,30,18400,2947450
5 APR 2006,155,160,154.5,160,126,255800,40379975
4 APR 2006,154,155,154,154.25,8,2300,354450
3 APR 2006,151,154,150,153,26,19400,2946725
31 MAR 2006,152,152,148,150,19,29300,4405275
30 MAR 2006,152,152,152,152,1,100,15200
29 MAR 2006,151,152,150,151,8,8100,1216750
28 MAR 2006,150,150,150,150,5,7800,1170000
27 MAR 2006,149.5,151,146.5,150,32,56700,8497150
24 MAR 2006,150,152,150,151,4,400,60500
23 MAR 2006,149,150,149,150,9,13200,1979000
22 MAR 2006,146,147,145,146,8,3700,538900
21 MAR 2006,149,149,146,146.25,16,26900,3959075
20 MAR 2006,149,150,149,150,12,7600,1139100
17 MAR 2006,149.25,149.75,148,148.25,13,4700,699900
16 MAR 2006,151,151,149,149,14,10600,1584200
15 MAR 2006,154,154,150,150,9,2100,319300
13 MAR 2006,153.75,154.75,153.75,154,18,19600,3017025
10 MAR 2006,153.25,154,153.25,153.75,17,7900,1213800
9 MAR 2006,154.25,156,154.25,154.25,23,62100,9646250
8 MAR 2006,153.5,155,152,154.25,27,53700,8287900
7 MAR 2006,153,155.75,153,153.25,40,25100,3872375
6 MAR 2006,152.5,153.5,152.5,152.75,12,9700,1482675
3 MAR 2006,152,153.75,152,153.5,56,93100,14245950
2 MAR 2006,152,153,151.25,152,15,11700,1778425
1 MAR 2006,150,152,150,150.5,27,11400,1713575
28 FEB 2006,149,150,148.25,148.5,9,2900,433850
24 FEB 2006,150,152,150,150,27,31300,4696025
23 FEB 2006,150.5,150.5,150,150,5,700,105150
22 FEB 2006,152,152,150,150,15,7400,1113200
21 FEB 2006,152,152,151.5,151.5,14,5500,834000
20 FEB 2006,152.5,152.5,151.5,151.5,7,1600,243100
17 FEB 2006,152,152.75,152,152.5,17,23900,3645875
16 FEB 2006,152.25,153.5,152,152,17,6800,1034025
15 FEB 2006,152,154,152,152,19,25600,3892950
14 FEB 2006,153,154.75,152,152,10,4200,639950
13 FEB 2006,145,155,145,152,18,15300,2255450
10 FEB 2006,150,150,150,150,1,100,15000
9 FEB 2006,150,153,147.25,150,14,3100,465350
8 FEB 2006,151.75,151.75,147.5,148.75,48,46600,6977950
7 FEB 2006,153,153,150.5,150.75,25,31000,4674975
6 FEB 2006,152,153,150,150.75,13,5600,849000
2 FEB 2006,153.5,154,150,150,14,12700,1911850
1 FEB 2006,153,154,151.5,152.25,10,1900,290625
31 JAN 2006,152.5,155,152.5,153.75,53,45700,6995275
30 JAN 2006,152,155,152,152.5,22,22000,3362825
27 JAN 2006,155,155,149.5,150.25,31,18500,2807850
26 JAN 2006,150,158,150,153.75,54,84800,12835500
25 JAN 2006,140,145,140,144.25,36,22900,3237150
24 JAN 2006,137,140,133,138.75,19,7800,1078000
23 JAN 2006,138.5,140,133,136,10,3600,486325
20 JAN 2006,131,138,130,136,33,15900,2160975
19 JAN 2006,130,130.25,130,130.25,15,52500,6825200
18 JAN 2006,130,132.5,123,130,55,71400,9133600
17 JAN 2006,130.25,131,130.25,130.5,14,6100,795425
16 JAN 2006,132.5,132.5,130.25,131,11,32400,4244825
10 JAN 2006,136,138.75,133,133.75,22,32500,4374125
9 JAN 2006,139,140,130.5,139,21,14400,1957000
6 JAN 2006,140,140,140,140,14,10200,1428000
5 JAN 2006,144,144,140,141,55,433000,61056425
4 JAN 2006,140,144,140,142,17,10500,1482100
3 JAN 2006,139.75,145,139.75,140.75,35,16400,2315175
2 JAN 2006,138.25,140,138.25,139,15,5100,713100
30 DEC 2005,137.75,141,135,135.5,29,16100,2244125
29 DEC 2005,129,140,129,133,20,23100,3112500
28 DEC 2005,126,127,120,125.75,71,46300,5752275
27 DEC 2005,140,140,126,132,25,17700,2383575
23 DEC 2005,146,149.75,146,146.25,8,2600,381025
22 DEC 2005,147.75,148,146,147,20,15300,2254450
21 DEC 2005,148,150,147.5,149,20,10800,1604200
20 DEC 2005,150,150,146.5,147.5,21,25800,3812200
19 DEC 2005,155,155,153.25,153.5,15,5200,800500
16 DEC 2005,156.75,158,155,155.25,16,52900,8205600
14 DEC 2005,156,157.75,155,156,18,9700,1506675
13 DEC 2005,158,158,155,156,18,6600,1027325
12 DEC 2005,154,158,153,155,34,117900,18259250
9 DEC 2005,148,155,148,148.75,25,16200,2408100
8 DEC 2005,147,150,145,145.25,32,20200,2945000
7 DEC 2005,149,150,145,145,36,18200,2667175
6 DEC 2005,155,155,142,146,45,127100,18984350
5 DEC 2005,155,157,150,153.25,34,19400,2944925
2 DEC 2005,160,162,155,157.5,52,53400,8542700
1 DEC 2005,160,162,158.75,160,80,352700,56428800
30 NOV 2005,155.25,160,155,159.25,89,269600,42907625
29 NOV 2005,157.75,158.75,154.75,155,31,16600,2588575
28 NOV 2005,154,158,152,154.75,67,96200,14885975
25 NOV 2005,148.5,152,146,147.5,34,22200,3287950
24 NOV 2005,154,154,148,148.75,53,35200,5265450
23 NOV 2005,152.25,159,150,150.75,88,119800,18692475
22 NOV 2005,157,159,145,153,56,45200,6807525
21 NOV 2005,157,159.5,142.5,145,138,151200,22702675
18 NOV 2005,160,162,150,158.5,155,166200,26237325
17 NOV 2005,170,170.5,168,169.75,65,97500,16564600
16 NOV 2005,170,175,167,172.75,193,877000,154266825
14 NOV 2005,167,168,165,168,37,150800,25389950
11 NOV 2005,164.5,170,164.5,169.75,82,188000,31784575
10 NOV 2005,164,165,162,165,43,75400,12314100
9 NOV 2005,167.75,170,164,164.5,39,64400,10635100
8 NOV 2005,170,171,167,167.5,26,106900,17978900
7 NOV 2005,174,174,170,170.25,44,21500,3715000
3 NOV 2005,173,178,170,173,195,514900,89875400
2 NOV 2005,165,170,165,168.5,69,33400,5647275
31 OCT 2005,164.75,174.75,163,165,45,56300,9289325
28 OCT 2005,160,164.75,160,163.75,22,6500,1058975
27 OCT 2005,160,160,160,160,1,300,48000
26 OCT 2005,160,162,160,160.25,30,27200,4356600
25 OCT 2005,160,162,159,159.75,30,22000,3519750
24 OCT 2005,160,161,159,160,31,23700,3787275
21 OCT 2005,163,164.75,161,161.25,24,16700,2726675
20 OCT 2005,164,165,164,164.25,31,15000,2472325
19 OCT 2005,166.25,168,165,165.75,14,4700,780550
18 OCT 2005,169,169,166.5,168.5,47,185000,31157775
14 OCT 2005,165,169,165,168,26,36100,6014475
13 OCT 2005,164,167,164,165.5,41,57000,9420725
12 OCT 2005,166,167,162.5,163.75,42,30800,5066925
11 OCT 2005,164.5,166,164.5,165.5,23,25300,4177000
10 OCT 2005,165,166,163,165,69,73300,12077700
7 OCT 2005,165,166,164,165,52,40800,6730675
6 OCT 2005,166,166,163.25,165,60,35800,5892875
5 OCT 2005,160,169,159,164.75,135,149600,24598675
4 OCT 2005,157,159.75,155,158.5,75,1125400,178750800
3 OCT 2005,152,157.5,152,156.25,75,58100,9042700
30 SEP 2005,149,155,149,153,107,120800,18144275
29 SEP 2005,149,149,147.5,148.75,30,175000,26029600
28 SEP 2005,148.5,149,147,148.75,53,141900,21019100
27 SEP 2005,147.5,148.75,147.5,148.5,26,28200,4178050
26 SEP 2005,148,148.25,147.75,148,14,13500,1997375
23 SEP 2005,148,148,147,147.5,18,14100,2081050
22 SEP 2005,148,148.75,148,148.5,32,63200,9383550
21 SEP 2005,148,148.5,148,148,29,45800,6792925
20 SEP 2005,148,148.75,147.5,148,67,118600,17548575
19 SEP 2005,148,148,147,148,22,24400,3589200
16 SEP 2005,149.75,149.75,147,149.25,49,63600,9456325
15 SEP 2005,144,150,142,149.75,301,7494100,1123556275
14 SEP 2005,140.5,142,140.5,142,36,34100,4809075
13 SEP 2005,140.25,140.75,140,140.25,21,20100,2818750
12 SEP 2005,140,141,139.5,140,36,23300,3262775
9 SEP 2005,140,140,139.5,139.5,16,8000,1119125
8 SEP 2005,141,142,140,140,27,16000,2244200
7 SEP 2005,141.25,143,141,141.5,35,385800,54066525
6 SEP 2005,138.75,142,138.75,141.75,41,51900,7307000
5 SEP 2005,140.25,140.25,139,139.25,24,79600,11142225
2 SEP 2005,141,142,140,140.5,20,10000,1405550
1 SEP 2005,143,143,141,142,32,75600,10736350
31 AUG 2005,143,144,143,143.5,40,90400,12975375
30 AUG 2005,143.25,145.25,142.75,144.25,103,367900,53224575
29 AUG 2005,142.75,144.75,142.75,143,46,25100,3590050
26 AUG 2005,138,150,138,141.5,96,238400,33770550
25 AUG 2005,138,138,137.5,138,43,43100,5940650
24 AUG 2005,137,138,137,138,21,19300,2657975
23 AUG 2005,137.25,137.25,136.5,137,16,29000,3976250
22 AUG 2005,137.5,138,137,137.25,26,19100,2621300
18 AUG 2005,138,138.75,137,137.25,30,24800,3405275
17 AUG 2005,136,139,136,138.5,73,157300,21685325
16 AUG 2005,137,139,135,136,55,52900,7224950
15 AUG 2005,130,138,130,136.5,36,39800,5479775
12 AUG 2005,134,141,130,138.5,171,5307200,792097275
11 AUG 2005,128.5,137,128.25,131.75,92,146100,18995375
10 AUG 2005,127.5,129,127.5,128,33,41900,5360975
9 AUG 2005,127,127.5,126.75,127.5,15,9800,1245950
8 AUG 2005,128,128,127,127,31,13800,1759200
5 AUG 2005,126.75,129,126.75,128,58,123000,15713600
4 AUG 2005,126,126.5,126,126.5,20,32600,4113675
3 AUG 2005,126.25,127,126.25,126.75,14,7000,886900
2 AUG 2005,126,126,125.75,126,43,276300,34813675
1 AUG 2005,125.5,126,125.5,126,35,27800,3496600
29 JUL 2005,126.5,127,126,126.25,23,11800,1496625
28 JUL 2005,126.5,126.5,126,126.25,13,1800,227050
27 JUL 2005,126,126.5,126,126.5,9,5100,644950
26 JUL 2005,127,127,126.5,126.5,13,7200,913900
25 JUL 2005,128,128,126,127.5,24,14200,1801350
22 JUL 2005,126.75,128.5,126,127.5,29,21600,2747300
20 JUL 2005,125,126.75,125,126,39,27300,3432950
19 JUL 2005,123,125.75,123,125,33,25000,3123500
18 JUL 2005,125,125,123,123.75,14,2800,348900
15 JUL 2005,125.5,127.5,125,125,19,10900,1370550
14 JUL 2005,129,129,126,126.25,25,8200,1045925
13 JUL 2005,129.75,130,129,129,8,3000,388475
12 JUL 2005,130,130,128,128.5,11,3500,450850
11 JUL 2005,128,129,127.75,128.5,34,166400,21564875
8 JUL 2005,129,129,127.5,128,16,79600,10185300
7 JUL 2005,126,127,126,126.5,2,200,25300
6 JUL 2005,125,126,125,125,3,2000,250100
5 JUL 2005,125.5,126,125,125.25,24,20200,2530700
4 JUL 2005,126,127.5,125.5,125.5,6,3400,427725
1 JUL 2005,126,126.75,126,126,12,6800,857825
30 JUN 2005,125.5,128,125.5,126.25,10,2600,327725
29 JUN 2005,126.5,126.5,125,126,17,7900,991650
28 JUN 2005,127.25,127.25,127,127.25,7,2000,254400
27 JUN 2005,129.5,129.5,127.5,127.5,13,8000,1025750
24 JUN 2005,129,129,127,129,26,34100,4395700
23 JUN 2005,128.25,129,128,128.25,14,4200,538025
22 JUN 2005,128,130,128,128,14,8600,1103025
20 JUN 2005,128,128.5,128,128,35,49200,6297700
17 JUN 2005,127,128,127,127.5,15,14000,1784825
16 JUN 2005,127.75,128,127,127,12,23300,2960725
15 JUN 2005,126.25,127.25,126,127,23,8400,1060200
14 JUN 2005,126,127.25,126,126.5,5,2000,253000
13 JUN 2005,128,128,125,125.75,23,18100,2278950
10 JUN 2005,127.25,128,125,126.25,46,59100,7457200
9 JUN 2005,128,128,127,128,17,8700,1107875
8 JUN 2005,128,132,128,129.5,31,26600,3451900
7 JUN 2005,130,131,128,128,26,9900,1282400
6 JUN 2005,133.25,133.25,129.5,130,56,49600,6474650
3 JUN 2005,131,134,131,133.5,31,23600,3130825
2 JUN 2005,131.5,133,131,131,23,9900,1300450
1 JUN 2005,134,134,130,130,57,37700,5000125
31 MAY 2005,134.25,136,132,133,104,74000,9952475
30 MAY 2005,264.5,265,259.75,261.25,104,52500,13725875
27 MAY 2005,265,266,264.75,264.75,55,35100,9305375
26 MAY 2005,265.5,266.75,265,265.5,50,18100,4816650
25 MAY 2005,266.5,266.5,265,265,20,10700,2839550
20 MAY 2005,267,267,265,266.5,22,11800,3145325
19 MAY 2005,265,267,264,266.25,33,72400,19189225
18 MAY 2005,265,267,264,265.75,29,54300,14396625
17 MAY 2005,265,269,265,265,32,17000,4512850
16 MAY 2005,264,265,264,264.5,38,18300,4847575
13 MAY 2005,262,265,262,264,42,15200,4016775
12 MAY 2005,255,261.5,255,260,84,267200,69466600
11 MAY 2005,251.5,256,250,255,35,50000,12516650
10 MAY 2005,250,252,249.5,250.25,38,59200,14801925
9 MAY 2005,250,250,248,249.25,38,55100,13730650
6 MAY 2005,249,249.5,248,249.25,20,12500,3114425
5 MAY 2005,248,249.5,246,249,26,10700,2657150
4 MAY 2005,248,248,245,248,16,16000,3949100
3 MAY 2005,249,250,247,247,29,37800,9366075
29 APR 2005,250,250,248.5,249,15,10200,2544225
28 APR 2005,249.75,249.75,249,249.25,14,7200,1796225
27 APR 2005,249,249.75,248.5,249.25,19,6800,1694325
26 APR 2005,249,249.75,249,249,25,18100,4511050
25 APR 2005,245,250,245,249.5,49,19000,4726000
21 APR 2005,240,245,239.75,245,52,46600,11280675
20 APR 2005,240,240,238.5,239.75,15,28400,6813800
19 APR 2005,239,240,239,240,9,13600,3255500
18 APR 2005,239,239,238,238.5,15,11200,2672325
15 APR 2005,237.75,240,237.75,239.75,16,14300,3420425
12 APR 2005,239,239,237,237.5,34,39800,9462400
11 APR 2005,239.75,240,239,239,12,7600,1819300
8 APR 2005,236,239.75,235,239,23,18900,4472450
7 APR 2005,238,238,236,236.5,15,6100,1442500
6 APR 2005,239,239,238,238,36,45500,10868375
5 APR 2005,239,240,239,239.5,43,20700,4961100
4 APR 2005,236,240,236,239,53,43200,10338375
1 APR 2005,235,240,235,235.75,86,77500,18366100
31 MAR 2005,250,265,230,235,340,415300,98996700
29 MAR 2005,187,187,186,186.5,7,32700,6096650
28 MAR 2005,187,188,185,185.5,11,5500,1024200
24 MAR 2005,185,188,185,187,14,12800,2398200
23 MAR 2005,187,187.75,185,186.25,10,12300,2293550
22 MAR 2005,186,188,185,185,10,4700,874100
21 MAR 2005,185,186,185,185.25,13,10800,1998100
18 MAR 2005,185,185,185,185,2,200,37000
17 MAR 2005,188,188,185,186.5,8,6000,1125250
16 MAR 2005,189,190,189,189.5,13,5200,984800
15 MAR 2005,189.5,190,189,190,15,45600,8662250
14 MAR 2005,189,189,189,189,8,8500,1606500
11 MAR 2005,189.5,190,189.5,190,7,2700,512500
10 MAR 2005,190,190,189,189.75,7,8400,1595750
9 MAR 2005,190,191,190,191,7,1800,342900
7 MAR 2005,192,192,192,192,5,21000,4032000
4 MAR 2005,191,192,187,191.25,19,14300,2735850
2 MAR 2005,190,191.5,190,191.25,9,6000,1144350
28 FEB 2005,193,193,191.25,192.25,3,400,76850
25 FEB 2005,187,193,187,191.25,13,4700,897125
24 FEB 2005,191,191,189.75,189.75,15,10600,2014375
22 FEB 2005,188.5,190,188,190,13,6300,1196650
21 FEB 2005,194.25,194.25,187.75,190,8,2100,402175
18 FEB 2005,194,194.25,194,194.25,9,5800,1126400
17 FEB 2005,184.5,193.75,184.5,190.5,45,83400,15580375
15 FEB 2005,184.75,184.75,182,182.75,7,2900,532700
14 FEB 2005,184,187,182.5,183,22,9600,1769875
11 FEB 2005,184.75,184.75,183,183.75,26,18100,3325375
10 FEB 2005,175,185,175,183,25,23400,4156000
9 FEB 2005,172.25,175,172.25,172.5,3,1700,293125
8 FEB 2005,176,176,175,175,14,6000,1054000
7 FEB 2005,174.75,176,174.75,175,27,24100,4214775
3 FEB 2005,172,175,172,174,12,6300,1090300
2 FEB 2005,173,173,173,173,10,6700,1159100
1 FEB 2005,175,175,173,173,18,19700,3408650
31 JAN 2005,172,175,172,173,19,10600,1839900
28 JAN 2005,172,172,172,172,6,2700,464400
27 JAN 2005,173,173,172,172,6,3000,517000
26 JAN 2005,172.5,173.75,172.5,173,11,4500,780425
25 JAN 2005,172,174,172,172.5,5,1700,293300
20 JAN 2005,169.75,174,169.75,173.5,13,4000,689675
19 JAN 2005,166.5,169.75,166.25,167.25,12,6300,1052075
18 JAN 2005,167,167.5,166.5,166.5,5,1500,250550
17 JAN 2005,166,166.25,166,166,5,2500,415250
13 JAN 2005,165,166,165,166,12,87700,14676700
12 JAN 2005,166,166,165,165.5,14,15800,2610300
11 JAN 2005,165,170,165,166.25,6,800,134050
10 JAN 2005,160,166,160,165.25,29,31600,5200200
7 JAN 2005,160,162,160,160.25,4,1300,208400
6 JAN 2005,159.75,160,158.5,158.5,16,25800,4126475
5 JAN 2005,160,160,160,160,2,1000,160000
3 JAN 2005,160,160,160,160,1,100,16000
31 DEC 2004,160,160,159.75,159.75,2,600,95875
30 DEC 2004,155,159,155,155.75,12,3000,467000
29 DEC 2004,155,155,155,155,2,900,139500
23 DEC 2004,162,162,160,160.25,5,1200,192600
22 DEC 2004,162,162,160,160,3,3900,624400
21 DEC 2004,160,162,160,160.75,18,13800,2211900
20 DEC 2004,160,160,160,160,1,200,32000
17 DEC 2004,162,162,162,162,1,100,16200
16 DEC 2004,160,162,160,160,6,6500,1040350
15 DEC 2004,160,160,160,160,1,100,16000
14 DEC 2004,156,160,156,158.75,2,300,47600
13 DEC 2004,162.75,162.75,162.75,162.75,1,100,16275
9 DEC 2004,162.75,162.75,162.75,162.75,3,1200,195300
7 DEC 2004,162,163,162,163,12,2600,422800
6 DEC 2004,162,163,162,162.75,3,300,48725
3 DEC 2004,160,162,160,160.75,8,1400,224925
2 DEC 2004,160,160,160,160,1,100,16000
1 DEC 2004,161,161,151,158.5,7,1200,191300
30 NOV 2004,162,162,160,160,12,89300,14288500
24 NOV 2004,159,159,159,159,1,200,31800
23 NOV 2004,159,159,155,155.75,5,900,140700
19 NOV 2004,157.75,160,157.75,158.25,3,600,94950
18 NOV 2004,160,160,155,156,6,1200,188875
17 NOV 2004,158,158,158,158,1,100,15800
16 NOV 2004,158,158,154,155,10,3000,466500
15 NOV 2004,158,158,158,158,1,200,31600
12 NOV 2004,162.75,164,162,162,7,1300,211975
10 NOV 2004,162.5,162.5,162.5,162.5,2,1000,162500
9 NOV 2004,163,164,163,163,10,5300,864000
8 NOV 2004,164,164,162,163,15,26700,4352100
5 NOV 2004,164,165,164,164,16,30200,4953200
4 NOV 2004,166,167,164,164,10,76600,12637400
3 NOV 2004,165,166,165,165,6,3600,594400
2 NOV 2004,163.75,166,163.75,165,10,4500,742500
1 NOV 2004,165,167,165,165.5,11,5700,942475
29 OCT 2004,165,167,165,165.5,9,1800,298000
28 OCT 2004,165,165,163,164.25,11,12800,2091325
26 OCT 2004,163,165,163,164.25,10,4300,702850
25 OCT 2004,163,164.5,163,164,7,4200,689150
22 OCT 2004,163.5,165,163.5,164.75,20,12900,2123600
21 OCT 2004,164.75,165,164.75,165,2,200,32975
20 OCT 2004,164,165,164,164.75,7,4700,774400
19 OCT 2004,164,164,163,164,6,3700,605700
18 OCT 2004,164,165,163,163.25,11,23900,3898350
15 OCT 2004,162.5,164,162,163.75,14,5000,817750
14 OCT 2004,163,165,163,163,3,11300,1842100
13 OCT 2004,164,165,163.5,163.75,12,52600,8613900
12 OCT 2004,164.5,165,164,164.5,11,2400,394700
11 OCT 2004,163.5,164.5,163,163.75,19,20300,3319900
8 OCT 2004,162,165,162,163.5,19,42400,6914725
7 OCT 2004,161,162,161,162,8,7000,1128425
6 OCT 2004,160,161.75,160,160.75,5,3700,594550
5 OCT 2004,162,162,160,162,11,4200,680200
4 OCT 2004,160.25,160.25,158,158.5,3,1000,158425
1 OCT 2004,162.75,162.75,162,162.25,6,9700,1574025
30 SEP 2004,162,163,162,162.75,5,3900,633200
27 SEP 2004,163,163,163,163,3,3500,570500
24 SEP 2004,165,165,165,165,1,200,33000
23 SEP 2004,169.75,169.75,163,163.5,5,2800,460975
22 SEP 2004,162.75,170,161,166.25,22,11400,1855975
21 SEP 2004,157,162.5,157,161.25,3,600,95900
17 SEP 2004,159.25,165,159.25,163,19,57600,9385850
16 SEP 2004,159.25,159.25,159.25,159.25,1,100,15925
15 SEP 2004,159,160,158.75,159.25,10,9000,1431775
14 SEP 2004,157,159,157,159,3,4100,651700
13 SEP 2004,157,160,157,159.75,8,3800,606550
10 SEP 2004,160,160,159,159.75,3,400,63875
9 SEP 2004,158,160,158,158.25,6,6100,964750
7 SEP 2004,162,162,162,162,1,100,16200
6 SEP 2004,160,165,160,160,7,18500,2961900
3 SEP 2004,159,160,158,158.75,10,3000,476750
2 SEP 2004,156.75,158.75,156.75,157.25,4,700,110050
1 SEP 2004,153.25,156.75,153.25,156.75,3,800,125050
31 AUG 2004,153,155,153,153.5,2,400,61400
30 AUG 2004,151,159.75,151,152.75,2,500,76375
27 AUG 2004,155,155,150,150.25,10,30000,4505400
26 AUG 2004,160,160,150,150.25,6,800,126025
24 AUG 2004,162,165,162,162.25,6,5600,908100
23 AUG 2004,162,162,162,162,1,100,16200
20 AUG 2004,158,160,158,159.5,15,7200,1146325
19 AUG 2004,160,160,159.75,159.75,9,4900,783825
18 AUG 2004,162,162,160,160,4,3900,629400
17 AUG 2004,162,163,162,162,3,1000,162100
16 AUG 2004,160,160,160,160,9,8600,1376000
13 AUG 2004,163,165,163,165,2,500,81700
11 AUG 2004,160.5,162,160,162,18,50700,8122050
10 AUG 2004,162,162,160,160.5,9,15800,2548250
9 AUG 2004,162,162,162,162,9,9600,1555200
6 AUG 2004,162,165,162,164.25,4,4300,706200
5 AUG 2004,163,165,163,164.25,4,600,98500
4 AUG 2004,165,165,165,165,2,200,33000
3 AUG 2004,165,165,165,165,7,1900,313500
2 AUG 2004,166,167.5,166,166,6,700,116575
30 JUL 2004,165.75,166,165.75,166,10,13900,2307350
29 JUL 2004,167.5,167.5,165,166,4,30500,5062750
28 JUL 2004,165,168,165,165,3,400,66600
27 JUL 2004,165,166,165,166,9,133300,22127300
26 JUL 2004,168,168,165,165,7,23500,3878725
23 JUL 2004,167.5,168,165,165.75,5,1400,234000
22 JUL 2004,167,169,167,167,8,3300,551500
21 JUL 2004,161,167,161,164.5,8,9400,1545450
20 JUL 2004,164.5,164.5,164,164,5,2700,443200
19 JUL 2004,165,165,164.75,164.75,4,900,148475
16 JUL 2004,165,167.25,160,161.75,7,2700,438050
15 JUL 2004,163,165,163,165,5,2400,395800
14 JUL 2004,167.25,167.5,165,165,5,10500,1757725
13 JUL 2004,167.75,167.75,167.5,167.75,3,700,117350
12 JUL 2004,168,168,168,168,3,1100,184800
9 JUL 2004,168,168,167,167.5,5,1200,201000
8 JUL 2004,165,168,163,168,12,6800,1136100
7 JUL 2004,165.5,169,165,165,12,63200,10639125
6 JUL 2004,165.5,165.5,165.5,165.5,1,100,16550
5 JUL 2004,170,170,167,170,52,124500,21161000
1 JUL 2004,164,167,164,166.25,66,1142500,189629000
30 JUN 2004,164,164.5,164,164,10,6300,1033250
29 JUN 2004,165,165,161.5,162.5,17,39300,6439825
28 JUN 2004,163,163.75,163,163,5,1200,195675
25 JUN 2004,161,162,161,161,29,27700,4476700
24 JUN 2004,161,161,160,160.25,13,4500,721400
23 JUN 2004,157.25,161,157.25,159.75,26,37900,6053300
22 JUN 2004,157,159,157,157,10,19600,3077950
15 JUN 2004,158,158,158,158,1,100,15800
14 JUN 2004,157,160,157,158,9,3000,474200
11 JUN 2004,157.25,157.25,157,157,5,3900,612775
10 JUN 2004,157,157,157,157,8,39100,6138700
9 JUN 2004,157,157,157,157,3,50100,7865700
7 JUN 2004,157.5,160,154,157.25,9,4300,676600
4 JUN 2004,159,159,157.5,158,17,43200,6826900
3 JUN 2004,160,160,159,159,12,15200,2419400
1 JUN 2004,160,160,160,160,7,3800,608000
31 MAY 2004,160,160,159,159.75,7,5100,815700
28 MAY 2004,161,161,158.5,160,3,1000,160000
27 MAY 2004,164,164,161.25,162,10,6900,1122025
26 MAY 2004,160,160,160,160,1,100,16000
25 MAY 2004,163,163,158,160.5,12,42500,6892500
24 MAY 2004,164,165,163,163,3,1100,180800
21 MAY 2004,165,165,165,165,1,500,82500
20 MAY 2004,168.5,168.5,165,165,6,11000,1826750
19 MAY 2004,165,167,165,165.5,7,79400,13352000
18 MAY 2004,164,165,164,165,10,13800,2276700
17 MAY 2004,168.75,168.75,168.75,168.75,2,1000,168750
14 MAY 2004,164,169,164,168.75,61,150600,25405550
13 MAY 2004,160,164,160,163.25,38,68500,11150800
12 MAY 2004,157,160,155,156.5,7,1600,250275
11 MAY 2004,153.75,155,153,155,23,28900,4476275
10 MAY 2004,150,150,150,150,7,50100,7515000
6 MAY 2004,148.5,148.5,148,148.25,4,2800,415150
3 MAY 2004,150,152,150,150.75,9,3600,542725
29 APR 2004,145,150,145,145.75,5,3000,437300
28 APR 2004,146.25,146.25,145,145,28,39300,5720400
27 APR 2004,148,148,145.25,145.5,13,37700,5497625
26 APR 2004,146,150,146,148,2,400,59200
23 APR 2004,149.75,151,145.5,149,4,600,89375
22 APR 2004,150,150,149,149.5,6,1900,284000
21 APR 2004,151,151.5,151,151,13,12100,1827175
20 APR 2004,150,151,150,151,6,8600,1293050
19 APR 2004,151,151,150,151,11,12900,1947400
16 APR 2004,152,154.5,152,152.25,10,9000,1375450
15 APR 2004,155,155,150,152,17,19400,2939900
14 APR 2004,150,150,149.5,149.5,20,29400,4396850
8 APR 2004,150,150,149.25,149.25,18,74700,11174750
7 APR 2004,149.75,149.75,148,148,27,72200,10698475
6 APR 2004,130.25,150,130.25,148.5,40,28600,4214625
2 APR 2004,160,164.25,160,162.25,55,69200,11250075
1 APR 2004,157,161,157,160,79,155300,24806550
31 MAR 2004,157.25,158,157.25,157.5,42,228400,36073350
30 MAR 2004,152,160,152,157.25,42,59600,9353250
29 MAR 2004,154,154,151,152.25,18,18500,2815400
26 MAR 2004,153,153,153,153,1,100,15300
25 MAR 2004,154.5,154.5,152,152.75,7,1900,290350
24 MAR 2004,150.25,155,150.25,153.75,19,30200,4591875
23 MAR 2004,150,150.25,150,150.25,18,15000,2251750
22 MAR 2004,149.75,152,149.75,150,24,38200,5730375
19 MAR 2004,151,151,149,149,13,24500,3692625
18 MAR 2004,150,153,150,152.25,14,4700,713000
17 MAR 2004,153,153,151,151,4,700,105900
16 MAR 2004,152,152,150,151,11,26600,4017550
15 MAR 2004,150.5,150.5,150,150.25,9,102000,15600300
12 MAR 2004,153,153,153,153,5,3600,550800
11 MAR 2004,153,154.5,151,151,24,90500,13800200
10 MAR 2004,153,154.5,153,153,38,91700,14031650
9 MAR 2004,153,153,153,153,4,40400,6181200
8 MAR 2004,155,155,153.75,155,30,97200,15062500
5 MAR 2004,155,155,155,155,2,700,108500
4 MAR 2004,156,157,155,155.75,8,1700,265000
3 MAR 2004,160,160,157,157,11,6900,1093250
2 MAR 2004,159.75,159.75,157,159,6,3900,622200
27 FEB 2004,160,160,160,160,2,700,112000
26 FEB 2004,159.75,160,159.75,160,8,1900,303850
25 FEB 2004,158,160,158,159.75,30,66000,10558750
24 FEB 2004,161,162,160,160.5,45,41700,6679250
23 FEB 2004,154.5,160.25,154.5,159.75,30,29600,4727200
20 FEB 2004,152,155,152,155,31,70100,10860000
19 FEB 2004,148.5,150,148.5,150,14,8900,1332375
17 FEB 2004,145,149.75,145,148.5,11,6300,934875
16 FEB 2004,148,149.75,148,149.5,9,5600,837400
13 FEB 2004,142,150,142,147.75,28,10800,1589775
12 FEB 2004,140,140,140,140,25,18100,2534000
11 FEB 2004,140,140,135,136,16,7400,1012475
10 FEB 2004,138,139,130,133.5,37,26200,3502650
9 FEB 2004,140,140,135.25,137.25,65,47100,6526550
6 FEB 2004,151,152,150,150.25,27,32800,4942200
3 FEB 2004,157,157,150,151,98,284100,42728475
30 JAN 2004,159,161,159,159.25,4,2700,429700
29 JAN 2004,165,165,155.5,156.25,11,4500,711900
28 JAN 2004,160,164,157,162,22,106000,16664000
27 JAN 2004,165,170,162,162.75,22,25500,4202400
26 JAN 2004,159,165,159,162.5,61,54800,8839350
23 JAN 2004,158,160,157,157,7,24300,3818125
22 JAN 2004,151,160,151,156.75,21,55800,8462525
21 JAN 2004,150.75,152,150.75,151.75,6,29900,4512050
20 JAN 2004,150,150,149,149.75,28,22800,3417500
19 JAN 2004,150,150,145,146.75,25,25200,3725050
16 JAN 2004,159,159,155,155.25,14,14200,2204200
14 JAN 2004,158.75,160,158.75,160,73,400700,64108000
13 JAN 2004,160,160,159,159,10,4300,685700
12 JAN 2004,150,160,150,160,55,58100,9100175
9 JAN 2004,151.5,151.5,150,150,38,34800,5223900
8 JAN 2004,140.5,150,140.5,150,24,12900,1928025
6 JAN 2004,149,150,148,148,12,5900,882400
5 JAN 2004,144,148,144,145,16,6200,905600
2 JAN 2004,142,142,140,140.75,9,4400,619425
31 DEC 2003,145,145,140,142.5,5,700,100200
30 DEC 2003,140.25,140.25,140,140,4,900,126075
29 DEC 2003,145,145,145,145,5,1300,188500
26 DEC 2003,147.75,150,147.75,149.5,7,1100,164275
24 DEC 2003,146,150,146,146,11,5500,819200
23 DEC 2003,139.5,144,139.5,141,4,800,112700
22 DEC 2003,135,135,134,134,2,600,80500
19 DEC 2003,130,140,130,132.75,13,7600,994475
18 DEC 2003,133,135,132,132.25,15,11600,1534050
17 DEC 2003,145,145,136.75,136.75,12,6900,962725
16 DEC 2003,145,145,140.25,140.25,23,48700,7051600
15 DEC 2003,145,146.5,145,145,32,23300,3380550
12 DEC 2003,145,147,145,146.5,25,16800,2443375
11 DEC 2003,150,150,145,145,24,85800,12661500
10 DEC 2003,149.5,151,149.5,150.75,14,56200,8430225
9 DEC 2003,150,150,145,150,26,32500,4863275
5 DEC 2003,159,159,145,147.5,21,97400,14164900
4 DEC 2003,146,146,140.25,143.5,53,28200,4051975
3 DEC 2003,152,152,145,146.25,34,16500,2466975
2 DEC 2003,155,155,150.75,151,27,18000,2738250
1 DEC 2003,155,155,150,151.5,34,45400,6904625
28 NOV 2003,160,160,155.25,158.75,8,2400,380225
27 NOV 2003,156,160,155,155.75,53,26500,4134650
25 NOV 2003,158,158,150,155.25,38,20100,3112625
24 NOV 2003,175,175,160,163,27,42800,7043000
21 NOV 2003,162.25,170,162.25,167.25,27,35700,5951200
20 NOV 2003,166,166,161,162.75,32,35200,5770300
19 NOV 2003,162,168,162,163.5,34,70400,11642900
18 NOV 2003,160.25,160.25,155.25,156.75,53,98000,15510750
17 NOV 2003,160,160,160,160,11,8100,1296000
14 NOV 2003,168,169,155,155.75,35,36900,5798725
13 NOV 2003,165,168,165,167.75,26,13700,2275500
12 NOV 2003,160,161,158,160,19,10800,1726800
11 NOV 2003,160,160,155,155.25,22,21200,3310250
10 NOV 2003,165,166,160.25,165,26,45300,7423325
7 NOV 2003,165,172,160,170.25,111,251000,41369625
6 NOV 2003,148,165,148,154.75,58,110400,16807450
5 NOV 2003,135,162,135,150,113,394200,56250025
4 NOV 2003,188,188,177,178,34,56500,10096975
3 NOV 2003,189,190,187.75,188.5,19,26100,4909650
31 OCT 2003,190.5,192,190,191,17,60700,11626825
30 OCT 2003,190,192,187,189.5,27,124700,23693200
29 OCT 2003,192,192,188.25,190,25,16200,3083675
28 OCT 2003,185,193,185,190,39,207000,39069725
27 OCT 2003,182.25,185,182,184.25,37,45900,8397125
23 OCT 2003,180,182,180,180.25,10,48300,8696200
22 OCT 2003,175,176,174.5,175,27,53400,9345850
21 OCT 2003,175,176,174.75,175,31,356200,62385125
20 OCT 2003,175,176,175,175,17,61300,10729375
17 OCT 2003,179,179,175,175.5,16,19100,3375000
16 OCT 2003,178.5,180,177,178,38,25300,4512625
15 OCT 2003,180,180,179.5,179.75,4,59200,10541400
14 OCT 2003,178.25,180,178.25,180,5,4100,734500
13 OCT 2003,183,183,179,179.5,35,60200,10888625
10 OCT 2003,185,185,182.5,183,18,52800,9730600
8 OCT 2003,187,187,184.5,184.75,19,81300,15155450
7 OCT 2003,188,190,186,186.25,20,50100,9396275
6 OCT 2003,189,190,187,188,15,89500,16900875
3 OCT 2003,183,186,183,185.75,29,16900,3140500
2 OCT 2003,175,185,175,183.5,19,13400,2417350
1 OCT 2003,186,186,180,180,8,4600,836000
26 SEP 2003,188,188,187,187,7,205600,38647800
25 SEP 2003,189.75,190,188,188,20,20600,3890275
24 SEP 2003,188,190,185,188.75,38,160700,30272150
23 SEP 2003,188,188.5,187.5,188,26,246900,46417200
22 SEP 2003,191,192,186.5,187.25,10,206900,38903450
19 SEP 2003,186,190,186,190,15,16000,3025600
18 SEP 2003,186,187,186,186.75,18,47400,8846050
17 SEP 2003,186,186,185,185.25,20,51400,9530650
16 SEP 2003,195,195,170,185.5,22,314000,58410975
15 SEP 2003,195,197,195,195.75,48,31500,6169250
12 SEP 2003,196,197,195,195.25,19,37500,7326425
11 SEP 2003,196,197,195,195.75,26,43700,8560800
9 SEP 2003,196,196.5,195,196,17,245300,48862125
8 SEP 2003,198,198,196,196.75,9,32700,6432100
5 SEP 2003,198,199.5,197,198,16,60400,11959850
4 SEP 2003,197,200.25,196.5,198,57,169800,33690825
3 SEP 2003,193,197,193,196.25,53,64500,12622600
2 SEP 2003,193,193,193,193,5,500,96500
1 SEP 2003,193,194,191.25,193,12,10600,2049050
29 AUG 2003,190,190.5,190,190,14,13100,2489675
28 AUG 2003,193.75,193.75,193,193.25,13,2600,502175
27 AUG 2003,193,193.75,190,193.25,4,1400,270550
26 AUG 2003,195,195,193,195,14,8900,1735300
25 AUG 2003,195,195,195,195,18,64200,12519000
22 AUG 2003,195,196.5,193,195,65,288700,56303400
21 AUG 2003,197.75,197.75,195,195.25,9,3400,666675
20 AUG 2003,195,198,194,195.25,13,11800,2298475
19 AUG 2003,195,195,194,195,15,7900,1540225
18 AUG 2003,196,196,195,195,30,39400,7690200
15 AUG 2003,199,199,195,196,41,89700,17711100
14 AUG 2003,195,198,193,197,36,25900,5085125
13 AUG 2003,195.5,196,195,195,31,36000,7024575
12 AUG 2003,197,197,195.25,195.5,15,58300,11411125
8 AUG 2003,197.75,197.75,196,197,23,21300,4201525
7 AUG 2003,200,200,197,197.5,25,48300,9562525
6 AUG 2003,201,201.75,198,199,35,55800,11123450
5 AUG 2003,203.5,203.5,200,200,75,114400,22932375
4 AUG 2003,203,210,203,204.25,74,108000,22142875
1 AUG 2003,201,201,201,201,7,1800,361800
31 JUL 2003,200.25,203,200.25,202,19,11200,2253000
30 JUL 2003,202,202.5,202,202,21,25900,5232225
29 JUL 2003,201,202,201,202,15,12400,2504025
28 JUL 2003,200.25,202,200.25,201.75,17,7500,1508325
25 JUL 2003,200,202,200,200.25,26,42300,8462725
24 JUL 2003,200,200,199.75,200,31,119400,23679600
23 JUL 2003,199.5,200,197.5,197.75,31,32600,6467300
22 JUL 2003,200,200,197,199,15,39700,7899250
21 JUL 2003,200,200,200,200,12,20100,4020000
18 JUL 2003,197.5,202,197.5,200.75,27,30100,6024375
17 JUL 2003,200,202,197.5,199.75,32,36200,7241950
16 JUL 2003,199,200,198,200,40,56800,11359700
15 JUL 2003,190,195,190,195,14,12600,2446300
14 JUL 2003,192,192.5,190,190,10,12100,2305900
11 JUL 2003,190,195,190,191.5,20,12700,2429175
10 JUL 2003,180.25,187,180,185.5,29,415400,75056700
9 JUL 2003,187.5,189.75,179.75,180.25,66,92000,17119175
8 JUL 2003,190,190,188,188,23,17200,3263550
7 JUL 2003,199.5,199.5,190,190.5,44,57500,10963200
4 JUL 2003,205,206,187,190,106,247600,47221400
3 JUL 2003,210.25,210.25,205,207.5,14,33200,6892025
2 JUL 2003,214,215,210,210.25,31,31800,6746125
1 JUL 2003,216,216.5,213.5,214.75,41,27900,5996075
30 JUN 2003,212,216,212,215.25,80,107100,23022600
27 JUN 2003,210,219,209,213.5,80,130600,28076350
26 JUN 2003,217,226,210,215.75,118,302000,66176575
25 JUN 2003,203,216,202,211.75,108,255400,53537475
24 JUN 2003,201,202,200,200.25,52,97200,19473850
23 JUN 2003,195,205,195,200,81,232400,46478150
20 JUN 2003,190,195,190,192.75,55,64600,12375600
19 JUN 2003,191,191,182,190,24,16000,3014550
18 JUN 2003,190,191,188,189.25,54,91900,17471400
17 JUN 2003,183.75,189.75,183.75,189.5,46,102000,19082675
16 JUN 2003,184.75,184.75,181.75,182.5,30,42600,7806450
13 JUN 2003,179.75,183.5,179,182.5,55,96700,17438250
12 JUN 2003,176.5,179.75,176.5,179.25,25,20900,3735025
11 JUN 2003,178,178,176,176,10,13700,2431300
10 JUN 2003,180,181,178,178.5,56,72900,13139725
9 JUN 2003,179,179,178,178,22,12400,2215950
6 JUN 2003,180,180,178,178.75,58,56300,10106825
5 JUN 2003,176,179.5,176,179.25,63,95200,17027750
4 JUN 2003,170,176,170,175,43,76600,13310400
3 JUN 2003,166,168,166,168,17,6600,1103600
2 JUN 2003,185,185,166,166.25,55,31000,5233725
30 MAY 2003,220,220,219,219.75,91,1007200,218193150
29 MAY 2003,219,219.5,219,219.5,19,25700,5639200
28 MAY 2003,217.5,219,217.5,219,28,52600,11517200
27 MAY 2003,215,217.25,215,217,16,16400,3554525
26 MAY 2003,214.75,215,214.75,215,13,16800,3611950
23 MAY 2003,214.75,214.75,213,213,9,1700,364375
22 MAY 2003,214,215,214,214.75,23,62700,13464400
21 MAY 2003,214,214,214,214,9,5500,1177000
20 MAY 2003,212.5,213,212,213,9,3800,807950
13 MAY 2003,212,213,212,212.25,32,32500,6891000
12 MAY 2003,214,214,212,212.5,13,6900,1463100
9 MAY 2003,217,217,215,215.25,17,12500,2709275
8 MAY 2003,215,217,215,216.5,21,20600,4448400
7 MAY 2003,215,215,215,215,19,5600,1204000
6 MAY 2003,214.5,215,214.5,215,31,80100,17212300
5 MAY 2003,212,214,212,214,7,3200,684200
2 MAY 2003,214.5,214.5,211.25,212,19,25900,5493150
30 APR 2003,210.25,215,210,215,53,89500,19230975
29 APR 2003,215,218,214,214.5,44,52000,11193300
28 APR 2003,207,212,207,211.5,31,22100,4659650
25 APR 2003,207,208,207,207.25,20,10200,2112400
24 APR 2003,207,207,205,205,12,6000,1236600
23 APR 2003,203,208,203,207.5,17,8300,1713300
22 APR 2003,205.25,205.25,200,201,60,39900,8004900
17 APR 2003,203.5,209,203.5,208.25,12,29600,6153150
15 APR 2003,203,203,203,203,5,2000,406000
11 APR 2003,200.5,203,200.5,203,7,5700,1156250
10 APR 2003,200,201.75,200,201,9,4100,822675
9 APR 2003,199.75,200,199.75,200,20,9500,1899825
8 APR 2003,195,200,195,200,16,7900,1557000
7 APR 2003,197,197,195,195,14,4800,937325
4 APR 2003,203,205,200,200,52,30300,6071600
3 APR 2003,195,201,195,200.25,32,19800,3950075
2 APR 2003,190.25,194,190.25,193.75,11,12000,2291650
1 APR 2003,191.5,191.5,190,190.25,43,27600,5254500
31 MAR 2003,195,195,190,191.75,70,43100,8252775
28 MAR 2003,179,179,177,177.75,10,7600,1352100
27 MAR 2003,179,179.75,177,178.5,5,900,160575
26 MAR 2003,174,175,174,175,2,1100,192400
25 MAR 2003,173,173,173,173,3,1000,173000
24 MAR 2003,174,174,174,174,1,100,17400
21 MAR 2003,173.5,173.5,173,173,6,2000,346350
20 MAR 2003,173.5,173.5,173.5,173.5,1,1000,173500
19 MAR 2003,175,175,173,173,8,10600,1838325
17 MAR 2003,174,175,174,174.75,7,2900,506300
14 MAR 2003,173,174,173,174,7,4400,763200
13 MAR 2003,171,173,171,172,7,8700,1496500
12 MAR 2003,171,171,170,170,17,31400,5341700
11 MAR 2003,174.5,174.5,172,172,21,92000,15867800
10 MAR 2003,176.25,176.25,174,174.5,12,33400,5832325
7 MAR 2003,177.25,177.5,177.25,177.5,6,1400,248475
6 MAR 2003,177.75,178,177.75,178,9,100500,17888875
5 MAR 2003,177,177.25,177,177,2,600,106225
4 MAR 2003,178,178,178,178,2,400,71200
3 MAR 2003,176,176,176,176,3,1100,193600
28 FEB 2003,178,178.5,178,178,6,1500,267050
27 FEB 2003,178,178,178,178,1,100,17800
26 FEB 2003,178.5,178.5,177,177,9,7700,1364550
25 FEB 2003,180.75,180.75,178.5,179.5,20,18900,3396700
24 FEB 2003,180.75,180.75,180.75,180.75,3,700,126525
21 FEB 2003,180.5,180.75,180.5,180.75,3,1300,234950
20 FEB 2003,180,180.5,180,180.5,3,2800,504200
19 FEB 2003,178,178.5,178,178.5,4,5700,1014925
18 FEB 2003,182,182,177,177.5,7,5200,934100
17 FEB 2003,182.5,182.5,181.25,181.25,4,3700,670875
14 FEB 2003,186,186,181,183.75,10,7400,1373200
13 FEB 2003,189,189,189,189,3,1000,189000
11 FEB 2003,189,189,189,189,1,1000,189000
10 FEB 2003,190,190,190,190,5,3500,665000
7 FEB 2003,190,190,190,190,4,37500,7125000
6 FEB 2003,194,194,190,190,23,31600,6027125
5 FEB 2003,193,193,193,193,1,100,19300
3 FEB 2003,190.25,191,190,191,4,1700,323850
31 JAN 2003,192.5,193,190,190,39,79600,15294500
30 JAN 2003,193,193,192,192,14,17800,3421100
29 JAN 2003,195,195,193.25,195,9,31300,6102450
28 JAN 2003,195.5,197.5,193,197.5,11,11800,2286650
27 JAN 2003,197.5,197.5,197.5,197.5,2,3700,730750
24 JAN 2003,200,200,200,200,1,100,20000
23 JAN 2003,195,200,195,200,4,800,156600
22 JAN 2003,200.5,200.5,199,200,14,6500,1300750
21 JAN 2003,200.25,200.25,200.25,200.25,10,4200,841050
20 JAN 2003,200.25,200.25,200.25,200.25,1,100,20025
16 JAN 2003,200,200.25,200,200.25,2,200,40025
13 JAN 2003,200,209.75,200,209,15,10000,2001875
10 JAN 2003,200,200.25,200,200.25,3,1700,340250
9 JAN 2003,200,200,200,200,4,2700,540000
8 JAN 2003,200,200,200,200,9,47000,9400000
7 JAN 2003,200,200,200,200,3,400,80000
6 JAN 2003,200,200,200,200,10,6900,1380000
3 JAN 2003,200,200,200,200,6,1300,260000
2 JAN 2003,200,200,200,200,4,1500,300000
31 DEC 2002,199.75,200,199.75,200,20,421200,84234725
30 DEC 2002,197,199,197,199,3,500,98900
27 DEC 2002,197,197,197,197,3,1600,315200
26 DEC 2002,196,197,196,197,3,1700,333900
24 DEC 2002,196.25,196.25,196.25,196.25,2,200,39250
23 DEC 2002,195,196,195,196,4,500,97900
18 DEC 2002,193,195,193,195,2,900,174900
17 DEC 2002,195,195,193.75,193.75,11,21000,4071725
16 DEC 2002,195,195.25,195,195,9,7000,1365175
13 DEC 2002,195,195,195,195,1,200,39000
12 DEC 2002,199.75,199.75,199.25,199.25,5,3400,678250
11 DEC 2002,200,200,200,200,5,1300,260000
10 DEC 2002,199,200,199,200,3,300,59900
9 DEC 2002,199,200,199,200,16,25800,5156875
5 DEC 2002,199,200,199,200,2,200,39900
4 DEC 2002,200,200,200,200,1,300,60000
3 DEC 2002,200,200,200,200,7,4100,820000
2 DEC 2002,200,200,200,200,4,1500,300000
29 NOV 2002,200,200,199.75,199.75,7,2800,559650
28 NOV 2002,200.5,200.5,200,200,9,3400,681250
27 NOV 2002,200.5,200.5,200.5,200.5,1,200,40100
26 NOV 2002,199.75,200,199.75,200,9,4500,899750
25 NOV 2002,199.75,199.75,199.75,199.75,4,1800,359550
22 NOV 2002,199.75,199.75,199.75,199.75,3,2100,419475
21 NOV 2002,200,205,195,199.75,12,10900,2134925
20 NOV 2002,195,196,195,195,8,2800,546100
18 NOV 2002,197,197,196,196,15,16300,3196200
15 NOV 2002,197,197,197,197,2,1000,197000
14 NOV 2002,197,199.75,197,199.75,4,1000,197550
13 NOV 2002,196.5,197,196.5,197,5,2200,432800
12 NOV 2002,202,202,200,200,7,1600,320800
11 NOV 2002,200.5,200.5,200,200,15,34600,6920675
8 NOV 2002,206,206,200,202,32,84400,16932825
7 NOV 2002,212,212,208,209.75,19,8800,1847050
6 NOV 2002,214,214,213.75,214,10,22300,4772150
5 NOV 2002,215,215,214,214,8,4900,1052950
1 NOV 2002,210,210,209,209,2,5100,1066000
31 OCT 2002,220,220,209,210,25,25100,5289750
30 OCT 2002,210,220,210,215,57,49200,10576625
29 OCT 2002,200,202,200,202,10,17600,3540000
28 OCT 2002,195,201,195,200,36,368600,73717550
25 OCT 2002,190,194.75,190,194.75,13,7200,1368800
24 OCT 2002,190,190,188,188,28,56900,10720450
23 OCT 2002,190,190,189,190,27,23700,4501400
22 OCT 2002,180.25,199,180.25,189,27,46500,8624450
21 OCT 2002,180,180,179,179.75,37,25400,4567775
18 OCT 2002,190,191,185,185,41,29300,5489550
17 OCT 2002,197,197,192.5,193,47,65700,12726950
16 OCT 2002,198,198.25,198,198,20,67300,13325550
15 OCT 2002,198,199.75,198,198,16,27200,5389275
14 OCT 2002,200.25,201,200,200,14,6200,1243150
11 OCT 2002,201,201,201,201,1,700,140700
10 OCT 2002,200,200,200,200,7,32200,6440000
9 OCT 2002,202,202,201,201,7,4100,828000
8 OCT 2002,199,200,199,200,13,15500,3099400
7 OCT 2002,200,200,198,199,19,18600,3684525
4 OCT 2002,209,209,205,205,12,3000,624075
3 OCT 2002,200,209,198,209,43,81600,16326475
2 OCT 2002,210,210,197,200,60,96400,19422975
1 OCT 2002,215,215,210,210,31,73000,15353600
30 SEP 2002,215,215,213,213,4,2300,493900
27 SEP 2002,223,223,223,223,1,200,44600
26 SEP 2002,222,224,220,224,13,15100,3323800
25 SEP 2002,224,224,223,223,2,2500,559000
24 SEP 2002,220,220,220,220,3,1000,220000
23 SEP 2002,220,220,220,220,3,1500,330000
19 SEP 2002,220,230,220,225,54,131200,30013825
18 SEP 2002,220,220.25,220,220,5,5200,1144050
17 SEP 2002,215,222,215,220,30,18800,4131000
16 SEP 2002,212,215,212,212.25,9,2000,427550
13 SEP 2002,215,215,212,212,8,7200,1532100
12 SEP 2002,218,218,212,215,7,11400,2421000
11 SEP 2002,215,215,215,215,1,5000,1075000
10 SEP 2002,219,220,219,220,25,23000,5059700
9 SEP 2002,218,219,218,218,4,1500,327300
6 SEP 2002,220,220,218,218,25,18400,4032400
5 SEP 2002,215,220,215,220,18,7000,1530150
4 SEP 2002,210.25,215,210.25,215,13,4500,954525
3 SEP 2002,219,219,210,210.5,9,4300,906500
30 AUG 2002,208,220,208,220,6,8700,1837900
29 AUG 2002,201.25,204,201,204,6,3300,666550
28 AUG 2002,205.25,205.25,200.5,205,8,2300,468475
27 AUG 2002,212,212,210,210,9,4400,928275
23 AUG 2002,215,220,210,220,16,3900,826425
21 AUG 2002,202.25,225,202.25,225,76,1222700,274519225
20 AUG 2002,200,209,200,209,43,26500,5370700
19 AUG 2002,200,200,195,200,71,89500,17898800
16 AUG 2002,195,195,195,195,1,100,19500
15 AUG 2002,196,197,195,195,11,2800,547300
14 AUG 2002,190,200,190,200,20,1000300,200054300
13 AUG 2002,183,190,183,190,5,1900,350400
12 AUG 2002,183,184,183,184,6,1900,347800
9 AUG 2002,175,183,175,183,11,8800,1548450
8 AUG 2002,184,184,177,177,12,2800,506000
7 AUG 2002,175,181,172,181,36,31800,5633300
6 AUG 2002,187,190,175,176,20,13100,2388975
5 AUG 2002,190,194,189,189,14,62800,12161525
2 AUG 2002,195.5,195.75,195,195,13,27400,5344775
1 AUG 2002,199.75,200,199.75,200,4,500,99975
31 JUL 2002,199.75,199.75,195.75,195.75,3,500,99100
30 JUL 2002,200,200,200,200,11,5900,1180000
29 JUL 2002,200,200,195.75,200,22,10900,2179575
26 JUL 2002,195.75,200,195.75,200,30,25500,5099150
25 JUL 2002,200,200,195.25,200,15,17800,3559525
24 JUL 2002,200,200,200,200,35,90400,18080000
22 JUL 2002,192.25,200,192.25,200,23,10400,2079225
19 JUL 2002,200,200,195,195,17,10500,2099000
18 JUL 2002,200,200,200,200,24,21600,4320000
17 JUL 2002,200,200,200,200,33,45300,9060000
16 JUL 2002,200,200.75,200,200,56,237600,47520750
15 JUL 2002,200,200,200,200,39,75600,15120000
12 JUL 2002,200,200,200,200,44,32100,6420000
11 JUL 2002,197,200,197,200,58,53000,10556575
10 JUL 2002,197,198,197,197,22,58300,11487050
9 JUL 2002,194,197,192,197,19,44400,8737000
8 JUL 2002,196,196,194,194,4,1300,253300
5 JUL 2002,197,197,196,196,4,600,117700
4 JUL 2002,197,198,197,198,10,21000,4137200
3 JUL 2002,195,197,195,197,14,110500,21765300
2 JUL 2002,193,195,193,195,27,29500,5737500
1 JUL 2002,192,193,192,193,12,14000,2699250
28 JUN 2002,188,191.75,188,191.75,11,8400,1602950
27 JUN 2002,192.75,192.75,187,188,30,23500,4429075
26 JUN 2002,197,197,193,193,11,7000,1375200
25 JUN 2002,197,197,197,197,8,7900,1556300
21 JUN 2002,196,197,196,197,18,11700,2300500
20 JUN 2002,195,196,194,196,22,20100,3919600
19 JUN 2002,196,196,195,195,9,5000,975100
18 JUN 2002,199,199,192,197,11,4800,931175
17 JUN 2002,199.75,200,199,199,4,2200,439425
14 JUN 2002,200,200,200,200,2,700,140000
13 JUN 2002,195,200,195,200,13,58800,11491000
12 JUN 2002,195,195,190.5,195,17,27100,5283600
11 JUN 2002,200,200,195,195.25,22,78700,15414800
10 JUN 2002,200,200,196,200,25,13300,2659225
7 JUN 2002,202,205,196.5,200,77,103100,20728225
6 JUN 2002,196,205,196,201,152,179900,35979775
5 JUN 2002,191.25,197,191.25,195,54,153200,29924500
4 JUN 2002,185.25,191,185,191,50,51500,9774250
3 JUN 2002,185,185.5,185,185.25,8,4700,870725
31 MAY 2002,187,187,183,185,27,9800,1813550
30 MAY 2002,191,191,182,186,20,15500,2861000
29 MAY 2002,192,195,182,190,84,152300,28934900
28 MAY 2002,170,192,170,190,111,224000,41794325
23 MAY 2002,167,170,167,170,45,28100,4770500
22 MAY 2002,162,168,162,167,52,213100,35551600
21 MAY 2002,160,162,160,162,7,2400,386000
20 MAY 2002,159,160,159,160,4,1000,159900
17 MAY 2002,160,160.25,160,160,17,7100,1136025
16 MAY 2002,160,160,159,160,12,5800,927700
15 MAY 2002,164,165,164,165,24,12700,2094650
14 MAY 2002,165,167.5,164.75,164.75,8,1900,314975
13 MAY 2002,159.5,161,159.5,161,32,38700,6182650
10 MAY 2002,155,159.5,155,159.5,27,14300,2233400
9 MAY 2002,155,155,155,155,15,10900,1689500
8 MAY 2002,155,156,155,155,14,25800,3999400
7 MAY 2002,155,155,155,155,19,31100,4820500
6 MAY 2002,150.25,155,150.25,155,30,51800,7989900
3 MAY 2002,150.25,150.25,150.25,150.25,24,14500,2178625
2 MAY 2002,150.25,151,150.25,150.25,27,28800,4327950
30 APR 2002,150,150.25,150,150.25,30,40100,6018300
29 APR 2002,150,150.25,150,150,88,433700,65067525
25 APR 2002,141,141,141,141,3,3300,465300
24 APR 2002,140,141,140,141,8,2300,323800
23 APR 2002,141,141,141,141,2,200,28200
22 APR 2002,140.25,140.25,140,140,5,900,126050
18 APR 2002,140,140,140,140,9,6300,882000
17 APR 2002,140,140,140,140,3,400,56000
16 APR 2002,140,140,140,140,6,2800,392000
9 APR 2002,139,140,139,140,16,22900,3203100
8 APR 2002,139,139,139,139,7,3800,528200
5 APR 2002,139,139,139,139,10,2600,361400
4 APR 2002,139,139,135,139,6,900,124700
3 APR 2002,140,140,140,140,4,900,126000
2 APR 2002,140.25,142,140,140,10,6400,898150
1 APR 2002,140,140.25,140,140,4,900,126025
27 MAR 2002,144,148,142,148,6,1700,246300
26 MAR 2002,150,150,145,145,2,400,59000
25 MAR 2002,152,152,151.75,151.75,15,28000,4255750
22 MAR 2002,148.25,152,148.25,152,25,344600,51827550
21 MAR 2002,149,149,148,148,5,1700,252200
20 MAR 2002,148,148,148,148,3,2600,384800
19 MAR 2002,148,148,148,148,6,900,133200
18 MAR 2002,148,148,145,148,9,101300,14693700
15 MAR 2002,145,148,145,148,4,1600,236500
14 MAR 2002,150,150,150,150,35,130500,19575000
13 MAR 2002,150,150,150,150,10,7400,1110000
11 MAR 2002,150,150,149.75,150,9,2900,434975
8 MAR 2002,147,150,147,150,14,6100,913700
7 MAR 2002,147,147,147,147,4,800,117600
6 MAR 2002,146.5,147,146.5,147,11,5900,866950
5 MAR 2002,146,147,146,147,5,2600,380125
4 MAR 2002,146,146,146,146,7,3200,467200
1 MAR 2002,146,146.75,146,146.75,2,1500,219750
28 FEB 2002,146,146,146,146,14,145900,21301400
26 FEB 2002,146,146,145,146,16,114700,16740750
25 FEB 2002,143,146,143,145,57,343100,49807100
22 FEB 2002,142,143,140.25,141.5,16,15300,2171750
21 FEB 2002,140.25,141,140,140.25,13,34000,4786475
20 FEB 2002,140,140.25,140,140,21,23400,3277050
19 FEB 2002,140,142,140,140.25,7,3900,547200
18 FEB 2002,143,143,140,140,16,8700,1219425
15 FEB 2002,140,140,140,140,16,319100,44674000
14 FEB 2002,139,141,139,140,28,47600,6658600
13 FEB 2002,139,139,139,139,1,100,13900
12 FEB 2002,139,139,139,139,4,800,111200
11 FEB 2002,139,139,139,139,2,1000,139000
8 FEB 2002,135,140,135,140,13,10200,1395650
7 FEB 2002,133,135,133,135,20,59300,8005300
6 FEB 2002,132,135,132,135,6,1600,212800
5 FEB 2002,129,132.25,129,132,18,58000,7617925
1 FEB 2002,130,130,129,129,4,800,103900
31 JAN 2002,126,133,126,133,13,19200,2466700
30 JAN 2002,130,130,130,130,4,1100,143000
25 JAN 2002,128,130,128,130,21,21500,2792400
24 JAN 2002,125,126,125,126,14,42400,5300400
23 JAN 2002,122,128,122,127.25,25,39500,4953250
22 JAN 2002,124,124,122,122,10,10900,1340150
21 JAN 2002,125.5,126,125,125,10,9100,1140050
18 JAN 2002,120,126,120,125.5,19,26700,3328675
17 JAN 2002,123,123,120,122,8,7700,941300
16 JAN 2002,123,125,123,125,9,11800,1474000
15 JAN 2002,125,128.75,125,125,15,36900,4636650
11 JAN 2002,129,129,129,129,14,13300,1715700
10 JAN 2002,130,131,129,129,9,31000,4048700
9 JAN 2002,130,131,130,131,16,24100,3145750
8 JAN 2002,129.5,132,127,132,40,93400,12096200
7 JAN 2002,129,130,129,130,20,54200,7007150
4 JAN 2002,127,130,127,129,13,33500,4319050
3 JAN 2002,126,129.75,125,127,22,66000,8339400
2 JAN 2002,127.25,127.25,124,125,28,29400,3698700
31 DEC 2001,126,128,126,127,44,43300,5496400
28 DEC 2001,124.25,126,124.25,126,34,67200,8413450
27 DEC 2001,118,125,118,123,33,35700,4429575
21 DEC 2001,118,118,115,118,28,47200,5451425
20 DEC 2001,118,124.75,115,116,32,51200,5962500
19 DEC 2001,116.75,116.75,108,110,82,208900,22993175
18 DEC 2001,125,125,116,116,26,15800,1927050
17 DEC 2001,126,130,125,125,27,44300,5678650
14 DEC 2001,115,130,115,125,43,72800,9057200
13 DEC 2001,132,132,114,115.25,61,63000,7677100
12 DEC 2001,140.25,145,133,133,66,74100,10163475
11 DEC 2001,148,148,139,140,64,76900,10817925
10 DEC 2001,150,155,145,145,117,175800,26439375
7 DEC 2001,120,150,119.5,139,92,403500,51271000
5 DEC 2001,109,112,109,112,22,24600,2710125
4 DEC 2001,113,113,108,108.25,36,35300,3856800
3 DEC 2001,112.5,113,110,113,30,32000,3601600
29 NOV 2001,111,112.5,111,112.5,28,77800,8739850
28 NOV 2001,110,111,110,111,15,16700,1842700
27 NOV 2001,110,110,110,110,14,56400,6204000
26 NOV 2001,111,111,110,110,23,12900,1421225
23 NOV 2001,109.75,113,109.75,111,19,86200,9539050
22 NOV 2001,107,110,107,110,36,141200,15501800
21 NOV 2001,105.5,107,105.5,107,10,9500,1008650
20 NOV 2001,108,108,105,106,17,15100,1601425
19 NOV 2001,107,107,105,107,17,22400,2390275
16 NOV 2001,101.25,105,101.25,105,2,1400,142125
15 NOV 2001,101,102,101,101,11,47200,4767700
14 NOV 2001,101,102,101,102,8,7300,737500
13 NOV 2001,101.25,101.25,101,101,3,4200,424250
12 NOV 2001,101.75,102,100.5,100.5,7,11100,1116575
9 NOV 2001,100,100.25,100,100.25,10,32300,3235250
8 NOV 2001,100,100,100,100,9,13700,1370000
7 NOV 2001,100,100,99,100,16,30300,3029650
6 NOV 2001,100,100,100,100,2,500,50000
5 NOV 2001,100,102.5,100,100,17,45000,4500500
2 NOV 2001,100,100,100,100,1,2000,200000
1 NOV 2001,102.25,102.25,100,100,10,9700,977250
30 OCT 2001,103.25,103.25,102.25,102.25,9,5000,515275
29 OCT 2001,104,104,103,103,10,4600,475325
26 OCT 2001,104,104.5,104,104,6,3400,354400
25 OCT 2001,104.5,104.5,104.5,104.5,3,1000,104500
24 OCT 2001,106,107,104,105,41,268300,28178050
23 OCT 2001,102,105.25,102,105.25,60,270500,27995675
22 OCT 2001,101,103,101,102,23,19200,1961100
19 OCT 2001,100,101,100,100,35,118300,11831000
18 OCT 2001,96,100,96,100,27,116400,11634000
17 OCT 2001,96,96,95,95,4,5800,551300
16 OCT 2001,95,95,91,95,26,12100,1143750
15 OCT 2001,102,102,95,95,30,43800,4422300
12 OCT 2001,100,104.75,100,100,37,46300,4683900
11 OCT 2001,93,100,93,100,55,101600,9992500
10 OCT 2001,85,90,85,90,22,41900,3600200
9 OCT 2001,80,84.75,80,84.75,3,1000,82825
4 OCT 2001,78.5,78.5,78.5,78.5,3,800,62800
3 OCT 2001,78.5,78.5,78.5,78.5,2,500,39250
1 OCT 2001,78.5,78.5,78.5,78.5,2,400,31400
28 SEP 2001,78.25,78.5,78.25,78.5,3,3300,258975
24 SEP 2001,78.25,78.25,78.25,78.25,1,200,15650
21 SEP 2001,80,80,80,80,1,900,72000
20 SEP 2001,80,80,80,80,3,4900,392000
19 SEP 2001,78,80,78,80,5,8600,671400
18 SEP 2001,80.25,80.25,78,78,8,21600,1686050
14 SEP 2001,83.5,83.5,83.5,83.5,5,1600,133600
13 SEP 2001,84,84,84,84,1,100,8400
12 SEP 2001,85,87,85,85,25,155600,13529975
11 SEP 2001,79,85.25,79,85.25,20,48500,4103625
7 SEP 2001,77,79,77,79,4,1400,110000
6 SEP 2001,76,76,76,76,2,1000,76000
5 SEP 2001,76,76,76,76,3,1000,76000
4 SEP 2001,76,76,76,76,2,300,22800
3 SEP 2001,75.75,78,75.75,78,2,200,15375
31 AUG 2001,77,79.75,77,79.75,7,7700,601350
30 AUG 2001,77.5,77.5,77,77,3,1400,107950
29 AUG 2001,75,77,75,77,14,7900,603700
28 AUG 2001,75,76,75,75,7,5200,391250
27 AUG 2001,74,75,74,75,5,2200,164400
24 AUG 2001,71,72,71,72,6,4000,287000
23 AUG 2001,70.5,72,70.5,72,5,1300,93300
22 AUG 2001,72,72,72,72,1,100,7200
21 AUG 2001,71,72.5,70.5,72.5,11,4800,343475
20 AUG 2001,72,72,71,71,2,200,14300
17 AUG 2001,72,72,71.75,71.75,2,200,14375
16 AUG 2001,72.5,72.5,72.5,72.5,1,100,7250
15 AUG 2001,72.75,72.75,72.75,72.75,4,7100,516525
14 AUG 2001,73,73,73,73,2,200,14600
13 AUG 2001,75,75,75,75,3,1000,75000
10 AUG 2001,75.5,75.5,75.5,75.5,1,100,7550
7 AUG 2001,75.5,75.5,75.5,75.5,6,3600,271800
6 AUG 2001,76,76,75.5,75.5,4,1100,83500
1 AUG 2001,76,76,76,76,2,12100,919600
30 JUL 2001,75.25,75.25,75.25,75.25,1,100,7525
27 JUL 2001,75.5,75.5,75.25,75.25,7,4400,331125
25 JUL 2001,75,75,75,75,10,6000,450000
24 JUL 2001,75,75,75,75,1,200,15000
20 JUL 2001,77.75,77.75,77.75,77.75,1,400,31100
19 JUL 2001,78,78,78,78,3,1100,85800
17 JUL 2001,78.25,78.25,78,78,5,900,70250
13 JUL 2001,79,79,79,79,1,100,7900
12 JUL 2001,79,79,79,79,1,1000,79000
11 JUL 2001,80,80,80,80,5,1600,128000
10 JUL 2001,81.5,81.5,81.5,81.5,7,2500,203750
9 JUL 2001,81.25,81.5,81.25,81.5,6,1800,146650
6 JUL 2001,81,81,81,81,2,500,40500
4 JUL 2001,81.25,81.25,81,81.25,5,800,64925
3 JUL 2001,81,81,80.5,81,3,1500,121200
2 JUL 2001,81.25,81.25,81.25,81.25,2,2700,219375
29 JUN 2001,81.25,81.25,81.25,81.25,2,300,24375
28 JUN 2001,81.25,81.25,81.25,81.25,1,200,16250
27 JUN 2001,81.25,81.25,81,81.25,5,3100,251425
26 JUN 2001,81.25,81.25,81.25,81.25,3,1500,121875
25 JUN 2001,81.5,81.5,81.5,81.5,1,1500,122250
22 JUN 2001,82.5,82.5,81,81,3,1500,122750
21 JUN 2001,80,82,80,82,8,2500,202075
20 JUN 2001,78.25,80,78.25,80,15,14100,1115800
18 JUN 2001,79.75,79.75,79.75,79.75,1,400,31900
15 JUN 2001,80,80,80,80,2,1400,112000
13 JUN 2001,76.75,76.75,76.75,76.75,1,100,7675
12 JUN 2001,75,76,75,75.75,5,1900,143675
11 JUN 2001,98,98.25,98,98,27,18700,1832625
8 JUN 2001,98,98.25,98,98.25,19,8100,794100
7 JUN 2001,98.25,98.25,98,98,6,1700,166975
6 JUN 2001,98.25,98.5,98.25,98.25,5,700,68825
4 JUN 2001,98.25,98.5,98.25,98.25,3,3600,353975
1 JUN 2001,98.25,98.25,98.25,98.25,1,17000,1670250
31 MAY 2001,98.75,98.75,98.5,98.5,7,2000,197050
30 MAY 2001,98.25,98.75,98.25,98.75,3,800,78850
29 MAY 2001,98,98,98,98,5,2100,205800
28 MAY 2001,98,98,98,98,5,600,58800
25 MAY 2001,98.25,98.25,98.25,98.25,1,200,19650
24 MAY 2001,98,98.25,98,98.25,4,1900,186250
23 MAY 2001,98,98,98,98,9,6900,676200
22 MAY 2001,96,97,96,97,5,1300,125000
21 MAY 2001,96,96,96,96,1,400,38400
17 MAY 2001,93,94,93,94,2,1200,112300
16 MAY 2001,92,93,92,93,2,400,37100
15 MAY 2001,92,92,92,92,2,1600,147200
14 MAY 2001,92,92,92,92,7,7500,690000
11 MAY 2001,92,92,92,92,1,200,18400
10 MAY 2001,92,92,92,92,2,22300,2051600
4 MAY 2001,91,91.75,91,91.75,6,9000,823375
3 MAY 2001,91,91,91,91,1,100,9100
2 MAY 2001,91,91,91,91,1,100,9100
27 APR 2001,92,92,91.5,91.5,2,200,18350
26 APR 2001,92,92,92,92,1,200,18400
25 APR 2001,92.5,92.5,92.5,92.5,3,34500,3191250
24 APR 2001,90.25,92.5,90.25,92.5,4,21100,1950225
23 APR 2001,90.5,90.5,90.5,90.5,1,100,9050
20 APR 2001,92,92,92,92,6,1200,110400
18 APR 2001,93,93,92,92,4,14100,1297300
17 APR 2001,93,93,93,93,3,1200,111600
11 APR 2001,93,93,93,93,5,900,83700
10 APR 2001,93,93,93,93,1,100,9300
9 APR 2001,93.25,93.25,93,93,4,1200,111725
6 APR 2001,93,93,93,93,4,900,83700
5 APR 2001,92.5,93,92,93,5,9300,860200
4 APR 2001,92,92,92,92,3,900,82800
3 APR 2001,93.25,93.25,93,93,3,600,55925
2 APR 2001,96,96,95,95,5,1400,133200
29 MAR 2001,91,91,91,91,1,100,9100
28 MAR 2001,90,90,90,90,1,200,18000
27 MAR 2001,91.25,91.25,90,90,14,2900,262150
26 MAR 2001,92,92,92,92,3,1400,128800
23 MAR 2001,92,92,92,92,3,500,46000
22 MAR 2001,93,93,92,92,13,4000,370650
21 MAR 2001,94.75,95,94,94,8,2100,197675
19 MAR 2001,96,96,95,95,6,2600,248100
16 MAR 2001,98.5,98.5,98,98,6,2600,255800
15 MAR 2001,98.5,98.5,98.5,98.5,9,3400,334900
14 MAR 2001,96.25,98,96.25,98,7,4400,430725
13 MAR 2001,95.25,98,95.25,98,18,4100,395550
12 MAR 2001,95,95,95,95,11,2200,209000
8 MAR 2001,93.5,95.25,93.5,95.25,8,10900,1030425
7 MAR 2001,92.75,93,92.75,93,4,1700,157925
6 MAR 2001,92.75,92.75,92.75,92.75,1,200,18550
5 MAR 2001,92.5,92.5,92.5,92.5,2,500,46250
2 MAR 2001,93,93,92.5,92.5,2,600,55750
1 MAR 2001,91,92,91,92,5,12600,1158800
27 FEB 2001,91,91,91,91,3,400,36400
23 FEB 2001,90.5,90.5,90.5,90.5,1,100,9050
22 FEB 2001,91,91,90.25,91,5,1900,172200
20 FEB 2001,91,91,91,91,3,3000,273000
19 FEB 2001,90.75,90.75,90,90.25,8,5000,451500
16 FEB 2001,90.5,90.5,90.5,90.5,4,1700,153850
15 FEB 2001,90.5,90.5,90.5,90.5,7,45200,4090600
14 FEB 2001,91,91,91,91,3,900,81900
13 FEB 2001,91.5,92,91.5,92,2,2300,210650
12 FEB 2001,90.5,90.5,90.5,90.5,2,800,72400
9 FEB 2001,90,90.25,90,90,5,500,45025
8 FEB 2001,90.5,90.5,90,90,8,1900,171425
2 FEB 2001,93,93,92.5,92.5,4,400,37050
1 FEB 2001,93.5,93.5,93.5,93.5,1,100,9350
31 JAN 2001,94,94,93.5,93.5,4,700,65550
30 JAN 2001,94,94,94,94,2,2200,206800
29 JAN 2001,94,94,94,94,1,200,18800
25 JAN 2001,95,95,94,94,5,600,56900
24 JAN 2001,95,95,95,95,3,1600,152000
23 JAN 2001,95,95,94,94,3,400,37900
22 JAN 2001,95,95,95,95,8,2500,237500
19 JAN 2001,94.25,94.75,94.25,94.75,6,2100,198325
18 JAN 2001,94,94.25,94,94.25,5,1700,160100
17 JAN 2001,94.25,94.25,94.25,94.25,2,1000,94250
16 JAN 2001,94.25,94.25,94.25,94.25,2,700,65975
12 JAN 2001,94.25,94.25,94.25,94.25,3,900,84825
11 JAN 2001,94,94.25,94,94.25,6,1700,159850
10 JAN 2001,94,94,94,94,3,500,47000
5 JAN 2001,93.5,93.5,93.5,93.5,1,100,9350
4 JAN 2001,93,93.25,93,93.25,6,2100,195425
2 JAN 2001,93,93,93,93,1,100,9300
29 DEC 2000,93,93,93,93,8,2800,260400
28 DEC 2000,93.5,93.5,93,93,3,1100,102350
27 DEC 2000,96.5,96.5,96.5,96.5,1,100,9650
22 DEC 2000,95,95,95,95,1,100,9500
21 DEC 2000,92,92,92,92,2,600,55200
19 DEC 2000,92,92,92,92,9,1700,156400
18 DEC 2000,93.5,93.5,93,93.5,14,8700,813300
15 DEC 2000,98,100,93,93.5,25,8600,820100
14 DEC 2000,92,92,92,92,1,300,27600
13 DEC 2000,91,91,90.5,90.5,4,1000,90750
12 DEC 2000,89,90,89,90,8,1600,143500
7 DEC 2000,90,90,86,86,24,47000,4078225
6 DEC 2000,91,91,90,90,10,8700,784300
5 DEC 2000,90,90,90,90,1,500,45000
4 DEC 2000,88,88,88,88,4,4600,404800
1 DEC 2000,87.5,87.5,87.5,87.5,6,1700,148750
30 NOV 2000,86,87,85,87,14,6400,548275
29 NOV 2000,87,87,86,86,6,900,77900
28 NOV 2000,89,90,87,87,16,5700,504825
27 NOV 2000,94,94,89.75,90,25,6600,597225
24 NOV 2000,97,97,94,94,13,19200,1811700
23 NOV 2000,98.5,98.5,97,97,5,1500,146050
22 NOV 2000,100,100,100,100,2,200,20000
21 NOV 2000,100,100,100,100,5,1100,110000
20 NOV 2000,100,100,100,100,17,58400,5840000
17 NOV 2000,103.5,103.5,100,100,21,12100,1222550
16 NOV 2000,104.5,104.5,104,104,3,500,52100
15 NOV 2000,105,105,104,104,15,4900,513325
14 NOV 2000,105,105,105,105,4,700,73500
13 NOV 2000,103,105,103,105,7,2600,269250
10 NOV 2000,102.25,102.25,102,102,3,500,51025
9 NOV 2000,102,102,102,102,5,700,71400
8 NOV 2000,102,102,102,102,5,1200,122400
7 NOV 2000,102.75,102.75,102,102,12,3700,378450
6 NOV 2000,103,103,102.5,102.5,3,400,41050
3 NOV 2000,102.25,102.75,102.25,102.75,5,700,71750
2 NOV 2000,102.25,102.25,102.25,102.25,1,200,20450
1 NOV 2000,101.75,101.75,101.75,101.75,1,800,81400
31 OCT 2000,103.25,103.25,101.5,101.75,6,3000,305375
27 OCT 2000,107,107,104.75,105,13,18900,1999900
26 OCT 2000,107,107.25,107,107.25,2,4700,504025
25 OCT 2000,108,108,108,108,2,300,32400
24 OCT 2000,108,108.25,108,108.25,5,2100,227300
23 OCT 2000,108.25,108.25,108,108.25,5,1200,129850
19 OCT 2000,110.25,110.25,110,110,5,35000,3850150
18 OCT 2000,110,110.25,110,110.25,3,900,99125
17 OCT 2000,108,108.25,108,108,3,10600,1144925
16 OCT 2000,108,108,107,108,11,21300,2289200
13 OCT 2000,110,110,110,110,5,1500,165000
11 OCT 2000,113,113,110,110,7,11000,1212350
10 OCT 2000,114,114,114,114,4,5800,661200
9 OCT 2000,113.75,114.5,113,114,15,7800,889025
6 OCT 2000,113,113,113,113,2,3600,406800
5 OCT 2000,114,114,114,114,5,10600,1208400
4 OCT 2000,114,114,114,114,6,7800,889200
3 OCT 2000,115.5,115.5,114,114,13,52400,5978450
2 OCT 2000,115,115.5,115,115.5,4,2900,334000
29 SEP 2000,114.75,115,114.75,115,17,10400,1195850
28 SEP 2000,114,115,114,115,4,1500,171400
27 SEP 2000,113,113,113,113,8,3100,350300
26 SEP 2000,113,113,112,112,4,900,101300
25 SEP 2000,113,113,112,112,7,7700,870000
22 SEP 2000,112,113,112,113,8,42100,4716500
21 SEP 2000,110,112,110,112,2,1200,134000
19 SEP 2000,109,110,109,110,6,1400,153200
18 SEP 2000,109,109,109,109,1,100,10900
15 SEP 2000,108.75,109,108.75,109,3,1900,206700
14 SEP 2000,108.75,108.75,108.75,108.75,1,1000,108750
12 SEP 2000,109,109,109,109,5,1000,109000
8 SEP 2000,108.5,108.5,108.5,108.5,4,1400,151900
7 SEP 2000,108.5,108.5,108.5,108.5,1,500,54250
5 SEP 2000,108,108,108,108,1,3800,410400
31 AUG 2000,108.25,108.25,108.25,108.25,1,100,10825
30 AUG 2000,110,110,108,108,8,30600,3306000
29 AUG 2000,110,110,110,110,4,2200,242000
28 AUG 2000,111,111,110,110,2,300,33100
25 AUG 2000,110,111,110,111,8,4200,463500
24 AUG 2000,110,110,110,110,2,400,44000
23 AUG 2000,110,110,110,110,1,100,11000
22 AUG 2000,110,110,110,110,2,400,44000
21 AUG 2000,110,110,110,110,4,3100,341000
18 AUG 2000,110,110,110,110,19,11500,1265000
16 AUG 2000,110.25,110.5,110,110,20,30100,3314000
15 AUG 2000,112,112,110,110,11,3800,419400
11 AUG 2000,112.75,112.75,112.5,112.5,6,800,90150
10 AUG 2000,112,112.75,112,112.75,6,2300,258300
9 AUG 2000,111,111.75,111,111.75,5,3300,366925
8 AUG 2000,111,111,111,111,6,1700,188700
7 AUG 2000,112,112.5,111,111,6,1100,122800
4 AUG 2000,110.5,111,110.5,110.75,4,2000,221375
3 AUG 2000,111.25,111.25,110.5,110.5,6,3300,364850
2 AUG 2000,110.5,111.5,110.5,111.5,5,5300,586175
1 AUG 2000,110.25,110.75,110.25,110.5,4,3300,364300
31 JUL 2000,112.75,113,110,110,11,11000,1229850
28 JUL 2000,110,113,110,113,16,4500,497700
27 JUL 2000,110,110,109.5,109.5,4,800,87750
26 JUL 2000,110,110,110,110,2,1400,154000
25 JUL 2000,110,110,110,110,5,1100,121000
24 JUL 2000,109,109,109,109,3,500,54500
21 JUL 2000,106,108,106,108,3,800,85900
20 JUL 2000,109.75,109.75,106,106,10,1900,203250
19 JUL 2000,110.75,110.75,110,110,12,5800,639600
18 JUL 2000,110,110.5,110,110.5,4,800,88250
17 JUL 2000,112,113.25,110,110,20,105600,11630050
14 JUL 2000,111,111,111,111,7,3300,366300
13 JUL 2000,115.75,116,112,112,13,4500,510725
12 JUL 2000,119.5,119.5,115.5,116,17,3100,361250
11 JUL 2000,120,120,119,119,24,13800,1652700
10 JUL 2000,117,120,115,120,43,14400,1700225
7 JUL 2000,107.75,117,107.75,117,72,205100,23583725
6 JUL 2000,106,106.75,106,106.75,4,2600,275750
5 JUL 2000,105.25,107,105.25,107,9,3300,348525
4 JUL 2000,108,108,105,105,10,2500,263100
3 JUL 2000,112,112,108,108,20,8600,947350
30 JUN 2000,107,115,107,110,37,14500,1613000
29 JUN 2000,107,107,105,105,8,1500,157725
28 JUN 2000,102.5,107,102.5,107,23,8100,849950
27 JUN 2000,101.5,102.25,101,102.25,8,3400,344075
26 JUN 2000,102.25,102.25,101,101,3,400,40675
23 JUN 2000,105,105,102.25,102.25,11,4700,490275
22 JUN 2000,105,105,104,105,21,4200,440800
21 JUN 2000,100,103,100,103,19,12700,1274900
20 JUN 2000,96,99,96,99,9,3200,315400
19 JUN 2000,96,96,95,96,3,2300,219200
14 JUN 2000,93.25,93.5,93,93.5,4,2700,251375
13 JUN 2000,93,93,92.5,93,6,14100,1304550
12 JUN 2000,91.25,93,91,93,13,4000,365700
9 JUN 2000,91,91.25,91,91.25,4,900,81975
8 JUN 2000,91,91,91,91,3,1200,109200
7 JUN 2000,91,91,91,91,6,1400,127400
6 JUN 2000,92,92,91,91,8,1700,155700
5 JUN 2000,92,92,92,92,4,5400,496800
2 JUN 2000,91.25,92,91.25,92,7,2900,266050
1 JUN 2000,92,92,91.5,91.5,10,1900,174750
31 MAY 2000,92,92,92,92,1,100,9200
30 MAY 2000,92,92,92,92,4,500,46000
29 MAY 2000,92,92,92,92,3,400,36800
26 MAY 2000,92,92,91,92,15,5700,523100
25 MAY 2000,91.75,91.75,91.75,91.75,5,5000,458750
24 MAY 2000,92,92,91,91.75,12,3500,319425
23 MAY 2000,90,92.5,90,92.5,7,3500,316250
22 MAY 2000,94,94,87,90,24,7300,659100
19 MAY 2000,85,93.75,85,92.5,27,11300,1021950
16 MAY 2000,84.5,85,84.25,85,42,13300,1127950
15 MAY 2000,84.5,84.5,81,81.25,19,14900,1215975
12 MAY 2000,81.5,81.5,80,80,15,13100,1048950
11 MAY 2000,85,85,81.25,81.25,11,2900,244600
10 MAY 2000,76.25,89,76,85,26,88000,7489000
9 MAY 2000,70.5,76,70.25,76,21,83100,5902525
8 MAY 2000,79,79,70.5,70.5,37,13200,974175
5 MAY 2000,80,80,79,80,32,13300,1063425
4 MAY 2000,85,85,82,82,15,10900,922400
3 MAY 2000,90,90,85,85,26,8600,750550
2 MAY 2000,95,95,90,90,25,14400,1306950
28 APR 2000,97,97,95.5,95.5,4,1500,144800
27 APR 2000,98,98,98,98,2,1100,107800
26 APR 2000,99,99,98.5,98.5,3,17300,1704500
25 APR 2000,100,100,99,99,3,31500,3119000
24 APR 2000,100,100,100,100,1,1000,100000
20 APR 2000,102,102,100,100,27,39400,3965325
19 APR 2000,102,102,102,102,2,200,20400
10 APR 2000,101.5,102,101.25,102,7,3000,305275
7 APR 2000,100.5,104,100.5,101,11,2600,264200
5 APR 2000,100,102,100,100.5,8,3800,382200
4 APR 2000,100,100.25,100,100,16,3500,350100
3 APR 2000,102,102,100,100,10,2800,280450
31 MAR 2000,104,104,102,102,6,25500,2602000
30 MAR 2000,104,104,104,104,3,400,41600
29 MAR 2000,106.5,106.5,105,105,7,1300,137050
28 MAR 2000,106.5,106.5,106.5,106.5,1,100,10650
27 MAR 2000,106.25,106.25,106.25,106.25,2,600,63750
24 MAR 2000,106.25,107,106.25,107,8,2700,288700
23 MAR 2000,107,107,106.25,106.25,6,1300,138575
22 MAR 2000,106,106,106,106,1,100,10600
21 MAR 2000,105.25,105.25,105.25,105.25,8,2200,231550
20 MAR 2000,106.5,106.5,106.5,106.5,1,100,10650
17 MAR 2000,106,106,106,106,1,100,10600
16 MAR 2000,106,106,106,106,3,400,42400
15 MAR 2000,101,105,101,105,2,800,83200
14 MAR 2000,103,103,101,101,4,600,61100
13 MAR 2000,104,104,102,102,6,3500,360750
10 MAR 2000,105,105,105,105,1,200,21000
9 MAR 2000,105,106,105,105,14,3000,315400
8 MAR 2000,105,105,105,105,3,400,42000
7 MAR 2000,105.5,105.5,105.5,105.5,1,200,21100
6 MAR 2000,105.5,105.75,105,105,14,10900,1147650
3 MAR 2000,105.25,105.75,105.25,105.25,8,11700,1233050
2 MAR 2000,105.25,105.25,105.25,105.25,6,2600,273650
1 MAR 2000,109,109,105,105,15,39000,4147900
29 FEB 2000,111,111,109,109,13,2600,286700
28 FEB 2000,114,114,110.5,110.5,5,800,88750
25 FEB 2000,110.5,115,110.5,115,4,1000,111850
24 FEB 2000,111,111,110.75,111,3,1400,155175
23 FEB 2000,113,113,110.25,112,7,3500,390250
22 FEB 2000,114,114,113,113,5,1100,125000
21 FEB 2000,115.25,115.25,114,114,5,2100,240825
18 FEB 2000,116,116,115.25,115.25,8,2500,289025
17 FEB 2000,115,116,115,116,10,62600,7259800
16 FEB 2000,115,116,115,116,20,144500,16761200
15 FEB 2000,114,115,114,114.75,9,5000,573200
14 FEB 2000,111.5,114,111.5,114,6,1200,135350
11 FEB 2000,111.5,112,111.5,112,4,500,55900
10 FEB 2000,111.75,112,111.25,111.5,13,6400,713425
9 FEB 2000,111.5,111.5,111.5,111.5,1,500,55750
8 FEB 2000,113.5,113.5,111,111,4,1500,169200
7 FEB 2000,115,115,113,113,6,6700,762800
3 FEB 2000,114,116,114,116,49,130500,15120725
2 FEB 2000,114,114,111,113.75,12,4100,465600
1 FEB 2000,113,113,113,113,1,100,11300
31 JAN 2000,110.75,111,110.75,110.75,8,1600,177475
28 JAN 2000,111,112,111,111,10,9000,999100
27 JAN 2000,111,111,111,111,6,5400,599400
26 JAN 2000,110,111,110,110,6,800,88100
25 JAN 2000,110,110,109.25,110,13,8300,912325
24 JAN 2000,110,110,108.25,109.25,10,5100,557125
18 JAN 2000,108,108,108,108,7,3700,399600
17 JAN 2000,106.25,108,106.25,108,3,300,32050
14 JAN 2000,107.5,108,107,108,6,1400,150700
13 JAN 2000,108,108,108,108,16,6500,702000
12 JAN 2000,103.5,108,103.5,107.75,12,14600,1526075
11 JAN 2000,107,107,101,101,18,12000,1227800
10 JAN 2000,109,109,108,109,10,5100,555600
6 JAN 2000,112,113.75,108,112,16,6400,701475
5 JAN 2000,114.25,114.25,114,114,13,28500,3249550
4 JAN 2000,116,116.75,115,116.75,22,29100,3371825
3 JAN 2000,115,116.5,115,116.5,6,1700,196350