Date,Open,High (Rs.),Low (Rs.),Close (Rs.),Trade Volume,Share Volume,Turnover (Rs.)
8 MAY 2026,149.5,150,149,149.75,495,208678,31198603.5
7 MAY 2026,149,149.75,149,149.5,484,175209,26177876
6 MAY 2026,149,149.25,148.25,148.75,559,243194,36180293
5 MAY 2026,149.5,149.5,148.5,148.75,644,319207,47535932.25
4 MAY 2026,149,149.75,148.75,149.5,438,220823,32980316.75
30 APR 2026,149,149.25,148,148.75,680,140667,20889678.75
29 APR 2026,149,149.5,148.5,149,456,139069,20732792.25
28 APR 2026,149,149.75,148.25,148.75,528,133199,19839291.5
27 APR 2026,149,149.75,148.25,149,556,238133,35510768.75
24 APR 2026,149,149,147.75,148,729,219562,32549171
23 APR 2026,149,149.5,147.5,148.25,960,302338,44863604.75
22 APR 2026,149.5,149.5,148.5,149,594,227063,33820615
21 APR 2026,148.75,150,148.75,149,589,130303,19450104
20 APR 2026,150,150.25,148.75,149,854,371031,55456615.25
17 APR 2026,150,150.25,149,150,1159,668816,100153042
16 APR 2026,150,150,149.5,150,718,1128575,169248508.75
15 APR 2026,149,150,148.75,149.75,683,168940,25261896.5
10 APR 2026,149,149.5,148.25,148.75,863,275999,41095634.5
9 APR 2026,149.5,149.75,148,149,658,188705,28045373.5
8 APR 2026,149.5,150.75,148.5,149.25,1107,838849,125331389.25
7 APR 2026,147.75,147.75,146,146.25,497,155861,22824235.5
6 APR 2026,146.5,147.25,143.25,146,1765,913924,132602158.25
2 APR 2026,147,147.5,145.25,146.5,1010,364846,53428423
31 MAR 2026,148,148,144,145.25,3746,1495011,218479776.25
30 MAR 2026,156.5,156.5,154,155.5,1298,2012543,312544594
27 MAR 2026,157,158.25,155.75,156.25,728,553158,86608804.25
26 MAR 2026,158,159,155,156.5,738,342375,53689604
25 MAR 2026,157.25,160.25,157.25,158,967,956045,151539728
24 MAR 2026,153,158.5,153,155.75,879,1032046,161005992.25
23 MAR 2026,150,152.25,147,151.25,854,537146,80926485.25
20 MAR 2026,146.25,152.25,146,151.5,763,459547,68585968
19 MAR 2026,149,149.5,146,146.75,1618,1083525,159481575.5
18 MAR 2026,149.5,150,147,148.5,1741,771247,114157808.5
17 MAR 2026,150,152.5,149,149.25,1574,1140198,171164726.5
16 MAR 2026,150.25,153,149.5,150.75,2048,1256960,189247507
13 MAR 2026,154,154.5,151.25,153,1198,591711,90215321.25
12 MAR 2026,155.75,155.75,153.75,154.25,896,1077148,166644482.75
11 MAR 2026,155.25,157.75,155,156,583,639085,99702134.25
10 MAR 2026,150.5,156,150.5,155.25,1054,622245,95925178.75
9 MAR 2026,150,155,149.75,150.25,3713,3836058,576621525.25
6 MAR 2026,158,158,155,155.5,1281,718213,111767216.75
5 MAR 2026,158,159.5,156.75,156.75,1155,789167,124395926
4 MAR 2026,153.75,159.5,153.25,157,1446,831835,130780886.75
3 MAR 2026,153,157.75,150,154,3625,2116043,326960169.75
27 FEB 2026,160.5,161,160,160.75,926,2506248,402978654
26 FEB 2026,160.75,161.5,160.5,160.5,768,1740591,279446194
25 FEB 2026,162,162,160.25,160.75,1040,812753,130680884
24 FEB 2026,163,163.25,161.5,162,808,518483,84010615.75
23 FEB 2026,164,165,162.5,163,1104,506226,82684090.5
20 FEB 2026,165,167,160.25,163.25,2993,1885324,306453772
19 FEB 2026,165,166,161.75,162.25,1060,489650,80220020.75
18 FEB 2026,159.5,165,159.25,164,926,1615618,261653419.75
17 FEB 2026,160,160.25,159,159.5,637,709747,113323086.5
16 FEB 2026,156,161.75,155.75,160,1155,1802482,284000981.75
13 FEB 2026,156,156,155,155.75,586,2859717,445804861.25
12 FEB 2026,156,156,155.5,156,475,668885,104281388.5
11 FEB 2026,155.75,156,155.5,156,361,383302,59734127.25
10 FEB 2026,156,156,155.5,155.75,513,415732,64802514
9 FEB 2026,156,156,155.5,156,634,751943,117267145.5
6 FEB 2026,156,156,155.25,156,476,1223197,190721357
5 FEB 2026,155,156,155,155.75,435,1051012,163853898.75
3 FEB 2026,155,155,154.25,154.5,650,826601,127847335
2 FEB 2026,155.5,156,154.75,155,537,224742,34850628.25
30 JAN 2026,155.75,156,155,155.25,607,1165542,180899305.5
29 JAN 2026,155,156,155,155.25,427,1680599,260811003
28 JAN 2026,155.75,156,155,155,643,1012723,157456445.25
27 JAN 2026,156,156.5,154.75,155.75,593,611044,95255168.5
26 JAN 2026,156.75,157,155,155.75,884,507560,79149118
23 JAN 2026,157,157,156.5,156.75,699,707677,111041893.5
22 JAN 2026,157,157.25,156.5,157,492,425590,66795446.25
21 JAN 2026,155.75,157.25,155,157,627,1058653,165830447.75
20 JAN 2026,155.5,155.5,154.25,155.25,497,498005,77168720.25
19 JAN 2026,156,156,154.25,155,957,452875,70325211.5
16 JAN 2026,155.75,156.25,155.25,155.75,741,1002610,155984224.5
14 JAN 2026,156,156,154.5,155.25,748,2674340,416102408.25
13 JAN 2026,154,156,153.5,155,675,892074,137875230
12 JAN 2026,154.75,155,153,154,1008,934661,144147601
9 JAN 2026,155,155.5,154.25,154.75,794,3390841,525054580.5
8 JAN 2026,155,156.5,152.5,154,1199,903158,139342298
6 JAN 2026,149.5,152,148.75,151.25,887,2345854,353585805.25
5 JAN 2026,147.5,149.5,147.5,148.5,746,749617,111364891.25
2 JAN 2026,147,148,147,147.5,683,567023,83709334.75
31 DEC 2025,146,147,145.75,146.5,771,647508,94731361
30 DEC 2025,144,146,143.75,145,557,473825,68647095.75
29 DEC 2025,N/A,144.25,N/A,143.5,600,498322,70688341.75
26 DEC 2025,143.25,143.75,142,143.25,525,302134,43230121.5
24 DEC 2025,142,143,141.75,142.75,328,341264,48519702.75
23 DEC 2025,143,143,140.75,141.75,432,640914,90948678
22 DEC 2025,142.5,143.75,140.75,141,700,487595,69161244.5
19 DEC 2025,142.5,142.75,141.5,142,375,203900,28938677.5
18 DEC 2025,143,143,141.5,142,325,116111,16499036.25
17 DEC 2025,143.75,143.75,141,142,480,227534,32440534
16 DEC 2025,140.75,142.5,140,142.25,501,285598,40396204.5
15 DEC 2025,141.5,144,140.25,140.75,654,211968,29941534.5
12 DEC 2025,142.75,142.75,140.5,141.25,688,355274,50172972.75
11 DEC 2025,143.5,143.5,141,141.75,932,481349,68368191.75
10 DEC 2025,141.75,146.5,141.75,143,859,600920,86800118.5
9 DEC 2025,138.25,141.5,137.5,140.5,953,540983,75597895.5
8 DEC 2025,138,140,137.75,138.25,1372,746190,103848126.5
5 DEC 2025,140,143,136.75,137.25,2414,1096659,151468899.5
3 DEC 2025,144.5,144.5,140,141,1259,474152,66983159
2 DEC 2025,140,145.75,139.75,143,1093,591342,84548552.5
1 DEC 2025,141.75,142.5,135,140,3007,1768025,249688070.5
28 NOV 2025,145.5,146.5,144,145.75,728,421043,61081670
27 NOV 2025,147.5,148,145.5,146,787,265491,38822244.75
26 NOV 2025,147.75,148.5,145.75,147.5,712,652576,96099758.5
25 NOV 2025,146.25,148,146,147.5,549,774515,114149881.75
24 NOV 2025,149,149,146,146.75,891,896897,132031108
21 NOV 2025,148,150,148,148.75,499,385820,57457835.25
20 NOV 2025,147,149,146.5,148.75,469,493681,73264920
19 NOV 2025,146.5,147,146,146.5,845,853086,124929073.5
18 NOV 2025,147,147.5,146.25,146.5,973,688146,101028203.25
17 NOV 2025,148,148,146.5,146.75,1003,705119,103639137.25
14 NOV 2025,150.25,150.5,147,148,1976,1273730,188787440.25
13 NOV 2025,154.25,154.5,149.5,150.25,1608,1286119,193780239.5
12 NOV 2025,156,156.5,154.75,155.5,540,451702,70211732.75
11 NOV 2025,156,156.75,154.75,155,731,1152202,179599390.75
10 NOV 2025,152,156.5,152,155.75,1202,1246828,192265051.25
7 NOV 2025,149,152,148.5,150,844,2009371,301311004.75
6 NOV 2025,147,149,146.75,148,459,494966,73081376
4 NOV 2025,147,147,146,146.5,502,382155,55969341.5
3 NOV 2025,147.5,148,146.5,147,399,325549,47833760.75
31 OCT 2025,147,147,146.25,147,254,173489,25481127.5
30 OCT 2025,147.25,148,146.5,147,362,514634,75636067.75
29 OCT 2025,147,148,145.75,146.75,349,1170323,171762973.5
28 OCT 2025,148,148.5,144,146,1054,473709,69160827.25
27 OCT 2025,149.5,149.5,147.5,148,541,347467,51457447.25
24 OCT 2025,149,150,148,148.25,581,311413,46387202.75
23 OCT 2025,149.5,150,149,149.5,378,828340,124105819.25
22 OCT 2025,149,150,148.5,149.5,527,761877,114032107
21 OCT 2025,148.75,149.25,148,148.5,579,438625,65242423
17 OCT 2025,147.75,149.25,147.75,148.5,445,495649,73602009.75
16 OCT 2025,146.5,148.5,146.5,147.75,410,358909,53082820.5
15 OCT 2025,148.5,149,145,146.25,651,400711,59025598.25
14 OCT 2025,149.25,149.5,148,148.25,523,169349,25209068
13 OCT 2025,149.75,150,149,149.5,502,810948,121565252
10 OCT 2025,149,150,148.5,149.75,457,654601,97631664
9 OCT 2025,148,149.5,148,149,436,516142,76761013
8 OCT 2025,150,150,147.75,148.25,620,461277,68746324.5
7 OCT 2025,148.25,150,147.75,149.75,752,1452941,217397314.5
3 OCT 2025,146.5,149,146.25,148.25,506,336118,49678200
2 OCT 2025,146,146.75,145.5,146,328,409221,59772245.25
1 OCT 2025,146,146.25,145,146,332,290185,42362057
30 SEP 2025,144.75,146,144,145.25,346,330022,47837835.25
29 SEP 2025,145.75,146,144,144.75,587,304191,44097605.75
26 SEP 2025,146.5,146.75,145,145.75,580,369797,53991286.75
25 SEP 2025,142.5,146.5,142,146.25,721,782939,113253503.25
24 SEP 2025,141.5,143,141.25,142,328,303350,43074943.5
23 SEP 2025,141.25,142,140.5,141,598,1117560,157545031.25
22 SEP 2025,141.75,144.75,140.75,141,710,844642,119564850.5
19 SEP 2025,141,142,140.5,141,508,595398,83996951.5
18 SEP 2025,140,141,140,140.75,614,1127444,158073652.25
17 SEP 2025,140,141,139.5,140,638,598837,83841489
16 SEP 2025,137,140,137,139.75,689,818966,114337553.5
15 SEP 2025,140,140,136.5,137,1300,825489,114547360.25
12 SEP 2025,140,142,139.75,140,884,2756411,386046094.5
11 SEP 2025,141.5,142,140.25,140.75,612,1748123,245254472.5
10 SEP 2025,141.25,142,140,140.75,1040,1605382,225751660
9 SEP 2025,143.5,143.5,141.25,142,753,808995,115010464.75
8 SEP 2025,144.75,144.75,141.5,143.5,644,502229,71893433.5
4 SEP 2025,144.25,145.5,144,144.5,358,145257,20974198.75
3 SEP 2025,145.5,145.5,144,144.25,484,234215,33833849
2 SEP 2025,146,146.25,144,144.5,642,312380,45350046.5
1 SEP 2025,146.75,146.75,145.25,145.75,644,458305,66898583
29 AUG 2025,147,147.5,146,146.25,443,245859,36058709.25
28 AUG 2025,147,147.5,145.5,146,460,267055,39155207
27 AUG 2025,147,147.75,146.75,147,540,507209,74664514.5
26 AUG 2025,145.75,147,145,146.75,722,2253448,330106664
25 AUG 2025,144.75,147,144.25,145.75,630,1227649,178560668.25
22 AUG 2025,146.75,147,145.25,145.75,548,1710799,248761388.75
21 AUG 2025,147,147,145,146,764,3854375,561364053.75
20 AUG 2025,145.75,151,145.75,147,1288,2147835,319602561.25
19 AUG 2025,144,145.5,143,145,1018,7438252,1065776951
18 AUG 2025,142.5,143.25,141.5,142.75,992,1488480,211792996.75
15 AUG 2025,141,144,140,142.5,850,2044273,287622893
14 AUG 2025,143,143,140,140.25,1209,2468962,346896079
13 AUG 2025,143.75,145,142.5,143,534,309194,44366016.25
12 AUG 2025,144.25,145,143.25,144.75,416,280156,40364869
11 AUG 2025,144.25,145,143.5,144.25,397,384980,55572241.5
7 AUG 2025,144,144.75,143.5,144.25,324,181705,26202602.75
6 AUG 2025,145,145.25,143.75,144,408,292056,42187969
5 AUG 2025,145,145.5,143,144.75,502,542452,78388348.75
4 AUG 2025,143.75,147,143.5,144.5,1024,1003783,145906805
1 AUG 2025,141.75,143.75,141.5,143.5,830,1035068,147768230.25
31 JUL 2025,141,141.75,140,141.25,603,1522860,213673447.75
30 JUL 2025,141,141.75,140.25,141.25,424,354813,50088441
29 JUL 2025,140.75,141.25,140,140.5,416,284121,39968027.5
28 JUL 2025,141,142,140.25,140.75,568,628828,88782418.25
25 JUL 2025,141,141.25,140,141,542,342942,48294895.5
24 JUL 2025,140.75,141.75,140,141,570,762829,107586622.25
23 JUL 2025,140,141.5,139.75,140.5,741,809582,113744757
22 JUL 2025,139.5,140,138.75,139.5,465,753137,104943708.75
21 JUL 2025,139,140,138.5,139.25,543,462859,64482271.25
18 JUL 2025,138.5,140,138.5,139.5,447,754459,105321622.25
17 JUL 2025,139.75,139.75,136.25,138.5,752,610461,84226948.25
16 JUL 2025,138.75,140,138.75,139.5,956,2336532,326585064.25
15 JUL 2025,137.75,140,136.25,138.25,1531,2628398,364400580.5
14 JUL 2025,132,138,132,137.5,1610,4837353,659301178.5
11 JUL 2025,126.5,132.25,126,132,1349,2823359,368038009.75
9 JUL 2025,126,127,125.75,126.75,443,738771,93514468.5
8 JUL 2025,125,126.25,125,126,570,13621105,1703115116.5
7 JUL 2025,126,126.25,124.5,125.75,494,2242514,281127161
4 JUL 2025,126.25,127,124.75,126,532,1121003,141062750
3 JUL 2025,126.75,127.25,125.75,126,465,1039709,131260215
2 JUL 2025,125.5,128,125.5,126.75,502,758281,96213160.25
1 JUL 2025,126.75,126.75,124.75,126,632,1660787,209298319
30 JUN 2025,124.25,126.75,123.5,126.5,875,1949631,245203102.5
27 JUN 2025,123.5,124.75,123,124.25,708,1022520,126917201
26 JUN 2025,122,123.5,121,122.75,605,1625527,199033736.5
25 JUN 2025,121.25,122.5,120.75,121.5,602,1489115,181453740.75
24 JUN 2025,119,122,119,120.75,722,1605811,193914186.75
23 JUN 2025,119,119.5,117.75,118,1073,1408441,166549598.5
20 JUN 2025,119,121.5,119,121.25,475,847127,101818545.75
19 JUN 2025,120,120,118.5,119,627,1377618,164162191.5
18 JUN 2025,121,122.25,N/A,120,650,2299791,276057806
17 JUN 2025,120,122.5,120,121.75,800,4418120,538646543.5
16 JUN 2025,118,120.75,117.75,120,694,1114454,133056234.75
13 JUN 2025,120,121,118.5,120,954,1795607,214859808
12 JUN 2025,121.5,122.5,120.25,122,619,2522690,306528904.25
11 JUN 2025,120,121.25,119,121,665,1464372,176591201.75
9 JUN 2025,119.25,120,118.75,119.75,317,459698,55071404.75
6 JUN 2025,121.25,121.75,119,119,526,725412,87082515.5
5 JUN 2025,119.5,121.5,118.25,121,673,1175327,141250447.75
4 JUN 2025,121,121,118.25,119.75,710,1054296,126682617.5
3 JUN 2025,118,121,117.75,120.5,1077,2755252,327651961.75
2 JUN 2025,115.25,118.5,115,117.75,751,1344267,157641594
30 MAY 2025,114.25,115.75,113.75,115,799,2038782,233608660.5
29 MAY 2025,114.25,114.75,113.25,114.25,519,13771791,1582636745
28 MAY 2025,114,114,112.75,113.75,446,1213447,137930345.75
27 MAY 2025,112.25,114.25,111.5,112.75,615,1204092,135911933.5
26 MAY 2025,113,113,111.25,111.75,717,627877,70213130
23 MAY 2025,113,113.5,112,112.5,413,607236,68377180.5
22 MAY 2025,114,114,112,112.5,665,362806,41043966.5
21 MAY 2025,114.25,114.25,113.5,113.5,286,203910,23160250.5
20 MAY 2025,114.5,115,113.5,113.75,397,571130,65218027
19 MAY 2025,115,115,114,114.5,545,767952,88088201.75
16 MAY 2025,114.25,115,114,114.25,694,1091350,124858708
15 MAY 2025,111.75,114,111.75,113.5,840,1673761,189244528.25
14 MAY 2025,110,111.5,109.75,111,478,680813,75313158
9 MAY 2025,109.5,110,109,109.5,281,230010,25227727
8 MAY 2025,109.5,110,109,109.5,235,118934,13013563
7 MAY 2025,109.5,110,108.75,109,600,1087511,118658597.75
6 MAY 2025,109.75,110,109.25,110,278,187342,20577083.75
5 MAY 2025,108.75,109.5,108.25,109.5,383,845195,91977384.25
2 MAY 2025,108.5,109.75,108.25,108.5,623,417007,45337537.5
30 APR 2025,110,111,N/A,108.75,890,860535,93418181.5
29 APR 2025,111,111.5,109.75,110,861,1290437,142081231.5
28 APR 2025,N/A,112,N/A,110.5,643,562086,62280315.75
25 APR 2025,111,111.5,110.5,110.75,444,370280,41073996.25
24 APR 2025,111,111,110.5,111,278,164328,18216043
23 APR 2025,111.5,111.5,110.5,110.75,313,134393,14909623.5
22 APR 2025,111,111.5,110.5,110.75,413,346467,38383954
21 APR 2025,112,113,110.5,111,594,1061551,118026764.5
17 APR 2025,112,112,110.5,110.75,672,745764,82725354.5
16 APR 2025,111.75,113.5,111.5,112,441,172162,19368894
11 APR 2025,113,113.5,109.25,111.25,811,1798068,199573217
10 APR 2025,110.5,115,110.25,112.75,1801,9969427,1127707172.25
9 APR 2025,107,107,103.5,104,1328,1231529,128571115
8 APR 2025,102.75,108.5,102.75,107.25,1725,2837712,302738096.5
7 APR 2025,109,109,99.9,102.75,3057,6189461,625514374.5
4 APR 2025,113,113,107.75,109.25,2036,4347216,476594618.25
3 APR 2025,115,115,112.5,113.25,1425,1554052,176530385
2 APR 2025,115.5,116,115,115.5,806,754415,87095795
1 APR 2025,116,116.25,113,115.5,1848,1538397,177208247.5
28 MAR 2025,122,123,121.25,122.5,900,1502652,183408898.75
27 MAR 2025,121.75,122.25,121.25,122,541,925056,112645925
26 MAR 2025,122,122.75,120.75,121.25,500,806650,97859500.25
25 MAR 2025,121.75,122,121.5,121.75,416,10109584,1214128615.25
24 MAR 2025,122.25,123,121,121.75,603,693779,84797890
21 MAR 2025,120.75,122.5,120.75,122,489,799274,97459019.25
20 MAR 2025,118.5,121,118.5,120.75,428,562435,67775743.5
19 MAR 2025,118,119.5,117.5,118.75,338,260168,30877559.75
18 MAR 2025,118.5,119,117.25,117.75,765,1160616,137206897
17 MAR 2025,121,122,118.5,118.75,778,964074,114632145.5
14 MAR 2025,120,122,120,120.75,402,424489,51375293.25
12 MAR 2025,118.75,121.25,117.75,120,608,1823854,217080116.5
11 MAR 2025,120,120,118,118.5,816,850173,100842832
10 MAR 2025,121.75,121.75,119.75,120,508,461635,55556358.25
7 MAR 2025,N/A,122,N/A,120.5,505,876264,105633618.75
6 MAR 2025,122,122.75,121,121.75,424,690391,84274456.5
5 MAR 2025,118.75,122.25,118.75,122,570,1310014,158545676.25
4 MAR 2025,120.25,120.5,117.25,118.5,1109,989668,117738076
3 MAR 2025,123,123.75,120.25,120.75,608,525673,64013245.75
28 FEB 2025,121,123,120.75,122.5,597,2476457,302835642.25
27 FEB 2025,120.5,122,120.5,121,602,581666,70315283
25 FEB 2025,122,122,120,120.5,907,1242084,150050758
24 FEB 2025,122.5,122.75,121,121.75,740,2059003,250994369.75
21 FEB 2025,122,124,121.5,122.25,772,5897055,720830953.75
20 FEB 2025,123.25,123.25,120,121.5,1267,2260550,275483208.25
19 FEB 2025,125,126,122.5,123,1231,1220179,150916873
18 FEB 2025,126.5,128,123.75,124.5,2414,4639814,581161382.5
17 FEB 2025,122,124.5,121.5,123.5,848,1426762,175767030.75
14 FEB 2025,N/A,121.75,N/A,121.25,771,1136424,136388829.75
13 FEB 2025,117,120,117,119.5,615,799150,95146284.75
11 FEB 2025,119,119.75,116.5,117,703,920676,108089393.25
10 FEB 2025,118.5,119.75,117.75,119,464,506769,60159836.25
7 FEB 2025,117,118.5,116.25,117.5,551,569636,66902862.25
6 FEB 2025,115,118,N/A,116.5,913,1068206,124219032
5 FEB 2025,118.5,119,114.75,115,1471,1164635,135305038.75
3 FEB 2025,119.5,121,118.25,118.75,724,620472,73945433.5
31 JAN 2025,120.75,121.5,119,119.5,523,1016885,122167426
30 JAN 2025,119.75,120.5,118.75,120,587,1279402,152615285.25
29 JAN 2025,122,122,118.5,119.25,1354,2563188,307574122.75
28 JAN 2025,122,122.5,121,121.25,838,990361,120261351.25
27 JAN 2025,122,123,121.5,122,694,895710,109462379
24 JAN 2025,124,124,121,122.25,1022,1400338,171197551.25
23 JAN 2025,124.5,125,121.25,123.5,898,1321176,163497209.75
22 JAN 2025,123.25,125,123.25,124.5,1274,3230428,401251462
21 JAN 2025,119,122,118.25,122,1167,2948823,354047429.75
20 JAN 2025,118.75,119.25,117.75,118.5,481,574410,67876994
17 JAN 2025,118.25,119.25,117.5,118,568,1079126,127709127
16 JAN 2025,118.5,119,117.5,118,622,1170041,138737236.25
15 JAN 2025,114,118.25,114,117.75,830,1485317,173002566.25
10 JAN 2025,112.5,115.5,112,114.25,658,1666175,189406105.25
9 JAN 2025,115.75,116,113,113.5,621,1090323,124514480.25
8 JAN 2025,114,116.5,113.5,115.5,591,1655021,190442627.25
7 JAN 2025,113.75,115,110,114,1134,1621887,183192527.5
6 JAN 2025,119,119.75,110.25,114,2241,2892636,329890804.5
3 JAN 2025,122,123.5,114.5,117.25,1674,2920914,350374459.75
2 JAN 2025,119.25,123.25,119,121.75,1289,2295970,278037239
31 DEC 2024,117.5,119,116,118.25,960,2276245,269129766.25
30 DEC 2024,114,118.75,114,117.5,1307,2660830,310023037.5
27 DEC 2024,112.75,113.25,111,113,798,2299442,258902767.75
26 DEC 2024,111.25,113.25,109.5,112.75,775,2461648,274284479.25
24 DEC 2024,110,111.75,109,111,686,2354486,260762818.25
23 DEC 2024,108,111,N/A,109.5,901,3796063,414909290.25
20 DEC 2024,107,108,106.5,107.5,551,1659201,178393926.5
19 DEC 2024,108,108,106.5,107,618,1212333,129960170.75
18 DEC 2024,107.5,108.25,106.5,107.75,679,1272837,136858850.5
17 DEC 2024,109,109.5,106.25,107.75,1076,1857814,200396091.5
16 DEC 2024,107,110,106.75,108.75,1146,4056117,442205613.5
13 DEC 2024,104.75,106.5,104.5,106.25,803,1978181,209556199.25
12 DEC 2024,103,105.5,103,105,747,2538153,265826267.5
11 DEC 2024,100.75,103.5,100.5,102.75,630,2022609,206431240.75
10 DEC 2024,100.75,101,100,100.75,415,1319171,132381574.25
9 DEC 2024,101,101.25,100.25,100.75,463,952745,96088168.5
6 DEC 2024,101,101.75,100.5,101,440,678452,68545029.75
5 DEC 2024,100,102.75,99.8,101,1179,3129046,315362033.85
4 DEC 2024,97.5,100,97.4,99.8,890,3434198,340153011.5
3 DEC 2024,97.5,98,96.7,97.6,540,609423,59283856.3
2 DEC 2024,98,98,96.6,97.5,398,600306,58573595.1
29 NOV 2024,98.6,98.8,97.6,98.2,508,1479626,145156685.8
28 NOV 2024,97,99.8,97,97.8,1137,19809743,1975734487.5
27 NOV 2024,93,95.8,93,95.3,684,3461738,327054019.1
26 NOV 2024,91.5,93.9,91.5,93,399,1414376,131588020.1
25 NOV 2024,94.3,94.4,91.5,92,776,2570985,236132223.5
22 NOV 2024,94,95.1,94,94.1,475,1058613,100190550.4
21 NOV 2024,94.5,96,92.8,93.7,843,3879612,366665895.4
20 NOV 2024,95,95.1,94.6,94.7,514,1323078,125612382.9
19 NOV 2024,96.9,97.9,94.6,95,759,2376571,226278292
18 NOV 2024,98.5,99.9,96.5,96.8,1346,6510224,639374843.3
14 NOV 2024,94,97.3,94,96.1,1092,4674406,448010997.8
13 NOV 2024,90,93.4,90,92.5,1349,4211439,384754314
12 NOV 2024,89.3,89.9,89,89.5,520,1567139,140267942.4
11 NOV 2024,89,89.6,88.5,89.1,392,679798,60531738.4
8 NOV 2024,88.5,89.7,88.4,89,348,881554,78517521.7
7 NOV 2024,89.4,89.4,88.2,88.5,384,869965,77147888.2
6 NOV 2024,89.9,90,88.3,89.5,527,651222,58004032.6
5 NOV 2024,89.5,90,89,89.9,686,2641770,237432804.9
4 NOV 2024,87.9,90,87.9,89.4,723,3944675,349667262.2
1 NOV 2024,87.7,88.1,86,87.9,570,1112866,97594784.8
30 OCT 2024,88.4,89.4,87,87.5,954,2781606,246839443.2
29 OCT 2024,86,88.4,86,88.1,899,3569685,311477469.6
28 OCT 2024,85,86.3,85,86,506,3880292,333157093.4
25 OCT 2024,85.5,86.2,84.8,85,825,12133525,1032708529.4
24 OCT 2024,84.5,85.8,84.5,85.5,923,10173142,865587677.5
23 OCT 2024,83.2,84.3,83.2,84,857,4836616,405976094.5
22 OCT 2024,82.9,83.1,82,82.9,386,1475597,121857005.8
21 OCT 2024,82,82.9,81.5,82.5,391,577451,47528781.3
18 OCT 2024,82.1,82.3,81.3,81.5,300,353536,28835895.1
16 OCT 2024,81.5,82.4,81.5,82.1,279,329184,27002526.6
15 OCT 2024,82.5,82.5,81,82.2,408,665491,54235938.1
14 OCT 2024,82.8,82.9,82,82.1,398,355423,29234999.1
11 OCT 2024,81.9,82.9,81.9,82.8,463,809924,66901350.2
10 OCT 2024,81.4,82,80.6,81.7,380,806629,65209573.1
9 OCT 2024,82.6,82.6,80.5,81.4,507,1300010,106142809
8 OCT 2024,83,83.2,81.8,82.2,582,729119,60134225
7 OCT 2024,81.5,83.7,81.5,83,1263,4250966,352084352.7
4 OCT 2024,N/A,81.9,N/A,81.3,888,14987128,1199598486.2
3 OCT 2024,79.8,79.9,78.8,79,359,1649929,130424250
2 OCT 2024,79,80.5,78.4,79.8,854,5165210,412098668.1
1 OCT 2024,77.5,79.4,77.1,78.5,827,7546431,589294260.3
30 SEP 2024,78,78,77.2,77.7,377,841569,65486295.2
27 SEP 2024,78,78,75.9,77,466,1307193,100165678.5
26 SEP 2024,77.7,80,77,78,803,3256544,256137745.4
25 SEP 2024,75.4,77.7,75.4,77.4,811,4105235,314280538.5
24 SEP 2024,74,75,74,75,638,1221776,91533855.2
23 SEP 2024,72.6,75,N/A,74,433,988394,72552192.1
20 SEP 2024,72.5,73.5,72.3,72.6,435,1004937,72978862
19 SEP 2024,73,73,71.9,72.2,417,973490,70635839
18 SEP 2024,70.1,73,70.1,72.3,393,852035,61231135.6
13 SEP 2024,68,70.5,68,70.1,212,288488,19926306.9
12 SEP 2024,68.5,69,67.9,68,356,224215,15316494
11 SEP 2024,69.1,69.5,67.9,68.1,285,270363,18394105.7
10 SEP 2024,68.7,70,67.7,68,448,231692,15777728.6
9 SEP 2024,69.7,70,68.6,68.9,361,182756,12620737
6 SEP 2024,70,70.5,69.7,69.9,173,201214,14076474.5
5 SEP 2024,70,71,69.8,70,297,977329,68665614.1
4 SEP 2024,68.2,70,68,69.6,346,1110246,77156487.5
3 SEP 2024,68.7,68.8,67.1,67.9,437,581546,39517699.5
2 SEP 2024,69.7,70.9,68.5,69,457,335623,23301463
30 AUG 2024,71,71.2,69.3,70.2,543,1386134,96594757.7
29 AUG 2024,73.2,73.5,N/A,69.6,442,6800829,472869601.3
28 AUG 2024,74.4,74.5,72,72.6,395,156092,11452655.4
27 AUG 2024,75.5,75.5,74.2,74.4,162,168588,12599266.3
26 AUG 2024,76.5,77,75,75,258,295064,22227515.4
23 AUG 2024,77.3,77.3,76,76,206,155865,11930988
22 AUG 2024,77.9,77.9,77.1,77.1,84,22265,1722672.1
21 AUG 2024,77.2,78,77,77.9,113,1433359,111744308.7
20 AUG 2024,77.2,77.5,76.8,77,159,348102,26848376.1
16 AUG 2024,78,78,77.2,77.2,120,280162,21638908.3
15 AUG 2024,76.5,77.5,76.5,77.2,140,94761,7303750.7
14 AUG 2024,75.9,76.5,75.1,76,208,162270,12333096.2
13 AUG 2024,75.3,75.9,74.8,75.1,149,142034,10667585.9
12 AUG 2024,76,76.2,75,75.6,132,164812,12419178.6
9 AUG 2024,74.5,76.6,74.5,75.7,177,206158,15641779.9
8 AUG 2024,74,75,73.9,74.5,200,2054574,153023170.3
7 AUG 2024,74,74.4,73.6,73.7,121,151782,11192146.4
6 AUG 2024,73.6,74.5,73.6,74,113,83643,6185269.9
5 AUG 2024,75.4,75.4,73.6,73.9,263,235479,17454152.4
2 AUG 2024,75.5,75.5,75.1,75.2,132,98966,7452902.3
1 AUG 2024,75.1,75.9,75,75.5,109,730284,55070776.4
31 JUL 2024,75.6,75.9,74.7,74.9,208,135162,10135790.2
30 JUL 2024,76.3,76.3,75.7,75.8,143,475447,36127727.3
29 JUL 2024,76.5,76.5,76,76,146,170719,12989857.7
26 JUL 2024,76.8,76.9,76.2,76.5,66,75485,5794736.9
25 JUL 2024,76.9,77,75.9,76.1,153,407569,31105343.5
24 JUL 2024,75.8,76.8,75.7,76.6,93,48884,3721070.8
23 JUL 2024,76,76.4,75.6,75.9,178,137512,10445305.7
22 JUL 2024,76.8,76.8,76,76,237,193223,14710359.7
19 JUL 2024,77.6,77.6,76.1,77,181,103239,7914933.4
18 JUL 2024,77.7,78,77.3,77.6,109,289406,22458488.7
17 JUL 2024,78,78,77.5,77.5,55,27240,2115125.4
16 JUL 2024,77.6,78,77.5,77.8,124,3443543,268570226.7
15 JUL 2024,76.6,77.5,76.6,77.2,166,138685,10699153.1
12 JUL 2024,76.6,77.3,76.6,77,108,78109,6014538.9
11 JUL 2024,77.5,77.5,76.7,77,133,68720,5301592.2
10 JUL 2024,76.8,77.5,76.7,77.4,95,359726,27848870.7
9 JUL 2024,77.2,77.9,76.1,76.3,298,227049,17468567.5
8 JUL 2024,78.5,78.5,77.2,77.9,250,1456020,113489160.6
5 JUL 2024,78.9,79.2,78,78.2,137,69803,5454945.4
4 JUL 2024,79.9,79.9,77.9,78,240,4606633,363721711.7
3 JUL 2024,79.1,79.9,78.8,79,132,3357278,268301515.3
2 JUL 2024,77.8,79.2,77.8,79,197,5531616,434733747
1 JUL 2024,78.5,79,77.6,77.6,211,233133,18138002.5
28 JUN 2024,78.8,78.8,77.9,78.3,350,13832449,1079126889.5
27 JUN 2024,79.9,79.9,78,78.9,245,908325,70941852.3
26 JUN 2024,79.8,79.9,78.8,79.4,225,428049,33948476.8
25 JUN 2024,79.5,79.7,79.1,79.4,126,456776,36311332.3
24 JUN 2024,79.7,80,79.2,79.7,219,503956,40274883.2
20 JUN 2024,79.5,79.7,79.1,79.5,129,115933,9203781.9
19 JUN 2024,79.8,79.8,79,79,188,167967,13299048
18 JUN 2024,80.1,80.1,79.1,79.7,186,193671,15471438.5
14 JUN 2024,80.5,80.5,79.6,80.1,138,199417,15955350.3
13 JUN 2024,82,82.4,79.9,80,342,543336,43950126.4
12 JUN 2024,80.5,80.9,80.4,80.8,194,438171,35344365.1
11 JUN 2024,80.8,81,80.6,80.7,376,2107061,170199039
11 JUN 2024,80.8,81,80.6,80.7,376,2107061,170199039
10 JUN 2024,80.5,81.1,80.1,80.9,341,743703,60171497.2
7 JUN 2024,80,80.6,79.8,80.1,336,2148846,171899767.5
6 JUN 2024,78.5,81,78.5,80,293,1078822,86016242.5
5 JUN 2024,78,78.6,77.6,78.3,141,343475,26845737.4
4 JUN 2024,78,78.2,77,78,161,223303,17296014.6
3 JUN 2024,78.4,78.4,77,77.8,146,212632,16491309.2
31 MAY 2024,78.7,78.9,78.1,78.4,123,94036,7381774.6
30 MAY 2024,78,78.8,77.2,78.6,200,3432691,264738561.9
29 MAY 2024,77.8,78,77,77.5,276,2693671,207508808.1
28 MAY 2024,78.2,78.9,77.5,77.8,298,2575040,200055463.6
27 MAY 2024,78,78.9,78,78.2,158,147689,11531090.7
22 MAY 2024,78,78.5,77.8,78.1,145,506870,39549279.4
21 MAY 2024,78.9,78.9,77.5,77.8,208,680861,52804899
20 MAY 2024,77.8,78.1,77.5,78,217,1230291,95944509.1
17 MAY 2024,77.5,78,77.3,77.9,148,185483,14429410.1
16 MAY 2024,78.1,79,77,77.4,332,247867,19283498.1
15 MAY 2024,79.7,79.8,77.7,78.1,446,695847,54852323.5
14 MAY 2024,80,80,78.8,79.1,399,1868594,148420065.3
13 MAY 2024,80,80,79.8,79.9,254,404515,32325327.4
10 MAY 2024,80,81,79.5,80.1,412,1190642,95527974.2
9 MAY 2024,78.6,80.2,78.4,80,282,780046,62134840.1
8 MAY 2024,79.3,79.5,78.5,78.7,246,1118351,87485283.2
7 MAY 2024,79.6,80,78.8,79,437,551570,43730075.9
6 MAY 2024,80.5,80.6,79.5,79.9,306,321234,25758967.3
3 MAY 2024,80.6,81,80.1,80.5,199,249620,20097004.1
2 MAY 2024,81,81.5,80.2,80.6,242,285101,23047375
30 APR 2024,82.1,82.3,80.5,81.4,269,332003,27090583
29 APR 2024,80,82.7,79.4,82.1,585,2690746,219462570.8
26 APR 2024,80.2,81,79.6,80,507,1570753,125777271.3
25 APR 2024,77,80.4,77,80,436,708709,56129929.6
24 APR 2024,77.9,78.5,76.9,77.2,347,723220,56252927.4
22 APR 2024,77.5,78.8,77.3,77.8,207,198549,15517682.7
19 APR 2024,77.4,77.8,76.2,77.5,355,565224,43663394.7
18 APR 2024,79.5,79.5,77.3,77.4,463,826619,64357257.1
17 APR 2024,79,79.6,77,79,469,848139,66870290
16 APR 2024,81.4,81.4,78.8,79.1,544,488452,38851770
15 APR 2024,81,82,80,81.4,398,613442,49826872.2
10 APR 2024,80.2,81.7,80.2,81,389,17714302,1419899724.2
9 APR 2024,81,81.4,79.7,80.5,432,1022221,82482960.5
8 APR 2024,78.5,81.7,78.5,80.9,1032,8346450,675689988.2
5 APR 2024,79,79,77.7,78,467,2465460,192951781.9
4 APR 2024,78.5,79.9,78.1,78.7,752,5100767,403724110.7
3 APR 2024,78.5,78.5,77.8,78.3,451,1243288,97045760.2
2 APR 2024,77.8,79.4,77.8,78.4,427,935395,73535992.8
1 APR 2024,75.5,78.5,75.2,77.9,905,2410914,185075282.7
28 MAR 2024,80,80.9,79.8,80,842,2881929,230891334
27 MAR 2024,79.1,80,79,79.9,516,1000299,79721128
26 MAR 2024,77.7,78.9,77.7,78.8,590,9029310,704420958.9
25 MAR 2024,77,77.9,77,77.7,198,943982,72846794.7
22 MAR 2024,78,78,76,77.1,347,1489339,113139823.3
21 MAR 2024,77.9,78.2,77.5,77.6,206,264169,20573048.2
20 MAR 2024,77.8,78.1,77.5,78,386,1578606,123024389.9
19 MAR 2024,77.5,78,77.2,77.9,271,381958,29661333.4
18 MAR 2024,78,78.1,76.5,77.5,394,499248,38737257.7
15 MAR 2024,78,78.4,77.8,78,341,894296,69763346.9
14 MAR 2024,77,78.5,77,77.9,428,1054017,82141624.1
13 MAR 2024,76,77.7,76,77,506,926266,71381317.5
12 MAR 2024,74.6,76.1,74.6,76,319,444734,33553069.9
11 MAR 2024,74.1,75,74.1,74.9,290,447460,33451990.6
7 MAR 2024,73,74.1,72.8,73.7,220,629293,46004460.7
6 MAR 2024,73,73,72.7,72.8,135,97881,7127739.6
5 MAR 2024,73,73,72.6,72.8,150,164463,11985558.3
4 MAR 2024,73.4,73.4,72.5,73,264,458874,33440147.4
1 MAR 2024,73.5,73.5,72.6,72.9,203,263248,19220353.9
29 FEB 2024,73.5,73.8,73,73.2,133,165369,12115822
28 FEB 2024,73.7,74,73.3,73.5,189,543407,40027337.1
27 FEB 2024,73,73.7,73,73.5,197,330697,24204212.5
26 FEB 2024,72.5,73.3,72.5,73.2,205,324286,23703061.5
22 FEB 2024,72.7,72.9,72.4,72.4,172,369276,26887737.2
21 FEB 2024,72.8,73,72.5,72.8,176,304571,22155909.9
20 FEB 2024,73,73.1,72.8,72.8,198,243706,17781728.7
19 FEB 2024,73.1,73.3,72.8,72.9,200,145059,10592048.5
16 FEB 2024,73.1,73.5,72.8,73.2,242,576242,42179023.4
15 FEB 2024,73,73.8,72.8,73.1,833,1656784,121214315.2
14 FEB 2024,72.2,72.5,72,72.1,138,128442,9264908.5
13 FEB 2024,72.6,72.7,71.8,72,241,801578,57872941.7
12 FEB 2024,72.9,73,72.7,72.8,196,286954,20891891.7
9 FEB 2024,72,73,72,72.9,242,620029,44999732.2
8 FEB 2024,72.2,72.4,71.9,72,284,1285179,92566232.5
7 FEB 2024,72,72,71.6,71.9,195,1187201,85399253.9
6 FEB 2024,71.4,72,71,72,393,1127028,80864754.2
2 FEB 2024,70.4,71.4,70,70.9,298,1020720,71934795.4
1 FEB 2024,68.3,70.3,68.2,70.1,289,1346705,93464964
31 JAN 2024,68,68.5,67.9,68.2,170,1918820,130507344.6
30 JAN 2024,67.5,68.3,67.5,68,309,2920138,198448883
29 JAN 2024,68,68.5,67.5,68.1,192,184124,12557219.4
26 JAN 2024,67,68.5,67,68.1,231,2149770,144321201
24 JAN 2024,67,67.9,67,67,249,768848,51627576.7
23 JAN 2024,66.9,67,66,66.4,210,300763,20054624
22 JAN 2024,67.5,67.8,66.8,66.9,214,146478,9831240.8
19 JAN 2024,68,68,67.4,67.8,154,148114,10032237.4
18 JAN 2024,68,68.5,67.5,68,122,228555,15540397.2
17 JAN 2024,68.7,68.7,67.9,68,229,231762,15796791.4
16 JAN 2024,69.1,69.9,68,68.5,270,390964,26777240.2
12 JAN 2024,69,70,69,69.1,220,437708,30356947.2
11 JAN 2024,70.1,70.1,69,69.5,258,379240,26387557.7
10 JAN 2024,70.2,70.9,69.5,70.2,212,548500,38476459.9
9 JAN 2024,70.3,70.8,70.2,70.3,102,79483,5594698.4
8 JAN 2024,70.5,71,70.3,70.4,116,98049,6907871.8
5 JAN 2024,70.9,70.9,70.3,70.5,147,150954,10637320.4
4 JAN 2024,71.2,71.4,70.2,70.5,142,209143,14752266.4
3 JAN 2024,70.5,71.5,70.5,70.8,289,1183018,83854455.8
2 JAN 2024,71,71,70.1,70.7,196,211634,14949824.1
29 DEC 2023,70.6,71,70.3,70.5,175,778361,54862228.8
28 DEC 2023,71,71,70.1,70.5,149,291766,20588716.8
27 DEC 2023,70.2,70.9,70.1,70.3,157,116868,8212344.9
22 DEC 2023,71,71,70,70.4,241,362001,25514160.9
21 DEC 2023,70.6,71,70.5,70.8,152,187393,13290579
20 DEC 2023,70.8,71.5,70.5,70.6,256,2926930,207795843.1
19 DEC 2023,70.8,71.5,70.8,71,218,518614,36888640
18 DEC 2023,70.8,71.4,70.5,71.2,240,630862,44772075.4
15 DEC 2023,72,72.5,70.6,71.4,246,386600,27609034.8
14 DEC 2023,73,73,71.5,71.8,179,157795,11366781.7
13 DEC 2023,73.3,73.8,72,73,339,434286,31629933.2
12 DEC 2023,74,74,73.2,73.3,265,455517,33545959.7
11 DEC 2023,73,73.5,72.8,73.4,446,1020864,74761810.6
8 DEC 2023,71.3,72.5,71.3,72.3,565,1302179,93994080.6
7 DEC 2023,71.4,71.5,71,71.2,269,825715,58859235.8
6 DEC 2023,71.5,71.6,70.7,71,270,507191,36147516.5
5 DEC 2023,72,72.5,71,71,248,597490,42692933.9
4 DEC 2023,70.8,72.5,70.8,71.5,500,712950,51133558.5
1 DEC 2023,68.7,70,68,69.8,575,2404424,166442757.8
30 NOV 2023,68.5,68.9,67.8,68,306,713240,48545544.7
29 NOV 2023,67,68,66.7,67.6,230,719005,48369727.2
28 NOV 2023,66.7,67.5,66.5,67,167,571619,38287319.2
27 NOV 2023,67.1,68,66.7,67,174,1976605,132461994.9
24 NOV 2023,67,68,67,67.1,152,310596,20980591.3
23 NOV 2023,67,67.9,66.5,67,127,688847,45934711.8
22 NOV 2023,67,67,65.7,67,146,377385,25215079.5
21 NOV 2023,67,67.1,66,66.4,233,1139025,75857531.8
20 NOV 2023,68,68.5,66.5,66.6,163,236980,15982055.1
17 NOV 2023,68.9,69,66.8,67,163,214513,14559114.6
16 NOV 2023,68.2,69,66.9,68,211,431923,29301160.3
15 NOV 2023,68.6,69.2,68,68.2,141,337149,23237461.9
14 NOV 2023,69.4,69.8,68.4,68.7,298,714385,49268057.4
13 NOV 2023,69.9,69.9,69,69.4,155,48798,3387495.2
10 NOV 2023,69,69.9,67.5,69.5,250,837300,57582981.6
9 NOV 2023,69.1,69.4,66.9,69,170,399213,27521586.7
8 NOV 2023,66.8,70,66.8,69.1,517,2469270,171107229.1
7 NOV 2023,65.5,67.4,65.5,67,210,609142,40799577.3
6 NOV 2023,66,67,65.5,66,120,255139,16844639.2
3 NOV 2023,67.3,67.5,65.5,65.8,103,60676,4008673.3
2 NOV 2023,67.7,67.9,66.5,66.8,225,485554,32522013.1
1 NOV 2023,65.5,67.5,64.7,66.5,217,287112,18848373.1
31 OCT 2023,66.5,66.5,64.1,64.3,149,132351,8634978.2
30 OCT 2023,66.6,66.7,65.2,65.7,197,214760,14208695.7
27 OCT 2023,64.9,66.7,63,65.9,237,227752,14852973.2
26 OCT 2023,63,66,62.1,62.6,208,402920,25351560.4
25 OCT 2023,65,66.8,62.8,63,250,205473,13022502.5
24 OCT 2023,67,67,64.8,65,281,8148590,529782386.6
23 OCT 2023,66,67.9,65.8,66.9,596,4253966,283804919.9
20 OCT 2023,62,66,62,65.7,709,680331,43778141.8
19 OCT 2023,60,61.5,60,60.5,252,261639,15882007.7
18 OCT 2023,60.1,60.9,60,60.3,342,342052,20571422.8
17 OCT 2023,62.1,62.8,60.1,60.6,342,197131,12130945.5
16 OCT 2023,64,64,62,62.4,247,112221,7033676.7
13 OCT 2023,63.9,65,63.7,64,164,229384,14733605.5
12 OCT 2023,62.5,64,62.2,63.9,239,160143,10165358
11 OCT 2023,65,65.2,61.5,62.6,408,237989,15108213.6
10 OCT 2023,66,67,64.7,65.2,251,2696591,177753633.2
9 OCT 2023,66.9,66.9,63.9,66.1,425,593533,38853642.9
6 OCT 2023,67.2,67.5,66.7,66.8,139,533681,35921435.4
5 OCT 2023,67.5,67.9,66.5,67,230,480185,32178038.9
4 OCT 2023,66.9,67.9,65.7,67.4,213,126936,8446445
3 OCT 2023,68.2,68.2,65.5,66.5,349,135927,9120178.9
2 OCT 2023,69,69,67.5,68.2,256,191561,13035881.6
27 SEP 2023,68.1,70.4,68.1,70,278,378348,26435056
26 SEP 2023,67.5,68.4,67.5,68.3,171,224101,15251783.2
25 SEP 2023,68.6,68.6,67.5,67.6,189,222174,15024275.6
22 SEP 2023,67.5,68.9,67.5,68.1,185,170631,11619028.9
21 SEP 2023,68.5,69,67.2,67.7,230,118621,8088658.1
20 SEP 2023,67.7,70,67.7,68.4,299,245329,16892272.3
19 SEP 2023,69.9,70,67.1,67.8,630,412540,28235505.1
18 SEP 2023,71.1,71.1,69.6,69.8,416,943405,66279275.3
15 SEP 2023,72,72,70.5,70.6,169,148881,10543477.5
14 SEP 2023,71.4,73,71,71.7,184,739025,53153280.4
13 SEP 2023,70.8,72,70.8,71.4,158,165087,11767475.1
12 SEP 2023,72,72.5,70.5,70.8,242,173217,12309693.2
11 SEP 2023,72.3,73,71.1,71.4,233,249676,17892425.9
8 SEP 2023,72.1,73.2,72.1,72.5,191,323926,23591270.7
7 SEP 2023,72,73,71.4,72.1,131,184302,13267182
6 SEP 2023,73.4,73.4,71.1,71.9,220,242673,17554450.5
5 SEP 2023,72,74.5,72,73.1,349,269015,19793922.2
4 SEP 2023,70.1,72.9,70,72.4,317,254542,18341633.3
1 SEP 2023,71,72.9,68.6,70.1,485,789741,55372576.4
31 AUG 2023,73,73,70,70.1,413,4127509,289152805.5
29 AUG 2023,72.1,72.9,72,72.5,190,873335,62575272.2
28 AUG 2023,72.6,73,72.1,72.2,222,322847,23382529.6
25 AUG 2023,72.9,73.4,72.6,73,191,510246,37251284.6
24 AUG 2023,74,74,73,73,249,433371,31643098.6
23 AUG 2023,73.5,74.2,72.6,73.9,338,609378,44675057.5
22 AUG 2023,72.5,73.5,72.2,72.6,405,604858,43898915.3
21 AUG 2023,73.5,73.5,72.3,72.8,439,1275053,92895289.9
18 AUG 2023,74.5,74.5,73,73.5,418,2374445,174062253.4
17 AUG 2023,74.7,76.2,74.3,74.6,450,2303524,168118975.6
16 AUG 2023,72.8,75,72.5,73.6,513,1637278,120466321.4
15 AUG 2023,74,74.9,70.6,72.8,915,2637555,192105837.3
14 AUG 2023,77.6,77.7,72.5,74.6,991,1757340,131050621.3
11 AUG 2023,78.6,78.6,77.4,77.6,282,136578,10627213.7
10 AUG 2023,78,79.1,78,78.6,568,1454672,114366942.7
9 AUG 2023,78.5,78.7,77.4,77.8,384,555420,43316751.8
8 AUG 2023,79,79,77.5,78.1,545,1570796,122879479.4
7 AUG 2023,78,79.2,77.2,78.8,665,1318827,103741764.8
4 AUG 2023,78,78.8,77.2,77.8,633,1738054,135455053.6
3 AUG 2023,75.5,78.6,75.5,78,1108,3516799,273942937.3
2 AUG 2023,75,76.3,74,75.3,685,1395181,104492232.2
31 JUL 2023,76,76.4,74.5,75,697,1311777,98518626.7
28 JUL 2023,77,78.4,75,76.4,769,951500,73468515.9
27 JUL 2023,73,77.5,73,77,1084,3475304,262589595.8
26 JUL 2023,75,75,73.4,73.5,434,506459,37470339.5
25 JUL 2023,75,75.4,73,74.9,757,1122513,83647111.5
24 JUL 2023,74.9,75.4,74.5,75,593,1288487,96679170.5
21 JUL 2023,70.5,75.5,70.5,75,1455,4520706,334902376.3
20 JUL 2023,71.5,72.2,70,71.3,957,2223985,157567339.2
19 JUL 2023,68.1,71.5,67,71,1382,4689395,322918819.7
18 JUL 2023,67.7,68.1,65.8,67.6,824,1523635,102383605.6
17 JUL 2023,66.5,67.6,66,67,960,2225147,149258906.4
14 JUL 2023,64.8,66.5,64,65.7,710,1898074,124095691.8
13 JUL 2023,65,65.4,63.9,64.3,574,1514676,98299602.4
12 JUL 2023,61.3,64.7,61.1,64.3,692,974475,61529772.6
11 JUL 2023,61.3,61.7,61,61.1,409,650930,39763198.6
10 JUL 2023,63,63,60.4,61.4,654,654648,40079471
7 JUL 2023,63.4,64,62.5,62.9,433,505468,31768578.4
6 JUL 2023,64.5,64.6,62.4,63.5,816,1192140,75396648.4
5 JUL 2023,64.1,65.6,63.5,63.9,1160,2115692,136726625
4 JUL 2023,59.9,64.8,59.9,64,2907,5849403,371657959.5
28 JUN 2023,55,56.9,54.7,55.9,434,941587,52963206.5
27 JUN 2023,57.2,57.5,55,55.2,587,4361057,251141903.4
26 JUN 2023,55,57.5,53.8,56.7,778,10611994,594670266.3
23 JUN 2023,54.2,55.6,54.2,55.3,283,508376,28036653.2
22 JUN 2023,55.1,55.5,54,54.6,201,180245,9870194
21 JUN 2023,53.5,55.4,53,55,337,747485,40897373.5
20 JUN 2023,54,54.2,53,53.1,229,258732,13825310.8
19 JUN 2023,55,55.1,54,54.5,284,321283,17500291.2
16 JUN 2023,55,56.2,54,56,868,15053929,841084384.4
15 JUN 2023,53.1,56,53.1,54.9,825,29455061,1592861351.2
14 JUN 2023,51.6,53.3,51.6,53,369,1964889,103971858.6
13 JUN 2023,51.1,52.6,50.9,52.1,311,3324916,170620398.9
12 JUN 2023,50.7,51.5,50.5,51.1,293,535770,27340079.9
9 JUN 2023,49.5,50.5,49,50.2,179,1804785,88688234
8 JUN 2023,49.5,50.3,49,49,192,1247276,61364266.6
7 JUN 2023,49.9,49.9,49.1,49.2,73,2264451,108742950.7
6 JUN 2023,50,50.1,49.1,49.8,75,37382,1860232.9
5 JUN 2023,50.2,50.8,50,50,89,50574,2536874.7
2 JUN 2023,49.9,51,49.2,49.6,107,46105,2301440
1 JUN 2023,48.4,51,48.4,49.9,143,160577,8056316.2
31 MAY 2023,49,49.8,48.5,48.7,76,187963,9156297.6
30 MAY 2023,49,49.9,48.4,48.7,133,215861,10508081.3
29 MAY 2023,49.5,49.8,48.2,48.7,108,77808,3776730.6
26 MAY 2023,49,50.9,49,50,144,702111,35130022.1
25 MAY 2023,50.5,50.5,48.5,49.8,108,154498,7617831.4
24 MAY 2023,49.6,50.9,48.5,48.8,169,100297,4958825
23 MAY 2023,48.5,50,48.5,49.6,129,158703,7738065.8
22 MAY 2023,48.1,49.5,48.1,48.5,109,98458,4769660.6
19 MAY 2023,49.6,49.6,48,49,180,140869,6888507.3
18 MAY 2023,50,50.2,49.1,49.8,111,55591,2773544.4
17 MAY 2023,50,50.3,49.8,50.1,134,60776,3039998.6
16 MAY 2023,50.9,51.7,50,51,269,409977,20740957.4
15 MAY 2023,52.2,52.6,51.5,52,205,524682,27289471.2
12 MAY 2023,52.4,53.1,52.1,52.3,228,489239,25851649.1
11 MAY 2023,51.5,52.4,51.4,52.3,303,437286,22739670.1
10 MAY 2023,51.4,51.6,50.1,51.5,175,224101,11479280.4
9 MAY 2023,51,52,49.4,51.4,371,1401801,71751014.2
8 MAY 2023,47.5,51.9,47.5,50.7,546,907514,45056041.4
4 MAY 2023,46,47.7,46,47.3,119,253354,11914559.5
3 MAY 2023,46.5,46.8,45.8,46.7,238,277952,12906250.1
2 MAY 2023,48,48,44.1,46.1,450,334863,15319165.8
28 APR 2023,48.8,48.9,47.9,48.2,190,829157,39998802.6
27 APR 2023,48.1,49.4,48.1,48.8,192,423335,20577232.7
26 APR 2023,49,49.5,48.2,48.9,244,238585,11647027.1
25 APR 2023,50.1,50.1,49,49,220,240351,11925253.3
24 APR 2023,50,50.1,49.6,50,280,1140885,57039574.8
21 APR 2023,50,50.3,49.5,49.9,257,167816,8345240.4
20 APR 2023,50,50.1,49.8,49.9,210,236175,11800059.7
19 APR 2023,51,51,50,50.1,240,179023,8968910.7
18 APR 2023,51.3,51.3,50,50.5,299,287406,14585931.1
17 APR 2023,52.4,52.4,50.9,51,188,64808,3316601.1
12 APR 2023,51,52.4,51,51.9,194,245050,12708749.1
11 APR 2023,50.9,51.6,50.1,51,162,419721,21431364.9
10 APR 2023,50.5,51.5,50,51,239,330720,16728319.4
6 APR 2023,49.2,51.3,49.2,50.8,285,548480,27881314.4
4 APR 2023,50.6,50.9,49.2,50,332,263214,13204719
3 APR 2023,51.6,51.6,51,51,315,494096,25212377.7
31 MAR 2023,52,55,51.5,52.5,918,3053997,163979596.4
30 MAR 2023,53,55,51.5,54.1,544,1338605,71776992.3
29 MAR 2023,51,53,51,52.9,299,337433,17742253
28 MAR 2023,50.7,51.5,50.3,51,421,1327311,67499322.6
27 MAR 2023,52,52.3,50.7,51,401,367888,18841136.8
24 MAR 2023,50.9,53,50.9,52,514,3784913,196800981.5
23 MAR 2023,53.2,54,50.2,50.6,778,1072659,54784155.4
22 MAR 2023,54.8,55.3,52.9,53.2,551,475951,25575824.8
21 MAR 2023,57,57,54,54.5,433,470254,25909146.6
20 MAR 2023,57.1,57.6,56,56.2,395,463032,26356451.3
17 MAR 2023,56,57.5,55.6,57.1,334,601690,34126850.3
16 MAR 2023,56,56.5,55.6,56,234,565686,31658903.8
15 MAR 2023,56,56.4,55.6,56,336,655593,36708665.9
14 MAR 2023,54.3,56,54,55.6,421,481989,26620197.3
13 MAR 2023,54.5,55.2,54,54.6,439,1469826,80358835.6
10 MAR 2023,55.5,56,54.6,55,671,1331255,73299446.5
9 MAR 2023,57,57,55,56.4,864,1055454,59152434.7
8 MAR 2023,58.4,58.9,56.5,57,1031,1650468,95282296.3
7 MAR 2023,56.9,59.3,56.8,58.1,1528,4969840,291892751.4
3 MAR 2023,54.1,56.1,54.1,55.6,1148,24287795,1327436254.2
2 MAR 2023,52.4,54.3,52.4,53.9,942,5442288,290214180.2
1 MAR 2023,51.8,52.9,51.8,52,551,1453175,75701302.4
28 FEB 2023,49.9,52,49.6,51.7,680,1395229,71592105.1
27 FEB 2023,50,50,49,49.6,293,358862,17803320.8
24 FEB 2023,49.5,51.5,49.5,50,469,1572837,78711452
23 FEB 2023,49,49.1,48,48.9,369,2920937,142951659
22 FEB 2023,49,49.8,48.5,48.9,344,626899,30816811.2
21 FEB 2023,49,49.5,48,49,631,4565818,223626738.1
20 FEB 2023,48,50.1,48,49,1249,4161348,204998827.7
17 FEB 2023,44,44.3,43.8,44.2,130,157443,6944281.3
16 FEB 2023,43,44,42.3,43.9,129,586717,25735819.4
15 FEB 2023,43,43.3,42.6,43.1,105,134713,5789816.1
14 FEB 2023,43,43.5,43,43.4,194,742270,32058928.7
13 FEB 2023,43.2,43.6,43,43.2,104,132062,5704572
10 FEB 2023,43.2,43.5,42.5,43.2,102,104065,4451606.6
9 FEB 2023,43.5,44,43.1,43.2,88,80822,3510283.2
8 FEB 2023,43.3,44.4,43,43.5,298,1144434,49596701
7 FEB 2023,45.3,45.3,42.8,43.3,337,589664,26155600.7
6 FEB 2023,46,46.1,45,45.4,363,1771105,80401567
3 FEB 2023,45.1,46.7,45.1,46.5,398,897875,41483236.3
2 FEB 2023,42.9,45.9,42.9,45.1,760,2353233,105805829
1 FEB 2023,43.1,43.6,42.9,43.1,156,440256,19111834.8
31 JAN 2023,42.5,43.6,42.5,43.5,177,767350,33321087.9
30 JAN 2023,43.1,43.1,41.5,42.7,190,116149,4935221.5
27 JAN 2023,42.5,44.1,42.5,43.6,431,1577030,68403719.7
26 JAN 2023,42,42.3,41,42,129,135437,5660379.6
25 JAN 2023,42.2,43,40,42.6,421,445906,18708475.3
24 JAN 2023,43,43.4,42,42.9,463,2205135,94739708.8
23 JAN 2023,40.1,43.4,40.1,42.9,642,1732571,73521560.5
20 JAN 2023,38.4,40.2,38.4,40,627,3535656,141137900.8
19 JAN 2023,36.6,38.4,36.6,38,265,1229836,46690318.1
18 JAN 2023,36,37.4,35.5,36.9,249,895347,32992497
17 JAN 2023,35,35.9,34.1,35.5,111,347040,12164101.9
13 JAN 2023,35,35.4,34,34.7,95,202695,6972555.2
12 JAN 2023,34,35.4,34,34.9,130,207625,7257118.4
11 JAN 2023,34.6,34.6,34,34,57,46380,1580172.4
10 JAN 2023,34.5,34.5,33.9,34.1,85,78889,2686301.2
9 JAN 2023,33,34.7,33,34.3,79,48411,1649192.2
5 JAN 2023,34,34.8,33,33.8,79,39418,1313740.7
4 JAN 2023,34.3,34.5,33,34,144,187787,6363172.5
3 JAN 2023,34.2,34.3,33.9,34,93,41198,1400822.9
2 JAN 2023,34.4,34.4,34.1,34.3,53,15668,536789.5
30 DEC 2022,33.5,34.4,33.5,34.2,65,101670,3448778.5
29 DEC 2022,35,35,33.9,34,98,55522,1895521.1
28 DEC 2022,35,35,34,34.2,58,14539,502281.4
27 DEC 2022,35,35.4,34.1,35,74,47694,1664793.8
23 DEC 2022,34.2,35,34,34.9,71,195543,6665835.1
22 DEC 2022,33.6,35,33.6,34.9,92,80050,2772361.2
21 DEC 2022,35,35.1,33.6,33.7,144,119266,4067323.1
20 DEC 2022,36,36,35.1,35.3,92,13984,496687.9
19 DEC 2022,36,36,35.2,35.7,84,137293,4871775.1
16 DEC 2022,36.1,36.3,35.5,35.6,87,43153,1546166.6
15 DEC 2022,37,37,36,36.1,139,452088,16467294.7
14 DEC 2022,37,37,36.5,37,82,269411,9961972
13 DEC 2022,37.3,38,36.5,37,137,753250,27929345.5
12 DEC 2022,37,37.3,36.8,37,102,91649,3391056.2
9 DEC 2022,36.8,37.1,36,36.7,116,142298,5242124.3
8 DEC 2022,37.3,37.3,36,36.4,174,96933,3557477.2
6 DEC 2022,37.2,37.3,36,36.9,184,136324,4954624.4
5 DEC 2022,39.9,39.9,36.4,37.4,257,200425,7469873.4
2 DEC 2022,36,40.4,36,39.9,526,4461097,170221714.6
1 DEC 2022,36,36.6,35.4,36,157,931993,33575160.4
30 NOV 2022,33,37.4,33,36.6,268,664229,23966192.8
29 NOV 2022,33,33.5,32.8,33,113,224340,7404570.6
28 NOV 2022,33.4,33.4,32,32.5,133,365626,12054331.6
25 NOV 2022,31.8,33,31.3,32.8,167,1935696,61767429.6
24 NOV 2022,31.9,31.9,31.1,31.5,85,252256,7946328.7
23 NOV 2022,31.5,31.8,31,31.5,102,807796,25420730.5
22 NOV 2022,30.8,31.5,30,31,144,144776,4394867.6
21 NOV 2022,32,32,30.5,31,145,101024,3123632.1
18 NOV 2022,32.4,33,31,31.5,209,116331,3694135.5
17 NOV 2022,32.4,32.5,32,32.1,95,743387,23807477.9
16 NOV 2022,32.9,32.9,31.9,32.1,69,282708,9055771.5
15 NOV 2022,32.1,33.4,32,32.5,109,186988,5993812.9
14 NOV 2022,33.3,33.5,32,32.2,202,1618097,51889711.9
11 NOV 2022,32.9,33.3,32.4,32.6,123,68925,2262907.1
10 NOV 2022,33.1,33.5,32.3,32.6,111,60000,1960424.5
9 NOV 2022,33,33.5,32.5,32.6,146,177966,5812039.3
8 NOV 2022,35,35,32.7,32.8,198,144243,4749547.9
4 NOV 2022,34.5,35.2,33,33.3,116,186347,6334002.5
3 NOV 2022,35,35,33,33.4,172,132937,4507910.2
2 NOV 2022,34.9,34.9,34,34.4,201,205188,7054965.7
1 NOV 2022,35.9,35.9,34.9,35,123,27051,948329.9
31 OCT 2022,35.5,35.7,35,35.2,115,64976,2294444
28 OCT 2022,36.5,36.5,35,35.4,130,66771,2357810.3
27 OCT 2022,35.5,35.9,35.4,35.5,115,94360,3351312
26 OCT 2022,35,36,35,35.6,166,205270,7262822.5
25 OCT 2022,36.5,36.5,35.1,35.2,127,122363,4321734.9
21 OCT 2022,35.7,36.5,35.2,36.1,139,65261,2331371.9
20 OCT 2022,35.8,36.6,35.3,35.9,120,102058,3667093.6
19 OCT 2022,36.6,36.6,35.5,35.8,109,55149,1992369.9
18 OCT 2022,36,37,35,35.4,219,115623,4116905.9
17 OCT 2022,37.5,37.5,35.9,36.1,180,102354,3699521.9
14 OCT 2022,38.6,38.7,36.1,37.4,181,328868,12056007.5
13 OCT 2022,36.7,39.4,36.6,38.7,187,230174,8847995.3
12 OCT 2022,38.4,38.5,36.1,36.7,254,362127,13305490.7
11 OCT 2022,37,40,36.5,38.8,328,733787,28250327.9
7 OCT 2022,39,39,37,38.1,238,172338,6497169.4
6 OCT 2022,39.5,39.5,38.7,39,191,311045,12124381
5 OCT 2022,38.1,39.5,38,39.1,201,115152,4487529
4 OCT 2022,39.8,39.9,37.8,38.2,360,198649,7645399.6
3 OCT 2022,41.1,42,39.7,40.3,284,307262,12452627.4
30 SEP 2022,42.1,42.4,41.3,41.5,189,266619,11101271.6
29 SEP 2022,44,44,42,42.6,293,1887976,80635992.6
28 SEP 2022,41.6,44.5,41.6,44.1,821,1835460,80039114
27 SEP 2022,41,41.7,40,41.4,347,792210,32372830.8
26 SEP 2022,41,41.2,39.5,40.8,320,451428,18409114.7
23 SEP 2022,40.1,41.9,40.1,41.1,393,1067482,43611723.6
22 SEP 2022,39,40.5,38.4,40.1,328,624428,24714462.4
21 SEP 2022,37.5,39.6,37,38.4,304,621332,23528491.2
20 SEP 2022,39.5,39.5,37.2,37.5,341,304457,11603239.3
19 SEP 2022,39.5,40.2,38,39,371,265840,10370101.9
16 SEP 2022,41.9,41.9,39,39.7,947,910883,36293989.3
15 SEP 2022,38.5,42.5,37.9,40.7,2116,7806546,319312400.8
14 SEP 2022,33.6,37.5,33.6,36.4,1124,5649734,203377211.3
13 SEP 2022,32.5,34,32.2,32.9,239,669549,21949782.2
12 SEP 2022,32.6,32.9,31.5,32,324,4910719,157223854.3
9 SEP 2022,32,32.6,31.5,31.7,428,403392,12798401.4
8 SEP 2022,33,33,32.2,32.4,235,218198,7088396.6
7 SEP 2022,33,33.8,32.7,32.9,154,122914,4038570.9
6 SEP 2022,33.5,33.5,32.9,33,141,82173,2715893.2
5 SEP 2022,33.8,34.8,32.9,33.2,206,152392,5066912.9
2 SEP 2022,34.4,34.7,32.8,33.2,249,181738,6085059.4
1 SEP 2022,32.3,35.6,32,34.4,437,1923871,62374437.9
31 AUG 2022,32,32.4,31.7,32,169,104723,3352798.6
30 AUG 2022,32,32.3,31.7,31.8,136,83439,2659496.5
29 AUG 2022,32.4,32.5,31.7,31.9,72,42436,1359751.4
26 AUG 2022,31.6,32.5,31.1,32.1,141,56731,1803266
25 AUG 2022,32.5,32.5,31.5,31.6,196,89278,2820696.6
24 AUG 2022,32.2,32.4,31.6,31.9,242,600023,19180514.6
23 AUG 2022,32.5,32.7,32.3,32.4,177,123273,4006255.7
22 AUG 2022,32,32.7,31.5,32.6,162,180915,5809400.3
19 AUG 2022,32,32,31.5,31.7,204,312288,9897166.4
18 AUG 2022,31.6,32,31.1,31.3,201,1875172,59044726.3
17 AUG 2022,32.3,32.3,30.9,31.2,416,394288,12345316
16 AUG 2022,33.3,33.3,32.2,32.5,213,236574,7705141
15 AUG 2022,32,32.6,31.4,32.5,241,353399,11379553.5
12 AUG 2022,32,32.4,31,31.6,597,735734,23189155.9
10 AUG 2022,32.5,32.5,31.6,31.9,224,353155,11263804.4
9 AUG 2022,32.5,32.5,31.8,32,275,455631,14634231.5
8 AUG 2022,32.4,32.7,31.8,32.1,279,582812,18687895
5 AUG 2022,32,33,32,32.6,119,98584,3209320.3
4 AUG 2022,32.7,32.7,31.8,32,208,166150,5324252.9
3 AUG 2022,32,32.5,31.6,32,140,167460,5357042.7
2 AUG 2022,32.5,32.5,31.5,31.9,129,33779,1081621.3
1 AUG 2022,32.5,32.9,32,32.1,82,95102,3055400.8
29 JUL 2022,32,32.8,31.8,32.1,104,40721,1302162.5
28 JUL 2022,32.7,32.7,32,32.1,79,46198,1483873.7
27 JUL 2022,35,35,32,32.1,93,59225,1987516.9
27 JUL 2022,35,35,32,32.1,93,59225,1987516.9
26 JUL 2022,33,33,31.9,32,81,26113,839309.9
25 JUL 2022,34,34,32,32.2,134,68377,2221773.2
22 JUL 2022,33.5,34,33.1,33.5,138,80146,2702266.1
21 JUL 2022,33.9,34.4,33.5,33.9,174,107842,3668644.9
20 JUL 2022,33,33.9,32.9,33.5,173,50709,1690555.7
19 JUL 2022,32,33.3,31.9,32.6,192,148735,4849632.6
18 JUL 2022,31.9,32.5,31.5,31.9,189,114832,3668903.8
15 JUL 2022,31,31.5,29.5,31.3,170,170736,5247001.1
14 JUL 2022,30.2,30.2,29,29.9,93,104385,3096358.6
12 JUL 2022,29.5,31.2,29.5,30.3,269,233561,7068863.5
11 JUL 2022,26.2,29.8,26.2,29.1,243,212073,6038734.1
8 JUL 2022,26.5,26.6,26,26.3,342,391454,10227727.5
7 JUL 2022,28,28,26.5,26.6,340,404047,10831998.1
6 JUL 2022,28.5,29,27.3,27.5,323,278797,7771850.4
5 JUL 2022,30,30,28.5,28.6,381,439971,12765140.3
4 JUL 2022,30.5,31,29.5,29.7,330,324142,9677369.4
1 JUL 2022,30.5,31.2,30.5,31,106,83462,2575317.7
30 JUN 2022,31,31,30,30.2,91,35141,1062144.3
29 JUN 2022,30.1,31.2,29.6,30,221,494224,14831053.1
28 JUN 2022,31,31,29.9,30,337,2102299,63118786.5
27 JUN 2022,33,33,30.6,31.1,266,494449,15425772.7
24 JUN 2022,33.9,33.9,32,32.2,312,1047060,33697744.3
23 JUN 2022,33.9,33.9,32.8,33,118,102885,3398345.5
22 JUN 2022,33.5,33.5,32.9,33,116,94590,3126150.3
21 JUN 2022,33.5,33.5,32.8,33,126,66066,2182664
20 JUN 2022,33.2,33.5,32.7,33,183,167504,5530563.4
17 JUN 2022,34,34,33,33.2,152,62291,2071499.4
16 JUN 2022,34.8,34.8,33.4,33.6,144,65965,2214809.9
15 JUN 2022,34.8,34.8,33.5,33.6,192,153323,5155447.7
13 JUN 2022,35,35,34,34.7,43,20456,710770.6
10 JUN 2022,34.3,34.5,33.8,34,124,164485,5600111.9
9 JUN 2022,34,34,33.5,33.9,106,149265,5056748.5
8 JUN 2022,33.6,34.9,33.5,33.6,213,425800,14365638.6
7 JUN 2022,34.9,34.9,33.5,33.6,284,547671,18478750.1
6 JUN 2022,35.8,36,34,34.5,307,767715,26561339.3
3 JUN 2022,37.5,37.5,35.8,36,171,3221947,116013943.5
2 JUN 2022,37.5,37.5,36,36.2,153,339631,12379131.2
1 JUN 2022,37,37,36,36.3,139,63789,2307143.3
31 MAY 2022,37.6,37.6,36,36.6,152,180885,6607409.3
30 MAY 2022,38,38,37,37.6,118,50535,1889801.9
27 MAY 2022,38.7,38.7,37.1,37.7,185,131928,4983976
26 MAY 2022,39.1,39.1,37.5,38.4,182,150354,5772487.3
25 MAY 2022,39.9,39.9,39,39.2,89,19745,775317.4
24 MAY 2022,39.8,40.2,38.9,39.6,124,74595,2965527.4
23 MAY 2022,39,40,38.3,38.9,163,214524,8330425.9
20 MAY 2022,39.5,39.5,38.5,38.8,74,24801,963516.2
19 MAY 2022,39.9,39.9,38.5,38.9,145,166874,6488866.3
18 MAY 2022,40.9,40.9,39.2,39.6,199,184333,7354380.8
17 MAY 2022,38.9,41,38.9,39.5,269,209667,8302518.1
13 MAY 2022,38,39.9,38,38.5,312,204397,7927145.9
12 MAY 2022,36,37.8,35.8,36.9,218,180985,6632978.8
9 MAY 2022,38,38,35.5,36,320,451526,16318125
6 MAY 2022,37.5,38,37,37.6,137,44234,1661731.1
5 MAY 2022,38,38,36.7,37.5,155,113001,4220011.7
4 MAY 2022,38.8,39.8,37.5,37.8,216,85681,3257413
29 APR 2022,38,38.5,37.6,37.9,243,229573,8734356.6
28 APR 2022,37.8,37.8,36.1,37.6,408,602048,22577169.2
27 APR 2022,35,38,35,37.6,361,1408812,50151732.4
26 APR 2022,36.5,36.5,35,35.3,159,261001,9240505.4
25 APR 2022,39,39,37.6,38.6,164,53431,2061451.3
8 APR 2022,41,41,39.5,39.6,374,399655,15901530.2
7 APR 2022,42,42,40,40.7,223,105876,4347863.8
6 APR 2022,43,43.4,41.7,42,293,335125,14238152.2
5 APR 2022,40.9,44.9,40.7,42.9,302,255384,10815289.3
4 APR 2022,42,42.9,37.6,39.3,467,498424,19827961.2
1 APR 2022,45,45,42,43.3,87,44614,1973052
31 MAR 2022,48,48,45.5,45.8,411,582597,26943937.6
30 MAR 2022,51.5,52.5,49.6,51.3,507,723229,36265989.5
29 MAR 2022,53,53,51,51.5,585,851138,44234654.4
28 MAR 2022,53.4,54,52.8,52.9,339,2437465,130680834.3
25 MAR 2022,53.7,54,53.2,53.5,185,185169,9921905.3
24 MAR 2022,53.8,53.9,53,53.7,183,309893,16546759.6
23 MAR 2022,54,54,53.5,53.8,142,101897,5484167
22 MAR 2022,53.1,54.5,52.7,53.2,228,427191,22898766.7
21 MAR 2022,53,54,53,53.4,126,81814,4375590.7
18 MAR 2022,52.5,53.6,52.3,52.9,137,169996,9002814.5
16 MAR 2022,53,53.2,51.9,52.2,248,375759,19573828.2
15 MAR 2022,53.3,54,52.2,52.3,327,254328,13416996.1
14 MAR 2022,54.6,54.6,53.2,53.3,110,68803,3693528.7
11 MAR 2022,53.5,54.7,53.1,53.4,190,186905,10012353.1
10 MAR 2022,53.2,54,52.5,53.7,229,209036,11188236.7
9 MAR 2022,53,54,52,52.3,411,276020,14588644.7
8 MAR 2022,54.6,54.6,53.5,53.5,260,368895,19882423.2
7 MAR 2022,54.9,54.9,54,54,164,132132,7156077.7
4 MAR 2022,54,54.7,53.2,54.2,169,486243,26337997
3 MAR 2022,54,54.3,53.5,53.6,209,128632,6930778.4
2 MAR 2022,54.7,55,53.9,54.2,200,257654,13977993.4
28 FEB 2022,53.6,55,53.6,54.9,219,201632,11007767.4
25 FEB 2022,53.1,53.9,52.9,53.6,401,663837,35233999.4
24 FEB 2022,54.5,54.9,53,53.2,449,853146,45803870.4
23 FEB 2022,54.6,54.9,53,54.5,532,430862,23163397.3
22 FEB 2022,54.5,55.8,53,54.8,385,365299,20045781.6
21 FEB 2022,56.1,56.2,53.5,54.2,537,298025,16348993.9
18 FEB 2022,56.1,56.1,55.4,55.8,549,497533,27806226.4
17 FEB 2022,55.6,56.4,55,56,1303,3270255,182901393.4
15 FEB 2022,54,54,53,53.2,185,136031,7270659.7
14 FEB 2022,52.5,54,52.5,53.8,203,229063,12211529.6
11 FEB 2022,52.5,52.9,52,52.7,193,192994,10090591.8
10 FEB 2022,51.9,52.9,51.4,52.2,307,390794,20291668.3
9 FEB 2022,52.5,53.5,51.5,51.7,321,327197,17069522.6
8 FEB 2022,53.2,53.7,51.7,52.3,417,548766,28706910.8
7 FEB 2022,53.7,54,53.3,53.5,243,177740,9505071.7
3 FEB 2022,53.5,54.7,53.3,54,223,867196,46797060.3
2 FEB 2022,54.8,54.8,53.4,53.5,221,449092,24064319.9
1 FEB 2022,53.5,54.8,53.5,53.6,226,152463,8200892.4
31 JAN 2022,54.2,54.8,53.5,53.7,312,283596,15235608.6
28 JAN 2022,54.4,54.6,53.6,54.3,233,205989,11162652.7
27 JAN 2022,54.9,55.2,53,54.6,341,752442,40945719
26 JAN 2022,55.7,55.9,54.6,54.7,268,172430,9489617
25 JAN 2022,56.5,56.5,55.6,55.9,319,948834,53148107.1
24 JAN 2022,56,56.4,55.5,56.1,378,576318,32265987.7
21 JAN 2022,55,56,55,55.8,264,310118,17199458.5
20 JAN 2022,55,55.3,55,55.1,222,522880,28815058.9
19 JAN 2022,54.5,55.8,54.5,55.1,231,1159970,63786364.8
18 JAN 2022,55,55.6,54.5,55,344,800613,43978940
13 JAN 2022,55,55.5,54,55.1,224,242237,13247053.1
12 JAN 2022,55.2,56.1,54.5,55.8,409,1055776,58616112.2
11 JAN 2022,55.9,56,53.9,55.2,499,902754,49646319.2
10 JAN 2022,53.5,56.5,53.5,55.6,1240,3334555,184660598.4
7 JAN 2022,52,53.5,51.9,53,464,1938990,102145140.1
6 JAN 2022,52,52.5,51.9,52.2,235,488107,25431194
5 JAN 2022,52,52.4,51.7,52,431,586864,30514801.4
4 JAN 2022,52,52.2,51.8,52,342,1762402,91590077.2
3 JAN 2022,52.4,52.4,51.7,52,451,1917819,99716043.8
31 DEC 2021,52,52.5,51.7,52.1,226,707377,36812158.8
30 DEC 2021,51.9,52.3,51.6,52,231,750530,38947175.6
29 DEC 2021,52.2,52.5,51.6,51.8,255,366398,18988064.8
28 DEC 2021,51.7,52.4,51.6,52.2,169,231966,12022910.8
27 DEC 2021,51.6,52,51.5,51.7,394,1006380,51923211.3
24 DEC 2021,51.6,52,51.4,51.7,111,101420,5238977.3
23 DEC 2021,51.5,52,51.4,51.6,359,731563,37698923.6
22 DEC 2021,52.2,53,51.5,51.5,269,534452,27677105.4
21 DEC 2021,52.1,52.3,51.4,51.6,530,806356,41575065.3
20 DEC 2021,52.5,53.3,52.1,52.5,355,764662,40361894.3
17 DEC 2021,53,53,52.5,52.7,335,271503,14313691.8
16 DEC 2021,52.9,53.5,52.8,53,357,2149650,113866224
15 DEC 2021,53,53.7,52.6,53.1,442,3665023,195549498.7
14 DEC 2021,53.7,53.7,53,53.5,504,2143374,114453108.2
13 DEC 2021,54,54,53.3,53.5,468,5647011,302180712.1
10 DEC 2021,54,54.2,53.5,53.9,403,2267788,121613463.6
9 DEC 2021,53.8,54.5,53.6,53.8,165,755084,40726409.2
8 DEC 2021,54,54.5,53.5,53.8,177,1270305,68227862.9
7 DEC 2021,54,54.6,53.5,54,341,2954494,159562352.8
6 DEC 2021,53.5,54.2,53.5,53.7,282,1168494,62658801.7
3 DEC 2021,53.5,53.9,53.5,53.6,243,640517,34283484.8
2 DEC 2021,53.5,54.1,53.5,53.7,374,835499,44935275
1 DEC 2021,53.7,53.8,53.4,53.6,417,1661991,88996920.2
30 NOV 2021,53.6,54,53.4,53.7,504,2332314,124870637
29 NOV 2021,53.9,54.5,53.5,54,299,736910,39832833.3
26 NOV 2021,53.7,55.2,53.5,55,444,1851722,100857627.3
25 NOV 2021,53.6,54,53.5,53.8,281,1148099,61538135.5
24 NOV 2021,53.5,53.8,53.4,53.6,260,574839,30786931.5
23 NOV 2021,54.2,54.5,53.2,53.3,227,554683,29625138.6
22 NOV 2021,53,54.9,53,53.7,279,674859,35883295.8
19 NOV 2021,53.6,53.6,53,53,427,897097,47679461.8
17 NOV 2021,53.5,54.5,53,53.6,471,1303641,69381994.6
16 NOV 2021,53.7,53.7,53,53.5,351,987760,52798966.4
15 NOV 2021,53,54,51.2,53.4,843,1038856,55377353.3
12 NOV 2021,56,56.9,55,55.5,493,1998659,111252868.7
11 NOV 2021,55.8,55.8,54.6,55.4,277,869232,47905935.4
10 NOV 2021,54.9,55.9,54.5,55.6,254,267121,14745470.8
9 NOV 2021,55.1,55.2,54.1,55,538,1127278,61985887.7
8 NOV 2021,56.3,56.3,55,55.4,374,441362,24506448.9
5 NOV 2021,56.8,56.9,56,56.2,369,348351,19639222.2
3 NOV 2021,57,57.7,56.7,56.9,312,259740,14801465.2
2 NOV 2021,57,59,56.8,57.3,323,1190252,68067377.1
1 NOV 2021,57,57.7,56.6,57.3,448,1221448,69909069.8
29 OCT 2021,57,57.2,56.1,57,349,1410666,80185533
28 OCT 2021,57,57.7,56.5,57,417,508028,29021272.4
27 OCT 2021,56.4,57,55.8,56.7,436,831571,46793154.5
26 OCT 2021,56,56.9,55.9,56.5,302,466884,26316970.1
25 OCT 2021,56.5,57,55.9,56.1,430,659155,37140632.1
22 OCT 2021,56.5,57.1,56.5,56.9,532,787262,44776439.1
21 OCT 2021,56,57.1,55.8,56.5,484,620695,35021990.8
18 OCT 2021,55.1,56.3,55,56.1,419,607112,33940924.4
15 OCT 2021,55.9,56,55,55.5,329,5887181,323273625.5
14 OCT 2021,54.5,56.5,54.5,55.7,458,11077179,604588160.3
13 OCT 2021,54.8,54.8,54,54.4,403,2008681,109222501
12 OCT 2021,54.8,55,54.4,54.5,499,1306313,71325432.9
11 OCT 2021,55.8,55.9,54.5,55,607,526732,28986254.9
8 OCT 2021,57.5,57.5,55.1,55.9,896,1108535,62071348.9
7 OCT 2021,58,59.3,57.3,57.9,1935,4658390,270857518.5
6 OCT 2021,54.8,57.9,54.7,57.3,2675,4421748,249591813.2
5 OCT 2021,53,55.4,52.9,54.6,1095,2073922,112935438.5
4 OCT 2021,52.7,52.9,52.3,52.8,305,220765,11614335
1 OCT 2021,52.7,52.7,52,52.6,367,1198671,62729679.2
30 SEP 2021,52,52.5,51.8,52,271,754763,39244856.5
29 SEP 2021,51.7,52.7,51.7,52.1,390,1091968,56822832.8
28 SEP 2021,52,52,51.5,51.7,459,1014654,52532304
27 SEP 2021,52.2,52.3,51.8,51.9,287,3856948,191358564.3
24 SEP 2021,51.7,52.2,51.7,52,293,2134930,109800765
23 SEP 2021,52,52,51.7,51.9,189,210145,10902857.6
22 SEP 2021,52,52,51.6,51.8,213,4243758,210393975.5
21 SEP 2021,52,52,51.5,51.8,351,3428932,171271414.7
17 SEP 2021,51.5,52.6,51.5,52.3,337,2256691,115084881.1
16 SEP 2021,51.7,52.3,51.5,51.9,372,4046085,201576363.8
15 SEP 2021,52,52,51.4,51.6,381,467797,24125546.4
14 SEP 2021,51.5,52,51.1,51.2,400,1281495,65604222.5
13 SEP 2021,52.2,52.2,51.5,51.5,386,1045507,53858801.4
10 SEP 2021,52.3,52.5,51.9,52.2,349,11715594,597419843.1
9 SEP 2021,51.4,52.4,51,52.2,418,5623249,288625173.8
8 SEP 2021,51.5,51.8,51,51.2,595,1350420,69080349.2
7 SEP 2021,52,52,51.2,51.5,479,1751251,90296853
6 SEP 2021,52,52.1,51.5,52,313,462010,23971938.3
3 SEP 2021,53,53.3,51.9,52,411,2939893,151441332.7
2 SEP 2021,52,53.3,51.6,52.9,554,1368696,71422331.7
1 SEP 2021,52.1,52.3,51.5,51.9,493,1751871,90468869.1
31 AUG 2021,51.5,53,51.1,52.4,564,3220498,166193204.4
30 AUG 2021,52.6,52.6,51.5,51.7,639,882035,45786076.4
27 AUG 2021,55,55,52,52.7,806,1698056,89951283
26 AUG 2021,51,56.5,50.5,54,2073,5372822,289243797
25 AUG 2021,51.2,52,50.9,51,419,770219,39336658.7
24 AUG 2021,50.2,51.9,50,51,596,1075725,54639809.2
23 AUG 2021,50.6,50.8,49.9,50.1,919,2196851,110097987.7
20 AUG 2021,50.5,50.7,50.3,50.6,309,509275,25737003.7
19 AUG 2021,50.2,50.6,50.2,50.5,309,784153,39562911.4
18 AUG 2021,50.8,50.8,50,50.1,617,447940,22484694.3
17 AUG 2021,50.5,50.8,50.2,50.6,220,223699,11297843
16 AUG 2021,50.5,50.7,50,50.3,152,48053,2414506.5
13 AUG 2021,50.5,51,50.4,50.6,241,139121,7036014.2
12 AUG 2021,50.2,50.3,49.7,50,488,742892,37156626.5
11 AUG 2021,50,50.6,49.6,50.4,391,533101,26699793.8
10 AUG 2021,50.5,50.5,49.6,50,782,1446458,72349160.1
9 AUG 2021,50.7,50.8,50,50.1,827,1576370,78941918
6 AUG 2021,50.7,50.9,50.4,50.6,545,1156115,58410763.8
5 AUG 2021,50.9,51.6,50.4,50.7,536,1726276,88160160.2
4 AUG 2021,51,51.6,50.5,51.1,496,1226069,62552405.8
3 AUG 2021,51,51.5,50.3,50.6,1352,2271755,115094321.5
2 AUG 2021,52,52,51,51.1,638,649001,33271953.6
30 JUL 2021,51.8,52,51.5,51.6,377,292532,15108258.3
29 JUL 2021,51.8,52.1,51.7,51.8,237,225782,11708832.2
28 JUL 2021,51.7,52,51.3,51.6,264,326205,16846815.3
27 JUL 2021,51.5,52,51,51.4,552,723302,37025308.5
26 JUL 2021,52,52,51,51.3,1017,1094503,56038555.8
22 JUL 2021,52.6,52.9,51.9,52.1,1009,946046,49396550.8
20 JUL 2021,53.5,53.5,52.4,52.6,773,1046799,55133720.5
19 JUL 2021,53,53.4,52.8,53.2,327,339709,18028882.3
16 JUL 2021,53.2,53.7,53,53,230,214011,11391892.3
15 JUL 2021,53.3,53.9,53,53.3,253,360498,19218058.7
14 JUL 2021,52.5,53.8,52.4,52.9,244,374766,19745934.3
13 JUL 2021,52.5,52.7,52,52.5,296,618980,32435938.5
12 JUL 2021,53,53,52.2,52.4,356,325990,17090839.6
9 JUL 2021,53,53,52.5,52.7,264,163937,8655050.2
8 JUL 2021,52.5,53,52.4,52.7,235,581062,30719311.7
7 JUL 2021,52.4,52.4,52,52.2,224,203069,10589845.1
6 JUL 2021,52.4,52.4,52.1,52.2,190,211842,11055464.2
5 JUL 2021,52.4,52.5,52,52.2,470,679329,35369640.8
2 JUL 2021,53,53,52.3,52.5,671,1618845,84903990.7
1 JUL 2021,53,53.5,52.7,53,244,262738,13896366.8
30 JUN 2021,53.5,53.5,52.5,52.6,527,299518,15819858.2
29 JUN 2021,54,54,53.1,53.5,481,571029,30590740.4
28 JUN 2021,54.2,54.5,54,54.1,294,444536,24056912.2
25 JUN 2021,54.3,54.5,53.9,54.2,347,828315,44750809.5
23 JUN 2021,54.5,54.7,53.8,54.1,371,513720,27809394.1
22 JUN 2021,55,55,54.5,54.6,374,767475,41947529.9
21 JUN 2021,55.2,55.2,54.9,55.1,340,1191337,65571643.9
18 JUN 2021,55.2,55.3,55,55.2,298,640776,35342336.4
17 JUN 2021,55.3,55.5,55,55.2,258,572331,31609504.9
16 JUN 2021,55,55.5,55,55,317,537648,29600736.6
15 JUN 2021,55.8,56,55,55.1,340,642223,35507491
14 JUN 2021,55.1,55.9,54.9,55.7,371,733491,40558978.3
11 JUN 2021,55.9,55.9,55.3,55.5,292,452358,25127697.6
10 JUN 2021,55,56,54.8,55.4,464,1147892,63612256.7
9 JUN 2021,55,55.2,54.7,55,354,300442,16501234.1
8 JUN 2021,55.3,55.4,54.9,55.1,510,757853,41731978
7 JUN 2021,55.8,55.9,55.1,55.2,446,481628,26717662.3
4 JUN 2021,55,56.1,55,55.8,422,1223211,68251287.5
3 JUN 2021,55.9,56,55.1,55.9,407,991536,55306826.5
2 JUN 2021,55.9,56,55.1,55.7,433,959360,53569568
1 JUN 2021,55.6,56.1,54.7,55.7,676,946537,52310238.3
31 MAY 2021,56,56.8,55,55.6,1000,1871821,104870662.3
28 MAY 2021,54.8,56.6,54.8,55.9,1539,2592232,144284095.4
25 MAY 2021,52.8,54.7,52.8,54.3,1067,1461931,78854669.1
24 MAY 2021,52,52.9,51.8,52.7,412,707337,37011735.8
21 MAY 2021,52.7,52.7,51.6,52.1,559,2295477,119543701.9
20 MAY 2021,52.9,52.9,51.8,52,362,1601189,83216453.3
19 MAY 2021,52.2,52.9,51.9,52.4,458,528819,27581817.2
18 MAY 2021,52.2,52.3,51.7,52.2,560,1120518,58288417.9
17 MAY 2021,50.6,52,50.6,51.9,462,606055,31285480.8
13 MAY 2021,49.8,50.7,49.7,50.2,401,373219,18772812.1
12 MAY 2021,50.1,51.4,49.9,50.2,498,660741,33409068.2
11 MAY 2021,49.9,50,49.3,49.7,402,244294,12161478.3
10 MAY 2021,51.1,51.1,49.8,49.9,586,951202,47562091.8
7 MAY 2021,50.2,51.4,50.1,51,470,1832013,93854115.2
6 MAY 2021,50,51,50,50.1,372,821095,41101709.8
5 MAY 2021,50,50,49.3,49.7,303,1510561,76221149.9
4 MAY 2021,49.2,50,49,49.4,447,721133,35506059.1
3 MAY 2021,50,50,49.1,49.2,467,847113,43099700
30 APR 2021,48.9,50.1,48.8,49.8,238,183967,9138470.3
29 APR 2021,49.6,49.8,48.5,48.7,773,793776,38714486.1
28 APR 2021,48.3,49.8,48.2,49.5,722,808588,39862775.2
27 APR 2021,49.8,49.8,48,48.3,1559,1463862,71090210
23 APR 2021,50.5,50.6,49.9,50.1,1402,3801097,190571746.4
22 APR 2021,51.8,51.9,50.9,51,829,2375465,121467629.7
21 APR 2021,51.5,52,50.5,51.6,1257,1938172,99203455.1
20 APR 2021,54,54,51.5,51.8,1638,1945466,101597295.3
19 APR 2021,54,54.1,53.4,53.5,676,778156,41704115.6
16 APR 2021,54.8,54.8,53.6,53.9,548,531892,28665613.3
15 APR 2021,55,55,53.7,53.9,1030,1649670,89438086.1
12 APR 2021,55.9,55.9,54.1,54.8,608,759835,41823855.3
9 APR 2021,56,56.5,55.1,55.4,702,1930154,107913410.8
8 APR 2021,53.9,56.1,53.6,55.8,885,4786052,260788363.1
7 APR 2021,54,54.3,53.5,53.9,698,3137676,169131620.7
6 APR 2021,52.5,54,52.5,53.5,693,2818549,149830892.9
5 APR 2021,53.5,53.6,52.2,52.4,1216,1775889,93295674
1 APR 2021,53.8,53.8,53.3,53.5,726,628215,33606679.9
31 MAR 2021,54.3,54.3,53,53.8,989,559907,30045766.9
30 MAR 2021,57,57,56.4,56.6,1103,1374326,77999468.8
29 MAR 2021,57,57.5,56.5,56.8,1137,1220999,69509115.4
26 MAR 2021,55,57,54.2,56.1,1001,2188139,123358022.8
25 MAR 2021,55,56,54,54.9,1158,1009880,55630799.1
24 MAR 2021,51.8,54.9,51,54.7,1296,1884622,100242113.4
23 MAR 2021,54.9,54.9,50,51.5,1351,1244941,63740857.2
17 MAR 2021,154.75,154.75,153.75,154.25,495,589857,90951297
16 MAR 2021,156,156,153.25,154.25,418,312670,48217152
15 MAR 2021,155,156,154,154.25,404,595268,92242665
12 MAR 2021,155,156.5,154.25,155,375,519597,80572078.25
10 MAR 2021,157,157,152.5,153,391,142239,21802722
9 MAR 2021,154,159,154,155.25,599,254402,39729646.5
8 MAR 2021,154,154,151,153.25,510,321280,49067379.75
5 MAR 2021,151,152.75,149.25,150.25,820,1033575,155238891.5
4 MAR 2021,154,154,150.25,150.5,533,211773,32014957.5
3 MAR 2021,157.5,157.5,150.25,151,732,343442,52056523.25
2 MAR 2021,156,157,154,154.5,685,4020982,623578908.75
1 MAR 2021,159,159,156,156.5,449,232565,36516889.5
25 FEB 2021,154,158,154,155.75,642,5127803,793186012.75
24 FEB 2021,155,156,153,154,646,2256553,346340167.5
23 FEB 2021,159.75,159.75,154,154.5,884,921045,143481142
22 FEB 2021,160,162,158,158.25,670,230109,36486349.25
19 FEB 2021,160,160,157.5,159.5,836,2172373,344592845.25
18 FEB 2021,163,164,158,160,734,1052014,168401231.5
17 FEB 2021,164.75,164.75,155.25,160,1344,1214466,194007778.25
16 FEB 2021,169.75,174.75,163.75,165,1102,1736330,286910782.75
15 FEB 2021,176,180,166.75,167.75,1239,1112594,188449367.25
12 FEB 2021,166,175,166,174.25,1559,1246369,212283992.25
11 FEB 2021,165,166.75,145.5,165,1863,1267746,200691018
10 FEB 2021,167.5,169,163,163.75,1140,836304,137882740.75
9 FEB 2021,170,170,160.5,167.5,1490,802338,132277527.5
8 FEB 2021,180,180,168.75,169.25,2313,1728418,297154898.75
5 FEB 2021,183,183,175.25,176.25,2108,3198324,570604152.75
3 FEB 2021,183,190,175,179.75,2211,1907802,343970118.25
2 FEB 2021,196,197,175.5,180.5,2749,2394310,444925689
1 FEB 2021,209,210,193.25,195.25,3824,2948613,590381193.75
29 JAN 2021,205.5,250,197.75,201.5,11385,14479834,2996627184.25
27 JAN 2021,170,170,165.25,166.75,728,667894,111744899.25
26 JAN 2021,174.5,175,169,170.25,767,1249126,214418661.25
25 JAN 2021,165,174,164.25,171.5,976,1385214,233962552.75
22 JAN 2021,166.25,167.5,161.75,163.25,816,1216227,197689254.5
21 JAN 2021,167,169.5,162.25,165.5,827,3632132,614755184.25
20 JAN 2021,165,170,157.25,166.75,1670,1449326,240367020.5
19 JAN 2021,148,166.5,148,162,1885,1724527,270720145.75
18 JAN 2021,143,150,143,146.75,991,1317650,193381805
15 JAN 2021,138,143,138,141.25,573,494739,69393995.5
13 JAN 2021,140,140,137.5,138.25,576,259141,35973412
12 JAN 2021,141,141,139.5,140,329,232347,32585398.5
11 JAN 2021,142,142.5,141,141,273,291868,41344175
8 JAN 2021,141.5,142.5,141,142,244,369160,52373014
7 JAN 2021,141.5,141.7,139,141.3,383,270983,38123823.1
6 JAN 2021,142.5,142.9,137.1,141.7,452,244381,34547742.2
5 JAN 2021,141.1,143.4,141,142.5,626,846367,120814595.2
4 JAN 2021,138,141.1,136,140.8,603,428414,59777266.3
31 DEC 2020,134.5,138,134.5,135.6,279,228809,30939747.4
30 DEC 2020,134.5,135.5,134.3,134.5,240,107002,14430311.7
28 DEC 2020,134,135.5,133.8,134.6,244,108617,14615299.7
24 DEC 2020,132,134.4,131.6,133.8,287,201322,26844355.4
23 DEC 2020,130.1,131.5,130.1,131.3,202,364119,47706113.6
22 DEC 2020,131.6,132,130,130.5,415,119129,15533887.8
21 DEC 2020,133.5,134,131.8,132,318,110161,14593160.9
18 DEC 2020,133,134,132.5,133.2,231,152177,20296552.7
17 DEC 2020,133.9,133.9,132,133.1,350,318473,42391328.5
16 DEC 2020,134.5,135,133.8,134.1,303,267486,35862348.4
15 DEC 2020,136.9,136.9,134.1,134.5,294,193720,26106627.5
14 DEC 2020,135,136.9,135,135.9,339,179404,24262851.3
11 DEC 2020,137.5,137.5,135,135.4,445,179449,24320818.2
10 DEC 2020,139.9,139.9,137.2,137.7,470,372191,51272014.5
9 DEC 2020,139.8,143.2,137.5,139.4,1137,736240,103093637.6
8 DEC 2020,136,139.5,136,139.1,891,640175,88854233.5
7 DEC 2020,132.6,136.1,132.6,135.8,864,399399,54135633.4
4 DEC 2020,130,132.6,130,132,353,191505,25205373.8
3 DEC 2020,130.9,131,129,130,294,403340,52331688.2
2 DEC 2020,129.3,131,129.3,130.2,515,238888,31069334.8
1 DEC 2020,127,129,127,128.6,428,235364,30216736.1
30 NOV 2020,125,127,124.7,125.7,293,181041,22687647.5
27 NOV 2020,124.2,125.3,124.2,125,174,152488,19042997.5
26 NOV 2020,124.2,125,124,124.5,189,235302,29297812.4
25 NOV 2020,124.2,124.8,124,124.3,220,140284,17443801.4
24 NOV 2020,124.4,124.9,123.9,124.2,243,74832,9286550.7
23 NOV 2020,125,125,124.1,124.7,133,56732,7073206.7
20 NOV 2020,125,125,124,124.1,118,46647,5792207.9
19 NOV 2020,124.5,125,123.9,124,182,59934,7443944.1
18 NOV 2020,125,125.1,123.6,124.2,222,110055,13681445.2
17 NOV 2020,124,125.2,123.6,124.4,292,121622,15127892.3
16 NOV 2020,126,126.8,124,124.4,348,1047549,130433085.3
13 NOV 2020,124,126.4,123.9,125,456,1927561,240941454.8
12 NOV 2020,125,125.3,123.5,124.6,622,586087,72808859.2
11 NOV 2020,128,130,127.5,128,574,477384,61268525.4
10 NOV 2020,125.1,127.9,125,126.9,471,446331,56435101.2
9 NOV 2020,125,125.7,123.9,124.9,420,340909,42387354.5
6 NOV 2020,123,125,122.5,124.1,347,240451,29782199.3
5 NOV 2020,122.6,123.1,121.8,122.8,362,376083,46011701.2
4 NOV 2020,121.3,122.5,121.3,122,237,230570,28136610.3
3 NOV 2020,121.9,121.9,120,121.1,236,83008,10054363.5
2 NOV 2020,120,121.9,119,120.1,525,194803,23410762.3
29 OCT 2020,120.2,122,120,121.6,183,36465,4418250.9
28 OCT 2020,121.5,122.4,119,119.7,483,165311,19861868.6
27 OCT 2020,122.4,122.4,120.6,121,315,122868,14889971.7
26 OCT 2020,121.1,122,120,120.8,568,159562,19265571.9
23 OCT 2020,123,125,122.6,123.2,279,121266,14989873.5
22 OCT 2020,120,124,118.9,121.8,519,648514,78456630.2
21 OCT 2020,125,125.5,121.6,122.1,588,527371,65314699.3
20 OCT 2020,124.5,126,124,125.4,347,621298,77768042.4
19 OCT 2020,124.5,125.5,124,124.5,266,359553,44749556
16 OCT 2020,124.5,125,123.7,124,323,364662,45276168.1
15 OCT 2020,124.7,126.5,123.6,124.5,329,364824,45554463.6
14 OCT 2020,122.2,126.5,121,124.7,476,362788,44844109.4
13 OCT 2020,124,125,121.8,122.1,556,614493,75148061.3
12 OCT 2020,125,126.9,123.6,123.8,451,159778,19926013.2
9 OCT 2020,123,127,123,125,484,260982,32652004.3
8 OCT 2020,120,122.7,120,122,608,624407,75678837.6
7 OCT 2020,120.6,122.6,118.9,119.6,951,1123736,135468581.1
6 OCT 2020,121,124.9,117.9,120.8,1292,701961,85158317.3
5 OCT 2020,126.9,126.9,117,123.3,1314,1030899,126895472.7
2 OCT 2020,132,133,129,130.3,732,466931,61215772.3
30 SEP 2020,133,133,129.3,132,821,868225,113447182.5
29 SEP 2020,135.6,135.6,133.9,134.4,561,896184,120196969.1
28 SEP 2020,135,135.5,134.1,135,334,312563,42133397.2
25 SEP 2020,134.2,135,134.1,134.5,282,330995,44510816.4
24 SEP 2020,135,135.8,134.3,134.7,261,375300,50721154.2
23 SEP 2020,135.5,136,133.5,134.3,496,660616,89146573.7
22 SEP 2020,137.9,138,134.8,135.1,560,701580,94911789.9
21 SEP 2020,138.9,139.1,134,136.6,1011,1509565,205481299.7
18 SEP 2020,135,140.8,135,137,1335,1731574,238542717
17 SEP 2020,127,134,127,132.4,1060,920591,120497614.4
16 SEP 2020,126,127.9,125.8,126.5,378,265729,33570934.1
15 SEP 2020,127,127.9,125.5,126,325,787721,99328137.8
14 SEP 2020,124.6,127,124.6,126.4,364,2050851,257542135.3
11 SEP 2020,122.9,124.1,122.7,124,173,668942,82586566.1
10 SEP 2020,124.3,124.3,122,122.5,487,1464924,180127379.2
9 SEP 2020,123,124.7,122.6,123.3,403,516305,63745414.8
8 SEP 2020,122.8,123.5,122,122.2,414,393750,48433502.6
7 SEP 2020,123.6,124,122,122.1,438,138539,17006741.6
4 SEP 2020,124.6,124.8,123.4,123.7,446,228297,28247782.6
3 SEP 2020,125.1,125.5,124.5,124.6,206,142925,17856150.2
2 SEP 2020,126,126,124.4,124.9,301,374223,46758765.9
31 AUG 2020,125.5,125.9,124.8,125,295,202590,25347515.9
28 AUG 2020,125.5,125.5,123.2,125,331,789765,98697840.3
27 AUG 2020,126.2,126.9,124.5,124.9,561,625041,78118132.6
26 AUG 2020,126,126.9,125.9,126,264,817001,102950144.2
25 AUG 2020,127,127,125.9,126,369,356233,45009405.8
24 AUG 2020,128,128,126,126.6,357,355803,45105540.8
21 AUG 2020,128,128.2,126,126.5,388,1702586,216179643.5
20 AUG 2020,128,128.5,126.9,127,396,557829,70988764.8
19 AUG 2020,128,128.1,127,128,363,441965,56466603.3
18 AUG 2020,128.5,128.5,126.5,127.8,308,511226,65263035.1
17 AUG 2020,129,130,127.7,128.5,243,419748,54071689.5
14 AUG 2020,129,130,128.5,129,426,1876962,242333491.4
13 AUG 2020,127.6,129.3,127,129,469,761236,97692217
12 AUG 2020,125,128,124.9,127.5,496,3787807,476862245.5
11 AUG 2020,123.2,125,123,124.9,239,2029966,253699560.7
10 AUG 2020,124.9,125,122.8,123.5,252,222183,27390890.7
7 AUG 2020,125,126.3,123.6,124,327,526147,65507452.9
6 AUG 2020,125,125,123.9,124.9,204,405614,50615907
5 AUG 2020,124,125.5,122.9,123.6,231,211253,26137593.7
4 AUG 2020,122.1,124,122.1,123.7,378,259444,31990333
31 JUL 2020,121.5,122.4,121.4,122,324,585934,71454163.5
30 JUL 2020,121.8,122,120.8,121,153,113328,13723198.1
29 JUL 2020,123,123,120.9,121.4,241,1005622,121927595.2
28 JUL 2020,122,123,122,122.4,161,138821,17011173.5
27 JUL 2020,120,122,119,121.6,300,486909,59033291.4
24 JUL 2020,118.9,119.7,118.4,119.1,300,346238,41011294
23 JUL 2020,119,119,118.6,118.8,280,150351,17862286.3
22 JUL 2020,120,120,118.9,119.1,283,230438,27500284.4
21 JUL 2020,123,123,119.1,119.9,422,770716,92384384.2
20 JUL 2020,122,122.5,121,121.1,490,442926,53806833
17 JUL 2020,121,121.9,121,121.5,217,1139217,138071577.2
16 JUL 2020,118.9,120.5,118.8,120,182,264144,31676106.9
15 JUL 2020,119,119,116,118.1,240,177736,20976977.2
14 JUL 2020,116,120.6,115,118.8,489,578511,68561395.2
13 JUL 2020,118,118.5,109.2,116.4,872,596510,68960884.3
10 JUL 2020,122,122.5,118.5,121.2,656,812146,98420955
9 JUL 2020,124,125,123,124.4,197,160437,19931293
8 JUL 2020,125,125,122.5,122.8,199,65210,8028745.9
7 JUL 2020,121,125.4,121,124.9,314,991861,123495904.8
6 JUL 2020,122,122.1,118,120,651,994034,119293234.6
3 JUL 2020,123.5,123.5,121.1,122.1,442,259711,31682077.8
2 JUL 2020,126,126.5,120.1,125,412,605371,75438347.2
1 JUL 2020,126.5,126.7,125.8,126.2,264,637988,80581148.9
30 JUN 2020,126.3,126.9,125.5,126.4,232,1557146,196730071.5
29 JUN 2020,126,126.9,126,126.2,298,213763,26978548.3
26 JUN 2020,126.5,127,124.9,125.8,539,405365,50771748.4
25 JUN 2020,129,129,125,126.4,479,597770,75372918.5
24 JUN 2020,129.4,129.4,125.4,127.1,674,390122,49708356.3
23 JUN 2020,126,130,126,128.9,718,587857,75494032.3
22 JUN 2020,119.9,126,119.8,125.2,670,429642,52743489.6
19 JUN 2020,119,120,117.7,119.2,456,737202,87279464.4
18 JUN 2020,118,120.9,118,119,535,507829,60537093.3
17 JUN 2020,115.1,117.7,115.1,117,494,371949,43441828
16 JUN 2020,111,114.8,111,114,436,326263,37021171
15 JUN 2020,109,111,109,110.6,384,1530339,167783520.8
12 JUN 2020,109,110.9,108,109.3,476,776451,84730014.8
11 JUN 2020,108,109.9,108,109,453,2819051,307501579.4
10 JUN 2020,108,110,107.5,108,447,239024,25808372
9 JUN 2020,107,110.9,107,108,575,412171,44629804.2
8 JUN 2020,106.5,106.8,106,106.5,591,1821895,193464183.3
4 JUN 2020,106,106,104.5,104.9,389,1054100,110264479.1
3 JUN 2020,105,108,103,105.4,1419,766781,80520086.3
2 JUN 2020,115,117,114.9,115,1267,1486047,170956010.9
1 JUN 2020,118.6,119,113,113.3,1457,1206483,138396434.1
29 MAY 2020,123,123,117.9,118.6,1049,1231381,146824324
28 MAY 2020,120,122.9,119.5,120,488,310504,37312798.9
27 MAY 2020,118,120,117.5,117.6,817,929068,109571529.9
26 MAY 2020,122,122,116.9,117.2,1078,774322,92280551.5
22 MAY 2020,124.9,125,121.4,121.9,1010,1328678,163976659.2
21 MAY 2020,119.8,125,119.8,123.9,752,523838,64648846.7
20 MAY 2020,116,119.8,114,117.2,725,5227424,606308121.1
19 MAY 2020,117,118.9,114.6,115,752,1091625,126080004.9
18 MAY 2020,113,116,111.5,112.6,1011,965039,108329855.5
15 MAY 2020,106,110,105.8,109,556,272560,29541087.2
14 MAY 2020,100,106,99.9,103.3,1053,1217546,122335135.1
13 MAY 2020,105.9,114,100,103.5,852,406196,42740114.7
12 MAY 2020,97,104,96,99.9,1043,1036993,102323545.5
11 MAY 2020,100,100,100,100,111,44163,4416300
20 MAR 2020,130,130,117.7,119,900,764442,91534023.8
13 MAR 2020,139.2,140,129,134.8,1010,1291711,171604295.1
12 MAR 2020,146,146,139,140,846,787637,110680125.9
11 MAR 2020,145.1,149.8,145.1,147,408,211293,31081193.4
10 MAR 2020,150,150,144,145.9,740,429337,62585299.9
6 MAR 2020,153.2,153.2,152.2,152.5,310,416964,63589959.2
5 MAR 2020,155,155,152.5,153.8,400,778432,119731722.1
4 MAR 2020,159,159,154,154.5,443,290531,45127449.1
3 MAR 2020,158.5,160.1,158.5,159,133,46308,7388983.7
2 MAR 2020,159.5,160,156,156.6,423,218187,34337567.9
28 FEB 2020,160,160.5,159,159.5,278,396793,63434447.8
27 FEB 2020,160,163,160,160.2,163,319528,51335657.7
26 FEB 2020,163.5,163.5,159.9,160,293,281418,45057885.2
25 FEB 2020,166,166,163,163,308,534184,87200645.5
24 FEB 2020,166.1,167,165.2,165.5,105,57169,9477194.3
20 FEB 2020,167.5,167.5,165.5,166,118,149902,24992519.9
19 FEB 2020,167,168.4,166,167.8,140,183356,30760525.9
18 FEB 2020,166.5,167,164.5,167,172,221454,36825303.4
17 FEB 2020,167,169,166,166.3,323,423295,70688313.9
14 FEB 2020,163.5,170,163.5,166.9,602,454291,75972042.9
13 FEB 2020,160,161.9,160,160.6,83,43005,6890226
12 FEB 2020,160,162,159.1,160,81,481642,77055567.4
11 FEB 2020,161.5,161.5,159,160,115,225843,36134425.3
10 FEB 2020,161.5,163,160,160.1,110,156684,25136465.5
7 FEB 2020,163,163,161,161.3,74,18618,3006590.2
6 FEB 2020,163.1,163.9,162.2,163.2,72,108636,17668363.5
5 FEB 2020,163.9,163.9,162.9,162.9,50,117317,19112479.2
3 FEB 2020,163.9,164,162.2,163.2,57,186007,30373577.6
31 JAN 2020,164,164.4,163,163.2,64,32400,5310895.6
30 JAN 2020,164,165.4,162,164,74,1515652,248564940.6
29 JAN 2020,160.3,165.4,160,164.5,146,737069,120944957.6
28 JAN 2020,158,164,158,160.2,112,60559,9682000.7
27 JAN 2020,164,164.1,160.3,161.2,98,33924,5505545.3
24 JAN 2020,165.7,166,163.5,164.6,93,128338,21272176.1
23 JAN 2020,160.9,167,160.5,164.7,253,642031,105271764.4
22 JAN 2020,158,162,158,160.5,189,381058,61293512.4
21 JAN 2020,154.1,158.5,154,157.8,211,593757,91653365.1
20 JAN 2020,152.1,154,152,153,77,39065,5972836.3
17 JAN 2020,153,153.5,152,152.5,119,86044,13129922.4
16 JAN 2020,154.5,154.5,152,152.1,146,50573,7718322.8
14 JAN 2020,154,154.9,152.5,153,111,118361,18111628.3
13 JAN 2020,157,157,151.4,151.8,429,390930,59863675.7
9 JAN 2020,157.8,159.9,154.8,155,360,475442,73846347.8
8 JAN 2020,155,157.7,152.1,153.5,296,223009,34281462
7 JAN 2020,160,160,154.6,155.2,422,5889387,935802526.7
6 JAN 2020,161.1,161.9,158.7,159.6,333,78825,12600657.8
3 JAN 2020,165,165,161,161.4,338,125377,20294538.2
2 JAN 2020,166.9,166.9,163,163.2,175,61905,10102233.9
31 DEC 2019,169,169,162,162.4,658,315068,51655460.6
30 DEC 2019,169,169,167.5,168.3,110,176407,29726950.5
27 DEC 2019,168.9,170.9,168.6,168.9,109,141803,23968164.9
26 DEC 2019,167.9,169.4,166.7,168.6,42,6104,1029926.2
24 DEC 2019,166.9,168.9,165.1,167.8,78,4993,836852.4
23 DEC 2019,166.1,167,165,165,196,183677,30354704.4
20 DEC 2019,167,167,166,166.9,140,18327,3053486.9
19 DEC 2019,167.6,168.1,166.9,167,79,161306,26938063
18 DEC 2019,167.1,168.1,167,168,81,81147,13557376.7
17 DEC 2019,167.9,167.9,167,167,83,88126,14718320.3
16 DEC 2019,166.6,169,166.6,167,103,45261,7573287.2
13 DEC 2019,169,170,167.8,168.6,114,25105,4236157.3
12 DEC 2019,166.9,169,166.9,167.6,45,4936,828160.7
10 DEC 2019,169.7,169.7,166,166.3,121,47120,7861496.6
9 DEC 2019,168,170,166.8,167,285,540440,90345492.2
6 DEC 2019,168.9,169,167.5,167.6,118,32863,5519843.6
5 DEC 2019,171.5,171.5,167.7,167.9,249,321243,53998637.5
4 DEC 2019,171.5,172,171,171.3,114,131896,22596343.6
3 DEC 2019,173,173,171,171,114,81457,13992263.4
2 DEC 2019,172,174,172,172,149,315323,54476880.7
29 NOV 2019,172.1,174.9,171.9,174.2,400,1081870,188212756.2
28 NOV 2019,170,174.5,170,171.5,397,721266,124361794.8
27 NOV 2019,168,168.5,167.1,167.9,219,222529,37367859.1
26 NOV 2019,167,169.9,166.7,168,136,187324,31400717.9
25 NOV 2019,168.7,169.5,166.9,167.3,265,420175,70324542.9
22 NOV 2019,169.1,169.8,168,168.3,221,190930,32102602.7
21 NOV 2019,172.4,172.4,169.2,169.5,205,155969,26509233.4
20 NOV 2019,172.1,174.3,169.9,170.3,298,352685,60207630.9
19 NOV 2019,172.9,174.3,171.3,172.8,322,433488,75279368.6
18 NOV 2019,175,176.9,171,171.2,387,426933,73578418.4
15 NOV 2019,169.9,169.9,169,169.7,310,339745,57666702.3
14 NOV 2019,170,170.4,169.5,169.5,235,668360,113470602.2
13 NOV 2019,168.7,170.4,168,169.9,227,403640,68584913.1
8 NOV 2019,165.6,168,164.6,166.9,235,464018,76744453.2
7 NOV 2019,168,168,165,165.1,283,511060,84769043.6
6 NOV 2019,170,170.4,167.2,167.8,229,263729,44351661.5
5 NOV 2019,171,171,168.9,169.2,220,161802,27462318.7
4 NOV 2019,171,172,170,170.9,144,105337,17944905.1
1 NOV 2019,169.9,172,169.9,170.5,253,551572,93864900.3
31 OCT 2019,169.1,170,169.1,169.9,199,467585,79457450.9
30 OCT 2019,169.6,170,169,169,185,185757,31432714.8
29 OCT 2019,169,170,168.7,169.9,167,223721,37900293.2
28 OCT 2019,169.5,169.5,168,168.6,130,141993,23922802.5
25 OCT 2019,168.6,169,168,168.9,157,192611,32530318.7
24 OCT 2019,169.2,169.8,168.5,169,184,680825,115061377.6
23 OCT 2019,168.9,168.9,167.9,168.3,102,97793,16474741.6
22 OCT 2019,166.9,169.4,166,168.8,367,825266,138810693.6
21 OCT 2019,165.5,169.9,165.5,166.6,158,239064,39638391.8
18 OCT 2019,166,166,164,165.7,109,186129,30710143.7
17 OCT 2019,165,166.4,165,166,44,21807,3603903.5
16 OCT 2019,167,168.6,164,166.5,179,387437,63933841.9
15 OCT 2019,167.5,167.5,163.5,165,242,154086,25417206.5
14 OCT 2019,166,169.8,165,167.8,269,183134,30755816
11 OCT 2019,166,166,164.5,165,116,160851,26541043.3
10 OCT 2019,165.9,168,163.5,165,334,311759,51626330
9 OCT 2019,159.9,165.7,158,165.1,399,469631,76585554.8
8 OCT 2019,157.9,158,156.5,157.2,146,85034,13327266.2
7 OCT 2019,155.5,158,155.5,156.5,73,17666,2763463.5
4 OCT 2019,153,155.4,152.9,153,131,293874,44970626
3 OCT 2019,154.9,154.9,152.8,153.1,74,77968,11930910.8
2 OCT 2019,155,155,152.6,152.8,104,96065,14697366
1 OCT 2019,153.5,155.9,152.3,153.1,88,31483,4813265.3
30 SEP 2019,153,153,153,153,176,601306,91997339.4
27 SEP 2019,153,156.9,152.5,152.9,204,74595,11422460.3
26 SEP 2019,152.1,153,152.1,152.9,119,66123,10102206.4
25 SEP 2019,154,156.3,152.1,152.5,247,126494,19355253.2
24 SEP 2019,154.9,154.9,153.5,153.5,114,66532,10232186.5
23 SEP 2019,157,157,154,154.4,150,56858,8796993
20 SEP 2019,157.5,157.5,154.9,154.9,305,1201545,186193740.2
19 SEP 2019,156,160.5,156,158.7,168,218989,34675005.1
18 SEP 2019,156,159.9,155,156.2,156,933361,144812446.9
17 SEP 2019,158,158.5,156.2,156.6,199,151759,23790626.6
16 SEP 2019,160,160,158,158.1,133,109510,17350363
12 SEP 2019,159.9,159.9,158.7,159.7,85,174464,27770568.6
11 SEP 2019,158,159.8,157,158,167,97385,15321045.8
10 SEP 2019,160,160,157.7,158,245,550042,87147023.4
10 SEP 2019,160,160,157.7,158,245,550042,87147023.4
9 SEP 2019,159.5,162.9,159.5,159.7,151,53046,8483939.7
6 SEP 2019,160.1,161,158.1,158.5,306,738229,117091932.1
5 SEP 2019,164.3,164.3,160,160.7,247,141168,22800305.3
4 SEP 2019,165,165,163.5,164,124,756756,124679992.9
3 SEP 2019,165,164.5,164.5,165,136,785192,129272120
2 SEP 2019,168,168,165,165.5,144,285848,47454806.2
30 AUG 2019,169.8,169.8,166,167,200,159205,26659554
29 AUG 2019,170.1,170.1,168.5,169,82,207860,35129773.1
28 AUG 2019,170,171.3,168.5,169.2,138,112377,19078295.9
27 AUG 2019,167.9,170.1,166.8,170,241,314626,53373945.9
26 AUG 2019,169.8,169.8,166,166.9,115,255039,42418011.5
23 AUG 2019,169.9,169.9,166.1,166.3,158,438843,73040360.9
22 AUG 2019,168.1,168.9,166.8,167.1,112,202331,34138260.6
21 AUG 2019,168.4,171,168.4,168.9,212,400225,67901718
20 AUG 2019,166.5,168.7,165.5,168,180,97352,16333879.5
19 AUG 2019,164,167,164,165.4,234,1757704,290031347.9
16 AUG 2019,164,164.8,163,163.1,189,175751,28667170.7
15 AUG 2019,164.5,164.5,162.6,162.9,179,256603,41839711.3
13 AUG 2019,172,174,164.8,165,443,233830,38995262.8
9 AUG 2019,162,167.8,159.9,165.5,627,714633,116688697
8 AUG 2019,164.9,164.9,161.8,162.2,184,191186,30998966.7
7 AUG 2019,160,163.5,159.7,162.2,443,318545,51142338.4
6 AUG 2019,162.5,162.5,159.3,159.9,501,377282,60345875.7
5 AUG 2019,168,168,162.6,163.4,251,71905,11812729
2 AUG 2019,165,169,159.1,166.8,490,428028,69596831.9
1 AUG 2019,174.9,174.9,165.2,167,364,242319,40977994.7
31 JUL 2019,174.9,180,169.7,169.9,533,725677,125089703.3
30 JUL 2019,180,184.5,173.5,175.5,953,824119,146484748.7
29 JUL 2019,168,181,168,179.6,888,798997,141067399.8
26 JUL 2019,166.9,168.8,164.7,168.2,481,490299,81572719
25 JUL 2019,162,169.4,161.1,165.1,596,464606,76903757.9
24 JUL 2019,154,162,153.5,160.9,461,396317,62868643.8
23 JUL 2019,153,155,153,153.8,106,58752,8998345.8
22 JUL 2019,155.4,155.5,152,152.9,164,72340,11110292.5
19 JUL 2019,153.5,155.9,153.5,155,301,328619,50874988.2
18 JUL 2019,152,156,152,152.9,337,215035,32847799.5
17 JUL 2019,147.8,152,146.5,150,207,223443,32987137.2
15 JUL 2019,146.9,147,146.2,146.9,115,63897,9377306.9
12 JUL 2019,146.1,146.5,145.8,146.5,102,178387,26069194.9
11 JUL 2019,146.5,147,145.5,146.2,136,736881,108151248.1
10 JUL 2019,148,148,146.8,147,84,86441,12709043.1
9 JUL 2019,147,148,146.2,147.9,116,137168,20132494.5
8 JUL 2019,148,148,146.1,146.6,136,28635,4211625.9
5 JUL 2019,150,150.1,147.2,148,265,481126,71644138.4
4 JUL 2019,148,150.5,148,150,406,377902,56691155.7
3 JUL 2019,146,148,145.8,147,171,254913,37228937.7
2 JUL 2019,143,146.5,143,145.4,415,244116,35486385.3
1 JUL 2019,141,143,140,142.5,171,609148,85959610.4
28 JUN 2019,138.3,140,138.3,139.2,243,525177,72877996.2
27 JUN 2019,138.1,139,137.9,138.3,128,328780,45439894.4
26 JUN 2019,138.5,139,138,138.1,85,68514,9475367.5
25 JUN 2019,138.5,140,138.1,138.5,82,480149,66496048.6
24 JUN 2019,138.5,138.5,137.5,138,119,975409,134508903.5
21 JUN 2019,138.5,138.5,138.2,138.5,57,187676,25992818.4
20 JUN 2019,139.8,139.8,137.8,138,127,44883,6201111.2
19 JUN 2019,139.9,140,138.5,139.6,91,191114,26481732.9
18 JUN 2019,139.9,140,139.7,140,51,17492,2448682.8
17 JUN 2019,143,143,139.6,140,137,234903,33094223.9
14 JUN 2019,141.9,142.5,140,141.8,288,422712,59674982.8
13 JUN 2019,137.2,141.5,137,137.8,192,721950,99445988.4
12 JUN 2019,137.5,138,137.1,137.2,128,33245,4573263.2
11 JUN 2019,138,138.5,137.5,138,60,19962,2751845
10 JUN 2019,137.1,138,137.1,137.8,127,9877,1360458.5
7 JUN 2019,136,138,136,137.1,88,27791,3808142.3
6 JUN 2019,138,138,136,136.2,151,18517,2532248.9
4 JUN 2019,137.4,138,137.4,138,55,6974,961050.9
3 JUN 2019,137.3,138,137.3,137.5,48,3835,527705.2
31 MAY 2019,138,139.4,137.5,137.9,56,14148,1953284.5
30 MAY 2019,138.4,138.4,137.5,138,55,32047,4421068.7
29 MAY 2019,138.5,138.5,137.5,138,89,16700,2305447.1
28 MAY 2019,138.5,139.5,137.7,138.6,111,197318,27255776.9
27 MAY 2019,139.9,139.9,138,138.1,92,50814,7023466.4
24 MAY 2019,139.9,139.9,138.5,139,41,5303,738034.2
23 MAY 2019,140,140,139.5,139.5,55,22313,3117616.7
22 MAY 2019,143.5,143.5,139.9,140,83,26429,3713131.5
21 MAY 2019,141.8,143,140,142,201,116443,16516826.2
17 MAY 2019,140,140,138.1,139.9,70,59466,8308951.3
16 MAY 2019,138,141.8,137.5,140,55,17856,2494989.9
15 MAY 2019,140,142,136.1,138.8,174,102320,14207481.4
14 MAY 2019,146,146,139.9,140,270,266501,37453195.7
13 MAY 2019,149.2,149.4,146,146.6,131,41428,6095811
10 MAY 2019,150,150,148,148,139,35397,5260901.7
9 MAY 2019,153.8,153.8,149,149.3,123,334805,49956300.9
8 MAY 2019,154,154,150,150.5,142,82515,12441062.2
7 MAY 2019,154.5,155,152,152.2,196,808323,123025964.9
6 MAY 2019,157,157,153.5,153.8,163,45443,7045486.2
3 MAY 2019,158,158,156.5,156.5,93,68902,10793277.8
2 MAY 2019,157,159.5,156.4,157,108,89623,14080017.5
30 APR 2019,158,158,155,157,141,148119,23016921.9
29 APR 2019,156.4,159,155,156,115,209757,32674874
26 APR 2019,154.6,155.5,152.5,155,156,707853,108739081.8
25 APR 2019,155,156,154.6,155,72,26725,4143005
24 APR 2019,156.4,156.4,153.5,154.7,168,66717,10315549.8
23 APR 2019,159.5,159.5,150,155,342,122291,18643046.3
18 APR 2019,167.9,167.9,165,165,130,22944,3791864.7
17 APR 2019,168,168,165.7,166,106,35507,5909318.4
16 APR 2019,171.7,171.7,166.9,167.8,141,13799,2320473
12 APR 2019,172,172,170,170,38,88950,15123494.7
11 APR 2019,171,171,169.6,169.8,41,6986,1187488.9
10 APR 2019,170.5,170.5,169.2,170,122,167432,28462551.6
9 APR 2019,170.5,170.5,167,169.9,106,18594,3159383.8
8 APR 2019,170,170.7,169,169,53,110110,18715906.3
5 APR 2019,174.6,174.7,169.6,170,79,16383,2807800.3
4 APR 2019,172,173.9,170.5,172,87,170775,29271395.8
3 APR 2019,169.6,174.9,166,170.4,166,824267,139170500.5
2 APR 2019,170,170,165.8,166.1,103,225507,37967951.5
1 APR 2019,173.9,173.9,165,165.2,280,53695,8997777.3
29 MAR 2019,178.5,182.5,178,180.1,110,625321,111998050.8
28 MAR 2019,175,182,175,178.1,138,88629,15800535.6
27 MAR 2019,174.9,178,174.5,175,194,42974,7518851.3
26 MAR 2019,184,184,174.5,175,330,183653,32323877.6
25 MAR 2019,185,185,181,182.6,137,46412,8470254.3
22 MAR 2019,188.9,188.9,183,183.8,131,25182,4642001.2
21 MAR 2019,189,189,184.9,185,181,52362,9703032.9
19 MAR 2019,190,190,186.9,187,115,94436,17727164.7
18 MAR 2019,188,188,186.2,188,74,99362,18679649.2
15 MAR 2019,187.5,190,186.5,187.5,113,42424,8028969.6
14 MAR 2019,189.2,190,185.2,189.2,90,59003,11204981.3
13 MAR 2019,186.4,190,186,186.4,167,21720,4070201.7
12 MAR 2019,190,198,189,190,291,224525,42681790.2
11 MAR 2019,194.9,200,194.8,194.9,270,59867,11716472.2
8 MAR 2019,199.9,204.8,199.1,199.9,106,30945,6194862
7 MAR 2019,200,203,200,200,293,593818,118787704.7
6 MAR 2019,202.5,204.9,201.5,202.5,264,37572,7632472.3
5 MAR 2019,200.5,201.5,196,200.5,448,376725,74926886.4
1 MAR 2019,195.7,224,186,195.7,1034,573040,112239843.2
28 FEB 2019,231.9,232,229,231.9,49,737214,161229411.7
27 FEB 2019,229.1,231.9,229,229.1,76,149456,34280509.7
26 FEB 2019,231,232,231,231,48,5541,1281782.9
25 FEB 2019,234.6,235,231,234.6,29,2692,629606.2
22 FEB 2019,231.1,234.4,230.2,231.1,15,4160,961526.1
21 FEB 2019,230.1,233.5,230,230.1,136,962088,228729160.8
20 FEB 2019,233.5,234.9,233,233.5,33,12665,2957927
18 FEB 2019,233.4,236,233,233.4,81,163771,38245020.4
15 FEB 2019,235,240,233.2,235,151,275495,64896786.2
14 FEB 2019,238,239,236.9,238,44,57866,13772679.3
13 FEB 2019,236,236.9,235.1,236,27,10731,2528834.1
12 FEB 2019,235.3,237.5,235,235.3,97,76420,18014016.6
11 FEB 2019,236.6,237.5,235.6,236.6,29,2984,707254.5
8 FEB 2019,237.5,238,237.2,237.5,32,228134,54295042
7 FEB 2019,237.5,239,237.5,237.5,39,75765,18006210.5
6 FEB 2019,237.9,240,237.5,237.9,48,16666,3969291.3
5 FEB 2019,239,239.8,237.5,239,51,103615,24758545.1
1 FEB 2019,238,239.1,235.1,238,49,36282,8632511.8
31 JAN 2019,239.1,240,237,239.1,59,7756,1849425.3
30 JAN 2019,240.1,245,239.7,240.1,202,65716,15870589.4
29 JAN 2019,239.7,240,234,239.7,216,246694,58981938
28 JAN 2019,235,236,230,235,159,157526,36835646.9
25 JAN 2019,230,231,228,230,40,21837,5017376.4
24 JAN 2019,230,232,225.2,230,125,464222,106318357.2
23 JAN 2019,225.8,229.9,224.5,225.8,74,108778,24580962.7
22 JAN 2019,224.9,228,224.2,224.9,117,44709,10057970
21 JAN 2019,225,232,223.2,225,159,67883,15349953.9
18 JAN 2019,230,238,224.9,230,219,137042,31637206.4
17 JAN 2019,224.1,225,223.1,224.1,37,3674,823230.6
16 JAN 2019,221,224,220,221,127,247181,54622259.7
14 JAN 2019,220,220,219.5,220,107,36700,8073677.4
11 JAN 2019,218.1,223.8,218,218.1,235,248858,54252506.9
10 JAN 2019,218,219.8,217.3,218,230,440665,96047843.8
9 JAN 2019,219.1,225,219,219.1,168,24591,5393468.4
8 JAN 2019,220,225.5,219.5,220,445,312607,69244779.4
7 JAN 2019,225,229.5,225,225,189,268142,60368113
4 JAN 2019,229,230,229,229,103,28805,6616711.3
3 JAN 2019,229.9,231,229.5,229.9,51,20612,4740703.3
2 JAN 2019,230,235,230,230,217,197555,45725201.1
31 DEC 2018,235,235.5,233.4,235,58,88431,20663321.1
28 DEC 2018,235,235,233.4,235,46,34484,8086927
27 DEC 2018,234.5,235,234,234.5,69,26817,6300320.9
26 DEC 2018,234.7,235,234,234.7,30,3024,710105.5
24 DEC 2018,235,235,234.9,235,35,3659,859856.4
21 DEC 2018,235.3,237,235,235.3,133,428091,100963296.3
20 DEC 2018,236.8,240.5,236,236.8,111,1082913,256256253.3
19 DEC 2018,240.9,242,236,240.9,73,2909741,712134952.7
18 DEC 2018,237.3,238,236.5,237.3,79,230211,54559774.3
17 DEC 2018,237.2,239.9,237,237.2,30,4961,1180154.2
14 DEC 2018,237,238.5,237,237,87,397474,94597529.3
13 DEC 2018,239.8,240.9,239,239.8,36,4223,1013816.9
12 DEC 2018,240,240.9,239,240,47,20213,4851369.3
11 DEC 2018,240.1,240.9,239,240.1,76,74831,17966120.3
10 DEC 2018,240.9,242.9,239.6,240.9,104,75410,18152935.9
7 DEC 2018,242.7,245,241.9,242.7,135,76092,18521335.2
6 DEC 2018,241.7,242.5,238.9,241.7,104,135891,32783086.2
5 DEC 2018,238.9,239.7,237,238.9,37,4668,1112040.5
4 DEC 2018,239.5,240,237,239.5,83,1218905,286696324.8
3 DEC 2018,239.4,240,238,239.4,81,129962,31175794.7
30 NOV 2018,237.5,239,236.5,237.5,138,90493,21490741.3
29 NOV 2018,236.2,237.5,234,236.2,85,368736,86541550.8
28 NOV 2018,234.2,235,232.6,234.2,59,17791,4161457.1
27 NOV 2018,234,234.6,232,234,69,25045,5856068.3
26 NOV 2018,231.7,232.5,230,231.7,82,364455,84528806.4
23 NOV 2018,230,233,230,230,55,208805,48028566
21 NOV 2018,230.4,234.9,230,230.4,96,66883,15417989.4
19 NOV 2018,233.6,235,230.2,233.6,51,9211,2160642.1
16 NOV 2018,230.2,232,229,230.2,88,177817,40900691.8
15 NOV 2018,229.5,230,228,229.5,49,6024,1379523.6
14 NOV 2018,227.9,231.9,226,227.9,98,33969,7743749
13 NOV 2018,231.9,234,230,231.9,136,126677,29202488.8
12 NOV 2018,232,235,225.5,232,73,14072,3247635.7
9 NOV 2018,230,233.9,225,230,174,330058,74854957
8 NOV 2018,225,228,223,225,88,143802,32238972.7
7 NOV 2018,225,231,223,225,191,336672,75751300.4
5 NOV 2018,230,238,230,230,300,1425065,327893264
2 NOV 2018,235,247,235,235,285,507557,119735690.4
1 NOV 2018,241.3,247,230,241.3,358,314167,73504719.1
31 OCT 2018,230,231,228.1,230,142,222234,51106208.2
30 OCT 2018,230.3,234,230,230.3,261,358536,82516870
29 OCT 2018,230,240.4,229,230,405,277206,64499634.4
26 OCT 2018,231.9,235,223,231.9,150,55159,12550728.7
25 OCT 2018,222.5,224,222,222.5,31,60519,13438247.1
23 OCT 2018,224.1,227,220.2,224.1,40,12757,2858363.9
22 OCT 2018,220,226,219.5,220,61,35720,7864932.3
19 OCT 2018,220,225,219.5,220,148,224555,49402702.1
18 OCT 2018,224.8,228,220,224.8,77,59076,13029498.2
17 OCT 2018,220,233,219.9,220,243,395403,87146176.1
16 OCT 2018,222.1,227,218.5,222.1,191,154501,34277272.2
15 OCT 2018,218.9,225,218,218.9,312,353621,77829211.4
12 OCT 2018,225,230,225,225,208,217824,49056596.6
11 OCT 2018,228.8,236.5,228,228.8,363,819842,188668863.8
10 OCT 2018,236.7,239.5,236.5,236.7,137,208782,49642357.5
9 OCT 2018,239,244.4,239,239,73,92812,22187782.5
8 OCT 2018,239.9,244,239,239.9,87,84192,20131325
5 OCT 2018,240.6,243.9,237.7,240.6,85,92055,22046641.1
4 OCT 2018,238,242,238,238,72,143558,34209209.7
3 OCT 2018,238.9,240,237,238.9,57,24939,5940136.5
2 OCT 2018,238.1,239.2,237.5,238.1,45,33581,7995544
1 OCT 2018,237.6,239.2,237.5,237.6,78,61447,14623275.9
28 SEP 2018,244,244,238.5,239.9,71,63453,15222105.1
27 SEP 2018,245,245,239.2,240,109,101887,24455243.7
26 SEP 2018,238,242.9,238,240,208,377121,90430519.5
25 SEP 2018,245,245,236.3,237,191,395981,94060597.7
21 SEP 2018,244.5,244.5,236.3,238.6,313,170297,40693590
20 SEP 2018,250.2,254,243,244.8,319,381773,95128127.2
19 SEP 2018,257,257.8,250,250.3,205,447761,112170717.6
18 SEP 2018,268,268,254.4,255,306,518280,132933615.2
17 SEP 2018,266.8,266.9,264.5,264.8,91,52757,13978970.5
14 SEP 2018,269.8,269.8,264,265,190,575828,152628706.4
13 SEP 2018,270,270,268.5,269.9,28,1787,482211.4
12 SEP 2018,274.8,274.8,268.1,270,202,405175,109747609.7
11 SEP 2018,275,276,274.7,274.9,38,22893,6295522.5
10 SEP 2018,276.9,276.9,274.7,274.9,109,296966,81669873.3
7 SEP 2018,276.3,276.3,275.2,275.5,37,15755,4347217.1
6 SEP 2018,278,278,276.1,276.1,81,58133,16097379.9
5 SEP 2018,279,279,276.5,278.3,35,10600,2935593.7
4 SEP 2018,279.8,280,277,280,57,34006,9518053.6
3 SEP 2018,280,282,280,280.2,38,5742,1608802.6
31 AUG 2018,279.1,282,279,279.9,82,331308,93158954.4
30 AUG 2018,279,281,277,279.8,59,43804,12194777
29 AUG 2018,279.5,283,279.5,280.3,79,287061,80502845.4
28 AUG 2018,277,280,277,278.9,92,75118,20916338.9
27 AUG 2018,276.9,279.8,276.9,277.1,119,224128,62140379.6
24 AUG 2018,276,279.9,276,277,28,1642,453753.5
23 AUG 2018,277.9,277.9,275,276.1,104,110251,30399036.7
21 AUG 2018,278,278.9,276.5,276.7,90,196542,54403873.2
20 AUG 2018,280.5,280.5,277,278,27,4281,1191001.2
17 AUG 2018,279.9,280,276.5,278.6,83,137090,38030897.2
16 AUG 2018,280,280,278.1,278.2,55,70959,19784108
15 AUG 2018,278.5,280,278,280,44,24522,6860394.8
14 AUG 2018,280,281,278,278.6,158,106402,29725794.7
13 AUG 2018,281.5,282,280.1,280.1,94,65759,18432629.8
10 AUG 2018,285,285,281.7,282,174,186463,52793477.5
9 AUG 2018,284,288,281.5,284.9,53,47639,13579775.2
8 AUG 2018,284,284,281,281.7,239,512112,144290874.9
7 AUG 2018,287.4,287.5,283.6,284,157,122532,34899780.3
6 AUG 2018,289,290.9,287,287,86,25758,7397271.5
3 AUG 2018,290,291,287,288,171,76769,22186131.5
2 AUG 2018,290.1,291,289.9,290,88,74030,21468764.9
1 AUG 2018,295,295,288.1,290,236,260701,75629605.3
31 JUL 2018,295.1,295.1,294,295,47,9974,2939987.4
30 JUL 2018,297.1,297.1,295,295,76,59944,17697125.8
26 JUL 2018,297.5,298.3,297.5,298,39,23068,6874141.4
25 JUL 2018,299,300,297.2,298,67,42428,12643890.2
24 JUL 2018,300,301,299,299.8,57,69588,20879548.1
23 JUL 2018,304,304,300,301,73,44810,13520561.6
20 JUL 2018,304,304.9,302,302,42,36331,11041301.5
19 JUL 2018,296,302.9,295.2,301.2,123,80690,24261646.1
18 JUL 2018,297,297,295.2,296.1,39,18027,5343648.5
17 JUL 2018,297,299.8,294.7,296.7,59,159837,47188804.9
16 JUL 2018,294,298,292,295.1,90,49345,14473657.6
13 JUL 2018,295,295,293.7,294,76,164574,48495580.2
12 JUL 2018,295,295,294,294.7,66,140957,41557939.9
11 JUL 2018,294.8,296,294.5,295,83,271944,80224812.6
10 JUL 2018,292,295,292,294.3,33,6092,1789295.9
9 JUL 2018,296,297,292,294.2,82,14146,4175804.2
6 JUL 2018,295,296,294,294.9,88,95957,28297704.6
5 JUL 2018,295,295,290,292.6,151,127002,37059309.9
4 JUL 2018,296,298,294.3,295,73,12870,3797239.6
3 JUL 2018,298,299.1,294.5,295,139,141507,41763811.7
2 JUL 2018,303.1,303.1,298,299.1,128,94652,28350919.2
29 JUN 2018,303.1,304,302,303.1,63,38283,11602946
28 JUN 2018,303.5,305,303,303.6,50,9380,2848414.5
26 JUN 2018,305,305,303.5,304.1,111,99940,30439392
25 JUN 2018,305,308,305,305.5,73,35654,10876010.4
22 JUN 2018,305,306,305,305.1,61,58068,17715026.5
21 JUN 2018,305,308.8,304,304.6,88,109392,33366659.9
20 JUN 2018,312,312,304,304.7,199,197966,61051348.3
19 JUN 2018,315,315,311,311.3,64,29066,9057198.9
18 JUN 2018,314,315.5,314,314.9,132,148792,46868461.7
14 JUN 2018,313.8,314,313,313.6,74,25138,7882381.9
13 JUN 2018,313.9,313.9,311.4,312.7,43,126365,39646348.7
12 JUN 2018,315,315,313,313.9,49,41432,13002663.2
11 JUN 2018,315.1,316.8,314,314.6,59,34619,10901118.5
8 JUN 2018,318,319,316,316.4,113,115767,36754051.9
7 JUN 2018,319,319.5,317.9,318.9,158,187345,59761641.2
6 JUN 2018,318.4,319.3,318.1,319,183,266636,85061889
5 JUN 2018,311.5,319.5,311.5,318.4,391,740142,235039922.9
4 JUN 2018,309.2,311.4,309.2,311,143,140547,43617179.4
1 JUN 2018,305,310.5,305,309.9,217,436011,135067646.4
31 MAY 2018,305,305.9,304,305,159,1190483,363068153.1
30 MAY 2018,309.9,309.9,304,304.6,216,413719,127304618.1
28 MAY 2018,306.5,310,306.5,309.8,174,107066,33096540.6
25 MAY 2018,308,308,305.1,307.9,65,30452,9367028
24 MAY 2018,304.9,308,304.9,307.7,150,103053,31659730.5
23 MAY 2018,305,305.9,304.1,304.3,51,27648,8429678.5
22 MAY 2018,308.5,308.5,303,303.7,62,9912,3015385.5
21 MAY 2018,302,309,302,308,312,772894,237830073.9
18 MAY 2018,299.4,301.9,299.4,301,206,153141,45951988.1
17 MAY 2018,298.5,299.1,298.5,298.9,57,60133,17958230.4
16 MAY 2018,298.9,299,298,298.3,96,141497,42209578.8
15 MAY 2018,299,299.9,298.3,298.5,112,222811,66516691.6
14 MAY 2018,300,300,298.5,298.5,109,58664,17588125.2
11 MAY 2018,299.9,301.5,299,299.3,180,231197,69219383.4
10 MAY 2018,299,301,297.1,299.9,312,146670,43902973.6
9 MAY 2018,298,301.5,298,300,211,240212,71997547.1
8 MAY 2018,298.8,299.3,296.1,297.9,89,132524,39198680
4 MAY 2018,300.9,300.9,298,298.8,94,40200,12028466.3
3 MAY 2018,297.5,300,294,299,295,297554,87911881.1
2 MAY 2018,301,301,297.5,297.8,151,43570,13001428.1
1 MAY 2018,302,303,300,300.5,220,162070,48814088.9
27 APR 2018,303,305.5,300,301.9,400,161480,48891842
26 APR 2018,317.5,317.5,310,314.9,474,399208,125425224
25 APR 2018,312,319.5,311.7,315.2,597,1238039,394682286.4
24 APR 2018,307,312,307,311.3,395,268287,83117397
23 APR 2018,302,308,300,307,891,780798,238066498.3
20 APR 2018,305.1,308,305.1,307.2,44,12220,3749497.7
19 APR 2018,304.1,305.5,304.1,305.2,60,18530,5647931.1
18 APR 2018,306.4,308.4,304,304.4,43,11119,3397787.9
17 APR 2018,303.2,306.5,303,306.4,76,25213,7703639.4
16 APR 2018,304.7,304.7,302.1,303.2,32,34920,10587983.2
12 APR 2018,304.1,305,302,302.1,28,5988,1809913.2
11 APR 2018,304,307,303,305.1,48,8652,2626922.5
10 APR 2018,299.6,310.1,299.6,301.9,52,307946,93298941.2
9 APR 2018,299,300,298,299.6,54,32960,9860168.5
6 APR 2018,298.2,299,298.2,298.9,14,15591,4653987.9
5 APR 2018,299,299,298,298,22,9979,2973786.7
4 APR 2018,298.6,299,298,298.1,62,580381,172955702.6
3 APR 2018,298,299,297.5,298.6,78,392298,117279217.8
2 APR 2018,300,300,299,299,41,258965,77675206.8
29 MAR 2018,300,302,298,300,80,334687,100406518.6
28 MAR 2018,300.6,300.6,296,300,67,213459,64015009.1
27 MAR 2018,295,302.5,295,300,171,1422381,427945249.5
26 MAR 2018,295,298.8,295,295.2,94,62196,18367717
23 MAR 2018,292.2,296,290,294.6,118,250782,73281335
22 MAR 2018,295.8,295.8,289,292.2,127,25914,7577565
21 MAR 2018,298,298,295.5,295.8,158,147121,43654881.3
20 MAR 2018,300.5,300.5,296.8,297,104,42415,12649675.2
19 MAR 2018,305,305.5,300,300.1,115,144885,43838380.5
16 MAR 2018,303.5,305.5,303,304.1,45,5289,1611295.9
15 MAR 2018,302,304.9,300,302.2,84,23716,7146618.9
14 MAR 2018,305,305,302,302,146,108344,32785425.5
13 MAR 2018,304,306,304,305.5,87,51040,15563491.5
12 MAR 2018,308.8,308.8,304,304.4,125,201862,61484747.8
9 MAR 2018,309,309,306.9,307.3,82,46565,14325821.4
8 MAR 2018,310,310,303.1,307.3,191,82315,25299769.6
7 MAR 2018,329.9,329.9,320,320.6,720,463795,149292944.9
6 MAR 2018,329.8,332,329,329.5,421,52243,17231745
5 MAR 2018,331,331.1,329.4,330,315,84840,27994583.2
2 MAR 2018,331,332,330.3,330.9,150,21792,7216358.9
28 FEB 2018,333,333,328.3,330.5,177,154137,51009990.3
27 FEB 2018,335,335.5,331.6,332,219,3919715,1313781645
26 FEB 2018,332,335,331.1,334,156,22579,7541228.7
23 FEB 2018,329.5,332,329,332,98,57632,19021267.5
22 FEB 2018,330,330,328,329.5,85,8257,2721429.2
21 FEB 2018,329.9,330,329,329.9,163,90779,29948554.1
20 FEB 2018,329.8,330,329,329.7,74,16895,5571871
19 FEB 2018,329.5,330,326,329.8,130,83310,27385994.4
16 FEB 2018,319,330,319,327.4,225,82425,26819171.2
15 FEB 2018,318.5,318.5,317.2,318,74,134799,42928290.7
14 FEB 2018,319.5,320,318.2,319.4,96,31044,9914309.5
12 FEB 2018,321,323.9,318.5,319.9,148,414078,132244904
9 FEB 2018,324,324,319.1,320,87,61573,19711391.1
8 FEB 2018,320,325,319.2,324.3,70,20256,6552637.1
7 FEB 2018,320,322.9,318.5,320,47,23919,7634661.4
6 FEB 2018,323.4,323.4,318.5,319,53,245031,77783280.6
2 FEB 2018,320,323,319.8,323,79,42405,13606997.8
1 FEB 2018,319,320,318.5,319.8,48,54963,17545398.5
30 JAN 2018,320,320,318,318.2,30,6452,2055866
29 JAN 2018,322,322,320,320,22,1823,583570.8
26 JAN 2018,322.5,322.5,320.1,320.3,12,1215,389281.7
25 JAN 2018,323.1,323.1,320,320.3,51,8529,2733507.3
24 JAN 2018,317.5,324.9,317.5,324.5,72,73335,23740330.2
23 JAN 2018,316,317.5,315,317,72,125973,39691535
22 JAN 2018,316,316,314.1,315.1,74,70548,22225080.7
19 JAN 2018,314.9,316,313.6,315.9,43,14353,4519392.9
18 JAN 2018,319,319,314,315,147,1230364,387583327.2
17 JAN 2018,320.2,320.2,315.8,317.8,119,183183,58577825.3
16 JAN 2018,325.3,325.3,320,320.7,90,12349,3957073.9
12 JAN 2018,327,327.5,325,325.3,124,175051,57113149.9
11 JAN 2018,327.9,327.9,325,326.5,36,116929,38284004.9
10 JAN 2018,329,329.9,327,327.4,67,33636,11024245
9 JAN 2018,329,329,327.5,329,50,7857,2577679.5
8 JAN 2018,329.7,330,328.5,329,77,378803,125000634.8
5 JAN 2018,327.8,329.4,322.5,328.1,124,543139,178173351.9
4 JAN 2018,327.8,328.5,326.7,327,65,61459,20119973.2
3 JAN 2018,319,328,319,327.8,131,57964,18789650.7
2 JAN 2018,319.5,319.5,316.7,318,55,12762,4058146
29 DEC 2017,317,317,315.1,315.7,62,265043,83501392.3
28 DEC 2017,320,320,315.2,315.9,70,165953,52340751.2
27 DEC 2017,318.5,322.6,318.5,319.4,93,52757,16878127
26 DEC 2017,315.2,318.5,315.1,317.9,38,7516,2378595.5
22 DEC 2017,312,315,312,315,74,16357,5145896.2
21 DEC 2017,313.4,313.5,310.8,311.1,83,11056,3442855.3
20 DEC 2017,315,315,310,310.5,211,251092,77960744.4
19 DEC 2017,331,331,309,315,530,339378,107183913.8
18 DEC 2017,331,332.9,331,331.2,45,27653,9154208
15 DEC 2017,332,333,330.2,331.9,41,62942,20891515.9
14 DEC 2017,330.5,331,330,331,35,18874,6244942.3
13 DEC 2017,331.3,332.1,330.4,330.5,26,10572,3503908.4
12 DEC 2017,331,335,330.5,334.9,92,167043,55873775.8
11 DEC 2017,335,335,330.1,330.4,67,27124,8965108.9
8 DEC 2017,336,336,332,334.8,84,89693,30036534.3
7 DEC 2017,330,335.9,330,335.5,147,205011,68426962.3
6 DEC 2017,330.7,331.5,326,331.1,196,326168,107718177.1
5 DEC 2017,325,332,310,330.7,729,564961,183667978
4 DEC 2017,333,334,333,334,50,48130,16071086.9
30 NOV 2017,330,334,330,332.5,43,36639,12180829.1
29 NOV 2017,336.8,338,329.9,334.9,148,158950,53022611.3
28 NOV 2017,342,342,335,335.8,168,113751,38278447.6
27 NOV 2017,345,346,341,341,53,28393,9785786.8
24 NOV 2017,345,346.9,345,345,90,387480,133695773.6
23 NOV 2017,345,346,345,345,78,235090,81109748.2
22 NOV 2017,345,346,345,345,52,50622,17464891.5
21 NOV 2017,342,346,341.2,345.2,216,207212,71488144.9
20 NOV 2017,345.9,345.9,342,345.1,121,157184,54186326.9
17 NOV 2017,334,345.4,332,345,260,899544,308517238.8
16 NOV 2017,321,334.9,321,331.7,63,295817,97624422.8
15 NOV 2017,321,324,320,321.1,62,20147,6478312.8
14 NOV 2017,328,328,322.9,324.2,87,94641,30765966.4
13 NOV 2017,332.5,334,326,327.2,100,48624,15965923
10 NOV 2017,336,336,332.9,332.9,117,96937,32477266.4
9 NOV 2017,336,336.5,336,336,106,54106,18180887.7
8 NOV 2017,335,336.2,333,335.7,86,43026,14390101.2
7 NOV 2017,338,338,335.5,336,109,83174,27952958.6
6 NOV 2017,345,347.5,340,340,85,151436,52226484.6
2 NOV 2017,339,345,339,344.5,157,1281595,440936800.1
1 NOV 2017,339.9,340,338,339,39,254641,86330008.9
31 OCT 2017,337.9,339.9,337.9,339.7,45,40963,13859638.8
30 OCT 2017,337,338.5,337,338,86,287740,96995225.5
27 OCT 2017,343,343,335.5,335.7,43,7627,2580581.1
26 OCT 2017,335,345,335,343,184,707457,240789351.9
25 OCT 2017,320,338.9,320,335.2,195,337602,112384779.8
24 OCT 2017,322,322.5,319,321.6,110,34821,11212311.6
23 OCT 2017,329.9,329.9,310.1,321.7,161,1585352,514681508.8
20 OCT 2017,341.4,341.4,337.7,338.1,321,1076612,365854990.4
19 OCT 2017,338,343.8,338,340.9,239,702965,239133711.5
17 OCT 2017,338,344.9,338,338.7,87,48117,16368323
16 OCT 2017,350,350,336.1,340,189,109021,37065280.7
13 OCT 2017,350.2,350.2,346,349.5,194,194333,68011705.6
12 OCT 2017,350,352,349.8,350,254,632856,221513024.5
11 OCT 2017,338,352.2,338,349.9,353,2653453,924690937.8
10 OCT 2017,330,340,330,338.3,228,2133978,719315495.7
9 OCT 2017,325.7,332.5,325.7,330,213,1232922,406163821.3
6 OCT 2017,325,327,325,326,156,933789,304111638.3
4 OCT 2017,320,325.5,320,325,165,83329,27039985.7
3 OCT 2017,310,320.1,310,320,130,248375,79009803.4
2 OCT 2017,310,311.8,305,310,72,73734,22787790.1
29 SEP 2017,302.2,311,300.3,308.5,124,137153,42086596.1
28 SEP 2017,300.5,303.9,300.5,303,43,70621,21324036.1
27 SEP 2017,300.2,301,300,300.7,50,174031,52235055.6
26 SEP 2017,300,301,300,300.9,99,447162,134151305.7
25 SEP 2017,296,298,295.1,297.1,50,27790,8242181.8
22 SEP 2017,295,297,294,295.1,36,3888,1148548.1
21 SEP 2017,295.4,297,295,295.5,19,25089,7424329.4
20 SEP 2017,295.5,295.9,295,295.1,42,23038,6797287.3
19 SEP 2017,295,295.5,295,295,22,141402,41713641.9
18 SEP 2017,295,295.1,295,295,29,10309,3041157.7
15 SEP 2017,295,296.1,295,295,28,21318,6289137.1
14 SEP 2017,296,296.1,295,296.1,38,18710,5531133.2
13 SEP 2017,294.9,297,294,296.1,29,14485,4284902.7
12 SEP 2017,294,295,294,294.4,34,164303,48305697.4
11 SEP 2017,296,296.1,294.5,295.1,41,2937,868262.9
8 SEP 2017,296,299.8,296,296,18,1986,587908.8
7 SEP 2017,300,300,295,295,19,4230,1258945.5
6 SEP 2017,300,300.4,300,300,52,62877,18863297.5
4 SEP 2017,301,301.3,300,300,67,178718,53787970
31 AUG 2017,300.1,302,300,301.3,46,22260,6693744.3
30 AUG 2017,300,300.3,300,300,109,181962,54588883
29 AUG 2017,297,300.9,297,300,190,724266,217151267.4
28 AUG 2017,296.5,298.5,296.1,297.8,51,72894,21660249.1
25 AUG 2017,295.8,296.9,295.5,296.4,53,76161,22568858.9
24 AUG 2017,295,295.6,295,295.1,63,94904,28008754.2
23 AUG 2017,295,295.6,294.9,295,59,167013,49272437.2
22 AUG 2017,295.9,295.9,292.9,294.4,60,76134,22414934.5
21 AUG 2017,295.8,296,294.9,295.7,80,91299,26936541
18 AUG 2017,295,296,295,295,129,642921,189685837.3
17 AUG 2017,295,299.8,292.2,295,77,62655,18513778.9
16 AUG 2017,285.3,295,285.3,293.4,124,964139,279466135.6
15 AUG 2017,285,287,283,285.3,54,176405,50579629
14 AUG 2017,284.5,289,282.1,285,39,532357,151703498.2
11 AUG 2017,289.6,289.6,281.5,284.7,55,37414,10649475.3
10 AUG 2017,280.7,290,280.7,288.7,84,86506,24823625.1
9 AUG 2017,280,281.9,280,280.6,47,38405,10769812.4
8 AUG 2017,280.2,280.2,278.7,280.1,64,91837,25709352.5
4 AUG 2017,274,281,273,280.2,178,257251,71949992.4
3 AUG 2017,270,274,267.2,273.9,61,48743,13315998.6
2 AUG 2017,267.1,269,267,267.9,57,33449,8933299.5
1 AUG 2017,268.5,270,267,267.4,106,64863,17428927.7
31 JUL 2017,272,272,266.2,268.5,162,84988,22807949.8
28 JUL 2017,278,278,271.1,272.1,301,72194,19795138.7
27 JUL 2017,280,280,279.9,280,75,144501,40460230
26 JUL 2017,279.9,281,278.5,279.8,63,84598,23677936.4
25 JUL 2017,280,280,278.5,279.9,36,27055,7571412.6
24 JUL 2017,278.1,282,278.1,279.9,49,64727,18123480.1
21 JUL 2017,280,280,278,279.8,37,4945,1382764
20 JUL 2017,281.9,281.9,277.5,280,44,20815,5809679.1
19 JUL 2017,282,282,280,280.4,42,12109,3402528.5
18 JUL 2017,281.1,282,281,281.6,26,4673,1315607.5
17 JUL 2017,281,282,281,281.9,26,2061,579895.4
14 JUL 2017,283.5,284,281,281.4,32,6912,1952015.4
13 JUL 2017,284,284.5,283,284,43,45972,13056086
12 JUL 2017,284,284.5,282.5,283.4,32,11076,3138106.6
11 JUL 2017,280.2,283.9,280.2,282.5,32,28403,7998309
10 JUL 2017,284.2,284.2,280.1,281.3,70,16141,4533318.2
7 JUL 2017,284,284,281,282.2,49,4828,1359005.4
6 JUL 2017,284,284,282,283.4,50,49146,13911358.3
5 JUL 2017,286,286,284,284.9,12,4329,1233254.5
4 JUL 2017,287.5,287.5,284,285,55,14519,4145868
3 JUL 2017,287,287.5,285.5,285.9,21,3762,1077565.5
30 JUN 2017,286.5,287.5,286.2,286.4,36,41204,11803451.3
29 JUN 2017,286.5,287.5,286.5,286.5,34,68307,19583551.3
28 JUN 2017,286.9,287,286,287,40,235037,67383524
27 JUN 2017,285.7,286.9,285.7,286.1,39,71023,20311383
23 JUN 2017,285.6,287.9,285.5,286,36,32225,9212653.9
22 JUN 2017,286.2,288.5,285.5,285.7,37,3787,1082221.7
21 JUN 2017,287,288.8,286,286.5,64,156942,45186983.8
20 JUN 2017,290.1,290.1,286,286.3,116,141737,41040222.1
19 JUN 2017,293.5,293.5,290,290,69,115591,33834935.7
16 JUN 2017,293.5,294.9,293,293.2,37,10240,3009696.2
15 JUN 2017,293.1,294.4,292,294.4,44,16375,4791439.9
14 JUN 2017,295,295,293.1,293.5,20,692,203398
13 JUN 2017,297,297,294,294.1,22,5653,1667994.5
12 JUN 2017,297,297,296.1,296.1,19,29141,8649332.6
9 JUN 2017,297,298,297,297.1,45,110131,32718207.1
7 JUN 2017,297.2,297.2,295.5,297,20,263915,78907723.4
6 JUN 2017,296.9,297.5,295,296.9,55,126512,37569161.8
5 JUN 2017,299.5,299.5,296.8,296.9,36,7301,2171900.6
2 JUN 2017,294,300,293,296.8,87,122983,36787280.7
1 JUN 2017,292.7,295,290,293.7,62,1034554,310126315.2
31 MAY 2017,290,293,290,292.7,75,82806,24178551.1
30 MAY 2017,291,291,290,290,29,31646,9177623.1
29 MAY 2017,293,293,290,291,43,13979,4063222.4
26 MAY 2017,293,293.1,291.5,292.9,48,29059,8511756.2
25 MAY 2017,292.6,294,292.6,293.1,50,188305,55174513.7
24 MAY 2017,290.5,293,290,292.4,82,148685,43360086.7
23 MAY 2017,288,290.9,288,290.5,97,1604318,465281201.1
22 MAY 2017,289,289,287.1,288,50,34998,10077476.1
19 MAY 2017,286,290,285,289.4,44,43015,12385855.6
18 MAY 2017,285,287,285,285.1,39,20502,5860574.4
17 MAY 2017,286,287,280,286,62,87254,24696046
16 MAY 2017,281,286.9,280,284.9,90,88001,24972009.2
15 MAY 2017,280.9,281,280,281,44,365669,102398857.2
12 MAY 2017,277.9,283,277.9,280,110,242815,67992409.4
9 MAY 2017,275.1,277.8,275,277,54,25223,6948561.2
8 MAY 2017,275,275.5,274.9,275,40,55497,15261224.6
5 MAY 2017,274.8,276,271.9,274.8,82,64494,17742322.2
4 MAY 2017,270,273,270,272.5,24,11469,3107454.5
3 MAY 2017,272,272,269.4,270.2,29,4243,1145977
2 MAY 2017,271,274.9,270,273.7,30,11501,3115765.2
28 APR 2017,271,274.9,270,271.8,32,31954,8674952.7
27 APR 2017,267.5,271,267,270.1,77,173128,46706031.4
26 APR 2017,265.5,268,265.1,266.8,46,17573,4672424.5
25 APR 2017,265,265.9,265,265.5,13,12416,3290917
24 APR 2017,265.5,267.9,265,267,27,107624,28732500.1
21 APR 2017,267,270,267,268.5,54,156200,42147031.6
20 APR 2017,269.9,270,267,267,32,14949,3999364.4
19 APR 2017,260.1,270,260.1,269.9,88,167848,44947104.1
18 APR 2017,259.9,261,259.9,260.3,56,27267,7091367.5
17 APR 2017,259.2,260.2,259.1,259.5,51,64119,16636555.2
12 APR 2017,259,260,258.1,259.2,63,52265,13565322.5
11 APR 2017,260,260,258.8,259,29,8323,2156871.2
7 APR 2017,259.5,260.2,259.4,259.9,31,13097,3403672.5
6 APR 2017,260,260.2,258,259.5,53,117117,30376095.2
5 APR 2017,257,259.5,256.9,258.2,23,42261,10898626.5
4 APR 2017,256.9,256.9,254.7,255,46,45399,11576954.2
3 APR 2017,257,257,253.5,255,42,16251,4145783
31 MAR 2017,259.9,260,258.5,259,46,417747,108200014.6
30 MAR 2017,259.2,260,258.6,259.3,30,29138,7557166
29 MAR 2017,258,259.5,257.9,259.3,26,17012,4394507.6
28 MAR 2017,257.1,258,256,257.3,38,4526,1162734.7
27 MAR 2017,260,260,257.1,258,27,82049,21176403.4
24 MAR 2017,260,260,259,259.3,60,40133,10421547.3
23 MAR 2017,260.5,261,260.5,261,35,464977,121356500.5
22 MAR 2017,260.6,262.5,260.5,261,49,80509,21005581
21 MAR 2017,264,264,260.3,260.9,26,4677,1222174.1
20 MAR 2017,260.1,265,260.1,262.2,33,10993,2874647.4
17 MAR 2017,264,264,260,261.3,48,20642,5370719.1
16 MAR 2017,261.1,262,261,262,22,3015,788976.5
15 MAR 2017,266,266,260,261.6,73,10720,2804867.3
14 MAR 2017,266.5,267,265,266,37,6700,1787868.5
13 MAR 2017,268.2,269,267,267.1,55,5194,1390563.7
10 MAR 2017,271,271.4,269.9,270,87,291520,78999307.5
9 MAR 2017,272,272,270.5,271,30,52935,14346939.4
8 MAR 2017,272,273.5,271,271.5,37,107323,29158238.3
7 MAR 2017,271,273,271,272.2,28,220176,59686247.3
6 MAR 2017,271,273.5,270,272.1,34,20426,5537104
3 MAR 2017,269.1,271.1,269.1,271,31,125674,34048860.2
2 MAR 2017,273.9,273.9,270,270.6,35,10629,2877297
1 MAR 2017,280,280,270,270.9,61,7728,2143015.2
28 FEB 2017,282.1,285,282,284.8,79,84598,23940068.5
27 FEB 2017,282,283,281.1,282,83,229835,64813661.6
23 FEB 2017,282,283,281.5,282,50,15680,4426073.2
22 FEB 2017,280,281,280,280,46,29160,8165488.5
21 FEB 2017,278.1,279.9,278,279.3,23,3770,1051497
20 FEB 2017,280,280,278,279.1,47,57428,16069071.5
17 FEB 2017,279.8,280,277.7,279.2,29,13065,3648206.6
16 FEB 2017,275,281,274.1,279.8,101,68572,19069525.7
15 FEB 2017,271.9,278,271.9,276,103,30636,8394146.5
14 FEB 2017,268,272,268,271.3,83,41096,11087377
13 FEB 2017,268,268,266,266.1,18,7591,2021336.5
9 FEB 2017,267.9,267.9,266,266,26,8753,2332299.4
8 FEB 2017,265,267,265,266.6,42,241937,64508803.8
7 FEB 2017,263,265.5,263,265,47,26418,6997259.5
6 FEB 2017,267.5,267.5,264,264,55,84429,22373017.7
3 FEB 2017,264.9,268,264.9,267,181,174461,46603365.7
2 FEB 2017,264.5,264.9,264.1,264.8,38,170164,45053204.6
1 FEB 2017,265,265,264,264,21,6237,1647905
31 JAN 2017,265,265.2,264.1,264.8,19,8555,2266861.1
30 JAN 2017,264.5,265,264,264.5,24,26763,7074370.8
27 JAN 2017,264.8,264.8,263.5,264,35,12535,3309249.7
26 JAN 2017,262.5,264,262.5,264,28,26086,6886569
25 JAN 2017,264,264.8,262.5,262.5,28,16679,4384627.3
24 JAN 2017,264,264.9,263,263.5,11,2961,781520.4
23 JAN 2017,265.1,265.9,263,263.7,34,15737,4149316.3
20 JAN 2017,264,266,263.5,264.5,5,699,184778.5
19 JAN 2017,263.6,266,263.6,265,39,40409,10711085.1
18 JAN 2017,263.9,264.8,263.7,263.9,20,9604,2534158.2
17 JAN 2017,264,264,263.6,263.7,18,7539,1988356.8
16 JAN 2017,263.8,264,263.5,263.8,21,4662,1229210.5
13 JAN 2017,263.5,264,263,263.5,9,7621,2007938
11 JAN 2017,264.8,264.8,260.5,263,28,22953,5994252.2
10 JAN 2017,264,264.9,263,263,23,3500,923904.8
9 JAN 2017,263.9,266,263.5,264.6,47,36571,9654422.4
6 JAN 2017,260,264,260,263,23,14446,3789154.5
5 JAN 2017,260.1,263,260.1,262,27,13905,3637688.8
4 JAN 2017,260.1,260.7,260,260.7,17,5141,1337236.7
3 JAN 2017,261,262,260,260,34,38379,9984572.3
2 JAN 2017,261,261.5,261,261.3,13,5416,1415550.2
30 DEC 2016,261.3,261.5,260.2,260.4,12,5431,1416146.8
29 DEC 2016,260.2,262,260.2,262,14,6920,1806780
28 DEC 2016,260,260.2,259.9,260,12,5840,1518585.1
27 DEC 2016,261,261,257,257.4,24,7401,1908359.6
23 DEC 2016,260,261,260,260,12,13679,3560101.5
22 DEC 2016,260,260.5,260,260,12,3234,841338
21 DEC 2016,261,261,260,260,21,8516,2214200
20 DEC 2016,260.1,261.1,260,260,28,58860,15305684.1
19 DEC 2016,261.5,261.5,260.1,260.1,20,9905,2582999.3
16 DEC 2016,260.1,261.5,260,260,31,111668,29035218.7
15 DEC 2016,260,262,260,261.5,32,72263,18819631.7
14 DEC 2016,260.1,261.5,260,260.4,14,10409,2708128
9 DEC 2016,261,261.5,261,261.1,17,15838,4133849.5
8 DEC 2016,260,261,260,260.2,35,42761,11119100.5
7 DEC 2016,260,261,260,260,27,25521,6635464
6 DEC 2016,260.1,261,260,260.5,20,20431,5320070.7
5 DEC 2016,260,262,260,260.1,30,8087,2106066.9
2 DEC 2016,260,261,260,260.1,16,104658,27216479.5
1 DEC 2016,256,260,256,258.5,19,4920,1263446.2
30 NOV 2016,255,256,254,255.3,26,6533,1666721
29 NOV 2016,254,255,254,255,24,15756,4005942.2
28 NOV 2016,254,254.5,253,254,27,53375,13554574.5
25 NOV 2016,254,254.5,253.7,253.8,17,2649,672568.2
24 NOV 2016,253.5,254.5,253,253,30,16846,4262140.5
23 NOV 2016,254,255,253,253.9,45,16980,4309052
22 NOV 2016,255.1,255.1,253,253.9,85,114263,29028856
21 NOV 2016,258.5,258.5,255,255.3,44,11206,2870052.5
18 NOV 2016,260.3,261,260,260.2,28,3938,1024122.1
17 NOV 2016,262,262,260.5,260.6,22,4518,1180408.5
16 NOV 2016,264.9,264.9,261,261.9,42,29844,7838921.4
15 NOV 2016,265,266,263.5,263.8,36,45875,12182916.3
11 NOV 2016,265,266,264,265,27,20383,5390433.7
10 NOV 2016,265,266.4,265,265.1,35,13992,3712281.4
9 NOV 2016,264.3,264.9,263,264,36,43442,11459707.4
8 NOV 2016,265,266,264.6,265,34,33608,8905919
7 NOV 2016,265,265,264,264.5,57,61916,16373799.8
4 NOV 2016,265,266.9,263,263.7,52,68971,18279153.8
3 NOV 2016,265,265,263,263,12,1285,338730
2 NOV 2016,260.4,265,260,264.7,69,628094,166390559.8
1 NOV 2016,259.5,260.7,259.5,260,33,31940,8304160.5
31 OCT 2016,260,260.9,259.5,260,27,12170,3164110.1
28 OCT 2016,260,261,260,260,22,38303,9958839.8
27 OCT 2016,259.9,261,259.5,260,27,36006,9361238.9
26 OCT 2016,260,260.9,260,260.2,28,116135,30195728.1
25 OCT 2016,260,261.5,260,260,23,16529,4309171.5
24 OCT 2016,260,260.7,259.4,260,48,100383,26099423.3
21 OCT 2016,260,260.6,259.1,259.4,22,6194,1610044.5
20 OCT 2016,260,260,259.7,260,25,118577,30829952.9
19 OCT 2016,259.5,260,259,259.7,33,26564,6891115.5
18 OCT 2016,261.5,261.5,259,259.2,51,33772,8771948.8
17 OCT 2016,262,263,261,261.9,26,7472,1960212.3
14 OCT 2016,266,266,262.1,263,48,23238,6144692.8
13 OCT 2016,267.5,267.7,262,265,55,27373,7269611.2
12 OCT 2016,268,268.7,267.6,268.1,57,25271,6774324.7
11 OCT 2016,268.1,268.5,266.1,268.1,67,49974,13383614.7
10 OCT 2016,267.1,268.2,267.1,268.1,55,34625,9280709.3
7 OCT 2016,267,268,267,267.9,29,11246,3004248
6 OCT 2016,267.5,267.9,267,267,36,49252,13151922.9
5 OCT 2016,267.3,267.3,266.5,267.2,102,252665,67464190.7
4 OCT 2016,266,267.3,266,267,26,10570,2821000.8
3 OCT 2016,267,267,265,266.7,42,24988,6653277.5
30 SEP 2016,265,266.9,265,266.3,51,44400,11817569.2
29 SEP 2016,265,265.5,264,265,50,60783,16108643.9
28 SEP 2016,260,265.9,260,265,95,259722,68803664.5
27 SEP 2016,260,262.5,260,261,42,154855,40424729.8
26 SEP 2016,260,261.5,260,261.1,43,61835,16138088.5
23 SEP 2016,259.5,261,259,260,69,196941,51187819.3
22 SEP 2016,257,260,257,259.9,53,40388,10436703.3
21 SEP 2016,255.5,257.5,255.5,256.9,43,157325,40250308.5
20 SEP 2016,257.6,257.9,256,256,60,147227,37762231
19 SEP 2016,259.2,259.2,257.6,257.7,26,8376,2167585.5
15 SEP 2016,256.2,260.8,256.2,259.2,68,39837,10345757
14 SEP 2016,255.5,257,255.5,256.6,65,117746,30158338.9
13 SEP 2016,254,255.9,254,255.6,23,6860,1750256.3
9 SEP 2016,254,255.4,254,255,41,34160,8710841.9
8 SEP 2016,255,255.9,253.9,255,51,76185,19420662.3
7 SEP 2016,255.7,255.9,254.9,255,27,20030,5107911
6 SEP 2016,256,256,255,255.1,31,8770,2237354.5
5 SEP 2016,255,256,254.2,255.3,49,42719,10901754.6
2 SEP 2016,255,255.3,254.5,255.1,27,32064,8176715
1 SEP 2016,253,255,253,254.7,51,20122,5117158.9
31 AUG 2016,253,253.4,253,253,41,36815,9314291.1
30 AUG 2016,253.1,253.4,253,253,51,20422,5168128.8
29 AUG 2016,254,254,252.3,252.9,44,12187,3082218.8
26 AUG 2016,255.5,255.5,252.5,254.1,49,52869,13377614.7
25 AUG 2016,255.5,256,253.1,254.5,32,2455,624710.4
24 AUG 2016,253,256.3,253,256,122,118952,30370493.4
23 AUG 2016,249.9,253,249.9,253,105,697923,174773391.9
22 AUG 2016,250,250,249,249.1,36,68072,16951604.4
19 AUG 2016,248.1,249.9,248.1,249.6,20,39418,9831847.6
18 AUG 2016,250,250,248,248.9,33,39677,9907688.3
16 AUG 2016,250,250,249,249.6,56,30930,7723128.9
15 AUG 2016,250,250.2,249,250,81,139517,34870368.1
12 AUG 2016,249,250,249,249.8,83,79589,19866774
11 AUG 2016,249,249.5,248.4,248.7,43,36975,9199461.1
10 AUG 2016,249,249.9,249,249.2,63,38328,9548906.9
9 AUG 2016,249,249,247,248.8,41,42036,10449188.8
8 AUG 2016,249,249.9,246.6,248,55,59878,14852134.4
5 AUG 2016,242,247.5,242,247.1,103,139656,34254502.7
4 AUG 2016,245,245,243,243,39,41860,10241921.8
3 AUG 2016,244.9,246.9,243.5,245,145,191062,46779766.1
2 AUG 2016,233.9,244,233.9,243.8,91,73263,17648813
1 AUG 2016,232,233.5,231.4,233.1,22,6631,1542978.6
29 JUL 2016,231.5,233,231.5,232.7,19,37001,8573625
28 JUL 2016,231.8,231.9,231.6,231.6,12,10637,2464523.4
27 JUL 2016,231.2,233,231.2,232,14,10304,2390609.5
26 JUL 2016,232,232.5,231.5,232,21,24790,5748731.3
25 JUL 2016,233,233,230,231.2,27,22797,5267120.3
22 JUL 2016,232,233,232,232,23,11227,2605115
21 JUL 2016,233,233,231.3,232.4,17,12520,2907287.4
20 JUL 2016,232,232,231.3,231.9,21,5132,1189785.6
18 JUL 2016,232.9,232.9,231.1,231.2,10,19020,4397769.5
15 JUL 2016,233,233,231,231.4,29,10652,2473666.9
14 JUL 2016,233,233,231.1,232.5,27,40764,9477068.5
13 JUL 2016,232.1,233,232,233,53,85857,19999439.8
12 JUL 2016,228.7,232,228.7,230.1,20,67136,15447689.4
11 JUL 2016,229.9,230.1,229,229.9,33,18319,4207577.8
8 JUL 2016,228,229.9,228,229.9,12,2257,518144.9
7 JUL 2016,229.4,229.4,228,228,28,19906,4538713.5
5 JUL 2016,228,228,228,228,6,11692,2665776
4 JUL 2016,228,229.8,228,228,17,15318,3492976.9
1 JUL 2016,227.6,229,227.6,228.1,19,3264,743577.6
30 JUN 2016,228.5,228.5,227.6,228,11,874,199260.5
29 JUN 2016,228.2,228.5,228,228,24,49736,11351058.5
28 JUN 2016,228,229,228,228,22,10976,2502821.1
27 JUN 2016,228.6,230,228,228.7,37,67675,15473964.6
24 JUN 2016,229,230,228,228.6,42,24849,5685917.8
23 JUN 2016,230.2,231,229,230,58,27878,6411785.8
22 JUN 2016,231.3,231.3,230,230.1,30,81702,18877081.1
21 JUN 2016,231,233,231,232,19,64746,15020916
20 JUN 2016,233.5,233.6,233,233,30,223628,52106514
17 JUN 2016,234.8,234.8,233.1,233.6,10,1412,330286.7
16 JUN 2016,234,235.9,233,235,88,227559,53405605.4
15 JUN 2016,235,235,234,234,15,7808,1827172
14 JUN 2016,234,235,234,235,21,18048,4234686.7
13 JUN 2016,236,236,233.5,234.9,41,52437,12315243
10 JUN 2016,234.1,236,234,235.4,28,33939,7972047.7
9 JUN 2016,234.5,235.5,234.1,235,29,19364,4548717.1
8 JUN 2016,234,234.5,234,234.1,9,3166,740915
7 JUN 2016,232.5,234,232.5,233.4,22,16271,3801197.5
6 JUN 2016,232,234,232,233,12,43610,10159867.1
3 JUN 2016,232,233,232,232,35,36518,8472966.3
2 JUN 2016,230.6,232.1,230.6,232,15,3608,833248.9
1 JUN 2016,232.9,232.9,230,230.5,15,6260,1446017.6
31 MAY 2016,230.2,231,230,230.2,34,44763,10302229.5
30 MAY 2016,233.1,233.1,230,230.1,49,22055,5077597.7
27 MAY 2016,234,234,233.5,233.5,16,2316,541207
26 MAY 2016,234,234.9,234,234.1,25,11648,2726612.8
25 MAY 2016,234.5,234.9,234,234.5,28,39906,9357443.1
24 MAY 2016,234.6,234.6,233.1,234.3,31,23942,5613055.7
20 MAY 2016,234.2,235.5,234.2,234.9,38,22325,5249238.3
19 MAY 2016,233.6,235,233,234.2,45,61048,14249629.5
18 MAY 2016,233.1,234,233,233.8,53,69568,16216245.3
17 MAY 2016,233.8,233.8,233,233.5,34,37866,8823951.3
16 MAY 2016,233,234,233,233.4,24,17143,4008747.5
13 MAY 2016,234,234.5,232.5,233,78,159689,37209082.3
12 MAY 2016,236.5,236.5,234,234,71,65328,15311777.9
11 MAY 2016,236,237,235,236,30,12622,2975574.9
10 MAY 2016,235,235,233.7,235,24,10044,2351931.4
9 MAY 2016,238,238,233.7,234.8,52,5874,1384153.1
6 MAY 2016,239.9,239.9,237.5,238.1,56,26863,6412571.3
5 MAY 2016,238.9,238.9,236.9,237,18,4363,1035861
4 MAY 2016,240,240,235,237.1,43,20925,4987138.6
3 MAY 2016,233.5,240,233.5,238.7,103,167398,39502560.3
29 APR 2016,230,233.5,229.9,232.9,72,122141,28294036.9
28 APR 2016,229,230,228.6,230,42,55456,12710476
27 APR 2016,228,230,228,229,64,85610,19607559.9
26 APR 2016,228.9,230,228.1,229,32,231058,52911006.7
25 APR 2016,230,230,228,228.7,47,58429,13378248.9
22 APR 2016,229,230,228,229.4,92,150135,34382115.6
20 APR 2016,227.1,229,227.1,228.2,43,79428,18115939.2
19 APR 2016,227,227,226,227,49,38115,8635359.2
18 APR 2016,229.9,229.9,225.1,227,61,39431,8962432.7
15 APR 2016,229.8,233,228,229.6,30,6886,1580559.8
12 APR 2016,225,227.4,225,227.4,63,50810,11508662.7
11 APR 2016,222,227,222,225,55,105496,23510922.6
8 APR 2016,222,223,221.5,222,57,719833,159516412.5
7 APR 2016,219,220.1,218,220.1,35,115962,25501246.4
6 APR 2016,219,219,218,219,41,14057,3076471.5
5 APR 2016,219,219,218,218.9,43,27548,6009505
4 APR 2016,218.1,220,217.5,217.9,64,229393,50420426.7
1 APR 2016,220,221,219.5,220.1,104,236328,51992959
31 MAR 2016,225.1,227,225,226,95,363789,82215275.4
30 MAR 2016,223.5,226.5,223.5,225.1,62,656493,147712660.9
29 MAR 2016,225,225,223.5,225,44,35678,8011119
28 MAR 2016,225,225.1,224.5,225,32,11690,2630177.1
24 MAR 2016,227,227,225,225.1,37,222940,51465539.1
23 MAR 2016,224.5,227.9,224,226.5,56,30094,6793220.9
21 MAR 2016,223.7,224.5,223.6,224,22,10731,2405547.8
18 MAR 2016,223.5,225,220,220.2,91,1127455,248183381.5
17 MAR 2016,226,229,222,222,74,528248,117400468.1
16 MAR 2016,220,228.5,220,224.9,40,185063,40878139.7
15 MAR 2016,222,222,218.3,220,41,36473,8025161
14 MAR 2016,224.5,224.5,219,221,47,12695,2803166.1
11 MAR 2016,222.5,223.9,219.5,222.2,47,20263,4486207.1
10 MAR 2016,215.5,221,215,219.2,165,147601,32033095.1
9 MAR 2016,217,217.1,210,212.1,201,220748,46813907.5
8 MAR 2016,226,226,216.5,217.6,190,71045,15621954.8
4 MAR 2016,226,228.4,226,226.1,6,776,175400
3 MAR 2016,226,227,225.9,226,38,12458,2820231.5
2 MAR 2016,227,227,225,226,75,93524,21050561.3
1 MAR 2016,229,229,226.5,226.9,63,42408,9641828.4
29 FEB 2016,229.3,229.8,228.5,228.5,73,110003,25216250.3
26 FEB 2016,230,230,229,229.8,51,10937,2513133.4
25 FEB 2016,233,233,229.5,230,127,124098,28549188.1
24 FEB 2016,233,236.9,232,232.1,73,129295,30006898.8
23 FEB 2016,233,234,232.6,232.7,66,441486,102455855.1
19 FEB 2016,234,234.5,233,233.7,106,168273,39147526
18 FEB 2016,239,239,233.9,234,107,974570,228118612.8
16 FEB 2016,233.1,235,233,233,24,6687,1561040
15 FEB 2016,235,238,233.5,233.7,30,189527,44267225.2
12 FEB 2016,235.2,236.5,234,234.7,30,270540,63584997.7
11 FEB 2016,236,240,235.1,235.2,24,6547,1545046.3
10 FEB 2016,238,238,236,237.1,23,1269,301076.9
9 FEB 2016,241,241,239,239.6,38,33723,8098119
8 FEB 2016,244,244,241,241,16,309371,74250093.7
5 FEB 2016,244,244,240.6,244,32,226075,54943076
3 FEB 2016,240.2,244,240,243.9,31,42419,10236667.2
2 FEB 2016,237.3,244,237.3,244,30,12716,3055641.4
1 FEB 2016,238.5,240,238,238.6,15,27096,6462232
29 JAN 2016,240,240,238,238.5,68,254692,60679808.9
28 JAN 2016,239.1,240,237,238.1,60,21279,5068111
27 JAN 2016,239.8,239.9,237,237,29,62234,14760654
26 JAN 2016,235,236,235,235.2,43,59345,13954063.8
25 JAN 2016,235,235,232.5,234.9,54,109009,25614656.8
22 JAN 2016,230,235.9,230,235.1,51,45121,10592326
21 JAN 2016,222,230,222,229.8,67,76650,17443467.4
20 JAN 2016,225,225,221,224.6,38,16893,3773628.5
19 JAN 2016,220,225,219.2,220.3,74,31772,6995510.5
18 JAN 2016,229,229,220,221.2,125,86434,19198270.4
14 JAN 2016,242,242,228.1,229.4,68,21855,5013553.8
13 JAN 2016,230,231,225,230.5,79,48901,11086164.2
12 JAN 2016,236,236.5,223,224.5,151,54572,12446529.1
11 JAN 2016,242,242,234.6,235.1,91,42948,10271407.8
8 JAN 2016,245,245,242,242,45,31406,7661211.3
7 JAN 2016,246.7,246.7,245,245,39,18211,4468236
6 JAN 2016,247.2,248,246.1,246.2,43,5664,1395426
5 JAN 2016,249,249,248,248,13,1623,402804
4 JAN 2016,252.1,253,249.1,250,25,2400,603127.8
31 DEC 2015,248,250,247,248,38,84704,21011033
30 DEC 2015,249.4,249.5,249.4,249.5,16,10650,2657115
29 DEC 2015,246.5,250,246,246.5,36,10118,2493939.3
28 DEC 2015,247,247,246,246,54,8662,2132472.6
23 DEC 2015,247.1,248,246,247.2,44,6418,1588411.4
22 DEC 2015,248.3,248.3,247.1,247.2,47,6668,1652670.9
21 DEC 2015,248,249,248,249,23,4169,1035535.9
18 DEC 2015,249,249,247,248,28,1049047,259124585.7
17 DEC 2015,249,249,248.3,248.3,32,12567,3127393.2
16 DEC 2015,250,250,249,249,22,11030,2757135.6
15 DEC 2015,250,250,249.1,250,24,208691,52171323.5
14 DEC 2015,251,252,249.6,249.6,37,239920,60002745.2
11 DEC 2015,251,251.1,250,250.5,69,249545,62469014.3
10 DEC 2015,251,251.5,251,251.4,37,73223,18382134.5
9 DEC 2015,252,252,251,251.5,24,24666,6197335.7
8 DEC 2015,253,253,251.5,251.8,24,41807,10517651.9
7 DEC 2015,251,252,251,251.1,29,13200,3314664.9
4 DEC 2015,251,253,251,251.9,25,15622,3933080
3 DEC 2015,251,252,250,251.2,22,16181,4046819
2 DEC 2015,250.1,250.1,250,250,23,28442,7110546
1 DEC 2015,250,251,250,250,38,64821,16205673.1
30 NOV 2015,250,252,250,250.1,51,17914,4482692.9
27 NOV 2015,252,252,250.1,252,20,2010,505721
26 NOV 2015,252.9,254.2,251.5,252,67,23615,5952627.7
24 NOV 2015,257,257,252,252.6,71,45594,11532359.5
23 NOV 2015,260,260,253,254.5,72,40868,10533755.8
20 NOV 2015,260,261.9,260,260.8,33,10781,2809819.4
19 NOV 2015,259,261,257,260.7,58,48362,12582111.3
18 NOV 2015,254,260,254,258.4,36,34208,8847664
17 NOV 2015,256,258,252,253.8,44,7874,2005592.4
16 NOV 2015,261,261,256,256.1,39,65168,16747963.1
13 NOV 2015,255,255,252.5,253.4,22,1532,388524.1
12 NOV 2015,255,255,253.5,254.1,15,6597,1675993
11 NOV 2015,253,256,253,255,31,8064,2055304.5
9 NOV 2015,257,257,255.5,255.5,24,91251,23315521.3
6 NOV 2015,256.1,257,255.5,256,14,389,99596.5
5 NOV 2015,255,258.5,255,257.4,28,21422,5494629.3
4 NOV 2015,255,256,255,255,21,11843,3020019.2
3 NOV 2015,255,256,255,255,45,35352,9017607.6
2 NOV 2015,257,258,256,256,28,9606,2464662.1
30 OCT 2015,258.2,258.2,257,257,25,74696,19249833.7
29 OCT 2015,258,260,258,258.6,15,76314,19755729.9
28 OCT 2015,258,259,258,258,54,120114,30989604
26 OCT 2015,258.1,259,258,258.1,29,18845,4862298.6
23 OCT 2015,258.5,258.5,258,258,15,7414,1912903.2
22 OCT 2015,258,258.5,258,258.1,17,9420,2430778.5
21 OCT 2015,259,259,258,258.1,31,30946,7985524.8
20 OCT 2015,257,259,256.2,258,31,19138,4937864.1
19 OCT 2015,258,258,256,256.3,20,9627,2467719.6
16 OCT 2015,257,258.4,257,257.1,17,6207,1595421.4
15 OCT 2015,258.5,258.5,257,258.4,21,10768,2772642
14 OCT 2015,258.4,258.5,257,258,27,22895,5913010
13 OCT 2015,259.9,260,258,258.4,49,52555,13612391.8
12 OCT 2015,260,260.9,259.9,259.9,29,45278,11772154.5
9 OCT 2015,259.1,261,259.1,260,45,57932,15049518.7
8 OCT 2015,258.2,259.9,258.2,259.1,14,18686,4841739.4
7 OCT 2015,259.9,260,258.1,259.4,34,7923,2054132.1
6 OCT 2015,260,260,259.9,259.9,22,50553,13143740.5
5 OCT 2015,260.5,260.5,260,260,37,42197,10971534.2
2 OCT 2015,260,260.2,260,260.1,35,31192,8110545.9
1 OCT 2015,259.5,261,259.5,260.8,19,17983,4677538
30 SEP 2015,260.7,260.7,258,258.2,25,17428,4496810.6
29 SEP 2015,260,260.6,260,260,32,28070,7298200.6
28 SEP 2015,260,261,258.5,260.8,47,48114,12537251.1
25 SEP 2015,260.4,260.5,260,260.3,16,13400,3486063.6
23 SEP 2015,260,261,259.9,261,32,37233,9699724.2
22 SEP 2015,258.1,260,256.5,259,36,45506,11791079.3
21 SEP 2015,261.5,261.5,258,259,54,71018,18403481
18 SEP 2015,260.5,261.5,260.5,260.5,13,6282,1638283.4
17 SEP 2015,261,261.5,260,260.7,61,122983,31996513.8
16 SEP 2015,262.2,262.5,260.1,262,56,186231,48819517.6
15 SEP 2015,262.1,262.5,262.1,262.4,24,18494,4847745.3
14 SEP 2015,262.5,262.5,262.1,262.1,26,44494,11664529.1
11 SEP 2015,262.6,263.5,262.1,262.5,22,7778,2041629.9
10 SEP 2015,262.2,263.5,262,262,35,42942,11254299.1
9 SEP 2015,262,263,262,262.1,19,3987,1045359.6
8 SEP 2015,260,261.5,260,261.1,30,15475,4035001
7 SEP 2015,262,262,260,260.2,59,56768,14764165.6
4 SEP 2015,265,265,262,262.8,52,57561,15152899.6
3 SEP 2015,264,264.5,264,264,39,230984,61029535
2 SEP 2015,265,265,264.1,264.5,33,130334,34523938.7
1 SEP 2015,264.9,265,264.5,264.7,37,38449,10178493
31 AUG 2015,263.9,264.5,263.9,264.4,57,27346,7221817.8
28 AUG 2015,262.3,265,262.3,263.9,23,7266,1921313.6
27 AUG 2015,260.1,268.7,259,260,84,194156,50488646.3
26 AUG 2015,261,264,260.1,260.2,123,268742,70027478.7
25 AUG 2015,266,266,261,262.5,126,57298,15051047.6
24 AUG 2015,273,273.1,263.9,266,134,77262,20494031.7
21 AUG 2015,275.2,275.2,273,273.7,36,38530,10553782
20 AUG 2015,277.1,277.1,274,275,59,177094,48707056
19 AUG 2015,277,279.9,275.2,276.5,39,105533,29178796.5
18 AUG 2015,276.8,279.9,276.5,276.7,126,225371,62460519.5
17 AUG 2015,274,276,274,274.9,104,102100,28117517.8
14 AUG 2015,273,275,273,274,129,215177,58959793.1
13 AUG 2015,276.8,276.8,272,273,64,179256,49208376.6
12 AUG 2015,275.9,277,270.1,275,134,325709,89646840.3
11 AUG 2015,266,275,265.1,274.8,210,310500,84988756.5
10 AUG 2015,263.5,266,263.5,265,80,763093,202209345.5
7 AUG 2015,263.2,264.8,263.1,264.3,55,488510,128952597.4
6 AUG 2015,263,263.9,262,263.1,49,413206,108672083.6
5 AUG 2015,264,264,262,263,53,83572,21976253.5
4 AUG 2015,263,263.8,260.1,262.3,90,124616,32760200.5
3 AUG 2015,262.6,264.9,262.5,263,55,119423,31514171.4
30 JUL 2015,264.5,265,263,263,52,94867,25008863.1
29 JUL 2015,263,264.5,262.5,264.2,52,40718,10725618.2
28 JUL 2015,263.1,264,262.5,263.3,65,88729,23347149
27 JUL 2015,263,264.9,263,263,59,27548,7251779.9
24 JUL 2015,261.4,262,261,261.8,48,218885,57140114.1
23 JUL 2015,261.5,262,261,261.8,56,40827,10685780.6
22 JUL 2015,260,262,259,261.7,54,536932,139612840.1
21 JUL 2015,260.1,260.5,260,260,32,32028,8328886.8
20 JUL 2015,260,262.4,260,260.1,57,51219,13330569
17 JUL 2015,260,260,258.5,259.7,64,175033,45501693
16 JUL 2015,258,260,258,260,81,476999,124015973.3
15 JUL 2015,255,258,254.9,258,62,52994,13542015.5
14 JUL 2015,254,254,252,252.3,58,40711,10279619.8
13 JUL 2015,253.5,255,253,254.2,26,19440,4926206.7
10 JUL 2015,253,254.9,250,253.5,53,27919,7023140.6
9 JUL 2015,255.2,255.2,248.1,250.7,140,117499,29572231.6
8 JUL 2015,255.5,257,255,256.4,38,12685,3241738.2
7 JUL 2015,257.3,257.4,256,256.1,40,5359,1374171.5
6 JUL 2015,258.1,259,258,258,33,14841,3829529.5
3 JUL 2015,258,260,258,258.7,16,5102,1321823.9
2 JUL 2015,260,260,257,258.8,40,50252,13036647
30 JUN 2015,262,262,259,259.3,11,1537,399389
29 JUN 2015,261.1,265,260,260,35,9015,2345697.3
26 JUN 2015,258.7,260,258,259.4,53,32947,8522177
25 JUN 2015,259.1,260,258.8,259.5,39,40075,10403291.3
24 JUN 2015,259,260,259,259.8,86,442845,114900374.5
23 JUN 2015,259.3,260,259,259.3,65,322534,83854423.4
22 JUN 2015,263,263,258,259.3,26,7600,1968603
19 JUN 2015,256.3,259,255.2,258.3,45,32070,8219816.4
18 JUN 2015,254,257,254,256.3,77,46892,11988466.9
17 JUN 2015,253.1,254,253,253.9,51,41159,10420702
16 JUN 2015,255,255,252,254,86,583729,147770292.8
15 JUN 2015,256,256,254.6,255,55,101971,26003023.6
12 JUN 2015,255,256.6,254.5,255,156,639558,163090403
11 JUN 2015,256.3,256.3,253.2,255,169,778079,198411136.8
10 JUN 2015,258.2,260,255.1,256.8,48,204792,52816649.5
9 JUN 2015,261.5,261.5,257.6,258.9,74,87498,22610082.9
8 JUN 2015,264.2,265,258.5,259.4,115,430364,112506516.8
5 JUN 2015,263,265,262,265,41,40886,10804605.9
3 JUN 2015,268,268.4,265,266,81,89499,23909959.7
1 JUN 2015,268,268.3,267.8,267.9,51,29617,7938169.4
29 MAY 2015,268.5,269,268,268.3,35,20749,5566068.8
28 MAY 2015,270.9,272,270,270.1,86,175094,47326467.5
27 MAY 2015,267.9,271,266,270,114,138345,37287431.9
26 MAY 2015,268,268.2,267.2,267.2,49,398834,105765625
25 MAY 2015,268,268,265.3,267.4,39,27489,7349960.5
22 MAY 2015,268,268.9,267,268.3,78,46032,12341742
21 MAY 2015,264.1,268,264.1,267.8,52,637328,169036951.5
20 MAY 2015,262,265.1,262,264.9,73,651078,172302213.2
19 MAY 2015,262.5,264.6,262.5,263.6,74,91055,24004518.5
18 MAY 2015,263.5,263.5,261.1,263,52,136991,36013252.8
15 MAY 2015,262,264.5,262,263.8,85,202074,53313537.1
14 MAY 2015,261,261,260,260.8,59,53955,14064796
13 MAY 2015,261,261,259,260.2,63,42553,11066673.7
12 MAY 2015,261,261,259,260,96,168815,43904309
11 MAY 2015,262.5,262.5,260,260.8,58,85640,22356084.2
8 MAY 2015,262,262.5,261.5,262.1,48,15837,4149786.8
7 MAY 2015,264,264.5,261.8,262,60,32674,8561770.9
6 MAY 2015,264.5,265,263,264,116,278726,73558088.9
5 MAY 2015,259.5,264,259.5,263.8,178,236211,62164287.8
30 APR 2015,257,260,257,259.9,93,186554,48345239.1
29 APR 2015,256,258,256,257,80,96743,24862597.2
28 APR 2015,254,257,254,255.4,67,83125,21220731.2
27 APR 2015,255.6,255.6,254,254.6,63,68411,17443708.9
24 APR 2015,255,257,255,255.6,72,86390,22103029.7
23 APR 2015,255.1,257,253,255,52,42895,10951841.2
22 APR 2015,255,257.5,254.5,255,79,45457,11596894.8
21 APR 2015,255,256,254,255.3,74,34946,8922568.6
20 APR 2015,254.9,259,250,254.9,45,34378,8747313.8
17 APR 2015,252.5,256,250.6,254.9,57,38123,9677519.3
16 APR 2015,247,254,246,252.1,66,71342,17764589.9
15 APR 2015,247,247,245,245.1,62,286558,70235043.8
10 APR 2015,247.5,247.5,244,245,45,32867,8051941.6
9 APR 2015,245,247,245,245.1,37,31968,7838342.2
8 APR 2015,244,247,244,247,30,39662,9733657
7 APR 2015,243.9,245,243.9,244,42,44760,10923285.9
6 APR 2015,246.4,248,243.9,244.6,71,39341,9653679.8
2 APR 2015,246,249.5,246,247.5,49,115201,28461406.6
1 APR 2015,243,247,240,246.3,113,48684,11879047.7
31 MAR 2015,250.5,254,249,252.1,126,167421,42026467.3
30 MAR 2015,258.2,258.2,248.6,250.4,104,61742,15551620.2
27 MAR 2015,260.5,260.5,256,257.2,47,21163,5454502.7
26 MAR 2015,263,263,258,258.5,81,130439,33823217.1
25 MAR 2015,266,267.5,261,263,52,118845,31475135.4
24 MAR 2015,268,269,267.1,267.2,46,22223,5957329.2
23 MAR 2015,269.5,269.5,268,268,37,13953,3747359
20 MAR 2015,269.1,269.7,269.1,269.3,19,9594,2583593
19 MAR 2015,269,269.9,269,269.2,36,34014,9151483.3
18 MAR 2015,270,270,268.5,268.8,11,2137,576913.9
17 MAR 2015,267.1,271,267.1,270,50,127008,34273386.1
16 MAR 2015,269.5,269.5,267.5,268.5,29,48302,12973741.5
13 MAR 2015,268.9,270,267.7,269.5,24,10961,2951007.7
12 MAR 2015,270.1,270.1,268.9,269,21,9226,2486025.2
11 MAR 2015,270.4,270.5,270,270,55,105108,28382078.5
10 MAR 2015,270,270.5,270,270,33,88215,23819387
9 MAR 2015,270.1,270.1,270,270,18,9840,2656914.8
6 MAR 2015,269,275,268,273,98,140821,38153367.5
4 MAR 2015,270.2,270.2,269,269.2,44,63988,17261934
3 MAR 2015,267,270.2,267,270,135,402286,108505016.2
2 MAR 2015,269.8,269.8,267,267,34,48978,13166915.5
27 FEB 2015,270,270,267,268,27,54127,14506585
26 FEB 2015,266.1,270,266.1,268.9,119,193636,52131945.1
25 FEB 2015,268.9,268.9,266.5,268,95,282436,75718641.1
24 FEB 2015,269,269,267.5,267.8,81,134764,36155734.9
23 FEB 2015,269,271,267,267.6,119,83348,22486625
20 FEB 2015,259.6,270.1,259.6,268.5,303,388563,104379892.9
19 FEB 2015,259.9,261,259,260.8,53,58372,15186082.8
18 FEB 2015,259.4,260.7,258,259.7,63,94225,24492921.8
16 FEB 2015,261,261,258.3,259.4,22,13051,3387962.9
13 FEB 2015,260,261,260,260.1,58,80009,20802789
12 FEB 2015,260,261.9,257.1,259.9,113,233778,60787413.9
11 FEB 2015,251.5,261,251.5,260.3,261,616582,159480200.2
10 FEB 2015,248,251,248,250.9,51,54607,13657202.7
9 FEB 2015,249,250,245,250,79,91602,22858610
6 FEB 2015,239.5,252,239,250,196,393133,98169996.6
5 FEB 2015,237.4,239.5,237,238.3,50,23443,5584804.1
2 FEB 2015,242.1,242.5,238,239.2,87,76291,18304099.5
30 JAN 2015,246,249,240,243.6,116,99106,24108842
29 JAN 2015,252,253,250,251.8,81,114965,28955429
28 JAN 2015,249.9,252,249.5,251.7,121,73807,18511360.7
27 JAN 2015,249,249,246,248.8,48,45154,11221403.5
26 JAN 2015,248,248.9,245,248.1,56,66522,16495683.7
23 JAN 2015,245.1,249,245,248.4,49,72694,17863758
22 JAN 2015,245,245,240,242.9,59,54629,13292778.1
21 JAN 2015,245,245.5,245,245,103,178298,43690578.9
20 JAN 2015,245,247,245,245,61,81512,19986927.7
19 JAN 2015,249.9,251,245,245.2,119,108556,26802415.1
16 JAN 2015,249,251,248,249.9,131,400897,108399647
13 JAN 2015,250.1,250.1,247.5,248.3,50,29056,7233475.3
12 JAN 2015,252,258,250,251.8,190,188514,47626976.5
9 JAN 2015,247,251.7,247,250,269,326763,81561171.4
8 JAN 2015,244,247,244,245.2,94,92406,22633067
7 JAN 2015,242,245,242,242.5,152,176849,43115029.7
6 JAN 2015,237,242,237,241.7,145,255100,61180318.5
2 JAN 2015,237,237,235.2,236.7,26,20869,4942512
31 DEC 2014,237,237,235,236.3,35,24549,5794893.5
30 DEC 2014,235,237,234.7,235.2,40,36819,8660144.2
29 DEC 2014,235.5,235.5,235,235,49,52803,12411217
26 DEC 2014,235.2,236,235,235.5,22,20298,4776552.2
24 DEC 2014,235,236.5,235,236,63,59158,13945741.8
23 DEC 2014,235,235.5,234.5,235,40,53696,12619140
22 DEC 2014,235,235.1,235,235.1,71,118719,27900639.1
19 DEC 2014,235,235,234.3,235,46,30818,7242063.5
18 DEC 2014,235,235,234,235,65,230622,54029631
17 DEC 2014,237,237,235,235.1,56,85605,20123175.1
16 DEC 2014,235.5,236,235,235.9,37,16905,3978011.8
15 DEC 2014,235,235.5,234.5,235.2,42,48703,11447701.5
12 DEC 2014,235,235,234,235,53,195948,45971391.4
11 DEC 2014,234,237.9,234,234.9,41,35222,8286378.1
10 DEC 2014,234,236,234,235.9,93,187784,44134533.6
9 DEC 2014,234.5,234.5,233.5,234,63,55241,12923206.5
8 DEC 2014,232,234.5,231,233,48,60434,14032529.9
5 DEC 2014,232.4,232.4,232,232,28,10998,2551861.6
4 DEC 2014,233,233.1,232.5,233,70,208933,48680757.4
3 DEC 2014,233,233.5,232.5,233.1,60,29475,6868868.3
2 DEC 2014,232,234.9,231.5,232.5,76,44522,10356397.5
1 DEC 2014,229,233,229,232.4,64,41615,9619256
28 NOV 2014,228.2,229.9,226,228.6,52,41004,9343757.2
27 NOV 2014,230,231,225.6,228.7,157,169472,38776881.6
26 NOV 2014,233.7,234,230.1,230.2,62,22945,5295865.1
25 NOV 2014,232,236,232,233.7,83,53660,12556943.6
24 NOV 2014,234,234,230,232.3,175,205423,47702149.7
21 NOV 2014,236.1,237,231,234.4,160,299858,70192515.4
20 NOV 2014,239,240,235.5,238,56,219090,51808605.9
19 NOV 2014,241.1,241.6,239,239.4,60,14322,3448236.6
18 NOV 2014,243.9,243.9,241,241.4,104,131164,31826732.2
17 NOV 2014,240.5,243,240,243,155,140780,34012754.4
14 NOV 2014,240.5,240.8,239,240,189,353808,84918557.2
13 NOV 2014,235.1,240,234,240,176,333694,79003240.2
12 NOV 2014,234,238,234,235.7,86,98239,23151545.9
11 NOV 2014,234,234.9,233.4,234.3,90,70853,16579659.3
10 NOV 2014,233.5,234.6,233.5,234,126,186611,43659103.8
7 NOV 2014,233,235,231,233.7,285,413749,96354866.6
5 NOV 2014,237,237,232,233.7,300,467847,109514366.2
4 NOV 2014,238.5,238.5,237,237.5,58,59556,14154754.5
3 NOV 2014,238.2,239.2,238,238.4,45,22739,5421569
31 OCT 2014,238,240.9,238,239.9,72,117249,28136422.5
30 OCT 2014,238,240,237,239.9,59,82504,19737670
29 OCT 2014,236.8,238,235.5,237.1,46,61469,14542021
28 OCT 2014,239,239,237,237,27,16594,3942375.5
27 OCT 2014,238.8,240,238,239.8,49,53017,12676682.9
24 OCT 2014,235,238,235,237.8,31,16276,3865588.4
23 OCT 2014,235,236,232,235,74,103270,24090750.6
21 OCT 2014,236,236,232,233,45,45535,10676370
20 OCT 2014,239,239,235,235.7,33,28428,6709100.8
17 OCT 2014,240,240,235.2,236,37,10347,2451734
16 OCT 2014,243.9,243.9,239,239.1,34,29971,7256650.3
15 OCT 2014,236,244,236,243,39,64810,15678622.1
14 OCT 2014,237,244.5,232,237.9,104,37662,8946241.4
13 OCT 2014,245,248,237,238.8,112,93427,22326313.4
10 OCT 2014,248,249,244.9,246.9,35,18149,4483923.7
9 OCT 2014,248.4,249,246,248,32,231346,57820229.6
7 OCT 2014,250,252,246.1,248.4,52,66892,16716892.3
3 OCT 2014,248,251,247,250,216,721239,180168839
2 OCT 2014,242,248,242,247.3,152,242607,59569497.2
1 OCT 2014,240,243,239.5,242.4,35,17781,4286734.3
30 SEP 2014,240,242,237.5,241.8,103,412554,99150633.1
29 SEP 2014,242,242,238,239,42,27410,6625826.4
26 SEP 2014,242,245,242,243,29,100838,24583800.2
25 SEP 2014,241.6,246,241.3,243.9,80,46263,11267561.1
24 SEP 2014,247,247,241.3,243,46,15371,3734199.4
23 SEP 2014,245,247,243.3,244.6,51,45714,11198434.7
22 SEP 2014,241.9,245.5,241.5,245,158,444723,108619814.9
19 SEP 2014,239.8,241.9,239.8,241.7,123,187605,45106201.9
18 SEP 2014,237.5,240,236.6,239.2,111,529503,126485605.7
17 SEP 2014,237.8,238,237.5,238,56,329581,78423536.4
16 SEP 2014,238,238,237,237.7,99,397700,94513019.9
15 SEP 2014,238.2,238.5,237.3,238,86,221278,52667932.3
12 SEP 2014,239,239.4,238,238.2,89,109557,26122176.1
11 SEP 2014,238.8,239.5,238,239,115,347473,83043552.6
10 SEP 2014,239.5,240.5,238.5,238.8,112,269445,64577796.8
9 SEP 2014,236.5,240,235.3,238.9,113,117527,28050909.4
5 SEP 2014,232.1,236,232.1,235.3,152,300825,70618219.9
4 SEP 2014,230,232.7,230,232.6,102,137108,31786187.6
3 SEP 2014,229.9,231,229.9,230.9,94,169342,38994324.8
2 SEP 2014,230,230.1,228.5,229.4,57,59553,13690064.5
1 SEP 2014,230,230.8,228.5,230,69,77352,17790731.9
29 AUG 2014,230.1,231.7,228.1,229.8,74,77989,17971984.7
28 AUG 2014,229,230.5,228,230,67,92182,21183188.5
27 AUG 2014,230,230,227.7,228,50,59798,13746134.6
26 AUG 2014,227.4,230,227,229.7,101,163330,37446448.2
25 AUG 2014,228.5,229,226.5,227.6,48,7188,1637396.9
22 AUG 2014,229.7,229.9,228,229,53,83896,19204495.7
21 AUG 2014,230,230,228,229.4,48,41629,9543692.5
20 AUG 2014,226.5,232,226.5,229.8,216,1456202,334505700.7
19 AUG 2014,225.8,226,225,225.6,106,157222,35439267.5
18 AUG 2014,225,225.4,223,225,83,130603,29330165
15 AUG 2014,223,225,220,224.8,123,204445,45770966.3
14 AUG 2014,224,224,221.9,222.8,32,9667,2154831.7
13 AUG 2014,223.3,225,223.3,223.3,55,40493,9046694.7
12 AUG 2014,225,226,223,223.6,43,44844,10081906.4
11 AUG 2014,222,225,222,224.3,76,142113,31892610.2
8 AUG 2014,219,225,219,221.9,131,165243,36495600.9
7 AUG 2014,217,220,217,218.9,77,81405,17819004.9
6 AUG 2014,215,218,212,217.1,75,19441,4206043.4
5 AUG 2014,215,215.5,214.8,215,31,74265,15967149.9
4 AUG 2014,214.7,216,214.4,215.1,56,90443,19451110.4
1 AUG 2014,214,214.9,213.5,214.9,37,38729,8290658.7
31 JUL 2014,214.9,215,213,213.4,40,16307,3498401.8
30 JUL 2014,212,214.9,212,214,59,79244,16955116.6
28 JUL 2014,213.1,214,212,212.1,39,16949,3607573
25 JUL 2014,212.2,214.5,212.2,213.1,54,50211,10732082.8
24 JUL 2014,214,215,212,213,70,55237,11836313.3
23 JUL 2014,214,215,212.3,214,56,104866,22442745.2
22 JUL 2014,213.8,214,211,213.6,61,40086,8514334.1
21 JUL 2014,212.5,213.4,212,213,57,22275,4742111.6
18 JUL 2014,212.1,213,210,211.3,79,48096,10115332
17 JUL 2014,212.5,213.4,212,212.1,64,80529,17095383.6
16 JUL 2014,212.5,214.5,212,212.8,62,31382,6674941
15 JUL 2014,213,214.2,212.1,214,99,106332,22691979.2
14 JUL 2014,212,215,212,213.1,45,35578,7587573
11 JUL 2014,218,218.5,213.9,214.2,184,292453,63397880.1
10 JUL 2014,215.5,218.5,215,217.9,124,99824,21672642.3
9 JUL 2014,213,216.5,213,215.7,150,220745,47495704.6
8 JUL 2014,209,214.9,209,213.3,100,121029,25657512.8
7 JUL 2014,208.6,211.5,208.3,209.6,124,144225,30217706.7
4 JUL 2014,204,209,204,208.6,142,179856,37382233.7
3 JUL 2014,202.4,206,201,205,111,89559,18327172.2
2 JUL 2014,202,204,201,201.9,40,13003,2638102.8
1 JUL 2014,200,202,199,200.6,87,118176,23646465.6
30 JUN 2014,196.9,202,196.5,200.2,147,186569,37220898
27 JUN 2014,195,196.9,195,196.6,35,16356,3204298.5
26 JUN 2014,194,197,194,195.6,39,23986,4681481.8
25 JUN 2014,193,193.6,193,193.5,72,110628,21386372.7
24 JUN 2014,192.6,193.5,192.6,193.3,47,51461,9935983.1
23 JUN 2014,193,193.9,192.6,193.3,29,46065,8919842.6
20 JUN 2014,193.8,194,192.5,193,38,49743,9594338.2
19 JUN 2014,193.5,194,193,193.4,28,118851,22972139
18 JUN 2014,195.9,195.9,193,193.4,44,50701,9845730
17 JUN 2014,196,197,195,196.4,56,82675,16250778.6
16 JUN 2014,192.2,197,192.2,195.9,73,203514,39663340.9
13 JUN 2014,191.9,194.8,191.9,193.4,74,173614,33400668.8
11 JUN 2014,192.8,192.9,191.5,191.9,30,18099,3477068.6
10 JUN 2014,191,192,190.7,191.1,94,93014,17771384
9 JUN 2014,190.2,191.5,190.2,190.9,43,24455,4661388
6 JUN 2014,190.1,190.5,190.1,190.2,36,35032,6666179.5
5 JUN 2014,190,190.9,189.3,190.3,56,68368,13007212
4 JUN 2014,190.8,190.9,189.5,190,30,22937,4358931.2
3 JUN 2014,190.9,190.9,190,190.1,49,46844,8902946.2
2 JUN 2014,190,190.2,190,190,55,128882,24487662.8
30 MAY 2014,190,190.9,189,190,39,53048,10078288.9
29 MAY 2014,190.5,190.5,190,190,39,38420,7304556.2
28 MAY 2014,189.1,190.5,189.1,190,46,64918,12333690.9
27 MAY 2014,189.9,190.9,189.9,190.4,57,68653,13052350.8
26 MAY 2014,189.6,189.7,188,189.2,41,18465,3485502.1
23 MAY 2014,189.5,189.6,187.9,188.3,66,28059,5291477.2
22 MAY 2014,189.6,190,189.1,189.6,62,22965,4360256.4
21 MAY 2014,190.2,190.5,189.5,189.8,44,13738,2609943.5
20 MAY 2014,190.3,192,190.2,190.8,72,142263,27122224.5
19 MAY 2014,192.9,193,190,190,81,104428,19886816.1
16 MAY 2014,191,193.8,191,191.7,117,266706,51140576.5
13 MAY 2014,194.9,194.9,189,191,118,276992,52641193.3
12 MAY 2014,187,190,186.1,189.9,58,64452,12213049.8
9 MAY 2014,186,189.4,186,188,24,32169,6039135.1
8 MAY 2014,188,189,185,185.4,89,37365,6965570.8
7 MAY 2014,188.4,189.7,186,186.8,107,84727,15907134.2
6 MAY 2014,190.2,191.5,188.2,189,81,38263,7265647
5 MAY 2014,191.5,191.5,190.2,190.3,48,15595,2974183.9
2 MAY 2014,192.6,192.6,190.6,191.1,44,12457,2377553.7
30 APR 2014,193.1,193.7,192.6,192.8,74,36588,7061303.5
29 APR 2014,195,196,193,194.9,119,156104,30561153
28 APR 2014,193,195,192.5,194.5,96,91271,17737217
25 APR 2014,190,195,190,193,99,189071,36796126.7
24 APR 2014,187.5,195,187,190.8,101,223156,42261030.2
23 APR 2014,188,188.1,187.9,188,92,321196,60703254.8
22 APR 2014,188,188.1,186.1,188,131,107097,20058713.4
21 APR 2014,189.9,189.9,187.3,187.8,76,85905,16143709.7
17 APR 2014,185,190,185,189,175,155542,29175367.1
16 APR 2014,183,185,183,184.7,73,70543,13019955.9
11 APR 2014,182,183.9,182,183.4,90,116902,21346686.1
10 APR 2014,182,183,181,182.6,64,45052,8217979.7
9 APR 2014,180.6,183,180.5,180.8,82,59991,10941197.8
8 APR 2014,180,180.9,180,180.5,44,23719,4278948.4
7 APR 2014,178.5,180.5,178.5,180,87,96702,17402889.2
4 APR 2014,176,180,176,179.9,96,65709,11753312
3 APR 2014,175.1,177,175,176.4,53,47375,8318694.1
2 APR 2014,175.1,175.9,174.1,175.1,45,36596,6403612.7
1 APR 2014,178,178,173,175.3,193,134463,23467047
31 MAR 2014,182.9,182.9,180.6,182.1,111,94706,17225805
28 MAR 2014,181,182,180.6,182,96,81522,14787136
27 MAR 2014,181,181.6,180.6,181,71,23318,4221502.2
26 MAR 2014,179,181.5,179,180.5,43,201133,36214369.5
25 MAR 2014,179.9,180,179,179.9,66,50234,9019884
24 MAR 2014,179.5,179.5,178.5,178.9,32,9943,1778186.8
21 MAR 2014,179.9,179.9,179.1,179.8,45,61601,11075589.1
20 MAR 2014,181,181,179.1,179.6,52,57026,10258168.3
19 MAR 2014,179,181,179,179.9,130,148967,26780242.7
18 MAR 2014,175.7,178.9,175.6,178.2,134,67980,12081713.8
17 MAR 2014,175.5,175.9,175.5,175.6,14,4689,823239.5
14 MAR 2014,175.1,175.7,175.1,175.4,44,14789,2594327.7
13 MAR 2014,175.3,175.5,175,175.4,27,31448,5507231.9
12 MAR 2014,175,175.3,174.5,175,47,48667,8516637.9
11 MAR 2014,177,177,174.2,174.3,35,11996,2098576.4
10 MAR 2014,174,178,173.6,176,82,74094,13047488
7 MAR 2014,171.5,174,171.5,173.8,48,115405,19917870.6
6 MAR 2014,171.5,172,171,171,86,266103,45505701.3
5 MAR 2014,171,171.9,170.5,170.8,42,193983,33170051.5
4 MAR 2014,170.2,172,170.1,171,36,58058,9967468.7
3 MAR 2014,174,174,171,171,57,83007,14223232.5
28 FEB 2014,171,172,170,172,52,89641,15363677.5
26 FEB 2014,169,170.6,168.5,170,55,106954,18154761.6
25 FEB 2014,169.2,169.2,168,168.3,71,103291,17421466.4
24 FEB 2014,170,170,169,169.1,28,30306,5137452.7
21 FEB 2014,170,170.5,169.5,169.6,80,316032,53714203.4
20 FEB 2014,170,170.5,169.7,170,107,506036,86029837
19 FEB 2014,167,171,167,170,233,363078,61669489
18 FEB 2014,165.6,166,164.2,165,86,72300,11933405
17 FEB 2014,169.4,169.4,165,165.6,73,177778,29504001
13 FEB 2014,168,168,167,167,36,182824,30695911.5
12 FEB 2014,168,168.2,167.5,167.9,32,8512,1427453.2
11 FEB 2014,169.1,170,168,168.1,45,27317,4595952.2
10 FEB 2014,169.5,170,169,169.1,42,29910,5075973
7 FEB 2014,170,170,169.5,169.7,50,48667,8267790.8
6 FEB 2014,170.3,170.3,169.7,170,59,26398,4487774.3
5 FEB 2014,173.5,173.5,170,170.1,131,347128,59280090.4
3 FEB 2014,175,175,172.3,173.5,64,33966,5889511.1
31 JAN 2014,174,175,173,174,65,58080,10076430.6
30 JAN 2014,175,176,173.1,174,73,32244,5618986.5
29 JAN 2014,176.9,176.9,174.5,175,103,72472,12696938.2
28 JAN 2014,178.2,178.2,176.9,177,58,24885,4416611.2
27 JAN 2014,178.5,180,178.5,178.8,38,29909,5350258.9
24 JAN 2014,179.1,180,177.8,178.9,87,88663,15874497.6
23 JAN 2014,178.5,179.3,178,178.5,72,50036,8948982.7
22 JAN 2014,178,178,176,177.4,101,121412,21570335.7
21 JAN 2014,178.5,178.5,177,177.5,81,36300,6440575.4
20 JAN 2014,179,179.2,178,178.5,44,15149,2703029.8
17 JAN 2014,180,181,177,180,95,41819,7514046.9
16 JAN 2014,176,181,175.6,180.3,190,336578,60413929.7
13 JAN 2014,175.6,177,175.5,176.2,67,24845,4383460.1
10 JAN 2014,173.8,177,172,175.3,78,48019,8401636.1
9 JAN 2014,174,174,171.8,172,154,703090,121023864.6
8 JAN 2014,170.1,173,170.1,172,93,218425,37560156.8
7 JAN 2014,170,171,169.1,170.4,25,21791,3709128.6
6 JAN 2014,171.9,171.9,170,170,68,31120,5308354.9
3 JAN 2014,171,173,171,171.6,45,70343,12097354
2 JAN 2014,170.9,172,170.9,171.1,45,13808,2365044.2
31 DEC 2013,171,172,170.9,171.9,84,166413,28535351.7
30 DEC 2013,168.9,172,168.9,171.8,47,36705,6279984.4
27 DEC 2013,168.5,170,168.5,169,46,42834,7238439.7
26 DEC 2013,170,170,168.5,168.5,20,5683,962831.6
24 DEC 2013,171,171.4,169.5,170,14,2143,365072.6
23 DEC 2013,172,172,170,170.1,12,757,129724.5
20 DEC 2013,171.4,171.5,170,170.3,80,134078,22875250.6
19 DEC 2013,167.4,171.5,167.4,171.5,101,234415,39863542.2
18 DEC 2013,168.8,169,167,168.1,50,1488438,248646901.5
17 DEC 2013,168,169,166.2,169,55,724119,120982272.5
13 DEC 2013,167,168,167,168,33,21392,3582799.5
12 DEC 2013,168,168,167,167,15,4439,741625.8
11 DEC 2013,169,169,165.6,166.2,20,1163,193254.1
10 DEC 2013,166,169,165,167.9,53,66103,10978082.2
9 DEC 2013,166,168,165.9,166,38,6247,1037949.2
6 DEC 2013,166,166,165.5,166,12,1257,208561.5
5 DEC 2013,166.5,168,165.5,166.7,11,6251,1041063
4 DEC 2013,164.4,166.9,164.1,166.9,46,83631,13798179.1
3 DEC 2013,166,166,164.1,164.3,55,55196,9107085.9
2 DEC 2013,165.1,166.5,165,165,35,32918,5434266.5
29 NOV 2013,164,166.5,164,166.5,22,14029,2323281
28 NOV 2013,162.5,166.5,162.1,164.4,41,16880,2761662.3
27 NOV 2013,162,163.5,162,163,41,51868,8452805.4
26 NOV 2013,162,163,161.6,162,63,49481,8013619.6
25 NOV 2013,164,164,162,162.1,62,24868,4039004.1
22 NOV 2013,165,165,163.5,164,34,10377,1703558.9
21 NOV 2013,165.2,168,162,164.3,178,573235,94542607.5
20 NOV 2013,165,166.5,165,165.3,74,194927,32207503.2
19 NOV 2013,165.1,166.5,165,166,127,143119,23700672.4
18 NOV 2013,165,166,164.5,165.9,55,46925,7746798.5
15 NOV 2013,166.9,166.9,164.6,165,277,411994,67984870.5
14 NOV 2013,167.5,167.5,166.5,166.9,53,66167,11048673.2
13 NOV 2013,168.9,168.9,167,167,103,79691,13334828
12 NOV 2013,168.2,169,167,168.1,50,17993,3018670.2
11 NOV 2013,170.5,170.5,168.5,168.8,123,65625,11136115.1
8 NOV 2013,171.5,171.5,170.7,171.2,39,26771,4579232.9
7 NOV 2013,172,172,171.1,171.3,33,28577,4894844.3
6 NOV 2013,171.5,172,171,171.5,66,104775,17956941.6
5 NOV 2013,172,172,171.1,171.5,22,8719,1494858.6
4 NOV 2013,173,174.5,171.1,172,61,44588,7669680.8
1 NOV 2013,170.8,172.2,170.5,172,49,20072,3436971.4
31 OCT 2013,171.5,172,170.5,170.8,60,28741,4910827.6
30 OCT 2013,172,172,170.6,171,66,21752,3724572.3
29 OCT 2013,174.9,174.9,171,172,119,42529,7317557.5
28 OCT 2013,174.5,176,174.5,174.9,38,32976,5771079.3
25 OCT 2013,176,176.1,174,174.1,44,9426,1643630.6
24 OCT 2013,175.5,176,174.2,175,39,35735,6253997.8
23 OCT 2013,176,176,175.7,176,45,47917,8432957.7
22 OCT 2013,177,177,175.5,176,33,15563,2745486.6
21 OCT 2013,178.6,179,176.8,177,70,370382,65561627.2
17 OCT 2013,176,178.6,176,177,51,128369,22703313.1
15 OCT 2013,174.5,177,174.4,176.8,163,385293,67540688.1
14 OCT 2013,172.1,174.5,172,173.1,116,70503,12197117.7
11 OCT 2013,172,174.8,172,172.2,177,126856,21855510.9
10 OCT 2013,171.5,173.9,171.1,171.6,140,172080,29529448.6
9 OCT 2013,172,173,171.1,171.2,54,33145,5687091.5
8 OCT 2013,171.5,174.8,171,172,38,9553,1640906.4
7 OCT 2013,172,172,171,171.4,78,30709,5264787.8
4 OCT 2013,171.3,172.3,171.3,172.2,41,186615,32099400
3 OCT 2013,172,172.5,171,171.5,125,297106,50972018.5
2 OCT 2013,172,175,170.5,171,105,196134,33674400
1 OCT 2013,170,173.4,169.9,172,114,3284402,558502721.2
30 SEP 2013,170,170.1,169.8,169.9,53,19946,3390763
27 SEP 2013,170,170.9,169.8,170,136,91515,15557508.1
26 SEP 2013,172,172,170,170,328,1285891,218866687.3
25 SEP 2013,173.2,173.9,172,172,46,19220,3315189.9
24 SEP 2013,174.2,175,171.1,172.3,90,854646,147064476.6
23 SEP 2013,177.5,177.5,174,174.7,79,104020,18198787
20 SEP 2013,176,179.9,175,178,52,29755,5288079.3
18 SEP 2013,179.9,179.9,174,174,59,144597,25189445.3
17 SEP 2013,174,175.5,174,175,32,26712,4673100.1
16 SEP 2013,176.1,179.8,173.5,175,110,113497,19902183.8
13 SEP 2013,179.8,180,175.9,176,125,394729,69797421.8
12 SEP 2013,180,180.1,178,178.1,49,365300,65724071.5
11 SEP 2013,180,181,179.9,180,64,682308,122815414.1
10 SEP 2013,180,183,178.2,179.6,62,24307,4379424.7
9 SEP 2013,185,185.5,178.9,179,75,83381,15177330.7
6 SEP 2013,188,188,185,185,38,19778,3660370
5 SEP 2013,187.8,187.8,185,186.1,27,17358,3230854.2
4 SEP 2013,185,187.8,183.1,186.7,26,12685,2359207.1
3 SEP 2013,187.4,187.4,183,183.6,46,24383,4513899.4
2 SEP 2013,187.2,189,187.2,187.4,24,6668,1252042.6
30 AUG 2013,187,189,186.1,187.6,36,16489,3101075.3
29 AUG 2013,180,190,180,189,107,657109,123892379.5
28 AUG 2013,185.6,185.6,178.5,179.4,108,75617,13792832
27 AUG 2013,188,189.9,186,186.5,43,34366,6451597.1
26 AUG 2013,188.6,189.9,186.1,188.1,45,22676,4266040.2
23 AUG 2013,190,190,188.5,189,47,40788,7714550.7
22 AUG 2013,190,191.9,189.3,189.7,46,55160,10491543.4
21 AUG 2013,191,193,189,189.2,99,2663969,506165452
19 AUG 2013,190.6,193.9,190.1,190.9,39,25796,4927390.4
16 AUG 2013,192,192.9,190,191.8,50,20542,3939035.3
15 AUG 2013,195,197,190,190.2,157,328876,63744547.5
14 AUG 2013,195.1,198,195,196.1,38,1814660,355670686.3
13 AUG 2013,194,196,194,195.6,42,52572,10242528
12 AUG 2013,195.9,195.9,193,193.7,74,15804,3070531.9
8 AUG 2013,196.5,196.5,195.5,195.6,40,57062,11181566.2
7 AUG 2013,196.9,197,196,196.2,35,6245,1226032.5
6 AUG 2013,198,198.4,197,197.2,34,21101,4158367.4
5 AUG 2013,200,200,197.5,197.6,37,18304,3622914.8
2 AUG 2013,200,201,200,200,49,43850,8770580.8
1 AUG 2013,200,201,200,200,29,29779,5955924
31 JUL 2013,200,202,199.4,200.1,22,274017,54804168
30 JUL 2013,199.9,203,199.9,202,68,90627,18264704.3
29 JUL 2013,202,204.4,199,199.2,54,61595,12340834
26 JUL 2013,200,204.9,200,202.1,49,311681,62895556
25 JUL 2013,200,201,198.5,200,58,47028,9405876
24 JUL 2013,198,204,198,200.3,54,36863,7430778
23 JUL 2013,198,201,198,200.1,93,60919,12165290.2
19 JUL 2013,195,197.5,195,197,54,538923,106152903.6
18 JUL 2013,197,197.5,195,195.2,47,19565,3830123.5
17 JUL 2013,197,198,196,197,29,3273,644103
16 JUL 2013,199.8,199.8,196,196.3,76,500820,98389290.6
15 JUL 2013,196.1,199.8,196.1,198,87,144995,28682087.2
12 JUL 2013,196.7,199.8,195,198,37,10835,2140576.9
11 JUL 2013,194.5,200,194,194.6,72,22594,4424691.5
10 JUL 2013,193,195,193,194,46,15364,2968530.6
9 JUL 2013,192,195,192,193,140,281896,54411515.8
8 JUL 2013,196,199.5,191,191.8,84,80216,15526898
5 JUL 2013,197.2,197.9,194.1,195.8,135,90657,17693430.9
4 JUL 2013,198,200,197,197,116,88780,17534572.2
3 JUL 2013,202.7,202.9,198,200,131,353322,70995673.2
2 JUL 2013,203,204.9,202.5,202.6,81,198484,40218407.6
1 JUL 2013,205,205,202.5,202.5,67,98326,19940274
28 JUN 2013,207.6,209,203,205,64,155888,31957349.9
27 JUN 2013,204,206.5,203,204.7,86,648375,132809826
26 JUN 2013,203.9,206.9,202,205,107,1090315,222900283.5
25 JUN 2013,202.2,203,202,202.7,82,77218,15619003.1
24 JUN 2013,204,204,202,202.5,83,41187,8349085.7
21 JUN 2013,208,208,201.1,202.1,263,427900,86163318.2
20 JUN 2013,211,211,208,208.1,83,240929,50542202.7
19 JUN 2013,211.5,212.5,210.5,210.6,89,89382,18876521.4
18 JUN 2013,212,213.6,211.1,211.4,33,8909,1887048.1
17 JUN 2013,213,215,211,211.8,64,14632,3113523.1
14 JUN 2013,212.6,213.9,210.6,211.2,89,33834,7152155.5
13 JUN 2013,215.6,218,213,213,70,130333,27855710.9
12 JUN 2013,216.9,216.9,213.9,215,149,821350,176533286.8
11 JUN 2013,217,218,216.6,217,97,509215,110500941.8
10 JUN 2013,220,220,217,217.2,43,29327,6370963.1
7 JUN 2013,219.1,220,217,217.2,91,231354,50448412
6 JUN 2013,219.5,220,218.2,219.3,48,23243,5090600.7
5 JUN 2013,218.5,220,218,219.9,67,45437,9965105.3
4 JUN 2013,221,221,218,218.5,55,66006,14498335.1
3 JUN 2013,222,222,220,220.1,48,21898,4829253.1
31 MAY 2013,223.1,224,222.5,223,39,24864,5545634
30 MAY 2013,224,224.8,223.6,224.2,30,12420,2783686
29 MAY 2013,222,225,222,224.8,59,83870,18846708.5
28 MAY 2013,221,224,221,221.8,66,15546,3454779
27 MAY 2013,225,225.5,222.5,223.4,62,29375,6580928.7
23 MAY 2013,225,226,224,224.8,19,13618,3057350.9
22 MAY 2013,223.3,226,223,224.6,122,237317,53366986.2
21 MAY 2013,226,226,223.3,223.9,102,257023,57819603.3
20 MAY 2013,228,228,226,226,81,126351,28595796.7
17 MAY 2013,226,229.9,226,228.1,81,168304,38449284.4
16 MAY 2013,225,227,224.5,225.8,115,113207,25504497
15 MAY 2013,227,228.4,222.5,223.5,91,151539,34058473.1
14 MAY 2013,228.5,229.9,227,227,94,112889,25826867.8
13 MAY 2013,233.5,233.5,226.4,227.9,99,33789,7734338.4
10 MAY 2013,233,238,232,233.2,117,151111,35484727.3
9 MAY 2013,225,233,225,231.1,265,392510,89925348.9
8 MAY 2013,223.1,227,221,225.5,147,173831,39006681.2
7 MAY 2013,218,223,218,222.1,167,260589,57423340.8
6 MAY 2013,216.5,218,216.5,217.1,96,87030,18894223.4
3 MAY 2013,216,216.5,215.5,216,73,75696,16349490.6
2 MAY 2013,216,216.9,215,216.1,105,56046,12107376.2
30 APR 2013,216,216.9,216,216,36,38571,8332024.8
29 APR 2013,217.5,217.5,215.2,216.8,80,56887,12339930
26 APR 2013,214.8,219,214.8,217.5,114,100233,21790007.1
24 APR 2013,214,214.9,214,214.8,45,24526,5251854.2
23 APR 2013,211.5,215,211,213.4,61,26524,5667255.7
22 APR 2013,214,214,210.5,211.6,145,158254,33492915.8
19 APR 2013,212.9,215,212,213.5,49,13812,2945605.9
18 APR 2013,216,216,212,212.3,229,217378,46416561.5
17 APR 2013,219,219,216,217.2,137,113739,24753440.9
16 APR 2013,218.6,219.5,218.5,218.6,75,140967,30820585.3
12 APR 2013,219.4,219.4,218.2,218.9,29,23529,5151263.2
11 APR 2013,219.4,219.4,218,218.8,39,15672,3422252.8
10 APR 2013,219.5,219.5,219,219.3,55,33322,7301511.1
9 APR 2013,220,220.8,219.5,219.6,27,12237,2692086.1
8 APR 2013,220,220.9,219.7,220,84,75603,16632955.9
5 APR 2013,220,221.9,218,220,233,252400,55391896.6
4 APR 2013,228,231,228,230.6,216,400579,92217720.9
3 APR 2013,230,231.9,229,229.7,126,166420,38300801.1
2 APR 2013,225,230,225,230,260,1074114,243080974.5
1 APR 2013,223,226,223,225.6,138,661075,148250074.6
28 MAR 2013,225,226,215,224.9,758,1607253,357603351.6
27 MAR 2013,231,232,230,230.1,75,189024,43683488.7
25 MAR 2013,232,232,231,231,47,329345,76395884.5
22 MAR 2013,232.5,233,231.1,232,39,528259,123055313.8
21 MAR 2013,234,234.8,231.9,232.1,42,43754,10180022.7
20 MAR 2013,232,234,231.9,233.1,64,42644,9922612.4
19 MAR 2013,232.2,233,231,232.2,31,5653,1312978.2
18 MAR 2013,234,235.7,232.1,232.1,43,21561,5063349.5
15 MAR 2013,234,235,233,233.7,38,110298,25913690.2
14 MAR 2013,234.5,235,233.2,234,43,451873,106183239.5
13 MAR 2013,233,234.5,232,234,32,43235,10103510.4
12 MAR 2013,232.1,233.5,231.1,233,44,42738,9953803.8
11 MAR 2013,231.1,233.3,230.1,232.1,35,18038,4188988.5
8 MAR 2013,230,232.6,230,231.3,30,116838,27131597.8
7 MAR 2013,230,232,230,231.6,40,13780,3176890.2
6 MAR 2013,233,233,230,231.4,37,5154,1189676.4
5 MAR 2013,235,237,233,233,40,18647,4369731.3
4 MAR 2013,233.5,236,233.5,235.9,111,1321168,312903423
1 MAR 2013,234,235.3,232,235.1,43,233846,54950344.7
28 FEB 2013,233,235,232.1,234,96,121493,28518926.5
27 FEB 2013,227,233.5,227,233,119,196481,45279109.1
26 FEB 2013,225.5,229,225.5,227,48,34471,7796032.4
22 FEB 2013,226.4,227.5,220,225.2,112,46795,10499490.7
21 FEB 2013,234,235,226.5,227.6,126,34777,7951404.8
20 FEB 2013,238.9,238.9,234,234.4,68,32368,7613409.1
19 FEB 2013,238,240,233,238.9,168,119858,28425130.9
18 FEB 2013,242,242,236,238.4,63,30792,7331738.3
15 FEB 2013,239,242,239,240.1,138,108770,26055809.2
14 FEB 2013,238,239.3,236,239,134,910125,217507833.1
13 FEB 2013,235,239,235,237.6,119,152982,36466947.4
12 FEB 2013,239.6,239.6,230.5,235.8,108,35697,8396903.6
11 FEB 2013,238,240.3,237,240,200,271865,65226188.2
8 FEB 2013,237.1,239,235,238,121,138735,32910422.4
7 FEB 2013,226.8,237,226,237,367,841573,199131346
6 FEB 2013,220.3,227,220,226,98,333805,74586394.6
5 FEB 2013,220.1,221.4,220.1,221.3,78,71571,15789245.4
1 FEB 2013,220,220.4,219.9,220.1,64,50656,11148207
31 JAN 2013,220,220.5,220,220.1,78,99163,21816863.8
30 JAN 2013,220,221,220,220,102,80812,17779582
29 JAN 2013,212.5,221.8,212.5,219.6,187,1954539,428109582.2
28 JAN 2013,214.8,215.9,213,214.2,59,20857,4462153.2
24 JAN 2013,213.9,214.7,212.8,213.5,47,426052,90816578.6
23 JAN 2013,210,213.5,210,212.6,61,75006,15858840.3
22 JAN 2013,211.9,211.9,208.6,210,31,24999,5249057.5
21 JAN 2013,205,211.9,205,210,61,351744,73848008
18 JAN 2013,209,209,206,206.1,18,7581,1563965
17 JAN 2013,205.1,209.9,205,208.7,94,304130,62678808.9
16 JAN 2013,205.6,206,205,205.1,30,13394,2747905.8
15 JAN 2013,202,205.5,202,205,85,306943,62914958.8
11 JAN 2013,202,204,202,203.3,43,84773,17162298
10 JAN 2013,201.3,203.5,201,202.3,28,167168,33654211.1
9 JAN 2013,202.1,203,201.1,202,34,27125,5467693.1
8 JAN 2013,201.2,203.3,201,203.1,26,16597,3357768.1
7 JAN 2013,201,202,200.5,201.1,25,38086,7656410.3
4 JAN 2013,200.3,202,200,201,15,7484,1503642
3 JAN 2013,204,205,202,202,21,10472,2130420.5
2 JAN 2013,201,203,200.2,202.5,37,16217,3272843
31 DEC 2012,201,201,199,200.5,23,224973,45194888
28 DEC 2012,200.1,201,200,201,21,455903,91620714.5
26 DEC 2012,202.5,202.5,200,200.1,9,3782,756414.5
24 DEC 2012,200,202,199,199.5,30,14276,2847152.6
21 DEC 2012,199,200,199,199,33,15621,3111604.5
20 DEC 2012,201,201.7,200,200,29,18088,3624854.2
19 DEC 2012,200.1,202,200,200,71,78715,15765802.3
18 DEC 2012,200,201,200,200,137,848976,170001814
17 DEC 2012,200,201,199,200.1,51,51225,10245185.5
14 DEC 2012,200,200.8,199,200,51,40297,8052749.4
13 DEC 2012,192,201,192,200,132,256666,51313172.9
12 DEC 2012,189,192,189,191,30,14517,2764661
11 DEC 2012,189,189,188,188.8,22,10575,1994375.9
10 DEC 2012,191,191,188,188.3,16,5129,967199.3
7 DEC 2012,190,191,190,191,14,2833,538320
6 DEC 2012,185,190,185,190,36,40047,7602671
5 DEC 2012,185.9,186,185,186,16,3834,712615.5
4 DEC 2012,188,188,185.7,185.7,6,1102,205039.7
3 DEC 2012,185.8,186,185.8,186,25,15660,2910612.5
30 NOV 2012,186,186,184,185.6,45,20871,3870659.7
29 NOV 2012,186,186,185.5,186,36,18350,3412288.4
28 NOV 2012,186.5,187.1,185.1,186,25,8376,1560495.5
26 NOV 2012,187,188,186,186.7,19,13325,2490874.5
23 NOV 2012,187.5,187.5,187,187,25,3766,704522.7
22 NOV 2012,189.7,189.7,185.1,187,44,261372,48723460.7
21 NOV 2012,187,190,186,186.3,25,6841,1278276.5
20 NOV 2012,192,193.9,185.5,188.6,31,58220,11021981.5
19 NOV 2012,195,195,193,193.5,36,20183,3906234.6
16 NOV 2012,194,195.1,194,195,33,22460,4377304.4
15 NOV 2012,196,196,194,194.1,31,7060,1371939.5
14 NOV 2012,196,197,195,196.8,30,16311,3192400
12 NOV 2012,196,196,194.9,195.1,23,7939,1548732.9
9 NOV 2012,196,196.9,195,196,30,14065,2756884.7
8 NOV 2012,197.9,197.9,195.3,196,40,12411,2430712.2
7 NOV 2012,196,199,195,197,68,29849,5865119
6 NOV 2012,196.6,197,196,196.7,53,10358,2031575.9
5 NOV 2012,199.3,199.3,196.1,196.9,19,1617,319943.4
2 NOV 2012,195,200,195,199.3,24,7941,1576297.1
1 NOV 2012,194.5,196,193.5,193.5,17,14261,2774746
31 OCT 2012,196,198.7,193,194.7,30,13600,2664328
30 OCT 2012,195.2,199.7,194,194,22,2671,522416.1
26 OCT 2012,199.8,199.8,196,196.1,28,5667,1121084.7
25 OCT 2012,199,200,199,200,16,18517,3692823.8
24 OCT 2012,199.4,199.4,198.5,199,12,3356,668041.5
23 OCT 2012,200,200,198,199.3,32,16830,3353453.2
22 OCT 2012,200.3,200.5,199,199,27,5825,1163438
19 OCT 2012,201,201,200,200.3,30,14262,2865472
18 OCT 2012,198,201,198,200.5,30,21782,4354022
17 OCT 2012,199.5,199.5,196,198,28,10840,2144704.9
16 OCT 2012,200,204.5,197,197.7,56,119503,23779445.2
15 OCT 2012,202,206,200,200,51,142850,28582971.8
12 OCT 2012,205,207,202,206.1,34,15952,3274208.1
11 OCT 2012,206,206,200.1,203.9,76,67553,13674373.8
10 OCT 2012,207,209,207,208.8,22,2727,567339.1
9 OCT 2012,208,210,207.9,208,30,11430,2380982.4
8 OCT 2012,212,212,208,208,34,11113,2313660.5
5 OCT 2012,208,211.7,208,211.2,33,10237,2156203.3
4 OCT 2012,212.4,213,207.5,210.9,51,12495,2616241.9
3 OCT 2012,214.7,215,210,210.1,104,8046461,1690034494
2 OCT 2012,212.5,216,210.2,214.3,82,47581,10149544.3
1 OCT 2012,214.9,214.9,212.2,213,20,1977,421381.2
28 SEP 2012,215,216,213.1,215.7,61,46403,9984953
27 SEP 2012,212,215,211,214.2,74,299416,64059237.7
26 SEP 2012,211,212.1,211,212,43,30473,6455543.3
25 SEP 2012,211,212.8,210,212.3,74,328651,69373031.4
24 SEP 2012,211,212.5,211,211.3,64,94821,20017216.9
21 SEP 2012,210.2,212,210,211.4,73,124182,26191952.9
20 SEP 2012,211,212.5,210,211.6,106,94385,19897357.5
19 SEP 2012,214.1,214.1,208.9,211.6,197,225424,47468508.1
18 SEP 2012,210,215.3,210,214.9,109,355875,76381529.9
17 SEP 2012,211,215.5,210,215,161,636619,134257970.4
14 SEP 2012,209.9,211.5,208.1,211,180,155868,32753834.9
13 SEP 2012,206,209.5,205,208.6,121,143711,29787581.7
12 SEP 2012,205.1,206,201,204.9,80,289256,59218677
11 SEP 2012,205,209.9,204,205,149,126208,26042427.9
10 SEP 2012,196,207.5,192,205.1,243,304543,62104977.5
7 SEP 2012,190,196,190,195.6,254,1755464,342195729.2
6 SEP 2012,188,190.9,186,190,107,152669,28952405.5
5 SEP 2012,190,192,188,188.6,126,136606,25944916.5
4 SEP 2012,179,189.1,179,188.6,146,414834,77332197.2
3 SEP 2012,178.5,181,177.5,179.8,88,53824,9657008.9
30 AUG 2012,178,178.8,176,178,44,64346,11452690.2
29 AUG 2012,178,178.4,178,178,51,37689,6709016.9
28 AUG 2012,178.6,179,177,177.8,52,40307,7174897
27 AUG 2012,176.1,178.4,175.9,178,59,51454,9127610.1
24 AUG 2012,177.5,178.5,174,175.9,72,23287,4119045
23 AUG 2012,172.5,179,172.5,178.1,262,255627,45408273.8
22 AUG 2012,166.5,172.5,166.5,171.4,133,133911,22695995.4
21 AUG 2012,165.9,166.5,164,166,39,85022,14078343.1
20 AUG 2012,165,165.8,163,165,44,16996,2801147.3
17 AUG 2012,166.1,166.1,162.5,165,31,13476,2219550
16 AUG 2012,167.8,167.8,164,165.1,28,14918,2470162
15 AUG 2012,164.7,168.9,164,167.8,158,158835,26551278.7
14 AUG 2012,160,169,160,164.7,124,116108,18851004
13 AUG 2012,160,161,160,160.2,66,148037,23687355.5
10 AUG 2012,160,162,160,160.6,50,41564,6660013
9 AUG 2012,157,160.2,156,160,93,691316,110017651.3
8 AUG 2012,155,158.5,155,156,60,31667,4949446.7
7 AUG 2012,153.1,156,153,155.1,16,55010,8523624.9
6 AUG 2012,153,155,153,155,27,8200,1266104.1
3 AUG 2012,153.7,154.8,153,154,39,61711,9500801
2 AUG 2012,152.2,154,152.2,154,35,59497,9159169.9
31 JUL 2012,152.6,153,152.5,152.5,26,10315,1573304
30 JUL 2012,153,154,152.5,152.6,36,25225,3849850
27 JUL 2012,151.6,153,151.5,152.4,28,6869,1043141.2
26 JUL 2012,151.1,152,151,151.7,16,5855,887825.3
25 JUL 2012,152,153,151,152.7,30,16267,2467759.6
24 JUL 2012,151,152.3,151,152,21,7872,1194107.2
23 JUL 2012,151,152.3,150,151.2,39,24384,3685184.8
20 JUL 2012,150.2,150.6,150.2,150.6,9,25767,3874617.7
19 JUL 2012,150,151.9,149.5,150,76,1654811,248234957.3
18 JUL 2012,149,150.1,149,150.1,93,1118216,166773493
17 JUL 2012,150,150,149.1,149.1,75,278228,41603693.1
16 JUL 2012,150,151,149,149.1,54,37337,5599990.6
13 JUL 2012,150.1,151,150,150,34,31237,4695432
12 JUL 2012,150,151,150,150.2,30,164680,24718507.3
11 JUL 2012,150,151,150,150.1,21,9667,1450490.3
10 JUL 2012,151,153,150,150.1,50,53053,8067367.5
9 JUL 2012,151,151.5,150,150.6,39,10000,1508945.3
6 JUL 2012,152,152,150.2,152,11,1453,220118.4
5 JUL 2012,151,152.1,150.1,151,15,3773,569315.2
4 JUL 2012,150.9,154,150,152.6,39,11940,1813407.3
2 JUL 2012,154,154,151,153.9,6,1396,214732.1
29 JUN 2012,150.3,154.4,150.3,152,20,1277,193211.8
28 JUN 2012,155,155,150.4,151.1,42,22438,3391333.1
27 JUN 2012,153,153,153,153,19,9725,1487925
26 JUN 2012,154,157,150.1,152.2,26,123565,18588447
25 JUN 2012,156,157.9,154.5,155,16,5700,884031.1
22 JUN 2012,156.9,158,156,156,3,720,113010
21 JUN 2012,157.9,158,156,156.7,30,13309,2088077.9
20 JUN 2012,156.8,157.9,156.8,157.4,49,19052,2993145.2
19 JUN 2012,155.5,159.4,155.5,156.8,24,12535,1963951.7
18 JUN 2012,156.8,158,155,156.7,45,27374,4263401.1
15 JUN 2012,158,159.8,157,157.5,54,15484,2449651.9
14 JUN 2012,156,158,156,156.7,35,27195,4255613
13 JUN 2012,159.9,159.9,155.5,157,28,13068,2048846.7
12 JUN 2012,152.5,160,152.5,156,43,22213,3452680.2
11 JUN 2012,151.6,154,151.6,152.9,37,19116,2924584.2
8 JUN 2012,149,153,149,151.6,62,28559,4290344
7 JUN 2012,148.5,149.9,148.5,149,64,24887,3708235.4
6 JUN 2012,150,151,148.5,148.5,82,30542,4556199.5
5 JUN 2012,153,153,150.1,150.2,49,39833,6010565.4
1 JUN 2012,153,153,150.6,151.9,38,13910,2116297.2
31 MAY 2012,154.7,156,150,153,42,28854,4370005.6
30 MAY 2012,160,160,154.6,155,85,59340,9285549.1
29 MAY 2012,159.2,160,158.2,159.3,46,27854,4435239.7
28 MAY 2012,163,163,159,161.4,44,276471,44247690.9
25 MAY 2012,163,163.5,163,163,32,18816,3068126
24 MAY 2012,165,165,163,163,16,2951,483589.7
23 MAY 2012,165.1,166,164.2,165,39,20593,3408748.2
22 MAY 2012,169,169,165.5,166,47,14021,2339864.2
21 MAY 2012,169,169,167.5,167.5,40,16437,2764087.7
18 MAY 2012,169,169,168,168.7,22,5146,866527.5
17 MAY 2012,170,170,167,168.2,22,9835,1654885.8
16 MAY 2012,168.2,170,167,167.2,84,658005,109942065.5
15 MAY 2012,167,169,166.5,168.1,41,28949,4881846.3
14 MAY 2012,169,171,166,166.5,41,37113,6251771.2
11 MAY 2012,165.8,169.8,165.2,166.2,62,17413,2894289.6
10 MAY 2012,168,170,165,165.1,65,27905,4642174
9 MAY 2012,168,170,168,168.6,90,31970,5399869
8 MAY 2012,173.5,173.5,168.1,168.5,92,36298,6176724.2
4 MAY 2012,174,174,172.1,172.6,48,16681,2880092.3
3 MAY 2012,177,177,174.5,174.6,118,475675,83892315.5
2 MAY 2012,177,178,177,177,27,10600,1881881.7
30 APR 2012,178,179,177,177.8,35,12590,2235444.5
27 APR 2012,178,178.4,176,178.1,41,28191,5019637.9
26 APR 2012,179,179.5,175.2,178,52,21375,3797705.6
25 APR 2012,179.3,180,178,179.6,61,67265,12095691.9
24 APR 2012,178,179.9,178,179.2,100,60341,10804359.1
23 APR 2012,179,179,178,179,35,16182,2895170
20 APR 2012,179,180,178.5,178.7,41,22103,3968056.3
19 APR 2012,178.3,180,178,179.8,139,60156,10782859.3
18 APR 2012,177,179,176,178.3,65,34733,6168129.5
17 APR 2012,177,178,177,177.9,103,54972,9738782.4
16 APR 2012,175,177,175,176.7,79,29685,5233018.8
11 APR 2012,176,176.5,175,175.6,31,9948,1746285.5
10 APR 2012,174.2,176,174.1,175.1,46,13545,2362908
9 APR 2012,176,176.9,173.1,175.1,64,30038,5256871.2
5 APR 2012,174,176.9,174,175.8,82,40522,7095715
4 APR 2012,174,176,173,175,59,27417,4798259.2
3 APR 2012,171.5,175,171.5,174.1,150,89642,15502602.5
2 APR 2012,177.5,177.5,170,172.6,178,134041,23103529
30 MAR 2012,180,182,177.7,179.8,155,92018,16502502.6
29 MAR 2012,177.5,178.9,176,178.2,216,144130,25631147.3
28 MAR 2012,180,180,175,176.8,660,310614,54719757.5
27 MAR 2012,184,187.5,184,184.9,24,24581,4548242.8
26 MAR 2012,187.2,187.5,185,185.7,18,3643,679878.9
23 MAR 2012,187,188.5,187,187.1,27,37386,6995800.2
22 MAR 2012,187.5,187.6,186.5,187,54,82543,15452730.9
21 MAR 2012,187.5,188,187,187.3,30,18182,3408535
20 MAR 2012,185.1,188,185.1,187.6,49,92427,17336168.5
19 MAR 2012,185.5,187.4,185,187,61,61053,11397263.9
16 MAR 2012,186,187.1,185,185.7,38,11728,2176857.5
15 MAR 2012,185,185.2,185,185.2,11,7611,1409173.4
14 MAR 2012,185,187.5,184,184.5,22,12005,2218240.5
13 MAR 2012,182.1,185.9,182.1,185.1,48,24448,4519274.6
12 MAR 2012,181.9,182.9,181.9,182.8,16,7436,1354302.1
9 MAR 2012,181.7,183,181,181.7,19,9214,1673012
8 MAR 2012,182,182,181,181.5,14,12326,2236654
6 MAR 2012,180,182,180,181.5,21,12802,2315933
5 MAR 2012,180.1,182,175,176.3,24,9319,1642316.4
2 MAR 2012,182,185,181,182.1,33,11116,2024351
1 MAR 2012,186.2,186.2,181.3,184.2,33,27038,5020166
29 FEB 2012,185,186.2,182.7,186.1,8,1264,234994.6
28 FEB 2012,184,188.9,184,185,18,4137,766480.6
27 FEB 2012,190,190,186.1,189,63,494079,93538491
24 FEB 2012,188,193.5,176.5,190,67,112000,21270360.9
23 FEB 2012,181,188,180,187.6,55,37600,6916770
22 FEB 2012,178,181,176.5,180.5,32,84900,15263430
21 FEB 2012,179.5,179.5,175.2,177.7,14,3300,585770
17 FEB 2012,179,180,175,178.1,42,17000,3036660
16 FEB 2012,172.4,178,172.4,177.8,27,20500,3620880
15 FEB 2012,170.1,174,170,172.3,38,21700,3700500
14 FEB 2012,172,172,170,170,85,371100,63117320
13 FEB 2012,172.5,185,169,179.3,87,52100,9150330
9 FEB 2012,182,184,173,176.8,23,12100,2146900
8 FEB 2012,181,188,181,182.7,17,7100,1293650
6 FEB 2012,185,186,180,185.8,14,6400,1186310
3 FEB 2012,186.1,186.1,185,185,15,8500,1574610
2 FEB 2012,190,190,187,188,35,34600,6536610
1 FEB 2012,186,190,186,190,34,18700,3541800
31 JAN 2012,190,190.1,185.5,189,55,28600,5394730
30 JAN 2012,180,193,180,190.5,152,189200,35768000
27 JAN 2012,174,179.9,174,178.6,80,153800,26945700
26 JAN 2012,174,174,169.5,169.9,62,64900,11053510
25 JAN 2012,170.1,178,170.1,174.8,23,15300,2688440
24 JAN 2012,180,180,170.2,173.6,60,50800,8798530
23 JAN 2012,180,184.9,175,175,56,69600,12205390
20 JAN 2012,185,187.9,180,180,42,14500,2613070
19 JAN 2012,182,186,180,180.3,31,22600,4095150
18 JAN 2012,190,190,180,185.6,62,37700,7006300
17 JAN 2012,195,195,187.1,187.3,34,39100,7430550
13 JAN 2012,190,190,190,190,16,7100,1349000
12 JAN 2012,189.1,190,187,189.7,33,24300,4591390
11 JAN 2012,190,190,189,189.2,30,24600,4663810
10 JAN 2012,190.5,191,189,189.1,28,13400,2544940
9 JAN 2012,194.2,194.5,191,191,24,8600,1652220
6 JAN 2012,195.1,195.1,194.1,194.5,20,24400,4755350
5 JAN 2012,195,195,194.9,194.9,16,13500,2631840
4 JAN 2012,196.1,196.1,195,195,16,5100,994720
3 JAN 2012,196,197,196,197,9,1900,374000
2 JAN 2012,195,199.9,194.9,195.3,42,58000,11312630
30 DEC 2011,199,199,194.8,195,40,60000,11701030
29 DEC 2011,199.9,199.9,194.4,195,153,275400,53724090
28 DEC 2011,198.5,200,197,199,19,12300,2433510
27 DEC 2011,198,198,198,198,1,100,19800
23 DEC 2011,193.9,198.5,193.9,198,6,800,158040
22 DEC 2011,197,200,192.7,196.1,26,4400,869720
21 DEC 2011,196,196,192.5,194.8,15,12000,2327450
20 DEC 2011,198,198,191,191.8,43,186000,35778940
19 DEC 2011,195.6,197.8,193,193.8,44,65500,12789240
16 DEC 2011,200,200,197,197.4,34,22900,4527180
15 DEC 2011,201,201,198.6,199,24,44000,8772890
14 DEC 2011,200.4,200.4,199.5,200,23,40500,8099820
13 DEC 2011,200.1,200.6,200,200.6,17,29800,5974120
12 DEC 2011,200.8,201,200,200.1,24,40800,8164080
9 DEC 2011,203,203,200.5,200.8,10,3700,745650
8 DEC 2011,203,203,201.1,202.1,19,22100,4464160
7 DEC 2011,202,203,200,202,92,581600,117484080
6 DEC 2011,202,202,200,201,20,72300,14601420
5 DEC 2011,202.5,202.5,200,202,27,10700,2156640
2 DEC 2011,203,204,203,203.3,36,62100,12609330
1 DEC 2011,204,205,202,203,22,271000,55009510
30 NOV 2011,200.2,203.5,200.2,203.2,23,24800,4994990
29 NOV 2011,205,210,200.5,202.3,84,76500,15709590
28 NOV 2011,200,205,199,202.9,37,37800,7650270
25 NOV 2011,200,203,197,199.9,46,49900,10006540
24 NOV 2011,205,208.8,200,200,90,150300,30246960
23 NOV 2011,204,205,203,203.1,17,24500,4984450
22 NOV 2011,203,203,201,202.5,28,9400,1898280
21 NOV 2011,207,207.1,205,205,34,174500,35779530
18 NOV 2011,209,210,205.2,210,31,251400,51850400
17 NOV 2011,202.1,209,202.1,207.5,41,97600,20005550
16 NOV 2011,206,208.9,202.3,202.8,40,17900,3659120
15 NOV 2011,209.9,209.9,207,207,12,2600,540830
14 NOV 2011,216.5,216.5,209,210.3,35,15300,3234160
11 NOV 2011,214.5,216,213.9,215,64,185300,39834030
9 NOV 2011,210,212.9,209,212,85,122600,25844800
8 NOV 2011,207.4,210,203,209.2,75,64100,13371480
4 NOV 2011,209,210,207,207.4,14,7800,1629850
3 NOV 2011,210,214,209,209,25,7500,1579390
2 NOV 2011,207,212,206,210.7,76,146200,30722570
1 NOV 2011,207,207,205,205,87,106600,21872740
31 OCT 2011,204.1,209,204.1,206.9,47,81400,16814490
28 OCT 2011,203.8,210,203.8,204.1,38,19300,3967160
27 OCT 2011,203,209,203,203.2,24,121700,24711650
25 OCT 2011,210,210,204,204.6,35,35300,7255720
24 OCT 2011,205,209,205,207.8,42,227000,47006200
21 OCT 2011,201.2,209,201,203.5,19,7400,1504420
20 OCT 2011,210,210,202,202,40,25000,5108790
19 OCT 2011,205.4,213.9,205,209.9,29,16000,3363370
18 OCT 2011,211.1,211.1,207,208.2,46,38100,7969960
17 OCT 2011,215.5,218,212,212.1,41,35800,7637940
14 OCT 2011,216.1,217,215,215.5,23,28400,6123860
13 OCT 2011,216,217,216,216.1,36,28400,6141900
12 OCT 2011,217,217.1,216,216.4,18,7200,1561780
10 OCT 2011,217,218,216.9,217.4,18,7400,1608490
7 OCT 2011,223,223,217,217,35,34600,7513500
6 OCT 2011,225,225,218,218.1,25,19700,4310030
5 OCT 2011,217.1,220,217,220,46,38100,8327950
4 OCT 2011,217.2,218,217.2,217.2,31,22200,4822210
30 SEP 2011,218.5,219,218,217.2,43,35500,7707390
29 SEP 2011,218,219.9,218,218.8,45,27000,5906240
28 SEP 2011,219,219,218.1,218.3,36,16200,3540100
27 SEP 2011,218.5,220,218,218.2,42,40400,8816890
26 SEP 2011,220.2,222,218.5,219.2,75,93500,20550100
23 SEP 2011,221.5,223,220,220.4,79,54500,12002610
22 SEP 2011,225,225,220.5,220.9,43,13200,2922860
21 SEP 2011,220,225,200,224.2,521,323100,70919560
20 SEP 2011,228.6,239.9,225,226.8,68,27100,6212510
16 SEP 2011,232,232,228,228.6,46,13300,3055160
15 SEP 2011,235,235,230,230.1,44,38700,8913330
14 SEP 2011,236.1,236.1,235,235.1,31,35800,8418120
13 SEP 2011,236.5,238.9,236.5,238,40,46900,11163750
12 SEP 2011,239,240,237,237.8,34,53400,12757980
9 SEP 2011,238.1,240,237,239.6,23,14200,3391990
8 SEP 2011,240,245,240,241.1,23,233000,56958360
7 SEP 2011,240,242.3,239,241,21,11800,2842020
6 SEP 2011,240.1,242,240,240,57,101300,24331670
5 SEP 2011,242.3,242.3,240,241.9,14,48400,11702280
2 SEP 2011,245,245,240,242.3,29,13300,3221810
1 SEP 2011,236.5,250,236.5,245,96,66600,16135410
30 AUG 2011,236.5,238,236.2,237.9,32,12100,2863250
29 AUG 2011,236.1,236.5,236.1,236.1,11,4800,1133490
26 AUG 2011,238,239.9,235.1,236.1,39,20300,4812040
25 AUG 2011,237,238,236,237.5,30,23700,5621660
24 AUG 2011,237.2,237.5,235.1,237,45,96000,22692710
23 AUG 2011,238,239.3,237.1,238.6,35,59900,14231890
22 AUG 2011,237.2,240,237.2,237.5,33,42500,10104840
19 AUG 2011,240,240,237,237.1,7,4100,974750
18 AUG 2011,239.4,240,239,240,13,17600,4223140
17 AUG 2011,245,245,239.5,240,52,84900,20448640
16 AUG 2011,240,242,235,241.9,39,21000,5051190
15 AUG 2011,235.8,239,235,238.5,18,8100,1926680
12 AUG 2011,240,240,235,235,13,11700,2751940
11 AUG 2011,239,240,235,235.8,17,7700,1830080
10 AUG 2011,238.2,240.5,237,240,52,48400,11617710
9 AUG 2011,238,238.2,235,235.5,22,32900,7757450
8 AUG 2011,238.1,238.5,230,236.9,67,70400,16426110
5 AUG 2011,239.6,240,235,236.2,36,32000,7609470
4 AUG 2011,241,241,239.5,240,42,28600,6866760
3 AUG 2011,239,240,239,240,32,22700,5445770
2 AUG 2011,240.1,244,239,239.1,32,14300,3433250
1 AUG 2011,244,244,239,240.5,50,16800,4066720
29 JUL 2011,243,244,242.9,243.3,80,49600,12081410
28 JUL 2011,230,245,230,240.9,92,73200,17453250
27 JUL 2011,228,230,227.5,230,46,93000,21247950
26 JUL 2011,226,228.6,220.3,228,93,94700,21417260
25 JUL 2011,233,235,227,228,83,140100,32185220
22 JUL 2011,230.5,232.5,228.1,230.7,82,55100,12681600
21 JUL 2011,234,234,231,231.1,34,24700,5734980
20 JUL 2011,233,236,233,234.1,41,48800,11450500
19 JUL 2011,235.2,235.5,235,235.2,26,13400,3150430
18 JUL 2011,236,238.5,235,235.9,25,12100,2846640
15 JUL 2011,239,239,235,236.5,36,18900,4460280
13 JUL 2011,236,239.9,235,237.6,32,17900,4265860
12 JUL 2011,239,240,235,236.1,53,43100,10268930
11 JUL 2011,240,240,236.1,238.2,70,66100,15784400
8 JUL 2011,244,244,239.2,240.1,59,103500,24864470
7 JUL 2011,242.2,243,241.1,242,28,6900,1667170
6 JUL 2011,244,244,241,242.8,30,106000,25555710
5 JUL 2011,245,245,241,244,38,145200,35339480
4 JUL 2011,246,249,241,241.4,56,26800,6488150
1 JUL 2011,241,246,241,245.2,31,15700,3833490
30 JUN 2011,238.5,241,238.5,240.1,68,173000,41423940
29 JUN 2011,240.1,241,237.5,240,61,95200,22838070
28 JUN 2011,238.1,245,237.5,241.5,45,25700,6141230
27 JUN 2011,246.1,246.1,237,239.1,79,53800,12890140
24 JUN 2011,247,250,245,246.3,96,99400,24585600
23 JUN 2011,254,254,247,247.1,71,122600,30624420
22 JUN 2011,253.2,254.5,251,252.7,41,24200,6131720
21 JUN 2011,255.1,255.1,253.5,254.7,34,11100,2826790
20 JUN 2011,255.1,264,255.1,256,18,3600,922560
17 JUN 2011,260,260,255,255.1,73,78400,20073340
16 JUN 2011,260.1,260.1,253.1,255.3,90,694900,177365710
14 JUN 2011,263.5,263.5,260.1,262.7,35,25100,6598740
13 JUN 2011,268,268,263.1,264.9,52,48000,12743780
10 JUN 2011,267,267.5,266,266.4,17,7100,1891730
9 JUN 2011,267.1,268,266,266.4,25,8300,2211320
8 JUN 2011,270,270,267.1,267.6,19,4000,1074870
7 JUN 2011,271,271,269,269.3,43,98900,26663190
6 JUN 2011,270.1,272,269.9,271,24,23300,6295010
3 JUN 2011,271.3,271.3,269,270.1,31,34800,9391980
2 JUN 2011,270.1,272.5,270,270,29,18000,4863090
1 JUN 2011,271,271,270,270,40,34800,9400670
31 MAY 2011,270,272,270,270,43,64100,17340640
30 MAY 2011,272.8,272.8,270,270,59,36800,9944620
27 MAY 2011,271,274,271,272.8,15,16500,4495810
26 MAY 2011,275,275,270,270.4,54,87900,23814090
25 MAY 2011,275.1,275.1,272.5,274.5,51,51500,14110350
24 MAY 2011,277,278,273.5,275.1,29,23800,6581090
23 MAY 2011,286.7,286.7,276.1,276.2,20,4600,1276170
20 MAY 2011,279,288,275,281,49,37100,10425940
19 MAY 2011,272,278,272,277,33,11900,3261270
16 MAY 2011,272.3,275,272,274.2,15,6100,1664310
13 MAY 2011,273.1,275.1,271.5,272.3,34,17700,4851960
12 MAY 2011,270.6,274,270.6,273,40,161200,44007930
11 MAY 2011,274.1,274.1,272,272.8,42,69800,19044530
10 MAY 2011,274.1,276.7,274,275.2,36,36900,10153310
9 MAY 2011,276.2,276.2,274,275,47,80900,22250250
6 MAY 2011,275,279,275,276.7,38,417884,115759308
5 MAY 2011,278,278,275,275.5,54,134900,37154980
4 MAY 2011,278,278,272.6,275.1,41,21600,5944400
3 MAY 2011,280.6,281,278,278.3,56,51200,14279210
29 APR 2011,284.1,287,281,281.8,69,35200,9953460
28 APR 2011,282,284,282,282.8,33,41500,11710570
27 APR 2011,280,284.9,279,281.8,30,11600,3266900
26 APR 2011,278.2,280.4,276.1,280.1,42,20900,5815950
25 APR 2011,284,284,278.2,280.4,53,22700,6386110
21 APR 2011,285.1,285.1,285,285,30,16500,4703360
20 APR 2011,289,289,285,285,45,71200,20474870
19 APR 2011,289.1,292,287.1,288.9,31,14000,4042030
18 APR 2011,290,290,287,288.8,30,19400,5611490
12 APR 2011,290,291,289.5,290,83,80000,23198100
11 APR 2011,288.2,290,288.2,289.9,27,9500,2751780
8 APR 2011,287.8,290,287.8,288.2,49,37800,10927600
7 APR 2011,287.3,289,287,287.2,26,15300,4395250
6 APR 2011,289.9,289.9,287,287.2,43,123200,35447060
5 APR 2011,292,292,285.1,288,29,37900,10992490
4 APR 2011,290,298,288.1,291.5,63,54900,16112980
1 APR 2011,285.5,291,285.5,289.2,90,67700,19579180
31 MAR 2011,286,292,285.2,288.3,130,2370700,687447300
30 MAR 2011,286.8,287,284,286.2,31,13100,3740680
29 MAR 2011,290,290,286.2,286.8,85,58900,17043790
28 MAR 2011,289.8,289.8,282.1,285.3,56,311828,88842360
25 MAR 2011,275.1,285,274.6,283.3,102,191200,52852440
24 MAR 2011,273.9,277,272.1,275.1,31,19900,5469890
23 MAR 2011,276,276,270,272.2,70,81800,22395010
22 MAR 2011,265.1,275,265,270.9,50,52700,14221710
21 MAR 2011,270,271,265,265.8,119,212000,56703880
18 MAR 2011,272,272,268,269,52,44100,11870640
17 MAR 2011,272,274,269,269.4,89,112700,30480930
16 MAR 2011,270,274.5,269.2,270,69,76200,20578470
15 MAR 2011,270,274,269,269.4,78,93200,25168620
14 MAR 2011,276.6,276.6,269.1,270.6,97,51300,13979600
11 MAR 2011,276.5,278.4,275,275.9,39,36700,10100010
10 MAR 2011,282,282,273,279.7,32,21500,5971640
9 MAR 2011,280,280,275,275.5,71,65200,17993300
8 MAR 2011,282.1,282.1,275,278,80,111000,30870390
7 MAR 2011,284,284,281,282,44,209600,59111270
4 MAR 2011,285,287,283.1,284.1,75,251900,71748890
3 MAR 2011,288.1,290,285,287.9,100,440000,127130600
1 MAR 2011,290,290.5,288,288,76,469400,136012990
28 FEB 2011,291.6,293,291.6,291.8,47,25100,7323170
25 FEB 2011,289,295,288,291.6,78,597300,175814510
24 FEB 2011,288.5,290,288,289.3,74,618700,178233000
23 FEB 2011,290,291,288,289.5,99,129600,37414650
22 FEB 2011,293.1,293.1,290,291.1,68,414100,121063760
21 FEB 2011,294,295,292.6,294.7,67,52200,15342550
18 FEB 2011,293,295,292,292.9,53,65100,19029000
15 FEB 2011,295,295,292,292.8,91,140400,41090350
14 FEB 2011,297,299.9,294,294.4,91,54200,15995010
11 FEB 2011,299,299.5,292.1,293.9,122,109300,32295620
10 FEB 2011,292,295.5,289,295,82,309500,89889020
9 FEB 2011,296,297,290,291.4,111,180600,53041270
8 FEB 2011,296,297,296,296.3,51,33900,10039820
7 FEB 2011,297,298.5,295,295.5,59,55400,16415800
3 FEB 2011,293,299,291,295.7,67,41100,12209230
2 FEB 2011,299,299,294,295.3,88,251400,75118330
1 FEB 2011,295.4,299.9,295,298,59,51100,15225630
31 JAN 2011,303,303,295,295.4,111,135800,40508980
28 JAN 2011,305,307,298,300.3,170,166800,50419230
27 JAN 2011,302,304.5,299,302.4,238,1510900,455517580
26 JAN 2011,292,301.9,290,299.9,356,2157400,645935280
25 JAN 2011,294,295,290,291.2,73,48200,14073570
21 JAN 2011,294.1,296,292.5,294.1,81,78500,23119410
20 JAN 2011,290.1,295,290.1,294.8,109,438300,127490090
18 JAN 2011,289,292.1,289,290.1,96,163500,47453420
17 JAN 2011,295,295,286,288.7,87,74800,21793980
14 JAN 2011,293,293,290,291.7,44,24600,7169550
13 JAN 2011,295,296,285.5,293.7,92,53900,15756550
12 JAN 2011,299,299,295,295.5,105,195900,58170410
11 JAN 2011,296,299,295.1,296.1,130,90900,26966680
10 JAN 2011,295,300,292,294.8,169,1366300,408515760
7 JAN 2011,285,295,283,290.8,211,382500,110835760
6 JAN 2011,287.9,288,280,282.8,81,50300,14333390
5 JAN 2011,280,290,280,287.1,147,120200,34449760
4 JAN 2011,270,280.5,270,279.7,116,252700,70386400
31 DEC 2010,270,274,270,271.9,72,62800,17058300
30 DEC 2010,270,273,260,269.9,101,120400,32550540
29 DEC 2010,272.5,272.5,270,270.7,66,132800,34783330
28 DEC 2010,274,274.4,272,272.4,82,78100,21296230
27 DEC 2010,267.5,272.5,267,270.8,82,60800,16367340
24 DEC 2010,268.5,268.5,267.1,267.8,58,48200,12923660
23 DEC 2010,265,269,265,266.9,128,68600,18321970
22 DEC 2010,262,266,259.8,263.8,98,60400,15847890
21 DEC 2010,258.8,261,257.1,259.7,74,70000,18171390
17 DEC 2010,255,257,254.5,255.2,55,91700,23394560
16 DEC 2010,255.5,257,255,255.3,40,34800,8908190
15 DEC 2010,256.4,257,254,255.5,42,242500,61847360
14 DEC 2010,261,262,255,256.4,75,1558500,411553530
13 DEC 2010,256,265,255,260.9,225,23217600,6952545120
10 DEC 2010,254,262,254,254.8,102,365800,93355130
9 DEC 2010,256,257,253.7,254,69,367700,92212810
8 DEC 2010,257,257,254,255.1,56,23600,6022710
7 DEC 2010,255.1,258.9,255,257.5,40,115300,29418310
6 DEC 2010,265,265,258,258.1,62,51900,13403930
3 DEC 2010,260,268,259.1,261.7,64,71500,18620090
2 DEC 2010,266,266,259,259.8,102,210000,54646340
1 DEC 2010,261,270,260,261.2,229,260700,68275770
30 NOV 2010,262.1,265,258.1,260.8,297,312000,81425180
29 NOV 2010,255,260,247,248.9,246,246100,61539410
26 NOV 2010,263,263,258,260.6,98,206800,54050790
25 NOV 2010,266,266,262,262.1,48,72000,19046990
24 NOV 2010,266,268.1,265,265.9,76,250900,66572610
23 NOV 2010,269,271,265,265.7,190,614100,164436940
22 NOV 2010,272,273.5,264,266.3,189,180500,48112630
18 NOV 2010,265,274,264,270.2,167,1115100,296971860
16 NOV 2010,265,265.2,262,265,64,76000,20132480
15 NOV 2010,273,273,263,265.1,86,39400,10547680
12 NOV 2010,273.5,276.9,272.9,274,126,110600,30337180
11 NOV 2010,264,275,264,271.4,79,53500,14427280
10 NOV 2010,269.1,269.1,262.5,264,97,31000,8208890
9 NOV 2010,273,273,268.5,269.1,128,246100,66525380
8 NOV 2010,279.9,280,272,272.3,71,77000,21157810
4 NOV 2010,278,279,276,277.1,67,48000,13300570
3 NOV 2010,280,282,275,279.9,103,67700,18908580
2 NOV 2010,281,284,280,282,91,122100,34323740
1 NOV 2010,288,288,280,280.2,189,654100,183451060
29 OCT 2010,284,287.9,284,284.9,219,239200,68206340
28 OCT 2010,288,289.9,283,283.4,144,81000,23022270
27 OCT 2010,290,290,280,288.2,181,86200,24779270
26 OCT 2010,300,306,290,290.9,539,339900,101356350
25 OCT 2010,295,302.9,294,295.1,684,2223224,658835992
21 OCT 2010,277.9,302.9,294,295.1,684,2223224,658835992
20 OCT 2010,275,284.9,270.5,273.6,430,465800,127900640
19 OCT 2010,252.5,275,252.5,271,585,424000,111278470
18 OCT 2010,250,254,247.5,251.9,170,574400,143746490
15 OCT 2010,248,250,245,249.5,121,128000,31542770
14 OCT 2010,250,252,245.1,248,382,958700,238063830
13 OCT 2010,242,249,215,243.1,458,391900,92413390
12 OCT 2010,261,261,241.5,243.1,401,704540,173956010
6 OCT 2010,530,530,520,521.5,164,133200,69771170
5 OCT 2010,531,531,520.1,529.2,193,146900,77582390
4 OCT 2010,530.5,535,528,531.4,184,142500,75812700
1 OCT 2010,514.1,531,514.1,530,143,295800,156193350
30 SEP 2010,518,522,512,514,95,35400,18282900
29 SEP 2010,515,519.5,515,517.8,125,135100,69994450
28 SEP 2010,522.3,522.3,511,515.6,121,127100,65309720
27 SEP 2010,525,545,501,523.2,275,185400,97437970
24 SEP 2010,505,550,505,519.7,294,339000,176074730
23 SEP 2010,470,505,470,493.6,201,295400,142204480
21 SEP 2010,457,470,451,461.3,163,77900,35805810
20 SEP 2010,445,457,435,449.9,270,179500,80077340
17 SEP 2010,430,450,430,433.7,165,466100,201274580
16 SEP 2010,410,428,405,425.1,115,224200,93027780
15 SEP 2010,402,408,395,404.9,148,403300,162718620
14 SEP 2010,400,410,396.1,399.8,89,69600,27974840
13 SEP 2010,408,408,400,400,72,40200,16147870
9 SEP 2010,408,409,405,404,51,43300,17542290
8 SEP 2010,413,413,406,407.6,97,45100,18451420
7 SEP 2010,390,411,390,409.5,229,296000,118272960
6 SEP 2010,389,395,385,389.4,80,94900,36885230
3 SEP 2010,380,400,380,387.6,133,117800,45506640
2 SEP 2010,375,385,374,378,108,132900,50156770
1 SEP 2010,370,370,367.9,369.9,61,49600,18330990
31 AUG 2010,368,372,367,369.8,83,93600,34609960
30 AUG 2010,370,370,366,366.8,34,41200,15182160
27 AUG 2010,370,370,367,369.6,35,15800,5832480
26 AUG 2010,369,369,365,367.9,16,7500,2762450
25 AUG 2010,366,370,366,368.6,47,43200,15948790
23 AUG 2010,365.2,365.2,364,364.6,52,26100,9521880
20 AUG 2010,370,370,365,365.2,71,91600,33526280
19 AUG 2010,365,370,365,369.3,47,104800,38348320
18 AUG 2010,365,369,364,365.2,48,43100,15780610
17 AUG 2010,370,370,365,365,66,87400,31998840
16 AUG 2010,372,372,368,369.2,61,84300,31157670
13 AUG 2010,370,370,355.1,367.5,89,127500,46879650
12 AUG 2010,379,379,360,365,96,51700,18876110
11 AUG 2010,370,370,363,364.9,73,96100,35440710
10 AUG 2010,342,370,342,369.8,104,74400,27121230
9 AUG 2010,364,364,342.5,351.5,94,37800,13239550
6 AUG 2010,370,373,365.5,363,99,41400,15183410
5 AUG 2010,373,373,355.5,366.7,66,48600,17818220
4 AUG 2010,369,370,369,370,34,39800,14724700
3 AUG 2010,372,372,367.9,369,50,63200,23389120
2 AUG 2010,370,372.8,360.1,371,45,45700,16886380
30 JUL 2010,376,376,371,372.75,48,49700,18572375
29 JUL 2010,380,390,370,377.5,89,119700,45270625
28 JUL 2010,367,380,366,378.75,112,308000,115205100
27 JUL 2010,365,369,364,365.5,37,30600,11173675
26 JUL 2010,360,365,360,365,80,85800,31155925
23 JUL 2010,348.75,361,348.75,360,123,318300,113932050
22 JUL 2010,350,350,345,347.75,29,26700,9307550
21 JUL 2010,343,345,342,343.25,48,60800,20831950
20 JUL 2010,340,344,340,343,48,212100,72115800
19 JUL 2010,339.75,340,337.5,339.25,36,16100,5450950
16 JUL 2010,339.5,340,338,338.75,50,57500,19515475
15 JUL 2010,340,340,338,339.75,52,103600,35095775
14 JUL 2010,340.5,342,338,340,88,579200,194823175
13 JUL 2010,340,345,340,340,62,80200,27273450
12 JUL 2010,335,339,335,338.5,43,34200,11559400
9 JUL 2010,350,350,333,334.5,53,222800,76137975
8 JUL 2010,335.75,341,330,334.5,217,6145100,2018309050
7 JUL 2010,341,341,330.25,338.25,87,236900,80058350
6 JUL 2010,348,348,342,343.25,68,153600,52698725
5 JUL 2010,351,351,347,347,69,76400,26644900
2 JUL 2010,355,356.25,351.25,354.5,36,17800,6321200
1 JUL 2010,360,364,355,355.25,49,62100,22251700
30 JUN 2010,360,364.75,358,359.25,67,50700,18275725
29 JUN 2010,370,370,360,362.75,118,174900,64189800
28 JUN 2010,375,395,364,365,329,425900,158131100
24 JUN 2010,329.25,360,329,358.25,230,923100,306835925
23 JUN 2010,330,330,324,326.75,69,2376200,760996775
22 JUN 2010,330,333,329.5,330.25,41,74500,24739225
21 JUN 2010,335,336.5,330.25,334.75,50,47200,15816250
17 JUN 2010,337,337,325,336,23,11800,3949000
16 JUN 2010,340,340,335,335.75,32,37700,12701150
15 JUN 2010,345,345,340,340,24,34000,11652000
14 JUN 2010,348,348,341,344.75,20,18500,6426850
11 JUN 2010,350,350,345,345.75,38,33400,11616600
10 JUN 2010,348,349.5,348,348.5,27,32400,11294950
9 JUN 2010,350,350,347.5,350,38,39200,13719500
8 JUN 2010,362,362,350,351,100,144000,50976825
7 JUN 2010,345,355,345,351.5,234,321900,113081850
4 JUN 2010,312,345,312,339.5,141,160000,53416225
3 JUN 2010,300,312,300,310.25,88,96200,29425275
2 JUN 2010,290,299.5,290,298.75,87,468500,140308075
1 JUN 2010,287.5,290.25,287.5,290,32,22100,6401575
31 MAY 2010,286,290,285,287.5,30,23000,6643450
26 MAY 2010,280,285,280,283.75,22,159500,45409100
25 MAY 2010,282.75,283,280.25,280.25,13,35300,9949950
24 MAY 2010,286,286,280,281,25,26200,7419475
21 MAY 2010,286.5,286.5,283.25,284,42,385300,109423475
20 MAY 2010,283.25,286,283,285,24,39000,11093700
19 MAY 2010,285,289,283,283.25,20,32900,9319700
18 MAY 2010,285,285,283,285,28,194400,55045825
17 MAY 2010,281,284,281,283.25,21,47700,13428275
14 MAY 2010,282,285,281,284.75,21,18300,5199350
13 MAY 2010,283,283,280,281.75,8,4700,1325500
12 MAY 2010,282.25,285,270,281.5,24,6100,1702475
11 MAY 2010,285,287,285,285.25,29,33600,9581050
10 MAY 2010,280,285,280,282.25,32,93200,26298775
7 MAY 2010,280,280,276,278.25,67,48500,13516750
6 MAY 2010,281,281,275,277.25,16,34400,9541650
5 MAY 2010,284,285,280,281.25,17,80900,23044825
4 MAY 2010,289,290,285,286.75,49,33500,9619900
3 MAY 2010,290,291,290,290,51,126500,36687550
30 APR 2010,280.5,294,280.5,290.25,74,84400,24477900
29 APR 2010,285,285,275,279.5,25,39300,11169000
27 APR 2010,280,285,280,285,24,83700,23847550
26 APR 2010,287,287.5,285,285.25,45,22900,6559625
23 APR 2010,290,290,281,284.75,55,38700,11078475
22 APR 2010,275,285,250,279.75,116,302700,84565350
21 APR 2010,256,285,256,274.5,105,73300,19678975
20 APR 2010,255,260,251,256,104,1326400,332542250
19 APR 2010,238.5,255,238.5,254,108,132800,33204300
16 APR 2010,236,240,236,238.25,11,2300,546900
15 APR 2010,235.5,237,235,235,30,35200,8290250
12 APR 2010,240,243.75,232,235,72,756000,174692225
8 APR 2010,225.25,239.75,225.25,235.25,26,447200,103075100
7 APR 2010,231,236,231,234.75,45,125900,29070000
6 APR 2010,225,231,225,229.75,45,45000,10281400
5 APR 2010,222,225,222,224,33,15000,3361200
1 APR 2010,222,223,222,222.5,41,117600,26113175
31 MAR 2010,222,222.75,221.25,222,38,52200,11572875
30 MAR 2010,227.75,228.75,226,228.25,23,31000,7035300
26 MAR 2010,212.5,228,212.5,227.75,70,106800,24170125
15 MAR 2010,242,243,239,239,48,40200,9683925
12 MAR 2010,240,241,240,240.25,15,5600,1344150
11 MAR 2010,240,240.5,239,239.75,26,26300,6312150
10 MAR 2010,240,242.75,239.75,240,36,40100,9624175
9 MAR 2010,242,242,239,240,29,44000,10557075
8 MAR 2010,241.25,243,239,240,37,62800,15064600
5 MAR 2010,240,242.75,239.5,241.25,73,475000,114951900
4 MAR 2010,241,241.75,240,240.25,23,12100,2912400
3 MAR 2010,237,241,237,240.25,45,32500,7722875
2 MAR 2010,238.25,239,237,237.5,30,11700,2783525
1 MAR 2010,240,240,238,238.5,49,19300,4612225
26 FEB 2010,230.5,239,230.5,236.5,40,23500,5553875
25 FEB 2010,231,233,230.5,230.5,34,69300,15987000
24 FEB 2010,230.25,232,230,230.25,35,9700,2234825
23 FEB 2010,230,232,229.75,231,25,17100,3936750
22 FEB 2010,224,229.75,220.25,228.5,22,26500,5967350
19 FEB 2010,228,230,224,229,4,2300,526950
18 FEB 2010,224.75,230,224.75,227.75,43,21400,4874050
17 FEB 2010,213,224,213,220.25,36,1452500,319535150
16 FEB 2010,211,213.5,211,212.25,13,54000,11595375
15 FEB 2010,215.5,215.5,210,212.5,23,115800,24898625
12 FEB 2010,220,220,215,215.75,33,35000,7560250
11 FEB 2010,220,220,216,216.75,19,5100,1110500
10 FEB 2010,220.5,221,220,220.25,24,21500,4734125
9 FEB 2010,223,225,220.5,224.75,31,81900,18228000
8 FEB 2010,225,226,223,224.75,28,32200,7240600
5 FEB 2010,225,225,224,224.75,29,32600,7326550
3 FEB 2010,230,230,225,225.25,44,28600,6488025
2 FEB 2010,240,244.75,228,229.25,84,75800,17525775
1 FEB 2010,225,260,225,230,290,133200,31218300
28 JAN 2010,217.5,222,215.5,220,85,200200,44009275
26 JAN 2010,218.5,219,216,217.5,19,28100,6111400
25 JAN 2010,220,220,215,215.5,31,33000,7163600
22 JAN 2010,220,220,217,217,25,53900,11839550
21 JAN 2010,214,220,213.5,220,38,157100,33804350
20 JAN 2010,213,214.25,213,214.25,21,18100,3873625
19 JAN 2010,215.25,215.5,212.5,213.5,40,92100,19784775
18 JAN 2010,217.75,217.75,215,215.5,42,89300,19247100
15 JAN 2010,219,219.25,217,217.75,31,25300,5529650
13 JAN 2010,219.25,219.25,218,218.25,2,700,152850
12 JAN 2010,222,222,124,219.75,40,115900,24831375
11 JAN 2010,222,223.5,222,222,31,118000,26197500
8 JAN 2010,219.75,224,218,222,27,27300,6052350
7 JAN 2010,219,220,217,220,53,78600,17230225
6 JAN 2010,220.5,220.5,216,218,17,27500,6025750
5 JAN 2010,220,226.25,219,220.25,87,133400,29577850
4 JAN 2010,205,222,201,219.25,92,100200,21599100
30 DEC 2009,201.75,205,201.75,204.25,39,55700,11327175
29 DEC 2009,201.5,202,200,201,14,10300,2071800
28 DEC 2009,203,203,201,201.5,24,33100,6696300
24 DEC 2009,200,200.25,200,200.25,12,16100,3220275
23 DEC 2009,203,205,200,200,31,52000,10520800
22 DEC 2009,202,204,202,203,30,34000,6887050
21 DEC 2009,200,202,198,202,24,32200,6470425
18 DEC 2009,196,200,195,198.5,70,163800,32368050
17 DEC 2009,192.25,195.5,192,195.25,54,135300,26363050
16 DEC 2009,190,193.5,190,192.5,34,221100,42282900
15 DEC 2009,188.25,190,188,189,10,20400,3865325
14 DEC 2009,189,190,188.25,188.5,25,29700,5630625
11 DEC 2009,188,189,185,188.75,10,8400,1584100
10 DEC 2009,189,190,189,190,18,15500,2944225
9 DEC 2009,188,190,185,190,56,165700,31392075
8 DEC 2009,183,188.25,183,186.25,18,24600,4555975
7 DEC 2009,180.25,185,180.25,183.5,22,29100,5301475
4 DEC 2009,179.75,180,179,180,17,13500,2427950
3 DEC 2009,176,180,174,180,18,37300,6704700
2 DEC 2009,175,177,173,176.25,16,24900,4358650
30 NOV 2009,175,175,175,175,4,2000,350000
27 NOV 2009,175,175,175,175,2,300,52500
26 NOV 2009,176,176,175,175,6,1900,332600
25 NOV 2009,178.75,178.75,177,178,9,4100,729550
24 NOV 2009,180,180,180,180,1,5000,900000
23 NOV 2009,177,180,177,180,15,14700,2645250
20 NOV 2009,175.25,180,175.25,180,14,13500,2425250
19 NOV 2009,178,180,178,179.75,9,22800,4101075
18 NOV 2009,177.5,180,177,179.75,16,46100,8276750
17 NOV 2009,181.75,181.75,177,177.5,5,700,124775
16 NOV 2009,181.5,181.5,179,179.5,15,20100,3615850
13 NOV 2009,176,181,176,180,52,149300,26868275
12 NOV 2009,175,180,175,177,7,13500,2371500
11 NOV 2009,174,175,173,174,19,72300,12697300
10 NOV 2009,174.5,175,174,174,26,59600,10418700
9 NOV 2009,180,180,175,175,10,3700,650500
6 NOV 2009,174.25,180,174.25,177.25,28,69900,12266450
5 NOV 2009,175,176.5,173,174.5,66,120100,20940125
4 NOV 2009,178,179,170,174,39,49700,8676400
3 NOV 2009,185,185,180,180,23,23000,4176000
30 OCT 2009,186,186,185,185,10,7000,1297000
29 OCT 2009,186,188,185,186,23,187400,35146900
27 OCT 2009,190,190,186,186.25,26,62800,11652475
26 OCT 2009,188,190,185,189.75,31,75500,14318400
23 OCT 2009,182,185.25,182,185,33,143100,26434250
22 OCT 2009,185,185,180,182.25,28,24500,4442225
21 OCT 2009,180,185,173,185,82,80700,14454975
20 OCT 2009,186,186,184,185,73,172900,32007400
19 OCT 2009,190,190,183,190,37,44400,8326225
16 OCT 2009,193.75,196,192.25,193,30,31700,6153800
15 OCT 2009,192,195,192,193.75,61,107200,20787575
14 OCT 2009,190,191.5,190,191.25,29,29100,5558525
13 OCT 2009,185,190,185,190,73,178500,33514250
12 OCT 2009,183,185,183,185,28,22400,4123125
9 OCT 2009,185,185,180,180.25,28,66300,11961400
8 OCT 2009,183,185,183,184.5,25,11500,2120375
7 OCT 2009,184,184.5,183,183.75,19,15700,2885700
6 OCT 2009,182,187,182,183.5,76,94400,17399200
5 OCT 2009,180,186,179.5,182,67,59900,11052375
2 OCT 2009,172,180,172,179.5,65,87900,15507525
1 OCT 2009,170.25,172,170.25,171,14,28300,4841600
30 SEP 2009,170,170.25,169,170,70,187700,31909325
29 SEP 2009,170,170,169,169.75,13,19000,3217225
28 SEP 2009,170,170,170,170,13,38200,6494000
25 SEP 2009,173,173,170,170,22,24800,4252400
24 SEP 2009,174,174,171,172,14,21300,3678800
23 SEP 2009,174,174,173,174,23,56500,9830800
22 SEP 2009,177.5,177.5,173.25,174,30,49900,8764000
18 SEP 2009,175,176,174.5,175.5,28,34800,6090050
17 SEP 2009,171,177,171,175.5,83,163200,28476175
16 SEP 2009,167.75,174,167.75,170.5,33,28200,4802900
15 SEP 2009,170,171,165.25,168.75,56,93200,15805400
14 SEP 2009,170,174.75,170,173.5,87,120200,20777025
11 SEP 2009,170,173,165,170,121,329800,55872475
10 SEP 2009,175,175,162,169,94,117100,19863375
9 SEP 2009,164,175,164,174.75,161,408600,69733125
8 SEP 2009,151,164,151,163.25,86,149500,23764400
7 SEP 2009,147,151,147,150,52,123200,18445075
3 SEP 2009,144,146,143.75,145.75,50,73200,10612725
2 SEP 2009,141,143.75,141,143,44,159800,22842275
1 SEP 2009,145.25,145.25,143.75,144,89,210600,30432575
31 AUG 2009,144,145.25,144,145.25,41,176900,25548625
28 AUG 2009,142.25,143.75,142.25,143.75,47,112900,16157875
27 AUG 2009,136.5,142.5,136.5,142,109,345100,48417925
26 AUG 2009,135,136.5,135,136.25,24,91900,12496600
25 AUG 2009,136.25,136.25,135,135,49,205900,27588400
24 AUG 2009,136.75,136.75,136,136.25,27,47400,6475050
21 AUG 2009,133.25,137,133.25,137,62,135100,18437100
20 AUG 2009,132,133.25,131.5,133,40,33200,4382750
19 AUG 2009,132,133,131.25,132.25,22,90700,11819325
18 AUG 2009,135,136,132,132,24,76500,10167400
17 AUG 2009,136,136,133.5,135,19,40600,5513200
14 AUG 2009,136.25,137.25,136,137,100,142200,19473250
13 AUG 2009,132,136.25,132,135.5,123,209000,28229950
12 AUG 2009,132.25,134,132,132,31,18100,2389775
11 AUG 2009,127,133.5,127,132.25,167,409900,53421550
10 AUG 2009,128.5,128.75,126.75,127,36,78500,10027125
7 AUG 2009,126,128.25,126,128,99,95200,12083900
6 AUG 2009,126,126.75,125,125,49,132600,16689100
4 AUG 2009,126,126.5,124,125,61,81200,10168250
3 AUG 2009,125,131,125,126.25,171,258200,33329525
31 JUL 2009,118.5,125,118.5,123.25,183,377200,45782125
30 JUL 2009,115,119,115,118,122,180400,21129525
29 JUL 2009,115,115,114,115,29,66500,7644400
28 JUL 2009,115,115.25,114,115,71,164300,18883525
27 JUL 2009,113,115.75,113,115,119,519000,58087875
24 JUL 2009,111,113,110,111,105,500700,55232100
23 JUL 2009,110.5,110.75,110.5,110.5,24,40100,4432300
22 JUL 2009,113.25,113.5,110,110.5,63,83800,9360900
21 JUL 2009,107.75,114.25,107.75,112,92,105800,11941125
20 JUL 2009,105,105.25,104,105.25,56,73200,7665400
17 JUL 2009,104,106,101,105,48,34600,3600600
16 JUL 2009,105.5,105.5,104,104,23,44100,4620575
15 JUL 2009,106,106.75,105,105.5,67,93200,9850050
14 JUL 2009,106.25,106.75,106,106,6,3400,360600
13 JUL 2009,106.25,107,106,107,6,1700,180650
10 JUL 2009,106,106,105,106,21,43400,4560475
9 JUL 2009,108,108,106,106,19,15700,1672525
8 JUL 2009,109,109,105,106.25,11,4000,424700
7 JUL 2009,109,109,109,109,4,900,98100
3 JUL 2009,109,109,108.5,109,21,24000,2615500
2 JUL 2009,109,110,109,109,24,52300,5701375
1 JUL 2009,109,109.75,109,109.25,15,37200,4059925
30 JUN 2009,109.25,109.25,109,109,3,7500,818075
29 JUN 2009,110.5,110.5,109.5,109.75,28,20900,2298450
26 JUN 2009,113,113.5,110.25,110.75,9,2400,269775
25 JUN 2009,114,114,110.5,110.5,15,19700,2198700
24 JUN 2009,113.5,114,112,112,21,301400,32912925
23 JUN 2009,114,115,112,114,74,2416300,263855900
22 JUN 2009,116,117,113,113.5,47,59900,6844425
19 JUN 2009,114,117,114,115,87,127300,14688125
18 JUN 2009,114,115,113.5,114,71,179200,20427200
17 JUN 2009,114,115,112.5,113,45,99900,11361825
16 JUN 2009,114,114,112.5,112.5,16,43500,4895825
15 JUN 2009,113.25,114,113,113.75,24,20700,2356925
12 JUN 2009,110,113.5,110,112.5,64,156500,17541725
11 JUN 2009,107.75,111,107.75,110,82,149200,16389500
10 JUN 2009,106,108,106,107.75,25,40400,4339100
9 JUN 2009,106.5,107,106,106,8,2100,223300
8 JUN 2009,109,109,106,106.75,35,68600,7342375
5 JUN 2009,100,108.5,100,108,100,142300,15055775
4 JUN 2009,103,103,100,100.75,29,16100,1644350
3 JUN 2009,103.25,106,103,104,23,11000,1138625
2 JUN 2009,107,107,103,103.25,38,28000,2913900
1 JUN 2009,108,108.5,108,108,38,51700,5584600
29 MAY 2009,110,112,106,107.5,98,167500,18136850
28 MAY 2009,95,108,95,108,280,508000,51873100
27 MAY 2009,93,95,93,94,30,29000,2738425
26 MAY 2009,93,93.25,92.5,93,57,149300,13884675
25 MAY 2009,95,95,93.5,94,22,15800,1490325
22 MAY 2009,96,99,94,94.75,116,118100,11332225
21 MAY 2009,88.25,100,88,96,367,550900,52211150
19 MAY 2009,90,90,86.25,88,36,23400,2065550
18 MAY 2009,90,92,87.75,88,86,115400,10251350
15 MAY 2009,85,87,84.5,86.5,24,29800,2560200
14 MAY 2009,84.5,85,84.5,85,17,16300,1385300
13 MAY 2009,86,86,84,84.25,42,62000,5260800
12 MAY 2009,88.25,88.25,85,86,86,106800,9154800
11 MAY 2009,84,89.75,84,88.75,89,201400,17646250
7 MAY 2009,80,85.75,80,83.75,97,128500,10636075
6 MAY 2009,78.5,80,78,79.75,22,24800,1971800
5 MAY 2009,77.5,78,77,78,45,30800,2393150
4 MAY 2009,76.75,78,76.75,77,32,30300,2350050
30 APR 2009,74,76.5,74,75.75,56,66600,5001575
29 APR 2009,73,74,73,74,21,33900,2489075
28 APR 2009,72.5,73,72,72.75,17,8900,643050
27 APR 2009,73,74,72.5,73,42,47300,3469275
24 APR 2009,71,74,71,72.5,68,162000,11590475
23 APR 2009,70,71,70,71,13,59000,4188400
22 APR 2009,70.5,71,69,69.5,23,20900,1476125
21 APR 2009,69.5,70,69,70,13,22600,1580025
20 APR 2009,69,69,69,69,7,3400,234600
17 APR 2009,68.5,68.5,68.5,68.5,1,100,6850
16 APR 2009,68.5,68.5,68,68,8,4400,300750
8 APR 2009,66,66.25,66,66.25,8,10000,661250
7 APR 2009,66.5,66.5,66,66,8,5600,369800
3 APR 2009,68,68,66,66,12,3400,224975
2 APR 2009,68,68,68,68,4,1900,129200
1 APR 2009,67.5,68,66,68,11,6700,452975
31 MAR 2009,69.5,70,69.5,70,6,6200,433550
30 MAR 2009,70,70,69.5,69.5,9,9400,657650
27 MAR 2009,69.5,69.5,69,69.5,6,2600,180650
26 MAR 2009,70,70,69.5,69.5,6,4500,314500
25 MAR 2009,69,70,69,70,3,4500,311500
24 MAR 2009,70,72,68,69.25,23,758455,49918791.25
23 MAR 2009,69,69,68,69,6,6400,436200
20 MAR 2009,68,68,68,68,7,8000,544000
19 MAR 2009,68,68,68,68,13,9000,612000
18 MAR 2009,68.25,69,68,68,21,44300,3025725
17 MAR 2009,67,68,67,68,2,300,20300
16 MAR 2009,68,68,67,67,8,2300,155500
13 MAR 2009,68,68.75,68,68.25,13,14500,986425
12 MAR 2009,68.5,68.5,67.25,68,17,18500,1257825
11 MAR 2009,68.75,68.75,68.75,68.75,2,2100,144375
9 MAR 2009,68.75,68.75,68,68.5,5,3900,266925
6 MAR 2009,69.5,69.5,68.75,69,5,14400,1000275
5 MAR 2009,67,67,65,66.25,29,34600,2298900
4 MAR 2009,67,67,67,67,1,300,20100
3 MAR 2009,69.25,69.25,67,67,11,23300,1584650
2 MAR 2009,69,70,69,70,2,200,13900
27 FEB 2009,72,72,70,70,28,216300,15157250
25 FEB 2009,73,73,72,72,4,2400,173200
24 FEB 2009,75,75,74,74,10,9000,671250
20 FEB 2009,76,76,75,75,6,2300,172700
19 FEB 2009,76,76,76,76,3,400,30400
18 FEB 2009,76,76,76,76,2,1500,114000
17 FEB 2009,76,76,76,76,8,3700,281200
16 FEB 2009,74,74,73.75,73.75,2,600,44275
13 FEB 2009,74,74,74,74,3,2100,155400
12 FEB 2009,74.75,75,74,74,7,4100,304050
11 FEB 2009,73.75,74,72,74,5,1800,132175
10 FEB 2009,72,72,72,72,2,1000,72000
5 FEB 2009,72,72,72,72,1,500,36000
3 FEB 2009,73.75,74,72,74,14,11100,807925
2 FEB 2009,75,75,74.25,74.25,5,3400,252575
30 JAN 2009,75,75,74.25,74.25,3,1200,89175
29 JAN 2009,73.25,74.5,73.25,74.5,3,2100,156200
28 JAN 2009,73,75,73,74.25,8,8800,649800
27 JAN 2009,74.25,74.25,73,73.25,6,9500,695825
26 JAN 2009,77,80,74.5,74.5,20,26500,2000450
23 JAN 2009,74.5,74.5,74.5,74.5,3,800,59600
22 JAN 2009,77,77,75,75,4,1300,99500
21 JAN 2009,77,77,74,74.75,13,8600,653200
20 JAN 2009,80,80,77,78.75,30,11000,872675
19 JAN 2009,75,78.25,75,77,15,5600,422025
16 JAN 2009,75,75,72,73,16,10800,786225
15 JAN 2009,70,70,70,70,3,4900,343000
13 JAN 2009,69.5,69.5,69,69.25,4,4900,339100
12 JAN 2009,69,69,68.5,68.5,6,3000,205600
9 JAN 2009,69.75,69.75,69,69,4,3200,220975
8 JAN 2009,70,70,70,70,1,500,35000
7 JAN 2009,70,70,70,70,1,100,7000
6 JAN 2009,68.5,70,68.5,68.5,7,3200,219500
5 JAN 2009,69.75,72,68.5,70,19,7500,524675
2 JAN 2009,69,70,69,70,12,4900,341950
23 DEC 2008,68,68,68,68,1,100,6800
22 DEC 2008,68,68,65,65.25,4,2000,130675
18 DEC 2008,70,71.5,70,70.5,2,700,49300
11 DEC 2008,70,73,70,71.5,4,500,35700
10 DEC 2008,70,70,70,70,3,1200,84000
5 DEC 2008,69,69,68.5,68.75,3,1600,110100
4 DEC 2008,70,70,70,70,3,400,28000
3 DEC 2008,73,73,73,73,1,100,7300
2 DEC 2008,70,70,70,70,6,3700,259000
28 NOV 2008,70,70.25,70,70.25,3,4100,287500
27 NOV 2008,68,68,68,68,5,1500,102000
26 NOV 2008,72.5,72.5,68,68,16,8200,577100
25 NOV 2008,75.5,77,70.5,72.25,16,5400,399900
24 NOV 2008,80.25,80.25,75.25,75.75,9,2800,212600
21 NOV 2008,78.25,78.25,78,77.75,5,1800,140600
19 NOV 2008,79,83,79,79.75,8,2500,199875
18 NOV 2008,79.25,79.25,78.75,79,7,4100,323775
17 NOV 2008,79,83,78,79.5,5,1300,102750
14 NOV 2008,80,80,80,80,2,1100,88000
13 NOV 2008,82,82,80,80,16,4100,328825
11 NOV 2008,84,84,83,83,9,24600,2042800
10 NOV 2008,85,85,84,84,5,7200,605775
7 NOV 2008,85.5,85.5,85,85,6,7400,629350
6 NOV 2008,88.5,88.5,88.5,88.5,1,100,8850
5 NOV 2008,90,92,90,90.75,19,6500,588225
4 NOV 2008,85,89,85,88.75,12,3100,270725
3 NOV 2008,80,86,80,85.25,12,3400,289350
31 OCT 2008,78.75,78.75,78.5,78.5,8,3200,251250
29 OCT 2008,79,80,76.25,78.75,12,3100,241900
28 OCT 2008,80,80,79,79.25,7,6200,491850
24 OCT 2008,79,81.5,79,81.5,4,2000,161450
23 OCT 2008,84.75,85,80,80,11,6300,508975
22 OCT 2008,79,83,79,80.5,6,1700,136050
21 OCT 2008,80,80,79,79,2,400,31700
20 OCT 2008,79.5,79.5,79,79,3,1600,126925
17 OCT 2008,83,83.25,80,80,34,81100,6593275
16 OCT 2008,82.25,82.25,82.25,82.25,1,100,8225
15 OCT 2008,84.75,84.75,83.25,83.75,11,2600,218425
13 OCT 2008,83,85,83,83.75,2,300,25100
10 OCT 2008,85,85,83,83,3,1500,124900
9 OCT 2008,87.25,87.25,86,86.25,4,500,43150
8 OCT 2008,89,89,89,89,1,200,17800
7 OCT 2008,87.5,87.5,87.5,87.5,1,100,8750
6 OCT 2008,87.75,87.75,87.5,87.5,5,10100,885025
3 OCT 2008,89,89,87.25,87.75,4,2900,254125
2 OCT 2008,90,90,89,89,7,10000,890200
30 SEP 2008,92.5,92.75,90,90,9,17200,1575250
29 SEP 2008,93,93,93,93,3,12000,1116000
26 SEP 2008,92,93,92,93,6,10100,938525
25 SEP 2008,92,92,92,92,1,300,27600
24 SEP 2008,93,93,93,93,3,1200,111600
23 SEP 2008,93,93,93,93,8,2800,260400
22 SEP 2008,94,94,94,94,1,200,18800
19 SEP 2008,94,95,94,94.5,2,200,18900
18 SEP 2008,92.5,95,92,94,15,136300,12910900
17 SEP 2008,94,94,93,93,4,3100,289400
16 SEP 2008,94.5,95,94.5,95,18,135200,12841975
15 SEP 2008,95,95,94.5,94.75,7,5200,493400
12 SEP 2008,95,95,94,94.75,6,6100,574300
11 SEP 2008,95,95.25,94.5,95,22,76000,7219825
10 SEP 2008,96,96,95,95,10,7600,722500
9 SEP 2008,96.25,97,96.25,96.5,7,23200,2247500
8 SEP 2008,96,96.25,96,96.25,7,5300,509975
5 SEP 2008,96,96,96,96,2,1000,96000
4 SEP 2008,96,96,96,96,4,2100,201600
3 SEP 2008,96,96,96,96,4,1000,96000
2 SEP 2008,96,96,96,96,4,900,86400
1 SEP 2008,96,96,96,96,1,200,19200
29 AUG 2008,96.25,96.25,96,96,4,1100,105725
28 AUG 2008,96,96,96,96,1,900,86400
27 AUG 2008,96,96,96,96,5,3100,297600
22 AUG 2008,95.5,95.5,95.5,95.5,2,4900,467950
21 AUG 2008,95.5,95.5,95.25,95.25,3,1100,104800
20 AUG 2008,95.25,95.25,95.25,95.25,4,1100,104775
19 AUG 2008,95.75,95.75,95.25,95.25,3,5800,552500
18 AUG 2008,95.25,96,95.25,95.75,8,1900,182050
15 AUG 2008,95.5,95.5,95.5,95.5,1,100,9550
14 AUG 2008,96.5,96.5,95,95.25,12,50900,4879850
13 AUG 2008,97,97,97,97,3,1900,184300
11 AUG 2008,97.5,97.5,96.5,97,5,7800,756200
8 AUG 2008,96.5,96.5,96.5,96.5,2,600,57900
7 AUG 2008,100,100,100,100,5,1900,190000
6 AUG 2008,97,97,95,95.25,25,29700,2826775
5 AUG 2008,97,97,96,96,7,16100,1551475
4 AUG 2008,97,97,97,97,1,100,9700
1 AUG 2008,95.25,95.25,95,95,6,3500,332700
31 JUL 2008,96,96,95.25,95.5,8,3900,373775
30 JUL 2008,95.25,95.25,95.25,95.25,1,300,28575
29 JUL 2008,95.25,95.25,95.25,95.25,4,1200,114300
28 JUL 2008,95,95,95,95,7,15600,1482000
25 JUL 2008,95,95,95,95,2,200,19000
24 JUL 2008,95.5,95.5,95,95.25,8,5300,504650
23 JUL 2008,95.5,95.5,95.5,95.5,1,100,9550
22 JUL 2008,95.5,95.5,95.5,95.5,5,2600,248300
21 JUL 2008,95.75,95.75,95.5,95.5,5,3200,305675
18 JUL 2008,96,96,95,96,2,1100,105500
16 JUL 2008,96.75,96.75,96,96,11,5300,510575
15 JUL 2008,96.75,96.75,96.75,96.75,1,700,67725
14 JUL 2008,100.5,100.5,100.5,100.5,2,200,20100
11 JUL 2008,95,101,95,99,9,4000,394150
10 JUL 2008,96,96,95,95,4,2600,247925
9 JUL 2008,96.25,96.25,96,96,6,1700,163275
8 JUL 2008,96.75,96.75,96.75,96.75,1,100,9675
7 JUL 2008,96.25,96.25,96.25,96.25,4,1700,163625
4 JUL 2008,97,97,96.5,96.5,3,2500,242250
3 JUL 2008,97,98,97,98,19,47600,4664700
2 JUL 2008,97,97,97,97,1,1500,145500
30 JUN 2008,97,97,97,97,3,800,77600
27 JUN 2008,97,97.25,97,97,8,2200,213500
26 JUN 2008,96,96,96,96,2,300,28800
25 JUN 2008,96,96,96,96,1,100,9600
24 JUN 2008,96,96,96,96,2,600,57600
23 JUN 2008,97,97,95,95.75,14,13200,1271600
20 JUN 2008,97,97.5,97,97,4,1700,164950
19 JUN 2008,97.5,97.5,97,97.25,4,3000,292000
17 JUN 2008,97.5,97.5,97.5,97.5,6,4700,458250
16 JUN 2008,97.5,97.5,97.5,97.5,5,2400,234000
13 JUN 2008,98,98,97.25,97.5,10,10600,1037050
12 JUN 2008,98.5,98.5,98.5,98.5,1,7000,689500
10 JUN 2008,99,99,98.5,98.5,2,5100,504850
9 JUN 2008,98.5,98.5,98,98.25,6,5200,510600
6 JUN 2008,98.5,98.5,98.5,98.5,2,200,19700
5 JUN 2008,99,99,98.5,98.5,5,5500,544250
4 JUN 2008,99,99,99,99,13,17200,1702800
3 JUN 2008,99,99,99,99,1,5000,495000
2 JUN 2008,98,98,98,98,7,3100,303800
30 MAY 2008,100,100,98,98,5,2300,225825
29 MAY 2008,98.75,98.75,98,98,8,2900,285050
28 MAY 2008,100,100,99,99,4,2500,249900
27 MAY 2008,100,100,100,100,12,6300,630000
26 MAY 2008,100.5,100.5,100,100,6,1900,190175
23 MAY 2008,101.25,101.25,100.5,100.5,3,2000,202175
21 MAY 2008,101.25,101.5,101.25,101.25,3,600,60775
16 MAY 2008,101,102,101,102,3,1300,132300
15 MAY 2008,103.75,103.75,102,102.5,3,300,30875
14 MAY 2008,104,104,101.25,101.25,3,400,40775
9 MAY 2008,105,108,105,105.5,4,1600,168600
8 MAY 2008,107,107,105,105,12,6200,651525
7 MAY 2008,108,108,106.5,107.5,4,1600,171550
6 MAY 2008,105.5,107.75,105.5,106.25,4,1300,137375
5 MAY 2008,120,120,100,105,24,6300,686950
30 APR 2008,113.5,113.75,113.5,113.75,9,10000,1136250
29 APR 2008,113.5,113.5,113.5,113.5,9,3700,419950
28 APR 2008,113.5,113.5,113.5,113.5,1,300,34050
25 APR 2008,113.5,113.5,113.5,113.5,3,1800,204300
24 APR 2008,113.5,114,113.5,113.5,10,6200,704050
23 APR 2008,114.5,114.5,114,114,4,1700,193900
22 APR 2008,113.5,114,113,114,25,32800,3723925
21 APR 2008,113.5,113.5,113,113.25,12,4400,498725
17 APR 2008,113.5,113.5,113.5,113.5,1,200,22700
16 APR 2008,112,114,112,114,3,400,45400
10 APR 2008,113,113,113,113,1,100,11300
8 APR 2008,113,113,112,112.5,2,200,22500
7 APR 2008,115,115,115,115,3,1000,115000
3 APR 2008,115,116,115,115,6,800,92100
2 APR 2008,116,117,116,117,7,54000,6317450
1 APR 2008,115,116,115,115,4,2500,287600
31 MAR 2008,116,117.75,115,115.75,7,1200,139175
28 MAR 2008,115,116,115,115.5,8,12100,1392600
27 MAR 2008,114.5,115,114.5,115,15,12200,1402775
26 MAR 2008,112.75,113,112.75,113,8,5000,564875
25 MAR 2008,113,113,113,113,1,500,56500
24 MAR 2008,115,115,115,115,1,100,11500
19 MAR 2008,115,115,115,115,7,8400,966000
18 MAR 2008,115,115,115,115,10,26000,2990000
17 MAR 2008,112,112,112,112,3,1100,123200
14 MAR 2008,114,114,113,113.75,3,3000,341500
13 MAR 2008,114,114,114,114,3,4700,535800
11 MAR 2008,114,114.25,114,114,6,10200,1162925
10 MAR 2008,114,114.25,114,114,11,28700,3272475
7 MAR 2008,115.25,115.25,115,115,3,1400,161050
5 MAR 2008,115,115.25,115,115.25,10,3000,345725
4 MAR 2008,114,114,114,114,4,1800,205200
3 MAR 2008,113,114,113,114,16,320900,36562600
29 FEB 2008,112.5,112.5,112.5,112.5,5,1723200,189554750
28 FEB 2008,113.75,113.75,113,113,7,12100,1367950
27 FEB 2008,114.5,114.5,113.75,114,14,1729000,190217725
26 FEB 2008,115,115,115,115,3,4000,460000
25 FEB 2008,114,117,114,115,10,30600,3518750
22 FEB 2008,113.25,114,113.25,114,3,1000,113325
21 FEB 2008,113,113,113,113,2,1200,135600
19 FEB 2008,113.25,113.25,113,113,9,39600,4475325
18 FEB 2008,114,114,113,113,5,25300,2859025
15 FEB 2008,113,113.75,113,113.25,3,1600,181000
14 FEB 2008,114,114,114,114,10,6800,775200
13 FEB 2008,115,115,114,114.25,13,37800,4327175
12 FEB 2008,115,115,114,114.25,10,18100,2081275
11 FEB 2008,114,115,114,115,4,1100,126375
8 FEB 2008,113.75,114,113.75,114,2,2100,239375
7 FEB 2008,113,113,113,113,3,2500,282500
6 FEB 2008,113,113,113,113,1,100,11300
5 FEB 2008,113,113,113,113,1,100,11300
1 FEB 2008,112,113,112,113,12,10900,1226000
31 JAN 2008,111,111.75,111,111.75,13,9500,1056550
30 JAN 2008,111,111,111,111,1,100,11100
29 JAN 2008,113,114,113,113,6,3700,418200
28 JAN 2008,110.5,110.75,110.5,110.75,2,500,55275
25 JAN 2008,110.5,110.5,110.25,110.5,3,1100,121525
24 JAN 2008,112,112.5,112,112,3,1400,156900
23 JAN 2008,113,114,112,112.5,8,5800,652950
21 JAN 2008,113,113,113,113,3,300,33900
18 JAN 2008,106,114,106,113,5,2800,318175
17 JAN 2008,106,106,106,106,2,200,21200
16 JAN 2008,113.5,113.5,109.25,110,13,4700,517275
14 JAN 2008,114.25,114.25,114.25,114.25,6,10500,1199625
11 JAN 2008,114.25,114.5,114,114,9,25700,2931675
10 JAN 2008,114,114,114,114,7,16100,1835400
8 JAN 2008,115.25,115.25,114.5,115,8,9000,1034400
4 JAN 2008,115.5,115.25,115,115,7,16000,1840325
3 JAN 2008,116,116,116,116,1,1000,116000
2 JAN 2008,115,115.5,115,115.5,2,800,92350
31 DEC 2007,118.5,120.5,118.5,120,23,30100,3609625
28 DEC 2007,117,118.5,117,118.25,5,5600,657200
26 DEC 2007,119,119,119,119,1,100,11900
24 DEC 2007,118,119,118,118.5,8,3000,355125
20 DEC 2007,118,120,118,120,12,446500,54008000
19 DEC 2007,120,120,116,118.75,4,2400,286400
18 DEC 2007,120,120,120,120,7,95500,11595000
17 DEC 2007,120,120,120,120,16,13600,1632000
14 DEC 2007,120,120,120,120,8,5800,696000
13 DEC 2007,119.5,120,119.5,120,29,26700,3203500
11 DEC 2007,120,120,120,120,3,8000,960000
10 DEC 2007,117.25,121.5,117.25,120,19,20000,2385850
7 DEC 2007,117.25,117.25,117.25,117.25,6,1800,211050
6 DEC 2007,117,117,117,117,1,1000,117000
4 DEC 2007,118,121.5,117,118.5,59,314800,37504925
3 DEC 2007,117,118,117,117.75,7,4700,551150
30 NOV 2007,116.5,118.5,116.5,117.5,9,10500,1233050
29 NOV 2007,116.5,116.5,116,116,8,4800,558100
28 NOV 2007,116.5,117,116.5,116.5,9,3300,385450
27 NOV 2007,116.25,116.5,116.25,116.5,3,3700,430550
26 NOV 2007,116.25,116.25,116.25,116.25,3,1000,116250
23 NOV 2007,117,117,117,117,10,4000,468000
22 NOV 2007,116,117,116,117,4,1000,116775
21 NOV 2007,115.5,116.75,115.5,116.25,8,2500,290900
20 NOV 2007,117.75,117.75,117.75,117.75,1,100,11775
19 NOV 2007,118,118,118,118,3,1000,118000
15 NOV 2007,116,117,116,116.25,4,1700,197450
14 NOV 2007,116,116.25,116,116,4,1300,150850
13 NOV 2007,118,118,118,118,2,500,59000
12 NOV 2007,119,119,118,118,3,400,47475
9 NOV 2007,119,120,119,119,5,101100,12031900
7 NOV 2007,118,118,118,118,2,600,70800
6 NOV 2007,118.5,118.5,118,118,10,10900,1286250
5 NOV 2007,119,119,118,118,17,16100,1905300
2 NOV 2007,117.5,118.25,117.5,118.25,7,4900,577325
1 NOV 2007,117,117.25,117,117,3,113000,13441250
31 OCT 2007,118,118,117,117.25,13,289500,33892200
30 OCT 2007,118.75,119,117.25,118,10,3100,367350
26 OCT 2007,117.75,117.75,117.75,117.75,1,300,35325
23 OCT 2007,117,117,116,116,5,3900,454400
19 OCT 2007,118,118,117,118,21,142700,16698150
18 OCT 2007,117.5,118,117.25,117.5,6,2400,282125
17 OCT 2007,116.5,116.5,116.5,116.5,3,2000,233000
16 OCT 2007,115.25,118.5,115.25,116.5,16,201500,23858750
15 OCT 2007,115.25,117,115.25,117,5,35100,4106525
12 OCT 2007,115.25,115.5,115.25,115.5,26,125200,14459975
11 OCT 2007,115.25,115.5,115.25,115.25,12,6300,726900
10 OCT 2007,115,115.5,115,115.25,17,15900,1830350
9 OCT 2007,115,115.5,115,115.25,6,2000,230100
3 OCT 2007,118,118,116.25,118,5,54600,6441050
2 OCT 2007,116.5,120,116.5,118.25,8,1300,152450
28 SEP 2007,116.25,116.25,116.25,116.25,5,5600,651000
27 SEP 2007,116.25,116.25,116,116,2,200,23225
25 SEP 2007,117.75,118,116.25,117.5,3,1400,164450
24 SEP 2007,118,118,118,118,2,400,47200
21 SEP 2007,117,117,117,117,3,2200,257400
20 SEP 2007,118,120,117,120,6,9100,1065400
19 SEP 2007,118,118,118,118,4,900,106200
18 SEP 2007,118,118,118,118,11,7600,896800
17 SEP 2007,118.25,118.25,118.25,118.25,7,18900,2234925
14 SEP 2007,120,120,118,118.5,17,7700,916675
13 SEP 2007,124.75,124.75,121,121,6,255600,31184475
12 SEP 2007,118.75,124,118.75,121.5,23,15000,1805925
11 SEP 2007,118.75,118.75,118,118.75,12,4800,569400
10 SEP 2007,118,118.25,118,118.25,13,4100,484050
7 SEP 2007,117.75,118.25,117.75,118,8,2100,247800
6 SEP 2007,117,117,117,117,2,5100,596700
5 SEP 2007,116.75,118,116.75,117.75,8,1500,176200
4 SEP 2007,117.25,118.25,116.75,116.75,11,6700,789650
3 SEP 2007,117,118,116.75,117.5,12,5500,646050
31 AUG 2007,115,118.5,115,116.5,9,12000,1398250
30 AUG 2007,115,115,115,115,4,1500,172500
29 AUG 2007,115,115,115,115,8,2500,287500
27 AUG 2007,113,115,113,115,12,17100,1963700
24 AUG 2007,113,113,113,113,2,1200,135600
23 AUG 2007,113,113,113,113,5,3800,429400
22 AUG 2007,113,113,113,113,1,100,11300
21 AUG 2007,114,115,114,114,18,14900,1699225
20 AUG 2007,113,113,112,113,3,1600,180700
17 AUG 2007,112,113,112,113,6,4000,449700
16 AUG 2007,112,112.75,112,112.25,11,9200,1035100
15 AUG 2007,110,112,110,112,6,1400,154900
14 AUG 2007,112,112,108.5,108.75,7,6500,708300
13 AUG 2007,111.5,111.5,111.5,111.5,10,4400,490600
10 AUG 2007,111.5,111.5,111.5,111.5,3,800,89200
9 AUG 2007,111.5,111.5,111.5,111.5,2,500,55750
8 AUG 2007,111.5,111.5,111.5,111.5,1,100,11150
7 AUG 2007,112,112.25,112,112,8,5900,661300
6 AUG 2007,112,112.5,112,112,7,2000,224225
3 AUG 2007,112,112.25,112,112,7,2500,280025
2 AUG 2007,114,114,114,114,3,400,45600
1 AUG 2007,112,112,112,112,1,100,11200
31 JUL 2007,115,115,115,115,1,100,11500
30 JUL 2007,112,112,111,111,10,6900,768200
27 JUL 2007,112,112,112,112,28,27800,3113600
26 JUL 2007,112,112.25,112,112.25,7,4000,448950
25 JUL 2007,112,113,112,112,19,18600,2084100
24 JUL 2007,111,111,111,111,2,3000,333000
23 JUL 2007,109,112,109,110.25,4,900,99300
19 JUL 2007,108.25,108.25,108,108,9,11400,1231800
18 JUL 2007,110,110,108.5,108.5,11,6500,710500
17 JUL 2007,112,112,110,110,16,13500,1487550
16 JUL 2007,112.25,112.25,112,112,14,13000,1456750
13 JUL 2007,112.25,112.25,112,112,5,4000,448250
12 JUL 2007,112.25,112.25,112.25,112.25,5,5000,561250
11 JUL 2007,112,112,112,112,11,6700,750400
10 JUL 2007,112,112.25,112,112.25,10,10000,1121250
9 JUL 2007,112.5,112.5,112.25,112.25,9,4800,539300
6 JUL 2007,113,115,112.25,112.5,13,11200,1265675
5 JUL 2007,112.25,113,112.25,113,10,13500,1522325
4 JUL 2007,111,111.75,111,111.75,4,7600,848600
3 JUL 2007,112,112,111,111,4,500,55900
2 JUL 2007,113,113,112,112,2,1500,169300
29 JUN 2007,112.75,113.75,112.75,113,6,1300,146775
28 JUN 2007,112.75,112.75,112.5,112.5,3,20200,2277525
27 JUN 2007,112.5,112.5,112.5,112.5,1,200,22500
26 JUN 2007,112.25,112.5,112.25,112.5,9,4700,528375
25 JUN 2007,112.25,112.25,112,112,8,2500,280025
21 JUN 2007,112,113,112,112.5,9,3900,437800
20 JUN 2007,112.25,112.25,112.25,112.25,1,100,11225
18 JUN 2007,112,115,112,113.5,11,4000,451875
14 JUN 2007,112.5,112.5,110.5,112,14,13400,1487375
13 JUN 2007,115,115,108,110,5,11400,1259100
12 JUN 2007,112,115.75,112,115,48,59300,6808750
11 JUN 2007,109,112.5,109,112,15,30100,3363600
8 JUN 2007,104.25,108,104.25,107.75,14,14900,1572650
7 JUN 2007,104.25,104.25,104.25,104.25,2,200,20850
6 JUN 2007,104.25,104.25,104.25,104.25,4,12000,1251000
5 JUN 2007,104.25,104.25,104.25,104.25,1,500,52125
4 JUN 2007,104,104.5,104,104.25,6,2300,239575
1 JUN 2007,103.25,106,103,104.25,6,3300,343775
30 MAY 2007,103,103,103,103,2,600,61800
29 MAY 2007,103,103,100,103,9,6600,678300
28 MAY 2007,104,104,104,104,8,11000,1144000
25 MAY 2007,104,108,103.75,104.5,25,27200,2840350
24 MAY 2007,103,103,103,103,1,200,20600
23 MAY 2007,104.5,104.5,104,104.25,7,1800,187600
22 MAY 2007,106,106,105,105,10,2300,242800
21 MAY 2007,105,106,105,106,3,8400,883000
18 MAY 2007,102.25,104,102,103.75,6,3400,349700
17 MAY 2007,102,105,100,101,44,41700,4226975
16 MAY 2007,103,103,103,103,14,10000,1030000
15 MAY 2007,103.25,103.25,103.25,103.25,18,7800,805350
14 MAY 2007,103,103.25,103,103,10,15900,1637950
11 MAY 2007,103.25,103.25,103,103,7,3300,340150
10 MAY 2007,103.5,106,103.5,104.5,4,1900,197050
9 MAY 2007,103,103.25,103,103.25,8,5700,588100
8 MAY 2007,107,107,102,103,11,8100,842300
7 MAY 2007,108,108,107.25,107.25,3,800,86175
4 MAY 2007,108,108,108,108,7,5000,540000
3 MAY 2007,109,109,109,109,3,3500,381500
30 APR 2007,110,110,109,109,8,2200,240500
27 APR 2007,108,112,108,112,7,5700,626200
26 APR 2007,110,110,110,110,4,2000,220000
25 APR 2007,110,110,110,110,1,100,11000
24 APR 2007,114,114,112,112,3,2200,246800
23 APR 2007,112,114,111,113.25,10,2700,302600
20 APR 2007,111.5,112,111.5,112,5,3000,335600
19 APR 2007,112,112,111.5,111.5,8,3200,357900
17 APR 2007,111,114.5,110,111.5,12,7700,859600
16 APR 2007,111,111,111,111,3,3300,366300
11 APR 2007,111,111.5,108,109.5,24,13400,1481400
10 APR 2007,110,110,110,110,3,400,44000
9 APR 2007,110,110,110,110,3,500,55000
5 APR 2007,109,110,109,109,4,6600,719500
4 APR 2007,108.25,109,108.25,108.5,5,3400,368575
3 APR 2007,108,108,108,108,1,100,10800
30 MAR 2007,107.25,107.25,107,107,3,1200,128575
29 MAR 2007,107,107.25,107,107.25,6,2900,310650
28 MAR 2007,108.25,108.25,107,107,13,37000,3962375
27 MAR 2007,108.25,108.25,108.25,108.25,1,2400,259800
23 MAR 2007,110,110,110,110,10,2100,231000
22 MAR 2007,112,112,110,110,32,67800,7487025
21 MAR 2007,111.5,111.5,110,110.75,7,11100,1229700
20 MAR 2007,112,114,112,112,8,3800,425800
16 MAR 2007,105.5,110,105.5,109.25,3,800,86650
15 MAR 2007,105.5,108.5,103,105.5,18,12800,1338200
13 MAR 2007,116,116,112,113.75,9,1600,182475
12 MAR 2007,119,119,117,117.5,10,6500,770000
9 MAR 2007,118,120,118,118,8,4400,520600
8 MAR 2007,122,122,117,117,13,5800,690800
7 MAR 2007,122,124.5,120,122.75,14,21500,2666775
6 MAR 2007,122.5,122.5,122.5,122.5,1,200,24500
5 MAR 2007,125,125.75,123,123.25,6,3300,407300
2 MAR 2007,123.75,125.75,123.75,125,15,8700,1084750
1 MAR 2007,124,124,123.75,124,13,5900,731100
28 FEB 2007,125.25,126,123,123.25,30,24900,3109000
27 FEB 2007,125.5,125.5,125,125.25,21,13200,1654975
26 FEB 2007,127.5,127.5,125,125.25,33,32200,4037975
23 FEB 2007,130,130,128.75,129,22,7800,1009300
22 FEB 2007,130,130,129,129.25,31,14600,1896725
21 FEB 2007,130,134,129.5,131.25,88,42300,5538975
20 FEB 2007,126,130,126,130,225,1022900,128490650
19 FEB 2007,122,125.5,122,125,115,3012100,376293225
15 FEB 2007,122,122,120,120.25,16,10600,1279200
14 FEB 2007,122,122.25,122,122,40,105500,12871875
13 FEB 2007,122,122.75,121.25,122,42,231600,28654900
12 FEB 2007,120,120.25,120,120.25,27,567400,68118550
9 FEB 2007,122,122.5,120.25,121.75,7,8200,991600
8 FEB 2007,123,123,121,121.5,31,68200,8313450
7 FEB 2007,125,125,123,123.25,20,115500,14124300
6 FEB 2007,124,125.75,123.25,124.5,53,35500,4425950
2 FEB 2007,121,124,121,123,18,8600,1054900
31 JAN 2007,119,120,119,119.75,11,2600,311225
30 JAN 2007,118.5,119,118,119,6,1600,190175
29 JAN 2007,121,122.25,119,119.25,25,15000,1812325
26 JAN 2007,122.25,123,120,121,24,26200,3163850
25 JAN 2007,125.25,127,122,122.25,111,126700,15786675
24 JAN 2007,114.5,126,114.5,124.75,156,280900,34528150
23 JAN 2007,115,118,113.5,118,72,141600,16620050
22 JAN 2007,114,114,113,113.5,14,8500,964975
19 JAN 2007,112,118,112,113.75,46,74600,8448200
18 JAN 2007,110.25,112.5,110.25,111,26,10200,1133850
17 JAN 2007,111,112,110,110,16,23400,2576300
16 JAN 2007,110,110.5,110,110.5,27,10900,1202275
12 JAN 2007,108.5,110,108.5,109.5,6,2300,252675
11 JAN 2007,110,110,109,109,7,3200,351850
10 JAN 2007,109.5,109.5,109,109,3,700,76350
9 JAN 2007,109.75,110,109.75,109.75,11,2100,230500
8 JAN 2007,109,110,109,110,15,17300,1899000
5 JAN 2007,110,110.5,109.25,110,17,31200,3431675
4 JAN 2007,110,110,109.75,110,10,10100,1110350
2 JAN 2007,109.75,110,109,109.75,35,48800,5362350
29 DEC 2006,107,110,107,108.25,25,14600,1576300
28 DEC 2006,106.75,108,106.25,107,14,85200,9118125
27 DEC 2006,107.25,107.5,105.75,107,6,2100,224600
22 DEC 2006,106,108.5,106,108.5,8,7300,784800
21 DEC 2006,104,107,104,106.25,20,133500,13768900
20 DEC 2006,105,105,105,105,3,2000,210000
19 DEC 2006,103,103.25,103,103,3,700,72125
18 DEC 2006,107.5,107.5,103,103,2,900,93150
15 DEC 2006,109,109,100,104.5,222,299800,30429175
14 DEC 2006,109.75,109.75,108,108.75,6,1700,185575
13 DEC 2006,109.75,110,109.75,110,3,1800,197875
12 DEC 2006,110,110,110,110,23,8800,968000
11 DEC 2006,110,110,109.5,110,9,9600,1055650
8 DEC 2006,110,110.75,110,110,42,53000,5830525
7 DEC 2006,110.25,110.25,110,110.25,16,11900,1310850
6 DEC 2006,110,110.5,109,109.75,22,12100,1327825
5 DEC 2006,110,110,109,109.25,16,12100,1324900
1 DEC 2006,111,112.25,111,112,16,105200,11777100
30 NOV 2006,112,112,110,110,10,7400,820350
29 NOV 2006,110,112,110,112,7,10400,1155775
28 NOV 2006,110,112,110,111.75,10,12700,1417600
27 NOV 2006,110.5,110.5,110.25,110.25,5,2000,220525
24 NOV 2006,111,111.5,110.5,111.5,14,18700,2076500
23 NOV 2006,111,111.5,111,111,16,11700,1298800
22 NOV 2006,110,111,110,110.25,12,9100,1001350
21 NOV 2006,110,110,110,110,4,1200,132000
20 NOV 2006,110,110,109.75,110,14,20500,2254950
17 NOV 2006,110,111,110,110,20,351100,39241150
16 NOV 2006,110,110,109,109.25,15,8300,911700
15 NOV 2006,109,110,108,108.5,19,31200,3390000
14 NOV 2006,110,110,109.5,110,20,18600,2045450
13 NOV 2006,108.25,109,108.25,109,7,1000,108700
10 NOV 2006,108.25,108.25,108.25,108.25,3,5400,584550
9 NOV 2006,110,112,108,110,26,60700,6687000
8 NOV 2006,110,111,105.5,110,23,16900,1850100
7 NOV 2006,111,111,110,111,28,38700,4286650
6 NOV 2006,114,114,111,111.75,16,12600,1420225
3 NOV 2006,112,115,112,114.25,40,25600,2905750
2 NOV 2006,111.75,112,110,111,9,16000,1774700
1 NOV 2006,112,112.5,110.25,112,9,5100,572225
31 OCT 2006,114.5,114.5,110.25,111,11,1900,211825
30 OCT 2006,110.5,112.5,110,111.75,11,3300,367750
27 OCT 2006,113,113.25,113,113,9,5300,598925
26 OCT 2006,117,117,113,113.5,28,11400,1310450
25 OCT 2006,115,117.25,114,117,65,84400,9739325
23 OCT 2006,113.75,115.5,111,111.75,58,62100,7038825
20 OCT 2006,113,113,110,112.75,18,7900,885250
19 OCT 2006,112,114.75,112,113.25,25,33900,3837200
18 OCT 2006,109,115,109,114.5,57,46200,5141850
17 OCT 2006,109,113,109,110,36,53400,5909425
16 OCT 2006,112,115,110,110.75,66,31000,3494550
13 OCT 2006,106.75,112,106.75,109.75,139,85000,9309175
12 OCT 2006,103.5,107,103,105.25,47,22600,2375175
11 OCT 2006,97,105.5,96.25,103.5,172,188200,19372475
10 OCT 2006,97,97,96,97,15,6700,647600
9 OCT 2006,96.75,96.75,95.5,96.25,17,23700,2277900
5 OCT 2006,96.5,96.5,94,96,31,22100,2121375
4 OCT 2006,95,95,94.5,95,12,4100,389450
3 OCT 2006,93,94.5,92.25,93,7,2600,241925
2 OCT 2006,92.25,95.75,92,94,15,22300,2092650
29 SEP 2006,93.5,95,92,94.25,37,41100,3863500
28 SEP 2006,92,93.5,92,92.5,28,21700,2004675
27 SEP 2006,90.25,91,90,91,8,8800,800400
26 SEP 2006,90.25,91.75,90.25,91,7,14600,1327725
25 SEP 2006,91,91.75,90,91,14,14800,1345925
22 SEP 2006,90.5,91,90.5,90.75,4,1400,126850
21 SEP 2006,91,91,90.25,90.25,5,1800,162775
20 SEP 2006,88,93.75,88,93,67,138400,12774125
19 SEP 2006,87.25,89,87.25,88,8,3800,333100
18 SEP 2006,86.5,90,86.5,88.25,15,12100,1075075
15 SEP 2006,88,89,86.5,89,9,4000,351800
14 SEP 2006,90,90,88.75,89.75,10,2500,224225
13 SEP 2006,86,90,86,89.75,40,27500,2466725
12 SEP 2006,84,85,84,84.75,9,1600,135100
11 SEP 2006,83.5,84,83.5,84,6,2000,167750
8 SEP 2006,83.5,83.5,83.5,83.5,7,6100,509350
6 SEP 2006,83.5,83.5,83,83.5,4,400,33350
5 SEP 2006,83.75,84.5,83.5,83.5,6,6000,501425
4 SEP 2006,84,84,83,83.75,5,1100,92100
1 SEP 2006,83,83,83,83,3,1000,83000
31 AUG 2006,84.5,84.5,82,82.5,6,800,66600
30 AUG 2006,83,83,83,83,1,100,8300
29 AUG 2006,82,83,82,82.25,2,600,49300
28 AUG 2006,81.25,81.25,81.25,81.25,1,100,8125
25 AUG 2006,81.5,83,81,81.5,7,2600,214550
23 AUG 2006,81,85,81,81.5,9,3500,286700
21 AUG 2006,81.5,81.5,81,81,4,1500,121625
18 AUG 2006,81,81,81,81,2,200,16200
17 AUG 2006,82,83,81.5,83,7,2700,220900
16 AUG 2006,82,82,82,82,1,100,8200
15 AUG 2006,81,81,81,81,2,200,16200
11 AUG 2006,81,81,80.25,80.5,3,300,24150
10 AUG 2006,82,82,82,82,4,1800,147600
4 AUG 2006,84.25,84.25,84.25,84.25,1,500,42125
3 AUG 2006,84,85,84,84.25,4,4300,361750
1 AUG 2006,84,88,80,84.5,19,15900,1293950
31 JUL 2006,85,85,84.5,84.75,5,700,59400
28 JUL 2006,84,84,84,84,1,500,42000
27 JUL 2006,85,87,85,86.5,4,500,43200
26 JUL 2006,83.25,86,83.25,85,8,4600,390875
24 JUL 2006,85,85,83,85,11,6100,517875
21 JUL 2006,82,85,82,85,4,1500,123900
20 JUL 2006,82,82,82,82,1,100,8200
18 JUL 2006,80.5,80.5,80.5,80.5,1,200,16100
17 JUL 2006,81,81,81,81,5,2500,202500
13 JUL 2006,80.5,81,80,81,15,13600,1099500
12 JUL 2006,80,80.25,80,80,6,2800,224200
11 JUL 2006,80.75,80.75,80,80,6,3500,281425
7 JUL 2006,80.5,80.75,80.25,80.5,6,2100,169125
6 JUL 2006,80.5,81,80.5,80.75,3,300,24200
5 JUL 2006,80.25,80.25,80,80.25,2,700,56125
4 JUL 2006,80,80,80,80,1,200,16000
3 JUL 2006,80,80.25,80,80,3,500,40025
30 JUN 2006,80.25,80.25,80.25,80.25,1,100,8025
29 JUN 2006,80,80,80,80,2,300,24000
28 JUN 2006,80,80.25,80,80.25,2,2400,192375
27 JUN 2006,80,80,80,80,15,7400,592000
26 JUN 2006,80,80,80,80,9,4400,352000
23 JUN 2006,80,80,80,80,10,3900,312000
22 JUN 2006,80,80,80,80,3,2800,224000
21 JUN 2006,79,80,79,80,3,12300,983400
20 JUN 2006,79,80,78,78.5,9,6400,510800
19 JUN 2006,80,80,80,80,2,700,56000
16 JUN 2006,80,80,80,80,1,100,8000
15 JUN 2006,81.5,81.5,81,81,3,500,40650
14 JUN 2006,81,82.5,81,82.5,5,75900,6260650
13 JUN 2006,82,82,82,82,2,200200,16516400
12 JUN 2006,80.5,81,80.5,81,3,1200,97050
9 JUN 2006,80.5,80.5,80.5,80.5,1,1000,80500
8 JUN 2006,81,81,81,81,3,600,48600
7 JUN 2006,81,81,81,81,5,1100,89100
6 JUN 2006,82,82,80.25,80.5,5,3600,292025
2 JUN 2006,80.75,80.75,80.25,80.5,3,400,32200
1 JUN 2006,82.75,82.75,82.75,82.75,3,600,49650
30 MAY 2006,82,82,80,80.25,5,600,48350
29 MAY 2006,82.25,82.25,82.25,82.25,1,100,8225
26 MAY 2006,82.5,85,82.5,84,7,2900,239700
25 MAY 2006,81.5,82,81.5,81.75,2,1500,122750
24 MAY 2006,82.5,83,82,83,5,2200,181350
23 MAY 2006,83,83,82,82.5,4,600,49500
19 MAY 2006,81.5,83,81.5,83,4,7700,634450
18 MAY 2006,82,82,80,82,6,1200,96800
17 MAY 2006,82,83,82,83,5,900,74600
16 MAY 2006,83,83,82,82,3,400,32925
15 MAY 2006,84,84,82,82,11,4600,382400
10 MAY 2006,85,85.5,85,85.5,5,1800,153400
9 MAY 2006,86,86,85,85.5,5,2200,188000
8 MAY 2006,86.75,86.75,86,86,8,10700,926700
5 MAY 2006,86,90,86,89.75,10,4400,393175
4 MAY 2006,87,88,87,88,5,2900,254900
3 MAY 2006,88,90,88,89.75,6,7200,646000
2 MAY 2006,87,90,87,89.5,19,11500,1027900
28 APR 2006,85,87,85,86.75,2,600,52000
27 APR 2006,84.5,85,84,85,15,12900,1096200
26 APR 2006,85,85,83,83,15,10800,911800
25 APR 2006,87,87,85,85.5,12,8400,718800
24 APR 2006,85,87,85,87,5,3600,307200
21 APR 2006,85.25,85.25,85,85,8,4900,416525
20 APR 2006,87,87,85,85.25,12,6500,555500
19 APR 2006,87,87,87,87,7,1000,87000
18 APR 2006,86,88,86,88,8,2900,254000
17 APR 2006,87,88,87,87,14,12600,1096325
10 APR 2006,89,93,89,92.75,25,17600,1595575
7 APR 2006,87,88.5,87,87.5,8,7700,673100
6 APR 2006,87,87.75,87,87.75,11,9300,814725
5 APR 2006,87,88.5,87,88,14,6500,572050
4 APR 2006,86,87,86,87,3,1300,111900
3 APR 2006,85,86,85,86,10,54200,4657600
31 MAR 2006,86,86,85,85.25,3,1700,144875
30 MAR 2006,86,86,86,86,1,100,8600
29 MAR 2006,86.75,87,86.5,86.5,12,7800,675375
28 MAR 2006,86,86.75,86,86.75,5,4500,389575
27 MAR 2006,86.25,87.75,86.25,86.5,21,27900,2410725
24 MAR 2006,85.5,86.5,85.5,86.5,5,282900,24470475
23 MAR 2006,88,88,86.5,86.5,6,2400,210875
22 MAR 2006,86.5,88,86.5,87.75,19,10600,920425
21 MAR 2006,86,86.75,86,86.5,7,3400,293975
20 MAR 2006,85.75,85.75,85.25,85.25,13,21800,1864250
17 MAR 2006,85,86,85,85.75,4,400,34200
16 MAR 2006,86.25,86.25,86,86,4,1000,86050
15 MAR 2006,87.25,87.25,86.5,86.5,3,2500,216575
13 MAR 2006,88,88,88,88,2,600,52800
10 MAR 2006,88,88,86,87.25,7,2300,200600
9 MAR 2006,90,90,87,89,15,4200,372200
8 MAR 2006,88,89,88,89,23,8700,770675
7 MAR 2006,88,88,87,87,2,900,79100
6 MAR 2006,87,87,87,87,1,200,17400
3 MAR 2006,86,88,86,87.25,10,4700,407950
2 MAR 2006,85.25,85.25,85,85,13,12000,1020500
1 MAR 2006,85.5,87,85.25,86,8,4100,350850
28 FEB 2006,85.5,85.5,85.5,85.5,1,200,17100
27 FEB 2006,87.75,87.75,85,85.75,17,16300,1418050
24 FEB 2006,86,87.75,86,87.75,4,1000,87050
23 FEB 2006,86.5,87.75,85.25,87.5,8,1500,130075
22 FEB 2006,85.25,86,85.25,85.75,3,400,34325
21 FEB 2006,86,86,86,86,1,100,8600
20 FEB 2006,86,86,86,86,1,300,25800
16 FEB 2006,87.75,87.75,86.25,86.5,7,2000,173250
15 FEB 2006,86.75,86.75,86.5,86.75,3,700,60675
13 FEB 2006,85,88.75,85,88.75,10,8100,712250
10 FEB 2006,85,85,85,85,3,400,34000
8 FEB 2006,87,88,85,86.75,9,6800,590850
7 FEB 2006,89,89,88,88,9,2500,221000
6 FEB 2006,86,87,86,87,7,1600,138800
2 FEB 2006,88.25,88.5,88.25,88.5,5,2000,176975
1 FEB 2006,88,88.5,87,88.5,8,4000,350950
31 JAN 2006,88,88,87,88,6,2100,184700
30 JAN 2006,88,88,87.5,87.75,7,4100,360250
27 JAN 2006,88.75,89,88,88,15,35900,3187250
26 JAN 2006,86.5,90,86,89.5,38,33200,2914050
25 JAN 2006,83,84,83,84,2,400,33400
24 JAN 2006,83,83,83,83,5,1100,91300
23 JAN 2006,85.5,85.5,85.5,85.5,1,100,8550
20 JAN 2006,82,85,82,84,4,12200,1004700
19 JAN 2006,80,80,80,80,8,5100,408000
18 JAN 2006,80,80,80,80,1,100,8000
17 JAN 2006,82,82,80,80.5,5,15200,1246000
16 JAN 2006,82,82,82,82,1,100,8200
10 JAN 2006,82.75,85,82.75,85,6,104900,8915775
9 JAN 2006,81.25,82.75,81.25,82.75,8,1900,156825
6 JAN 2006,80.5,83,80.5,83,3,600,49300
5 JAN 2006,85,85,84,85,11,103900,8831100
4 JAN 2006,86,86.5,85,86.25,8,1800,155075
3 JAN 2006,90,90,87,87,3,400,35700
2 JAN 2006,86,90,86,88.5,7,1600,141225
30 DEC 2005,85,90,85,90,10,1700,145500
29 DEC 2005,85,85,82.25,84,10,3000,252925
28 DEC 2005,76.25,84.5,76,82,13,4400,347375
27 DEC 2005,85.5,85.5,82,82,7,1800,151425
23 DEC 2005,88,88,87.5,87.5,3,300,26350
22 DEC 2005,89.75,89.75,88,88,5,700,62025
21 DEC 2005,89,90,87.5,90,11,1900,169425
20 DEC 2005,93,93,90,90,9,6800,612325
19 DEC 2005,93,93,92.25,92.75,6,600,55725
16 DEC 2005,94.5,94.5,94,94,4,600,56550
14 DEC 2005,94.5,94.5,94.5,94.5,2,200,18900
13 DEC 2005,99.5,99.5,96,96,5,1600,154950
12 DEC 2005,98,99.5,98,99.5,13,3700,363675
9 DEC 2005,96,97,96,97,4,1700,164775
8 DEC 2005,90,93,90,93,7,1800,163175
7 DEC 2005,91.25,93,90,91,16,7400,674525
6 DEC 2005,92.25,93,90.25,90.25,23,18900,1734025
5 DEC 2005,98,98,96,96.75,7,1400,135450
2 DEC 2005,100,100.25,98.5,100,6,1300,129875
30 NOV 2005,101,101,101,101,4,1300,131300
29 NOV 2005,104,104.5,101,101,8,2300,239350
28 NOV 2005,100.25,104.5,100,104.5,18,13500,1353350
25 NOV 2005,97,100,97,98.25,15,4000,388900
24 NOV 2005,100,100,99.75,99.75,5,1600,159975
23 NOV 2005,100,105,100,100.5,5,1600,166825
22 NOV 2005,99,100,98,99.25,4,6200,614600
21 NOV 2005,100,100,98,98.5,49,51400,5110575
18 NOV 2005,106.25,106.25,95,103.75,48,44600,4460125
17 NOV 2005,105,110,105,109.5,14,4001000,420132950
16 NOV 2005,108.5,112,108,111.5,66,79000,8718975
14 NOV 2005,108,109,108,108.5,32,17400,1881950
11 NOV 2005,106,110,106,109,7,900,98100
10 NOV 2005,105.5,105.5,105.5,105.5,1,300,31650
9 NOV 2005,104.75,112,104.75,110,135,3960700,435608600
8 NOV 2005,105.25,107.25,100,103,41,102300,10326025
7 NOV 2005,105,105,105,105,8,8500,892500
3 NOV 2005,104.75,106,104.75,104.75,12,5300,557450
2 NOV 2005,103,105,103,104.5,8,2400,249900
31 OCT 2005,105,105,104,104.5,7,1600,167225
28 OCT 2005,104,105.5,104,105,16,17100,1794150
27 OCT 2005,100.25,105,100.25,104.75,33,92300,9535625
26 OCT 2005,100,100,100,100,1,100,10000
25 OCT 2005,104,105,100,104,8,7700,799500
24 OCT 2005,104.5,104.5,104.5,104.5,3,1100,114950
21 OCT 2005,103,104.75,103,103.25,4,2300,237250
20 OCT 2005,104,104,101.25,103.75,12,8600,882850
19 OCT 2005,104,104.25,103.25,104,11,4200,436750
18 OCT 2005,105,105,105,105,5,2700,283500
14 OCT 2005,105,105,100,105,25,58400,5961575
13 OCT 2005,105,106,101.5,103.5,14,34400,3639075
12 OCT 2005,106,106,105,106,26,33800,3581325
11 OCT 2005,106,106.5,101,104,10,15000,1587350
10 OCT 2005,108,108,96.5,104.25,13,8800,928100
7 OCT 2005,106,108,106,107.25,31,252100,27222625
6 OCT 2005,108,108,106,106,5,2600,276725
5 OCT 2005,109.5,110,108,108.75,23,13800,1506825
4 OCT 2005,109.5,114,107,108.75,52,109400,12035250
3 OCT 2005,106,110,106,108.5,28,21900,2396650
30 SEP 2005,107,107,105.75,106,9,1900,202550
29 SEP 2005,105.5,106,104,105.25,5,4200,442250
28 SEP 2005,103,110,103,107.5,58,43300,4563275
27 SEP 2005,103,103,101,103,32,30100,3081475
26 SEP 2005,103,103,100,100,18,15300,1554950
23 SEP 2005,103,103,100,101,15,7400,743150
22 SEP 2005,99,104,99,100.25,56,42800,4284875
21 SEP 2005,98,98,98,98,8,3800,372400
20 SEP 2005,98,98,96.5,97.75,4,1300,127100
19 SEP 2005,98,100,98,98.25,44,25400,2530900
16 SEP 2005,96,96,96,96,2,1200,115200
15 SEP 2005,98,98,95.5,97.25,5,1800,176150
14 SEP 2005,96,99,96,96,11,3200,310300
13 SEP 2005,95,96,95,95.25,10,2200,209200
9 SEP 2005,95.5,95.5,95,95.5,7,1700,162200
8 SEP 2005,95.25,95.25,95,95,11,20800,1976150
7 SEP 2005,95,96,95,95.25,7,1000,95550
6 SEP 2005,95,96.5,95,95,8,11100,1054950
5 SEP 2005,95,95,95,95,14,12300,1168500
2 SEP 2005,95,95,95,95,29,43900,4170500
1 SEP 2005,95,96,95,95,13,8200,784600
31 AUG 2005,95,95,95,95,7,3800,361000
30 AUG 2005,95,95,95,95,14,12100,1149500
29 AUG 2005,93,95,93,95,6,3200,303000
26 AUG 2005,95,96.5,92.75,95.75,17,7900,751625
25 AUG 2005,92.75,95,92.75,95,19,19000,1803875
24 AUG 2005,95,95,94.5,95,11,6100,579450
22 AUG 2005,95,95,94,95,15,14200,1348900
18 AUG 2005,95,95,94.75,95,9,3200,303975
17 AUG 2005,94,95,94,95,17,76400,7256100
16 AUG 2005,94,94,94,94,3,700,65800
15 AUG 2005,92,95,92,94,14,5300,492750
12 AUG 2005,95,95,94,94,9,23000,2179500
11 AUG 2005,95,95,95,95,9,5200,494000
10 AUG 2005,95,95,93,95,6,11300,1072500
9 AUG 2005,95,95,95,95,2,700,66500
8 AUG 2005,95,95,95,95,6,3400,323000
5 AUG 2005,91,99.75,91,99.5,41,2820400,281944025
4 AUG 2005,95,95,92,92.75,11,2100,197150
3 AUG 2005,90,100,90,97,92,497100,47340250
2 AUG 2005,86.5,87.75,86.5,87.5,6,700,60725
1 AUG 2005,86,86.5,86,86.5,4,1200,103750
29 JUL 2005,86,86.25,86,86.25,7,1200,103250
27 JUL 2005,86,86,85.25,85.25,3,400,34175
26 JUL 2005,85,90,85,90,28,202000,18162175
25 JUL 2005,87.75,87.75,85,85,10,6400,545200
22 JUL 2005,85.5,87.75,85,87.75,14,4900,418075
20 JUL 2005,85,85.5,85,85.5,4,600,51200
19 JUL 2005,85,85.25,85,85.25,5,9300,792675
18 JUL 2005,85,85.25,85,85.25,4,1400,119025
15 JUL 2005,86,87,86,87,4,145200,12632300
14 JUL 2005,85,85.5,85,85.25,10,2800,238575
12 JUL 2005,85,85,85,85,12,5900,501500
11 JUL 2005,87,87,87,87,2,300,26100
8 JUL 2005,85,85,85,85,2,2000,170000
6 JUL 2005,90,90,85,86.25,6,4100,360500
5 JUL 2005,89.75,90,89.75,90,10,18300,1646875
4 JUL 2005,85,90.25,85,90.25,96,494600,44523750
1 JUL 2005,84.75,90,84.75,85,40,870800,78334925
30 JUN 2005,82,84.5,82,84.5,10,4200,352300
29 JUN 2005,82,82,82,82,8,1900,155800
28 JUN 2005,83,83,81,81.75,11,6700,548850
27 JUN 2005,84.75,85,83,83,6,2200,184575
24 JUN 2005,85,85,80.5,85,11,3200,270700
23 JUN 2005,85,85,85,85,1,100,8500
22 JUN 2005,85,87,85,87,5,1400,119200
20 JUN 2005,86,86,84,86,10,8500,730000
17 JUN 2005,85,85,85,85,4,3600,306000
16 JUN 2005,85,85,85,85,2,1200,102000
14 JUN 2005,85,85,85,85,2,700,59500
13 JUN 2005,85,85,80,80.5,7,2200,182600
10 JUN 2005,85,85,84,85,30,99300,8440000
9 JUN 2005,85.5,85.5,83.25,85,14,35300,2981325
8 JUN 2005,87,87,82,85.5,14,11900,1022775
7 JUN 2005,87,88,87,87.25,11,177200,15928100
6 JUN 2005,90,90,88,88,9,1556700,140090500
3 JUN 2005,88,91,88,90.75,18,9600,858275
2 JUN 2005,85,86,85,86,5,1500,128800
1 JUN 2005,88,88,85,86,5,10300,905800
31 MAY 2005,89,92,89,92,13,73900,6790900
30 MAY 2005,90,90,90,90,6,114300,10623000
27 MAY 2005,90,90,89.75,90,10,3300,296575
26 MAY 2005,90,90.25,90,90,11,5000,450325
25 MAY 2005,96.5,96.5,94.75,95,4,1800,171500
20 MAY 2005,96.5,98.5,96,97.5,34,142900,14172600
19 MAY 2005,91,100,90,97.25,209,678900,64528625
18 MAY 2005,81,90,81,89.75,123,677000,60330775
17 MAY 2005,80.25,81.5,80.25,81,16,6300,510425
16 MAY 2005,80,80.25,80,80.25,16,17700,1418650
13 MAY 2005,79,84,79,83.75,33,23200,1844625
12 MAY 2005,77.5,77.5,76,76.5,6,900,69100
11 MAY 2005,77.25,78,77,77,15,10600,818675
10 MAY 2005,76,77,76,77,3,1300,99800
9 MAY 2005,79,79,76,76,6,2600,204200
6 MAY 2005,77.25,79,77.25,79,19,14300,1122725
5 MAY 2005,77,78,77,77,5,4000,309050
4 MAY 2005,75.5,77,75.5,77,20,9600,735250
3 MAY 2005,75.25,76,75,75.75,10,12600,949575
29 APR 2005,75.25,75.25,75.25,75.25,1,200,15050
28 APR 2005,75.25,76,75,75,17,28800,2166125
27 APR 2005,75.5,75.5,75,75.25,9,25700,1931500
26 APR 2005,75.5,75.5,75.5,75.5,5,1200,90600
25 APR 2005,75,75.5,75,75.5,6,2500,188650
21 APR 2005,75,75.5,75,75.25,16,9800,736625
20 APR 2005,75.25,75.5,75,75.5,4,6300,475550
19 APR 2005,75,75.75,75,75.25,14,11200,840075
18 APR 2005,75,75.25,75,75,24,25000,1875025
15 APR 2005,76.25,76.25,75,75,3,2000,150325
12 APR 2005,74.5,76,74.5,76,10,8000,606875
11 APR 2005,75,75,75,75,2,1000,75000
8 APR 2005,75.25,76,75,75.75,12,7000,527350
7 APR 2005,76.25,76.25,75,76,11,11000,834050
6 APR 2005,76.5,76.5,76.25,76.25,9,3200,244525
5 APR 2005,76.5,76.5,76,76.5,17,23100,1764675
4 APR 2005,76.5,76.5,76,76,23,21600,1644425
1 APR 2005,76,76.5,74,76,37,37100,2799400
31 MAR 2005,75.25,76,75,75.5,22,23100,1751125
30 MAR 2005,74.75,76.5,74.75,76,18,9000,677725
29 MAR 2005,73,76,73,74.75,39,24900,1857350
28 MAR 2005,72,72,72,72,17,10900,784800
24 MAR 2005,70,71.5,70,71.5,6,3000,213450
23 MAR 2005,71,71,71,71,6,8800,624800
22 MAR 2005,70.5,71,70.5,71,13,12800,908150
21 MAR 2005,70.25,70.25,70.25,70.25,1,100,7025
18 MAR 2005,70.25,70.25,70.25,70.25,5,1200,84300
17 MAR 2005,71.5,71.5,71,71,6,1400,99450
16 MAR 2005,71,72,71,71,9,3100,220475
15 MAR 2005,71,71,70.5,71,4,2100,148750
14 MAR 2005,71,72.5,71,71,14,28600,2033950
11 MAR 2005,70.5,70.75,70.5,70.75,3,1200,84750
10 MAR 2005,71,71,70.5,70.5,4,1700,120200
9 MAR 2005,71,71,70.5,70.75,10,4800,339600
7 MAR 2005,70.5,71.5,70.5,71.5,3,500,35350
4 MAR 2005,71,71,71,71,1,400,28400
3 MAR 2005,70,71,70,70.5,11,4200,296200
2 MAR 2005,70,71,70,70.25,6,3500,245725
1 MAR 2005,72,72,71,71,4,1400,99500
28 FEB 2005,71.5,72,71.5,72,10,3500,251400
25 FEB 2005,73,73,72,72,10,12700,925650
22 FEB 2005,75,75,72,75,26,19100,1429225
21 FEB 2005,74,75,74,75,7,2500,187000
18 FEB 2005,74.25,75.25,74,74.75,40,81100,6071825
17 FEB 2005,74,75,74,74.25,38,169000,12530300
16 FEB 2005,74.5,74.5,74,74,3,10100,747450
15 FEB 2005,73.5,75,73.5,75,20,65300,4893900
14 FEB 2005,75.75,75.75,73.5,75,7,2800,206900
11 FEB 2005,74.5,78,74.5,76,57,513800,39064575
10 FEB 2005,73,74.5,73,74.25,74,69900,5166525
9 FEB 2005,74,74,70,70.75,38,55100,3914525
8 FEB 2005,75,76,74,74.75,31,27300,2034925
7 FEB 2005,70,75,70,74,18,8000,572300
3 FEB 2005,69.5,70.25,69.5,70,13,3100,216525
2 FEB 2005,69,69,69,69,11,7300,503700
1 FEB 2005,68,69,68,69,7,4600,317075
31 JAN 2005,68.75,68.75,68.75,68.75,4,2800,192500
28 JAN 2005,68,69.5,68,69,4,1700,117500
27 JAN 2005,68,69,68,68.5,10,2400,164900
26 JAN 2005,67.5,67.5,67.5,67.5,1,600,40500
25 JAN 2005,68,68,66,66,7,1200,80800
20 JAN 2005,67,69,67,69,25,9500,650850
19 JAN 2005,62.25,66,62.25,64.5,9,4000,255050
18 JAN 2005,62.25,62.75,62.25,62.25,3,2500,155675
17 JAN 2005,62.25,62.25,62.25,62.25,1,200,12450
13 JAN 2005,61.5,63,61.25,62.5,17,16200,1004025
12 JAN 2005,62,62,61.75,61.75,4,1300,80525
11 JAN 2005,62,62,62,62,5,2500,155000
10 JAN 2005,61.5,63,61.5,62.5,10,4900,304850
7 JAN 2005,61.5,61.5,61.25,61.5,5,2000,122950
6 JAN 2005,61.75,61.75,61.5,61.75,2,300,18500
5 JAN 2005,62.5,62.5,61,61,18,6400,391100
4 JAN 2005,61,62.75,61,62.75,10,1500,93075
3 JAN 2005,62.75,62.75,61,62.25,10,5100,317750
31 DEC 2004,63.5,63.5,60.25,62.75,22,15800,993375
30 DEC 2004,65,65,63.5,64.75,5,2700,175350
23 DEC 2004,67,67,64,65,15,8000,529725
22 DEC 2004,67.25,67.25,67.25,67.25,2,200,13450
21 DEC 2004,66.25,68.5,66.25,67.25,7,2500,168025
20 DEC 2004,69,69.5,69,69.25,15,12200,843350
17 DEC 2004,69.25,69.5,69,69,11,5200,359425
16 DEC 2004,69.75,69.75,69.5,69.5,16,13900,969275
15 DEC 2004,69.75,69.75,69.5,69.5,2,3000,208750
14 DEC 2004,69,70.5,69,70,14,6500,454950
13 DEC 2004,68,69,68,69,5,1400,95700
10 DEC 2004,70,70,68,68,7,1900,130925
9 DEC 2004,70,70,70,70,16,3000,210000
8 DEC 2004,65.5,69,65,69,6,1300,85925
7 DEC 2004,71,72,71,72,11,1900,136000
6 DEC 2004,70.75,70.75,70.25,70.5,9,2100,147950
3 DEC 2004,70.5,70.5,70.5,70.5,2,200,14100
2 DEC 2004,70.5,70.5,70.5,70.5,5,1600,112800
1 DEC 2004,70,71,70,70.25,2,300,21100
30 NOV 2004,69.75,69.75,69.5,69.5,2,1000,69525
29 NOV 2004,69,70,69,69.75,5,800,55800
24 NOV 2004,69,70,68,69.5,4,1300,90100
23 NOV 2004,72,72,70,70,6,900,63650
19 NOV 2004,72,72.25,72,72,4,900,64875
17 NOV 2004,73,73,73,73,3,2500,182500
16 NOV 2004,73,73,73,73,1,100,7300
15 NOV 2004,80,80,73,73,6,5100,393425
12 NOV 2004,75,75,74,74,4,1300,96300
9 NOV 2004,75,75,74,75,11,4500,337000
8 NOV 2004,79,79,75,75.5,10,4200,318000
5 NOV 2004,80.25,80.25,80,80,17,3800,304075
4 NOV 2004,82,82,80.5,80.5,10,2700,219900
3 NOV 2004,83,84.5,82,82,9,1800,149625
2 NOV 2004,83.5,83.5,82,82,8,2300,191000
1 NOV 2004,84.75,84.75,84.75,84.75,1,2000,169500
29 OCT 2004,85,85,84.75,84.75,3,600,50925
28 OCT 2004,84.75,84.75,84.75,84.75,1,300,25425
26 OCT 2004,84,84,84,84,3,2300,193200
25 OCT 2004,85,85,83.75,84,9,2900,244075
22 OCT 2004,85,85,84,84.75,7,3900,331000
21 OCT 2004,85,85,84.75,85,6,3300,280475
20 OCT 2004,86,86.25,86,86,12,5000,430025
19 OCT 2004,89,89,86,86,7,1900,164000
18 OCT 2004,98,98,89.75,89.75,5,700,67775
15 OCT 2004,99.75,100,99,100,78,47500,4743200
14 OCT 2004,99,100,99,99.75,30,11300,1122425
13 OCT 2004,98,99,98,99,29,14800,1457300
12 OCT 2004,99,99,98,98,7,1900,186400
11 OCT 2004,99,99,99,99,5,2200,217800
8 OCT 2004,98,99,98,98.5,7,800,78750
7 OCT 2004,99,99.5,99,99.25,10,1900,188250
6 OCT 2004,99.5,99.5,99,99,8,2700,267400
5 OCT 2004,99,99.75,99,99.5,33,14500,1440550
4 OCT 2004,100,100,98,99,18,2600,258300
1 OCT 2004,100,105,96,96.25,73,36600,3629775
30 SEP 2004,87,87,87,87,1,500,43500
24 SEP 2004,85,85,85,85,1,100,8500
23 SEP 2004,88,88,88,88,5,5600,492800
22 SEP 2004,88,88,88,88,7,6200,545600
20 SEP 2004,86,86,86,86,3,900,77400
17 SEP 2004,86,86,86,86,2,300,25800
16 SEP 2004,88,88,88,88,5,1900,167200
15 SEP 2004,88,88,88,88,5,2300,202400
14 SEP 2004,88,88,88,88,1,100,8800
13 SEP 2004,88,88,88,88,2,200,17600
9 SEP 2004,88,88,88,88,5,6000,528000
8 SEP 2004,87,88,87,88,8,6700,584300
7 SEP 2004,87,88,87,87.25,5,5700,497150
6 SEP 2004,87,87.25,87,87,5,3900,339550
3 SEP 2004,85,85,85,85,3,400,34000
2 SEP 2004,85,85,85,85,10,5100,433500
31 AUG 2004,85,85,85,85,1,1000,85000
27 AUG 2004,89,90,89,90,3,3000,269500
26 AUG 2004,86.5,87,86.5,87,7,3400,295125
25 AUG 2004,87,87,86.5,86.5,3,2300,199950
24 AUG 2004,86.5,87,86.5,87,3,800,69550
23 AUG 2004,86,86,86,86,1,100,8600
20 AUG 2004,87,91,87,90,7,17600,1572700
19 AUG 2004,89,89,88.75,88.75,5,2000,177750
17 AUG 2004,92,92,92,92,1,100,9200
16 AUG 2004,90,90,90,90,14,16500,1485000
13 AUG 2004,90,91,90,90,16,14300,1289825
12 AUG 2004,88,90,85.5,86,9,23700,2038150
11 AUG 2004,90,90,90,90,12,7700,693000
10 AUG 2004,90,90,90,90,3,1200,108000
9 AUG 2004,88,90,88,90,9,4100,368600
6 AUG 2004,90.5,90.5,90,90.25,7,2700,243500
5 AUG 2004,90,92,90,91,9,5900,541325
4 AUG 2004,90.25,90.5,90,90,21,57600,5185150
3 AUG 2004,90,92,90,90.25,11,10300,928400
2 AUG 2004,90,90.5,90,90.5,7,12700,1146275
30 JUL 2004,90,90,89,90,8,4600,413400
29 JUL 2004,90,90,89,90,16,17100,1538700
28 JUL 2004,90,90.5,90,90.5,13,24200,2178300
27 JUL 2004,89,90,89,90,21,58800,5290800
26 JUL 2004,89.5,91.75,89,90,13,76900,6920500
22 JUL 2004,86,90,86,89.75,21,48500,4353575
21 JUL 2004,85,86,85,85.75,15,11500,985300
20 JUL 2004,87,87,87,87,2,15500,1348500
19 JUL 2004,88.5,89,86,86,6,2800,242100
16 JUL 2004,86,86,85,85.25,5,1300,111600
14 JUL 2004,87.5,89,87.5,88.5,20,29100,2569925
13 JUL 2004,87,87,86.5,87,9,4600,399950
12 JUL 2004,87.5,87.5,87.5,87.5,1,100,8750
9 JUL 2004,85,88,85,85,6,700,60075
8 JUL 2004,84,85,83,85,20,34900,2931575
6 JUL 2004,83.75,83.75,83.75,83.75,1,200,16750
5 JUL 2004,85,85,83.75,84.25,3,500,42150
1 JUL 2004,85,85,85,85,2,600,51000
30 JUN 2004,83.5,86,83.5,85,7,9100,774225
29 JUN 2004,85,85,84.5,84.75,2,9900,837900
25 JUN 2004,83.5,86,83.25,84.75,34,49900,4232525
24 JUN 2004,83.75,84,82,83.25,8,3200,266750
23 JUN 2004,83.75,83.75,83.75,83.75,3,500,41875
22 JUN 2004,84.5,84.5,84.5,84.5,1,100,8450
18 JUN 2004,85,85,85,85,2,300,25500
17 JUN 2004,84,84,84,84,3,1300,109200
15 JUN 2004,84,84,84,84,3,1400,117600
14 JUN 2004,83,86.25,83,85.25,3,300,25325
11 JUN 2004,83.25,85,83.25,85,5,3000,251950
10 JUN 2004,83,84,83,83.25,8,14100,1170525
9 JUN 2004,82,84,82,82.75,10,5900,484050
8 JUN 2004,82,82,82,82,5,1700,139400
7 JUN 2004,86,86,85,85,5,2700,230000
4 JUN 2004,89,89,88.25,88.25,6,2200,194300
3 JUN 2004,90,91,89.75,90,16,9200,827900
1 JUN 2004,90,90.5,90,90,19,28400,2556250
31 MAY 2004,87.5,95,85,90,68,63800,5850000
28 MAY 2004,81.25,87,81.25,86.5,24,11000,928475
27 MAY 2004,80.25,80.5,80.25,80.5,9,5400,434600
26 MAY 2004,80,80,80,80,1,500,40000
25 MAY 2004,80,80,80,80,3,800,64000
21 MAY 2004,80.25,85,80.25,84.25,8,1300,108375
20 MAY 2004,80,80.25,80,80.25,4,400,32075
19 MAY 2004,80,80,80,80,8,4500,360000
17 MAY 2004,82,82,80,80,2,500,40400
14 MAY 2004,79,84,79,81.75,15,7200,577200
13 MAY 2004,75.25,79,75.25,79,5,800,61850
12 MAY 2004,75,75,75,75,2,700,52500
11 MAY 2004,75.25,75.25,75,75,6,1700,127625
10 MAY 2004,73.5,75,73.5,75,8,3200,239850
6 MAY 2004,75.25,76,75,75,15,6400,480325
3 MAY 2004,75.25,75.25,75,75,2,600,45125
29 APR 2004,75,76,75,75.75,4,1600,121025
28 APR 2004,75.25,76,75.25,75.5,7,2300,173375
27 APR 2004,77,77,77,77,1,200,15400
26 APR 2004,76.75,76.75,75.25,75.75,8,1700,129025
23 APR 2004,76.75,76.75,76.75,76.75,1,100,7675
22 APR 2004,77,79,77,78.25,8,5200,406400
19 APR 2004,80,80,76,76,4,2300,183600
16 APR 2004,80,80,80,80,3,400,32000
15 APR 2004,80,80,80,80,2,400,32000
14 APR 2004,82.5,82.5,82.5,82.5,1,500,41250
8 APR 2004,80,80,80,80,2,400,32000
7 APR 2004,78,80,78,79,3,400,31600
6 APR 2004,70,80,70,77.75,9,11000,785175
2 APR 2004,86.5,88,86.5,87.75,23,16500,1435375
1 APR 2004,85,86,85,86,9,4900,418175
31 MAR 2004,85,85,84,84.5,10,3400,288350
30 MAR 2004,83,85,83,85,7,2900,246025
29 MAR 2004,81,81,81,81,3,800,64800
26 MAR 2004,85,85,85,85,7,1300,110500
25 MAR 2004,81,82.75,81,82.25,4,1500,123250
24 MAR 2004,81,81,81,81,3,11000,891000
23 MAR 2004,80.5,80.5,80.5,80.5,4,1000,80500
22 MAR 2004,81,81,81,81,5,11900,963900
19 MAR 2004,81,81,80,81,5,31700,2567200
18 MAR 2004,81,81.25,81,81,8,7300,592825
16 MAR 2004,81,81,81,81,1,1200,97200
15 MAR 2004,80,81,80,81,6,3000,242900
12 MAR 2004,82.5,82.5,81,81.5,3,800,65250
10 MAR 2004,82.75,82.75,82.5,82.75,2,2600,215000
8 MAR 2004,83.25,83.25,83,83,3,1300,108150
5 MAR 2004,83.25,83.25,82.5,83,11,13600,1131950
3 MAR 2004,85,85,83.5,83.5,10,8100,684500
27 FEB 2004,85.5,85.75,85.5,85.75,4,1500,128500
26 FEB 2004,84.5,86,84.5,86,4,4000,343725
25 FEB 2004,85,86,85,86,3,2000,171900
24 FEB 2004,82,86.5,82,85.5,11,4700,400000
23 FEB 2004,79.5,82,79.5,82,5,3500,279625
20 FEB 2004,79.75,79.75,79,79,4,1800,142275
19 FEB 2004,79.5,79.5,79.5,79.5,1,100,7950
17 FEB 2004,74,74,73,73.25,3,700,51300
16 FEB 2004,73.25,73.25,73.25,73.25,1,100,7325
13 FEB 2004,79.5,79.5,79.5,79.5,1,100,7950
12 FEB 2004,79.5,80,78,79.25,6,1600,126950
11 FEB 2004,70.5,80,70.5,79.5,19,8300,648350
10 FEB 2004,75,75,70,70.5,11,4400,311750
9 FEB 2004,76.5,76.5,76.5,76.5,1,400,30600
6 FEB 2004,80,80.75,80,80.75,2,1300,104225
3 FEB 2004,81,81,80,80.25,4,3800,304600
30 JAN 2004,85,85,85,85,3,800,68000
29 JAN 2004,85,85,83,83,8,4000,333050
28 JAN 2004,88,88,86,86.5,10,3200,279100
27 JAN 2004,88,88,88,88,4,20000,1760000
26 JAN 2004,83,85,83,85,6,5800,492800
23 JAN 2004,84.25,87,84.25,85.75,8,3000,256725
22 JAN 2004,84,85,82,84.25,17,58000,4843450
21 JAN 2004,81,85,81,83,2,200,16600
20 JAN 2004,82,82,80,80.25,9,5200,419200
19 JAN 2004,84,84,82,82.5,9,1900,158000
16 JAN 2004,87,87,84,85.5,17,98600,8430850
14 JAN 2004,87,88,87,87,10,106500,9268500
13 JAN 2004,88,88,87,87,4,700,61300
12 JAN 2004,86,87,86,86,6,1800,155300
9 JAN 2004,90,90,85,87,5,600,52700
8 JAN 2004,84,92,84,90,13,17700,1582275
6 JAN 2004,86.5,87.75,86.5,87,16,29100,2518750
5 JAN 2004,85,87,83.5,86.5,12,7200,616175
31 DEC 2003,85,85,83.5,83.5,9,2500,210225
30 DEC 2003,85,85,85,85,4,800,68000
29 DEC 2003,90,90,90,90,1,300,27000
26 DEC 2003,85,90,85,90,7,10800,968050
24 DEC 2003,85,85.5,85,85.25,6,1300,110750
22 DEC 2003,83,83,83,83,1,100,8300
19 DEC 2003,81,83,80,83,4,5500,440700
18 DEC 2003,81,81,80,80.25,6,1300,104700
17 DEC 2003,85,85,85,85,9,3500,297500
16 DEC 2003,90,90,85,85.5,11,2500,217700
15 DEC 2003,88.25,88.25,88.25,88.25,2,300,26475
12 DEC 2003,88,88.25,88,88.25,10,11900,1049750
11 DEC 2003,91,91,88,88.25,11,7000,618200
10 DEC 2003,92.25,93,92,92.5,11,10600,980000
9 DEC 2003,93.5,93.5,93.5,93.5,1,2500,233750
5 DEC 2003,92,92.25,90,92.25,3,500,45625
4 DEC 2003,92,92,89,89.25,14,8300,743900
3 DEC 2003,92.25,92.5,91,91,6,4400,404850
2 DEC 2003,93,95,93,93.25,5,1300,121150
1 DEC 2003,95.25,95.25,95.25,95.25,2,300,28575
28 NOV 2003,95,97,95,95.25,8,10900,1035700
27 NOV 2003,96,96,93,93.25,13,25000,2330650
25 NOV 2003,98.5,98.5,94,95,4,1000,96350
24 NOV 2003,100,100,98.5,98.5,6,1900,187700
21 NOV 2003,100,101.75,100,101.25,12,7200,724550
20 NOV 2003,103.5,103.5,100,100,12,14800,1483150
19 NOV 2003,100,104.25,100,102.75,10,5300,546050
18 NOV 2003,97,99.75,97,97,7,6900,669575
17 NOV 2003,94,94,94,94,5,1200,112800
14 NOV 2003,103,103,90,92,14,11300,1051025
13 NOV 2003,101,105,101,103,7,3200,328600
12 NOV 2003,100,100.5,100,100,20,21100,2111000
11 NOV 2003,96,100,96,99.75,9,3900,385200
10 NOV 2003,108,108,102.75,103,4,5500,591475
7 NOV 2003,93.75,110,93.75,109.5,40,98300,10588950
6 NOV 2003,90,95,85,89.25,34,61100,5542675
5 NOV 2003,80,100,80,99.25,40,73900,7251950
4 NOV 2003,111,111,110,110.25,4,5300,583800
31 OCT 2003,118,118,116,116,15,2400,281325
30 OCT 2003,115,117,115,116.5,14,66700,7766650
29 OCT 2003,116,117,115,116.25,9,2300,266825
28 OCT 2003,118,118,115,116,5,1800,207975
27 OCT 2003,115.25,122,115.25,120,16,7900,946750
23 OCT 2003,113,115,111.5,115,27,31000,3508900
22 OCT 2003,117,117,115,115.5,32,28300,3281375
21 OCT 2003,118,118.5,117,118,21,18100,2137500
20 OCT 2003,123,123,119.5,119.5,27,36200,4331050
17 OCT 2003,121.5,122,120,120.25,26,104800,12610625
16 OCT 2003,124,124,120,121.5,33,2256800,281901650
15 OCT 2003,125,125,120.25,123.25,12,10800,1330925
14 OCT 2003,125,126,120,125,34,39600,4936225
13 OCT 2003,129.5,130,125,125,8,2000,251425
10 OCT 2003,130,130,126,126.25,20,11900,1542400
8 OCT 2003,132,133,127,131.75,73,330300,43215725
7 OCT 2003,132,133,127,129.75,31,92100,12196325
6 OCT 2003,125,132,125,130.25,34,35100,4559150
3 OCT 2003,123,126,122,125,61,135600,16904850
2 OCT 2003,122,123,120,122,29,144500,17454675
1 OCT 2003,116.75,125,116.75,120.25,92,405200,48912900
30 SEP 2003,114,116.75,114,116,69,146700,16896050
29 SEP 2003,110,114,110,113.25,18,9700,1094950
26 SEP 2003,110,112.25,109.25,112,48,397500,44514400
25 SEP 2003,110.25,112.25,110,110,88,311800,34417525
24 SEP 2003,103,112,103,110.5,105,591200,65153775
23 SEP 2003,99,104.5,99,100.25,89,501800,50266400
22 SEP 2003,96,100,96,98.25,71,267200,26190200
19 SEP 2003,95,95.5,95,95,14,28300,2688750
18 SEP 2003,95,95.5,95,95.25,16,7800,741450
17 SEP 2003,95,95,95,95,26,50800,4826000
16 SEP 2003,92,94,92,94,7,3200,296775
15 SEP 2003,94,95,92,95,28,58100,5517400
12 SEP 2003,92,96,92,95.25,76,390400,37134000
11 SEP 2003,90,93,90,92,20,104700,9644050
9 SEP 2003,93,93,92,92,3,2300,211900
5 SEP 2003,95,95.25,95,95,40,130100,12362650
4 SEP 2003,95,96,94.5,95,50,176200,16719500
3 SEP 2003,89,95,89,94.75,83,369200,33872800
2 SEP 2003,89,89,89,89,11,6200,551800
1 SEP 2003,86.5,89.5,86.5,87.75,11,1800,157925
29 AUG 2003,86.25,86.25,86.25,86.25,1,200,17250
28 AUG 2003,85.75,85.75,85.75,85.75,1,200,17150
27 AUG 2003,89.5,89.5,89.5,89.5,4,3000,268500
26 AUG 2003,90,90,90,90,20,29900,2691000
25 AUG 2003,90,90,89.75,89.75,6,3900,350375
22 AUG 2003,90,90,89.5,90,12,6200,557850
21 AUG 2003,90,90,90,90,14,28300,2547000
20 AUG 2003,89.25,91,89.25,90.75,13,18300,1655600
19 AUG 2003,90,90.25,89.75,90,19,13600,1224000
18 AUG 2003,89,90,89,90,24,40500,3641400
15 AUG 2003,89,89.5,89,89,16,9700,864025
14 AUG 2003,86.25,89.5,86.25,89,25,29200,2580300
13 AUG 2003,86,87.5,86,86.25,8,1900,163725
12 AUG 2003,86,86,86,86,2,300,25800
8 AUG 2003,86,86,85.75,86,7,4000,343500
7 AUG 2003,88,88,86.5,87.25,5,800,70000
6 AUG 2003,86,88,86,88,10,11900,1045275
5 AUG 2003,85.5,86,85.5,86,3,800,68600
4 AUG 2003,85.5,86,85.5,85.5,6,2200,188200
1 AUG 2003,88,88,88,88,5,3500,308000
31 JUL 2003,88,88.25,88,88.25,4,5500,485250
30 JUL 2003,88,88.25,88,88.25,10,8800,775400
29 JUL 2003,87,88,87,87.75,9,2000,175350
28 JUL 2003,87,87.5,87,87,11,5900,514400
25 JUL 2003,87,88,87,88,10,9900,869750
24 JUL 2003,87,87,86.25,86.75,11,10800,937075
23 JUL 2003,87.5,87.5,87,87,12,6400,557025
22 JUL 2003,87,88,87,87.5,13,9000,786775
21 JUL 2003,86.25,86.25,86.25,86.25,2,400,34500
18 JUL 2003,86,86.25,85.5,86,14,28800,2474950
17 JUL 2003,86,90,86,86.25,17,10600,928200
16 JUL 2003,83.5,86.25,83.5,86,23,36800,3131575
15 JUL 2003,82,83,82,83,5,5600,464600
14 JUL 2003,81.5,82,81,81.25,14,4500,365550
11 JUL 2003,80.5,85.5,80.5,85,26,16500,1397200
10 JUL 2003,79,81,79,80.5,21,7800,625500
9 JUL 2003,80,80,79,79.5,18,34100,2714900
8 JUL 2003,81,81,80,80.25,4,10700,858625
7 JUL 2003,86,88,85,85.5,21,19300,1661500
4 JUL 2003,81,85.25,81,84.75,17,7600,641425
3 JUL 2003,85,85,85,85,2,4900,416500
2 JUL 2003,88,88,85,85.25,11,3200,275500
1 JUL 2003,90,91,90,90,12,11800,1063500
30 JUN 2003,90,92,90,90.5,18,5800,525400
27 JUN 2003,92,93,90,90,24,14600,1336725
26 JUN 2003,96,100,90,94.25,109,786500,77984700
25 JUN 2003,90.5,96,90.5,95,125,338400,31877500
24 JUN 2003,91,92,90.5,91,52,120400,10935450
23 JUN 2003,90.25,90.5,90,90.25,31,68300,6160475
20 JUN 2003,91,91,89,90.25,41,44000,3964275
19 JUN 2003,90,91,88.5,90.25,66,184300,16558925
18 JUN 2003,92.25,92.5,90,90,49,39100,3568550
17 JUN 2003,90,94.5,89.5,92.75,210,989700,90558550
16 JUN 2003,82,88.5,82,86.25,116,494300,42237600
13 JUN 2003,74,81.25,74,80,129,409400,32207500
12 JUN 2003,73,73,73,73,4,14300,1043900
11 JUN 2003,73.5,73.5,73,73.25,5,4400,322075
10 JUN 2003,75,75,74.5,74.5,11,10900,816500
9 JUN 2003,74,75,74,75,17,27800,2084550
6 JUN 2003,74.75,75,73,73,8,6500,480675
5 JUN 2003,73.5,74.5,73.5,74.5,11,51100,3790725
4 JUN 2003,73,74.75,73,73.25,13,103600,7736600
3 JUN 2003,72.5,72.5,72.5,72.5,8,3300,239250
2 JUN 2003,72,72.5,72,72.25,12,7800,563800
30 MAY 2003,72.5,72.5,72.25,72.5,2,1200,86950
29 MAY 2003,71.5,72,71.25,72,11,14200,1019700
28 MAY 2003,71.5,71.75,71.5,71.75,4,8600,616950
27 MAY 2003,71.5,71.5,71.5,71.5,5,7500,536250
26 MAY 2003,71.75,71.75,71.5,71.5,2,300,21475
23 MAY 2003,71.5,72,71,71.25,17,2236500,161014000
22 MAY 2003,71.5,72,71.5,72,2,1100,79150
21 MAY 2003,71,71,70.5,71,3,13600,965550
20 MAY 2003,73,73,73,73,1,500,36500
19 MAY 2003,73.25,73.25,73.25,73.25,2,300,21975
13 MAY 2003,72.5,73.5,72.5,73.5,11,11000,802975
12 MAY 2003,73,73,72,72.5,14,27300,1990150
9 MAY 2003,73.25,73.75,73,73.5,6,1900,139575
8 MAY 2003,73,74,73,74,11,14000,1035350
7 MAY 2003,73,74,73,73.75,6,7000,513000
6 MAY 2003,71.25,72,71.25,71.75,10,5400,386650
5 MAY 2003,71.25,71.5,71,71.25,4,1500,106875
2 MAY 2003,71.25,71.25,71.25,71.25,9,5100,363375
30 APR 2003,71.25,71.25,71.25,71.25,4,1300,92625
29 APR 2003,71,71.5,71,71,9,10600,752850
28 APR 2003,71.25,71.5,71,71,7,3200,227550
25 APR 2003,71.25,71.25,71.25,71.25,4,4600,327750
24 APR 2003,70.25,70.25,70,70.25,8,6200,435525
23 APR 2003,70,71.25,70,70.25,17,45100,3172175
22 APR 2003,70,70,69,70,12,18900,1314850
11 APR 2003,71,71,70,70.25,3,10400,731250
10 APR 2003,70,70,70,70,14,36200,2534000
9 APR 2003,70,70,70,70,5,10000,700000
8 APR 2003,70,70,69.5,69.5,10,35200,2463150
7 APR 2003,70,70,70,70,3,3000,210000
4 APR 2003,69,71,69,70,15,18900,1327600
2 APR 2003,66.25,67.25,66.25,67.25,7,3800,253400
1 APR 2003,66.25,66.25,66.25,66.25,1,500,33125
31 MAR 2003,66.5,66.5,66,66.25,2,2000,132350
28 MAR 2003,66,66,66,66,2,200,13200
27 MAR 2003,68,68,68,68,1,100,6800
26 MAR 2003,66,68,66,68,9,13900,938925
25 MAR 2003,65.25,65.25,65.25,65.25,2,300,19575
24 MAR 2003,65.25,65.25,65,65.25,3,500,32600
21 MAR 2003,66,67,66,66.25,4,500,33100
20 MAR 2003,66,66,66,66,2,800,52800
19 MAR 2003,65.5,67.75,65,65,9,42800,2857825
17 MAR 2003,65.25,65.25,65,65.25,7,37500,2442850
14 MAR 2003,65.25,65.5,65.25,65.5,4,400,26150
13 MAR 2003,66.5,66.5,66.5,66.5,3,500,33250
12 MAR 2003,66.5,66.5,66.5,66.5,1,2500,166250
11 MAR 2003,67,68,66.5,68,11,21700,1470350
10 MAR 2003,69,69,68,68,4,2400,165000
7 MAR 2003,69.5,69.5,69,69,3,700,48400
6 MAR 2003,69.75,70,69.75,69.75,8,9200,642200
5 MAR 2003,69.75,69.75,69.75,69.75,3,1400,97650
3 MAR 2003,70,70,70,70,1,200,14000
28 FEB 2003,70,70,70,70,6,10600,742000
27 FEB 2003,70,70,70,70,6,5000,350000
26 FEB 2003,70,70,69.5,69.5,7,8100,563250
25 FEB 2003,69.5,70,69.5,70,10,6300,439300
24 FEB 2003,70,70,70,70,6,9100,637000
21 FEB 2003,70,70,70,70,3,900,63000
20 FEB 2003,70,70.25,70,70.25,6,2300,161550
18 FEB 2003,70,70,70,70,2,1500,105000
17 FEB 2003,70,70,70,70,6,23500,1645000
14 FEB 2003,69,70,69,70,9,15600,1091300
11 FEB 2003,70,70,70,70,2,10000,700000
10 FEB 2003,72,72,71,71,5,26800,1904100
6 FEB 2003,73,73.5,72.75,72.75,9,10700,779725
5 FEB 2003,73.5,73.5,73.5,73.5,1,100,7350
3 FEB 2003,72,72,72,72,4,2400,172800
31 JAN 2003,72,72,72,72,1,2000,144000
30 JAN 2003,72,73.25,72,73.25,8,15300,1112100
29 JAN 2003,71.25,71.5,71.25,71.5,7,4400,313800
28 JAN 2003,73,73,71.25,72,18,15300,1094375
27 JAN 2003,75.5,75.5,74,74,9,3100,231350
24 JAN 2003,74.75,78.5,74.75,76,42,48400,3747250
23 JAN 2003,71,75,71,74.5,25,215500,15672950
22 JAN 2003,71.5,71.5,71,71,3,1200,85600
21 JAN 2003,72,72,72,72,7,1600,115200
20 JAN 2003,72,72,72,72,3,1200,86400
16 JAN 2003,72.5,72.5,72.25,72.25,5,1100,79600
14 JAN 2003,72,72.5,72,72.25,11,5000,360725
13 JAN 2003,73,73,72,72,11,18700,1351050
10 JAN 2003,73,73,72.5,73,11,2400,175150
9 JAN 2003,72.5,73,72.5,73,5,7000,510750
8 JAN 2003,72.5,73,72.5,73,7,5000,363750
7 JAN 2003,72,72,72,72,7,4100,295200
6 JAN 2003,72,72,72,72,5,3700,266400
3 JAN 2003,71.25,72,71.25,72,2,500,35925
2 JAN 2003,72,72,72,72,10,7000,504000
31 DEC 2002,72,72,72,72,6,801700,57722400
30 DEC 2002,71.5,72,71.5,72,3,4200,302300
27 DEC 2002,72,75,72,72,3,1400,101100
26 DEC 2002,70.75,70.75,70.75,70.75,3,500,35375
24 DEC 2002,70.25,73,70.25,73,3,2100,147800
20 DEC 2002,70,70,70,70,7,2200,154000
18 DEC 2002,70.25,70.25,69.5,70,13,29200,2042425
17 DEC 2002,70.5,70.5,70.5,70.5,1,500,35250
16 DEC 2002,70.5,70.5,70,70,5,12000,840450
13 DEC 2002,70.5,70.5,70.5,70.5,3,600,42300
12 DEC 2002,71,71,70.5,70.5,3,1700,119950
11 DEC 2002,71.5,71.5,71.5,71.5,1,800,57200
10 DEC 2002,71,71.5,71,71.5,3,1000,71150
9 DEC 2002,71,71,71,71,5,5000,355000
5 DEC 2002,71.5,71.5,71.5,71.5,3,17000,1215500
4 DEC 2002,71.5,71.5,71.5,71.5,3,900,64350
3 DEC 2002,72,72,71.5,71.5,7,3900,280550
2 DEC 2002,72.5,72.5,71.75,71.75,10,19600,1410275
29 NOV 2002,72.75,72.75,72.5,72.5,2,1900,138200
28 NOV 2002,72,72,72,72,13,22000,1584000
27 NOV 2002,72,72.5,72,72,11,11500,828150
26 NOV 2002,72,72,72,72,4,900,64800
25 NOV 2002,72,72,72,72,11,22400,1612800
22 NOV 2002,72,72,72,72,5,3900,280800
21 NOV 2002,71,72,71,72,16,19700,1416400
20 NOV 2002,70.25,70.25,70.25,70.25,5,2700,189675
18 NOV 2002,71,71,71,71,3,2000,142000
15 NOV 2002,72,72,72,72,1,100,7200
14 NOV 2002,71.25,71.25,71.25,71.25,1,21600,1539000
13 NOV 2002,72,72,71,71,12,6900,494100
12 NOV 2002,71,72,71,72,7,2400,172300
11 NOV 2002,71,71.25,71,71.25,3,22500,1602500
8 NOV 2002,73.75,73.75,72,72,20,27300,1965775
7 NOV 2002,74,74,74,74,10,10200,754800
6 NOV 2002,75,75,74.5,74.5,3,900,67400
5 NOV 2002,75,75,75,75,1,1800,135000
1 NOV 2002,75.5,75.5,75,75,6,3400,256650
31 OCT 2002,75.75,76,75.25,75.25,12,3900,294500
30 OCT 2002,76.5,76.5,75,75,12,5800,441500
29 OCT 2002,76.5,76.75,76.5,76.5,36,56500,4334975
28 OCT 2002,75,76.5,75,76.5,16,27400,2084300
25 OCT 2002,76,76,74,75,7,215800,16385600
24 OCT 2002,74,74,73,74,10,6300,463025
23 OCT 2002,74,74.25,73,74,8,13200,966925
22 OCT 2002,70.25,73,70.25,73,16,68800,5009750
21 OCT 2002,69,72,69,70,13,12100,864075
18 OCT 2002,74.5,75.5,73.5,74.25,34,84500,6300900
17 OCT 2002,71,76,70,75,54,251300,19022000
16 OCT 2002,74,74,73.5,74,8,8000,591850
15 OCT 2002,73.5,74.25,73.5,74,8,2300,170075
14 OCT 2002,74,74,74,74,2,500,37000
11 OCT 2002,74.25,75,74,74,6,3800,282450
10 OCT 2002,73.5,74.25,73.5,73.75,9,3400,250625
9 OCT 2002,74.25,74.25,74.25,74.25,9,41500,3081375
8 OCT 2002,73,74,73,73.25,7,3100,226950
7 OCT 2002,73,73,73,73,7,4400,321200
4 OCT 2002,76,76.25,75,75,13,5300,400950
3 OCT 2002,72.75,76,72.75,76,9,8700,656675
2 OCT 2002,74,74,73,73,9,10500,773975
1 OCT 2002,75,75.25,74.5,74.5,15,14700,1103200
30 SEP 2002,75.25,75.25,75,75,4,7400,556250
27 SEP 2002,78.5,78.5,77.5,78,21,30800,2389825
26 SEP 2002,79,79.75,76,77.5,30,39000,3034650
25 SEP 2002,75,79,75,79,102,166200,12927675
24 SEP 2002,73.5,74.5,73.5,74,21,76700,5675550
23 SEP 2002,74,74.5,74,74,17,10200,754850
19 SEP 2002,74.75,75,74,74,11,14100,1048725
18 SEP 2002,75.25,75.25,74.5,74.5,13,66900,4986275
17 SEP 2002,74.5,75,74,75,22,25200,1883150
16 SEP 2002,74.5,74.5,74,74.5,18,14500,1074400
13 SEP 2002,74,74.25,74,74,19,25100,1857650
12 SEP 2002,74,74,74,74,3,3300,244200
11 SEP 2002,74.5,74.5,74,74,22,37300,2761900
10 SEP 2002,76,76,75,75,10,9400,712000
9 SEP 2002,76,76,76,76,11,33300,2530800
6 SEP 2002,77,78,76,76,24,31500,2413000
5 SEP 2002,77,79,75,77,31,62400,4753300
4 SEP 2002,74,77,74,76.5,18,21900,1671600
3 SEP 2002,74,74,73,74,15,15400,1129100
2 SEP 2002,75,75,74,74,5,3600,266900
30 AUG 2002,75,76,74.75,76,27,56200,4226375
29 AUG 2002,75,75,74.5,75,10,5000,374900
28 AUG 2002,75,76.5,75,75,40,29100,2190950
27 AUG 2002,75,75.25,73.5,75,21,9700,727350
26 AUG 2002,77,77.5,75.75,76,25,41700,3219750
23 AUG 2002,77,79.5,77,77,54,46800,3653725
21 AUG 2002,72,76.25,71,76.25,79,341000,25537350
20 AUG 2002,70,72,70,72,24,51200,3653200
19 AUG 2002,69,69,69,69,1,300,20700
16 AUG 2002,70,70,70,70,4,1300,91000
15 AUG 2002,70,71,70,70,21,55500,3886750
14 AUG 2002,67.5,70,67.5,69,18,28000,1945700
13 AUG 2002,65,65,65,65,7,7900,513500
12 AUG 2002,65,65,65,65,3,900,58500
9 AUG 2002,64,65,64,65,9,7200,464500
8 AUG 2002,68,68,64,64,3,5000,323700
7 AUG 2002,62,68,62,68,14,11000,685700
6 AUG 2002,63,63,62,62,26,17300,1088600
5 AUG 2002,64,64,60,63,42,64100,3976275
2 AUG 2002,65,65,64,64,7,7200,462525
1 AUG 2002,65,65,65,65,3,1600,104000
31 JUL 2002,65,65,65,65,7,3200,208000
30 JUL 2002,65,65,65,65,13,10700,695500
29 JUL 2002,65.25,65.25,65,65,2,1200,78050
25 JUL 2002,67,67.5,67,67.25,10,9900,666450
24 JUL 2002,67,67,67,67,3,500,33500
22 JUL 2002,65.75,66.5,65.75,66.25,5,800,53000
19 JUL 2002,66,66,65.75,66,19,15900,1049300
18 JUL 2002,66,66,65.75,66,9,4500,296825
17 JUL 2002,66.5,66.5,66.5,66.5,4,1000,66500
16 JUL 2002,65.25,66.5,65.25,66.5,7,16300,1064825
15 JUL 2002,67,67,66.5,66.5,5,2800,187200
12 JUL 2002,67.25,67.5,66.75,67,10,15200,1018225
11 JUL 2002,68,68,67,67.5,9,11000,740100
10 JUL 2002,67.25,67.25,67,67,2,3500,235000
9 JUL 2002,68.75,68.75,67.25,67.25,4,6000,405375
8 JUL 2002,69,69,69,69,1,500,34500
5 JUL 2002,69,69,69,69,5,2500,172500
4 JUL 2002,69.75,69.75,69,69,11,4800,332650
2 JUL 2002,69,70,69,70,15,7500,520600
1 JUL 2002,69,69.5,69,69,7,4800,331250
28 JUN 2002,67,69,67,68.5,8,4600,313250
27 JUN 2002,69.5,69.5,67,67,3,800,54100
26 JUN 2002,70,70,70,70,6,3000,210000
25 JUN 2002,70,70,70,70,12,7000,490000
21 JUN 2002,70,70,70,70,7,4900,343000
20 JUN 2002,70,71,69.75,70,29,15800,1107475
19 JUN 2002,71,71,70,70,10,4400,309925
18 JUN 2002,72,72,70.75,71,26,61900,4396200
17 JUN 2002,72,73.5,71.5,73,23,35300,2575350
14 JUN 2002,71.5,72,71.5,72,13,17700,1273975
13 JUN 2002,72,72.25,70,72,24,12100,866975
12 JUN 2002,73.75,73.75,70.25,72.25,37,18300,1323350
11 JUN 2002,74.25,74.25,73.75,73.75,7,4600,340400
10 JUN 2002,75,75,73,74.25,26,13900,1030400
7 JUN 2002,77,78,73.75,75,53,67700,5145375
6 JUN 2002,74.5,78.5,74.5,76.5,79,185100,14029750
5 JUN 2002,73,75,73,74.25,84,132300,9772325
4 JUN 2002,71,72.5,71,72,58,54300,3884775
3 JUN 2002,69,71,69,71,42,71700,5064275
31 MAY 2002,70,70,68,69,10,5000,348500
30 MAY 2002,70.25,71,69,70,41,47700,3330575
29 MAY 2002,72,73.5,70,71,95,123100,8849150
28 MAY 2002,67.5,72,67.5,72,137,209100,14559975
23 MAY 2002,64,67.5,64,66.5,163,236500,15583725
22 MAY 2002,62,64,62,64,26,25900,1635500
21 MAY 2002,61,62.75,61,62.5,14,15500,954450
17 MAY 2002,60,60,60,60,3,600,36000
16 MAY 2002,61,61,60,60,6,1700,102700
15 MAY 2002,62,62.25,62,62,13,110000,6820200
14 MAY 2002,62,63.5,62,63.5,21,124000,7812650
13 MAY 2002,61,61,61,61,5,4000,244000
10 MAY 2002,59.5,61,59.5,61,9,9200,559950
9 MAY 2002,60,60,60,60,2,1800,108000
8 MAY 2002,60,60,60,60,3,600,36000
7 MAY 2002,60,60.5,60,60,15,284100,17046100
6 MAY 2002,60,60,60,60,4,5400,324000
3 MAY 2002,60,60,60,60,9,6600,396000
2 MAY 2002,60,60,60,60,13,4900,294000
30 APR 2002,59,60,59,60,10,5500,327900
29 APR 2002,60,60,60,60,2,300,18000
25 APR 2002,60,60,60,60,5,2100,126000
24 APR 2002,60,60,60,60,12,8700,522000
23 APR 2002,59,60,59,60,35,102300,6036325
22 APR 2002,59,59,59,59,2,200,11800
19 APR 2002,59,59,59,59,2,400,23600
18 APR 2002,58.5,58.5,58.5,58.5,3,10000,585000
17 APR 2002,57,58,57,58,5,10900,631800
16 APR 2002,58,58,58,58,2,200,11600
10 APR 2002,56,56,56,56,3,400,22400
9 APR 2002,58,58,58,58,3,3200,185600
8 APR 2002,58,58,58,58,1,2800,162400
5 APR 2002,58,58,58,58,4,2200,127600
3 APR 2002,59,59,56.5,58,3,2200300,129817250
2 APR 2002,57,57,57,57,1,300,17100
1 APR 2002,58.25,58.25,58,58,3,400,23275
27 MAR 2002,59,59.5,59,59.5,8,19200,1138350
26 MAR 2002,59,60,58.5,60,12,22800,1366375
25 MAR 2002,60,60,59,59,8,8700,513500
22 MAR 2002,58.5,60,58.5,60,22,52700,3161500
21 MAR 2002,60,60,58.5,58.5,8,10000,597600
20 MAR 2002,59,59,59,59,4,1800,106200
19 MAR 2002,59.75,59.75,59.75,59.75,1,2500,149375
18 MAR 2002,58.5,59.5,58.5,59.5,3,1300,77050
15 MAR 2002,60,60,58.5,58.5,14,32400,1943550
13 MAR 2002,58,60,57,60,11,10800,639200
11 MAR 2002,60,60,60,60,1,100,6000
8 MAR 2002,60.25,60.25,60,60,4,8800,528075
7 MAR 2002,61,62,60,62,12,12600,776800
6 MAR 2002,60.25,61,60.25,61,19,16600,1010150
5 MAR 2002,61.5,61.5,61,61,5,1500,92200
4 MAR 2002,63,63,61.5,61.5,12,5900,367200
1 MAR 2002,63,64.5,62,62,16,13500,857800
28 FEB 2002,60.25,63,60.25,63,16,10100,625575
26 FEB 2002,59.75,60.25,59,60,22,134700,8103425
25 FEB 2002,59.75,60,59,59,12,6600,391250
22 FEB 2002,55,59,55,59,32,39500,2267200
21 FEB 2002,53.25,53.25,53.25,53.25,6,800,42600
20 FEB 2002,55,55,53,53,2,300,16100
19 FEB 2002,55.5,55.5,55,55,8,6200,341050
18 FEB 2002,54.5,56.5,54.25,55.5,7,2500,138025
15 FEB 2002,53,54,53,54,2,1000,53100
14 FEB 2002,52.5,52.5,52.5,52.5,1,500,26250
13 FEB 2002,53,53,52.5,52.5,2,1400,73700
11 FEB 2002,52,53,52,53,3,700,36500
8 FEB 2002,54,54,53,53,3,1600,85900
7 FEB 2002,51,54,51,54,7,6500,348500
5 FEB 2002,51,51.25,51,51,10,5400,275500
1 FEB 2002,51,51,51,51,4,600,30600
31 JAN 2002,51,51,51,51,2,700,35700
30 JAN 2002,51,51.25,51,51.25,2,300,15325
29 JAN 2002,52,52,51,51,2,1300,67500
25 JAN 2002,52,52,52,52,1,400,20800
24 JAN 2002,50.25,52,50.25,52,10,5700,292550
23 JAN 2002,51,51,50,50.5,5,3700,186725
22 JAN 2002,53,53,51.5,52,7,3500,182100
21 JAN 2002,54,54,54,54,9,2900,156600
18 JAN 2002,53.75,54,53,54,9,8800,467975
17 JAN 2002,54,54,53,53,7,9800,527900
16 JAN 2002,55.25,55.25,55,55,7,3100,171000
15 JAN 2002,55,55,55,55,9,4800,264000
11 JAN 2002,57,57,57,57,3,1200,68400
10 JAN 2002,57,57,57,57,2,300,17100
9 JAN 2002,58,58,58,58,5,4500,261000
8 JAN 2002,60,60,59,59,6,2100,124400
7 JAN 2002,62,62,60,60,11,11000,662800
4 JAN 2002,62,62.25,62,62,7,7400,458850
3 JAN 2002,62.5,62.5,62,62,12,16100,998400
2 JAN 2002,62.25,62.5,62.25,62.5,7,11000,684850
31 DEC 2001,65.5,65.5,62.25,63,17,44600,2780875
28 DEC 2001,65,65.5,64,65.5,21,21100,1371600
27 DEC 2001,63,65,63,65,22,47100,3057900
21 DEC 2001,62,63.5,62,63,4,1200,75550
20 DEC 2001,61,62,61,62,7,7800,481000
19 DEC 2001,60.25,61,60,60,22,34400,2064325
18 DEC 2001,63,63,63,63,9,6200,390600
17 DEC 2001,62.5,63,62.5,63,2,900,56600
14 DEC 2001,60,64,60,62.5,21,16700,1016050
13 DEC 2001,66,66,60,60,13,6900,424350
12 DEC 2001,68.25,68.25,66,67,33,36000,2409225
11 DEC 2001,70,70,67,68,72,69200,4735100
10 DEC 2001,66,72,66,69,59,67500,4696500
7 DEC 2001,63,70,61,65.25,96,122400,7996300
5 DEC 2001,55,56.75,55,56.75,15,26800,1491975
4 DEC 2001,56,56,54,55,22,29000,1603775
3 DEC 2001,56,56,55.75,55.75,22,11900,666050
29 NOV 2001,55.5,56,55,56,30,33000,1845350
28 NOV 2001,53.75,56,53.75,55.5,11,11300,628375
27 NOV 2001,52,52.25,52,52.25,5,9200,479275
26 NOV 2001,56,56,54,54,4,1400,76250
23 NOV 2001,55.75,56.5,55.75,55.75,10,13800,773175
22 NOV 2001,56,56,56,56,9,5600,313600
21 NOV 2001,56.5,56.5,56,56,12,54200,3038350
20 NOV 2001,57,57,56,56.5,18,8100,458550
19 NOV 2001,55.25,57,55,57,18,15700,882350
16 NOV 2001,55,56,55,55,23,227000,12491400
15 NOV 2001,55,55,54,55,7,2000,109800
14 NOV 2001,55,55,55,55,7,2600,143000
13 NOV 2001,55,55.5,55,55,6,5500,303500
12 NOV 2001,55,55,55,55,5,6100,335500
9 NOV 2001,55,55,54.75,54.75,12,17700,972750
8 NOV 2001,55,55,55,55,6,2200,121000
7 NOV 2001,55,55,54.5,55,17,16000,879800
6 NOV 2001,55,55,55,55,8,26800,1474000
2 NOV 2001,54.5,59,52,59,98,1952500,114211300
1 NOV 2001,54.5,55,54.5,55,5,2100,115250
30 OCT 2001,54.5,54.5,54.25,54.25,8,9400,512275
29 OCT 2001,54.25,55,54.25,54.25,8,12800,695475
26 OCT 2001,57.25,59,54,54.25,48,2242400,132156275
25 OCT 2001,54,57.25,54,57,37,50300,2766825
24 OCT 2001,54.5,55,53,53,24,19700,1077500
23 OCT 2001,55,55,54.5,54.5,59,80400,4420600
22 OCT 2001,51,54.75,51,54.5,42,42700,2289450
19 OCT 2001,50,52,50,51.5,41,44800,2299000
18 OCT 2001,50,50,49.5,50,16,9600,479750
17 OCT 2001,47.5,50,47.25,50,11,39800,1890650
16 OCT 2001,50,50,46,47.25,38,94800,4453250
15 OCT 2001,55.25,55.25,50,51.75,38,57500,3028625
12 OCT 2001,50,57,50,53,56,94200,5107500
11 OCT 2001,45,50,45,50,32,71900,3481675
10 OCT 2001,38,43,38,43,12,32800,1330150
9 OCT 2001,36.75,38,36.75,38,7,3500,131825
8 OCT 2001,36.75,36.75,36.75,36.75,3,1700,62475
5 OCT 2001,37.5,37.5,37.5,37.5,1,200,7500
4 OCT 2001,36.5,37,36.5,37,3,700,25850
1 OCT 2001,36.25,36.25,36.25,36.25,1,500,18125
26 SEP 2001,36,36.25,36,36.25,4,3900,141350
24 SEP 2001,36,36,36,36,3,2600,93600
21 SEP 2001,36,36,36,36,1,200,7200
20 SEP 2001,36,36,36,36,1,1000,36000
19 SEP 2001,36,36,36,36,4,2200,79200
17 SEP 2001,38,38,37,37,15,20500,778500
13 SEP 2001,38,38,38,38,5,5200,197600
12 SEP 2001,38,38,38,38,3,4300,163400
11 SEP 2001,38,38.25,38,38.25,5,2700,102875
10 SEP 2001,38,38,38,38,1,2000,76000
7 SEP 2001,38,38,38,38,7,3000,114000
6 SEP 2001,38,38,38,38,4,3800,144400
5 SEP 2001,38,38,38,38,13,11900,452200
4 SEP 2001,38,38,38,38,4,3300,125400
3 SEP 2001,40,40,38,38,8,4000,155600
31 AUG 2001,38,40,36,40,25,10500,417550
29 AUG 2001,40,40,40,40,1,100,4000
28 AUG 2001,35,35,35,35,1,100,3500
24 AUG 2001,34.5,34.5,34.5,34.5,1,100,3450
22 AUG 2001,32.75,33.25,32.75,33.25,6,81100,2656075
21 AUG 2001,33,33.25,33,33,19,5400,178900
20 AUG 2001,32.5,33,32.5,33,5,79900,2597000
17 AUG 2001,32.25,32.5,32.25,32.5,6,800,25950
16 AUG 2001,33,33,32.5,32.5,4,1100,36250
15 AUG 2001,34,34,34,34,7,2400,81600
14 AUG 2001,35,35,34.5,34.5,6,7300,254500
13 AUG 2001,35,35,35,35,4,1400,49000
10 AUG 2001,35,35,35,35,7,3300,115500
9 AUG 2001,36,36,35.5,35.5,10,1400,50300
7 AUG 2001,36,36,36,36,5,2600,93600
1 AUG 2001,36,36,36,36,5,7100,255600
31 JUL 2001,36,36,36,36,1,300,10800
30 JUL 2001,36,36,36,36,12,2700,97200
27 JUL 2001,36,36,36,36,3,600,21600
26 JUL 2001,36,36,36,36,3,1200,43200
25 JUL 2001,36,36,35.25,35.25,6,20500,723000
24 JUL 2001,36,36,36,36,8,900,32400
23 JUL 2001,36,36,36,36,2,10000,360000
20 JUL 2001,35.25,36.25,35.25,36.25,18,25300,895200
18 JUL 2001,35,35.25,35,35.25,4,1100,38575
17 JUL 2001,35.5,35.5,35,35,13,20100,703925
12 JUL 2001,35.25,35.25,35.25,35.25,1,100,3525
11 JUL 2001,36,36,35.25,35.25,10,7300,258525
10 JUL 2001,36.75,36.75,36.5,36.5,4,2500,91625
9 JUL 2001,37,37,37,37,1,100,3700
4 JUL 2001,35.5,37,35.5,37,5,900,33150
29 JUN 2001,35.25,36,35.25,35.25,3,1300,45975
28 JUN 2001,35.75,35.75,35.25,35.25,2,300,10675
26 JUN 2001,37.25,37.25,37.25,37.25,2,200,7450
25 JUN 2001,38,38,38,38,2,200,7600
22 JUN 2001,37,38,37,38,8,1800,67050
21 JUN 2001,36,37,36,37,5,5600,204800
19 JUN 2001,35,35,35,35,20,3900,136500
18 JUN 2001,35,35,35,35,1,100,3500
13 JUN 2001,35,35.5,35,35,12,16300,573325
12 JUN 2001,36,36.75,36,36.75,6,91600,3297975
11 JUN 2001,36,36,35.25,35.25,7,11000,388950
8 JUN 2001,36,36,36,36,19,4300,154800
7 JUN 2001,36,36,35,35,14,2100,73600
4 JUN 2001,35.5,35.5,35.5,35.5,1,300,10650
1 JUN 2001,36,36.25,35,36,9,4000,143125
31 MAY 2001,36.5,36.5,36,36,10,2900,105200
30 MAY 2001,36.5,36.75,36.5,36.75,14,4000,146150
29 MAY 2001,36.5,36.5,36.5,36.5,2,500,18250
25 MAY 2001,36.5,36.5,36.5,36.5,1,100,3650
24 MAY 2001,37,37,37,37,13,2200,81400
23 MAY 2001,37,37,36.75,37,18,3100,114675
22 MAY 2001,37,37,37,37,23,2500,92500
21 MAY 2001,37,37,37,37,8,3500,129500
18 MAY 2001,37,37,37,37,24,7600,281200
16 MAY 2001,37.25,37.25,37,37,4,500,18525
15 MAY 2001,37,37,37,37,6,24500,906500
14 MAY 2001,38.5,38.5,37,37,4,1500,57600
11 MAY 2001,39,39,39,39,12,1900,74100
10 MAY 2001,39,39,39,39,2,600,23400
9 MAY 2001,39.25,39.25,39,39,16,6600,257750
4 MAY 2001,39,39,39,39,15,16900,659100
3 MAY 2001,39,39,38.75,38.75,3,300,11675
2 MAY 2001,39,39,39,39,40,4000,156000
27 APR 2001,39,39,39,39,7,700,27300
26 APR 2001,39.5,39.5,39.5,39.5,6,2300,90850
25 APR 2001,39,39,39,39,5,2500,97500
24 APR 2001,39,39,39,39,17,1700,66300
23 APR 2001,39,39,39,39,20,3100,120900
20 APR 2001,39,39,39,39,10,1900,74100
19 APR 2001,39.25,39.25,39,39,11,3100,121350
18 APR 2001,40,40,39.25,39.25,3,1000,39325
17 APR 2001,39.25,39.25,39.25,39.25,3,400,15700
11 APR 2001,39.75,39.75,39.25,39.25,9,5700,224275
10 APR 2001,39.75,39.75,39.75,39.75,1,100,3975
9 APR 2001,39.75,39.75,39.75,39.75,3,1100,43725
6 APR 2001,39,39.5,39,39.5,23,6100,238300
5 APR 2001,39,39,39,39,3,600,23400
4 APR 2001,39,39,39,39,1,100,3900
3 APR 2001,39,39.5,39,39.5,3,300,11750
2 APR 2001,39.25,39.25,39,39,5,5700,222325
30 MAR 2001,39,39,38.5,38.5,2,2100,80950
29 MAR 2001,39,39,39,39,5,1400,54600
28 MAR 2001,38.25,39,38.25,39,10,1000,38925
27 MAR 2001,38.5,39,38.5,39,15,1600,62125
26 MAR 2001,38.5,39,38.5,39,20,2300,89350
23 MAR 2001,39,39,38.5,38.5,8,4000,155750
22 MAR 2001,39.5,39.5,39,39,2,2200,86150
21 MAR 2001,39.5,39.5,39.5,39.5,2,300,11850
20 MAR 2001,39.5,39.5,39.25,39.5,14,4800,189225
19 MAR 2001,39,39.5,39,39.5,15,3400,134250
16 MAR 2001,38.25,39,38.25,39,7,1500,57850
15 MAR 2001,39.5,39.5,39,39,29,4700,183450
14 MAR 2001,39.75,39.75,39.5,39.5,2,300,11875
13 MAR 2001,39.5,39.75,39.5,39.75,2,2600,103325
12 MAR 2001,39.75,40,39.5,39.5,7,2300,91750
8 MAR 2001,40,40,39.75,40,6,1300,51750
7 MAR 2001,39.75,39.75,39.75,39.75,2,200,7950
6 MAR 2001,40,40,39.75,39.75,3,2100,83550
5 MAR 2001,40,40,40,40,53,8000,320000
2 MAR 2001,39.5,39.5,39.5,39.5,7,4300,169850
1 MAR 2001,39.25,39.75,39.25,39.5,7,5400,213200
28 FEB 2001,38.75,38.75,38.75,38.75,3,800,31000
27 FEB 2001,38.25,38.25,38.25,38.25,4,1600,61200
26 FEB 2001,38.5,38.5,38.25,38.25,4,1600,61225
23 FEB 2001,38.25,38.5,38.25,38.5,2,200,7675
22 FEB 2001,39,39,38.25,38.25,20,4600,177500
21 FEB 2001,39,39,39,39,4,1200,46800
20 FEB 2001,39,39.5,39,39.5,11,1800,70450
16 FEB 2001,40,40,39.5,39.5,4,1500,59500
14 FEB 2001,40,40,40,40,3,1000,40000
13 FEB 2001,40.5,40.5,40,40,15,2800,112300
12 FEB 2001,39.25,41,39.25,40.5,5,5000,204000
9 FEB 2001,40,40,40,40,4,1400,56000
8 FEB 2001,40,40,40,40,1,100,4000
6 FEB 2001,41,41,41,41,1,300,12300
31 JAN 2001,41,41,41,41,2,500,20500
30 JAN 2001,41.25,41.25,41,41,5,2200,90450
29 JAN 2001,41.25,41.25,41,41.25,4,3800,156550
26 JAN 2001,41,41,40.75,41,3,300,12275
25 JAN 2001,41.25,41.25,41,41,7,1000,41150
24 JAN 2001,41,41.25,41,41.25,6,1000,41100
23 JAN 2001,41,41,41,41,2,200,8200
22 JAN 2001,41.25,41.25,41,41,5,800,32875
18 JAN 2001,41.5,41.5,41,41.5,6,1500,61750
17 JAN 2001,42,42,41.5,41.5,14,4600,191500
11 JAN 2001,41.75,41.75,41.75,41.75,9,3100,129425
10 JAN 2001,43,43,41.5,41.5,17,8500,358300
8 JAN 2001,43,43,43,43,2,600,25800
5 JAN 2001,43,43,43,43,4,1500,64500
4 JAN 2001,43,43,43,43,1,200,8600
28 DEC 2000,41.5,41.5,41.5,41.5,1,600,24900
27 DEC 2000,41.5,41.5,41.5,41.5,1,100,4150
22 DEC 2000,42,42,40.25,41.5,20,4000,166900
21 DEC 2000,40,40,40,40,1,100,4000
19 DEC 2000,41.25,41.25,40,40,13,5500,222050
18 DEC 2000,41,41,41,41,1,300,12300
15 DEC 2000,44,44,44,44,2,300,13200
13 DEC 2000,41.25,41.25,41,41,3,1200,49425
12 DEC 2000,40,40,40,40,1,1000,40000
11 DEC 2000,40,40,40,40,3,500,20000
8 DEC 2000,40,40,40,40,4,500,20000
6 DEC 2000,40,40,39,39,7,4000,159800
5 DEC 2000,38.5,40,38.5,40,5,2300,91650
4 DEC 2000,39,39,38.5,38.5,6,5400,209800
1 DEC 2000,38.5,40,38.5,40,5,2700,104775
30 NOV 2000,39,39,39,39,4,1000,39000
29 NOV 2000,40,40,39,39,14,2200,86950
28 NOV 2000,42,42,40,40,10,4600,189325
27 NOV 2000,44.25,44.25,42,42,14,27300,1150925
24 NOV 2000,45,45,44.25,44.25,8,2400,107600
23 NOV 2000,45,45,45,45,1,100,4500
22 NOV 2000,45,45.25,45,45.25,8,2600,117075
21 NOV 2000,45,45,45,45,6,1600,72000
20 NOV 2000,45,45,45,45,3,400,18000
17 NOV 2000,45.75,45.75,45.5,45.5,8,3700,169025
16 NOV 2000,45.75,45.75,45.75,45.75,6,900,41175
15 NOV 2000,45.75,46.75,45.75,45.75,13,7100,329625
14 NOV 2000,45.75,45.75,45.75,45.75,1,500,22875
13 NOV 2000,45.75,45.75,45.75,45.75,1,500,22875
10 NOV 2000,46,46,45.75,45.75,6,1800,82475
9 NOV 2000,45.5,46,45.5,46,2,200,9150
7 NOV 2000,45.5,45.5,45.5,45.5,2,300,13650
6 NOV 2000,45.75,45.75,45.5,45.5,5,2600,118325
3 NOV 2000,45.5,45.75,45.5,45.75,5,1400,63875
2 NOV 2000,45.75,45.75,45.5,45.5,4,1500,68300
1 NOV 2000,45.5,45.75,45.5,45.75,3,1500,68525
31 OCT 2000,45.5,45.5,45.5,45.5,2,1000,45500
30 OCT 2000,47,47,45.25,45.25,6,5000,230125
27 OCT 2000,47,47,47,47,4,3200,150400
26 OCT 2000,47,47,47,47,1,400,18800
25 OCT 2000,47.5,47.5,47.5,47.5,6,2500,118750
24 OCT 2000,48,48,48,48,1,100,4800
23 OCT 2000,47.25,48,47.25,48,4,2500,118500
19 OCT 2000,48.75,48.75,48.75,48.75,1,100,4875
18 OCT 2000,48,48.75,48,48.75,3,1400,67850
17 OCT 2000,47,48.25,47,48.25,8,2700,128650
16 OCT 2000,46.25,46.25,46,46,14,10300,473850
13 OCT 2000,46,46.5,46,46.5,8,4100,189075
11 OCT 2000,46.5,46.5,45,46,15,5900,271000
10 OCT 2000,48,48,46,46.5,43,47000,2173125
9 OCT 2000,50,50,49,49,11,12200,603325
6 OCT 2000,50,50,50,50,1,300,15000
5 OCT 2000,49,50,49,50,11,6200,308900
4 OCT 2000,49,50,49,50,4,700,34700
3 OCT 2000,50,50,49,49,5,800,39725
2 OCT 2000,50.5,51,50,50,10,4000,201150
29 SEP 2000,48.25,50.5,48.25,50.5,6,7000,350150
27 SEP 2000,48,48,48,48,1,200,9600
26 SEP 2000,49.5,49.5,49.5,49.5,2,300,14850
22 SEP 2000,50,50,50,50,11,5400,270000
21 SEP 2000,49,50,49,50,7,5500,272700
20 SEP 2000,46.5,46.5,46.5,46.5,1,500,23250
19 SEP 2000,46.25,46.25,46.25,46.25,2,1500,69375
15 SEP 2000,46.5,46.5,46.25,46.25,4,400,18550
14 SEP 2000,46.25,46.25,46.25,46.25,2,400,18500
12 SEP 2000,46.25,46.25,46.25,46.25,3,1200,55500
11 SEP 2000,46.25,46.25,46,46,10,7400,341125
8 SEP 2000,46,46,46,46,3,800,36800
7 SEP 2000,46,46.25,46,46,4,500,23050
6 SEP 2000,46,46,46,46,2,200,9200
5 SEP 2000,47,47,46.25,46.25,19,5700,265600
4 SEP 2000,47.5,47.5,47,47,4,1000,47225
1 SEP 2000,47,47,47,47,4,2500,117500
31 AUG 2000,47,47,47,47,2,1200,56400
30 AUG 2000,48.5,48.5,47,47,8,7400,349450
29 AUG 2000,48.5,48.5,48.5,48.5,5,5800,281300
28 AUG 2000,50,50,48.5,48.5,5,7000,340150
25 AUG 2000,49,49,49,49,2,1100,53900
24 AUG 2000,47,47,47,47,1,1000,47000
23 AUG 2000,46.75,46.75,46.75,46.75,1,500,23375
22 AUG 2000,46.5,46.5,46.5,46.5,2,400,18600
21 AUG 2000,48,48,47,47,6,4500,212500
18 AUG 2000,48,48,48,48,1,500,24000
17 AUG 2000,50,50,49,49,8,3200,159750
16 AUG 2000,50.25,50.25,49.5,49.75,23,18600,931450
15 AUG 2000,51.75,51.75,50.25,50.25,8,3400,174375
11 AUG 2000,51,52,51,51.75,9,3400,175775
10 AUG 2000,52,52,52,52,18,7500,390000
9 AUG 2000,50.5,51,50.5,51,5,3700,187100
8 AUG 2000,50.75,51,50.25,50.5,16,6900,348550
7 AUG 2000,50.5,50.5,50.25,50.25,11,4500,226425
4 AUG 2000,50.5,50.5,50.5,50.5,4,800,40400
3 AUG 2000,52,52,51.75,52,14,3100,161175
2 AUG 2000,52.25,52.25,51,51,8,2900,150200
1 AUG 2000,52.5,52.75,52,52.5,5,1100,57525
31 JUL 2000,55,55,50,50,118,168000,8529875
28 JUL 2000,55,55.5,55,55,24,5900,324900
27 JUL 2000,54.5,55,54.5,55,9,2300,126100
26 JUL 2000,55,55,54.5,54.5,18,8000,437600
25 JUL 2000,55.25,56,54.75,54.75,30,4700,261100
24 JUL 2000,55,55,54.5,55,14,6700,366600
21 JUL 2000,57.5,57.5,53,55,46,14200,786300
20 JUL 2000,59,59,57.25,57.5,42,5400,315500
19 JUL 2000,59.75,59.75,59,59,55,17100,1016475
18 JUL 2000,61,62.5,58.25,58.25,90,59700,3680650
13 JUL 2000,54,54,50,51,50,48100,2447825
12 JUL 2000,55,55,53.5,54,54,10200,556875
11 JUL 2000,56.25,56.25,55,55,19,4300,238850
10 JUL 2000,54,56.25,54,56.25,42,13400,738650
7 JUL 2000,53.75,54,53.5,54,19,4500,242000
6 JUL 2000,54,54,52.25,52.25,10,2500,134650
5 JUL 2000,57,57,53.75,54,46,11400,622475
4 JUL 2000,53,54.25,51.25,54,19,4100,221000
3 JUL 2000,57,57,55,55,36,19200,1071050
30 JUN 2000,60,60,56,56.25,16,8100,461325
29 JUN 2000,57,60,56,60,180,91900,5421550
28 JUN 2000,60.25,61,54,58,274,143800,8426525
27 JUN 2000,60.5,62.75,60.25,60.25,613,341000,20994575
26 JUN 2000,65,65,59.75,60,459,154400,9572225
23 JUN 2000,58,64.25,57,62.5,472,1025300,61734500
22 JUN 2000,50,57,50,56,101,75000,4050500
21 JUN 2000,51,51,48,49,58,55300,2765850
20 JUN 2000,55.25,56.25,51,51,76,65900,3639000
19 JUN 2000,68,70.5,55.25,60,364,7970600,540534025
13 JUN 2000,56.5,63,56.5,62.75,482,3625200,222840775
12 JUN 2000,50,57,50,54.75,466,2346100,130678825
9 JUN 2000,44,50,44,50,7,1265000,63231900
8 JUN 2000,43,43,42.5,42.75,10,9200,393550
7 JUN 2000,43,43,43,43,2,500,21500
6 JUN 2000,43,43,43,43,4,2100,90300
5 JUN 2000,42.25,43,42.25,43,3,1100,47000
1 JUN 2000,42.25,42.25,42.25,42.25,4,2100,88725
31 MAY 2000,42,42.5,42,42.25,6,6200,261825
29 MAY 2000,41.5,42,41.5,42,10,11500,479500
26 MAY 2000,41.25,41.75,41.25,41.75,4,3700,154125
25 MAY 2000,41,42,41,42,13,366900,15053300
24 MAY 2000,40.5,41,40.5,40.5,3,502700,20359850
23 MAY 2000,40.75,40.75,40.25,40.5,9,201800,8123525
22 MAY 2000,42,42,40.25,40.25,14,226000,9100625
19 MAY 2000,40.5,42,40.5,42,6,2700,112475
16 MAY 2000,38.5,40,38.5,40,26,24200,949575
15 MAY 2000,39,39,38.5,38.5,6,1500,58000
12 MAY 2000,39,39,37.25,37.5,6,14800,555175
11 MAY 2000,39,39,39,39,3,1100,42900
10 MAY 2000,39,40,39,40,2,700,27800
9 MAY 2000,39.75,39.75,37,39,11,12100,462150
8 MAY 2000,40.25,40.25,39.75,39.75,6,86300,3430950
5 MAY 2000,41,41,41,41,10,5300,217300
4 MAY 2000,41.25,41.25,41.25,41.25,8,8300,342375
3 MAY 2000,42,42,41.5,41.5,11,20100,835400
2 MAY 2000,42,42,42,42,2,1500,63000
28 APR 2000,42,42,42,42,4,58800,2469600
27 APR 2000,42,42,42,42,9,29000,1218000
26 APR 2000,42,42,42,42,2,56000,2352000
25 APR 2000,42,42,42,42,19,125700,5279400
24 APR 2000,42,42,42,42,1,100,4200
20 APR 2000,42,42,42,42,9,11200,470400
19 APR 2000,42.25,42.25,42,42,9,2300,96925
17 APR 2000,42,42.25,42,42.25,2,600,25325
11 APR 2000,43,43,42,42,3,500,21400
10 APR 2000,43,43,43,43,1,100,4300
7 APR 2000,43,43,43,43,4,2100,90300
6 APR 2000,43,43.25,43,43,13,29000,1247250
5 APR 2000,43,43.25,43,43.25,3,1200,51725
4 APR 2000,43,43,43,43,4,2500,107500
3 APR 2000,44,44,43.5,43.5,10,11100,483000
31 MAR 2000,44,44,43,44,10,9700,425925
30 MAR 2000,44.25,44.25,44.25,44.25,1,400,17700
29 MAR 2000,44.5,44.5,44.25,44.25,10,18900,837050
28 MAR 2000,45,45,45,45,1,2000,90000
27 MAR 2000,44.25,44.25,44.25,44.25,3,500,22125
24 MAR 2000,44.5,45,44.25,45,7,3800,169350
23 MAR 2000,44.25,44.25,44.25,44.25,4,900,39825
22 MAR 2000,44.25,44.25,44.25,44.25,4,600,26550
21 MAR 2000,44.25,44.25,44.25,44.25,1,300,13275
20 MAR 2000,44,44,44,44,3,2100,92400
17 MAR 2000,44,44,44,44,1,1000,44000
16 MAR 2000,44,44,44,44,12,10400,457600
15 MAR 2000,43,44,43,44,4,4000,173000
14 MAR 2000,44,44,44,44,7,5300,233200
13 MAR 2000,45,45,44,44,10,7900,348200
10 MAR 2000,44.5,45,44.5,45,9,40100,1804300
9 MAR 2000,45,45,45,45,5,3200,144000
8 MAR 2000,45,45,45,45,7,15200,684000
7 MAR 2000,45.25,45.25,45,45,3,3500,157575
6 MAR 2000,45.5,45.5,45.25,45.25,12,8300,377425
3 MAR 2000,46,46,45.75,45.75,2,400,18325
2 MAR 2000,45.5,45.5,45.5,45.5,4,2300,104650
1 MAR 2000,46,46,45.5,45.75,15,6500,297125
29 FEB 2000,47.5,47.5,46,46,10,12100,559625
28 FEB 2000,48.5,48.5,47.5,47.5,5,1800,86300
25 FEB 2000,48.5,48.5,48.5,48.5,10,8400,407400
24 FEB 2000,48.5,48.5,48.5,48.5,1,200,9700
23 FEB 2000,48.5,48.5,48.5,48.5,15,7200,349200
22 FEB 2000,48.5,48.5,48.5,48.5,4,2500,121250
21 FEB 2000,48,48.5,48,48.5,8,7400,358600
18 FEB 2000,48,48,48,48,1,1500,72000
17 FEB 2000,48.25,48.25,48,48,10,2400,115625
16 FEB 2000,48,48,48,48,1,500,24000
15 FEB 2000,47.5,47.5,47.5,47.5,1,200,9500
14 FEB 2000,49,49,49,49,13,75900,3719100
11 FEB 2000,48.5,49.25,48.5,49.25,31,69900,3433150
10 FEB 2000,49,49,48.75,48.75,2,200,9775
9 FEB 2000,49,49.5,48,49.5,30,990500,48541400
8 FEB 2000,49,49.5,49,49,104,2391500,117229925
7 FEB 2000,46.5,47,46.25,47,10,8500,395125
3 FEB 2000,46.5,46.5,46.5,46.5,4,2000,93000
2 FEB 2000,46.25,46.5,46.25,46.5,8,2500,116225
1 FEB 2000,46.25,46.25,46,46,5,8500,391375
31 JAN 2000,46.25,46.25,46.25,46.25,14,9600,444000
28 JAN 2000,46.25,46.5,46.25,46.25,7,3000,138875
27 JAN 2000,46.25,46.25,46,46.25,8,9100,419150
26 JAN 2000,46.25,47,46.25,47,7,11800,554075
25 JAN 2000,45.5,46,45.5,46,11,10600,483850
24 JAN 2000,45.25,45.25,45.25,45.25,4,5500,248875
19 JAN 2000,45.25,45.5,45.25,45.25,15,120600,5457600
18 JAN 2000,45.5,45.5,45.5,45.5,3,2000,91000
17 JAN 2000,45,45,45,45,3,5200,234000
14 JAN 2000,45.25,45.25,45,45,17,85000,3828625
13 JAN 2000,46,46,45.25,45.5,11,8300,377200
12 JAN 2000,45,46,45,46,10,6400,292050
11 JAN 2000,44.5,45,44,45,35,223300,10046450
10 JAN 2000,45,45,44.75,45,18,36300,1633450
6 JAN 2000,45.25,45.25,45,45,20,54700,2462050
5 JAN 2000,46.25,46.25,45.5,45.5,24,23500,1075025
4 JAN 2000,46.5,47,46.5,47,12,4100,191000
3 JAN 2000,45.75,46,45.75,46,6,1600,73325