Date,Open,High (Rs.),Low (Rs.),Close (Rs.),Trade Volume,Share Volume,Turnover (Rs.)
12 MAY 2026,700,700,690.75,698.25,21,489,341984.5
11 MAY 2026,747,747,686,690.25,51,5568,3843596.25
8 MAY 2026,703.75,705,699,700,28,3371,2369785.5
7 MAY 2026,703.5,703.75,702.25,703.5,21,457,321501.5
6 MAY 2026,705,705,690,691.25,38,2631,1828160
5 MAY 2026,705,705,689.75,691.25,41,4614,3197347.5
4 MAY 2026,708,708,690,696,37,8803,6214803
30 APR 2026,690,749.5,689.5,706,27,1002,701659.75
29 APR 2026,690,690,689.5,690,20,149,102799.5
28 APR 2026,690,690,689.5,690,35,523,360855
27 APR 2026,700,700,689.75,690,35,807,557201.25
24 APR 2026,695,696,689.5,690,51,7806,5388333.5
23 APR 2026,707.75,707.75,690,692,31,1064,737709.25
22 APR 2026,706.75,706.75,692,700,44,976,679966.5
21 APR 2026,707.5,707.5,699.75,700,29,1457,1022234.5
20 APR 2026,702.5,707.5,699.5,701.25,43,341,239571
17 APR 2026,707.75,707.75,702.25,702.5,29,2890,2034785
16 APR 2026,708,708,700,704.5,23,976,687234
15 APR 2026,708,708,707,708,17,306,216610.5
10 APR 2026,708,708,700,707.25,26,657,464369.5
9 APR 2026,708,708,700,702.5,14,200,140490.5
8 APR 2026,707,708,698.5,707.25,25,593,418870.5
7 APR 2026,705,705,678,685.75,33,1941,1363381.25
6 APR 2026,704,705,680,703.25,32,2194,1504604.25
2 APR 2026,702,703,700,688.75,7,42,29471
31 MAR 2026,705,705,702,688.75,12,46,32358.25
30 MAR 2026,708,708,671,688.75,6,118,81279
27 MAR 2026,700,707,660,666,23,541,360334.25
26 MAR 2026,708,708,700,701,24,1049,737155.25
25 MAR 2026,700,708,700,707.5,19,561,396925.25
24 MAR 2026,690,698,690,696.75,25,589,410861.5
23 MAR 2026,698,698,675,683.5,31,726,498018.5
20 MAR 2026,698.75,698.75,660,690,20,522,357157.75
19 MAR 2026,700,700,672.25,677,4,16,11101.75
18 MAR 2026,675,704,675,677,19,1312,886594.5
17 MAR 2026,700,700,668,677.5,45,411,278777.75
16 MAR 2026,702,702,670.5,685,77,1163,792854.75
13 MAR 2026,708,714,701,701.5,27,5313,3726793
12 MAR 2026,719,719,705,709.75,18,193,137325.5
11 MAR 2026,710.5,719.75,710.5,713.75,8,141,100720
10 MAR 2026,720,720,700,700.25,43,6964,4880216
9 MAR 2026,739.75,739.75,696.25,700.25,92,6334,4447061.25
6 MAR 2026,738.75,740,738.75,739.5,16,180,133068
5 MAR 2026,725,744,724,725,57,5821,4220919
4 MAR 2026,730,735,700,725.5,58,1372,995525.75
3 MAR 2026,710,745,702,740.25,72,1441,1041752.25
27 FEB 2026,745,745,740.25,742,15,186,137946.5
26 FEB 2026,746,746,739.75,743.75,23,329,244698
25 FEB 2026,745.75,745.75,740,740,24,748,553657
24 FEB 2026,748.75,749,740,746,19,460,343436
23 FEB 2026,746.5,749,746.5,747.5,19,1146,856744
20 FEB 2026,746,746,725,745,37,493,361250.5
19 FEB 2026,744,749.75,730,732.5,25,436,320584.25
18 FEB 2026,749,749,730,732,52,1371,1009519
17 FEB 2026,750,750,739.25,744.25,46,1182,876304.75
16 FEB 2026,746,758.5,744.75,749.25,31,593,445145.75
13 FEB 2026,752,752,745,745.25,38,1047,780867.5
12 FEB 2026,750,750,740,745.75,27,305,228182
11 FEB 2026,758.75,759.75,740.25,740.25,35,706,525195
10 FEB 2026,760,760,730,730,97,358036,261396528
9 FEB 2026,760,760,700,751,64,1337,996645.5
6 FEB 2026,770,770,758.5,762.25,16,976,741445
5 FEB 2026,775,775,758.25,766.5,19,172,132088
3 FEB 2026,765,779.5,756,765.75,22,100244,80188190.5
2 FEB 2026,760,771,755,770.5,45,100818,75623209.5
30 JAN 2026,770,770,760,763,39,101113,80852086
29 JAN 2026,770,770,766.25,770,12,54,41464.25
28 JAN 2026,765,770,760,770,39,1503,1146213
27 JAN 2026,760,770.75,755,760,64,22074,16771419
26 JAN 2026,772.5,772.5,760,760,66,226232,171941600.5
23 JAN 2026,772.5,772.5,769.75,771.5,25,496,383004
22 JAN 2026,771.75,772.5,760,762.25,65,2031,1550998
21 JAN 2026,772.5,772.5,772,772.5,11,338,261103
20 JAN 2026,771,771,770,771,30,1619,1247432
19 JAN 2026,775,779,770.25,775,47,2853,2209568.5
16 JAN 2026,779,779,768,770.5,38,2123,1637668
14 JAN 2026,779,779,760,778.25,75,302038,241570687
13 JAN 2026,775,779,772.25,775.75,23,172,133431.5
12 JAN 2026,790,790,775,779,52,202617,162039302
9 JAN 2026,797,797,775,791.75,26,905,719054
8 JAN 2026,770,799,770,795,17,370,287741.75
6 JAN 2026,774,800,769.75,770,19,472,368839.25
5 JAN 2026,774.5,774.5,765,769.75,38,202109,161623462.75
2 JAN 2026,770,770,769,770,33,973,749190.5
31 DEC 2025,768.25,768.5,765.25,767,25,1147,880079.5
30 DEC 2025,780,780,768.25,770,8,508,391188.25
29 DEC 2025,783,783,757,763.25,24,182,139872
26 DEC 2025,783,783,760,768.75,14,249,191447.5
24 DEC 2025,776,783,776,777.25,17,139,108040.5
23 DEC 2025,773,776,762,768,12,146,112144
22 DEC 2025,780,780,755,761.25,38,800,608135
19 DEC 2025,780,780,770,780.75,8,43,33300
18 DEC 2025,776,792,730,780.75,39,70388,56298650.25
17 DEC 2025,780,780.25,776,776,31,20472,15967415
16 DEC 2025,800,800,780,780,61,4242,3321441
15 DEC 2025,804.75,804.75,799,800.25,21,297,237653.25
12 DEC 2025,804.5,804.5,800,800.25,15,161,129008.25
11 DEC 2025,806,806,800,804,17,1147,922283
10 DEC 2025,807,807,792,800.5,22,399,320735.5
9 DEC 2025,790,809.75,790,807,16,339,271282
8 DEC 2025,790,799.75,788.5,790.25,20,434,344135.5
5 DEC 2025,798.75,800,790,800,31,36021,28815136.5
3 DEC 2025,800,800,799,800,12,296,236770
2 DEC 2025,799,800,798.75,799.25,23,477,381346.25
1 DEC 2025,790,799,790,793.75,35,5354,4230347.75
28 NOV 2025,790,790.25,786,790,21,1134,895860.75
27 NOV 2025,798,800,790,790,27,2027,1604153.25
26 NOV 2025,800,800,798,798.25,19,356,284583.5
25 NOV 2025,809,809,794,797.25,29,463,370336.75
24 NOV 2025,809,809,802,803.25,18,148,118917.75
21 NOV 2025,820,820,796.5,802.25,50,3593,2878275.25
20 NOV 2025,817,819,810,816.25,23,3254,2656917.25
19 NOV 2025,820,820,812.75,816,12,95,77258.5
18 NOV 2025,828,828,813,816,22,296,242565.75
17 NOV 2025,833,833,820,824,19,142,117021
14 NOV 2025,838.75,840.25,830,832.25,31,1449,1211821
13 NOV 2025,840,841.75,839.25,839.25,23,544,456808.5
12 NOV 2025,845,845,839,839.25,23,521,438570
11 NOV 2025,847,847,837,843.5,8,429,360907
10 NOV 2025,847,847,837,840.25,50,4640,3910049
7 NOV 2025,847,847,836,844.25,62,3087,2608971.5
6 NOV 2025,847.75,847.75,835,845,35,1765,1491599.75
4 NOV 2025,822,861,822,847.25,133,5931,5010279.5
3 NOV 2025,825,829.75,822,822,24,330,271881.25
31 OCT 2025,819,834,810,820.25,41,1442,1186858.25
30 OCT 2025,810,819,806,813.25,26,232,188594.75
29 OCT 2025,804.5,824,804.5,813,29,464,377068
28 OCT 2025,824,824,800,820,53,9472,7768521
27 OCT 2025,824,824.5,819,820,49,85616,70961584.75
24 OCT 2025,826,826,805.25,812.25,28,841,686289.75
23 OCT 2025,805.5,825,799.25,824.25,74,131817,106244550
22 OCT 2025,806,820,800,805.75,47,65966,54728030.75
21 OCT 2025,801,810,800,806,69,14562,11660519
17 OCT 2025,771,820,770,801.25,223,168345,134525573.75
16 OCT 2025,779,779,763.5,768.5,29,1813,1400133.5
15 OCT 2025,763.5,775,752,763.5,38,1064,812333.5
14 OCT 2025,763,763,749.75,755.25,57,112128,87400224
13 OCT 2025,764,780,750.25,754.5,55,1466,1115705
10 OCT 2025,765.5,783.25,750,767.75,83,6709,5121874.5
9 OCT 2025,750,789,750,767.25,72,508581,381493777.75
8 OCT 2025,751,785,750,750,107,891372,668536801.5
7 OCT 2025,788,789.5,750,750,137,624332,468305119.5
3 OCT 2025,784.25,789.5,784.25,788.75,26,1095,862494.75
2 OCT 2025,789.5,789.5,785,786.75,29,1413,1113395.25
1 OCT 2025,789.5,789.5,782,789.5,16,586,462449.5
30 SEP 2025,790,790,750,785.5,43,846,654099.25
29 SEP 2025,790,790,780,781.75,28,312,245151.75
26 SEP 2025,790,790,781,787,36,5128,4036482.25
25 SEP 2025,790,790,785,788.5,45,6148,4845882.75
24 SEP 2025,785,790,776.5,789,53,13679,10776992.5
23 SEP 2025,778.25,789,778.25,788.5,27,182,143378.75
22 SEP 2025,790,790,780,780.5,45,8176,6453590.5
19 SEP 2025,793,793,780,785.25,24,682,535590
18 SEP 2025,795,795,794,795,35,449,356907
17 SEP 2025,794,795,794,795,27,272,216200.75
16 SEP 2025,789.5,800,781,793.5,36,818,641869.5
15 SEP 2025,810,810,770,789.5,54,798,632260.75
12 SEP 2025,800,824.75,800,809.75,31,3496,2833301
11 SEP 2025,825,825,800,800,43,22590,18129677.5
10 SEP 2025,805,820,750,819.5,115,1397853,1050509068.25
9 SEP 2025,824,850,810,822.75,37,1936,1629054.25
8 SEP 2025,999,999,822,823.25,68,6465,5522270.75
4 SEP 2025,825,825,800,822,37,718,585528
3 SEP 2025,794,827,794,818,55,1096,890753.5
2 SEP 2025,738,800,738,788.75,131,13133,9909014
1 SEP 2025,722.75,738,722.25,738,30,2371,1731030.5
29 AUG 2025,722.5,722.5,715.5,722,13,143,103232.5
28 AUG 2025,722.75,722.75,718,718,15,267,191993.5
27 AUG 2025,710,721.5,710,720,68,26875,19346222.75
26 AUG 2025,717.75,718.5,700.25,705.5,18,30041,21626717
25 AUG 2025,718,718.5,700,702.25,24,556,392795.5
22 AUG 2025,700,719,700,718.5,19,305,218373.75
21 AUG 2025,700,718.75,696,700,24,410,287933
20 AUG 2025,718.75,718.75,700.25,717.75,20,4239,3012206.75
19 AUG 2025,720,720,690,715,39,1170,822969.5
18 AUG 2025,702.5,723,702.5,719.25,20,251,180734.5
15 AUG 2025,720,723,700.75,704,38,61698,43234733.5
14 AUG 2025,718,720,701.25,705,15,433,308835.25
13 AUG 2025,723.75,723.75,701.25,719.75,36,806,570429.75
12 AUG 2025,717,724.75,700,722,58,12078,8702121.25
11 AUG 2025,630,724.75,630,717,190,89335,63785254.75
7 AUG 2025,610,628.5,610,615,35,71842,44182975
6 AUG 2025,605.75,609.75,605,606.75,26,334,202787.75
5 AUG 2025,601,608.5,600,600.25,30,6421,3854663.75
4 AUG 2025,601,604.75,595.5,601,36,2734,1642910.75
1 AUG 2025,601,601,595,600,22,19587,11751772
31 JUL 2025,600,602.25,598,600,6,39,23404.75
30 JUL 2025,600,605.5,597,600,100,66434,39857594.5
29 JUL 2025,593,600,592.25,600,22,24886,14770172
28 JUL 2025,596,596,586.25,588.5,19,124,73013.25
25 JUL 2025,596.25,596.25,591,592,23,275,163127
24 JUL 2025,586,596.25,585.5,591,32,21425,12563888.25
23 JUL 2025,594.75,594.75,586,589.75,31,2469,1457226.5
22 JUL 2025,592,592,585,591.75,27,235,138714
21 JUL 2025,589.75,590,584.5,589,16,126,74219
18 JUL 2025,584,591.75,584,583.5,17,75,44271.75
17 JUL 2025,586,592,583,583.5,26,304,177958.5
16 JUL 2025,592,592,583.75,583.5,11,93,54744.5
15 JUL 2025,583,593,583,583.5,22,342,199557.5
14 JUL 2025,593.5,593.5,582.5,583.5,14,254,148507
11 JUL 2025,580,593.5,577.5,582,14,119,69249.75
9 JUL 2025,578,583.25,575,580,28,6103,3539268.75
8 JUL 2025,583.5,583.5,580,579.25,6,16,9290.5
7 JUL 2025,582,583.5,550,579.25,26,123,71259.25
4 JUL 2025,583.5,583.5,582,583.5,21,1900612,1064357055.5
3 JUL 2025,583.5,583.5,582,583,23,275,160293.75
2 JUL 2025,583,583.5,578.75,583.25,19,168,97829.25
1 JUL 2025,583.75,583.75,578,582.75,33,377,218766.75
30 JUN 2025,583.75,583.75,578,583,20,332,193736.25
27 JUN 2025,583.75,584,583.75,583.75,10,82,47871.5
26 JUN 2025,575,584,570.75,583.75,21,839,484417
25 JUN 2025,584.75,585,575,582,11,280,163123.5
24 JUN 2025,570.5,587.75,570.5,570.5,9,93,53158.25
23 JUN 2025,570,589.25,569,570.5,12,380,216730.5
20 JUN 2025,589,593.25,570,570,36,54539,31108358.25
19 JUN 2025,566.5,594,566.5,579.25,16,136,78857.75
18 JUN 2025,570,585,570,592.25,11,43,24605.25
17 JUN 2025,575,595,575,592.25,14,116,68699.75
16 JUN 2025,580,590,565,586,11,83,48006.25
13 JUN 2025,599,599,563,586,46,65662,38468303.25
12 JUN 2025,577.75,600,577.75,599.75,70,1012,591816.75
11 JUN 2025,578,578,560.25,577,16,295,170165.25
9 JUN 2025,575,578.25,562,575.25,20,531,305437.5
6 JUN 2025,575,575,561,562,24,3876,2181576.25
5 JUN 2025,569,575,560,575,31,960,546294.75
4 JUN 2025,564.5,575,564,569.75,69,75869,43246037.25
3 JUN 2025,548,559.75,545,547.5,17,1625,891699.75
2 JUN 2025,554,554,542,546.75,29,311,170823.5
30 MAY 2025,549.5,560,545.25,554.25,13,104,57643.25
29 MAY 2025,564.75,565,541,541.5,45,2433,1321261.25
28 MAY 2025,550.25,562.5,546.5,550.25,39,1610,885514.5
27 MAY 2025,564.75,565,550.25,563,31,1982,1116242
26 MAY 2025,570,572.5,541,545,28,1721,976732
23 MAY 2025,571.75,575,560,570,62,7893,4500301.75
22 MAY 2025,510,580,509.75,569.25,104,3624,2033841.75
21 MAY 2025,499,510,499,509.75,62,378,191917.5
20 MAY 2025,488,497.75,488,495.5,22,1290,635079.75
19 MAY 2025,490,490,486,489.75,20,656,321342
16 MAY 2025,490,490,489,481.5,9,74,36255
15 MAY 2025,496,497,491,481.5,9,76,37623
14 MAY 2025,496,496,480,481.5,5,47007,21858440.5
9 MAY 2025,497,497,478,481.5,59,1779,859653.25
8 MAY 2025,496,497,477,497,21,280,137159.25
7 MAY 2025,470,500,470,477,41,242,115314.5
6 MAY 2025,468.75,470,468.75,470,19,657,308679.25
5 MAY 2025,462,466,462,465,26,794,369193.5
2 MAY 2025,459.5,461.5,459.5,459.5,17,4459847,2006955362.5
30 APR 2025,458,459.5,457,458,10,416,190525
29 APR 2025,456,458,456,448.25,7,31,14182.5
28 APR 2025,460,460,452,448.25,12,250050,112147826
25 APR 2025,459.75,460,448.25,448.25,12,30336,13602052.25
24 APR 2025,454.75,454.75,445,445,11,20036,8916324
23 APR 2025,454.5,454.5,454.5,455,1,3,1363.5
22 APR 2025,455,455,452,455,6,413,187905.25
21 APR 2025,461.5,461.5,452,452,13,177,80083.5
17 APR 2025,439.75,462.5,435,457.5,46,3809,1676897.75
16 APR 2025,439.25,439.75,438.5,435.25,14,51,22402
11 APR 2025,437,437,435,435.25,9,252,109710.5
10 APR 2025,437.75,439,435,435.25,15,40315,17547073.5
9 APR 2025,435,437.75,435,436.5,5,101,44075
8 APR 2025,437.75,437.75,435,437.75,10,122,53397.5
7 APR 2025,430,435,430,430.25,17,1623,698152.75
4 APR 2025,430,431,430,430,6,202,86863
3 APR 2025,440.25,440.25,430,430,13,3571,1565026.5
2 APR 2025,438,441.25,435,440.25,33,4750,2084949.5
1 APR 2025,436.25,439.25,433,436,8,35,15180.5
28 MAR 2025,436.25,436.25,430,436,12,119,51885.5
27 MAR 2025,430,436.25,429,435,30,9588,4170027.5
26 MAR 2025,433,433,433,430,4,16,6928
25 MAR 2025,435,435,425,430,11,52,22500
24 MAR 2025,430,435,430,430,3,100,43005
21 MAR 2025,430,430,426,428,3,8,3436
20 MAR 2025,436.75,436.75,436.75,428,1,1,436.75
19 MAR 2025,428.25,428.25,425,428,7,88,37581
18 MAR 2025,430,430,428,428,4,2189,941006
17 MAR 2025,428,437.75,428,428.25,6,110,47109.25
14 MAR 2025,430,437.75,428,428.5,8,129,55263.75
12 MAR 2025,431,437.25,431,435,10,51,22098.25
11 MAR 2025,434,438.75,424,435,17,6855,2981832.25
10 MAR 2025,434.75,435,424,425,7,17,7381
7 MAR 2025,422,434.75,422,425,3,3,1291.5
6 MAR 2025,426,426,425.5,425,2,10,4256
5 MAR 2025,425,425,420,425,9,186,78940
4 MAR 2025,425.25,425.5,420,425,8,41,17401.25
3 MAR 2025,446,446,425,425,19,10072,4281293.75
28 FEB 2025,446,446,446,445,4,27,12042
27 FEB 2025,447,447,436,445,11,285,126836.75
25 FEB 2025,448,448,437,442.5,8,41,18311
24 FEB 2025,437,437.25,437,442.5,13,39,17043.25
20 FEB 2025,448,448,442.5,442.5,6,6,2682.5
19 FEB 2025,437,448,437,442.5,17,107,47326.5
18 FEB 2025,443,448.25,436.25,443,17,60,26442
17 FEB 2025,437,445,437,443,15,1585,702219.25
14 FEB 2025,437,437,435,436.75,30,845,369018.75
13 FEB 2025,436,437,436,436,14,361,157436.5
11 FEB 2025,430,435.75,430,436,22,53,23082.5
10 FEB 2025,435.25,435.25,430,436,12,59,25544.25
7 FEB 2025,439,439,435,436,10,40,17504.5
6 FEB 2025,436,439,433,436,9,75,32524.25
5 FEB 2025,438.75,438.75,430,436,16,359,156547
3 FEB 2025,435,435,430,431.25,14,38635,16634902.5
31 JAN 2025,430,435,429.75,430.5,25,270,116219.75
30 JAN 2025,434.5,434.75,429.75,432.5,17,41,17772.5
29 JAN 2025,432.25,434.75,429.5,432.5,17,100,43255.5
28 JAN 2025,430.25,432,429,431.5,23,231,99451.75
27 JAN 2025,429.75,430,429,429.75,16,660,283636.75
24 JAN 2025,425,426.25,421,423.5,13,230,97439.25
23 JAN 2025,422,425,422,422,10,1279,539813
22 JAN 2025,420,428.75,420,421,15,723,304270.5
21 JAN 2025,420,420,410,415.5,9,19,7959
20 JAN 2025,421.5,430,405,415.5,35,1316,547032
17 JAN 2025,430,430,428.5,430,15,368,158131.75
16 JAN 2025,428,430,428,429.5,21,661,283363.25
15 JAN 2025,427,428,427,428,9,247,105703.75
10 JAN 2025,425,426.75,421.25,421.75,15,1125,475749.5
9 JAN 2025,429.5,429.5,422,425,6,341,144922
8 JAN 2025,421.25,429.75,421.25,425,18,2192,931641
7 JAN 2025,421,422.5,421,421.25,16,218,91828.5
6 JAN 2025,430,430,420.25,420.25,24,2958,1244659.75
3 JAN 2025,432.5,432.5,417,421,39,1290,539577.75
2 JAN 2025,424,432.5,411,426,38,1526,648059.75
31 DEC 2024,415,424.75,415,420,40,22505,9449640.75
30 DEC 2024,408,415,408,410.25,26,1666,683180.75
27 DEC 2024,404.25,409,404.25,408.5,11,161,65788
26 DEC 2024,395.5,409,395.5,401,12,35,14066.75
24 DEC 2024,403.5,409,401,401,21,718,290523
23 DEC 2024,405,405,405,405,7,72,29160
20 DEC 2024,400,408.5,400,405,11,161,65328.75
19 DEC 2024,408.5,408.5,400,400,17,5123,2049537.5
18 DEC 2024,406,409.75,406,408.5,10,171,69771
17 DEC 2024,399.5,409,391.5,405,51,66682,26998667.5
16 DEC 2024,395.25,403.5,391.25,391.75,23,3520,1403654.25
13 DEC 2024,398.25,400.5,378,382.75,32,466,179709.5
12 DEC 2024,400,402.25,396.5,400.75,18,511,204750.5
11 DEC 2024,400,401.75,396,401.75,9,91,36367
10 DEC 2024,400,401.5,400,401.75,4,56,22409
9 DEC 2024,396,409.75,390,401.75,45,710,284633
6 DEC 2024,390,396.75,389,396.5,29,468,184945
5 DEC 2024,396,396,390,395,12,93,36432.5
4 DEC 2024,398.75,398.75,390,395,6,27,10707.25
3 DEC 2024,397,397.75,395,395,22,4477,1768526
2 DEC 2024,397,397,395,395.75,16,169,66899.75
29 NOV 2024,398,398,395.25,396.75,26,200,79354.75
28 NOV 2024,399.5,399.5,395,395,8,48,19137.5
27 NOV 2024,399.5,399.5,399,395,17,91,36321.5
26 NOV 2024,399.5,399.5,391,395,13,58,23088.75
25 NOV 2024,398,399.75,395,395,5,20,7941
22 NOV 2024,394,398,394,395,15,2744,1083903.5
21 NOV 2024,395,397,395,396,15,401,158557.25
20 NOV 2024,399.75,399.75,395,395,15,190,75070.75
19 NOV 2024,400,400,396,398,3,13,5188
18 NOV 2024,394.25,400,394,398,9,38,15105.5
14 NOV 2024,398,399,398,398,7,605,240793.25
13 NOV 2024,399.5,399.5,395,398,26,31913,12696031
12 NOV 2024,395,395.5,394,394.25,16,817,322552
11 NOV 2024,397.5,398,395.5,395,5,34,13527
8 NOV 2024,395,398.5,395,395,16,130291,51465390
7 NOV 2024,395,398.5,395,395.25,9,2520,996100
6 NOV 2024,395,395,395,395,4,10031,3962245
5 NOV 2024,397,397,391,396.5,9,105,41623.25
4 NOV 2024,390,398.5,390,395,17,120360,47537248
1 NOV 2024,393,396.5,390,394.25,16,900,354673.25
30 OCT 2024,395,395,393,393,23,55948,22003390
29 OCT 2024,392.75,395,390,392.75,18,762,299355.25
28 OCT 2024,381.75,381.75,381,381.75,5,1219,465352.5
25 OCT 2024,395,395,370.25,381.5,45,4279,1595187.75
24 OCT 2024,395,395,395,395,1,15000,5925000
23 OCT 2024,397.5,397.5,397,397.25,5,210,83445
22 OCT 2024,398,398,395,395.25,14,414,163839.5
21 OCT 2024,380,400,380,395.25,56,10527,4128881.25
18 OCT 2024,376,379.25,376,379.25,10,378,143291.5
16 OCT 2024,379.75,379.75,375,376.25,23,474,178468.25
15 OCT 2024,377.75,378,375,375,7,5238,1965331.25
14 OCT 2024,370.25,377.75,370.25,370.25,5,31,11677.75
11 OCT 2024,378,378,378,370.25,3,52,19656
10 OCT 2024,370.25,378,370.25,370.25,10,307,113686
9 OCT 2024,373.5,373.5,373,373.25,9,147,54876.75
8 OCT 2024,375,378,375,375,10,1032,387015
7 OCT 2024,372.5,375,362.5,370,28,25013,9254849.25
4 OCT 2024,371,374,371,373.5,10,210,78330.5
3 OCT 2024,371,375,370.5,373,10,9292,3465383
2 OCT 2024,373,375,373,375,10,24,8972
1 OCT 2024,380,380,375,375,11,188,70580
30 SEP 2024,380,380,370,380,12,176,66673.75
27 SEP 2024,376,380,370,372.75,11,134,49962
26 SEP 2024,380,380,376,380,4,115,43696
25 SEP 2024,380,380,376,375.25,4,33,12536
24 SEP 2024,375,380,375,375.25,5,762,285880
23 SEP 2024,365,372,365,368.75,20,378,138416
20 SEP 2024,375,375,375,370.25,4,89,33375
19 SEP 2024,375,375,375,370.25,4,69,25875
18 SEP 2024,375,375,375,370.25,6,64,24000
13 SEP 2024,375,375,370,370.25,8,18,6675
12 SEP 2024,375,375,370.25,370.25,9,364,134790.75
11 SEP 2024,375,375,375,375,6,1004,376500
10 SEP 2024,370,388,370,375,21,47633,17862013.5
9 SEP 2024,375,375,375,370,2,18,6750
6 SEP 2024,370,370,370,370,4,106,39220
5 SEP 2024,370,370,367,370.25,8,91,33520
3 SEP 2024,370.5,370.5,370,370.25,6,467,172852.5
2 SEP 2024,373.25,373.25,370,372.75,14,146,54443.75
30 AUG 2024,380,380,380,375.5,1,5,1900
29 AUG 2024,376,380,375,375.5,7,112,42053
28 AUG 2024,384,384,384,383.25,1,1,384
27 AUG 2024,384.75,384.75,376,383.25,8,189,72488
26 AUG 2024,384.75,384.75,375,375,6,8098,3037291.5
23 AUG 2024,380,384.75,380,384.75,3,7,2688.5
22 AUG 2024,384.5,384.5,384.5,384.75,2,2,769
21 AUG 2024,384.75,385,384,384.75,4,60,23096.75
20 AUG 2024,380,385,375,384.75,7,5103,1963312.25
16 AUG 2024,380,380,380,380,1,150,57000
15 AUG 2024,380,380,380,375,3,18,6840
14 AUG 2024,385,385,385,375,2,17,6545
13 AUG 2024,367,385,367,375,5,21,8036.75
12 AUG 2024,370,385,365,375,8,32,11891
9 AUG 2024,376,380,375,375,5,16,6013
8 AUG 2024,375,385,375,375,9,20008,7503140
7 AUG 2024,370.75,380,370,370.25,14,464,171750
6 AUG 2024,380,380,380,379.75,2,57,21660
5 AUG 2024,371,380,370,379.75,7,310,117661
2 AUG 2024,380,384.75,379,380,10,991,376576.75
1 AUG 2024,379,379,373,381.5,3,6,2256
31 JUL 2024,384.75,384.75,379,381.5,7,74,28448.25
30 JUL 2024,379,379,379,381.5,3,10,3790
29 JUL 2024,380,380,380,381.5,1,13,4940
26 JUL 2024,385,385,375.25,381.5,9,102,38914.5
25 JUL 2024,376,376,376,385,9,87,32712
24 JUL 2024,376,385,376,385,3,3,1146
23 JUL 2024,380,385,380,385,16,3321,1276105.5
22 JUL 2024,380,380,375,375,12,137,51430.5
19 JUL 2024,380,380,380,385,2,4,1520
18 JUL 2024,384.75,385,384.75,385,16,894,344169.5
17 JUL 2024,379.75,383,379,380,15,3044,1156532.25
16 JUL 2024,379.75,379.75,379.75,379.75,4,169,64177.75
15 JUL 2024,379.25,379.75,379.25,378.25,3,5,1897.25
12 JUL 2024,374,379.75,374,378.25,5,44,16651.5
11 JUL 2024,379.75,379.75,372,378.25,14,113,42747
10 JUL 2024,380,380,379.75,373.75,4,15,5699.75
9 JUL 2024,372,380,372,373.75,8,139,51929.5
8 JUL 2024,380,380,371.5,375,4,14,5229.5
5 JUL 2024,378,379.75,378,375,2,11,4161.5
4 JUL 2024,378.75,378.75,375,375,3,1511,566665.5
3 JUL 2024,379,379,375,375,5,1526,572362
2 JUL 2024,379,379,378,379,5,18,6812
1 JUL 2024,379,379,371,379,6,571,216309
28 JUN 2024,376,376,375,376.25,6,46,17269
27 JUN 2024,376.25,379.75,376,376.25,6,34,12872.25
26 JUN 2024,379.75,379.75,376.25,376.25,9,4788,1801869.75
25 JUN 2024,379.5,379.75,376.25,376.25,17,6224,2342423.5
24 JUN 2024,376,376,375,376,14,6657,2497033
20 JUN 2024,379.75,379.75,379.75,379.75,6,208,78988
19 JUN 2024,376,376,375,375,6,1211,454126
18 JUN 2024,378,379.75,374.25,375,10,74,28074.25
14 JUN 2024,375,379.75,375,375,7,3012,1129555.25
13 JUN 2024,377.5,379.75,377.5,376.75,6,8,3035
12 JUN 2024,379.75,379.75,374,376.75,13,104,39193.5
11 JUN 2024,375,375,373.25,375,8,4380,1642492
11 JUN 2024,375,375,373.25,375,8,4380,1642492
10 JUN 2024,378.75,378.75,371.25,372,5,119,44261.25
7 JUN 2024,378,378,378,375,3,14,5292
6 JUN 2024,378.75,378.75,378,375,4,6,2271
5 JUN 2024,374,375,368,375,12,8139,3051955
4 JUN 2024,373.75,374,373.75,374,7,65,24307.25
3 JUN 2024,373.75,374,373.75,374,7,102,38147.75
31 MAY 2024,378.75,378.75,373.75,378.75,14,126,47717.5
30 MAY 2024,373.5,378.75,373.5,379.75,15,21,7943.25
29 MAY 2024,375,380,373,379.75,35,340,129117
28 MAY 2024,380,380,375,375,8,15562,5835760
27 MAY 2024,379.75,379.75,374,374.25,12,5082,1902127.5
22 MAY 2024,379.75,380,378.75,379.75,18,74,28102.75
21 MAY 2024,380,380,379.75,379.75,37,136,51652
20 MAY 2024,379.25,379.75,378.5,379.5,24,156,59188
17 MAY 2024,372,379,372,371,23,93,34882
16 MAY 2024,372,372,372,371,3,14,5208
15 MAY 2024,371,371.5,368,371,8,462,171389.5
14 MAY 2024,371.5,372,371,372,11,1602,595321.5
13 MAY 2024,371.5,372,371,375,3,68,25265.5
10 MAY 2024,374.75,375,374.75,375,12,217,81373.5
9 MAY 2024,371,374.75,371,371.5,8,28,10430.75
8 MAY 2024,371,372.25,371,371.5,5,90,33427
7 MAY 2024,372,372.25,371,371.5,17,133,49422.5
6 MAY 2024,371.75,372,371.75,371,8,67,24923.75
3 MAY 2024,372.25,372.25,370.75,371,11,75,27859.5
2 MAY 2024,372,372,370.75,371,7,13,4827
30 APR 2024,370.75,373,370.75,371,26,10524,3906089.75
29 APR 2024,367,370.75,360.25,367,9,23016,8446849.25
26 APR 2024,367,371.5,367,367.25,11,123,45163
25 APR 2024,371.75,371.75,367,370,6,60,22176.25
24 APR 2024,360,371,360,370,6,5104,1887481.25
22 APR 2024,360,364.75,360,360,14,8543,3075513.25
19 APR 2024,364.75,369.75,360,365,9,1965,716994.5
18 APR 2024,355,365,355,360,8,1002,360720
16 APR 2024,360,360,360,360,5,102,36720
15 APR 2024,360,379.5,356,359.5,15,101,36305.75
10 APR 2024,360,360,360,363.75,1,50,18000
8 APR 2024,360,379.75,359.5,363.75,9,1566,564064
5 APR 2024,360,360,356,358.25,12,157,56244
4 APR 2024,365,365,365,359.75,1,30,10950
3 APR 2024,369.5,375,369.5,359.75,6,81,30010.75
2 APR 2024,370,370,357,359.75,14,1080,388755
1 APR 2024,363,365,363,360,2,4,1456
28 MAR 2024,359.75,365,356,360,17,6873,2474057
27 MAR 2024,359.75,359.75,359.75,360,3,6,2158.5
25 MAR 2024,360,360,360,360,7,2237,805320
22 MAR 2024,359.75,360,359.75,360,2,11,3957.75
21 MAR 2024,360,360,360,360,14,8000,2880000
20 MAR 2024,357,357,356,359.75,4,15,5352
19 MAR 2024,359.25,360,359.25,359.75,6,405,145744.25
18 MAR 2024,355,360,355,360,5,20,7155.25
15 MAR 2024,360,360,356,360,6,60,21560
14 MAR 2024,360,364,360,360,11,3249,1169742.75
13 MAR 2024,352.25,360,352.25,355.75,9,284,100944.75
12 MAR 2024,353.75,355,353,353.75,6,116,41022.25
11 MAR 2024,350,354,340,343.5,13,220,75592.25
7 MAR 2024,349.5,360,349.5,350.5,7,123,43102.5
6 MAR 2024,349.5,349.5,335.25,341.5,13,822,280501.75
5 MAR 2024,349.25,349.25,340,340,5,1729,587949.25
4 MAR 2024,340,349.25,340,340,3,5005,1701746.25
1 MAR 2024,350,350,348,348,3,110,38298.5
29 FEB 2024,330,349.75,330,330.75,5,678,224263.75
28 FEB 2024,340,350,340,349.75,10,3396,1155677
27 FEB 2024,333,340,330,340,15,9814,3336240
26 FEB 2024,338,339,335,336,7,159,53514.25
22 FEB 2024,338,339.75,338,339,6,575,194875
21 FEB 2024,333,340,333,337,17,1027,346065
20 FEB 2024,333,333,333,333,2,629,209457
19 FEB 2024,344,344.25,344,332,7,58,19952.75
16 FEB 2024,344.75,344.75,344.5,332,3,3,1034
15 FEB 2024,342,344.5,332,332,6,244578,81199971
14 FEB 2024,333.25,335,332,332.25,14,13960,4638570.25
13 FEB 2024,334,334,334,333.25,1,2,668
12 FEB 2024,345,345,333,333.25,7,10004,3333579.25
9 FEB 2024,332.5,348.5,332.5,330.75,8,26,8801
8 FEB 2024,335,335,335,330.75,2,20,6700
7 FEB 2024,330.5,335,330.5,330.75,7,4428,1464601.5
6 FEB 2024,330,335,330,333.25,7,279,92588.25
2 FEB 2024,331,331,330,330.25,8,385,127107.5
1 FEB 2024,330.5,335,330.5,330.25,6,29,9627.5
31 JAN 2024,350,350,330,330.25,19,311,104252.5
30 JAN 2024,340,352,330,330,10,18362,6062014
29 JAN 2024,335,335,335,330,3,12,4020
26 JAN 2024,331,331,330,330,8,10133,3343957.25
24 JAN 2024,330,330,329,330,12,5350,1765499
23 JAN 2024,334,335,330,330,21,3000,990088.75
22 JAN 2024,335,335,334,335,11,1142,382569
18 JAN 2024,340,340,340,340,4,104,35360
17 JAN 2024,340,341,340,340.5,6,29,9872
16 JAN 2024,344.75,344.75,344.75,340.5,2,10,3447.5
12 JAN 2024,345,345,340,340.5,12,530,180508.5
11 JAN 2024,340,345,340,339.5,13,75,25647.5
9 JAN 2024,339.5,349.75,339.5,339.5,4,16,5444
8 JAN 2024,340,340,339.5,339.5,6,1242,421719
5 JAN 2024,340,340,340,330.25,4,54,18360
4 JAN 2024,340,340,340,330.25,3,11,3740
3 JAN 2024,340,340,323.5,330.25,19,2109,696261.25
2 JAN 2024,339,340,338,338.5,11,49,16591
29 DEC 2023,339,339,338.5,338.5,11,240,81309.5
28 DEC 2023,345,345,338,338.5,9,1522,524308
27 DEC 2023,340,345,340,345,3,6,2065
22 DEC 2023,345,345,335,345,19,1000059,330020109.5
21 DEC 2023,345,345,344.75,345,21,1781082,587836610
20 DEC 2023,345,345,345,345,4,265,91425
19 DEC 2023,350,350,345,345,18,147,50743
15 DEC 2023,359.75,359.75,350,345.5,2,91,31869.5
14 DEC 2023,350,350,350,345.5,1,3,1050
13 DEC 2023,345,350,345,345.5,14,222,76691.75
12 DEC 2023,360,360,344.25,350,42,3338,1168500.5
11 DEC 2023,360,360,359,359.75,6,10620,3823182.75
8 DEC 2023,360,362,359.25,362,12,100925,35334553.5
7 DEC 2023,361,361,360,360,5,36,12994
6 DEC 2023,361,362.5,360,360,17,3236,1166516
5 DEC 2023,365,365,360,360,25,63583,22893901.75
4 DEC 2023,360,362,360,360,6,37,13363.5
1 DEC 2023,362,362,360,360,2,25002,9000724
30 NOV 2023,362,362,360.25,364,3,54,19542.75
29 NOV 2023,364,364,356.5,364,5,291,105891.5
28 NOV 2023,362.25,365,360,362,26,104442,37600727.25
27 NOV 2023,375,375,369,369.75,8,228,84891
24 NOV 2023,377,377,360,361,12,1012,365240.75
23 NOV 2023,369.5,370,369.5,365.5,2,4,1478.5
22 NOV 2023,369.75,370,365.5,365.5,7,367,134953.75
21 NOV 2023,370,370,365,370,10,150057,55521042
20 NOV 2023,365.5,365.5,360,360.25,17,4700,1692807.5
17 NOV 2023,391.5,391.5,370,379.25,8,59,22115.25
16 NOV 2023,375,375,375,379.25,2,80,30000
15 NOV 2023,380,380,373.25,379.25,10,124,47015.75
14 NOV 2023,375,375,375,375,4,193,72375
13 NOV 2023,374.25,375,374.25,374,8,90,33735
10 NOV 2023,374.25,374.25,370.75,374,2,8,2976.5
9 NOV 2023,374,374.5,373.5,374,12,152,56852
8 NOV 2023,370,370,362.75,370,8,621,229544.25
7 NOV 2023,370,375.25,370,375,21,187693,70384242.75
6 NOV 2023,375,375,374.75,374.75,8,628,235437.5
3 NOV 2023,375,378.5,373.5,375,18,9888,3707986.25
2 NOV 2023,380,383.75,372.5,375,16,5353,2008632.75
1 NOV 2023,389,389,371,371.5,18,331,124576.75
31 OCT 2023,390,390,389.25,390.25,6,62,24161.25
30 OCT 2023,395,395,390,390.25,11,176,68876
27 OCT 2023,388,395,388,390,10,20,7856.5
25 OCT 2023,395,395,395,390,2,19,7505
24 OCT 2023,390,390,388,390,6,15287,5961926
23 OCT 2023,386,390,381.25,390,21,3628,1414510
20 OCT 2023,389.75,390.25,388,389.75,16,620,241748
19 OCT 2023,395,395,388,388,11,1014,395048.75
18 OCT 2023,400,400,390.25,397,21,15860,6294697.75
17 OCT 2023,368,400,368,400,55,106719,40037222.5
16 OCT 2023,363,370,363,368,13,1312,477818
13 OCT 2023,357,363.25,356.75,363,47,9971,3612875
12 OCT 2023,355,356.5,354.5,356,13,171,60861.25
11 OCT 2023,345.5,353.75,345.5,345.5,10,1891,653395.75
10 OCT 2023,346,350.5,346,345.25,2,2,696.5
9 OCT 2023,346.5,347,345.5,345.25,5,57,19751
6 OCT 2023,352,352,346.5,345.25,8,19,6663
5 OCT 2023,353,354.75,345,345.25,8,146,50613.25
4 OCT 2023,348,349,344,347,30,9709,3370749
3 OCT 2023,350,350,348,348.25,25,4221,1473002
2 OCT 2023,353.75,353.75,351,353.5,6,5012,1772223
27 SEP 2023,350,355,350,354.5,14,186,65639
26 SEP 2023,355,355,345,345,12,5015,1730475.25
25 SEP 2023,355,355,352.5,354.5,17,181,64122
22 SEP 2023,352,355,349.75,350,19,5042,1764744.25
21 SEP 2023,349,355,349,352,26,30862,10805148
20 SEP 2023,349.25,349.25,349.25,348,1,1,349.25
19 SEP 2023,349,349,340.25,348,3,6,2050.25
18 SEP 2023,342,345,338,348,8,98,33467.5
15 SEP 2023,348.5,348.5,341,348,4,55,18997.5
14 SEP 2023,348,350,348,348,9,2562,891638.5
13 SEP 2023,349.75,350,338,336.25,7,27,9361
12 SEP 2023,335.5,340.75,335.5,336.25,8,132,44370.25
11 SEP 2023,348,348,345,350,6,27,9351
8 SEP 2023,332.25,350,332,350,26,14995,5210624.25
7 SEP 2023,337.75,340,335,340,11,585,196721.5
6 SEP 2023,340,340,335.5,340,3,196,66415
5 SEP 2023,340,340,338,339.5,2,23,7784
4 SEP 2023,331.5,345,331.5,339.5,23,1005,337981
1 SEP 2023,338,338,335,335,7,794,266000.5
31 AUG 2023,335,340,331,338,22,431,145633.75
29 AUG 2023,330,336,325,334.75,23,26625,8911364.5
28 AUG 2023,325,329,316.25,325,27,9946,3162053.75
25 AUG 2023,315,322,315,315.75,7,124,39156.75
24 AUG 2023,321,321,320,319,4,51,16326
23 AUG 2023,319,319,319,319,2,366,116754
22 AUG 2023,314.5,321.75,310,310,12,308,95714.25
21 AUG 2023,318.25,318.25,315,315,16,219,69208.5
18 AUG 2023,324,325,318,319.5,3,4,1285
17 AUG 2023,320,327,319,319.5,4,103,32920
16 AUG 2023,315,325,315,325,22,4470,1451680.5
15 AUG 2023,315,320,315,315,11,5063,1594920.5
11 AUG 2023,318,320,315,316.5,8,213,67400
10 AUG 2023,318,327.5,318,320,17,20047,6415250.5
9 AUG 2023,315,317,306.75,316,14,976,308222.25
8 AUG 2023,305,312,305,310,3,37,11292
7 AUG 2023,305,310,304,310,8,2625,813424.75
4 AUG 2023,305,308,301,304.25,18,1681,511403.5
3 AUG 2023,309.5,309.5,303.5,304,17,2676,813763.5
2 AUG 2023,317,317,310,310,8,326,101100
31 JUL 2023,313,317,313,316.75,17,745,235972.25
28 JUL 2023,301,305.5,301,305.25,14,556,168215.25
27 JUL 2023,301.75,303,300,301,24,1733,521791.5
26 JUL 2023,314,314.75,303,305.25,15,162,49628.25
25 JUL 2023,324,324,307,319.5,12,121,38660.75
24 JUL 2023,299.75,324.5,299.75,323,41,1004359,301311424
21 JUL 2023,295,299.75,295,298,38,502899,149855958.75
20 JUL 2023,294,294,290,290,10,511439,148318184
19 JUL 2023,276,295,276,291.5,18,1659,480988
18 JUL 2023,285,287,285,287,8,62,17764
17 JUL 2023,282,287.5,275,287,34,35361,10089773.5
14 JUL 2023,284,284,280.25,281.25,7,63,17704.5
13 JUL 2023,285,285,275,281.25,22,26669,7335916.25
12 JUL 2023,270,280.5,270,275,40,142159,39108921.75
11 JUL 2023,264.5,270,264.5,269.75,15,1392,370220
10 JUL 2023,258.25,262,257,260.75,18,1049,273428.25
7 JUL 2023,257,260,257,258,6,13,3364.75
6 JUL 2023,258,258,258,258,5,223,57534
5 JUL 2023,254.5,260,250,252.5,13,1051,265372.75
4 JUL 2023,254.5,268,254.5,258.75,9,118,30532
28 JUN 2023,254,265,254,262,7,42,10998.5
27 JUN 2023,262,265,260,262,23,98306,24811160.5
26 JUN 2023,262,262,262,260,2,18,4716
23 JUN 2023,260,260,260,260,1,100,26000
22 JUN 2023,256,256,256,259.75,2,20,5120
21 JUN 2023,258,260,255.25,259.75,8,1556,404238.5
20 JUN 2023,255,255.5,255,260,2,14,3575
19 JUN 2023,256,264,255,260,12,684,176557.25
16 JUN 2023,257,257,256.5,255.25,6,49,12574.75
15 JUN 2023,258,260,255,255.25,13,7205,1867363.25
14 JUN 2023,252.75,255,250,250.25,24,953559,238403879
13 JUN 2023,252.25,252.75,252.25,252.25,4,53,13394.25
12 JUN 2023,251,256.75,251,252.25,17,3762,956150.5
9 JUN 2023,251,251,251,251,6,512,128512
8 JUN 2023,250.5,250.5,250,250.25,5,26571,6645396.5
7 JUN 2023,252,252,245.75,250,6,25024,6256015.5
6 JUN 2023,249.5,250,245,245.75,7,166,40983.5
5 JUN 2023,231.25,245.75,231.25,245,8,728,177973.25
2 JUN 2023,246,249,245.25,246,9,5084,1250681.25
1 JUN 2023,242.75,246,242.75,245,11,3670,896976.5
31 MAY 2023,235.25,243,235.25,243,17,25081,6094453.5
29 MAY 2023,235.25,244,235,235.25,15,801,188497.75
26 MAY 2023,245,245,235,235,9,870,204558.25
25 MAY 2023,250.5,250.5,246,250,23,27502,6875724.25
24 MAY 2023,250.75,251,250.75,251,3,2500,627475
23 MAY 2023,251.75,251.75,251.5,251.75,3,284,71491
22 MAY 2023,252.75,252.75,250,252,11,1396,351553.75
19 MAY 2023,252.5,252.75,250,250,12,14311,3579802.5
18 MAY 2023,244,250,244,250,28,29610,7401722.75
17 MAY 2023,239,253.75,239,240.5,20,496,120419
16 MAY 2023,237.75,238,233,238,13,3249,773028.25
15 MAY 2023,237.75,237.75,232,233.5,14,77,17995.5
12 MAY 2023,238,238,237.75,233.5,2,16,3804.75
11 MAY 2023,238,238,231.25,233.5,16,221,51603.25
10 MAY 2023,231.75,231.75,231.5,237.25,3,13,3012
9 MAY 2023,238,238,230.25,237.25,2,6,1404.75
8 MAY 2023,236,237.5,236,237.25,12,194,46007.5
4 MAY 2023,235,237.5,235,236,2,73,17162.5
3 MAY 2023,235,237.5,235,236,6,2507,590859.5
2 MAY 2023,236,237,236,236,9,625,147517
28 APR 2023,237.5,240,237,237,9,175,41520.5
27 APR 2023,240,240,235,238,18,23287,5538852.25
26 APR 2023,240,240,235.25,237,6,25235,5995707.75
25 APR 2023,238,238,235,236.75,15,4926,1166109.75
24 APR 2023,238,238,238,238,5,48,11424
21 APR 2023,238,238,235.25,238,4,67783,16132351.25
20 APR 2023,235.5,241,235.5,237,3,93,21907
19 APR 2023,235.5,237,235.5,237,2,7989,1893373.5
18 APR 2023,240,240,239,235.75,4,23,5519
17 APR 2023,243,244,235,235.75,12,829,200176
12 APR 2023,237,243.5,237,243.25,11,4100,975145.25
11 APR 2023,236,236.25,236,240,5,20,4720.75
10 APR 2023,242.5,244,233,240,5,31,7302
6 APR 2023,233,242.25,233,240,13,2129,505620.25
4 APR 2023,235,242.25,233,233,6,407129,99674974.25
3 APR 2023,233,239.75,233,233,2,97,22614.5
31 MAR 2023,233,233,233,233,3,6,1398
30 MAR 2023,235,235,233,233,3,511,119065
29 MAR 2023,235,236,235,235.75,7,56,13172
28 MAR 2023,234.5,234.5,232,235.75,4,79,18333.75
27 MAR 2023,235,235,232,235.75,5,80,18638
24 MAR 2023,235,236,230,235.75,11,2285,537411
23 MAR 2023,237.75,237.75,235,235,10,101815,24926701
22 MAR 2023,236,239,236,238.75,6,5040,1203436
21 MAR 2023,239,239,236,238,13,13138,3126832
20 MAR 2023,235,240,234,235,12,9090,2135927
17 MAR 2023,234,234,230.25,234,4,124,29001
16 MAR 2023,230,231,230,231,8,1838,424478
15 MAR 2023,230,232.25,230,230.5,11,67348,15490278.25
14 MAR 2023,227.5,230,227.5,230,6,496,114062.5
13 MAR 2023,225.25,225.25,218,220,12,3012,662792
10 MAR 2023,227,232.25,226,232.5,6,84,19018.75
9 MAR 2023,232,232.5,232,232.5,3,106,24644.5
8 MAR 2023,233,233,231,232,5,4002,928408.75
7 MAR 2023,229.5,231.5,229.5,230.25,15,2605,600199
3 MAR 2023,229.5,229.5,229.5,225,2,4,918
2 MAR 2023,224.75,229.5,224,225,6,10215,2298403
1 MAR 2023,219,229,219,220.25,4,10,2259
28 FEB 2023,229.5,229.5,229.5,220.25,2,46,10557
24 FEB 2023,219,228.25,219,220.25,3,35,7896.25
23 FEB 2023,220.5,228.25,220.5,220.25,2,5,1125.75
22 FEB 2023,227,228.25,220.25,220.25,6,1421,313129
21 FEB 2023,228,228,220,220.25,4,363,79990
20 FEB 2023,225,225,225,225,1,5,1125
16 FEB 2023,221,228.25,221,225,16,1032,231068.25
15 FEB 2023,224.75,224.75,224.75,224.75,1,12,2697
14 FEB 2023,204.25,228.5,204.25,224.75,7,26,5417.75
13 FEB 2023,228.5,228.5,221,224.75,5,1061,238531
10 FEB 2023,225.25,225.25,220.75,225,9,8121,1827225.75
9 FEB 2023,225,227.5,225,226.5,5,86,19451.25
8 FEB 2023,230,230,225,226.5,2,26,5975
7 FEB 2023,228.75,230,220.25,226.5,11,960,216658.75
6 FEB 2023,229,229,227,229.75,5,20,4575.25
3 FEB 2023,233,233,232,229.75,4,34,7913
1 FEB 2023,229.75,234,229.75,229.75,6,42,9704.75
31 JAN 2023,220,230,220,229.75,13,12009,2759672.5
30 JAN 2023,224.5,225,208,220.5,7,1029,227111
26 JAN 2023,221.25,221.25,220,220,7,572,125877.5
25 JAN 2023,225,225,220.5,220,4,40,8867.5
24 JAN 2023,222.5,225,220,220,9,1003,220750
23 JAN 2023,225,225,225,225,9,312,70200
20 JAN 2023,225,225,222.5,225,8,65283,14688575
19 JAN 2023,229,229,229,225,1,4,916
18 JAN 2023,230,230,230,225,1,5,1150
17 JAN 2023,222,230,222,225,3,18110,4074769
12 JAN 2023,228,230,226,228.75,6,3652,835776
11 JAN 2023,226,226,226,230,2,10,2260
10 JAN 2023,223,234.5,223,230,7,1536,353098.5
9 JAN 2023,234.5,234.5,234.5,234.5,1,100,23450
5 JAN 2023,230,230,225,226.75,6,2768,627340
4 JAN 2023,232,235,232,235,3,4154,975512
3 JAN 2023,230,237,230,230.75,8,1145,264473
2 JAN 2023,235,235,230.25,235,10,3583,839701.25
29 DEC 2022,235,236,230.25,234.75,7,2968,696626.25
28 DEC 2022,235,236,235,235,4,36,8470
27 DEC 2022,235,235,235,235,2,1064641,250190635
23 DEC 2022,235,235,230,235,9,200446,47104575
22 DEC 2022,231,235,230,235,13,274250,64447504
21 DEC 2022,237.5,237.5,230,235.5,5,54,12729.25
20 DEC 2022,235.5,235.75,235.5,235.5,6,2631,619604.5
19 DEC 2022,244.75,244.75,240,240,10,12000,2880655
16 DEC 2022,241,247,240,240.75,29,10757,2586135.75
15 DEC 2022,235,241,235,240,17,3332,798368.5
14 DEC 2022,231,240,230.25,238.5,31,2081,494084.25
13 DEC 2022,229.5,232,229.5,230,22,9184,2112277.5
12 DEC 2022,225,229,225,228,8,1707,388901
9 DEC 2022,226,226,225,225,8,5436,1223420
8 DEC 2022,225,226,225,225.25,9,11632,2620194
6 DEC 2022,225,225,225,225,7,3487,784575
5 DEC 2022,224,229,224,225,6,1190,267800
2 DEC 2022,220,227.5,217.25,220.5,16,11022,2431900
1 DEC 2022,219.75,225,217,224,17,2115,473457
30 NOV 2022,217,217,217,217,5,2010,436170
29 NOV 2022,215,224.5,215,217,11,2660,578673
28 NOV 2022,215,215,214,214.25,11,15424,3305736
25 NOV 2022,217,217,215,217,2,1050,227750
24 NOV 2022,214,214.25,210.5,212,9,7492,1602988.5
23 NOV 2022,210,210,210,210,2,25,5250
22 NOV 2022,209.5,209.5,209.5,210,2,34,7123
18 NOV 2022,214.75,214.75,205,210,8,10201,2141444
17 NOV 2022,210,210,210,210,3,100,21000
16 NOV 2022,217.5,217.5,214,212.5,12,35,7532.5
15 NOV 2022,218.75,218.75,218.75,212.5,2,5,1093.75
14 NOV 2022,217,217,213,212.5,2,6,1298
10 NOV 2022,214.75,214.75,211,212.5,6,315,67006.5
9 NOV 2022,216,216,212,212,4,170,36100
4 NOV 2022,217.25,217.25,200,200.25,12,7089,1419851.5
3 NOV 2022,217.25,218,212,200,10,914178,205689487
2 NOV 2022,218.5,218.5,205,200,7,36,7453.5
1 NOV 2022,201,201,200.25,200,4,15,3007.5
31 OCT 2022,201.25,201.25,201.25,200,1,5,1006.25
28 OCT 2022,218.5,218.5,218.5,200,2,5,1092.5
27 OCT 2022,201,201,201,200,1,12,2412
26 OCT 2022,200,200,200,200,5,147,29400
25 OCT 2022,201,201,193.5,200,3,18,3580.5
21 OCT 2022,218,219.5,193,200,6,10,2059
20 OCT 2022,200,200,200,200,3,10154,2030800
19 OCT 2022,200.25,219.25,200,200.25,14,1396,283742.75
18 OCT 2022,218.25,219.75,200.25,201,15,1308,263196.75
17 OCT 2022,202.5,202.5,202.5,202.5,3,505,102262.5
14 OCT 2022,200.75,202.5,200.75,202.5,6,173,35030.75
13 OCT 2022,219.75,219.75,201,202.5,6,22,4582.5
12 OCT 2022,205,219.75,201,202.5,14,2926,611129
11 OCT 2022,206,210,206,210,4,11,2286
7 OCT 2022,202.5,215,202.5,210,6,23,4735.5
6 OCT 2022,210,220,210,210,2,10,2150
5 OCT 2022,217,222,215,210,7,68,14861
4 OCT 2022,222,222,210,210,13,197,41684.5
3 OCT 2022,220.25,229.75,210.25,210.25,12,1893,413201.75
30 SEP 2022,229.5,229.5,220.25,220.25,7,1562,344141
29 SEP 2022,226.75,226.75,220.25,220.25,17,1712,377189
28 SEP 2022,220.25,228,220.25,226.75,12,11329,2569440
27 SEP 2022,223,223,220,220.25,13,6300,1387355.5
26 SEP 2022,230,230,225,229,15,403,92160
23 SEP 2022,230,234,230,230.25,25,10578,2434374.5
22 SEP 2022,225,230,225,229.75,23,6476,1485438.25
21 SEP 2022,225,230,225,229.25,27,18985,4354710.5
20 SEP 2022,223,229,223,225,27,252229,56751431
19 SEP 2022,220,220,220,220,9,350,77000
16 SEP 2022,220,224,220,220.75,32,1056,233824
15 SEP 2022,220,221,220,220,31,6812,1498854
14 SEP 2022,218,220,217.75,219.25,25,10573,2316948.25
13 SEP 2022,215,218,206,212,9,1098,232862.25
12 SEP 2022,210,220,210,216.5,12,2670,571474.75
9 SEP 2022,206,215,205,213,10,3924,835427
8 SEP 2022,205,210,204,206,13,10432,2150179
7 SEP 2022,198,234,197,204.5,38,34496,7019611.25
6 SEP 2022,200,202,199,200.75,12,1354,271318.5
5 SEP 2022,200,202.25,197,202,14,1259,254155.25
2 SEP 2022,185,200,185,190.25,32,31845,6054206
1 SEP 2022,181.5,182,181.5,181.5,3,180,32672.5
31 AUG 2022,181.5,182,180,181.25,13,742,134331.5
30 AUG 2022,181.25,181.25,180,181.25,7,33,5955
29 AUG 2022,181,182,175,181.25,7,133,24119
26 AUG 2022,181,181,179.75,180,12,15662,2820897.75
25 AUG 2022,179.75,180,175,180,12,172950,31130984.75
24 AUG 2022,180,180,175,180,13,2685,483290
23 AUG 2022,174,185,170,170.75,14,1712,292217.5
22 AUG 2022,175,180,168.25,172.75,10,121,20905
19 AUG 2022,170,185,170,179.75,34,27427,4929749
18 AUG 2022,170,170,166,166.5,6,589,98029.75
17 AUG 2022,177,177,165.5,167.75,7,2578,432323.5
16 AUG 2022,165.25,177,165.25,170,15,4842,823287.75
15 AUG 2022,164.5,167.5,162,167.25,17,1017,168510.5
12 AUG 2022,164.5,164.5,161,164,9,1963,322113.75
10 AUG 2022,164.5,164.5,164,161,3,18,2952.5
9 AUG 2022,158,164,158,161,5,69,11303.5
8 AUG 2022,161,161,161,161,5,461,74221
5 AUG 2022,160,161,160,159.75,5,32,5140
4 AUG 2022,159.75,161,159.5,159.75,6,173,27652
3 AUG 2022,160,160,156,156,8,6316,985356
2 AUG 2022,160,160,155,155.25,11,73,11393.5
1 AUG 2022,161.75,161.75,158.5,155.25,8,50,7985
29 JUL 2022,159,162.25,155,155.25,13,2290,355893.25
28 JUL 2022,155.25,160,155.25,160,25,35746,5560876
27 JUL 2022,158,158,158,155.25,1,2,316
26 JUL 2022,158,158,154.75,155.25,7,153,23761
25 JUL 2022,158,158,155.75,155.75,7,63,9837.25
22 JUL 2022,158.75,158.75,152.5,155.75,5,30,4604.25
21 JUL 2022,159,159,155,155.75,11,273,42800.75
20 JUL 2022,159.25,159.25,155,158,10,195,30830
19 JUL 2022,159,159,150.5,155,29,1555,236358.25
18 JUL 2022,151,158.75,151,151.25,5,103,15576.25
15 JUL 2022,160,160,150,150.25,30,4226,636145.5
14 JUL 2022,158,158,150,153,28,1939,296520
12 JUL 2022,158.75,160,156,158,20,809,127918
11 JUL 2022,159.75,159.75,158.75,153,6,14,2228.75
8 JUL 2022,155.25,159.75,153,153,18,573,88214.75
7 JUL 2022,155.5,156,155,155,8,760,117812.75
6 JUL 2022,159,159,155.25,152.5,2,4,628.5
5 JUL 2022,158,158,150,152.5,17,626,95737.5
4 JUL 2022,159,159,159,154.75,2,6,954
1 JUL 2022,158.25,159,158.25,154.75,10,41,6516
30 JUN 2022,157,159.5,150,154.75,40,3299,517177.75
29 JUN 2022,157.25,157.25,156.5,155.75,5,42,6576.25
24 JUN 2022,157.5,157.5,155,155.75,8,100,15573.75
21 JUN 2022,160,160,155,156,13,603,94111
20 JUN 2022,160,160,160,160,4,132,21120
16 JUN 2022,157.5,157.5,157.5,160,1,5,787.5
15 JUN 2022,160,160,160,160,3,2505,400800
13 JUN 2022,156,156,155.75,161,4,30,4676.25
10 JUN 2022,161,161,161,161,4,230,37030
9 JUN 2022,165,165,160,160.75,12,1632,262462.5
8 JUN 2022,160.25,160.25,160,160,11,619,99041.5
7 JUN 2022,165,165,160,160.25,8,184,29550
6 JUN 2022,160,165,160,160,8,70,11299.75
3 JUN 2022,168.5,168.5,158,160,7,180,28777.5
2 JUN 2022,161,168.5,161,167.25,4,126,21073.5
1 JUN 2022,159.75,165,159.75,160,10,156712,25223938.25
31 MAY 2022,167,167,160,160.25,19,519,83947.75
30 MAY 2022,168,168,168,168,3,110,18480
27 MAY 2022,169,169,167,167,8,309,51710
26 MAY 2022,169,169,169,161.5,1,11,1859
25 MAY 2022,167,169.75,160,161.5,18,22619,3731634.25
24 MAY 2022,167.75,167.75,160,161.75,41,2826,458507.5
23 MAY 2022,170,170,167.75,167.75,13,312,52383.5
20 MAY 2022,168,171,168,167.75,2,11,1851
19 MAY 2022,166.25,166.25,166.25,167.75,1,14,2327.5
18 MAY 2022,167,199,165,167.75,23,1667,279790
17 MAY 2022,165,165,165,165,21,252284,41626860
13 MAY 2022,168,168,160,165.25,48,92966,14902370
12 MAY 2022,170,170,168,170,8,281,47748.25
9 MAY 2022,168,170,168,168,7,714,120068
6 MAY 2022,170,170,168,168.25,6,513992,82239968
5 MAY 2022,173,173,167,167.75,7,380,63806
4 MAY 2022,173.75,174,173.75,160,4,13,2261.25
29 APR 2022,170,170,155,160,24,160993,25762066.5
28 APR 2022,170,170,169.25,169.75,15,414,70247.25
27 APR 2022,170,170,169.25,169.75,19,937,159201.75
26 APR 2022,170,170,170,172.25,6,74,12580
25 APR 2022,172.25,172.25,172.25,172.25,9,288,49608
8 APR 2022,195.25,195.25,172,173.5,10,701,130229
6 APR 2022,198,198,190,190,4,489,92991
5 APR 2022,170,179.75,170,173.5,5,236,40968.25
4 APR 2022,170,170,166,169.75,15,623,105711.75
1 APR 2022,170,170,170,182.5,6,80,13600
31 MAR 2022,182,188,175,182.5,15,432,78563.25
30 MAR 2022,188,188,176,180,15,7354,1324312.25
29 MAR 2022,183,185,180,184.75,19,1428,260282.75
28 MAR 2022,190,190,181,192.25,9,93,17380
25 MAR 2022,191.25,200,190,192.25,12,739,142010.5
24 MAR 2022,191,196,191,196,12,406,78726
23 MAR 2022,196,196,196,201.5,3,26,5096
22 MAR 2022,200,204.75,195.25,201.5,9,344,69174.5
21 MAR 2022,205,205,205,205,3,1600,328000
16 MAR 2022,191,191,190,190,5,190,36117.5
15 MAR 2022,200,200,199,199.75,8,2329,465471
14 MAR 2022,198,208.5,198,208,9,50651,10130767.75
11 MAR 2022,200,200,199.75,199.75,3,110,21975
10 MAR 2022,186,200,186,199.75,19,3730,740906
9 MAR 2022,198,198,183.75,187.5,15,158,29679.25
8 MAR 2022,196.75,199.75,180,190.75,19,889,169565.5
7 MAR 2022,200,200,197,197,7,583,116206.5
4 MAR 2022,200,200,199,199,9,130,25890
3 MAR 2022,201,205,200,200,25,10602,2143156
2 MAR 2022,205,205,201,205,14,6155,1259775
28 FEB 2022,205,205,200,200,5,143,28779
25 FEB 2022,202,202,199,200,24,723,144599
24 FEB 2022,200.25,210,200,200.5,16,787,158510.5
23 FEB 2022,205,205,200,205,39,7910,1610450.25
22 FEB 2022,210,214,200,213.25,31,2924,597359.25
21 FEB 2022,213.5,213.75,210,211.25,24,1639,345361.25
18 FEB 2022,213.5,213.5,213.5,210,3,16,3416
17 FEB 2022,210,213.5,210,210,4,90,18950
15 FEB 2022,214,214,212,210,7,88,18830
14 FEB 2022,214,214,210,210,12,2011,424435
11 FEB 2022,217,217,208,208.5,13,825,172777.5
10 FEB 2022,210,216,210,216,8,2200,462600
9 FEB 2022,210,217.25,210,210,9,1831,384517.25
8 FEB 2022,210,217.5,210,210,20,10354,2175174
7 FEB 2022,211.25,211.25,210,210.25,25,14213,2987274
3 FEB 2022,210,216,210,210,14,2765,580662
2 FEB 2022,212.5,219,210,217.75,49,6445,1388799.5
1 FEB 2022,219,219,212.75,213,36,30079,6412460.25
31 JAN 2022,213,213,213,213,7,546,116298
28 JAN 2022,213,213.25,210.25,213,14,649,137806.5
27 JAN 2022,218.25,218.5,215,217.5,4,113,24586.5
26 JAN 2022,219,219,215,215.75,14,289,62896.5
25 JAN 2022,218,218,214,215.5,33,2281,494102
24 JAN 2022,217,218,214.25,216.75,26,751,162785.25
21 JAN 2022,214,217,214,216.5,21,1996,428758
20 JAN 2022,213.5,215.75,213.5,215.25,6,214,46081.25
19 JAN 2022,211,215.75,211,215,21,204549,43970249
18 JAN 2022,212,215,211,212,35,8673,1843173.5
13 JAN 2022,210.25,215,209,214.75,8,1515,325400
12 JAN 2022,216.5,216.5,209,210,7,1056,221365
11 JAN 2022,209,213,208.5,208.75,27,44561,9353095.25
10 JAN 2022,210,210,209.5,209.75,22,2683,563219.75
7 JAN 2022,212.5,215,209.5,210,19,677,142378
6 JAN 2022,215,215,208.5,208.75,17,1807,378742
5 JAN 2022,210,215,209.5,210,19,4556,956991.25
4 JAN 2022,215,215,209,209.5,24,764,160592.5
3 JAN 2022,217,217,216.75,215.25,2,15,3252.5
31 DEC 2021,217,217,215,215.25,7,118,25404.5
30 DEC 2021,210,217.25,210,210,12,1131,238024.25
29 DEC 2021,217,217,208,208.25,17,4749,991414.75
28 DEC 2021,209,216.75,208.25,208.25,17,5298,1103795.25
27 DEC 2021,208.25,217,208.25,208.75,21,8056,1680568.5
24 DEC 2021,209,209,208.25,208.25,10,1000,208359.5
23 DEC 2021,209,212,208,209.5,9,2311,484231
22 DEC 2021,208,212,208,208.75,21,4813,1004046.5
21 DEC 2021,208,210,208,208,9,7035,1463350
20 DEC 2021,212,212,209.25,210,8,175,36751.25
17 DEC 2021,210,215,208,208,19,11809,2469367.75
16 DEC 2021,210,210,206.5,207,14,1144,236813.75
15 DEC 2021,210,210,206.5,207,14,381,79391.5
14 DEC 2021,210.5,214.75,205.25,209.75,41,9534,2001458.75
13 DEC 2021,219.25,219.25,210,210,38,10310,2165410.25
10 DEC 2021,210,219.25,210,210,45,12877,2705815.5
9 DEC 2021,210.5,211,209.75,210,25,1683,353481.5
8 DEC 2021,219.75,219.75,210,210.25,23,2923,614907.75
7 DEC 2021,219.75,219.75,210,210.25,43,1888,398942.5
6 DEC 2021,214.5,219,210.5,214.75,15,2244,480073.5
3 DEC 2021,210,214.75,210,210.5,11,675,141996.25
2 DEC 2021,213,213,210,210,19,3943,832496
1 DEC 2021,214.5,214.75,210,211,31,1954,412966.25
30 NOV 2021,216,216,210,210.5,70,5403,1145318
29 NOV 2021,217,220,216.25,216.75,40,3126,678195.75
26 NOV 2021,217.75,219.75,217.75,218.5,27,4559,997372.75
25 NOV 2021,220,220,217.5,220,14,877,192357.5
24 NOV 2021,219.75,219.75,217,217.25,29,2006,436186.25
23 NOV 2021,220,220,218,219.75,23,1287,281568.25
22 NOV 2021,219,223.25,219,220,22,5728,1261475.75
19 NOV 2021,220.25,220.25,218,218.25,30,4311,943654.5
17 NOV 2021,221,221,220,220,33,1207,265944.75
16 NOV 2021,222.25,225,221,221,14,753,166998
15 NOV 2021,224,224,222,221.5,2,8,1790
12 NOV 2021,225,225,221.25,221.5,29,5878,1304204.25
11 NOV 2021,228,228,225,225,6,829,186564
10 NOV 2021,225,228,222,227,29,2659,592075.25
9 NOV 2021,227,227,225.75,225.75,18,357,80680.5
8 NOV 2021,226.75,229.75,225,226,35,398697,90105450.75
5 NOV 2021,233.75,233.75,233.75,226.75,2,22,5142.5
3 NOV 2021,230,230,226.75,226.75,5,179,40796.75
2 NOV 2021,233,233,224,224.5,32,2123,477022.75
1 NOV 2021,230,230,230,230,13,3904,897920
29 OCT 2021,229.75,229.75,229.75,225.25,2,55,12636.25
28 OCT 2021,225.25,229.5,225,225.25,11,996,224266.25
27 OCT 2021,228,229.5,225,225.25,79,4486,1014683.75
26 OCT 2021,227,229.5,226,227.75,41,7097,1613385
25 OCT 2021,230,232,227.25,229.75,20,1228,282197
22 OCT 2021,232,232,231,232,14,101932,23648119
21 OCT 2021,232,232,229,231.75,21,10470,2425882.75
18 OCT 2021,234,235,232,232,7,1302,303565.25
15 OCT 2021,235,235,233,235,5,17774,4176750
14 OCT 2021,234,235,234,235,3,406,95392
13 OCT 2021,233.25,234,233.25,235,3,20,4668.75
12 OCT 2021,235,235,234,235,10,52502,12337969
11 OCT 2021,236,236,235,235,8,4250,998795.25
8 OCT 2021,235.75,236,235,236,12,8373,1969013
7 OCT 2021,235,236,235,235,11,11402,2679806
6 OCT 2021,233,236.5,233,236,22,26704,6300965
5 OCT 2021,230,233,226,235,5,43,9786.75
4 OCT 2021,234,236,230,235,17,339472,79776079.5
1 OCT 2021,230,232,225,230,22,13361,3068973.25
29 SEP 2021,231,231,231,231,19,4002,924462
28 SEP 2021,235,235,230,230.25,38,20804,4808373.5
27 SEP 2021,236.5,237,235,236,5,67,15779
24 SEP 2021,235,237,230.25,236,12,236,55707.25
23 SEP 2021,237,237,230.5,239.25,6,20,4659
22 SEP 2021,230,237,230,239.25,7,26,6065.5
21 SEP 2021,235,235,230,239.25,5,83,19183.75
17 SEP 2021,230.5,239.5,230,239.25,15,1313,304945.25
16 SEP 2021,230,239.5,230,230,23,64649,14869426.5
15 SEP 2021,241.75,241.75,228.5,230.25,9,121,27971
14 SEP 2021,243.25,243.25,243.25,241.25,1,15,3648.75
13 SEP 2021,231,232,231,241.25,2,51,11824
10 SEP 2021,238,242,235,241.25,10,550,132744
9 SEP 2021,227.25,230.25,225,230,19,1555,353464.75
8 SEP 2021,230.25,230.25,226.75,227,26,9404,2134862.75
7 SEP 2021,235,235,235,230,1,1,235
6 SEP 2021,236,238.75,230,230,28,12602,2899349.75
3 SEP 2021,242,243,231,231,21,25473,5891398.75
2 SEP 2021,237,237,231,237,24,732,172860.75
1 SEP 2021,235,235,231.5,232,24,15681,3637541.25
31 AUG 2021,235,235,231,232,12,200,46418
30 AUG 2021,235,235,234,234.25,17,3161,742653.75
27 AUG 2021,237,238,235,235,31,1004,236627.5
26 AUG 2021,237.25,237.5,236.5,236.75,18,1690,400607
25 AUG 2021,240,240,236.5,237.25,17,1481,351594
24 AUG 2021,240,240,237,239.75,19,733472,172381833
23 AUG 2021,240,240,239.25,239.25,10,949,227218.5
20 AUG 2021,240,240,239.25,239.75,17,1421693,341206170
19 AUG 2021,245,245,236,239,7,468,113245
18 AUG 2021,245,245,240.25,245,12,12217,2992246.25
17 AUG 2021,248,248,235.5,247.25,8,132,32621
16 AUG 2021,244,245,240,245,6,154004,37729272
13 AUG 2021,244,244,244,243,2,70,17080
12 AUG 2021,243,243,243,243,2,168,40824
11 AUG 2021,242,243,242,243,9,6341,1540787
10 AUG 2021,250,250,243,243,19,19651,4775909.25
9 AUG 2021,245,247,244,247,7,253,62367
6 AUG 2021,243,245,243,243,3,1097,266573
5 AUG 2021,242.5,243,242.5,243,12,110153,26954582.5
4 AUG 2021,242.25,243,242.25,242.5,6,4061,985814.75
3 AUG 2021,243.75,243.75,240.5,241,8,1453,350292.75
2 AUG 2021,243.75,243.75,240,240.5,15,217,52382.5
30 JUL 2021,243,248.75,243,243,5,1984,482205.75
29 JUL 2021,243,243,241,243,10,3460,834700
28 JUL 2021,249.5,249.5,249.5,245,1,15,3742.5
27 JUL 2021,245,245,245,245,4,6010,1472450
26 JUL 2021,244.5,246,244.5,245,37,37538,9196456.5
22 JUL 2021,245.5,245.5,245,245,26,13535,3316830
20 JUL 2021,246,249,245,245.5,24,2148,526426.5
19 JUL 2021,245,249.25,245,246.75,6,493,121515.25
16 JUL 2021,245,250,245,249.75,9,3726072,931517657.5
15 JUL 2021,249,250,247,247,15,37511,9268490
14 JUL 2021,247,247,247,246.75,3,5,1235
13 JUL 2021,250,250,245.25,246.75,17,60086,14840968.75
12 JUL 2021,250,250,246,249.25,9,1386,344835
9 JUL 2021,249,250.5,249,250,15,1849,462216
8 JUL 2021,246.25,250,246.25,249.75,8,350,87447.5
7 JUL 2021,250,250.5,246.5,247,24,48257,11934306.5
6 JUL 2021,246.75,260,245,250,111,497155,124095930
5 JUL 2021,244,245,240.5,245,56,60090,14716422.25
2 JUL 2021,244,244.25,244,244,23,13240,3230586.75
1 JUL 2021,240,244,240,242.5,15,180585,43878872
30 JUN 2021,243,243,240,240,19,30118,7248586
29 JUN 2021,244,244.75,242.75,243.75,54,92757,22618665.75
28 JUN 2021,243,243,242,242.5,24,166769,40441787
25 JUN 2021,244,244,242.5,243,17,19762,4818441.25
23 JUN 2021,243.5,244.75,243.25,243.75,12,597,145463.5
22 JUN 2021,245,245,243.5,245,12,5902,1445950.5
21 JUN 2021,243,243.75,242.5,242.75,8,9830,2386000
18 JUN 2021,242,244.75,242,242.75,24,585826,142072052.75
17 JUN 2021,242,242,240.5,242,12,5342,1292745
16 JUN 2021,242,242,241,245,2,60,14472
15 JUN 2021,242,242,242,245,1,4,968
14 JUN 2021,240.25,244.75,240.25,245,4,4,970
11 JUN 2021,245,245,243.5,245,5,2037,499063.5
10 JUN 2021,244.75,245,242,244,12,358500,86953748.75
9 JUN 2021,241,244.75,240,240,8,1010,242450
7 JUN 2021,245,245,242.5,242.5,5,4194,1017315
4 JUN 2021,245,245,243,244.75,19,14605,3575922
3 JUN 2021,236,244,235,241.5,7,822,195358
2 JUN 2021,244.75,250,235.25,236,11,813,192533.75
1 JUN 2021,244.75,244.75,240.25,244.75,15,3821,935161.5
31 MAY 2021,235.25,240,235,238.25,13,1333,317354
28 MAY 2021,235,240,232.5,240,53,204762,49069545.25
25 MAY 2021,235,235,235,235,3,196,46060
24 MAY 2021,230.25,233.75,230.25,232.5,10,12364,2870094
21 MAY 2021,230,233,230,230.25,10,3227,742800
20 MAY 2021,233,233,230,230,3,509,117095
19 MAY 2021,232,232,232,232.5,2,3,696
18 MAY 2021,232,233.75,232,232.5,5,1106,256645.5
17 MAY 2021,232,232,232,232,6,2229,517128
13 MAY 2021,232,233.75,232,232,21,330762,76737969
12 MAY 2021,230,233.75,230,230.5,13,504561,117046156.75
11 MAY 2021,226,230,225,225.25,11,453,102051
10 MAY 2021,228,228,226,230.5,4,32,7265
7 MAY 2021,230,234,226,230.5,7,343,79035.25
6 MAY 2021,234,234,234,229,1,2,468
5 MAY 2021,230,230,226,229,8,31,7079
4 MAY 2021,231,231,229,229,3,103,23591
3 MAY 2021,233,233,230,230.25,5,617,142041
29 APR 2021,235,235,235,230,2,22,5170
28 APR 2021,230.25,235,230,230,13,14649,3369456.25
27 APR 2021,230,230,225,230,9,4304,983535
23 APR 2021,231,237,230,231,7,47,10882
22 APR 2021,238,238,231,231,6,4180,966400.25
21 APR 2021,231.5,234,231,234,16,50405,11793148.5
20 APR 2021,234,235,231,234.5,17,93057,21796056.5
19 APR 2021,234.75,234.75,234,234,5,2995,701451.25
16 APR 2021,234.25,234.75,234,234,10,1694,396652.75
15 APR 2021,235.75,235.75,234.25,234,6,26,6121.25
12 APR 2021,235.75,235.75,234,234,3,89,20834.75
9 APR 2021,234.25,234.75,234,234,12,7107,1663085
8 APR 2021,234.75,234.75,233,233.75,8,2021,472432.5
7 APR 2021,234,234.75,233,233.25,11,1973,460390
6 APR 2021,233,234,233,233.25,6,293,68312
5 APR 2021,234.25,234.25,234,234.25,5,334,78234.5
1 APR 2021,233.25,236,233,233.75,5,174,40683.5
31 MAR 2021,237.5,237.5,233,235,3,10,2361.5
30 MAR 2021,238,240,233,235,8,55061,12937533
29 MAR 2021,232.5,232.5,232.5,233,1,3,697.5
26 MAR 2021,233,233,233,233,2,229,53357
25 MAR 2021,237.5,237.75,237.5,233,3,15,3564.75
24 MAR 2021,233.75,237.75,233,233,8,5099,1188276.75
23 MAR 2021,237.75,237.75,233.75,235,4,50,11745.75
22 MAR 2021,235,235,233.75,235,5,652,153218.75
19 MAR 2021,235,235,235,235,1,16636,3909460
18 MAR 2021,233.75,233.75,233.75,238.5,1,10,2337.5
17 MAR 2021,234,243.5,233,238.5,11,550,129897.75
16 MAR 2021,235,235,233,234,7,834,195030
15 MAR 2021,239,239,235,235,13,33204,7803557.5
12 MAR 2021,237.75,240,236.25,240,7,512,122848.5
10 MAR 2021,238,239,238,238,8,8340,1984940
9 MAR 2021,238,238,238,238,2,2000,476000
8 MAR 2021,238,238,235,235,10,6574,1544961.5
5 MAR 2021,235,237,232.5,232.75,10,1520,353622.5
4 MAR 2021,235,235,235,235,5,1056,248160
3 MAR 2021,235,240,235,235.25,6,119,27990
2 MAR 2021,235,235,235,238.5,1,1,235
1 MAR 2021,239,239,235.5,238.5,8,97,22962
25 FEB 2021,237.5,240,235,238.5,18,562,133928.75
24 FEB 2021,237.25,237.25,232.5,230.25,9,72,16858.5
23 FEB 2021,231,237,230,230.25,7,1003,231013
22 FEB 2021,232.25,234,231,234,7,3156,738043.5
19 FEB 2021,233.5,235,233,233.5,12,1760,410779
18 FEB 2021,232,235.25,232,235,47,7714,1800983
17 FEB 2021,231,236,231,234.25,11,246,57546
16 FEB 2021,239.75,239.75,230,234.5,27,4869,1139616.25
15 FEB 2021,238,241,238,239.75,18,1755,418788
12 FEB 2021,236,240,235,237.5,8,958,227440
11 FEB 2021,235,235,230,234.75,71,21596,5005607.75
10 FEB 2021,235,236,232,235,26,22780,5293603.5
9 FEB 2021,232,234,230,232.25,28,56670,13139370
8 FEB 2021,237,237,235,235,31,28469,6692665.5
5 FEB 2021,240,240,235,235.5,22,11777,2772593.75
3 FEB 2021,232,242.25,232,239.5,77,72075,17015685.5
2 FEB 2021,239,239,235,235.75,36,16032,3784299.75
1 FEB 2021,240,242,233,240.25,80,60885,14530645.5
29 JAN 2021,241,241,236,240,53,31988,7667913.5
27 JAN 2021,236,243,234,240.25,67,17443,4135702.5
26 JAN 2021,235,240,232,235.25,76,387658,91104466.25
25 JAN 2021,230,230,229,230,39,29845,6864131.75
22 JAN 2021,220,235,220,230.5,60,498982,110802625.25
21 JAN 2021,216,220.25,215.75,220,19,74569,16403766.75
20 JAN 2021,217.5,217.5,215,218,9,51,11015
19 JAN 2021,219.75,219.75,218,218,23,1856,406620.5
18 JAN 2021,225,225,218.5,218.75,22,1140,250020.75
15 JAN 2021,228,230,224.75,225.5,31,209447,47551660
13 JAN 2021,231.75,234.75,225,228.5,47,25986,5948058
12 JAN 2021,210.5,252,210.5,227.5,117,1023418,230547527.25
11 JAN 2021,215,218,210,210.25,22,3728,791560.5
8 JAN 2021,205,220,205,214.75,50,668150,142364647.75
7 JAN 2021,205,207,201.2,205,16,992,204023.9
6 JAN 2021,205.1,207.5,202,206,13,77,15693.1
5 JAN 2021,202.4,208.9,202.4,206,30,7171,1477261.9
4 JAN 2021,201,205,201,201.4,6,149,30014
31 DEC 2020,200,205.5,200,205,64,29784,6090082.2
30 DEC 2020,200,200.1,200,200,9,5027,1005415
28 DEC 2020,200,200,200,200,6,979,195800
24 DEC 2020,200,203.6,200,202.6,28,929,187403.5
22 DEC 2020,200,200.7,200,200,3,551,110200.7
21 DEC 2020,200,200,199,200,16,4064,812742
18 DEC 2020,198.6,198.6,198.5,198.5,9,1380,273998
17 DEC 2020,198.5,199.9,198.5,198.1,7,59,11751
16 DEC 2020,198,198.5,198,198.1,8,230,45566.5
15 DEC 2020,201,201,196,197.8,23,1942,386974.8
14 DEC 2020,201.5,203.9,201,202.8,25,423,85720.7
11 DEC 2020,200,201,200,200,17,4969,993867
10 DEC 2020,201,201,199.9,200,12,823,164596
9 DEC 2020,200,201.6,200,201,26,1926,386669.4
8 DEC 2020,199.9,200.2,197.9,200,42,5320,1055585.1
7 DEC 2020,197.9,199.7,197.9,198.4,14,176,34909.9
4 DEC 2020,191.1,196.7,191.1,196,32,5363,1050588.5
3 DEC 2020,194.8,195,194.8,195,8,2601,507099.5
1 DEC 2020,194.9,194.9,190.1,190.2,13,15517,2951668.8
30 NOV 2020,194.8,194.9,194.8,190,12,50,9741
27 NOV 2020,190,194.3,190,190,16,12121,2303030.1
26 NOV 2020,192,192.4,190,190,13,15097,2868604.4
25 NOV 2020,190,192,189.6,190,16,42224,8022510.8
24 NOV 2020,189,190.1,188.1,190,21,65077,12364563.8
23 NOV 2020,192.4,192.4,189,190.8,11,170,32478.1
20 NOV 2020,192.4,192.5,192.4,185.6,3,5,962.4
19 NOV 2020,190,190,188.7,185.6,2,9,1704.8
17 NOV 2020,185.5,192.9,185.5,185.6,9,517,95935.9
16 NOV 2020,193,193,193,193,2,497,95921
13 NOV 2020,192.7,193.5,192.7,194.9,2,23,4434.5
12 NOV 2020,193.8,195,193.8,194.9,11,607,118239.3
11 NOV 2020,190,193,190,190.3,6,2958,562093
10 NOV 2020,192.8,195.2,190.1,191,17,5536,1059196.6
9 NOV 2020,191.1,192.8,190,190.1,13,30049,5713433.8
6 NOV 2020,191,195,191,194.9,7,1225,237961.2
5 NOV 2020,192,195,190,194.4,26,70021,13309842.8
4 NOV 2020,192,192.7,192,192.6,15,401459,76280733.7
3 NOV 2020,192,192.8,191,191,8,7908,1513431.6
2 NOV 2020,190.8,192,187.1,186.5,6,25,4753.6
29 OCT 2020,190.8,192.8,187,186.5,10,26,4937.6
28 OCT 2020,187.1,189,187.1,186.5,2,97,18150.6
27 OCT 2020,186.5,186.5,186.5,186.5,1,551,102761.5
26 OCT 2020,189.9,189.9,188,188,9,9064,1704412.5
23 OCT 2020,190,190.1,190,190.1,6,3002,570394.7
22 OCT 2020,188.6,188.6,188.6,190,2,34,6412.4
21 OCT 2020,190.2,190.2,188.5,190,25,921721,175127021.7
20 OCT 2020,190,190.2,190,190,5,50023,9504374
19 OCT 2020,191.9,192.5,191.9,192.4,10,434,83426.3
16 OCT 2020,190,191.9,190,190,11,80376,15271628.7
15 OCT 2020,190.6,191.8,190.6,190.6,4,5,955.4
14 OCT 2020,189.9,191,186.5,190.6,13,1490,283951.1
13 OCT 2020,186,186,186,186,1,100,18600
12 OCT 2020,185.3,188,185.3,187.2,2,744,139283.4
9 OCT 2020,189.9,189.9,188,188,23,31928,6005624.8
8 OCT 2020,187,188.5,187,188.5,12,13139,2470953.5
7 OCT 2020,183.1,183.2,182,182.2,5,479,87284.9
6 OCT 2020,188,189.8,187.9,187.9,9,3007,567652.5
5 OCT 2020,188,188,183.1,183.8,8,345,63423.8
2 OCT 2020,188,189.9,185,188,20,157983,29701404.4
30 SEP 2020,187.9,188,187.9,188,17,23351,4389922.8
29 SEP 2020,187.9,187.9,186.5,188,4,61,11447.9
28 SEP 2020,188,188,186,188,16,3097,581636.5
25 SEP 2020,188,188,187,187.6,18,30459,5726192.9
24 SEP 2020,187.9,188,187.9,187.9,7,302,56755.8
23 SEP 2020,188,188,187,187.6,5,83,15585
22 SEP 2020,185,188,185,187.6,11,598,111937.3
21 SEP 2020,185.1,188.4,185,185,17,11509,2129170
18 SEP 2020,187,187,185,185,24,50716,9388152
17 SEP 2020,185.2,187,185,185.2,18,201597,37295816.6
16 SEP 2020,186,186,185.2,186,3,11,2038.4
15 SEP 2020,188,188,185,186,7,23501,4371110
14 SEP 2020,186,188,185.5,188,11,1323,248543.9
11 SEP 2020,185,188,185,188,6,3913,730185
10 SEP 2020,181,185,181,185,7,180,33277
9 SEP 2020,180.2,185,180.2,185,8,392,72452.8
8 SEP 2020,185,185,185,185,2,22,4070
7 SEP 2020,181.1,186,180,185,9,2068,382326.7
4 SEP 2020,180,186,180,180,4,181,32586
3 SEP 2020,186,186,186,182.8,1,10,1860
2 SEP 2020,189.6,189.6,181.6,182.8,7,225,41024.7
31 AUG 2020,189.8,189.8,180,180.1,22,1649,297104.7
28 AUG 2020,187.5,187.5,170,172.1,48,2089,359464
27 AUG 2020,189,189,187.5,188.8,12,894,168268.5
26 AUG 2020,189.5,189.5,188,188.3,16,1268,238902.5
25 AUG 2020,189,190,189,190,19,2980,565040
24 AUG 2020,189.9,189.9,187.5,188,11,6001,1128232.5
21 AUG 2020,190,190,188,189.7,5,137,26000
20 AUG 2020,189,190,188,188,7,13350,2510050
19 AUG 2020,188,190,188,188.1,5,117,22004
18 AUG 2020,190,190,190,190,2,155,29450
17 AUG 2020,191,191,189.7,189.7,6,925,175518
14 AUG 2020,191,191,190,191,5,335,63982
13 AUG 2020,191,191,190,190,9,20139,3826413
12 AUG 2020,190,191,190,190,5,15033,2856303
11 AUG 2020,192,192,190,190,5,50031,9505951.9
10 AUG 2020,192,192,192,192,1,50,9600
7 AUG 2020,192,192,192,192,1,97,18624
6 AUG 2020,194.5,194.5,188,192,20,916,176128.1
5 AUG 2020,192,194.4,192,192.4,19,267,51361.4
4 AUG 2020,189.9,194.9,189.1,193.4,19,709,137086.2
31 JUL 2020,185,185.1,185,185,3,5010,926851
30 JUL 2020,188.9,188.9,184.1,184.8,11,558,103121.2
29 JUL 2020,185,190,185,190,7,153,28975
28 JUL 2020,190,193.9,190,190,11,444,84371.7
27 JUL 2020,197,197,185,185,32,200806,37152324.6
23 JUL 2020,182,182,182,182,5,405,73710
22 JUL 2020,182,182,182,182,5,107,19474
20 JUL 2020,181,185.9,181,184.4,3,610,112459
17 JUL 2020,181,181,181,181,10,303,54843
16 JUL 2020,181.1,183,180.1,181,20,5175,936724.6
15 JUL 2020,181,181,181,181,3,102,18462
14 JUL 2020,182,184,181,182,7,10771,1959307
13 JUL 2020,180.2,184.1,180.2,181,9,552,100872.8
10 JUL 2020,182.8,189.5,182.8,184.6,5,140,25847.5
9 JUL 2020,182.8,189,182.8,182.9,5,421787,77187105.8
8 JUL 2020,190,190,182.5,182.9,17,376,68762.5
7 JUL 2020,182,182,182,185.1,1,3,546
3 JUL 2020,193,193,185.1,185.1,7,445,82500.5
2 JUL 2020,190,192.9,190,185.1,9,95,18055.8
1 JUL 2020,186.7,189,185,185.1,11,2288,423480.2
30 JUN 2020,190,194.5,190,193.5,22,117,22638.9
26 JUN 2020,190,190,190,190,1,100000,19000000
25 JUN 2020,190,190,189.8,190,8,2150,408489
24 JUN 2020,185,190,185,185,10,209,38819.9
23 JUN 2020,190,191.4,185,185,12,286,53071.9
22 JUN 2020,190,190,187,182.2,2,2,377
19 JUN 2020,185.1,187,182.1,182.2,8,155,28301.7
17 JUN 2020,190,190,185.2,190,6,200113,38020951.6
15 JUN 2020,178.1,180,178.1,178.1,4,141,25114
12 JUN 2020,150,195,150,194.3,41,10480,2016513.1
11 JUN 2020,188,189.5,188,188.1,4,110,20695
10 JUN 2020,180.5,188,180,180.5,19,70492,12694194
9 JUN 2020,188.2,188.2,188.2,180.7,1,1,188.2
8 JUN 2020,180.5,188.2,180.5,180.7,10,1879,339566
4 JUN 2020,185,185,180.5,180.6,4,681,123785
3 JUN 2020,189.8,189.9,180.5,180.7,13,3025,546826.9
2 JUN 2020,180.5,183,180.5,183,11,3200,580862.5
29 MAY 2020,183,190.5,180,188.8,10,103,19448.4
28 MAY 2020,190.8,190.8,178.6,185.2,4,112,20747.5
26 MAY 2020,189.8,190,176.5,179.5,41,525,98249.8
22 MAY 2020,181,181,180,180,5,1800,324010.1
21 MAY 2020,184.9,184.9,184.9,175.7,2,34,6286.6
20 MAY 2020,184.8,184.8,184.8,175.7,1,1,184.8
19 MAY 2020,179.9,184.5,174.5,175.7,11,913,161685.4
18 MAY 2020,170,174.5,170,171.7,6,664,113807
15 MAY 2020,173,173,172,172.1,5,200,34410
14 MAY 2020,171,171.7,170.9,171.3,9,2527,432386.2
13 MAY 2020,169,172,157,171.7,14,1145,187139
12 MAY 2020,160,168,158,160.6,28,287688,46030838.1
11 MAY 2020,165,165,165,170,2,4,660
20 MAR 2020,170,170,169,170,19,15166,2578210
13 MAR 2020,185,185,175,175,15,32012,5602201.7
12 MAR 2020,189,189,185,189,3,20,3724
11 MAR 2020,189,189,186.5,189,7,531,100352
10 MAR 2020,175,186,175,185,5,1476,272953
6 MAR 2020,187.2,189,185,189.9,8,66,12239.6
5 MAR 2020,189,189,189,189.9,2,12,2268
3 MAR 2020,189.9,189.9,189.9,189.9,2,102,19369.8
2 MAR 2020,190,190,190,190,1,9,1710
28 FEB 2020,190,190,187,190,10,10019,1903583.1
27 FEB 2020,188,190,188,190,5,3500,664900
25 FEB 2020,185.3,186,185.2,190,4,24,4456.5
24 FEB 2020,190,190,190,190,1,5,950
20 FEB 2020,190,190,189.9,190,2,10,1899.4
19 FEB 2020,190,190,189.8,190,3,9218,1751218
18 FEB 2020,190,195,190,191.2,20,292615,57037768.3
17 FEB 2020,190,190,190,190,3,207,39330
14 FEB 2020,195,195,190,190,5,635,123185
13 FEB 2020,190.5,190.5,190,190.3,9,517,98410.6
12 FEB 2020,193.5,193.5,192,192,7,1125,216187.5
11 FEB 2020,194.9,194.9,194.9,195,2,44,8575.6
10 FEB 2020,195,195,195,195,18,300227,58544265
6 FEB 2020,197.9,197.9,197.8,198.2,3,7,1385.2
5 FEB 2020,197.9,197.9,190.2,198.2,5,86,16590
3 FEB 2020,190,190,190,198.2,1,1,190
31 JAN 2020,190,198,190,198.2,2,3,578
29 JAN 2020,198.9,198.9,190,198.2,5,145,28742.6
28 JAN 2020,190,190,190,190,1,30,5700
27 JAN 2020,191,191,190,190,4,1300,247025
24 JAN 2020,190,199,190,190,19,255691,48583391.9
23 JAN 2020,190,195,190,189.2,6,14,2675
22 JAN 2020,190,190,189,189.2,2,218,41252
21 JAN 2020,195,195,190,190,3,28,5326
20 JAN 2020,190,190,190,190,2,1011,192090
16 JAN 2020,199.9,199.9,199,199,7,107,21299.3
13 JAN 2020,190,192,190,190.1,3,270,51320
9 JAN 2020,198.9,198.9,198.9,187.8,1,1,198.9
8 JAN 2020,205.9,205.9,185,187.8,21,298,55974.2
7 JAN 2020,194.9,195,194.9,195,7,20038,3907385.2
6 JAN 2020,194.4,195,193,195,3,1064,207392.4
3 JAN 2020,188.1,194,188,193,3,33,6354.4
2 JAN 2020,190.3,193,190,193,5,32,6084.8
31 DEC 2019,193,195,193,193,6,2254,435028
30 DEC 2019,195,195,193,193,3,82,15855
27 DEC 2019,195,195,195,193,2,7,1365
26 DEC 2019,193.1,195,193,193,7,239,46306.8
24 DEC 2019,195,195,195,194,1,2,390
20 DEC 2019,195,195,193.1,194,2,2,388.1
19 DEC 2019,194.5,195,194.5,194,2,16,3117
18 DEC 2019,194,194,194,194,6,118001,22892194
17 DEC 2019,194.9,194.9,194,194,9,32061,6219867.3
12 DEC 2019,199.9,199.9,191.1,191.1,6,64,12780.8
9 DEC 2019,199.9,199.9,199.9,191.1,1,1,199.9
5 DEC 2019,192,192,191.1,191.1,5,225,42999.4
4 DEC 2019,190,203.7,190,195,11,31,6028.1
3 DEC 2019,194,200.9,194,195,6,25051,4884950.9
2 DEC 2019,194,195,191,195,14,27070,5276488
29 NOV 2019,200,200,193,196.7,10,1633,321300.9
28 NOV 2019,199.9,199.9,192,195,16,51179,9985571.5
27 NOV 2019,195,198.9,194.9,195,10,566,110377.3
26 NOV 2019,190.1,195,190.1,194.8,10,10545,2053604.5
25 NOV 2019,190,190,190,188.8,1,16,3040
22 NOV 2019,188.6,190,188,188.8,9,181,34174.1
21 NOV 2019,188.5,188.5,188.5,188.5,5,200,37700
20 NOV 2019,188.4,195,188.4,195,6,3046,593943.2
19 NOV 2019,195.1,195.1,188.3,195,7,3128,609942.6
18 NOV 2019,195,195,188.2,195,23,326172,63603487.7
15 NOV 2019,194,194,190,190,9,36226,6882984
13 NOV 2019,194.9,194.9,188,189.3,2,5,960.7
8 NOV 2019,195,195,188,189.3,10,204,38581.9
7 NOV 2019,190,190,190,190,8,11329,2152510
6 NOV 2019,190,190,190,190,3,809,153710
5 NOV 2019,194,194,189,189.2,2,181,34244
4 NOV 2019,187.5,187.5,187.5,187.5,3,101,18937.5
1 NOV 2019,194,194,194,194.7,1,10,1940
30 OCT 2019,194,194.7,194,194.7,9,93,18049
29 OCT 2019,194,194,194,194.7,1,3,582
28 OCT 2019,194.7,194.7,194.7,194.7,1,15,2920.5
28 OCT 2019,194.7,194.7,194.7,194.7,1,15,2920.5
25 OCT 2019,194.7,194.7,194.7,194.7,2,1001,194894.7
24 OCT 2019,194.9,194.9,194.7,194.7,3,109,21224.1
23 OCT 2019,186,194.9,186,195,5,68,12737
22 OCT 2019,194,195,194,195,11,1000,194963.7
21 OCT 2019,194,194,194,190,1,13,2522
18 OCT 2019,191,191,189,190,4,1015,192863
16 OCT 2019,189.9,189.9,185,185,6,58,10789
15 OCT 2019,191,191,189.9,185,2,11,2090
14 OCT 2019,186,186,185,185,14,914,169131
11 OCT 2019,193.9,194,193.9,186,5,12,2327.3
7 OCT 2019,193.9,193.9,193.9,186,1,10,1939
1 OCT 2019,185,186,185,186,5,1114,206200
30 SEP 2019,191.5,191.5,185,185.1,5,5110,946001
27 SEP 2019,193.9,194,185,185,89,438344,81093772.9
26 SEP 2019,194.8,194.8,185,185,42,98972,18309870.7
25 SEP 2019,193,195,190.3,190.7,7,146,27997
24 SEP 2019,185.2,185.2,185,185,5,114,21091.4
20 SEP 2019,193,193,193,193,2,100,19300
19 SEP 2019,187,187,187,189,2,46,8602
17 SEP 2019,188.9,189,188.9,189,3,1000,188999.3
16 SEP 2019,186.1,188.9,186.1,188,2,16,3019.6
12 SEP 2019,188,188,188,188,1,1000,188000
11 SEP 2019,188,188,186.2,188,14,12073,2269719.7
10 SEP 2019,189,189,187,188,5,5256,988060
9 SEP 2019,187,189,187,187,1,20000,3740000
6 SEP 2019,189,189,189,189,3,81,15309
5 SEP 2019,189,189,189,189,2,2400,453600
4 SEP 2019,189,189,189,189,1,1,189
3 SEP 2019,189,190,186.3,189,3,10005,1890946.3
2 SEP 2019,192.5,193,192.5,185.6,2,2,385.5
30 AUG 2019,185.6,193,185.6,185.6,3,4802,891288.2
29 AUG 2019,189,189,189,185.8,1,6,1134
28 AUG 2019,186.3,186.3,185,185.8,20,6381,1185573.2
27 AUG 2019,189,191.9,189,189,16,42805,8090150.8
23 AUG 2019,185.5,192.8,185.2,189.3,7,100,18927.2
22 AUG 2019,190,190,189,189,3,76702,14496680
21 AUG 2019,185.6,190,185.5,185.5,4,1011,187590.1
20 AUG 2019,187.1,187.1,187,187,3,1977,369864
19 AUG 2019,193.2,193.2,185.3,185.4,10,286,53100.2
16 AUG 2019,189,189.1,189,189,9,37398,7068231.8
15 AUG 2019,188.1,188.1,185.1,185.4,4,1360,252200.1
13 AUG 2019,188,188,188,183.8,1,19,3572
9 AUG 2019,188.5,188.9,180,183.8,26,719,132609.5
8 AUG 2019,189,189,188.9,189.9,2,31,5858.9
7 AUG 2019,189.1,189.1,189,189.9,3,21,3970
6 AUG 2019,188.7,189.9,188.6,189.9,8,5780,1097168
5 AUG 2019,190,190.1,190,190,5,15252,2897905.2
2 AUG 2019,190,190,189,190,7,42081,7995336
1 AUG 2019,190,190,190,190,4,2200,418000
31 JUL 2019,190.1,190.1,189.8,190,8,29680,5639272
30 JUL 2019,190,194,190,190,2,11,2094
29 JUL 2019,189.5,193,188.5,190,5,22075,4194217.5
26 JUL 2019,192.1,192.1,190,190,16,74882,14231264.6
25 JUL 2019,194,194,194,194.1,2,15,2910
24 JUL 2019,192,194.4,192,194.1,9,3589,696773.6
23 JUL 2019,194.5,194.5,194.5,189.3,2,2,389
22 JUL 2019,191.5,194.5,189,189.3,15,1005,190295.1
19 JUL 2019,191,194.6,191,191,2,1001,191194.6
18 JUL 2019,192,192,190,191,9,200,38200
15 JUL 2019,191,191,190,190.2,21,18646,3545757.7
12 JUL 2019,194.9,194.9,194.7,192.5,6,39,7595.7
11 JUL 2019,192,192,192,192.5,1,5,960
10 JUL 2019,193,193,192.5,192.5,5,2611,502622
9 JUL 2019,194.9,194.9,194,191,3,6,1165.8
8 JUL 2019,194.9,194.9,194.9,191,3,11,2143.9
5 JUL 2019,191,191,191,191,2,550,105050
5 JUL 2019,191,191,191,191,2,550,105050
4 JUL 2019,190,190,189,189,19,50700,9632833
3 JUL 2019,190,190,190,190,3,140,26600
2 JUL 2019,192,192,190,190,6,20033,3806320
1 JUL 2019,194.9,194.9,194.9,190,1,1,194.9
28 JUN 2019,190,190,190,190,8,4000,760000
27 JUN 2019,190,190,190,190,10,1145,217550
26 JUN 2019,191,194,188.5,190,38,13669,2597094.1
25 JUN 2019,190.2,194,190.2,190.2,5,530,100809.8
24 JUN 2019,190.1,190.2,190.1,190.1,11,57757,10979667.1
21 JUN 2019,194.9,194.9,190.5,194.9,23,35239,6867776.1
19 JUN 2019,194.9,195,194.9,195,21,36009,7018185.5
18 JUN 2019,194.9,194.9,191,191,4,1692,323176.4
14 JUN 2019,195,195,194.5,194.8,8,3232,630200
13 JUN 2019,195,195,195,195,2,1001,195195
12 JUN 2019,200,200,195,195,12,21009,4096789
10 JUN 2019,195,195,195,195,5,4939,963105
7 JUN 2019,190,194.9,190,190,20,39267,7460869.3
6 JUN 2019,190.1,190.1,190,190,2,101,19190.1
4 JUN 2019,192.3,192.3,190,190,25,3758,714831.7
3 JUN 2019,195,195,195,193.2,1,11,2145
31 MAY 2019,193.5,193.5,193,193.2,2,40,7737.5
30 MAY 2019,195,195,195,193.2,2,4,780
29 MAY 2019,193.2,193.2,193.2,193.2,5,114,22024.8
28 MAY 2019,193.5,193.5,191,195,5,21,4024.5
24 MAY 2019,195,195,195,195,2,111,21645
23 MAY 2019,194,195,194,194.5,5,1961,381409
22 MAY 2019,194,194,194,193,1,5,970
21 MAY 2019,192,193,192,193,12,3857,742382.1
17 MAY 2019,192,194,192,193.1,7,1052,203002
16 MAY 2019,194,195,194,195,11,50643,9872385
15 MAY 2019,195,195,193.1,193.1,8,5139,1001840.9
14 MAY 2019,200,200,191.5,191.5,6,2264,434874
13 MAY 2019,197,199.9,197,197,255,250561,49360534.4
10 MAY 2019,197,197,197,195,1,74,14578
9 MAY 2019,195,195,194,195,8,73122,14258788
8 MAY 2019,196,196,196,196,3,155,30380
7 MAY 2019,197,198,196,197.6,4,158,31223
6 MAY 2019,197,197,197,201,1,10,1970
3 MAY 2019,197,197,197,201,1,30,5910
2 MAY 2019,197,197,197,201,1,5,985
30 APR 2019,200,202,200,201,5,100,20097.9
29 APR 2019,195.1,196,195.1,196,6,614,120239.6
25 APR 2019,198,198,190,197.5,4,324,63992.2
24 APR 2019,201.8,201.8,198,189.3,3,500011,100002181.8
23 APR 2019,200,202,185,189.3,10,150,28411.7
16 APR 2019,202,202,202,200.1,1,4,808
11 APR 2019,201,201.9,200,200.1,5,804,160902
9 APR 2019,203.8,205.1,203.8,205,11,11831,2424352.8
8 APR 2019,203.8,203.8,200,200,10,25135,5027152.6
5 APR 2019,203.8,203.8,203.8,200,1,1,203.8
4 APR 2019,203.9,203.9,203.9,200,3,30,6117
3 APR 2019,200,200,200,200,3,365,73000
2 APR 2019,200,200,200,200,1,10,2000
1 APR 2019,200,200,200,200,5,10,2000
29 MAR 2019,200,200,198,200,5,17435,3486998
28 MAR 2019,200,200,200,200,2,153,30600
27 MAR 2019,200,200,199.9,200,7,9187,1837399.4
26 MAR 2019,200,200,200,195.5,1,10,2000
25 MAR 2019,195,200,195,195.5,3,533,104185
22 MAR 2019,191.3,191.3,191.3,200,1,1,191.3
21 MAR 2019,199.9,200,199.9,200,4,5735,1146999.9
18 MAR 2019,200,200,195,200,11,6258,1221401.5
15 MAR 2019,200,200,190.1,200,4,81,16101.9
13 MAR 2019,200,200,200,200,10,89281,17856200
12 MAR 2019,200,200,198,200,15,57819,11563796
11 MAR 2019,200.1,201.3,200,200.1,3,106,21207.8
7 MAR 2019,201.7,201.4,201.2,201.7,3,65,13090
6 MAR 2019,201.7,200,200,201.7,1,13,2600
1 MAR 2019,201.7,202,200.1,201.7,4,2005,404400.5
28 FEB 2019,200,200,200,200,1,11,2200
27 FEB 2019,200,200,200,200,2,1188,237600
26 FEB 2019,200,200,196.5,200,2,302,60393
25 FEB 2019,196.1,202.5,196,196.1,4,118,23161
22 FEB 2019,200,200,200,200,4,1736,347200
21 FEB 2019,196,196,196,196,1,150,29400
20 FEB 2019,200,200,200,200,4,5000,1000000
18 FEB 2019,200,200,200,200,2,2500,500000
15 FEB 2019,200,200,200,200,2,79726,15945200
14 FEB 2019,200,200,200,200,2,15500,3100000
13 FEB 2019,200,204.9,204.9,200,1,6,1229.4
12 FEB 2019,200,200,200,200,1,285,57000
11 FEB 2019,200,200,200,200,2,170664,34132800
8 FEB 2019,201,204.9,200,201,7,1358,272679.1
7 FEB 2019,200,205,200,200,4,10345,2070725
6 FEB 2019,200,209,193.7,200,5,13,2638.1
1 FEB 2019,200,200,198,200,9,6176,1232806
31 JAN 2019,200,198,198,200,1,1,198
29 JAN 2019,200,198,193.6,200,3,42,8140.1
28 JAN 2019,200,200,200,200,4,16611,3322200
24 JAN 2019,203.7,205,200,203.7,6,156,31786.4
23 JAN 2019,200,200,200,200,4,33625,6725000
21 JAN 2019,192.4,192.4,192.4,192.4,1,345,66378
18 JAN 2019,198,192,192,198,1,5,960
16 JAN 2019,198,196.6,190,198,2,11,2096.6
10 JAN 2019,198,198,198,198,2,87,17226
9 JAN 2019,198,198,198,198,2,399,79002
7 JAN 2019,200,197,197,200,1,26,5122
4 JAN 2019,200,200,200,200,1,1,200
28 DEC 2018,200,201,200,200,3,1177,235401
27 DEC 2018,200,200,196.1,200,2,10001,2000196.1
26 DEC 2018,200,200,196,200,4,3924,784796
21 DEC 2018,200,200,200,200,1,10,2000
20 DEC 2018,200,201,200,200,6,1802,360719
18 DEC 2018,195,195,195,195,1,200,39000
13 DEC 2018,200,200,200,200,2,50,10000
10 DEC 2018,200,196,196,200,1,11,2156
7 DEC 2018,200,196,196,200,1,15,2940
5 DEC 2018,200,195.1,195,200,2,11,2145.1
4 DEC 2018,200,197,197,200,1,1,197
3 DEC 2018,200,195.1,195.1,200,1,1,195.1
30 NOV 2018,200,200,200,200,2,2,400
28 NOV 2018,200,200,200,200,2,10,2000
27 NOV 2018,200,200,200,200,7,122545,24509000
26 NOV 2018,197,197,195,197,4,1015,198925
21 NOV 2018,200,200,199.9,200,4,51061,10212196.6
16 NOV 2018,200,200,200,200,1,3,600
15 NOV 2018,200,200,195.3,200,14,222988,44597581.2
14 NOV 2018,200,200,200,200,2,6,1200
13 NOV 2018,200,200,200,200,1,6,1200
12 NOV 2018,200,202,200,200,3,11,2212
9 NOV 2018,200,200,200,200,3,23922,4784400
8 NOV 2018,197.5,200,197.5,197.5,3,516,101912.5
7 NOV 2018,199.9,200,195,199.9,6,1031,206046
5 NOV 2018,200,198,198,200,1,1,198
2 NOV 2018,200,200,200,200,2,7,1400
1 NOV 2018,200,202,199.9,200,15,28390,5678190
31 OCT 2018,197.9,197.9,197.9,197.9,1,100,19790
30 OCT 2018,196.3,196.3,196.2,196.3,2,150,29437.5
26 OCT 2018,195,195,195,195,5,476,92820
25 OCT 2018,195,195.1,195,195,3,173,33736
18 OCT 2018,200,200,195.1,200,5,38,7595.1
17 OCT 2018,200,200,195.1,200,9,7520,1503529.6
16 OCT 2018,200,200,200,200,1,14,2800
15 OCT 2018,200,200,197.9,200,13,222401,44479929.1
12 OCT 2018,197.9,198,197.9,197.9,3,111,21968
11 OCT 2018,200,200,200,200,18,12841,2568200
10 OCT 2018,200,200,200,200,6,72627,14525400
8 OCT 2018,198.1,199.9,199.9,198.1,1,67,13393.3
5 OCT 2018,198.1,199.9,195,198.1,3,107,21192.4
4 OCT 2018,195,195.1,195,195,3,343,66886
3 OCT 2018,195.3,195.5,195,195.3,6,105,20505.3
1 OCT 2018,199.9,195.8,195.6,199.9,3,75,14681
28 SEP 2018,200,200,199.9,199.9,2,100,19990.9
27 SEP 2018,200,200,200,197.9,2,5,1000
26 SEP 2018,197.9,197.9,197.9,197.9,2,200,39580
25 SEP 2018,195,197.9,195,197.8,6,9572,1893234.7
21 SEP 2018,197.8,197.8,195,197.9,3,7,1379
19 SEP 2018,197.9,197.9,197.9,197.9,2,466,92221.4
18 SEP 2018,205,205,200,204,6,12396,2528746
17 SEP 2018,209.9,209.9,204,204,4,7439,1517665
14 SEP 2018,207.5,207.5,207.5,207.5,2,100,20750
13 SEP 2018,207,207.5,207,205,3,192211,39403267.5
12 SEP 2018,203,205,203,205,12,1805717,370169078.7
11 SEP 2018,204.9,204.9,204.9,205,2,23,4712.7
7 SEP 2018,205,205,205,205,1,10,2050
6 SEP 2018,203,205,203,205,12,18110,3708826.8
5 SEP 2018,203,203,203,203,2,40,8120
4 SEP 2018,203,203,203,203,6,85,17255
3 SEP 2018,203,203,203,203,1,15,3045
31 AUG 2018,197.8,204,197.8,203,3,5,995.2
30 AUG 2018,200,203,200,203,7,3239,657004
29 AUG 2018,202.9,203,202.8,203,10,5503,1117028.1
28 AUG 2018,195.8,195.8,195.8,202.6,1,4,783.2
27 AUG 2018,200,203,195.8,202.6,10,213,43156.1
24 AUG 2018,202.9,202.9,202.9,203,2,2,405.8
23 AUG 2018,199.9,203,199.9,203,11,147145,29863980.7
20 AUG 2018,200,200,200,197.7,1,1,200
17 AUG 2018,195.5,199.8,195.5,197.7,3,100,19768
16 AUG 2018,199.9,199.9,199.9,195.1,3,25,4997.5
14 AUG 2018,197,197,195.1,195.1,3,100,19513.8
13 AUG 2018,198.1,198.1,198,195.1,4,16,3168.2
10 AUG 2018,200,200,200,195.1,4,10,2000
9 AUG 2018,200,200,195.1,195.1,3,1817,355001.4
8 AUG 2018,200,200,200,200,4,53,10600
7 AUG 2018,200,200,200,200,2,33728,6745600
6 AUG 2018,202,202,202,196.5,2,21,4242
3 AUG 2018,200,200,196,196.5,10,769,151176.1
2 AUG 2018,200,200,200,200,5,31844,6368800
1 AUG 2018,200,200,200,200,1,2,400
31 JUL 2018,200,200,200,200,1,1,200
30 JUL 2018,199.9,199.9,199.9,200,1,2,399.8
26 JUL 2018,200,200,200,200,1,360,72000
23 JUL 2018,204,204,204,200,1,30,6120
17 JUL 2018,200,200,200,200,6,5386,1077200
16 JUL 2018,200,200,196,196,3,406,79616
13 JUL 2018,200,205.2,200,203.6,15,7100,1445217.1
11 JUL 2018,198,198,198,200,1,2,396
9 JUL 2018,200,200,200,200,5,8600,1720000
6 JUL 2018,201.9,201.9,201.9,200,1,1,201.9
5 JUL 2018,200,200,193.1,200,9,187099,37419793.1
4 JUL 2018,200,200,200,200,2,11629,2325800
3 JUL 2018,199.6,200,199.6,200,25,263471,52693440
2 JUL 2018,192,192,192,199.6,1,23,4416
29 JUN 2018,196,200,196,199.6,8,2000,399289.9
28 JUN 2018,193.9,193.9,190,191.2,9,344,65778.6
26 JUN 2018,199.8,199.8,193.8,200,2,17,3384.6
22 JUN 2018,192.9,192.9,192.9,200,1,1,192.9
21 JUN 2018,200,200,200,200,23,69037,13807400
20 JUN 2018,190,200,190,200,11,265,51864.1
19 JUN 2018,202.8,202.8,190,200.6,3,974,195350
18 JUN 2018,200.1,202.8,200.1,200.1,8,2025,405244
14 JUN 2018,200.1,200.1,200.1,200.1,1,28493,5701449.3
13 JUN 2018,200,200.8,200,200,7,1507,301400.9
12 JUN 2018,202.8,202.8,200,200,3,330,66002.8
11 JUN 2018,200,202.8,200,200,7,3605,721005.6
8 JUN 2018,198,200,198,200,16,105502,21100190
7 JUN 2018,197.6,197.7,197.6,197.7,2,101,19967.6
6 JUN 2018,200,202.9,200,200,16,6408,1283729.3
5 JUN 2018,200,200,200,199.8,3,88,17600
4 JUN 2018,198,200.2,197,199.8,41,615650,123094319.9
1 JUN 2018,198,198,198,198,4,1236,244728
30 MAY 2018,202,202,200,200,3,2300,460004
28 MAY 2018,202,202,202,202,1,15000,3030000
25 MAY 2018,200,200,200,200,5,9113,1822600
24 MAY 2018,203.9,203.9,200,203.7,3,631,128563.4
22 MAY 2018,200,204,199,204,16,32583,6526010.2
21 MAY 2018,198,200,198,200,15,11416,2274629.2
18 MAY 2018,199.2,199.2,199.2,199.2,1,200,39840
17 MAY 2018,198,198,198,198,1,2,396
16 MAY 2018,198.1,198.1,198,198,3,3618,716699.2
15 MAY 2018,199,199,198,198,6,6066,1201134
14 MAY 2018,198,198.2,198,198.1,5,716,141842.5
11 MAY 2018,199.2,199.2,199.2,199.2,2,216,43027.2
10 MAY 2018,200,200,200,199.2,1,10,2000
9 MAY 2018,198.3,198.3,198.2,199.2,2,11,2180.7
8 MAY 2018,198.5,200,198.3,199.2,6,20021,3987175.5
4 MAY 2018,204.8,204.8,204.8,202.2,1,1,204.8
2 MAY 2018,202,202.9,202,202.2,5,838,169413.7
1 MAY 2018,202.9,202.9,200,199.7,7,81,16265
27 APR 2018,199,200.2,199,199.7,15,26501,5293061
25 APR 2018,198.9,199.9,198.9,199.1,9,1301,258981.7
24 APR 2018,196,196,196,196,5,9158,1794968
23 APR 2018,196,197.5,196,196,15,160207,31400809
19 APR 2018,199,200,198,198.4,7,303,60118.9
18 APR 2018,193,200,193,198.3,48,5306,1056343.6
17 APR 2018,193.1,195,193,195,19,2725,530555
16 APR 2018,195,195,195,193,1,1,195
10 APR 2018,193.1,193.1,193,193,7,2754,531539.1
9 APR 2018,193,193.9,193,193,4,221,42662
6 APR 2018,192.2,192.2,192.2,193,1,29,5573.8
5 APR 2018,193,193.1,193,193,3,38,7335
4 APR 2018,193,193,192.2,193,2,11,2121.4
3 APR 2018,193.9,193.9,193,193,11,9322,1802805.4
2 APR 2018,194.9,195,190,194,17,2436,471546
29 MAR 2018,194.4,195,192.6,194.9,13,5018,978187.3
28 MAR 2018,195,195.9,194,194,24,865,168130.4
27 MAR 2018,196,196,194,196,2,10001,1960194
26 MAR 2018,195,198.5,194,196,22,59948,11741782
23 MAR 2018,186,195,185,194.1,79,112215,21582130.7
22 MAR 2018,185,189.7,185,185.1,27,1662,307585.8
21 MAR 2018,200.2,200.2,180,184.2,45,2368,438763.3
20 MAR 2018,206.9,207,205,205.1,23,3736,766339.7
19 MAR 2018,205,207,204.8,204.9,16,1019,208752.5
16 MAR 2018,204.1,207,203,204.8,25,20452,4186777.2
15 MAR 2018,204,204.9,204,202,5,10,2043.6
14 MAR 2018,204,204,204,202,2,97,19788
13 MAR 2018,202,204.9,200.6,202,12,77,15483.6
12 MAR 2018,200.1,204.9,200,202,7,2092,419659.8
9 MAR 2018,204.9,204.9,204.4,200.1,5,7,1431.9
8 MAR 2018,204.9,205,200,200.1,40,83003,16607916
7 MAR 2018,204.9,205,200,204,39,30734,6150402.2
6 MAR 2018,202,205,202,202,19,1285,260034.8
5 MAR 2018,202,202,202,202,1,1000,202000
2 MAR 2018,200.3,205,200,202.7,19,16025,3208128.5
28 FEB 2018,206.1,207.7,206.1,206.1,9,169,34832.5
27 FEB 2018,206.1,208,206.1,207,9,463,95859.1
23 FEB 2018,208,208,208,207.2,1,35,7280
22 FEB 2018,208,208,208,207.2,1,7,1456
21 FEB 2018,208,208,206,207.2,6,292,60514
20 FEB 2018,207,207,207,208,4,15,3105
15 FEB 2018,208.3,208.3,208,208,2,501,104208.3
14 FEB 2018,203,203,200,200.1,10,483,96629.8
12 FEB 2018,207,207,200.1,200.2,13,2058,416945.2
9 FEB 2018,208,209,207,207,6,709,147762
8 FEB 2018,209,209,207,208.2,3,53,10991.7
7 FEB 2018,207.3,209.5,207.3,208.2,16,386,80346.2
6 FEB 2018,210,210,207.4,209.9,7,1156,242752.4
2 FEB 2018,206,210,206,209.2,59,4460,933382.2
1 FEB 2018,204,204,204,198,1,1,204
30 JAN 2018,198,198,198,198,4,200,39600
29 JAN 2018,198,198,198,198,2,2560,506880
26 JAN 2018,205,205,203.9,204,5,228,46514.8
25 JAN 2018,196,204.8,196,201.2,25,38002,7626787.2
24 JAN 2018,195,195,195,196,3,1171505,228443475
23 JAN 2018,196,196,196,196,2,601,117796
22 JAN 2018,196,196,196,195,1,10,1960
19 JAN 2018,195,195,195,195,5,256473,50012235
18 JAN 2018,195.1,195.1,195,195,4,300,58510.5
17 JAN 2018,199,199,195.5,195,2,6,1190.5
16 JAN 2018,195.1,199,195,195,6,1301,253705.2
12 JAN 2018,195.2,195.2,195,195,4,150,29254
11 JAN 2018,196,196,195,196,27,159148,31193006
10 JAN 2018,196.2,196.4,196,196,26,190691,37376182.1
9 JAN 2018,196.5,199.9,196.2,196.2,8,2080,408231
8 JAN 2018,198,200,196.2,196.4,3,279,54788.6
5 JAN 2018,198,198.2,198,198.1,3,100,19807.5
3 JAN 2018,198,198,198,198,3,15100,2989800
2 JAN 2018,200,200,200,200,1,10000,2000000
29 DEC 2017,199.9,200,199.9,199.9,3,111,22190
21 DEC 2017,198,200,198,200,4,2025,404950
19 DEC 2017,200,200,197,200,4,25,4952
18 DEC 2017,202,202,202,200,1,2,404
15 DEC 2017,200,200,200,200,1,50,10000
14 DEC 2017,200,200,200,200,7,67600,13520000
13 DEC 2017,0,0,N/A,200,1,105000,21000000
11 DEC 2017,200,203,200,200,9,102170,20437000
8 DEC 2017,199.9,199.9,199.9,202,1,50,9995
6 DEC 2017,202,202,202,202,3,260,52520
5 DEC 2017,202,203,202,202,3,507,102416
4 DEC 2017,202,202,202,202,2,1325,267650
29 NOV 2017,202,202,202,204,2,18,3636
28 NOV 2017,203,203,203,204,1,5,1015
27 NOV 2017,204,204.1,204,204,11,769862,157051848.3
24 NOV 2017,208.9,210,204,204,19,495070,100994335.9
23 NOV 2017,204,204,202,203.4,11,6483,1321686.5
22 NOV 2017,202,204,202,203.5,8,6069,1234946
20 NOV 2017,205,205,202,204,7,3648,743968.5
17 NOV 2017,196,204,196,201,27,553378,111235037.5
16 NOV 2017,204.9,204.9,195.9,196.3,9,116,22859.9
15 NOV 2017,195.6,195.6,195.6,204,1,1,195.6
14 NOV 2017,203.9,203.9,203.9,204,1,1,203.9
13 NOV 2017,204,204,203.9,204,2,149,30394
9 NOV 2017,204,204,204,204,2,100,20400
8 NOV 2017,210.5,210.5,200,208,5,133,27662
7 NOV 2017,197.9,198,197.9,197.9,2,35,6929.5
6 NOV 2017,197,198,196.1,197.9,13,7261,1436135
2 NOV 2017,197.2,197.2,197,197,4,400,78804
31 OCT 2017,196,197,196,196,3,2537,497256
30 OCT 2017,199,199.7,196.5,196.5,3,2200,437620
27 OCT 2017,196.1,198.9,196,196,3,12,2381.1
26 OCT 2017,196,199.9,196,196,2,2410,472399
24 OCT 2017,195.5,195.5,195.5,195.5,2,500,97750
23 OCT 2017,195,195,195,196,2,11,2145
20 OCT 2017,196.1,196.1,195,196,6,210,41157
19 OCT 2017,195,195,195,195,3,278,54210
17 OCT 2017,192.2,195,192,192,14,2512,482374.4
16 OCT 2017,199.5,199.5,199.5,200.4,1,2,399
13 OCT 2017,200,203,200,200.4,5,130,26057
12 OCT 2017,200,200,200,200,15,12554,2510800
11 OCT 2017,200.1,200.1,200,203,2,7,1400.1
10 OCT 2017,203,203,203,203,7,2156,437668
9 OCT 2017,203,203.1,203,203,4,153,31059.4
6 OCT 2017,208,209,204,205.4,9,724,148692.1
4 OCT 2017,205,205,205,210,1,5,1025
3 OCT 2017,200.1,211,200.1,210,59,13107,2752329.5
2 OCT 2017,200.1,210,200.1,202.4,48,18082,3690968.7
29 SEP 2017,192.2,198,192,192,5,1005,193009.7
28 SEP 2017,192.5,192.5,192.1,192.1,5,100,19214.7
27 SEP 2017,192.3,192.3,192,192,8,1009,193739.5
26 SEP 2017,192.2,192.2,192,192.1,9,4193,805376.2
22 SEP 2017,192,192,192,192,9,2280,437760
21 SEP 2017,191.2,191.2,191.2,199,3,99,18928.8
20 SEP 2017,199,199,199,199,2,474,94326
19 SEP 2017,196,200,191.1,191.1,10,518,101445.7
18 SEP 2017,192,196,191,195.8,9,3055,597991.7
14 SEP 2017,197,197,190.2,195,12,11663,2274852.4
13 SEP 2017,197.1,197.1,195.2,195.2,8,4512,881514.2
12 SEP 2017,197,197,197,197,6,1136,223792
11 SEP 2017,198.9,198.9,197,197,6,903,177892.9
8 SEP 2017,199,199,199,199,3,2400,477600
6 SEP 2017,199.9,199.9,199.9,200,4,5,999.5
31 AUG 2017,199.9,200,195.1,200,8,2011,402145.6
29 AUG 2017,199.9,200,199.9,200,3,100,19999.6
28 AUG 2017,199.9,200,199.9,198,4,15,2999.4
24 AUG 2017,195.1,198,195,198,13,74940,14820600
23 AUG 2017,197.1,197.1,195.1,195.1,5,613,119759.8
22 AUG 2017,198.5,198.5,198,198.5,3,17012,3376876
18 AUG 2017,196.1,199,196,196,4,101,19799.4
17 AUG 2017,200,200,196,198.9,4,1411,280656
16 AUG 2017,198,200,198,198,2,6,1190
15 AUG 2017,202.5,202.5,198,198,11,7336,1466658.5
14 AUG 2017,200.8,200.8,200,200,6,2191,438240.8
11 AUG 2017,203,203,200.6,202.7,5,242,49054
10 AUG 2017,203,203,203,203,2,151,30653
9 AUG 2017,204.9,204.9,203.1,203.1,6,138,28090.8
8 AUG 2017,204.9,204.9,204.9,204.9,4,346,70895.4
3 AUG 2017,205,205,200.5,200.6,5,134,26899.8
2 AUG 2017,201,201,201,201,2,655,131655
1 AUG 2017,207,207,205,205.5,4,750,154101
31 JUL 2017,208.9,209,208.9,206,2,5,1044.9
28 JUL 2017,206,206,206,206,1,1,206
26 JUL 2017,206,206,206,206,3,2200,453200
25 JUL 2017,206,206,206,206,1,2,412
24 JUL 2017,207.1,207.1,206,206,8,1728,357630.2
21 JUL 2017,207.1,209,207.1,208.2,9,937,195059.7
20 JUL 2017,209,209,208,208,2,1010,210090
19 JUL 2017,207.1,210,207.1,209,43,40951,8596403.4
18 JUL 2017,206,209,206,207.1,18,2740,568499.4
17 JUL 2017,205.1,205.5,205.1,205.5,2,6356,1303677.6
13 JUL 2017,205.1,205.1,205,205,3,205,42027
12 JUL 2017,206.2,207,205,205.1,5,2015,413227
10 JUL 2017,209,209,209,207.9,1,1,209
7 JUL 2017,209.9,210,206.2,207.9,7,132,27465.8
6 JUL 2017,208.9,209.9,208.9,209.5,9,311,65154.1
5 JUL 2017,207,208,206,208,51,25617,5305442.2
4 JUL 2017,205,207.3,205,205,10,41383,8483519.6
3 JUL 2017,200.1,204.9,200.1,201,4,41,8300.1
30 JUN 2017,201,201,201,201,6,205,41205
29 JUN 2017,201,201,200,200.2,3,1200,240200
28 JUN 2017,204.9,204.9,200,200,12,6001,1202706.6
27 JUN 2017,200.4,201,200,200.1,13,2933,586841.2
23 JUN 2017,204,204,200.3,200.4,3,52,10419.3
22 JUN 2017,206.9,206.9,206.9,200.4,1,5,1034.5
21 JUN 2017,200,207,200,200.4,16,8558,1713417.5
20 JUN 2017,201.1,201.1,200,200.2,8,284,56844.1
19 JUN 2017,200.5,200.5,200,200.1,4,223,44614.5
16 JUN 2017,208.8,208.8,205,207.9,4,109,22665.2
15 JUN 2017,200.1,206,200.1,206,4,1006,207206.5
14 JUN 2017,205.3,205.3,205.3,206.4,2,18,3695.4
13 JUN 2017,205.5,209.8,205.5,206.4,4,375,77384.9
9 JUN 2017,209.9,210,209.9,210,25,53127,11156662.1
7 JUN 2017,210,210,210,210,6,100000,21000000
6 JUN 2017,211.9,211.9,211,211.8,3,11,2325.5
5 JUN 2017,212,212,211.8,211.8,2,30965,6558388
2 JUN 2017,211,211,203,211,20,12742,2688461.2
1 JUN 2017,199,213.9,199,213.7,13,2288,458352.1
31 MAY 2017,215,215,213,215,4,45,9673
30 MAY 2017,215,215,215,215,2,150,32250
29 MAY 2017,215,215,215,215.1,2,6,1290
25 MAY 2017,218.5,218.5,201,215.1,12,2147,461878.3
24 MAY 2017,215.1,215.1,215.1,216.4,3,31,6668.1
23 MAY 2017,216.7,216.7,216,216.4,6,2000,432756.5
22 MAY 2017,216.1,218,216.1,216,3,33,7150.3
19 MAY 2017,216,216,216,216,1,804,173664
18 MAY 2017,217,217,215,215.2,4,222,47772
17 MAY 2017,219.5,220,219.5,220,11,5913,1300757.1
16 MAY 2017,217,220.5,217,220,23,45919,10075124.4
15 MAY 2017,219.9,220,215,215,7,2618,563451
12 MAY 2017,212,216,210,215,18,136475,28956524
9 MAY 2017,211,211,207.7,210.3,32,33589,7054491.6
8 MAY 2017,209.9,210,209,210,48,172918,36312657
5 MAY 2017,205.9,208,201.6,207.5,20,16897,3498751.2
4 MAY 2017,205.9,205.9,205.9,205,1,10,2059
3 MAY 2017,204,205.9,200.5,205,10,844,172977.9
2 MAY 2017,204,205.9,204,204,10,5392,1100196.5
28 APR 2017,200.5,203,200.5,202.2,5,5400,1091300
26 APR 2017,200,200.5,200,200.1,22,46181,9238700
25 APR 2017,197.2,200,197.2,197.2,4,202,39839
24 APR 2017,199,200,199,200,3,48,9570
21 APR 2017,200,200,197,200,21,93819,18680063
20 APR 2017,196,201.8,196,200.4,41,60941,12191178
19 APR 2017,191.5,191.5,190,190.4,9,517,98417.1
17 APR 2017,195,195,195,196.7,1,1,195
12 APR 2017,196.8,196.8,196.7,196.7,4,302,59403.5
7 APR 2017,195,196.8,190,195.5,11,12599,2465000
6 APR 2017,190,190,190,190,1,11000,2090000
5 APR 2017,192,192.8,192,192.8,7,6010,1154726
4 APR 2017,188,190,183,183.1,7,4462,839580
3 APR 2017,190,190,189,189.6,6,9984,1893190
31 MAR 2017,186.5,188,186.5,187.7,9,6881,1291487.5
29 MAR 2017,187.5,187.5,187.5,181,1,10,1875
27 MAR 2017,180,181,180,181,4,117,21160
24 MAR 2017,187.1,187.1,187.1,187.5,1,1,187.1
23 MAR 2017,187.5,190,187.5,187.5,4,678,127127.5
22 MAR 2017,187.5,187.5,187.3,187.5,4,411,77060.5
21 MAR 2017,187.6,187.6,187.5,187.5,2,100,18750.5
20 MAR 2017,192.9,192.9,187.5,187.5,5,820,154128
16 MAR 2017,187,187.3,187,187.2,7,2505,468800.9
15 MAR 2017,194.5,194.5,193.9,187.3,3,11,2136.5
14 MAR 2017,187.6,187.6,187.3,187.3,4,520,97408.3
10 MAR 2017,190,190,190,190,1,20,3800
9 MAR 2017,193.9,193.9,193.9,190,2,10,1939
8 MAR 2017,194.9,194.9,190,190,3,600,114490
7 MAR 2017,187,187.2,187,187.2,20,12283,2299277.2
6 MAR 2017,191,191,191,191,5,123,23493
3 MAR 2017,191,191,190,190.2,9,6009,1143879
2 MAR 2017,191.5,191.5,190.5,191,10,2563,489531.5
1 MAR 2017,191.1,191.5,191,191.5,14,10715,2049545
28 FEB 2017,194.8,194.8,191,191,10,635,121385
27 FEB 2017,190.2,190.2,190.2,195,1,10,1902
23 FEB 2017,194,195,194,195,3,747,145478
22 FEB 2017,200,200,200,195,1,4,800
21 FEB 2017,195,196,195,195,7,267641,52190000.5
20 FEB 2017,196,200,195,195,30,664442,129568838
17 FEB 2017,200,200,196.1,200,14,2746,549141.6
16 FEB 2017,197.7,200,197.7,199.5,4,2510,500830
15 FEB 2017,200,200,197,197.3,8,16717,3297959
14 FEB 2017,195,196,195,195,11,4000,780001
13 FEB 2017,195,198,195,197,9,4598,904326.8
9 FEB 2017,195,195,195,195,4,2452,478140
7 FEB 2017,197.5,197.5,192,192,5,1501,288249.8
6 FEB 2017,195,195,190,191.9,8,5400,1040200.1
3 FEB 2017,198,198,195,195,8,2432,474252
1 FEB 2017,198,198,198,200,1,1,198
31 JAN 2017,192.6,198,192.6,200,2,65,12546
30 JAN 2017,200,200,200,200,9,2400,480000
27 JAN 2017,192.5,201,192.5,200,3,30,5944.9
26 JAN 2017,195,200,195,200,10,7794,1557970
25 JAN 2017,198.4,200,195,199.9,37,314280,62831805.3
24 JAN 2017,198,200,195,198.4,4,1000,198350
23 JAN 2017,193.8,200,192.5,199.9,77,426846,85208977
20 JAN 2017,192.5,192.5,192.5,192.5,1,25000,4812500
19 JAN 2017,190.3,194.7,190,192.2,19,4344,833184.3
18 JAN 2017,189.4,190.1,189.4,190,18,17911,3401914.8
16 JAN 2017,187,188,187,187.9,3,4017,754679
11 JAN 2017,187,187,187,187,1,1,187
6 JAN 2017,180,181,180,187,2,11,1990
5 JAN 2017,188,189.7,187,187,5,2110,394601
4 JAN 2017,192,192,192,192.7,1,1,192
3 JAN 2017,188.1,192.7,188,192.7,5,17,3232.3
2 JAN 2017,194.4,194.4,192.7,192.7,3,1150,223135
29 DEC 2016,195,195,195,194.4,2,10,1950
27 DEC 2016,194.4,194.4,194.4,194.4,2,1200,233280
23 DEC 2016,189.5,195,189.5,194.4,30,206768,39860059
22 DEC 2016,189,189,189,189,5,49570,9368730
21 DEC 2016,186.9,190,186.9,186.9,4,102,19068
20 DEC 2016,185,186,185,185,4,1508,278983
19 DEC 2016,185,185,185,185.9,1,35,6475
16 DEC 2016,186,186,185.8,185.9,2,2000,371800
15 DEC 2016,185,185,185,185,1,1000,185000
14 DEC 2016,185.1,185.1,185,185.1,3,800,148050
9 DEC 2016,185,186.5,185,185.8,28,184699,34203801
8 DEC 2016,185,186,185,185.1,21,30930,5722561
7 DEC 2016,185,185,185,185,3,501,92685
6 DEC 2016,186,186,185.1,185.6,3,840,155934
5 DEC 2016,180,188,180,186,23,37273,6797883.7
2 DEC 2016,181,181.5,181,181.5,3,1531,277361
1 DEC 2016,182,182,182,182,4,2610,475020
30 NOV 2016,181.5,181.5,181.5,181.5,2,2000,363000
29 NOV 2016,182,182,180,181.9,13,4212,763377.5
28 NOV 2016,181.9,181.9,181.9,182.5,1,1,181.9
25 NOV 2016,182.4,182.5,182.4,182.5,8,535,97637.2
24 NOV 2016,180,184.9,180,180,23,25589,4608259.2
23 NOV 2016,179.9,179.9,179.9,176.3,3,37,6656.3
22 NOV 2016,177,177,176.2,176.3,19,214698,37389995.9
21 NOV 2016,176,176.2,176,176.1,12,10354,1823420.7
17 NOV 2016,176,176,175,175,6,53000,9277270
16 NOV 2016,175.5,178,175.2,175.6,13,5931,1041500
15 NOV 2016,175.2,175.2,175.2,175.2,1,30,5256
11 NOV 2016,175.1,175.2,175.1,175.2,3,3400,595640
9 NOV 2016,180,180,175,175,6,500,88400
8 NOV 2016,176.1,180,176.1,180,4,145,26002.5
7 NOV 2016,174.2,180,174.2,180,6,260,46220
4 NOV 2016,174,174,174,173.1,1,30,5220
3 NOV 2016,173.5,174,173.1,173.1,5,52025,9006547.5
2 NOV 2016,173,173,173,173,2,50001,8650173
1 NOV 2016,175.5,175.5,173,173.8,10,11705,2034267.5
28 OCT 2016,172.2,172.2,172.2,172.1,2,187790,32487662
27 OCT 2016,172.1,172.1,172,172.1,2,10735,1847480
24 OCT 2016,171.7,171.7,171.7,171.7,1,2008,344773.6
20 OCT 2016,165.1,175,165.1,171.7,3,300,51510
17 OCT 2016,180,180,180,180,5,619,111420
13 OCT 2016,181.8,181.8,180,181.3,4,798,144699
12 OCT 2016,181.7,181.7,181.7,184,1,25,4542.5
11 OCT 2016,184,184,184,184,5,5020,923680
10 OCT 2016,183.9,185,183.9,184,20,19373,3566623.5
7 OCT 2016,181.5,183.5,181.5,183.5,13,266211,46606927.3
6 OCT 2016,182.5,182.5,181.5,181.8,4,327,59433.7
5 OCT 2016,180,181.5,180,181.5,9,2084,375433.5
4 OCT 2016,179.9,180,179.9,180,11,65373,11767017.6
3 OCT 2016,175,179,175,175,4,101,17679
29 SEP 2016,178.9,178.9,178.9,175,1,1,178.9
27 SEP 2016,175,175,175,175,4,4965,868875
26 SEP 2016,170.2,175,170.2,175,10,59178,10355943.6
23 SEP 2016,169.8,174,169.8,174,10,33062,5640146.8
22 SEP 2016,169.7,170,169.7,169.8,4,19362,3287477.4
21 SEP 2016,169,169,169,169,1,1360,229840
20 SEP 2016,174,174,168.1,169,9,253,42770.8
19 SEP 2016,166.1,168,166.1,168,12,10200,1713588.6
15 SEP 2016,168,168,168,168,2,200,33600
14 SEP 2016,166,168,165,165.2,14,20526,3391040
8 SEP 2016,168,168,168,168,1,233,39144
7 SEP 2016,176.4,176.4,170,170,7,1750,297537
6 SEP 2016,174.4,174.4,174,174,9,2090,363768
5 SEP 2016,174.1,174.1,174.1,177,1,2,348.2
2 SEP 2016,176,177,176,177,3,1000,176487.5
1 SEP 2016,175,176,174.1,175.8,5,4863,854767.3
31 AUG 2016,174,174.1,174,174.1,3,270,47006.9
30 AUG 2016,173,173.3,173,173,3,322,55721.6
29 AUG 2016,175,175,175,175,1,10000,1750000
26 AUG 2016,177.9,177.9,170,177.9,4,3006,534759.5
24 AUG 2016,175,177.9,172,172,10,86942,15211851.1
23 AUG 2016,175,179,175,175.2,11,270,47437.2
22 AUG 2016,175.2,176,175,175,9,3181,556722.7
19 AUG 2016,175,175.2,175,175.1,5,175,30633
18 AUG 2016,175,175.1,175,175.1,4,732,128150
16 AUG 2016,174,176.5,174,175,24,13916,2436290.5
15 AUG 2016,166,174,166,173,32,21326,3630115.2
12 AUG 2016,161.1,165,161.1,164.9,3,5131,846218.5
10 AUG 2016,161,165,161,165,16,3422,561754.7
9 AUG 2016,160,161,160,161,5,5316,850875.9
8 AUG 2016,160,160,160,160,2,315,50400
4 AUG 2016,161,161,160,160,3,40,6425
2 AUG 2016,159.5,160,159.5,160,3,81,12935
1 AUG 2016,159.5,160,159.5,160,2,27,4316.5
29 JUL 2016,159.9,160,159.5,160,18,20370,3254027
26 JUL 2016,155,159.9,155,159.9,24,16475,2626745.9
25 JUL 2016,156,156,154,155,13,9873,1530459
22 JUL 2016,155,156,155,155,17,63594,9857140
21 JUL 2016,152,157.9,152,155,15,13511,2093830.8
20 JUL 2016,152,157,152,151.6,4,35,5345
18 JUL 2016,151.6,151.6,151.5,151.6,8,2900,439570
15 JUL 2016,158.8,158.8,158.8,151.5,2,2,317.6
13 JUL 2016,151.5,151.5,151.5,151.5,1,100,15150
7 JUL 2016,153,158.9,153,158.9,6,1084,166839.8
5 JUL 2016,150,150.1,150,150,8,2173,325951.1
4 JUL 2016,152.9,153,150,152.9,4,164,25070.9
1 JUL 2016,153,153,153,153,8,1512,231336
30 JUN 2016,155,155,154.5,153,2,2,309.5
29 JUN 2016,152.9,152.9,152.9,153,1,1,152.9
28 JUN 2016,156,156,153,153,7,185,28350
27 JUN 2016,154,154,154,154,1,1,154
24 JUN 2016,154,154,154,154,1,456,70224
23 JUN 2016,154,154,154,154,1,200,30800
17 JUN 2016,153,154,153,154,4,34609,5329769
16 JUN 2016,153,153,153,153,1,100,15300
15 JUN 2016,155.5,155.5,150.2,152.3,11,4873,742246.2
14 JUN 2016,156,156,156,156,11,1338,208728
13 JUN 2016,159,159,156,156,3,127,19893
10 JUN 2016,159,159,155.3,158.4,3,240,38013
7 JUN 2016,155.2,155.2,155,160,3,99,15345.2
6 JUN 2016,160,160,160,160,1,1,160
2 JUN 2016,160,160,160,160,5,75105,12016800
1 JUN 2016,157,159,157,159,2,10255,1630539
31 MAY 2016,155,155,155,155,5,700,108500
30 MAY 2016,159,160,155.2,155.2,11,16853,2621740.4
26 MAY 2016,155,155,155,155,3,125,19375
25 MAY 2016,160,160,160,160,2,3000,480000
24 MAY 2016,158,158,158,158,4,102,16116
19 MAY 2016,159,164,159,159,2,15020,2388280
17 MAY 2016,158.1,160,158.1,160,7,10111,1617758.1
16 MAY 2016,161,161,158,159,5,126,20056
13 MAY 2016,158,158,158,160,1,1,158
12 MAY 2016,160,161,160,160,10,6223,995683
11 MAY 2016,161,161,160,160.8,6,6001,965161
10 MAY 2016,160,161.5,160,161.5,11,12401,1987161.5
9 MAY 2016,161.5,161.5,160,160,7,61116,9778600.5
6 MAY 2016,158,158,158,163.7,2,20,3160
5 MAY 2016,160,160,160,163.7,2,45,7200
3 MAY 2016,154,168.9,154,163.7,5,430,68550
29 APR 2016,150.2,151.1,150.2,151.1,2,1500,225750
28 APR 2016,150.1,154.9,150.1,150.3,7,1091,163987.7
27 APR 2016,150,152,150,152,23,16876,2533500
26 APR 2016,150,150,147.1,152,2,10,1473.9
25 APR 2016,154.9,154.9,151.9,152,3,280,42588.5
22 APR 2016,155,155,155,147,2,16,2480
20 APR 2016,146.2,148,146,147,11,37609,5527943
18 APR 2016,150,150,147,147.1,9,50510,7475050
15 APR 2016,150,150,147.1,150,2,1501,225147.1
12 APR 2016,148,150.1,148,149,18,27091,4039374
11 APR 2016,149,149,146,146,3,23535,3436133
8 APR 2016,146,148,146,146.3,19,35500,5187750
7 APR 2016,145.9,147.9,145.9,146.1,8,6100,891475.4
6 APR 2016,145,147.9,145,145,15,15086,2187484.5
5 APR 2016,141.5,141.5,140,140,76,1136200,159125067.7
1 APR 2016,144,144,141,141,4,844,119035
31 MAR 2016,150,150,150,150,1,50,7500
30 MAR 2016,150,150,150,150,3,71,10650
28 MAR 2016,150,150,150,150,1,1500,225000
24 MAR 2016,153.5,153.5,150,150.2,9,88440,13568450
21 MAR 2016,150.1,150.1,150,150.1,6,19242,2887824.2
18 MAR 2016,150,150,150,150,7,18400,2760000
14 MAR 2016,151.1,151.1,151,150,3,79,11929.3
9 MAR 2016,155,155,150,150,15,1655,248333
8 MAR 2016,169.8,169.8,152,155,3,3,473.8
4 MAR 2016,155,169.9,155,155,9,2519,390474.7
2 MAR 2016,159,160,159,159,4,607,96535
1 MAR 2016,159,159,159,160.2,2,90,14310
29 FEB 2016,159,159,159,160.2,1,1,159
26 FEB 2016,160.2,160.2,160.2,160.2,2,1005,161001
25 FEB 2016,162,162,162,162,1,145,23490
24 FEB 2016,163,163,163,163,18,5411,881993
23 FEB 2016,165,165,163,164.9,2,105,17315
19 FEB 2016,165,165,160.1,162.9,7,9610,1565656
18 FEB 2016,164,164,163.6,164,7,2397,393098.4
17 FEB 2016,165,165,163.6,164.1,4,214,35108.6
16 FEB 2016,169,169,169,166,1,1,169
15 FEB 2016,165,166,165,166,12,209374,34755949
11 FEB 2016,166,166,163,165.9,23,8601,1422576
10 FEB 2016,166,166,165,166,5,826,137115
9 FEB 2016,166,171,166,169.3,2,900,152400
8 FEB 2016,167,167,166.1,166.6,3,1700,283270
2 FEB 2016,170,172,170,171.6,4,1171,200932
1 FEB 2016,166.1,166.1,166.1,166.1,2,100,16610
29 JAN 2016,166.1,166.1,166.1,165.1,2,3,498.3
27 JAN 2016,165.1,165.1,165,165.1,4,225,37139.4
25 JAN 2016,165.1,165.1,165.1,165,1,1,165.1
22 JAN 2016,165,165.1,165,165,5,3501,577765
21 JAN 2016,169.9,169.9,165,165.1,9,117201,19350669.9
20 JAN 2016,160.1,160.1,159.3,160,24,13531,2165155.3
19 JAN 2016,160.1,160.1,158,160,8,3900,623900
18 JAN 2016,170.2,170.2,170,170,6,2510,426880
14 JAN 2016,175,175,175,175,1,200,35000
13 JAN 2016,175,176,175,175.8,3,1700,298500
12 JAN 2016,171.8,175,170,171.8,26,545922,93783677.6
11 JAN 2016,182,182,170.1,170.4,16,404,68955.3
8 JAN 2016,185,185,183,183,4,1500,275500
5 JAN 2016,189.5,189.5,189,189,12,2809,530903.5
31 DEC 2015,189,189,189,189,1,100,18900
30 DEC 2015,189,189,189,189,2,6188,1169532
23 DEC 2015,189.5,189.5,189.5,185,1,35,6632.5
22 DEC 2015,184,185,184,185,7,5706,1055604.5
21 DEC 2015,181,184.5,180.3,180.7,15,11657,2106420.5
18 DEC 2015,180.3,180.3,180.3,180.1,1,2,360.6
17 DEC 2015,180,182,180,180.1,14,9630,1745479
16 DEC 2015,183,183,182,182.1,5,4500,819860
15 DEC 2015,182.4,182.4,182.4,182.4,1,60,10944
11 DEC 2015,184,184.1,181,182.4,13,1356,249011.8
10 DEC 2015,185,185,184.1,185,6,80,14795.5
9 DEC 2015,189,189,189,185,1,1,189
7 DEC 2015,189,189.6,185,185,10,1553,293239.5
4 DEC 2015,189,189,189,189.6,1,1,189
3 DEC 2015,189,189.9,188,189.6,17,103058,19547263
2 DEC 2015,189.7,190,185,185,41,23059,4375407.9
1 DEC 2015,184.4,188,184,188,7,4200,774043.1
30 NOV 2015,180.1,185,180,184.4,9,3344,610970.4
26 NOV 2015,190,190,185.1,185.9,13,4876,921150
24 NOV 2015,190.2,193.5,190.2,191,83,156570,29965724.1
23 NOV 2015,176.5,190,176.5,190,87,147459,27958975
20 NOV 2015,174,174,174,175,1,2,348
19 NOV 2015,174,175,174,175,4,19250,3368700
18 NOV 2015,175.9,176.5,174,174,7,991,173033.3
17 NOV 2015,174,174.1,174,174.1,2,5650,983650
16 NOV 2015,170.1,170.1,170.1,174,1,10,1701
13 NOV 2015,174,174,174,174,1,750,130500
11 NOV 2015,175,175,175,175,1,1000,175000
9 NOV 2015,177,177,175,175,6,2581,453875
6 NOV 2015,176.5,177,175,177,4,6012,1064025
3 NOV 2015,175.5,175.5,175.5,175.5,2,2900,508950
2 NOV 2015,179.5,179.8,179.5,179.7,4,1400,251570
28 OCT 2015,179.8,180,179.8,179.8,3,2401,431700
26 OCT 2015,179,180,175,179.8,14,5539,995835
23 OCT 2015,179.9,179.9,179.9,179.8,1,50,8995
22 OCT 2015,174.5,180,170.1,179.8,11,11200,1992412.1
21 OCT 2015,164.3,164.3,164,164.1,6,800,131303.2
19 OCT 2015,175,175,162.2,162.2,2,3800,659880
16 OCT 2015,175,178,175,175,6,1241,217178
15 OCT 2015,179.9,179.9,178,178,9,3580,637284.9
14 OCT 2015,179,180,179,179,10,1642,294201
13 OCT 2015,178.9,181,178,180,14,8912,1603907.9
12 OCT 2015,179,179.9,178.9,178.9,7,300968,53874872
9 OCT 2015,178,178,178,178,2,1171,208438
8 OCT 2015,176,178,176,177.9,2,1350,240200
7 OCT 2015,175,178,175,175,7,451340,78986000
6 OCT 2015,175,175.3,173,173,6,1840,320324.5
5 OCT 2015,179.9,179.9,179.9,171.7,1,1,179.9
1 OCT 2015,170,172,170,171.7,10,13004,2223480
30 SEP 2015,169,170,168,170,15,6041,1024409
29 SEP 2015,169,169,168,169,2,117,19768
28 SEP 2015,169,169,166.5,168.3,5,6400,1076824
25 SEP 2015,168.9,169,168.9,169,8,10001,1690134
23 SEP 2015,167,167,167,167,2,15364,2565788
22 SEP 2015,168.9,170,168.9,169,5,7094,1199390
21 SEP 2015,168,168,167.9,168,14,65397,10985694
18 SEP 2015,168,168,167,168,10,7015,1178500
17 SEP 2015,168,168,168,168,4,10309,1731912
16 SEP 2015,168,168,167.4,168,3,30310,5091960
15 SEP 2015,168,168,168,168,2,10100,1696800
14 SEP 2015,167.4,168,167.4,168,2,2000,335400
11 SEP 2015,168,168,166,167.4,5,4300,719960
9 SEP 2015,155.3,171,155.3,168,3,12,2036.3
8 SEP 2015,168,169,168,168,7,401,67371
7 SEP 2015,170,170,168,170,7,46626,7926414.1
4 SEP 2015,172,172,170,170.1,17,14382,2455290
2 SEP 2015,172,179.8,171.5,172.2,9,2590,445926.7
1 SEP 2015,175,177.4,175,171.7,3,54,9452.4
31 AUG 2015,170.2,180,170.2,171.7,5,488,83765.2
28 AUG 2015,174,180,170.2,172.2,20,47587,8193755.2
27 AUG 2015,174,174,172,172,13,11386,1958484
26 AUG 2015,176.5,180,170,175,15,25601,4422327
25 AUG 2015,177,177,170,173,16,2130,371987.5
24 AUG 2015,182,182,176,176.1,18,4543,800147.6
21 AUG 2015,182,182.3,180,182,19,264769,48032845.6
20 AUG 2015,187.5,187.5,180.2,181.1,30,31234,5661372.9
19 AUG 2015,178.9,188,178.9,184.4,75,61881,11371217.6
18 AUG 2015,161.1,177,161.1,175.2,73,95780,16658780.9
17 AUG 2015,163.5,165,161.2,164.1,9,1325,217464.5
14 AUG 2015,160.1,163.4,160.1,160.2,2,314,50317.6
13 AUG 2015,165.2,165.2,160.3,160.3,7,2512,407722
12 AUG 2015,163,166.4,163,165.2,27,14397,2374730.4
11 AUG 2015,158.1,163,158.1,161.1,41,8097,1298802
10 AUG 2015,156,159.1,155,158.1,9,3650,567716.4
7 AUG 2015,155,156.9,155,156.2,9,3022,471737
6 AUG 2015,158,158,155,155,9,2701,419255
5 AUG 2015,152.4,157,152.4,156.6,34,6268,972418.8
4 AUG 2015,150,150.2,150,150,7,1310,196502
3 AUG 2015,152.8,153,150.4,150.6,5,307,46699.9
30 JUL 2015,150,151,150,150.4,24,1348,202593.7
29 JUL 2015,142,151,141.5,149.7,56,6687,986592.8
28 JUL 2015,140.1,145.6,140.1,144,9,882,127011.7
27 JUL 2015,142.5,142.5,142,142.1,4,302,42909
24 JUL 2015,143.9,145.5,140.1,142.5,32,3320,479703.4
23 JUL 2015,144.4,144.4,143,143,5,200226,28632386
21 JUL 2015,145,145,145,144.8,1,1,145
20 JUL 2015,140.1,140.1,140.1,144.8,1,1,140.1
17 JUL 2015,145,145,144.7,144.8,3,56,8119.7
16 JUL 2015,140,145,140,144.8,17,1500,212424.9
15 JUL 2015,140,140,140,140,4,2500,350000
13 JUL 2015,144,145,144,144.6,21,1068,154443.6
10 JUL 2015,144.7,144.7,144.4,135.2,2,3,433.8
9 JUL 2015,136,136,135.2,135.2,13,1300,175786.9
8 JUL 2015,140.9,140.9,140.9,140,1,20,2818
7 JUL 2015,141,141,137,140,14,6474,900368.6
29 JUN 2015,140,141,140,140.9,7,352718,50432858
25 JUN 2015,140,140,140,138,1,20,2800
24 JUN 2015,141,141,138,138,2,1001,138141
22 JUN 2015,141.4,141.7,141.4,137.1,2,11,1558.4
19 JUN 2015,141.4,141.4,141.4,137.1,1,1,141.4
17 JUN 2015,137.1,137.1,137.1,137.1,3,200,27420
16 JUN 2015,137.2,137.2,137.2,137.2,1,20,2744
15 JUN 2015,139.9,140,137.2,138,7,2800,387696.6
12 JUN 2015,140,140,140,140,3,13,1820
11 JUN 2015,138,140,138,138,16,119354,16471052
10 JUN 2015,138.5,138.6,138,138.1,11,5686,785691
9 JUN 2015,139,139,138.5,139,4,1432,198998
8 JUN 2015,140.7,140.7,140.1,140.3,12,3632,509735.2
5 JUN 2015,141,141.4,140.7,140.7,4,245,34475.2
3 JUN 2015,140.7,141.5,140.7,141.1,10,20635,2910536.1
1 JUN 2015,140.2,140.5,140.2,140.5,3,588,82590.3
29 MAY 2015,140.2,141.4,140,141.1,12,27260,3850431.4
28 MAY 2015,140.4,140.4,140.3,140.3,5,694,97387.6
27 MAY 2015,140.1,141.4,140.1,140.3,4,253,35458.1
26 MAY 2015,140,140.1,140,140.1,9,21200,2969020
25 MAY 2015,142,142,140,140,51,35290,4942150
22 MAY 2015,138,142,138,140.1,17,23517,3293362
21 MAY 2015,136,138,135,138,10,3500,478587.7
20 MAY 2015,137,138,137,137.4,3,1804,247952
19 MAY 2015,137,137,137,137,4,541,74117
18 MAY 2015,138,138,138,138,6,165,22770
14 MAY 2015,135.1,138,135,138,7,398685,55017030.3
13 MAY 2015,136,136,135,135.1,8,1130,152687
12 MAY 2015,136.2,136.2,136,136,21,31534,4288706.6
11 MAY 2015,140,140,135,136,14,16104,2189818.4
8 MAY 2015,135.6,138,135.3,135.5,42,10286,1393410.5
7 MAY 2015,135,145,135,144.8,14,616,88249.1
6 MAY 2015,134.9,135,134.9,135,8,151,20384.9
5 MAY 2015,135.5,135.5,134.9,134.9,16,2170,292755
30 APR 2015,135,135.1,135,135,8,5712,771121
29 APR 2015,135,135,135,135,8,4521,610335
28 APR 2015,135,135,135,135,7,160,21600
27 APR 2015,137.9,137.9,136,136,2,3,409.9
24 APR 2015,135,135,135,135,2,210,28350
23 APR 2015,135,135,134.5,135,9,7531,1016679.5
22 APR 2015,135,135,134.1,135,15,3448,465441.8
21 APR 2015,135,135,134.5,135,17,12053,1626930
20 APR 2015,135,135,134.7,135,16,2862,386143.8
17 APR 2015,135,135.1,134.5,135,16,1884,254237.1
16 APR 2015,140,140,135.1,135.9,11,82,11220.3
15 APR 2015,136.5,140,136,136,8,902,122769.7
9 APR 2015,135.3,136.5,135.3,135.9,3,40,5436
8 APR 2015,135,136,134.9,136,5,3231,436218
7 APR 2015,136,136.2,136,136,3,5207,708153.4
6 APR 2015,136,136,135,135,2,200,27005
2 APR 2015,137.5,137.5,137.5,137.5,4,2002,275275
31 MAR 2015,139,139,137,137,2,3366,461154
27 MAR 2015,140,140,137,137,5,4700,657400
26 MAR 2015,140,140,140,140,5,50682,7095480
25 MAR 2015,139.5,140,139.5,139.9,3,6318,883891
24 MAR 2015,139.5,139.5,139.5,139.5,3,22,3069
23 MAR 2015,136.8,137.5,136.8,137.5,2,336,46174.8
20 MAR 2015,140,140,139,139,6,55577,7750209
17 MAR 2015,140,140,140,140,1,100,14000
16 MAR 2015,140.1,140.1,136,136.7,9,1557,213560.6
12 MAR 2015,140,140,140,140,2,36,5040
10 MAR 2015,140,140,140,140,15,1530,214200
9 MAR 2015,141.1,141.1,141.1,141.1,3,517,72948.7
6 MAR 2015,144,145,140,144.9,13,1700,243750
3 MAR 2015,143,145,143,145,5,184,26520
2 MAR 2015,145.2,146.5,141,146.5,3,390,55544.2
27 FEB 2015,145.5,145.5,145.5,145.5,3,160,23280
26 FEB 2015,146.5,146.5,146.5,146.5,2,1000,146500
25 FEB 2015,146.5,146.5,146.5,146.5,1,24,3516
24 FEB 2015,147,147,146.6,146.6,5,930,136342.5
23 FEB 2015,147,147,146.9,146.9,6,1435,210944.9
20 FEB 2015,147.3,147.3,147.3,147.3,1,150,22095
19 FEB 2015,149.5,149.5,149.1,149.1,3,1010,150595
18 FEB 2015,146.6,147.3,146.6,147.3,4,540,79223
16 FEB 2015,149.5,149.5,146,146.6,5,120,17590
13 FEB 2015,145.1,148,145.1,148,3,25,3685.5
12 FEB 2015,145.2,148,145,145,8,1995,289293.9
11 FEB 2015,146.2,149,145,145,9,1006,145880.5
10 FEB 2015,149.5,149.5,149.5,149.5,1,20,2990
9 FEB 2015,149,149,149,149,1,19,2831
30 JAN 2015,149.1,149.1,148,149.1,5,217,32350.3
29 JAN 2015,150,150,150,150,2,900,135000
28 JAN 2015,153.9,153.9,153.9,153.9,2,2,307.8
27 JAN 2015,150,150,150,150,4,17,2550
26 JAN 2015,150,153.9,150,150,5,1582,237307.8
21 JAN 2015,150,150,150,150,3,880,132000
20 JAN 2015,154.8,154.8,150,154.2,6,6005,926254
19 JAN 2015,155,155,151,152,3,38210,5921720
16 JAN 2015,151.1,152.1,151,151.1,7,2501,378760
13 JAN 2015,154,155,154,155,3,38000,5889907
12 JAN 2015,154.1,154.1,154,154.1,3,1001,154244.1
9 JAN 2015,157.5,157.5,154.1,154.1,3,104,16043.4
8 JAN 2015,155,156,154.9,155.3,5,610,94700
7 JAN 2015,151,154,151,151,6,375,56655
6 JAN 2015,151,154.8,150,151,7,793,120042.6
2 JAN 2015,153,153,153,153,1,35,5355
31 DEC 2014,153,153,153,153,1,100,15300
22 DEC 2014,154,155,154,155,6,226201,35060655
18 DEC 2014,152,152,152,152,1,48,7296
17 DEC 2014,151.5,151.5,151.5,151.5,1,2,303
12 DEC 2014,150.3,152,150.3,152,6,1607,242564
11 DEC 2014,150.5,152,150.2,151.8,3,235,35514.5
10 DEC 2014,151,153.9,150.5,150.5,6,7505,1129900
8 DEC 2014,151.5,152,151.5,152,2,1100,166700
4 DEC 2014,152,154.5,152,154.5,3,8,1218.5
2 DEC 2014,154.8,154.8,154.5,154.5,3,27,4174.5
1 DEC 2014,154.8,154.8,154.8,154.8,1,1,154.8
28 NOV 2014,154.9,154.9,154.8,154.8,3,102,15789.8
27 NOV 2014,151,151,148,150.1,2,10,1501
26 NOV 2014,150,150,150,150,4,15000,2250000
25 NOV 2014,148,148,148,148,1,500,74000
24 NOV 2014,146.5,148,146.5,147,8,2127,312530.5
21 NOV 2014,152.5,155,152.5,155,7,26200,4057990.9
20 NOV 2014,155,157,151,151,20,225600,35137399.9
19 NOV 2014,155.9,157,155,155,39,218073,33823566.5
18 NOV 2014,156.1,156.1,156,156,3,1100,171610
17 NOV 2014,157,159.9,157,158.9,3,2505,393295.5
14 NOV 2014,157,160,156,159.3,19,13933,2197260.2
13 NOV 2014,157,157.4,156,157,22,268454,42146756.4
12 NOV 2014,156,160,156,157.5,9,102385,15973580
11 NOV 2014,153,155,153,154.4,11,6170,945801
10 NOV 2014,154,156,154,154.1,19,17527,2715065.6
7 NOV 2014,154.1,154.1,154.1,154.1,1,23,3544.3
5 NOV 2014,157,157,156,156,5,161,25117
31 OCT 2014,157.9,158,157.7,157.8,4,220,34726
30 OCT 2014,155,155,154,154,4,1055,162480
29 OCT 2014,154,154,154,154,4,39647,6105638
28 OCT 2014,155,155,152,155,5,601,93152
27 OCT 2014,152.5,152.5,152.5,152.5,1,15,2287.5
24 OCT 2014,150,151,150,151,3,140,21040
23 OCT 2014,155,155,146,147.5,6,18750,2905410
21 OCT 2014,155,156,155,156,2,104,16124
20 OCT 2014,160,160,159,160,3,520,83180
17 OCT 2014,160,160,160,160,4,2379,380640
14 OCT 2014,160,160,160,160,2,4728,756480
13 OCT 2014,162,162,160,160.1,2,209,33458
10 OCT 2014,163,163,162,162,7,2286,372327
9 OCT 2014,165.7,166.9,163,164,26,5709,945332.6
7 OCT 2014,165,165,165,165,8,1951,321915
3 OCT 2014,163,165,163,164.9,6,18200,2999800
2 OCT 2014,164,164,163.5,163.5,7,1484,242876
1 OCT 2014,164,165,164,164.8,15,5150,848634
30 SEP 2014,163,165,163,165,12,269218,44420170
29 SEP 2014,165,165,165,165,5,102400,16896000
26 SEP 2014,165,165,163.5,165,18,33201,5478163.5
25 SEP 2014,163,165,163,165,7,1296,213812
24 SEP 2014,165,168,165,168,28,5415,904372
22 SEP 2014,165.1,168.5,165,165.2,19,15366,2537655.9
19 SEP 2014,164.8,165,164.8,165,12,4286,707088.7
18 SEP 2014,163,164.8,163,163,3,410,66847.6
16 SEP 2014,161,165,158.5,163.2,29,22737,3702354.2
15 SEP 2014,160.1,161,160.1,160.8,2,910,146303
12 SEP 2014,162.3,162.3,161.5,161.5,4,503,81239.3
11 SEP 2014,163.9,164,161,162.6,11,2538,410366.5
10 SEP 2014,162.9,163.9,162.9,163.9,19,1659,271903.6
9 SEP 2014,162,162,161,161,4,29,4693
4 SEP 2014,158,160,158,159,4,2920,466995
3 SEP 2014,160,160,158.1,159.9,7,13310,2129188.5
2 SEP 2014,162.5,162.5,160,160.1,2,210,33625
1 SEP 2014,163.1,163.1,160,160,7,75025,12004099
29 AUG 2014,164,164,164,164,4,85,13940
28 AUG 2014,164.1,164.1,163,163,4,802,131028.2
27 AUG 2014,165,165.5,164,164.1,7,729,120082.3
26 AUG 2014,165.5,166.1,164.1,165,20,2558,424265.9
25 AUG 2014,165,165,165,165,5,8000,1320000
22 AUG 2014,165,165,165,165,3,3000,495000
21 AUG 2014,162,165.5,160.1,165,33,11823,1945445.8
20 AUG 2014,162,162,162,162,1,1,162
19 AUG 2014,162,165,160.1,165,3,189,30881.9
18 AUG 2014,162,165,162,165,4,1990,328100
15 AUG 2014,163,165,162,162,11,77177,12505815
14 AUG 2014,160.5,167.5,160.4,165.1,25,11343,1869893.8
13 AUG 2014,160,160,160,160,6,36025,5764000
12 AUG 2014,160,160,155,159.7,3,1600,255500
11 AUG 2014,160,164.8,160,160.6,22,6968,1141305.5
8 AUG 2014,158.5,160.5,158.5,159.5,15,2468,393353.2
7 AUG 2014,152.2,157.5,152.2,157.5,4,1032,162466
6 AUG 2014,155,155,155,155,2,150,23250
4 AUG 2014,155,156.5,155,155,6,7843,1221979
1 AUG 2014,153,155,153,155,18,7354,1138675.5
31 JUL 2014,152,152,152,152,4,37,5624
30 JUL 2014,152,152,152,152,1,54000,8208000
28 JUL 2014,147.1,155,147.1,154.8,18,4274,657220.3
24 JUL 2014,148.2,150,148.1,150,14,15186,2252437.7
23 JUL 2014,150,150,150,150,15,1440,216000
22 JUL 2014,150,153,150,150,38,26460,3976717.9
21 JUL 2014,149.9,149.9,149.9,149.9,2,105,15739.5
18 JUL 2014,150,150,150,150,2,3200,480000
17 JUL 2014,149.9,149.9,149.9,149.9,3,11,1648.9
16 JUL 2014,149.1,149.9,149.1,149.1,8,526,78428.5
14 JUL 2014,150,150,150,150,4,210,31500
11 JUL 2014,150,151,150,150,8,2935,441390
10 JUL 2014,150,150.1,150,150.1,14,1955,293334.6
9 JUL 2014,150,150,150,150,1,91,13650
8 JUL 2014,150,150,150,150,1,500,75000
7 JUL 2014,150.1,152,148,150,18,457670,68664749
3 JUL 2014,150,150,150,150,3,330,49500
2 JUL 2014,148,150,148,150,3,21910,3285680
1 JUL 2014,150,150,149.5,150,7,264057,39608545
30 JUN 2014,149.1,150,149.1,149.2,9,38750,5782240
27 JUN 2014,149.9,149.9,149,149.7,5,1332,199390.5
26 JUN 2014,150,150,150,150,1,143,21450
25 JUN 2014,150,150,150,150,3,157,23550
24 JUN 2014,154.8,154.8,154.8,154.8,1,1,154.8
23 JUN 2014,160,160,152.5,152.5,30,28420,4388095
20 JUN 2014,146.2,146.3,146,146.3,4,42415,6205310.4
19 JUN 2014,146,146,146,146,6,735,107310
18 JUN 2014,146,146,146,146,11,1538,224548
17 JUN 2014,146,146.5,146,146,5,858,125272
16 JUN 2014,146,146.5,146,146,8,2014,294539
13 JUN 2014,145,146.5,145,145,6,1116,161821.5
11 JUN 2014,146,146,146,146,3,250,36500
10 JUN 2014,146,146,146,146,2,410,59860
9 JUN 2014,143,146,143,146,15,201268,29367890.6
6 JUN 2014,143.2,143.2,142.2,142.5,9,747,106513.8
5 JUN 2014,146.5,146.5,143.2,143.2,5,221,32308.9
4 JUN 2014,144,147.9,144,146.5,5,170,24908.9
3 JUN 2014,143,144,143,144,4,36,5149
2 JUN 2014,142.5,143,142.5,143,3,38,5429.5
30 MAY 2014,142.5,142.5,140.6,142.5,16,1395962,198924509
29 MAY 2014,145.5,147.9,145,145,20,50924,7384446.8
28 MAY 2014,145,145,145,145,2,310,44950
27 MAY 2014,148,148,148,148,3,3,444
26 MAY 2014,147.5,148,140.1,147.5,9,302,44536.2
23 MAY 2014,145,147,143,145,11,9540,1383383.5
22 MAY 2014,143.9,145,143.9,144,11,901,129735.1
21 MAY 2014,140.1,140.1,140,140,5,200,28006.1
20 MAY 2014,140,140,140,140,1,500,70000
19 MAY 2014,141,141,140,140,9,894,125204
16 MAY 2014,141,144,141,144,2,6,849
13 MAY 2014,141.1,145,140,145,11,20277,2838946.3
9 MAY 2014,142,142,140,141,5,306,43342.1
8 MAY 2014,142.3,142.3,142,142,2,96,13633.2
7 MAY 2014,142,142,142,142,2,20,2840
6 MAY 2014,144,144,140,140.8,16,545,77079.2
5 MAY 2014,145,145,144,145,6,519,75245
2 MAY 2014,145.1,145.1,145.1,145.1,2,10,1451
30 APR 2014,147,148,144,148,12,133911,19818382.3
29 APR 2014,145,145,145,145,1,100,14500
28 APR 2014,144,145,143.5,144.1,7,4765,686180
25 APR 2014,143.5,144,141.1,143.9,7,2109,303255.4
24 APR 2014,143,143.5,143,143.5,3,109,15637
23 APR 2014,142,142,142,142,1,3,426
17 APR 2014,144,144,144,144,3,75,10800
16 APR 2014,144,144,144,144,1,4,576
11 APR 2014,138.2,141,138,138,7,1510,208425.2
8 APR 2014,136.9,142,136,136.1,15,10100,1374305.9
7 APR 2014,136.8,136.8,136.8,136.8,3,31,4240.8
4 APR 2014,142,142,142,142,1,200,28400
2 APR 2014,136.6,136.7,136.6,136.7,2,101,13796.7
1 APR 2014,136.5,136.5,136.5,136.5,1,691,94321.5
31 MAR 2014,137,137,136.5,136.5,4,200,27304.6
27 MAR 2014,140,140,137,137,16,5599,767241
26 MAR 2014,138.5,139,137,137,9,3006,411846.7
25 MAR 2014,142.9,145,140,140,5,1000,142806.6
24 MAR 2014,142.9,142.9,137,138,6,23006,3174827.9
21 MAR 2014,134.4,134.6,134.3,134.6,6,2003,269603
18 MAR 2014,136.7,136.7,136,136,4,1010,137367
17 MAR 2014,136.7,137,136.7,137,3,4206,576220.5
14 MAR 2014,142,142,137,137,8,4000,548005
13 MAR 2014,137,137,136.7,137,5,5001,685136.7
12 MAR 2014,138,138,137,137,3,3000,411100
11 MAR 2014,136.8,136.8,136.7,136.8,3,200,27359.5
7 MAR 2014,136.8,136.8,136.8,136.8,1,5,684
6 MAR 2014,136,138,136,136.6,5,3761,512936.6
3 MAR 2014,138,138,135,135.1,5,600,81038
26 FEB 2014,136,137,131.2,135,19,1929,258021.2
25 FEB 2014,138,138,135,136,10,740,100238.2
24 FEB 2014,139,139,139,139,7,2149,298711
21 FEB 2014,139,139,139,139,1,320,44480
19 FEB 2014,139,139,138.1,139,4,2502,347776.2
17 FEB 2014,147,147,125,135,33,10870,1457043.9
13 FEB 2014,148,148,147,147,6,1060,156875
12 FEB 2014,151,151,148,148,2,255,38490
11 FEB 2014,153.9,153.9,151,151,3,102,15407.8
10 FEB 2014,150,150,147.6,147.6,6,505,74550
7 FEB 2014,149,149,149,149,3,1999,297851
6 FEB 2014,149.5,150,149.5,149.6,4,80,11960.5
5 FEB 2014,149,149,149,149,3,100,14900
31 JAN 2014,151,153.9,151,153.9,4,766,116426.9
30 JAN 2014,150.1,150.1,150.1,150.1,1,50,7505
29 JAN 2014,150.5,155.5,150.5,155,14,8183,1266619
28 JAN 2014,155,155,150.5,150.5,3,60,9052.5
27 JAN 2014,152,153,152,152.1,9,1845,280452
24 JAN 2014,152,153.5,150.5,153.4,14,4750,728154.5
23 JAN 2014,150,151,150,150.1,21,41180,6183503.9
22 JAN 2014,150,150,145,145,22,14638,2123732
21 JAN 2014,146.2,146.2,145,145.1,13,2602,377564
20 JAN 2014,150,150,146,146,3,6100,912200
17 JAN 2014,146.6,146.6,146,146.5,5,820,120040
16 JAN 2014,146.5,146.5,146.5,146.5,1,100,14650
13 JAN 2014,148,148,148,148,3,1000,148000
10 JAN 2014,148,148,148,148,1,100,14800
9 JAN 2014,146,146,144,144.5,12,1034,149941.2
8 JAN 2014,144,149,144,148.6,3,550,81250
7 JAN 2014,148,150,141,143.2,12,10137,1451322.9
6 JAN 2014,148,148,148,148,1,1,148
3 JAN 2014,150,151,147,151,6,470,70072
2 JAN 2014,150,150,150,150,7,20340,3051000
31 DEC 2013,147,147,147,147,3,271,39837
30 DEC 2013,150,150,150,150,1,1,150
27 DEC 2013,146.5,148,146.5,148,4,231,33943
26 DEC 2013,145.1,146.5,145.1,146.5,2,2,291.6
24 DEC 2013,146.1,146.1,144,146,4,500,72800.7
23 DEC 2013,146.1,146.1,146.1,146.1,2,3,438.3
19 DEC 2013,148.5,148.5,147.9,148,3,24,3552
17 DEC 2013,148.5,148.5,148.5,148.5,5,156,23166
13 DEC 2013,142.4,148.5,142.4,147.7,5,15,2195.3
12 DEC 2013,146.5,146.5,145,145,15,8221,1192072.4
11 DEC 2013,147.5,147.5,147.5,147.5,3,500,73750
10 DEC 2013,147.5,147.5,147.5,147.5,5,2800,413000
9 DEC 2013,147.5,147.5,147,147.5,4,202,29793.6
6 DEC 2013,146.5,146.5,146.5,146.5,1,1,146.5
5 DEC 2013,149.5,149.5,145,145.1,6,51,7444.5
4 DEC 2013,145.3,150,145,146.7,5,601,88185.6
3 DEC 2013,150,153,150,150,5,1008,151203
28 NOV 2013,147,153,147,151,2,3,453
25 NOV 2013,149.5,155,149.5,154.7,21,44904,6944853
22 NOV 2013,151,151,151,151,14,54956,8298356
21 NOV 2013,150.5,150.5,150.5,150.5,1,200,30100
19 NOV 2013,150,152,150,150,6,3749,562370
18 NOV 2013,150,150,150,150,1,1,150
14 NOV 2013,150,150,150,150,4,1574,236100
13 NOV 2013,150,150,146.2,147,10,7886,1182748
12 NOV 2013,150,150,150,150,3,5600,840000
11 NOV 2013,153,153,153,153,4,3110,475830
8 NOV 2013,152,152.5,152,152.5,5,2600,396225
7 NOV 2013,152,152,152,152,3,1186,180272
6 NOV 2013,148,152,145,145.4,8,1091,158674.5
5 NOV 2013,148.6,148.6,148,148,10,1200,177911
4 NOV 2013,150,150,148.5,149,5,2508,375698.5
1 NOV 2013,150,154,149,149,6,130,19730
31 OCT 2013,150,154,150,150.3,2,13,1954
30 OCT 2013,151,151,151,151,1,29,4379
29 OCT 2013,150,150,148,148.1,6,268,39876.5
25 OCT 2013,156,156,156,156,1,1,156
22 OCT 2013,159,159,157,157,2,11,1729
14 OCT 2013,151.5,151.5,149.5,150,10,1710,256473.7
11 OCT 2013,151,151,151,151,2,2,302
9 OCT 2013,153.9,153.9,153.9,153.9,1,1,153.9
8 OCT 2013,152,153.9,150.1,153.9,3,1002,152304
7 OCT 2013,154,155,154,155,2,310,48040
4 OCT 2013,150,150,150,150,1,5400,810000
3 OCT 2013,152.1,152.1,149.8,149.8,7,5553,832978.3
2 OCT 2013,153.8,153.8,153,153.8,6,10129,1549840.2
1 OCT 2013,155,155,152,154,8,13163,2037875.1
27 SEP 2013,155,155,155,155,1,26560,4116800
25 SEP 2013,151,158,151,155,7,2728,422045
24 SEP 2013,155,155,155,155,1,1,155
23 SEP 2013,150.6,155,150.6,155,2,2,305.6
20 SEP 2013,155,155,155,155,1,10,1550
18 SEP 2013,155,158,155,155,10,75421,11690285
17 SEP 2013,162.5,163,150,150.3,19,5804,923209
16 SEP 2013,162,162,162,162,1,1,162
12 SEP 2013,150,150,150,150,3,339,50850
11 SEP 2013,149.9,150,149.9,150,3,502,75299.8
10 SEP 2013,150,150,150,150,4,656,98400
9 SEP 2013,150.9,151,150,150.9,6,710,107129.2
6 SEP 2013,150.9,150.9,150.9,150.9,1,1,150.9
5 SEP 2013,145.1,150.9,145.1,148,2,2,296
4 SEP 2013,151,151,150,150,4,641,96651
3 SEP 2013,154,154,150,151,6,946,142360.1
2 SEP 2013,150,150,150,150,1,100,15000
30 AUG 2013,159.8,159.8,157,157,2,51,8009.8
29 AUG 2013,159.9,159.9,159.9,159.9,1,1,159.9
27 AUG 2013,150,150,150,150,2,1433,214950
26 AUG 2013,154.9,154.9,154,154,2,2,308.9
23 AUG 2013,150.2,150.5,150.2,150.5,4,395,59392.6
22 AUG 2013,152,152,150,150.2,11,1400,211517.1
21 AUG 2013,151.1,152,151.1,152,2,70147,10662335
19 AUG 2013,151.1,152,151.1,151.1,2,201,30372
15 AUG 2013,155,155,149,152,8,1105,166195
14 AUG 2013,155,155,155,155,5,983,152365
13 AUG 2013,156,160,155,155,5,4004,623628
12 AUG 2013,155.1,155.1,155,155,7,580,89918.7
7 AUG 2013,160,160,160,160,1,1000,160000
6 AUG 2013,155,158,155,157,10,50103,7868080
5 AUG 2013,155,160,150,155.1,15,2189,339543
2 AUG 2013,155,156,155,155.5,4,50012,7751866
1 AUG 2013,150.5,160,150,150,6,6469,970370
31 JUL 2013,157.2,157.2,155,155,19,14880,2306407.9
30 JUL 2013,158,158,157.4,157.4,5,200,31483.7
29 JUL 2013,160,160,160,160,5,2650,424000
26 JUL 2013,162,162,162,162,3,1000,162000
24 JUL 2013,162,162,162,162,5,316,51192
23 JUL 2013,164,164,164,164,1,6,984
19 JUL 2013,163.5,163.5,163.5,163.5,13,2642,431967
18 JUL 2013,158.1,164,158,162.7,6,1300,211500.8
12 JUL 2013,164.5,164.5,164.5,164.5,1,20,3290
11 JUL 2013,165,165,165,165,6,3588,592020
10 JUL 2013,160.3,163,160.3,160.3,4,545,87366.2
9 JUL 2013,160.2,160.2,160.2,160.2,2,50,8010
8 JUL 2013,166.1,166.1,164,164,6,449,73970.8
5 JUL 2013,168,168,166,166.1,7,1301,216169
4 JUL 2013,166.1,174.5,166,166.1,5,802,133179.3
3 JUL 2013,170,173,170,170.1,3,56,9523
2 JUL 2013,174,174,170,170,3,701,119174
1 JUL 2013,169.9,170,169.9,170,4,635,107922.5
27 JUN 2013,169.9,169.9,169.9,169.9,1,100,16990
26 JUN 2013,169.9,169.9,169.9,169.9,1,5,849.5
25 JUN 2013,170,171,165,170,4,1020,171420
24 JUN 2013,170,170,166.1,170,10,9286,1574718.4
20 JUN 2013,167,174.5,165.1,166.1,16,6511,1081348.3
19 JUN 2013,171.3,174.5,167,168.8,7,89,15034.5
18 JUN 2013,172,172,171.3,171.9,2,11,1891.3
17 JUN 2013,170,175,170,175,15,23418,4076839.6
14 JUN 2013,174,174,174,174,1,3,522
13 JUN 2013,168,173.9,166.5,166.7,5,5006,834263.9
12 JUN 2013,175,175,167,175,7,3756,657175.8
11 JUN 2013,180,180,175,175,6,1210,212261
10 JUN 2013,180,180,176,180,16,1640685,295322902
7 JUN 2013,180.5,180.5,176.5,180,12,1369978,246594360
6 JUN 2013,184,184.9,180.5,180.6,11,903,164151.4
5 JUN 2013,182,184,176,184,8,349,63455.8
4 JUN 2013,176.5,181.3,176.5,179.6,15,1521,272711.3
3 JUN 2013,177,177.5,176.5,177.4,11,1505,266692.5
31 MAY 2013,175,178,175,177.4,25,1263,223312.4
30 MAY 2013,175,175,175,175,2,166,29050
29 MAY 2013,175,175,174.5,175,6,2570,448900
28 MAY 2013,175.5,175.5,174,174,7,1152,200501
27 MAY 2013,176.1,176.1,175,175,18,13800,2415320
23 MAY 2013,175,176.5,175,176.4,4,1027,179758
22 MAY 2013,174.9,176,174.9,175,16,502190,90383259
21 MAY 2013,175,175,175,175,6,596366,104364050
20 MAY 2013,174,174.1,172.5,172.5,20,37813,6578534
17 MAY 2013,163.5,173,163.5,171.6,31,54357,9216584
16 MAY 2013,162,163.5,162,162.1,8,3586,582685
15 MAY 2013,159.1,164,159,159.8,7,671997,110873304.2
14 MAY 2013,159.1,159.5,159.1,159.5,2,108,17222.8
13 MAY 2013,162,165,162,165,10,49104,8099660
10 MAY 2013,165,165,162,164.5,7,1705,276365
9 MAY 2013,160.1,165,160.1,165,13,12900,2125333.7
8 MAY 2013,160.1,161.1,160,160,20,65298,10449001.4
7 MAY 2013,160,160,160,160,5,1130,180800
6 MAY 2013,152.5,160,152.5,159.6,24,7951,1265185.5
3 MAY 2013,152,152,152,152,2,110,16720
2 MAY 2013,153.1,154,153,153.2,6,270,41376.1
30 APR 2013,153.9,154,153,154,21,4607,708051
29 APR 2013,152.1,153.5,152.1,153.1,7,1179,180469.1
26 APR 2013,151,151,150.5,151,7,1500,226340
24 APR 2013,151,151,150.5,150.5,5,1001,151000.5
23 APR 2013,151,151,151,151,2,900,135900
22 APR 2013,152,152.5,151.1,151.1,9,2967,448743
18 APR 2013,153,153,153,153,2,412076,63047628
17 APR 2013,153,153,152.5,152.5,4,360,54930
16 APR 2013,153,153,153,153,3,260,39780
12 APR 2013,152,155,152,154.3,9,29700,4582454.5
11 APR 2013,151,153,151,153,10,366822,56123745
10 APR 2013,153,153,153,153,1,100,15300
9 APR 2013,151,151,151,151,1,20,3020
8 APR 2013,153,153,153,153,1,100,15300
5 APR 2013,153,155,152,154.9,26,176978,27427654.1
4 APR 2013,151.8,151.8,151,151,3,300,45457
3 APR 2013,152,153,151.8,153,5,162,24679
2 APR 2013,153,153,153,153,2,101,15453
1 APR 2013,152,153,152,153,7,5100,780200
28 MAR 2013,152,152,151.8,151.8,2,301,45692
27 MAR 2013,151.8,151.8,151.8,151.8,4,620,94116
25 MAR 2013,151.8,151.8,151.8,151.8,1,360,54648
22 MAR 2013,155,155,154.3,154.7,2,2,309.3
21 MAR 2013,151.5,155,151.5,152.1,4,544,82508.5
20 MAR 2013,152,152,151,151,2,105,15955
18 MAR 2013,155,155,155,155,8,3800,589000
15 MAR 2013,150,155,149.1,155,21,113765,17629385.5
14 MAR 2013,150,150,150,150,4,305,45750
13 MAR 2013,151,151,151,151,2,14,2114
12 MAR 2013,154,154,150.5,150.5,6,2401,361354
11 MAR 2013,150.5,150.6,150,150.3,5,91,13675.6
8 MAR 2013,150.9,150.9,150.6,150.6,4,141,21264.6
7 MAR 2013,154,155.5,151,151,59,1532795,237581626
6 MAR 2013,149.5,155,149.5,151.3,39,2008561,311311508.9
5 MAR 2013,145,147,145,146.1,6,4000,584000
4 MAR 2013,145.8,145.8,145.8,145.8,2,40,5832
1 MAR 2013,146,146,145.8,145.8,5,814,118681.8
28 FEB 2013,148,148,148,148,2,55,8140
27 FEB 2013,148.5,148.5,148.5,148.5,1,200,29700
26 FEB 2013,149,149,148,148.5,9,3138,466949
22 FEB 2013,147.5,150,147.5,149.8,3,3074,460600
21 FEB 2013,150,150,150,150,3,1076,161400
20 FEB 2013,149,150,149,149.1,4,1350,201250
19 FEB 2013,150,150,149,149.5,12,4400,658820
18 FEB 2013,150,150.1,150,150,8,1193,178960.2
15 FEB 2013,153,153.5,153,153,11,2252,344559.5
14 FEB 2013,152,153.5,152,153.3,24,3682,561331
13 FEB 2013,152.2,152.2,150,150,5,2265,340021
12 FEB 2013,154,154,150,150,5,488,73206
11 FEB 2013,150,151,150,150.5,10,3730,561060
8 FEB 2013,150.6,150.6,150,150,13,8100,1215087
7 FEB 2013,150.6,154.9,150,150.3,10,1995,299935.7
6 FEB 2013,150.5,155,150.2,154.9,10,31201,4832807.9
5 FEB 2013,150,150.5,150,150,11,4946,743865.5
1 FEB 2013,150.5,150.5,150,150.5,6,235,35342
31 JAN 2013,150,150.5,150,150.3,16,13219,1982905
30 JAN 2013,150.3,150.3,150,150,6,2230,334539
29 JAN 2013,150,151.8,150,150.1,6,1241,187153.8
28 JAN 2013,150.1,150.5,150.1,150.4,4,486,73083
24 JAN 2013,150.1,151,150,150,38,38819,5823120.5
23 JAN 2013,150,150,149.5,149.8,4,4535,680125
22 JAN 2013,148,150,148,150,7,6222,933103
21 JAN 2013,148,148,147.1,147.1,3,830,122750
18 JAN 2013,149,149,147.5,147.5,6,363,53772
17 JAN 2013,148,148,148,148,4,1700,251600
16 JAN 2013,148,148,148,148,1,100,14800
15 JAN 2013,147,147,147,147,2,450,66150
11 JAN 2013,147,148,147,147,12,2600,382210
10 JAN 2013,150,150,147,147,7,800,117950
9 JAN 2013,146.5,146.5,146.5,146.5,2,2,293
8 JAN 2013,150,150,150,150,1,20,3000
7 JAN 2013,146.5,146.5,146.5,146.5,1,100,14650
3 JAN 2013,150,150,150,150,8,333,49950
2 JAN 2013,145.5,147,145.5,147,5,2005,294185
28 DEC 2012,145.5,145.6,145.5,145.5,10,500,72752.3
21 DEC 2012,153,153,153,153,3,250,38250
19 DEC 2012,144,154,142.5,154,46,365132,56187110
17 DEC 2012,143,143,143,143,1,100,14300
14 DEC 2012,144,144,140.3,143,15,22184,3136695.2
13 DEC 2012,148,148,144,145,4,191,27814
11 DEC 2012,148,148,144,144,7,866,124785.1
10 DEC 2012,145,145,145,145,1,500,72500
7 DEC 2012,145,145,145,145,2,1200,174000
6 DEC 2012,146,146,145,146,8,3184,464855
4 DEC 2012,144,145,144,145,8,11460,1654940
3 DEC 2012,144,144,140,140,11,2171,304581
30 NOV 2012,144.1,144.1,144,144,2,500,72000.1
29 NOV 2012,145,150,145,149.2,18,543172,81467975.2
28 NOV 2012,145,145.8,145,145.2,16,14300,2074614
26 NOV 2012,145.4,145.4,145,145.3,8,5542,803666
23 NOV 2012,145,146,145,145.4,3,315,45790
22 NOV 2012,145,145,144,145,4,1858,268652
21 NOV 2012,144,145,144,145,6,7995,1153280
20 NOV 2012,144.1,144.1,144,144,17,16075,2314810
19 NOV 2012,143.6,149,143.6,149,7,11600,1681864
16 NOV 2012,144.1,144.1,143.5,143.6,10,4201,604786
15 NOV 2012,145,145,144,144,2,101,14545
14 NOV 2012,150.7,150.7,143,143.5,12,1333,191310.8
12 NOV 2012,150.7,150.7,146,149.8,6,140730,21083757.5
9 NOV 2012,149.9,154.9,149.9,150,10,2253,337954.7
8 NOV 2012,145,148,145,145.5,4,294,42787.5
7 NOV 2012,145,145,145,145,2,250,36250
6 NOV 2012,145,145,145,145,1,100,14500
5 NOV 2012,142.7,150,142.7,144,10,806,117373.9
2 NOV 2012,142.6,142.7,142.5,142.7,6,1120,159650
1 NOV 2012,142.6,142.6,142.6,142.6,1,1,142.6
31 OCT 2012,142.5,145,142.5,143,3,310,44337.5
30 OCT 2012,145,145,140,142.5,3,447,64540
26 OCT 2012,147.5,147.5,145,145.5,11,7697,1120048.6
25 OCT 2012,145.5,149,145.5,149,2,25,3672.5
24 OCT 2012,147.5,147.5,147.5,147.5,1,200,29500
23 OCT 2012,145,148.5,145,148.5,6,40,5856
22 OCT 2012,146.3,146.3,145,145.7,5,7,1021.2
19 OCT 2012,150,150,150,150,5,1510,226500
18 OCT 2012,150,152,149.9,152,14,46920,7038498
17 OCT 2012,150,154,150,150.1,13,845,127179.7
16 OCT 2012,153.5,153.5,153.5,153.5,11,5102,783157
15 OCT 2012,153.5,153.6,153.5,153.5,11,5336,819076.1
12 OCT 2012,155,156,155,155.1,4,1100,170600
11 OCT 2012,157,157,157,157,2,51,8007
10 OCT 2012,158,159,158,159,3,517,82193
9 OCT 2012,161,162,159,159,8,1353,216264.5
4 OCT 2012,163.9,163.9,160,163.9,5,424,68426.5
2 OCT 2012,165.2,165.2,165.1,165.1,3,500,82560
1 OCT 2012,165.1,165.1,164.8,165,13,54642,9015960.8
28 SEP 2012,165,165,163,164.8,6,1215,200275
27 SEP 2012,160.8,170,160.8,165,20,3629,594049.8
26 SEP 2012,158.5,161,158,160.7,19,3159,504374
25 SEP 2012,159,159.8,154.4,154.5,14,3020,471665.4
24 SEP 2012,159,159,156.9,158.9,3,8501,1350656.9
21 SEP 2012,159.4,159.9,154.4,156,12,3110,493115.6
20 SEP 2012,159,159.4,159,159.4,2,600,95440
19 SEP 2012,165,165,159.9,159.9,11,724,117848.9
18 SEP 2012,170,170,165,166.2,15,1816,302547
17 SEP 2012,173,175,166,166.6,9,2990,506470
14 SEP 2012,164.6,175,164.6,171.4,49,8261,1398429.2
13 SEP 2012,160,165,159,164.6,33,7833,1261869.4
12 SEP 2012,159,159.9,159,159.7,13,1682,267708.9
11 SEP 2012,160,160,150,159,16,10115,1614800
10 SEP 2012,146,152,146,151.2,10,9763,1469470
7 SEP 2012,146,147,145,145.5,9,2340,339982
6 SEP 2012,147,147,145,145,13,11489,1669474.9
5 SEP 2012,145,147,145,145,14,11666,1691614
4 SEP 2012,145.4,146.3,145,145,12,8551,1240024.3
3 SEP 2012,137.5,148,137.5,145.3,12,1382,197818
30 AUG 2012,136.9,137.5,134.5,137.5,13,5572,765829.4
29 AUG 2012,136.9,136.9,134,135.4,10,160,21531.7
28 AUG 2012,135,136.9,135,136.1,6,508,69155.7
27 AUG 2012,135,135,135,135,4,1005,135675
24 AUG 2012,137.5,137.5,135,135.8,2,3,407.5
22 AUG 2012,136,138,133,137.8,8,263,35518
21 AUG 2012,133.5,136,133.5,135.1,5,111,14993.5
20 AUG 2012,137,137,133.1,133.2,8,103,13720.4
17 AUG 2012,138,138,138,138,3,6,828
16 AUG 2012,139,139.5,138,138,5,290,40240
15 AUG 2012,139.9,139.9,139,139,3,172,24026.8
14 AUG 2012,133,139.9,133,133.1,2,1301,173102
13 AUG 2012,132.9,133,132.9,133,5,709,94287
10 AUG 2012,141.8,141.8,132.7,132.9,4,30,4076.6
8 AUG 2012,141.9,141.9,141.9,141.9,1,2,283.8
7 AUG 2012,141.9,141.9,141.9,141.9,3,30,4257
3 AUG 2012,142,142,141.9,141.9,3,8,1135.5
2 AUG 2012,140,140,140,140,2,2000,280000
31 JUL 2012,142,142,142,142,1,1,142
30 JUL 2012,132,142.9,131.5,141.9,22,3968,547329.5
27 JUL 2012,131,132,130.7,132,5,282,37015.4
26 JUL 2012,136,136,131,131,4,333,43648
25 JUL 2012,135,135,135,135,1,16,2160
24 JUL 2012,135,135,135,135,13,24412,3295620
23 JUL 2012,136,136,135,135.1,17,2404,324815.2
19 JUL 2012,137.4,137.4,135.1,135.5,10,119,16136.3
18 JUL 2012,130.1,135,130.1,135,5,701,92180.1
17 JUL 2012,136,139.9,136,138,9,613,83607.9
16 JUL 2012,140.5,140.6,140,140.5,6,326,45798.5
13 JUL 2012,142.5,144,142,142.3,7,10322,1468728
12 JUL 2012,140,142.1,140,142.1,2,23100,3282300
11 JUL 2012,142,142,141,142,5,63502,9016784
10 JUL 2012,140,143,140,141.5,11,1397,196198
9 JUL 2012,140.1,144,140.1,143.5,5,10103,1415441
6 JUL 2012,136,144,134,140.1,5,840,117832
5 JUL 2012,142,142,140,140,5,3340,467700
4 JUL 2012,140,140,139.5,139.9,8,1208,169070
2 JUL 2012,140,140,140,140,1,1,140
29 JUN 2012,140,140,140,140,1,200,28000
28 JUN 2012,133.1,133.1,133.1,133.1,1,6,798.6
27 JUN 2012,145.1,145.1,144.9,145,5,5075,735873.2
25 JUN 2012,145.1,150,145.1,145.1,7,1501,218720
22 JUN 2012,146.5,153,145.1,145.1,11,724,105097
21 JUN 2012,150.1,150.1,146.5,148.5,7,1793,266936.7
20 JUN 2012,150,154,150,150,19,510640,76596248
19 JUN 2012,145,160,125,158,11,10062,1272864
18 JUN 2012,145.5,150,138,150,6,655,94204.1
15 JUN 2012,149,150,149,150,13,10060,1508670
14 JUN 2012,144,144,144,144,10,844,121536
13 JUN 2012,147,148,147,147.8,4,1500,221702
12 JUN 2012,148,148,147,147,15,45004,6660587.5
11 JUN 2012,147.8,147.8,145,145.5,5,200,29105.6
8 JUN 2012,149,149,149,149,2,6,894
6 JUN 2012,148,148.9,148,148,11,18211,2695229.9
5 JUN 2012,148.1,148.1,148,148,6,1300,192405
1 JUN 2012,150,150,148,148,2,101,14950
31 MAY 2012,140,160,140,148,10,15071,2230370
30 MAY 2012,145,150,145,150,10,16780,2516500
29 MAY 2012,149,150,149,150,10,9100,1364490
28 MAY 2012,153,153,150,150,10,1080,163160.4
25 MAY 2012,153,153,153,153,1,20,3060
24 MAY 2012,153,153,153,153,1,100,15300
22 MAY 2012,165,165,150.4,150.4,2,501,82650.4
21 MAY 2012,169,169,169,169,2,2,338
17 MAY 2012,164,164,164,164,1,380,62320
16 MAY 2012,164,165.9,163.9,165.4,13,4900,803890
15 MAY 2012,165,165,164,164,5,15200,2507800
14 MAY 2012,165,165,160,160,13,10312,1700423
11 MAY 2012,166,166,165,165.9,8,4250,705280
10 MAY 2012,166,166,166,166,9,2900,481400
9 MAY 2012,170,170,166,166,9,1048,174052
8 MAY 2012,171,171,166,166,6,3411,566265.5
4 MAY 2012,170.1,172,170,170.5,7,5725,975822
2 MAY 2012,170.1,170.1,170.1,170.1,2,50,8505
30 APR 2012,172,172,170.1,170.1,7,822,140144
27 APR 2012,172,172,170.1,170.6,5,12306,2110202.4
26 APR 2012,172,172,170.1,170.1,3,640,109054
25 APR 2012,172,172,170.5,170.5,2,600,102900
24 APR 2012,172,172,172,172,3,210,36120
23 APR 2012,170.1,172,170.1,172,4,692,118885.3
20 APR 2012,174.5,174.5,170.2,172,5,195,33597.5
19 APR 2012,170.2,174.5,170.2,174.5,3,302,52694.7
18 APR 2012,172,172,170,171,3,540,92340
17 APR 2012,177.5,177.5,175,175.2,6,903,158927
16 APR 2012,179,179,177,177.5,3,202,35808
11 APR 2012,179.9,179.9,179.9,179.9,2,3,539.7
10 APR 2012,175.9,175.9,175.6,175.6,3,388,68209.2
9 APR 2012,175,175.9,175,175.5,8,2412,422865.8
5 APR 2012,175.9,175.9,175.9,175.9,1,500,87950
4 APR 2012,175,180,175,180,7,57000,10009901
3 APR 2012,172,175,171.1,175,16,138701,24270585
2 APR 2012,172.1,172.1,171.3,171.3,2,200,34340
30 MAR 2012,171,184,171,174,3,130,23590
29 MAR 2012,173,173,173,173,1,8,1384
28 MAR 2012,175.1,180,173,173.2,21,31519,5520300
27 MAR 2012,175.5,175.5,175,175,4,1240,217050
26 MAR 2012,175,175.1,175,175.1,3,25100,4394560
23 MAR 2012,172,175.5,172,175.5,7,45980,7956540
22 MAR 2012,175,175.5,175,175.5,5,3110,544300
21 MAR 2012,175,175,173,175,6,6400,1119800
20 MAR 2012,173,173,173,173,6,1160,200680
19 MAR 2012,173,173.1,173,173,6,5440,941320
16 MAR 2012,173,173,173,173,2,1200,207600
15 MAR 2012,175,175,172,174.6,9,12140,2121200
13 MAR 2012,175,175.9,174,175,9,41310,7227739
12 MAR 2012,171.9,174,171.9,172,7,2346,403891
9 MAR 2012,173,173,172,172.9,2,1100,190200
8 MAR 2012,172.1,172.1,172.1,172.1,2,80,13768
6 MAR 2012,173,178,172.1,172.1,6,650,112394
5 MAR 2012,172,172.1,172,172,7,9610,1653040
2 MAR 2012,173.8,173.8,172,173,4,15,2600
1 MAR 2012,173,173,173,173,2,15,2595
29 FEB 2012,175,175,175,175,1,1000,175000
28 FEB 2012,175,175,175,175,1,1000,175000
27 FEB 2012,163,178,163,173.7,2,140,24320
24 FEB 2012,180,180,180,180,1,1,180
23 FEB 2012,169,170,169,170,6,84900,14359400
22 FEB 2012,166,169.9,166,169.9,3,300,50580
17 FEB 2012,174.9,174.9,174,174,2,200,34890
16 FEB 2012,165,170,165,167.5,2,200,33500
15 FEB 2012,170,170,165,165,3,10100,1716500
14 FEB 2012,166,170,166,170,13,125000,21049000
13 FEB 2012,160.1,169.9,160,166.2,15,7000,1149040
9 FEB 2012,166,166,166,166,1,100,16600
8 FEB 2012,170,170,170,170,3,11100,1887000
6 FEB 2012,171.1,180,171,177.8,7,900,159300
2 FEB 2012,185,185,180,180,2,300,55000
1 FEB 2012,182,185,182,185,5,2600,479900
31 JAN 2012,180.1,185,180.1,181.7,2,300,54520
27 JAN 2012,182,190,182,188.9,7,800,151080
26 JAN 2012,175,182,175,182,3,400,72100
24 JAN 2012,190,190,180,182.1,9,2000,368200
23 JAN 2012,193,193,192,192,14,11200,2160900
19 JAN 2012,196,196,193,193.1,16,8900,1732900
18 JAN 2012,195,195,195,195,2,4000,780000
17 JAN 2012,195,195,195,195,2,500,97500
12 JAN 2012,191.5,191.5,191.5,191.5,1,100,19150
11 JAN 2012,191.5,191.5,191.5,191.5,3,1200,229800
10 JAN 2012,191.2,191.2,191.2,191.2,1,300,57360
9 JAN 2012,191.5,191.5,191.5,191.5,15,40200,7698300
6 JAN 2012,191.1,192,191.1,191.6,4,700,134060
5 JAN 2012,192,192,191,191,2,300,57500
4 JAN 2012,191,191,191,191,7,6300,1203300
3 JAN 2012,197,197,190,190,12,4400,842010
2 JAN 2012,200,200,200,200,2,500,100000
30 DEC 2011,205,205,203,203,4,1300,266300
29 DEC 2011,200.5,200.5,200.5,200.5,1,100,20050
28 DEC 2011,191.6,202,191.6,198.3,6,700,138160
23 DEC 2011,200,200,200,200,1,100,20000
22 DEC 2011,195,195,191.5,194.3,5,800,155650
21 DEC 2011,195,195,195,195,2,300,58500
20 DEC 2011,196,196.1,196,196.1,5,2200,431230
19 DEC 2011,196,196,196,196,3,1600,313600
16 DEC 2011,196.5,196.5,196.1,196.1,5,1600,313880
15 DEC 2011,196,196,196,196,2,300,58800
14 DEC 2011,197,197,196,196.1,9,2700,529820
13 DEC 2011,198,198,198,198,2,200,39600
12 DEC 2011,195.3,195.3,195,195,3,900,175560
9 DEC 2011,195.3,195.3,195.3,195.3,1,400,78120
8 DEC 2011,195.3,195.3,195.3,195.3,4,600,117180
7 DEC 2011,195.5,195.5,195.5,195.5,1,100,19550
6 DEC 2011,195.1,195.1,195,195,4,92400,18018100
5 DEC 2011,195,195,195,195,6,28600,5577000
1 DEC 2011,200,200,195.2,199,3,500,99520
30 NOV 2011,190,195,190,195,4,3600,700500
29 NOV 2011,199,200,196,196,18,11200,2235500
28 NOV 2011,190,190,190,190,7,29900,5681000
25 NOV 2011,188,188,185,185,8,18100,3348800
24 NOV 2011,192,192,188,188,7,15400,2898200
23 NOV 2011,199.9,200,199.9,200,3,1200,239990
22 NOV 2011,200,200,200,200,1,200,40000
21 NOV 2011,200,200,200,200,9,101500,20300000
18 NOV 2011,200,202,200,200,12,22400,4481600
17 NOV 2011,199.8,202,199.8,200,34,72300,14464660
16 NOV 2011,200,200,195,195,7,3200,624500
15 NOV 2011,198,201.9,198,200,3,300,59990
14 NOV 2011,200,200,200,200,14,4200,840000
11 NOV 2011,200,200,200,200,2,200,40000
9 NOV 2011,202,202,200,201.8,3,900,181600
8 NOV 2011,200.1,200.1,200,200,10,10300,2060030
3 NOV 2011,201,207,200.1,200.1,3,22700,4563210
2 NOV 2011,199,206,199,203.8,9,1800,364400
1 NOV 2011,200,200,200,200,5,5500,1100000
31 OCT 2011,200,200,200,200,3,700,140000
28 OCT 2011,200,200,200,200,3,1200,240000
27 OCT 2011,200,205,200,200,13,3300,662850
24 OCT 2011,200,201,200,200,4,3600,720100
21 OCT 2011,204,230,200,200,18,11500,2561170
20 OCT 2011,200,200.2,200,200,29,28500,5700160
19 OCT 2011,202.9,202.9,200,200,10,3300,663070
18 OCT 2011,202,203,200,201.8,17,5600,1124920
17 OCT 2011,201.6,204,200,200.1,15,8700,1743800
14 OCT 2011,201,204,201,204,2,300,60900
13 OCT 2011,200.6,205,200,204.2,16,8800,1763090
12 OCT 2011,202,202,202,202,1,200,40400
10 OCT 2011,202.1,202.1,201,201.6,7,4900,987140
7 OCT 2011,204.5,204.5,204.5,204.5,1,400,81800
5 OCT 2011,213.9,213.9,205,205,10,6800,1411960
4 OCT 2011,205.3,205.4,205.3,205.4,2,200,41070
30 SEP 2011,202.5,210,204.5,205.3,6,11500,2360950
29 SEP 2011,205,205.6,201,204,8,10600,2176140
28 SEP 2011,205.6,205.6,205.2,205.5,5,700,143880
27 SEP 2011,206.1,206.1,205,205.6,2,200,41110
26 SEP 2011,213.1,213.1,210,210.9,8,1400,296540
23 SEP 2011,206.2,211,205,211,11,2100,433130
22 SEP 2011,206,206,206,206,1,500,103000
21 SEP 2011,203.1,206,203.1,205.2,4,400,82030
20 SEP 2011,217.1,217.1,211,213.5,14,4900,1057160
16 SEP 2011,210,217.9,210,217.1,9,12000,2599000
15 SEP 2011,216.1,219,216.1,218,4,800,174310
14 SEP 2011,217,217,217,217,4,400,86800
13 SEP 2011,228,228,220,225,11,16300,3666050
12 SEP 2011,225.5,225.5,220,223.4,6,2000,448000
9 SEP 2011,228,229,225.5,226,12,3800,864090
8 SEP 2011,232,235,225,226.5,40,14700,3393630
7 SEP 2011,224,239.8,222,229.9,61,30200,6893570
6 SEP 2011,216,224,215,220.8,19,15100,3323320
5 SEP 2011,206,213.9,206,213.4,17,11000,2317490
2 SEP 2011,206,206,205,205.4,3,300,61610
1 SEP 2011,205.1,205.1,200,200.5,6,3700,742720
29 AUG 2011,203,203,203,203,1,500,101500
26 AUG 2011,203,204,203,203.8,4,500,101810
25 AUG 2011,206,206,205,205,4,600,123120
24 AUG 2011,205,205,205,205,1,200,41000
23 AUG 2011,204.1,210,202.1,210,6,1100,226490
22 AUG 2011,203.1,240,203.1,217,35,21300,4441260
19 AUG 2011,208,208,205,205,10,25000,5131000
18 AUG 2011,205,205,201,205,4,600,122600
17 AUG 2011,205,208.2,205,208.1,6,11100,2307810
16 AUG 2011,200.1,204,200.1,203.7,7,2800,568880
15 AUG 2011,200.1,200.1,200,200.1,2,200,40010
12 AUG 2011,200.5,204,200.1,200.3,5,2100,420660
11 AUG 2011,205,205,205,205,3,10500,2152500
10 AUG 2011,205,205,205,205,2,2100,430500
9 AUG 2011,201.1,204.9,201.1,204.9,5,1100,221590
8 AUG 2011,203,203,203,203,5,1700,345100
5 AUG 2011,204,205,202.1,204.1,10,5600,1144410
4 AUG 2011,201.1,203,201.1,203,2,200,40410
2 AUG 2011,201,205,201,205,4,5800,1188200
29 JUL 2011,200,201,200,201,5,1200,240650
28 JUL 2011,200,201.5,200,201.5,4,2500,502300
27 JUL 2011,200.2,202.5,200,201.9,10,11100,2224040
26 JUL 2011,200,201,200,200.2,14,23700,4741100
25 JUL 2011,193,200,190,200,22,27100,5411830
22 JUL 2011,198,200,192,198.9,6,1500,296410
21 JUL 2011,200,200,200,200,6,3800,760000
20 JUL 2011,200,200,200,200,9,24700,4940000
19 JUL 2011,200,200,200,200,15,14200,2840000
18 JUL 2011,200,200,200,200,9,17800,3560000
15 JUL 2011,200.1,200.1,200,200,4,1000,200010
13 JUL 2011,200,200.1,200,200,13,32100,6420150
12 JUL 2011,200,200.1,200,200,10,136200,27242500
11 JUL 2011,198,200,198,198.8,8,4600,913200
8 JUL 2011,200,200,200,200,28,48100,9620000
7 JUL 2011,200.5,201.1,200.1,200.5,7,17400,3489140
6 JUL 2011,200,202,200,200.1,8,3100,621010
5 JUL 2011,200,200,199,199.1,2,900,179200
4 JUL 2011,200,200,200,200,4,1100,220000
1 JUL 2011,198.5,199,198.5,199,6,5800,1151350
30 JUN 2011,200,200,198,198.5,4,1000,198260
29 JUN 2011,200,200,198,199,12,20100,3987800
28 JUN 2011,200,200,200,200,5,1300,260000
27 JUN 2011,192,204.9,191,200,12,12800,2513800
24 JUN 2011,200,200.5,200,200.5,9,6400,1280200
23 JUN 2011,200,200,197,197.2,17,27400,5435110
22 JUN 2011,200,200.5,200,200.5,7,2800,560150
21 JUN 2011,204.1,204.1,198,199.8,19,6600,1336310
20 JUN 2011,205.1,205.1,204,204,8,1600,326840
17 JUN 2011,204,205.1,204,205.1,5,900,183930
16 JUN 2011,202,210,202,210,3,600,125200
14 JUN 2011,217,217,117,205.1,11,2900,602600
13 JUN 2011,218,218,218,218,14,10400,2267200
10 JUN 2011,218,218,218,218,4,1300,283400
9 JUN 2011,219,222,218,218,17,59200,12907320
8 JUN 2011,220,220,218,219,11,17300,3774910
7 JUN 2011,222,225.1,220,220.4,8,11500,2536510
6 JUN 2011,218,220,218,220,20,24800,5455180
3 JUN 2011,220,220,218,218,11,10500,2308300
2 JUN 2011,220.5,220.5,220.5,220.5,3,2500,551250
1 JUN 2011,225,225,220,220,7,1400,310850
31 MAY 2011,227,230,224,224,8,3000,682280
30 MAY 2011,223.9,228,223.9,227.2,22,38100,8596030
27 MAY 2011,224,224,224,224,4,700,156800
26 MAY 2011,223.1,223.1,220,220.1,7,7000,1555120
25 MAY 2011,225,225,225,225,4,3100,697500
24 MAY 2011,224.2,226,224,225.9,12,12700,2849760
23 MAY 2011,224,224.5,224,224.1,10,10400,2330010
20 MAY 2011,225,225,223.5,224,11,4800,1076140
19 MAY 2011,220.9,223,220.5,222.9,5,3300,735240
16 MAY 2011,220,220.1,220,220.1,6,1800,396010
13 MAY 2011,220,220,220,220,2,700,154000
12 MAY 2011,220,220,220,220,10,8300,1826000
11 MAY 2011,222,222,220,220,7,1800,397200
10 MAY 2011,228,228,225,225.1,9,3600,812900
9 MAY 2011,227,229,227,228.1,25,46300,10558400
6 MAY 2011,225,228.1,225,227,37,104200,23680520
5 MAY 2011,224,226.2,224,225,9,3200,720920
4 MAY 2011,224,225,224,224,13,5700,1278600
3 MAY 2011,220,224,220,223.4,12,12500,2784400
29 APR 2011,224.9,224.9,224.9,224.9,1,100,22490
28 APR 2011,225,225,220,223.5,10,1500,335340
27 APR 2011,222,222,220,220.1,9,23700,5216090
26 APR 2011,223.5,225,222,224.1,25,11000,2460940
25 APR 2011,224.9,224.9,223.5,224,13,24100,5414400
21 APR 2011,221,225,221,225,8,11500,2553500
20 APR 2011,225,225,222,225,17,167900,37777200
19 APR 2011,225,225.1,220,225,15,11800,2652750
18 APR 2011,226,226,226,226,5,4300,971800
12 APR 2011,225.2,227,225,227,13,7100,1600920
11 APR 2011,225,225,225,225,3,2700,607500
8 APR 2011,227,227,225,225,5,11600,2610250
7 APR 2011,225,227,225,225,6,52600,11835200
6 APR 2011,225,225,225,225,4,5200,1170000
5 APR 2011,227,227,225,225.2,10,8900,2007090
4 APR 2011,228.3,228.3,225,225.3,14,22000,5015080
31 MAR 2011,220,230,220,228.3,19,9200,2070740
30 MAR 2011,225,225,225,225,5,11500,2587500
29 MAR 2011,224,228,224,225.2,14,10400,2339600
28 MAR 2011,220,220.5,220,220,5,2800,616100
25 MAR 2011,220,225,220,224,12,5200,1164210
24 MAR 2011,220,220,220,220,2,200,44000
23 MAR 2011,218,218,218,218,4,1200,261600
22 MAR 2011,215,218,215,218,7,6800,1462900
21 MAR 2011,218,224,218,222.7,10,2000,441090
18 MAR 2011,215,218,215,218,8,4900,1054400
17 MAR 2011,219,220,219,220,38,39500,8689900
16 MAR 2011,211,215,211,215,2,1100,236100
15 MAR 2011,222,222,214,214.9,20,9200,2010120
14 MAR 2011,227.5,227.5,225,225.3,21,16500,3724250
11 MAR 2011,227.5,228,227.2,227.5,5,1600,364440
10 MAR 2011,227.7,227.7,227,227,25,37300,8468060
9 MAR 2011,228,228.9,227,227.9,9,4200,954540
8 MAR 2011,234.8,234.8,224,228.3,25,20800,4736520
7 MAR 2011,231,235,230,234.8,26,61100,14174450
4 MAR 2011,230,235,230,233.4,11,22600,5232600
3 MAR 2011,230,231.1,229,229.9,67,123600,28363140
1 MAR 2011,230.1,231,230,230,33,39700,9131440
28 FEB 2011,234,234,232,232,21,22300,5174640
25 FEB 2011,232,234.9,232,233.1,13,16500,3844420
24 FEB 2011,233,235,233,233.3,26,309900,72479850
23 FEB 2011,234,236,231,233.2,88,641400,149829370
22 FEB 2011,235,235,234,234.1,47,160900,37673320
21 FEB 2011,237,240,235.6,236,36,49000,11576330
18 FEB 2011,239.9,240,235,235.6,20,6600,1561350
15 FEB 2011,235,235,230,232.6,27,33100,7673630
14 FEB 2011,243,243,235,235,38,22700,5404320
11 FEB 2011,240,246.8,240,240.2,73,112900,27486260
10 FEB 2011,240,242.9,240,240,43,81700,19611880
9 FEB 2011,246,246,240,240.4,70,95700,23149300
8 FEB 2011,250,253,237.9,242.3,238,215200,52827730
7 FEB 2011,237.6,239.9,236.9,237.9,30,75500,17960660
3 FEB 2011,240,240,236,237.6,49,24300,5802700
2 FEB 2011,235,240,232,234.8,64,110000,25952970
1 FEB 2011,231,239,231,231.1,47,42400,9865600
31 JAN 2011,232,232,230,232,30,15300,3532650
28 JAN 2011,232,233,230.5,232,24,71300,16534500
27 JAN 2011,236,240,232,232.3,44,31700,7480410
26 JAN 2011,241,241,232,236,47,66600,15791710
25 JAN 2011,240,248,238,239.4,227,287100,69632090
21 JAN 2011,215.1,243,235,238.3,99,163300,38930120
20 JAN 2011,209.9,215,205,214.3,67,63800,13593580
18 JAN 2011,202,209.9,202,205,23,17200,3534300
17 JAN 2011,203.1,204.5,199,201,38,35600,7158460
14 JAN 2011,201,203,200,202.4,21,49500,10002100
13 JAN 2011,200,203,200,202.2,26,32000,6418200
12 JAN 2011,200,201,197,200.1,22,18200,3621970
11 JAN 2011,198,203,198,200,37,164500,32798310
10 JAN 2011,200,200,195.1,200,28,29900,5971470
7 JAN 2011,197,200,197,199.6,22,14000,2788270
6 JAN 2011,199,199,196.5,197,16,3700,728980
5 JAN 2011,200,200,196.1,197.7,11,3900,771600
4 JAN 2011,199,199,196,199,10,3600,716090
31 DEC 2010,198,199.9,195,195.4,7,1000,196650
30 DEC 2010,195.5,196,195,195,15,11800,2305450
29 DEC 2010,195.7,196.5,195.5,196.5,12,13200,2590590
28 DEC 2010,195.5,196,195.5,195.7,9,4100,802030
27 DEC 2010,194.5,196.9,194.5,196.2,6,1200,234130
24 DEC 2010,195,195,194.5,194.8,8,5600,1091100
23 DEC 2010,195,196,194.5,195,10,3600,701600
22 DEC 2010,194,196,194,195.8,13,43900,8588200
21 DEC 2010,195,195,193,194.3,3,400,77800
17 DEC 2010,195.1,195.1,195,195,4,5600,1092010
16 DEC 2010,195.5,195.5,195,195.1,10,12900,2516650
15 DEC 2010,195.5,195.5,195,195,14,14200,2769720
14 DEC 2010,195.1,195.1,195,195,23,539600,105222030
13 DEC 2010,196.8,196.8,195,195.5,20,7500,1471660
10 DEC 2010,195,196.9,195,196.1,18,17000,3340600
9 DEC 2010,195,196,190,195.4,18,134400,26208830
8 DEC 2010,197,198.5,195,197.8,9,32500,6347850
7 DEC 2010,195.1,196,195,195,20,43600,8506920
6 DEC 2010,195.1,196,195,195.1,15,4900,956300
3 DEC 2010,198,200,195.1,195.1,15,16200,3233150
2 DEC 2010,195,195,194,195,14,505700,98610900
1 DEC 2010,197.4,197.5,195,196.2,43,89100,17414430
30 NOV 2010,198,202.5,193,195.6,59,3046800,594265240
29 NOV 2010,194,195,190,193.1,68,1337300,260105800
26 NOV 2010,195,195,194,195,16,15200,2955000
25 NOV 2010,197,198,195,195.7,29,9800,1924140
24 NOV 2010,193,197,193,195,33,2024900,394851570
23 NOV 2010,196,197,192,194.5,54,136200,26307590
22 NOV 2010,195,198,195,197.1,17,8500,1674410
18 NOV 2010,194,198.9,193.1,194.7,16,10700,2077310
16 NOV 2010,193.2,193.2,193,193,22,20400,3937640
15 NOV 2010,195,195,192.1,193,31,35800,6908850
12 NOV 2010,194,198,193,194.9,20,9200,1786720
11 NOV 2010,193,195,193,194.7,19,6400,1243500
10 NOV 2010,193,194.9,192,193.9,46,56400,10865370
9 NOV 2010,195,195,193.5,193.8,12,23400,4541810
8 NOV 2010,199.6,199.6,195,196.7,25,22600,4502230
4 NOV 2010,196,200,195,199.6,105,96600,19155260
3 NOV 2010,182,195,182,194.1,127,1614500,322181440
2 NOV 2010,184,185,180,180.9,22,11400,2067620
1 NOV 2010,182,183,182,182.2,18,14500,2639500
29 OCT 2010,182,182,181,181.3,18,8400,1523560
28 OCT 2010,180,181,180,181,2,600,108100
27 OCT 2010,180,180,179.5,179.9,10,3400,611950
26 OCT 2010,182,182,178.5,179.5,22,10400,1871450
25 OCT 2010,188,190,183,183.6,49,26100,4882920
21 OCT 2010,189,190,183,183.6,49,26100,4882920
20 OCT 2010,185,191,185,188.5,22,14900,2817890
19 OCT 2010,186,187.8,185,186.9,31,25800,4798390
18 OCT 2010,185,187,184,185,56,53500,9896660
15 OCT 2010,185,185,177,184.6,16,5600,1011960
14 OCT 2010,185,191,180,183.6,49,18900,3503790
13 OCT 2010,173,195,166,176.7,108,70100,12325190
12 OCT 2010,190,190,175,176.8,59,45200,8135530
11 OCT 2010,199,199,190,190.3,24,9700,1886470
8 OCT 2010,190,198,180,195.8,91,40000,7469080
7 OCT 2010,200,200,185,190.1,74,94600,18065540
6 OCT 2010,208,208,199,200,51,27900,5665690
5 OCT 2010,210,210,203,203.1,40,27600,5670990
4 OCT 2010,212,220,203,209.1,81,66800,14260650
1 OCT 2010,210.8,211,208,208.7,41,19100,4007780
30 SEP 2010,208,212,202,210.9,75,116600,24459980
29 SEP 2010,210,210,207,207.4,20,6100,1271580
28 SEP 2010,215,217,206,207.1,71,34600,7316280
27 SEP 2010,198,220,198,213.5,283,196500,41649950
24 SEP 2010,192,195,191.5,201.5,142,196000,39012020
23 SEP 2010,190,195,181,191.9,87,107100,20476970
21 SEP 2010,194,194,188,189,43,28700,5455830
20 SEP 2010,199,199.6,188,191.1,52,26600,5091130
17 SEP 2010,205,212,190,195.3,109,75100,15073050
16 SEP 2010,187,200,186.8,199.5,71,70600,13742650
15 SEP 2010,198,198,183,192.7,191,167700,31901360
14 SEP 2010,183.2,183.2,175,180.3,284,292700,52889770
13 SEP 2010,154.9,166.6,154.9,166.6,139,340800,55578990
9 SEP 2010,158,158,155,151.5,49,54800,8436920
8 SEP 2010,158,158,151,154.9,25,34000,5333600
7 SEP 2010,150,155,150,151,18,30900,4756700
6 SEP 2010,156,156,150.1,150.8,23,10800,1657060
3 SEP 2010,152,155,150,155,35,86400,13140270
2 SEP 2010,149,150,147.9,151,60,60100,9010020
1 SEP 2010,145.1,145.5,145,145,50,146100,21185110
31 AUG 2010,145,145,143,144,77,91400,13217300
30 AUG 2010,145,145,143,143,7,6200,896400
27 AUG 2010,145,147.5,145,145,7,17100,2481050
26 AUG 2010,146,146.5,145,146,24,19500,2832580
25 AUG 2010,145.1,146,145.1,145.6,13,7500,1092500
23 AUG 2010,150,150,145,145.1,10,6500,959130
20 AUG 2010,148,148,146,147.5,67,133500,19726350
19 AUG 2010,146,149,146,148.1,62,86600,12813740
18 AUG 2010,142.9,149.5,142.9,145,47,35300,5150200
17 AUG 2010,136,145.9,135.6,141.3,27,20200,2849800
16 AUG 2010,136.1,137,135,135,24,78700,10678490
13 AUG 2010,132,135,130,135,7,147200,19460600
12 AUG 2010,130.2,132,130.2,132,5,15200,1979900
11 AUG 2010,135,135,132.2,134.9,16,18400,2477600
10 AUG 2010,125,140,123,135,52,58900,7418370
9 AUG 2010,128,130,128,128.2,35,29800,3840070
6 AUG 2010,140,142,135,135,22,33300,4518450
5 AUG 2010,132,132,131,132,16,27100,3576010
4 AUG 2010,132,135,132,133.4,6,2300,306900
3 AUG 2010,136.6,136.6,134.9,135.1,9,35600,4826050
2 AUG 2010,139.5,140,137,137.8,10,5900,824650
30 JUL 2010,141.25,142,139.75,140,14,14900,2095300
29 JUL 2010,145,145,138,141.25,15,4500,637000
28 JUL 2010,143.25,145,143,145,76,147200,21320925
27 JUL 2010,143.75,145,140,143.25,62,62800,9052125
26 JUL 2010,134.75,145,134,141.5,112,107200,15053550
23 JUL 2010,130,134.75,130,132.25,38,75100,9865850
22 JUL 2010,129.25,129.5,127,127.25,3,2000,256500
21 JUL 2010,125,127,125,126.75,11,15900,2004600
20 JUL 2010,126,128.5,125,127,12,6400,806550
19 JUL 2010,124,126,124,125,18,9200,1149325
16 JUL 2010,125,125.75,123,124.75,9,11800,1474075
15 JUL 2010,129,129,125,125.25,9,4400,554225
14 JUL 2010,125,128,125,125,15,30600,3825300
13 JUL 2010,123.25,129,123.25,125,19,23000,2874900
12 JUL 2010,125,125,123,123.75,4,1500,186300
9 JUL 2010,125,128,123,123.75,15,6600,818650
8 JUL 2010,125,125,124,125,18,25100,3136775
7 JUL 2010,127,127,124,124.25,48,155000,19371025
6 JUL 2010,125,138,125,126.75,71,89600,11704175
5 JUL 2010,126,126,124,124,29,137300,17122675
2 JUL 2010,124,126,121,125.5,47,262500,32832175
1 JUL 2010,124,125.25,124,125.25,6,26800,3350175
30 JUN 2010,128,129.75,128,128,6,5700,729775
29 JUN 2010,124,130,123,128.5,10,3000,377625
28 JUN 2010,124.25,125,122,124,31,22700,2824775
24 JUN 2010,125,125,124,124.25,38,20800,2593350
23 JUN 2010,129,130,124,125,52,38600,4858650
22 JUN 2010,132,132,128,128,45,23900,3090975
21 JUN 2010,130.5,138,130,130.5,68,263500,34411200
17 JUN 2010,130.75,134,129.5,130,51,88600,11536600
16 JUN 2010,139.75,139.75,130.75,132.5,37,21000,2815225
15 JUN 2010,140,140,130,134.75,81,86900,11731525
14 JUN 2010,145,145.25,139,140.25,93,67200,9614325
11 JUN 2010,135,149.5,135,143.5,316,233300,33484550
10 JUN 2010,119,135,119,132.25,191,289500,36540975
9 JUN 2010,112,120,112,118,140,150500,17600425
8 JUN 2010,106,110,105,108,82,133600,14297475
7 JUN 2010,101.5,105.5,101.5,104.75,50,34100,3534750
4 JUN 2010,100.5,102,100.5,101,33,26900,2722150
3 JUN 2010,99.75,101.5,99.75,100.5,53,97400,9770325
2 JUN 2010,100,100,98,98,15,13600,1338650
1 JUN 2010,97.5,101,97,98,73,68200,6787975
31 MAY 2010,97.25,97.5,95,97,12,9700,936525
26 MAY 2010,96,97,95.5,96.75,37,58600,5619675
25 MAY 2010,96,96,95,95.25,8,6400,609000
24 MAY 2010,96,99.75,96,98,99,61800,6081550
21 MAY 2010,95,95,94.75,95,13,10700,1016100
20 MAY 2010,95,96.75,94.25,95,29,198300,19021050
19 MAY 2010,95.25,95.25,95,95,37,76000,7221350
18 MAY 2010,96.5,97,95,95.25,13,16700,1592875
17 MAY 2010,95,97,94.75,95,35,288200,27385350
14 MAY 2010,94.75,97.75,93,94.75,73,61800,5867075
13 MAY 2010,93,94,92,93,35,26400,2458250
12 MAY 2010,90.75,93,90.5,92.25,19,162400,14718350
11 MAY 2010,90.5,91,90.25,90.75,26,19900,1802350
10 MAY 2010,90.5,90.5,90,90.25,12,11300,1022350
7 MAY 2010,91,91,89.75,90,11,4700,422925
6 MAY 2010,90.5,91.5,90,91.5,27,43600,3930600
5 MAY 2010,90,91,90,90.5,34,758600,68656300
4 MAY 2010,92,92,88.5,89.75,26,14300,1284350
3 MAY 2010,88,92,88,92,18,11900,1071200
30 APR 2010,90.5,90.5,89,89.75,23,8800,791375
29 APR 2010,90.75,94,90,92.25,55,34600,3190200
27 APR 2010,90.75,90.75,87,89.75,56,47900,4299700
26 APR 2010,91,92,89.5,90,83,67100,6087275
23 APR 2010,81,90,81,87.25,121,97600,8235725
22 APR 2010,77,80,76.5,79.75,62,189000,14984350
21 APR 2010,75.75,77.5,75.5,77,39,56700,4355850
20 APR 2010,76,76.5,75.75,75.75,14,5300,404100
19 APR 2010,77,77,75,76,9,6600,501200
16 APR 2010,76.25,76.5,76.25,76.25,29,18500,1413450
15 APR 2010,74,76.25,74,76.25,11,15400,1157350
12 APR 2010,75.5,76.5,75,75.25,28,29100,2208850
8 APR 2010,75,75.5,73,75,43,44900,3356975
7 APR 2010,74.25,75.5,73,75,42,89900,6731025
6 APR 2010,71,74,71,74,31,32800,2391250
5 APR 2010,70.5,72,70.5,72,9,2900,207400
1 APR 2010,70,71,70,70.25,11,9200,644600
31 MAR 2010,71,71.75,70.25,70.5,16,4200,296975
30 MAR 2010,71,71,69.75,70.75,8,20200,1425825
26 MAR 2010,70.25,70.5,70,70.25,6,3300,231750
25 MAR 2010,69.75,70.75,69.5,70.75,10,3700,258675
24 MAR 2010,69.5,70,69.5,70,14,18700,1307075
23 MAR 2010,69.25,70,69.25,69.5,24,37200,2586825
22 MAR 2010,69.5,69.75,69,69.5,15,11400,790925
19 MAR 2010,69.25,70,69.25,70,7,24000,1676750
18 MAR 2010,68.75,70,68.75,69.25,21,84700,5867975
17 MAR 2010,68.25,70,68.25,70,15,46500,3252550
16 MAR 2010,70,70,70,70,1,100,7000
15 MAR 2010,70,70,69.25,69.5,7,1900,132250
12 MAR 2010,71,71,70,70.75,26,58800,4163600
11 MAR 2010,70,70.5,70,70,17,21600,1512050
10 MAR 2010,69,70,69,70,27,565100,39544850
8 MAR 2010,70,70,69,69,12,8100,559900
5 MAR 2010,69,69.5,69,69.5,5,2100,145450
4 MAR 2010,70,70,69.5,69.5,4,3300,229900
3 MAR 2010,70,70.75,70,70,29,66300,4651500
2 MAR 2010,69,72.5,69,70,31,284100,19904200
1 MAR 2010,68.75,68.75,68.75,68.75,9,5600,385000
26 FEB 2010,69,69.5,69,69.5,5,8500,586750
25 FEB 2010,70,70,69,69,13,14200,992650
24 FEB 2010,71,71,69.5,70,25,32500,2274900
23 FEB 2010,70.5,70.5,70,70.25,6,8400,591200
22 FEB 2010,70.75,71,70,70,24,55000,3872950
19 FEB 2010,69.25,70.5,69.25,70,16,11900,833025
18 FEB 2010,70,70.25,69.25,69.25,15,24300,1699175
17 FEB 2010,69.5,70,67.25,70,15,509900,35691150
16 FEB 2010,68,69,68,69,10,6800,465975
15 FEB 2010,70,70,68,68,6,6000,418000
12 FEB 2010,71,71,68,70,17,11800,805025
11 FEB 2010,72,72,70,70,41,33100,2320225
10 FEB 2010,72.5,73.25,72,72.5,24,8500,618300
9 FEB 2010,73,73.5,72,72.25,37,23200,1679125
8 FEB 2010,72,73,71.75,72.75,55,48100,3477300
5 FEB 2010,70.75,71.5,69.5,70,34,29500,2067850
3 FEB 2010,68.5,73,68.5,70.75,155,770800,54201400
2 FEB 2010,68,68.75,68,68.5,30,31400,2148475
1 FEB 2010,68,68,67.25,67.5,11,8700,590075
28 JAN 2010,65,68,65,68,16,10200,676525
26 JAN 2010,65.25,68.5,65.25,68,13,41000,2736650
25 JAN 2010,66.5,68,66.5,68,10,35100,2382825
22 JAN 2010,66,67.25,66,67,15,25100,1680675
21 JAN 2010,65.5,66,65.5,65.75,8,34800,2281650
20 JAN 2010,66,67.5,65.25,65.5,28,208700,13727950
19 JAN 2010,67,67,64,65.25,32,102300,6775025
18 JAN 2010,68,68,67,67,15,25900,1747375
15 JAN 2010,67.5,68.25,66.5,68,46,51100,3438100
13 JAN 2010,66.25,67.25,66.25,67,25,27500,1841075
12 JAN 2010,66,66.5,65,66.25,35,84900,5603625
11 JAN 2010,67,67,66.25,67,17,30200,2022525
8 JAN 2010,66.5,67,66.5,66.75,13,15800,1055450
7 JAN 2010,65.5,66.5,64,66.25,36,27700,1802325
6 JAN 2010,67,67.5,65.25,65.5,42,97800,6456900
5 JAN 2010,65,67.25,65,67,51,59700,3982725
4 JAN 2010,65,66.5,65,66.5,23,13600,896800
30 DEC 2009,65.25,65.5,65,65.25,30,56500,3681300
29 DEC 2009,65.25,65.5,64.25,65.25,20,7700,501750
28 DEC 2009,65.25,65.25,64.5,65,21,20900,1363375
24 DEC 2009,63.25,66,63.25,65.25,18,10000,654175
23 DEC 2009,65,65.5,63.25,63.5,27,30700,1979400
22 DEC 2009,63.25,66,63.25,65,91,159100,10314025
21 DEC 2009,64.25,64.25,63.25,63.25,41,24900,1590275
18 DEC 2009,62,63.5,61,63.25,44,84200,5244825
17 DEC 2009,61.5,62.25,61.5,62,38,34500,2137825
16 DEC 2009,60,62,60,61.5,15,15400,929675
15 DEC 2009,59.5,61.75,59.5,61.5,18,11400,685125
14 DEC 2009,59.5,59.5,59.5,59.5,2,1100,65450
11 DEC 2009,60,60,59.75,59.75,7,3200,191475
10 DEC 2009,61.25,62,60,60,21,11900,725625
9 DEC 2009,61,62.25,60,61.25,65,192700,11588200
8 DEC 2009,58,60,58,60,14,33200,1989250
7 DEC 2009,58.5,59,58.5,58.5,6,2600,152600
4 DEC 2009,58,58.25,58,58.25,4,4200,243625
3 DEC 2009,56.25,58,56.25,58,3,2500,144650
2 DEC 2009,59,59,59,59,1,500,29500
30 NOV 2009,57,58.75,57,58.5,6,1400,81050
27 NOV 2009,56.5,57,56.5,57,6,2100,119650
26 NOV 2009,55,55,55,55,13,3300,181500
25 NOV 2009,57,57,56.75,57,3,800,45575
24 NOV 2009,58.5,58.5,57.5,57.5,19,19700,1148925
23 NOV 2009,59,59,58.75,58.75,9,3600,211550
20 NOV 2009,59.5,59.5,58.75,59,12,10100,596500
19 NOV 2009,58.5,60,58.5,59,9,3400,200425
18 NOV 2009,59.5,59.5,59.5,59.5,4,2700,160650
17 NOV 2009,58,60,58,59.75,9,8100,480825
16 NOV 2009,60,60,59.5,59.5,9,3600,215900
13 NOV 2009,57,60,57,59,15,8600,509375
12 NOV 2009,56.5,57.75,55.5,57,27,25100,1425325
11 NOV 2009,56,56.5,56,56,13,5800,324950
10 NOV 2009,56.5,56.5,56,56.25,4,12100,680150
9 NOV 2009,57,57,57,57,14,14800,843600
6 NOV 2009,57,58.5,57,58.25,22,13800,795600
5 NOV 2009,56.25,56.25,54,55,30,25800,1413925
4 NOV 2009,57.75,57.75,57,57.5,34,19100,1096600
3 NOV 2009,58,58.25,58,58,6,900,52275
30 OCT 2009,57.75,58.25,57.75,58.25,4,1300,75225
29 OCT 2009,58.5,58.5,57.75,57.75,13,8600,498700
27 OCT 2009,58,59,57.75,58,6,3100,179700
26 OCT 2009,60,60,58.5,58.5,7,5900,353850
23 OCT 2009,58,61.5,58,61,41,34700,2112475
22 OCT 2009,59.75,61,58,58.75,32,20900,1243175
21 OCT 2009,60,61,51,60.25,102,163500,9567650
20 OCT 2009,61.25,61.25,58.5,60,49,85600,5197675
19 OCT 2009,61.5,62.5,61,62.25,40,32000,1961675
16 OCT 2009,63.5,64,62.5,63,15,4000,253150
15 OCT 2009,64.75,65,63.25,63.25,22,28300,1830175
14 OCT 2009,63.5,63.5,62,63,19,7800,492550
13 OCT 2009,66,66,64,64,104,227500,14758275
12 OCT 2009,61.75,65.25,61.75,63.75,99,225900,14378800
9 OCT 2009,61.5,62,61,61.25,25,25700,1572800
8 OCT 2009,61.5,63,61.5,61.75,40,67700,4229025
7 OCT 2009,62,63,61.25,62,57,156200,9696650
6 OCT 2009,59.75,62.75,59,62,184,433600,26257250
5 OCT 2009,58,59.5,58,59,42,35200,2073400
2 OCT 2009,58,58,57.75,58,11,28000,1623925
1 OCT 2009,57,58,57,58,24,56200,3209150
30 SEP 2009,56.5,57,56.25,57,22,50600,2883300
29 SEP 2009,56,56.5,56,56.5,6,1800,101500
28 SEP 2009,56,56,56,56,12,11200,627200
25 SEP 2009,54.75,56.5,54.75,55.5,17,26900,1502600
24 SEP 2009,56.5,56.5,55,55,30,36600,2032225
23 SEP 2009,56.5,57,56.25,56.5,14,10200,577350
22 SEP 2009,57.75,57.75,56,57,27,40000,2285700
18 SEP 2009,56.25,57,56.25,57,26,361900,20915100
17 SEP 2009,58.25,58.25,57,57,22,30700,1761425
16 SEP 2009,56,59.75,55,57,54,82000,4723350
15 SEP 2009,54.75,55,54.5,55,13,5600,307625
14 SEP 2009,56.5,57,55.5,56,34,35500,1997925
11 SEP 2009,54.25,56,54.25,55.75,25,34700,1929500
10 SEP 2009,56,56,54,54.75,35,22200,1223725
9 SEP 2009,54.25,58,54.25,56.5,99,151900,8621150
8 SEP 2009,52.5,54,52.5,54,30,173700,9197450
7 SEP 2009,52,52.75,52,52.75,12,11400,596175
3 SEP 2009,53.25,54.25,52,52,35,30700,1641500
2 SEP 2009,51.5,53.5,51.5,53,80,108300,5686175
1 SEP 2009,51.25,51.5,51,51,17,12500,638475
31 AUG 2009,51,51,50.25,51,16,11400,575175
28 AUG 2009,49.75,51.25,49.75,51,78,78100,3932300
27 AUG 2009,49,50,49,49.75,65,87300,4304300
26 AUG 2009,48,48.5,48,48.5,24,27900,1349575
25 AUG 2009,47,48,47,48,9,7900,378875
24 AUG 2009,46.25,48,46.25,48,66,83300,3961500
21 AUG 2009,46.25,46.25,46,46.25,12,14300,660050
20 AUG 2009,46.5,47,46.25,46.25,10,5900,276825
19 AUG 2009,46.5,46.5,46.5,46.5,3,1100,51150
18 AUG 2009,46,46.5,46,46,15,469700,21606300
17 AUG 2009,45.25,46.75,45,46.75,21,76500,3482000
14 AUG 2009,45,45,45,45,20,61600,2772000
13 AUG 2009,45.5,45.75,45,45.25,12,11700,529650
12 AUG 2009,45.5,45.5,45.5,45.5,1,100,4550
11 AUG 2009,45.5,45.5,45.25,45.25,12,17600,799200
10 AUG 2009,46,46,45.5,45.75,13,21300,976875
7 AUG 2009,46,46,45.75,46,19,515500,23587950
6 AUG 2009,45,45,45,45,9,2600,117000
4 AUG 2009,46,46,46,46,4,800,36800
3 AUG 2009,45.25,45.25,45,45,12,12100,545100
31 JUL 2009,46.75,46.75,45.25,45.25,4,500,22800
30 JUL 2009,45,45.75,45,45.5,16,36100,1632800
29 JUL 2009,45.5,45.5,45,45,15,17700,796850
28 JUL 2009,46,46,46,46,3,900,41400
27 JUL 2009,46,47.75,46,47.5,17,33300,1584000
24 JUL 2009,47,48,46.5,48,12,82500,3946500
23 JUL 2009,47,47,47,47,2,900,42300
22 JUL 2009,48,48,46.25,46.5,31,51200,2413025
21 JUL 2009,46.5,48.5,46.5,47.5,33,28100,1328725
20 JUL 2009,45.75,46,45.75,46,7,4200,193050
17 JUL 2009,44,46,44,45.25,25,80500,3638625
16 JUL 2009,44,44,43.75,43.75,9,6000,263000
15 JUL 2009,44,44,43.75,44,17,5300,232525
14 JUL 2009,44,44.5,44,44.5,10,11600,513400
13 JUL 2009,44.25,44.5,44,44.5,3,1300,57550
10 JUL 2009,43.25,45,43.25,44.5,13,6600,290850
9 JUL 2009,44,44,43.25,43.5,19,5200,226775
8 JUL 2009,44.5,44.5,44,44.5,36,26700,1180700
7 JUL 2009,47,47,45,45.25,26,15100,690600
3 JUL 2009,47,48,46.5,47,24,24500,1152375
2 JUL 2009,48,49,47,47.25,23,23500,1125125
1 JUL 2009,49,49,47.75,47.75,19,19200,924325
30 JUN 2009,50,50,49,49,26,15300,752600
29 JUN 2009,49.25,49.25,49,49,5,5600,274425
26 JUN 2009,49,50,49,50,18,12200,607775
25 JUN 2009,49,49,47.75,48.5,29,31400,1516750
24 JUN 2009,51,51,49.5,50,32,48900,2443100
23 JUN 2009,50,50.25,48.5,50,46,66800,3324375
22 JUN 2009,52,52,50.25,50.25,42,31600,1595925
19 JUN 2009,51,52,50.5,52,92,148000,7634850
18 JUN 2009,51.5,51.5,49.75,50.5,78,105500,5305850
17 JUN 2009,47.5,51.5,47.5,50.5,244,542600,26954975
16 JUN 2009,46,47.5,46,47.5,142,220200,10362600
15 JUN 2009,44.75,46.5,44.5,45.5,121,252500,11430725
12 JUN 2009,41.5,44.75,41.5,44.25,263,475300,20950725
11 JUN 2009,39.25,41,39.25,40.25,36,39100,1565975
10 JUN 2009,39,39.5,39,39.25,22,41400,1617450
9 JUN 2009,38.5,39.25,38.5,39,39,81600,3184700
8 JUN 2009,39,39.5,38.5,38.5,7,13900,538175
5 JUN 2009,37.5,39.5,37.5,39.5,41,41800,1641200
4 JUN 2009,37,39.5,37,39,124,361200,14074525
3 JUN 2009,36.5,37.75,36.5,36.5,15,7500,275775
2 JUN 2009,37.5,37.5,36.5,37.25,20,14900,556600
1 JUN 2009,38.25,38.25,37.5,37.75,10,23600,888575
29 MAY 2009,38.5,39,37.75,38,34,51300,1958075
28 MAY 2009,38,38.5,37.75,38.25,19,13600,518300
27 MAY 2009,36.25,39,36.25,38.5,54,54100,2042950
26 MAY 2009,35,37,35,36.5,11,8600,314300
25 MAY 2009,37.25,37.5,35,35.25,38,29600,1073350
22 MAY 2009,38,38,36,36.75,26,12800,470375
21 MAY 2009,37,38.5,37,37.5,53,39300,1486350
19 MAY 2009,37.5,39,35.5,36.5,68,43100,1585350
18 MAY 2009,37,38.75,34.75,36.75,118,128200,4735475
15 MAY 2009,33.5,34,33.5,34,16,14200,482700
14 MAY 2009,32.75,33,32.75,33,2,200,6575
13 MAY 2009,33,33,32.75,33,22,11000,361475
12 MAY 2009,33.5,33.5,32.75,33.25,19,15100,499950
11 MAY 2009,34,34,34,34,64,94000,3196000
7 MAY 2009,33,34,32.5,34,84,578700,19350700
6 MAY 2009,29.25,33.75,29.25,33,179,113400,3610350
5 MAY 2009,28,29.25,28,29,71,83200,2382600
4 MAY 2009,29,29,27.25,27.75,38,30800,850725
30 APR 2009,26.5,28.5,26.5,28,74,63700,1751000
29 APR 2009,26.5,26.75,26,26.5,20,22600,598875
28 APR 2009,26,26.25,25.75,25.75,9,7300,189250
27 APR 2009,26.5,26.5,25.5,26,43,48000,1243325
24 APR 2009,26,26.75,26,26,63,87100,2299475
23 APR 2009,26,26,25.5,25.5,9,8200,209950
22 APR 2009,25.25,25.5,25,25,27,206300,5158850
21 APR 2009,25.25,26,24.75,24.75,37,24200,619775
20 APR 2009,24.25,25,24,24.75,56,66500,1632875
17 APR 2009,24.25,24.25,24,24.25,11,11000,265125
16 APR 2009,24.5,24.5,24.5,24.5,4,9200,225400
15 APR 2009,24.5,24.5,24.5,24.5,1,100,2450
8 APR 2009,23,23.5,23,23.25,12,23500,546400
7 APR 2009,23,23.5,23,23.25,9,3400,78775
6 APR 2009,23.5,23.5,23,23.5,7,9600,224625
3 APR 2009,23.5,23.5,23.5,23.5,1,100,2350
2 APR 2009,23.5,24.5,23.5,24.25,8,5200,122375
1 APR 2009,23.75,24.5,23.75,24.5,6,800,19450
31 MAR 2009,24.5,24.5,23.5,23.5,6,1400,33025
30 MAR 2009,23.75,24.5,23.5,23.5,7,2100,49525
27 MAR 2009,23.75,23.75,23.5,23.75,6,52700,1251575
26 MAR 2009,24,24,23.5,23.5,16,39000,926075
25 MAR 2009,24,24,24,24,4,4900,117600
24 MAR 2009,23.75,24,23.75,24,12,12300,294625
20 MAR 2009,23.75,23.75,23.75,23.75,9,32900,781375
19 MAR 2009,25,25,23.5,23.75,6,2500,60825
18 MAR 2009,23.5,23.5,23.25,23.25,8,2700,62850
17 MAR 2009,24,24.75,23.25,24.5,7,1700,40950
16 MAR 2009,25,25,23.25,23.75,5,31000,773600
13 MAR 2009,23,23.25,23,23.25,9,8400,194550
12 MAR 2009,23,23,23,23,14,15600,358800
11 MAR 2009,23,23.5,23,23.5,6,11200,258200
9 MAR 2009,23.5,23.5,23.5,23.5,3,1300,30550
6 MAR 2009,23.25,23.5,23,23.5,11,7200,167175
5 MAR 2009,23.5,23.5,22,22.25,24,29200,664000
4 MAR 2009,23.5,23.5,23.25,23.5,9,10000,234875
3 MAR 2009,24.5,24.5,24,24,12,7700,185050
2 MAR 2009,25.5,25.5,24.5,24.75,16,6800,171350
27 FEB 2009,26,26,25,25.5,17,19700,509250
26 FEB 2009,26.5,26.5,26,26,14,6600,173875
25 FEB 2009,26.5,26.75,26.25,26.25,9,2500,66075
24 FEB 2009,26.5,27.25,26.25,26.25,13,8800,231200
20 FEB 2009,26.25,26.25,26,26.25,6,1800,47150
19 FEB 2009,26.5,26.5,26,26.5,11,9900,262175
18 FEB 2009,27,27.25,26.5,26.5,8,15900,422575
17 FEB 2009,26.5,26.5,26,26,4,2900,75500
16 FEB 2009,27,27,26.5,26.5,8,4600,122225
13 FEB 2009,27.25,27.25,27,27.25,4,2100,57200
12 FEB 2009,26,27.25,26,26.25,3,400,10525
11 FEB 2009,27,27,26.5,26.5,7,2100,55800
10 FEB 2009,27.25,27.25,26,26.25,13,12900,342800
6 FEB 2009,27,27,27,27,9,3600,97200
5 FEB 2009,27.5,27.5,27,27,7,2600,70275
3 FEB 2009,28.25,28.25,28,28,12,6100,171075
2 FEB 2009,29.5,29.5,28,28,28,21600,606125
30 JAN 2009,28.5,29.25,28,28,35,370700,10396525
29 JAN 2009,27.5,28.75,26.75,28,61,648900,18016875
28 JAN 2009,27.5,27.5,27,27.25,3,300,8150
27 JAN 2009,27.25,28,26,26.5,56,30500,819525
26 JAN 2009,27,27.5,27,27.25,40,34500,941950
23 JAN 2009,26.5,27.25,26.5,27,12,4800,129900
22 JAN 2009,25.5,26.75,25.5,26.75,19,10900,284250
21 JAN 2009,26.5,26.5,25.5,25.5,28,14300,369950
20 JAN 2009,27,28.5,25.5,27,107,168600,4438150
19 JAN 2009,25,26.5,25,25,34,58900,1483475
16 JAN 2009,25,25,24.75,25,11,4200,104125
15 JAN 2009,25,25,24.75,25,6,3600,89500
13 JAN 2009,23.75,24.5,23.75,24,22,6900,166800
12 JAN 2009,23.5,24,23.5,24,5,1300,30850
9 JAN 2009,23.5,23.5,23,23,3,700,16225
8 JAN 2009,23.5,23.5,23.25,23.25,5,1400,32625
6 JAN 2009,23.5,23.5,23,23.25,15,5900,135925
5 JAN 2009,26.5,26.5,23.5,23.75,23,7100,178050
2 JAN 2009,24,26,24,25,33,16200,404375
31 DEC 2008,22.5,22.5,22.5,22.5,2,500,11250
30 DEC 2008,22,22,22,22,5,50400,1108800
29 DEC 2008,22.5,22.5,22,22,20,12200,271025
24 DEC 2008,23.25,23.25,23,23,10,7100,163550
23 DEC 2008,24,24,23.25,23.25,10,3700,86800
22 DEC 2008,23.5,23.5,23.5,23.5,1,200,4700
19 DEC 2008,23.5,23.5,23,23,3,300,6950
18 DEC 2008,22.25,23,22.25,22.75,8,2500,56825
17 DEC 2008,22.25,22.5,22.25,22.5,5,1100,24575
16 DEC 2008,22,22.5,22,22.5,8,4800,105750
15 DEC 2008,22.5,22.5,22.25,22.25,17,9800,220050
11 DEC 2008,22.5,22.5,22.5,22.5,2,1500,33750
10 DEC 2008,23,24,22.75,23,4,800,18475
8 DEC 2008,22.5,23,22.25,22.5,9,3400,76375
5 DEC 2008,23,23,22.5,22.75,15,12200,275050
4 DEC 2008,23,23,22.75,23,6,1600,36650
3 DEC 2008,23,23,22.5,22.5,12,77300,1739700
2 DEC 2008,23.5,23.5,23,23,11,12100,278650
1 DEC 2008,24.5,24.5,24,24,3,2500,61000
28 NOV 2008,25,25,23.75,24.75,5,2700,67375
27 NOV 2008,23,24.5,23,24.5,6,4000,94100
26 NOV 2008,24,24,23,23,35,59200,1363825
25 NOV 2008,24,24,23.5,23.75,18,53700,1274700
24 NOV 2008,24.5,24.5,24,24,20,37500,906175
21 NOV 2008,24.75,24.75,24,24,8,3500,84475
20 NOV 2008,24.5,24.75,24,24,11,4300,104450
19 NOV 2008,25,25,24,24,25,41900,1044775
18 NOV 2008,26,26,25,25,32,22100,560425
17 NOV 2008,26.5,26.5,26,26,14,26800,697600
14 NOV 2008,26.75,26.75,26.5,26.5,20,22300,591500
13 NOV 2008,27,27,26.25,26.5,13,25600,682025
11 NOV 2008,27.25,27.75,26.75,27.75,12,75900,2031550
10 NOV 2008,27.75,27.75,27.25,27.5,9,2100,57800
7 NOV 2008,28.25,28.25,28,28,11,3500,98025
6 NOV 2008,29.5,29.5,27.5,28,40,17100,478825
5 NOV 2008,29,30.25,29,30,108,79600,2379100
4 NOV 2008,27.5,29.75,27.5,28.5,32,16200,466925
3 NOV 2008,26,27.25,26,27,17,12200,329275
31 OCT 2008,25,25.5,24.5,25,24,9200,229775
30 OCT 2008,23.5,24.75,23.5,24.25,15,8300,199325
29 OCT 2008,23,24.25,23,23.25,38,24100,562825
28 OCT 2008,24,24,23,23,43,22800,527150
24 OCT 2008,25,25,24,24.5,23,28700,690625
23 OCT 2008,25,25,23.5,24.25,36,20500,497725
22 OCT 2008,27,27,25,25.5,58,568500,14499350
21 OCT 2008,27.5,27.5,26,26.25,29,24400,657075
20 OCT 2008,28,28,27.5,27.75,19,6600,182325
17 OCT 2008,28,28.5,28,28.25,44,21700,609350
16 OCT 2008,29,29,28,28.25,14,4400,125725
15 OCT 2008,29.5,30.5,29.25,29.75,77,78600,2344875
13 OCT 2008,27.5,29,27.5,28,30,370000,10360625
10 OCT 2008,28.25,28.5,27.5,27.5,43,46400,1298075
9 OCT 2008,29,29,27.5,28,32,31800,891525
8 OCT 2008,30,30.5,28.5,29,38,19500,577425
7 OCT 2008,31,31,30.25,30.5,13,11100,337600
6 OCT 2008,30.5,31.5,30.25,30.5,22,24400,754375
3 OCT 2008,31,31,31,31,21,9300,288300
2 OCT 2008,31,31.25,30.5,31,14,5800,179400
30 SEP 2008,31.25,31.25,31,31,10,3100,96175
29 SEP 2008,32,32,31,31.25,11,5800,181950
26 SEP 2008,32,32,31,31.25,34,34300,1072875
25 SEP 2008,32,32,32,32,17,24100,771200
24 SEP 2008,32.5,32.5,31.5,31.75,26,8300,267100
23 SEP 2008,33.25,33.25,32.75,33,16,17900,590700
22 SEP 2008,34.25,34.5,33,33.25,20,6100,204800
19 SEP 2008,33.5,34,32.25,33,25,7600,254000
18 SEP 2008,33.5,34,32,32.25,102,54300,1770125
17 SEP 2008,35,35,34.25,34.5,17,7600,263300
16 SEP 2008,35.5,35.5,35,35,14,4000,140400
15 SEP 2008,35.5,35.5,35.25,35.25,17,11400,402600
12 SEP 2008,35.5,36,35.5,35.5,5,1000,35575
11 SEP 2008,35.75,36,35.75,36,8,2100,75425
10 SEP 2008,36,36,36,36,6,1400,50400
9 SEP 2008,36,36.25,35.75,35.75,21,1514600,54524875
8 SEP 2008,36.5,36.5,36,36,14,5100,184400
5 SEP 2008,36.5,36.5,35.75,36,35,18100,652625
4 SEP 2008,36.5,36.75,36.5,36.75,19,10400,381650
3 SEP 2008,36.5,37,36.5,36.5,14,139200,5147325
2 SEP 2008,36.75,36.75,36.75,36.75,6,2400,88200
1 SEP 2008,36.75,37,36.5,36.75,26,234400,8671100
29 AUG 2008,36.5,36.5,36,36.25,29,16300,592450
28 AUG 2008,36,36,36,36,15,9200,331200
27 AUG 2008,37,37,36,36,49,40200,1458775
26 AUG 2008,36,36.75,36,36.5,28,16500,599325
25 AUG 2008,36.25,36.25,36,36,17,21100,760450
22 AUG 2008,36.25,36.5,36,36,10,17700,639650
21 AUG 2008,36.5,36.5,36,36.25,44,68000,2450550
20 AUG 2008,36.75,36.75,36.25,36.25,42,26200,958525
19 AUG 2008,37.5,37.5,36.75,36.75,18,24000,888525
18 AUG 2008,37,37,36.75,37,34,44000,1627025
15 AUG 2008,37,37,37,37,24,32300,1195100
14 AUG 2008,37.5,37.5,37,37,74,158800,5879750
13 AUG 2008,37.75,37.75,37,37.25,4,6400,237050
12 AUG 2008,37.75,37.75,37,37,36,61500,2278600
11 AUG 2008,44.75,44.75,37,37,87,232200,8626700
8 AUG 2008,37.5,38,37,37,107,562000,20814850
7 AUG 2008,37.75,37.75,37.25,37.25,28,9800,366975
6 AUG 2008,37,38,37,37.75,188,997400,36972025
5 AUG 2008,37,37.25,36.75,37,46,18300,676775
4 AUG 2008,37.25,37.25,37,37,17,7300,270925
1 AUG 2008,37,37.5,37,37,55,34500,1277300
31 JUL 2008,37,37,37,37,40,37200,1376400
30 JUL 2008,37,37.5,37,37,15,11500,428100
29 JUL 2008,37.25,37.5,36.75,37,44,18300,677775
28 JUL 2008,37.25,37.5,37,37.25,49,23300,870750
25 JUL 2008,37.5,37.5,37,37.25,14,3900,145575
24 JUL 2008,38,38,37.5,37.5,9,5200,195550
23 JUL 2008,37.75,38.25,37.75,38,6,3400,129200
22 JUL 2008,37.5,37.5,36.5,36.75,24,5800,215200
21 JUL 2008,37.75,38,37.25,37.5,14,3700,138950
18 JUL 2008,37.75,38,37.75,37.75,15,16400,619175
16 JUL 2008,38.75,38.75,38,38,29,17500,668975
15 JUL 2008,38.5,39,38.5,38.75,22,35700,1391825
14 JUL 2008,39,39,38.5,38.5,14,4700,181875
11 JUL 2008,38,39.5,38,39,167,104200,4059175
10 JUL 2008,38.5,38.5,37.75,38.25,43,86600,3278650
9 JUL 2008,38.25,38.5,38,38.25,37,39200,1492525
8 JUL 2008,40,40,38.25,38.5,27,9000,352425
7 JUL 2008,41,41,39.5,39.5,21,10100,402325
4 JUL 2008,41,41,40,40,33,31000,1245600
3 JUL 2008,41,41,41,41,10,10700,438700
2 JUL 2008,40,40,40,40,7,3800,152000
1 JUL 2008,41,41,40,40,62,47400,1910900
30 JUN 2008,41.25,41.75,41,41,21,8900,365300
27 JUN 2008,42,42,41.5,41.75,13,7600,317875
26 JUN 2008,42.75,42.75,41,41.75,30,30100,1266825
25 JUN 2008,42.5,42.5,42.5,42.5,7,2100,89250
24 JUN 2008,43,43,42.25,42.5,34,15200,645975
23 JUN 2008,43,43,42.75,42.75,7,800,34225
20 JUN 2008,42.75,44,42.75,43,40,62300,2691700
19 JUN 2008,43,43,42.5,42.75,15,5400,230950
17 JUN 2008,43.5,43.5,43,43,31,11400,491250
16 JUN 2008,45,47,44,44,90,169100,7644000
13 JUN 2008,43.75,45,43.75,44.25,83,29200,1287875
12 JUN 2008,44.25,44.25,43.25,43.5,28,19100,837400
11 JUN 2008,45.25,45.25,44.25,44.5,20,9400,422350
10 JUN 2008,45,45,45,45,23,14500,652500
9 JUN 2008,45.5,45.75,45,45.75,30,28700,1295025
6 JUN 2008,45.75,46,45.5,45.75,8,3100,141800
5 JUN 2008,46.75,46.75,45.75,46,4,1900,87425
4 JUN 2008,46.75,46.75,46,46,20,13500,622150
3 JUN 2008,47.5,47.5,46.75,46.75,18,7900,371025
2 JUN 2008,48.5,48.75,47.25,47.25,7,8100,390200
30 MAY 2008,47,47,45.5,46.75,38,19600,904675
29 MAY 2008,47,47,47,47,12,4800,225600
28 MAY 2008,47,48.25,47,47.25,17,9500,448150
27 MAY 2008,49.25,49.25,46,47.25,76,61900,2987100
26 MAY 2008,49,50.5,49,49.25,78,75500,3741225
23 MAY 2008,48.5,49,48.5,49,84,82400,4036900
22 MAY 2008,49,50.5,49,49,53,128000,6384900
21 MAY 2008,49.75,49.75,48,48.25,22,6100,295850
16 MAY 2008,50,50,49,49,38,11900,587300
15 MAY 2008,51,51.5,49.5,49.75,57,23400,1179325
14 MAY 2008,52,53,50.75,51,78,44800,2311800
9 MAY 2008,45.75,49,45,48,141,71800,3443725
8 MAY 2008,43,45,43,44,47,21100,923725
7 MAY 2008,44,44,40,43,87,59400,2491175
6 MAY 2008,47.25,47.25,43,44,121,88400,3970200
5 MAY 2008,48,50,47.5,47.5,137,96300,4744975
25 APR 2008,1920,1920,1890,1894.75,15,2100,3989000
24 APR 2008,1993,1993,1988,1989,6,600,1194000
23 APR 2008,1980,1980,1980,1980,1,100,198000
22 APR 2008,1999,1999,1999,1999,5,500,999500
21 APR 2008,1999,1999,1999,1999,9,1100,2198900
17 APR 2008,1997,1999,1997,1998.5,3,300,599400
15 APR 2008,2000,2000,1999.75,1999.75,2,400,799975
10 APR 2008,1900,1900,1900,1900,2,200,380000
9 APR 2008,1899.75,1899.75,1899,1899.25,6,700,1329450
8 APR 2008,1900,1900,1895,1898.25,6,600,1139425
7 APR 2008,1925,1925,1900,1900,21,2200,4201475
4 APR 2008,1950,1950,1900,1900,6,700,1335050
3 APR 2008,1900,1902,1900,1900.75,6,800,1520800
2 APR 2008,1950,1950,1916,1943,5,900,1748600
1 APR 2008,1998.5,1999,1950,1950,6,1200,2388775
28 MAR 2008,1999.75,1999.75,1999.75,1999.75,2,500,999875
27 MAR 2008,2000,2000,2000,2000,4,600,1200000
26 MAR 2008,1999.75,2100,1991,2003,47,16300,32728700
25 MAR 2008,2000,2000,1600.25,1990.75,56,8600,17018525
14 MAR 2008,1340,1350,1340,1346.75,2,300,404000
13 MAR 2008,1350,1350,1300,1300,4,1600,2109000
12 MAR 2008,1350,1350,1300,1300,26,6200,8365000
11 MAR 2008,1350,1350,1350,1350,5,600,810000
10 MAR 2008,1340,1350,1340,1347.5,3,400,539000
5 MAR 2008,1250,1325,1250,1286.5,8,800,1025500
4 MAR 2008,1125,1240,1100,1205.75,8,1900,2169000
3 MAR 2008,1100,1100,1100,1100,1,100,110000
28 FEB 2008,1100,1100,1100,1100,3,230100,264610000
26 FEB 2008,1100,1100,1100,1100,1,100,110000
21 FEB 2008,1100,1100,1100,1100,2,200,220000
15 FEB 2008,1100,1150,1100,1141.75,4,600,685000
14 FEB 2008,1150,1150,1150,1150,5,500,575000
12 FEB 2008,1100,1100,1100,1100,7,3100,3410000
11 FEB 2008,1100,1100,1100,1100,3,300,330000
7 FEB 2008,1150,1150,1150,1150,1,100,115000
6 FEB 2008,1100,1180,1100,1150,4,400,458000
5 FEB 2008,1100,1100,1100,1100,4,400,440000
1 FEB 2008,1100,1100,1100,1100,2,3000,3300000
31 JAN 2008,1015,1100,1015,1092.5,5,500,538500
30 JAN 2008,1100,1100,1100,1100,1,100,110000
29 JAN 2008,1050,1100,1050,1100,2,200,215000
28 JAN 2008,1100,1100,1100,1100,4,900,990000
25 JAN 2008,1100,1100,1100,1100,5,500,550000
23 JAN 2008,1200,1200,1200,1200,4,700,840000
21 JAN 2008,1200,1200,1200,1200,1,100,120000
18 JAN 2008,1100,1200,1100,1200,5,500,580000
16 JAN 2008,1300,1300,1200,1241,5,700,880500
14 JAN 2008,1500,1500,1155,1295.5,15,1500,1930800
11 JAN 2008,1010,1150,1010,1100,18,119300,119749700
10 JAN 2008,900.5,1010,900.25,1010,58,94000,92060025
9 JAN 2008,900,900,900,900,7,700,630000
24 DEC 2007,925,925,889,889,6,700,643900
18 DEC 2007,760,760,760,760,1,100,76000
10 DEC 2007,760,760,760,760,1,100,76000
7 DEC 2007,760,760,760,760,1,100,76000
12 OCT 2007,750,750,750,750,1,100,75000
4 OCT 2007,750,750,750,750,2,300,225000
5 SEP 2007,750,750,750,750,1,100,75000
4 SEP 2007,799,799,799,799,1,100,79900
3 SEP 2007,800,800,800,800,1,500,400000
13 AUG 2007,845,845,845,845,1,100,84500
9 AUG 2007,750,850,750,834.75,6,700,558975
7 AUG 2007,750,750,750,750,2,200,150000
3 AUG 2007,725,735,725,731.75,3,300,219500
19 JUL 2007,516,516,516,516,1,100,51600
16 JUL 2007,511,511,511,511,1,100,51100
22 JUN 2007,500,500,500,500,1,100,50000
1 JUN 2007,530,530,530,530,2,200,106000
30 MAY 2007,530,530,530,530,1,100,53000
23 MAY 2007,530,530,530,530,3,500,265000
18 MAY 2007,550,551,540,543.75,4,400,218100
17 MAY 2007,505,505,505,505,1,100,50500
16 MAY 2007,505,505,505,505,1,400,202000
15 MAY 2007,575.25,575.25,575,575,3,300,172525
8 MAY 2007,600,600,600,600,1,100,60000
27 APR 2007,510,699,510,604.5,2,400,241800
10 APR 2007,561,561,561,561,1,100,56100
5 APR 2007,555.5,555.5,555.5,555.5,1,200,111100
4 APR 2007,555,555,555,555,1,100,55500
3 APR 2007,550,550,550,550,1,1000,550000
30 MAR 2007,580,580,450,450,10,325000,146263000
19 MAR 2007,615,615,615,615,1,100,61500
14 MAR 2007,615,615,615,615,1,100,61500
13 MAR 2007,615,615,615,615,2,200,123000
12 MAR 2007,615,615,615,615,1,100,61500
6 MAR 2007,610,610,610,610,2,200,122000
28 FEB 2007,600,600,600,600,1,100,60000
26 FEB 2007,600,601,600,600.75,2,300,180200
23 FEB 2007,575,575,575,575,1,100,57500
8 JAN 2007,750,800,750,783.25,3,300,235000
28 DEC 2006,750,750,750,750,1,400,300000
21 DEC 2006,750,750,750,750,2,300,225000
20 DEC 2006,730,730,730,730,1,100,73000
14 DEC 2006,750,750,730,730,2,300,221000
12 DEC 2006,750,750,750,750,2,300,225000
22 NOV 2006,750,750,750,750,1,100,75000
21 NOV 2006,710,710,710,710,1,100,71000
14 NOV 2006,700,700,700,700,1,1000,700000
13 NOV 2006,625,700,625,700,3,6400,4472500
10 NOV 2006,620,620,620,620,2,200,124000
9 NOV 2006,620,620,620,620,1,1000,620000
8 NOV 2006,600,600,600,600,2,200,120000
7 NOV 2006,600,600,600,600,1,100,60000
18 OCT 2006,575,575,575,575,2,600,345000
17 OCT 2006,570,575,570,574.25,2,600,344500
11 OCT 2006,575,575,575,575,1,100,57500
5 OCT 2006,575,575,575,575,1,300,172500
2 OCT 2006,545,545,545,545,1,100,54500
25 SEP 2006,545,545,545,545,2,200,109000
18 SEP 2006,535,545,535,545,2,200,108000
15 SEP 2006,527.25,535,527.25,535,3,1100,580750
12 SEP 2006,525,525,525,525,2,200,105000
8 SEP 2006,500,525,500,525,6,900,452500
5 SEP 2006,510,510,510,510,1,100,51000
29 AUG 2006,505,505,505,505,1,100,50500
22 AUG 2006,505,505,505,505,1,100,50500
21 AUG 2006,500,500,500,500,1,100,50000
18 AUG 2006,500,500,500,500,1,100,50000
2 AUG 2006,510,510,510,510,1,100,51000
12 JUL 2006,515,525,515,515,4,400,207000
20 JUN 2006,515,515,515,515,1,100,51500
19 JUN 2006,525,525,525,525,1,100,52500
12 JUN 2006,525,525,525,525,1,100,52500
5 JUN 2006,525,525,525,525,1,100,52500
2 JUN 2006,525,525,525,525,1,100,52500
29 MAY 2006,520,520,520,520,1,100,52000
22 MAY 2006,520.5,520.5,520,520,2,200,104050
18 MAY 2006,530,530,520,520.5,5,5300,2758000
17 MAY 2006,515.25,520,515.25,520,2,200,103525
10 MAY 2006,530,530,530,530,1,100,53000
5 MAY 2006,550,550,550,550,1,100,55000
4 MAY 2006,550,550,550,550,1,100,55000
2 MAY 2006,549,550,549,550,3,300,164900
28 APR 2006,520,520,520,520,1,100,52000
18 APR 2006,550,550,550,550,1,100,55000
7 APR 2006,550,550,550,550,1,100,55000
4 APR 2006,555,555,555,555,1,100,55500
24 MAR 2006,550,560,550,555,2,200,111000
23 MAR 2006,550,550,550,550,1,100,55000
17 MAR 2006,550,550,550,550,1,100,55000
13 MAR 2006,500,500,500,500,1,100,50000
6 MAR 2006,500,500,500,500,1,100,50000
27 FEB 2006,500,500,500,500,1,100,50000
20 FEB 2006,500,500,500,500,1,200,100000
13 FEB 2006,500,500,500,500,2,200,100000
27 JAN 2006,500,500,500,500,1,100,50000
29 DEC 2005,525,525,525,525,3,1000,525000
28 DEC 2005,525,525,525,525,1,100,52500
27 DEC 2005,550,550,550,550,1,100,55000
22 DEC 2005,600,600,600,600,2,33400,20040000
21 DEC 2005,525,525,525,525,2,200,105000
20 DEC 2005,525,525,525,525,1,100,52500
16 DEC 2005,575,575,550,558.25,6,1000,558200
7 DEC 2005,574.75,575,574.75,575,2,200,114975
6 DEC 2005,525,525,450,500,10,1000,507600
5 DEC 2005,525,525,525,525,2,200,105000
3 NOV 2005,800,800,800,800,1,100,80000
31 OCT 2005,800,800,800,800,1,100,80000
27 OCT 2005,725,790,725,753.75,4,400,301500
19 OCT 2005,660,660,660,660,1,100,66000
14 OCT 2005,700,700,700,700,1,100,70000
12 OCT 2005,650,700,650,684,10,1100,752500
11 OCT 2005,650,650,650,650,2,200,130000
10 OCT 2005,650,650,650,650,1,100,65000
7 OCT 2005,640,650,640,650,9,1400,908000
6 OCT 2005,640,640,640,640,3,3600,2304000
5 OCT 2005,600,650,600,650,2,200,125000
29 SEP 2005,600,675,600,640.25,5,500,320150
23 SEP 2005,500,510,500,510,2,200,101000
22 SEP 2005,500,500,500,500,7,1400,700000
21 SEP 2005,500,500,500,500,2,1700,850000
20 SEP 2005,475,480,475,477.5,2,200,95500
16 SEP 2005,476,476,476,476,1,100,47600
15 SEP 2005,475,475,475,475,1,7000,3325000
14 SEP 2005,485,495,485,490,4,500,245000
8 SEP 2005,470,470,470,470,1,100,47000
7 SEP 2005,450,450,450,450,1,100,45000
1 SEP 2005,450,450,450,450,2,200,90000
29 AUG 2005,450,450,450,450,1,100,45000
17 AUG 2005,450,450,450,450,3,300,135000
12 AUG 2005,386.5,386.5,386.5,386.5,1,1600,618400
11 AUG 2005,442,495,442,495,15,1500,715900
9 AUG 2005,425,440,425,436,3,800,348800
8 AUG 2005,390,410,390,396.75,2,300,119000
4 AUG 2005,390,390,385,387,3,300,116100
3 AUG 2005,400,400,390,395,2,200,79000
1 AUG 2005,425,425,400,411.75,3,300,123500
29 JUL 2005,400,420,400,410,9,900,366000
26 JUL 2005,400,400,385,387.5,4,400,157500
25 JUL 2005,390,400,390,395,3,300,118500
22 JUL 2005,380,390,380,390,4,400,154000
20 JUL 2005,375,375,370,370,6,1500,559000
19 JUL 2005,372,375,372,375,2,200,74700
18 JUL 2005,350,371.25,349,371.25,18,5500,1961975
8 JUL 2005,300.25,300.25,300.25,300.25,1,500,150125
7 JUL 2005,300,300,300,300,1,100,30000
6 JUL 2005,300,300,300,300,1,100,30000
4 JUL 2005,300,300,300,300,4,400,120000
30 JUN 2005,290,290,290,290,1,100,29000
27 JUN 2005,290,290,290,290,4,500,145000
22 JUN 2005,285,285,280,284.25,2,1200,341000
16 JUN 2005,290,290,290,290,2,1000,290000
13 JUN 2005,271,271,270,270.25,5,1100,297275
7 JUN 2005,271.75,271.75,271.75,271.75,1,100,27175
6 JUN 2005,268.25,268.25,268.25,268.25,1,400,107300
1 JUN 2005,274,274,267,271.75,2,300,81500
31 MAY 2005,280,280,274,277,2,200,55400
25 MAY 2005,274,274,274,274,1,200,54800
17 MAY 2005,260,275,260,267.5,2,400,107000
9 MAY 2005,275,275,275,275,1,200,55000
6 MAY 2005,275,275,275,275,1,200,55000
29 APR 2005,275,275,275,275,1,100,27500
25 APR 2005,275,275,275,275,3,400,110000
21 APR 2005,285,285,285,285,1,200,57000
6 APR 2005,285,285,285,285,1,100,28500
5 APR 2005,285,285,285,285,2,200,57000
1 APR 2005,275,285,275,285,2,600,170000
28 MAR 2005,275,275,275,275,2,300,82500
23 MAR 2005,300,300,300,300,1,100,30000
21 MAR 2005,275,275,275,275,2,400,110000
15 MAR 2005,275,275,275,275,1,200,55000
10 MAR 2005,275,275,275,275,1,400,110000
9 MAR 2005,265,265,265,265,1,200,53000
28 FEB 2005,275,275,275,275,1,200,55000
25 FEB 2005,275,275,275,275,2,400,110000
22 FEB 2005,270,270,270,270,2,300,81000
21 FEB 2005,258,258,258,258,1,200,51600
14 FEB 2005,255,255,255,255,2,300,76500
11 FEB 2005,255,255,255,255,2,200,51000
10 FEB 2005,270,270,230,230,2,300,73000
9 FEB 2005,269,269,269,269,1,100,26900
7 FEB 2005,250.25,250.25,250.25,250.25,1,300,75075
31 JAN 2005,250.25,250.25,250.25,250.25,3,600,150150
28 JAN 2005,235.5,250,235.5,238,3,600,142750
26 JAN 2005,225,225,225,225,1,300,67500
25 JAN 2005,225,225,225,225,1,1000,225000
10 JAN 2005,251,251,250.25,250.25,2,300,75150
6 JAN 2005,250,250.25,250,250,2,400,100025
2 DEC 2004,250,250,250,250,1,500,125000
17 NOV 2004,298,298,298,298,1,100,29800
22 OCT 2004,325,325,325,325,2,200,65000
19 OCT 2004,325,325,325,325,3,400,130000
18 OCT 2004,300,310,300,307.25,18,3300,996500
14 OCT 2004,300,300,300,300,2,600,180000
30 SEP 2004,299,299,299,299,1,100,29900
27 SEP 2004,250,280,250,257.5,4,400,103000
24 SEP 2004,280,280,280,280,1,100,28000
22 SEP 2004,280,280,280,280,1,100,28000
17 SEP 2004,290,290,290,290,1,100,29000
16 SEP 2004,290,290,290,290,1,100,29000
9 SEP 2004,305,310,300,300,6,700,215500
8 SEP 2004,300,300,300,300,1,100,30000
2 SEP 2004,270,270,270,270,1,100,27000
1 SEP 2004,240,240,240,240,1,100,24000
26 AUG 2004,230,230,230,230,1,100,23000
17 AUG 2004,280,280,280,280,1,300,84000
16 AUG 2004,300,300,280,281,7,2200,618300
13 AUG 2004,300,300,300,300,1,100,30000
11 AUG 2004,300,300,300,300,1,200,60000
10 AUG 2004,350,350,350,350,1,100,35000
29 JUL 2004,320,330,320,320,5,900,292000
28 JUL 2004,330,330,330,330,1,1400,462000
27 JUL 2004,325,340,325,336.25,6,1200,403500
26 JUL 2004,325,325,325,325,5,700,227500
23 JUL 2004,280,350,280,298.5,7,1400,417900
15 JUL 2004,290,290,290,290,1,100,29000
13 JUL 2004,290,295,290,290,4,700,204500
12 JUL 2004,290,290,290,290,2,200,58000
9 JUL 2004,299.5,299.5,299.5,299.5,1,100,29950
8 JUL 2004,280,294.5,280,294.5,2,200,57450
7 JUL 2004,280,280,275.25,276.5,5,500,138275
29 JUN 2004,300,300,300,300,1,200,60000
18 JUN 2004,279,290,279,283.5,7,1400,396800
17 JUN 2004,280,280,270,272.5,3,300,82500
11 JUN 2004,270,270,270,270,1,100,27000
10 JUN 2004,245,245,245,245,1,100,24500
1 JUN 2004,285,285,285,285,2,1000,285000
31 MAY 2004,285,290,285,290,4,1000,288500
28 MAY 2004,275,275,250,252,5,600,152900
27 MAY 2004,240,285,240,285,2,300,81000
26 MAY 2004,295,295,195,245,2,200,49000
25 MAY 2004,295,295,295,295,1,100,29500
24 MAY 2004,300,310,300,300.5,9,1800,541000
21 MAY 2004,200,350,200,303.25,35,4100,1169900
19 MAY 2004,175,175,175,175,1,100,17500
17 MAY 2004,160,160,160,160,1,100,16000
14 MAY 2004,145,145,145,145,2,300,43500
13 MAY 2004,145,145,145,145,1,200,29000
29 APR 2004,145,145,145,145,1,900,130500
27 APR 2004,148,148,148,148,1,100,14800
23 APR 2004,135,135,135,135,1,100,13500
21 APR 2004,135,135,135,135,1,100,13500
8 APR 2004,125,125,125,125,1,100,12500
7 APR 2004,125,125,125,125,1,200,25000
6 APR 2004,115,115,115,115,1,100,11500
22 MAR 2004,120.25,120.25,120,120,2,400,48025
18 MAR 2004,115.25,135,115.25,119.25,5,500,59600
17 MAR 2004,115,115,115,115,1,100,11500
15 MAR 2004,112.25,112.25,112.25,112.25,1,100,11225
11 FEB 2004,115,115,115,115,3,700,80500
3 FEB 2004,115,115,115,115,1,100,11500
26 JAN 2004,115,115,110,113.75,3,672800,77371000
20 JAN 2004,110,110,110,110,2,300,33000
19 JAN 2004,100.5,110,100.5,110,2,400,42100
16 JAN 2004,100.25,100.25,100.25,100.25,1,100,10025
18 DEC 2003,100,100,100,100,1,100,10000
16 DEC 2003,105,105,100,101.25,3,2500,253000
4 DEC 2003,100,100,100,100,1,100,10000
27 NOV 2003,90,90,89,89.25,3,2600,231800
18 NOV 2003,105,105,105,105,1,200,21000
13 NOV 2003,115,115,115,115,2,300,34500
12 NOV 2003,105,105,105,105,2,300,31500
11 NOV 2003,100,100,100,100,1,100,10000
21 OCT 2003,100,100,100,100,1,500,50000
17 OCT 2003,110,110,110,110,1,200,22000
13 OCT 2003,115,115,115,115,1,200,23000
8 OCT 2003,115,115,115,115,1,200,23000
7 OCT 2003,119,119,116,116,3,400,46700
2 OCT 2003,114,114,114,114,1,100,11400
1 OCT 2003,100,112,100,111,3,300,32200
30 SEP 2003,100.25,100.25,100.25,100.25,1,100,10025
29 SEP 2003,110,110,110,110,3,1200,132000
25 SEP 2003,109,109,109,109,1,300,32700
23 SEP 2003,108,108,108,108,1,300,32400
18 SEP 2003,105,105,105,105,2,200,21000
9 SEP 2003,105,105,105,105,1,200,21000
4 SEP 2003,102,102,100,100.25,3,1100,110400
27 AUG 2003,105,105,105,105,1,100,10500
26 AUG 2003,105,105,105,105,3,1800,189000
25 AUG 2003,100.25,100.25,100.25,100.25,4,400,40100
22 AUG 2003,103,103,103,103,1,100,10300
19 AUG 2003,100,103,100,103,2,300,30600
18 AUG 2003,100,100,100,100,2,300,30000
15 AUG 2003,100,101,100,100,2,1100,110100
4 AUG 2003,101,101,101,101,3,600,60600
1 AUG 2003,101,101,101,101,1,200,20200
31 JUL 2003,101,102,101,101.25,3,600,60700
30 JUL 2003,101,101,101,101,1,100,10100
29 JUL 2003,103,103,101,101.25,3,400,40700
28 JUL 2003,102.5,103,102,102.5,5,800,81900
24 JUL 2003,100,104.75,100,102.5,2,200,20475
16 JUL 2003,103,103,103,103,1,100,10300
11 JUL 2003,90,90,90,90,2,300,27000
10 JUL 2003,91,91,90,90,6,900,81100
4 JUL 2003,105,105,105,105,1,200,21000
27 JUN 2003,105,105,105,105,6,2600,273000
26 JUN 2003,105,105,105,105,1,600,63000
23 JUN 2003,105,105,105,105,1,100,10500
22 MAY 2003,82,82,82,82,1,200,16400
19 MAY 2003,84,84,84,84,1,100,8400
12 MAY 2003,84,84,84,84,1,500,42000
9 MAY 2003,85,85,85,85,1,300,25500
28 MAR 2003,85,85,85,85,1,100,8500
14 MAR 2003,85,85,85,85,1,100,8500
5 FEB 2003,90,90,90,90,1,100,9000
30 JAN 2003,90,90,90,90,2,600,54000
29 JAN 2003,90,90,90,90,1,300,27000
24 JAN 2003,95,95,95,95,1,100,9500
6 JAN 2003,87,87,87,87,3,3100,269700
23 DEC 2002,88.5,88.5,88.5,88.5,1,1000,88500
18 DEC 2002,88,88,80,80,7,1000,83275
13 DEC 2002,85.75,85.75,85.75,85.75,1,100,8575
9 DEC 2002,95,95,95,95,1,100,9500
27 NOV 2002,103.5,103.5,103.5,103.5,1,100,10350
21 NOV 2002,91.5,91.5,91.5,91.5,1,100,9150
20 NOV 2002,96.25,96.25,90.25,90.25,4,500,46800
14 NOV 2002,97,98,97,98,2,200,19500
13 NOV 2002,95.25,95.25,95.25,95.25,2,200,19050
7 NOV 2002,95.25,95.25,95.25,95.25,1,100,9525
6 NOV 2002,95.75,95.75,95.75,95.75,1,100,9575
1 NOV 2002,96,96,95.75,95.75,2,500,47900
30 OCT 2002,95,95,95,95,1,100,9500
29 OCT 2002,90.25,91,90,91,5,500,45125
25 OCT 2002,88.5,88.5,88.5,88.5,2,400,35400
18 OCT 2002,94,94,94,94,1,100,9400
16 OCT 2002,97,97,97,97,1,100,9700
15 OCT 2002,98,98,98,98,1,100,9800
14 OCT 2002,98,98,98,98,1,100,9800
11 OCT 2002,100,100,100,100,1,200,20000
9 OCT 2002,102,102,100,100,4,900,90300
8 OCT 2002,103,103,103,103,1,100,10300
4 OCT 2002,105,105,105,105,1,200,21000
3 OCT 2002,105,105,105,105,1,100,10500
2 OCT 2002,105,105,105,105,5,1600,168000
1 OCT 2002,105,106,105,106,2,400,42100
30 SEP 2002,104,104,104,104,3,300,31200
27 SEP 2002,95,105.25,95,105.25,15,1500,151975
26 SEP 2002,92.5,97,92.5,97,8,1300,122550
25 SEP 2002,92.5,92.5,92.5,92.5,1,100,9250
24 SEP 2002,92,92,92,92,2,400,36800
23 SEP 2002,85,92,85,92,3,300,26700
19 SEP 2002,85,85,85,85,1,100,8500
17 SEP 2002,80,85,80,85,2,400,32500
13 SEP 2002,76,76,76,76,1,100,7600
12 SEP 2002,76,76,76,76,1,100,7600
4 SEP 2002,71.25,72.25,71.25,72.25,2,400,28600
2 SEP 2002,71.25,71.25,71.25,71.25,1,100,7125
9 AUG 2002,70,70,70,70,1,100,7000
6 AUG 2002,67.25,70,67.25,70,2,200,13725
5 AUG 2002,67,67,67,67,1,200,13400
2 AUG 2002,70,70,70,70,1,200,14000
1 AUG 2002,70,70,70,70,2,200,14000
30 JUL 2002,73,73,72.5,72.5,2,1100,80250
25 JUL 2002,73,73,73,73,1,100,7300
22 JUL 2002,75,75,75,75,2,200,15000
18 JUL 2002,79,79,79,79,1,100,7900
17 JUL 2002,79,79,79,79,1,100,7900
16 JUL 2002,81,81,81,81,1,400,32400
15 JUL 2002,75.25,79,75.25,79,2,200,15425
5 JUL 2002,75.25,75.25,75.25,75.25,1,100,7525
2 JUL 2002,75,75,75,75,1,100,7500
28 JUN 2002,75,75,75,75,1,700,52500
27 JUN 2002,75,75,75,75,2,200,15000
26 JUN 2002,75,75,75,75,1,300,22500
20 JUN 2002,75,75,75,75,1,100,7500
18 JUN 2002,80,80,80,80,1,500,40000
17 JUN 2002,80,80,80,80,1,500,40000
11 JUN 2002,80,80,80,80,1,100,8000
7 JUN 2002,80,80,79,79,2,600,47500
6 JUN 2002,78,79,78,79,2,200,15700
5 JUN 2002,70,75,70,75,2,200,14500
4 JUN 2002,70,70,70,70,1,100,7000
31 MAY 2002,65,65,65,65,1,100,6500
30 MAY 2002,65,65,65,65,2,200,13000
29 MAY 2002,65,65,65,65,3,5000,325000
23 MAY 2002,65,65,65,65,3,500,32500
20 MAY 2002,58,58,58,58,5,145200,8421600
17 MAY 2002,63,63,63,63,3,500,31500
16 MAY 2002,63,63,63,63,1,200,12600
15 MAY 2002,63,63,63,63,2,1500,94500
14 MAY 2002,62,62,60,60,5,1300,78500
29 APR 2002,60,60,60,60,1,100,6000
11 APR 2002,60,60,60,60,2,1400,84000
5 APR 2002,60,60,60,60,1,100,6000
1 APR 2002,56,56,56,56,1,100,5600
26 MAR 2002,56,56,56,56,1,100,5600
14 MAR 2002,56.75,56.75,56.75,56.75,3,1200,68100
11 MAR 2002,56.75,56.75,56.75,56.75,4,2700,153225
8 MAR 2002,56.25,56.25,56.25,56.25,2,400,22500
7 MAR 2002,56.25,56.25,56,56,2,700,39325
6 MAR 2002,56,56,56,56,3,1100,61600
1 MAR 2002,56,56,56,56,1,200,11200
11 FEB 2002,56,56,56,56,1,200,11200
7 FEB 2002,55,55,55,55,1,100,5500
1 FEB 2002,55,55,55,55,5,1300,71500
31 JAN 2002,56,56,56,56,2,200,11200
30 JAN 2002,56,56,56,56,1,100,5600
25 JAN 2002,55,55,55,55,1,100,5500
24 JAN 2002,55,55,55,55,2,400,22000
23 JAN 2002,56,56,55,55,2,900,50000
22 JAN 2002,58,58,58,58,1,100,5800
21 JAN 2002,55,55,50.25,50.25,4,500,26075
17 JAN 2002,50,50,50,50,4,700,35000
16 JAN 2002,53,53,51.5,51.5,2,400,20750
15 JAN 2002,55,55,55,55,1,100,5500
28 DEC 2001,60,60,60,60,1,100,6000
21 DEC 2001,48,51,48,51,3,500,25200
20 DEC 2001,50.25,51,50.25,51,2,600,30225
14 DEC 2001,50,50,50,50,1,3300,165000
12 DEC 2001,55,55,55,55,1,100,5500
5 DEC 2001,55,55,55,55,1,100,5500
4 DEC 2001,50,50,50,50,1,100,5000
3 DEC 2001,50,50,50,50,1,100,5000
27 NOV 2001,50,50,50,50,1,100,5000
26 NOV 2001,50,50,50,50,1,100,5000
23 NOV 2001,50,50,50,50,1,200,10000
19 NOV 2001,50,50,50,50,1,500,25000
14 NOV 2001,47,47,47,47,1,100,4700
2 NOV 2001,46,46,46,46,1,100,4600
25 OCT 2001,46,46,46,46,1,100,4600
18 OCT 2001,45,45,45,45,1,500,22500
12 OCT 2001,50,50,50,50,2,200,10000
20 SEP 2001,44.75,44.75,44.75,44.75,1,100,4475
17 SEP 2001,43,43,43,43,1,100,4300
12 SEP 2001,40,40,40,40,1,800,32000
11 SEP 2001,41,41,40,40,5,1900,76500
21 AUG 2001,40,40,40,40,1,100,4000
16 AUG 2001,44,44,43,43,2,700,30700
15 AUG 2001,44,44,44,44,2,300,13200
8 AUG 2001,43,43,43,43,1,100,4300
7 AUG 2001,42,42,42,42,1,100,4200
24 JUL 2001,40,40,40,40,1,100,4000
20 JUL 2001,41.25,41.25,41.25,41.25,1,100,4125
16 JUL 2001,41.75,41.75,41.75,41.75,1,100,4175
13 JUL 2001,40.25,40.25,40.25,40.25,1,100,4025
10 JUL 2001,40,40,40,40,2,400,16000
9 JUL 2001,39.75,40,39.75,40,2,400,15950
4 JUL 2001,39.75,39.75,39.75,39.75,1,100,3975
27 JUN 2001,39.75,39.75,37.5,37.5,3,700,27100
21 JUN 2001,42,42,42,42,1,200,8400
20 JUN 2001,41,41,41,41,1,100,4100
19 JUN 2001,39.75,39.75,39.75,39.75,4,700,27825
15 JUN 2001,39.75,39.75,39.75,39.75,1,100,3975
14 JUN 2001,39.75,39.75,39.75,39.75,1,100,3975
6 JUN 2001,39.5,39.5,39.5,39.5,1,100,3950
16 MAY 2001,35,35,35,35,1,200,7000
24 APR 2001,36.5,36.5,36.5,36.5,1,300,10950
23 APR 2001,36.5,36.5,36.5,36.5,2,700,25550
17 APR 2001,37,37,37,37,2,200,7400
16 APR 2001,37,37,37,37,1,100,3700
30 MAR 2001,35,35,35,35,1,1700,59500
23 MAR 2001,34.5,34.5,34.5,34.5,1,100,3450
22 MAR 2001,34.5,34.5,34.5,34.5,2,1600,55200
20 MAR 2001,34.5,34.5,34.5,34.5,2,200,6900
14 MAR 2001,34.5,34.5,34.5,34.5,1,100,3450
13 MAR 2001,34.5,34.5,34.5,34.5,1,100,3450
7 MAR 2001,34.25,34.25,34.25,34.25,1,100,3425
28 FEB 2001,34.25,34.25,34,34,2,800,27250
16 FEB 2001,34,34,34,34,2,300,10200
15 FEB 2001,35,35,35,35,1,100,3500
14 FEB 2001,35,35,35,35,1,400,14000
13 FEB 2001,34.5,35,34.5,35,5,1100,38400
6 FEB 2001,34.5,34.5,34.5,34.5,1,100,3450
17 JAN 2001,35,35,35,35,4,500,17500
11 JAN 2001,35,35,35,35,1,100,3500
3 JAN 2001,36,36,36,36,1,100,3600
29 DEC 2000,36,36,36,36,1,100,3600
18 DEC 2000,32,32,32,32,2,200,6400
28 NOV 2000,32,32,32,32,1,1500,48000
8 NOV 2000,30.5,30.5,30.5,30.5,1,100,3050
7 NOV 2000,30.5,30.5,30.5,30.5,3,3800,115900
6 NOV 2000,30.5,30.5,30.5,30.5,4,1600,48800
25 OCT 2000,30.5,30.5,30.5,30.5,1,100,3050
5 OCT 2000,30,30,30,30,1,200,6000
25 SEP 2000,30,30,30,30,1,100,3000
11 SEP 2000,30,30,30,30,15,195300,5859000
15 AUG 2000,32,32,32,32,1,100,3200
11 AUG 2000,33,33,33,33,1,100,3300
8 AUG 2000,33,33,33,33,1,100,3300
1 AUG 2000,36.5,36.5,36.5,36.5,1,100,3650
13 JUL 2000,31.25,31.25,31,31,2,200,6225
6 JUL 2000,31.5,31.5,31.5,31.5,4,1000,31500
27 JUN 2000,35.75,35.75,35.75,35.75,1,100,3575
6 JUN 2000,30,30,30,30,2,700,21000
1 JUN 2000,30,30,30,30,5,1300,39000
31 MAY 2000,30,30,30,30,1,300,9000
25 MAY 2000,29,29,29,29,1,200,5800
11 MAY 2000,29,29,29,29,2,200,5800
9 MAY 2000,29,29,29,29,1,100,2900
4 MAY 2000,30,30,30,30,1,100,3000
3 MAY 2000,30.25,30.25,30.25,30.25,1,200,6050
19 APR 2000,30.25,30.25,30.25,30.25,1,100,3025
31 MAR 2000,30,30,30,30,1,3900,117000
30 MAR 2000,30.5,30.5,30,30,3,3500,106500
29 MAR 2000,32,32,32,32,3,600,19200
22 MAR 2000,30.5,30.5,30.5,30.5,5,800,24400
15 MAR 2000,31,31,30.5,30.5,4,700,21450
14 MAR 2000,30.5,30.5,30.5,30.5,2,1200,36600
13 MAR 2000,30,30,30,30,3,260000,7800000
9 MAR 2000,41,41,41,41,1,100,4100
7 MAR 2000,42,42,42,42,1,500,21000
28 FEB 2000,42,42,42,42,1,300,12600
15 FEB 2000,42,42,42,42,1,200,8400
10 FEB 2000,43,43,43,43,1,1000,43000
28 JAN 2000,42,42,42,42,1,100,4200
17 JAN 2000,42,42,42,42,1,200,8400
6 JAN 2000,42,42,42,42,1,100,4200
3 JAN 2000,42.5,42.5,42.5,42.5,2,300,12750