Date,Open,High (Rs.),Low (Rs.),Close (Rs.),Trade Volume,Share Volume,Turnover (Rs.)
14 MAY 2026,91,91,89.9,91,12,1643,149411.7
13 MAY 2026,91.9,91.9,89.6,89.9,58,32562,2942388.9
12 MAY 2026,91,92,90.6,91.2,36,4833,440790.9
11 MAY 2026,92,92.9,92,92.4,14,6539,602540.3
8 MAY 2026,91.2,93.5,91,93,23,40470,3763959.7
7 MAY 2026,92,92,91,91.4,45,7722,708067.9
6 MAY 2026,92.8,93,91.9,92,33,14693,1352582.8
5 MAY 2026,91.5,91.9,91,91.4,36,8074,737215.7
4 MAY 2026,90,92,90,91.7,107,61117,5614004.1
30 APR 2026,86.3,90,85,89.8,99,95627,8529604.2
29 APR 2026,85.7,86,85.2,85.6,19,1467,125682.4
28 APR 2026,85.2,85.7,83.5,83.7,34,3847,328229.3
27 APR 2026,84.5,85.2,83.5,83.5,13,1233,103878.3
24 APR 2026,83.4,86.1,83.3,84.8,23,3637,304172.1
23 APR 2026,88.9,88.9,83.4,85.5,7,139,11878
22 APR 2026,85.1,89.9,81.3,81.5,61,56137,4649845.6
21 APR 2026,86,86,85,85.1,50,9921,851606.1
20 APR 2026,88,88,85.7,86,17,2464,212147.5
17 APR 2026,84,85.6,83.9,85.6,29,3226,271736.4
16 APR 2026,84,84.3,83,83.5,85,13955,1168121.6
15 APR 2026,83.2,84,83,83,26,1898,158389.9
10 APR 2026,84.9,84.9,83,83.2,34,4545,382932.5
9 APR 2026,82,82,81.6,81.9,28,4394,360223.1
8 APR 2026,80,82.5,80,82,52,25390,2064421
7 APR 2026,79.9,80,79.5,79.6,32,21459,1715487.2
6 APR 2026,80,80,79,79.9,56,15370,1226856.9
2 APR 2026,80,80,79.8,79.8,21,3059,244578.8
31 MAR 2026,80.7,80.7,79.3,79.5,22,1919,153969.1
30 MAR 2026,79.5,80.7,79.5,80.6,21,6259,503189.3
27 MAR 2026,80,80,79.6,79.8,17,1468,117265
26 MAR 2026,81.1,81.9,79.1,79.5,21,4994,398124.7
25 MAR 2026,82.5,82.5,81,81.1,37,9303,761587
24 MAR 2026,77.9,80,77.1,78.2,51,16514,1310686.7
23 MAR 2026,78,78.1,74,77,91,16317,1231554
20 MAR 2026,78.1,79.7,78.1,79.7,17,2518,198416.9
19 MAR 2026,80,80,78.1,78.1,40,7199,570165.9
18 MAR 2026,82.7,82.7,79.6,80,19,1917,153507.5
17 MAR 2026,82.8,82.8,79,79.6,53,13223,1057361.4
16 MAR 2026,83.4,83.4,79,82.8,46,19967,1587276.1
13 MAR 2026,83.7,83.7,80.1,83.4,53,8301,672844.2
12 MAR 2026,87,87,83.5,83.7,12,1148,96812.1
11 MAR 2026,83.5,87,83.5,84.5,25,2691,229538.5
10 MAR 2026,82,83.6,82,83.6,30,12737,1064485.2
9 MAR 2026,82.6,84,82.6,83.2,32,4159,346545.3
6 MAR 2026,87.5,87.5,82,83.6,74,13084,1118248.1
5 MAR 2026,87.7,87.7,86.6,87.1,13,4267,371430
4 MAR 2026,86,87.8,85,86.2,35,6061,522488.4
3 MAR 2026,85,87.2,79.6,87,102,49159,4109634.9
27 FEB 2026,89.2,89.2,87,89.1,13,3888,341647.9
26 FEB 2026,89.1,89.2,86.1,87.2,51,8727,757846.3
25 FEB 2026,88.4,89.4,88.4,89.2,8,1141,101778
24 FEB 2026,89.4,89.4,88.5,88.8,26,1161,103240.4
23 FEB 2026,89.2,89.3,89,89,7,660,58757.5
20 FEB 2026,89.7,89.7,89,89,35,4397,391938.6
19 FEB 2026,90.5,90.5,89.3,89.5,46,28656,2574879.9
18 FEB 2026,90,90.5,89.4,89.5,18,7602,683332.4
17 FEB 2026,91,91,89.9,90,21,2599,234253.8
16 FEB 2026,89.7,91,89,89.4,36,11570,1032108.7
13 FEB 2026,93.9,93.9,89.5,90.1,26,6461,584791.2
12 FEB 2026,89.1,94,89.1,89.9,20,7120,639637.8
11 FEB 2026,89.3,89.5,89,89.3,33,4592,409731.6
10 FEB 2026,90,90,89.6,89.7,24,17800,1598100.7
9 FEB 2026,90,90,89.6,90,18,4088,367874.2
6 FEB 2026,89.8,90,88.7,89.9,27,12988,1167350.3
5 FEB 2026,89.9,90,88.5,88.7,83,82664,7354236.9
3 FEB 2026,88.6,89.5,88.5,88.5,32,44735,3959569.1
2 FEB 2026,89,89,88.4,88.4,35,6493,575452.2
30 JAN 2026,89.9,91,88.7,88.9,57,12181,1089241.1
29 JAN 2026,90,90,89.6,89.8,34,6143,552083.3
28 JAN 2026,91.5,91.5,89.7,90,21,3683,334169.7
27 JAN 2026,92,93.5,89.9,90,46,10248,924433.8
26 JAN 2026,89.4,91.7,89.4,90.3,22,3081,276730
23 JAN 2026,89.5,92,89.5,90.3,51,14772,1331869.5
22 JAN 2026,90.5,92.3,89.5,89.6,60,23823,2145946.9
21 JAN 2026,90.1,91,90.1,90.6,30,6768,611920
20 JAN 2026,90.9,90.9,90.1,90.2,17,2048,184756.6
19 JAN 2026,90.8,90.9,90,90.1,57,15315,1383101.7
16 JAN 2026,92,92,90.3,91,30,6632,601169.6
14 JAN 2026,90.3,92,90.3,91.2,21,4395,399990.7
13 JAN 2026,93,93,90.2,90.6,45,6523,597258.7
12 JAN 2026,91,94,91,93,18,5960,543528.5
9 JAN 2026,92.3,92.3,90.6,91.1,25,947,86663.9
8 JAN 2026,92.7,92.7,92.1,92.3,65,25249,2335431.7
6 JAN 2026,92.3,92.7,92.2,92.3,22,1938,178811.1
5 JAN 2026,93,93,92.2,92.5,27,4794,444918.1
2 JAN 2026,93,93,91.1,92.3,51,8893,820875.8
31 DEC 2025,92,92.7,92,92,61,11453,1055847.9
30 DEC 2025,91.4,91.5,90.6,90.7,13,2410,219287.9
29 DEC 2025,91,91.5,89.7,90.7,24,2651,241849.2
26 DEC 2025,90.5,91.6,89.5,91.2,11,1293,117911.7
24 DEC 2025,90,92,89.9,89.9,24,1951,176314.1
23 DEC 2025,89,90,89,89.9,22,7329,655605.5
22 DEC 2025,90.5,90.9,89,89,23,3247,290528.9
19 DEC 2025,91.9,92.7,89.5,90.7,12,1415,129291
18 DEC 2025,88.9,91.5,88.9,88.9,7,3831,340578.8
17 DEC 2025,88.6,90,88.6,89.2,11,10120,909122.5
16 DEC 2025,88.8,90,88.6,88.9,23,7701,684743.4
15 DEC 2025,91.8,91.8,88.7,88.7,23,5250,466600.9
12 DEC 2025,88.8,91.9,88.6,88.9,32,17556,1564076.8
11 DEC 2025,90.1,91.9,89.7,89.9,39,26736,2405383.8
10 DEC 2025,90,92,89.7,89.9,37,5834,527169.6
9 DEC 2025,88,91.5,87.7,89.9,41,3324,293596.7
8 DEC 2025,87.9,88.1,86.5,88,61,7929,695286.9
5 DEC 2025,91,91,88.2,89,48,37098,3299528.4
3 DEC 2025,90,92.8,88,90.5,42,9486,845561.3
2 DEC 2025,92,92,88,89.4,80,39169,3536611.5
1 DEC 2025,93.5,93.5,85,90.9,107,59284,5367650
28 NOV 2025,94.1,95,93.8,94,31,7318,688205.4
27 NOV 2025,96.5,97.9,94,94,55,22356,2110094.2
26 NOV 2025,96.9,97,95,95.5,36,12877,1226726.6
25 NOV 2025,96,97,95.1,96.7,17,5144,492593.7
24 NOV 2025,98.4,98.8,95,95.1,67,20513,1962815.1
21 NOV 2025,95.6,98.5,95.2,97.5,62,30503,2963835
20 NOV 2025,94.5,95,94.4,95,33,23650,2245400
19 NOV 2025,97,97,93.8,94,24,7010,659697.7
18 NOV 2025,95,96.9,93.9,94,100,1507122,143137260.2
17 NOV 2025,93.9,95,93.8,94,25,6330,596275.6
14 NOV 2025,94,94.9,93.1,94.2,32,7609,711359.6
13 NOV 2025,95.3,95.5,93.5,94.5,48,8095,758228.2
12 NOV 2025,94.8,95.9,93.1,93.9,53,8953,842107.4
11 NOV 2025,96,96,93,94.5,101,65697,6209952.4
10 NOV 2025,95.3,96.5,94,95.2,58,34650,3277053.2
7 NOV 2025,96.5,97,94,96.5,66,47052,4459411.9
6 NOV 2025,98,98,92,96.5,90,102822,9988211
4 NOV 2025,100,100,98,98,23,6277,618275
3 NOV 2025,102.5,102.5,99,99.2,22,4807,484118.4
31 OCT 2025,98,99.2,98,98,19,14156,1387454.2
30 OCT 2025,101,101,99,99.1,20,12688,1267692.5
29 OCT 2025,98,101.5,98,100.25,94,85074,8501437.4
28 OCT 2025,97.4,97.4,97,97.1,47,26147,2537630.1
27 OCT 2025,97,98,97,97.4,20,1327,129069.7
24 OCT 2025,97.1,98.5,97,97,46,29844,2896813.8
23 OCT 2025,97.7,98,96.5,97,65,159698,15494482.1
22 OCT 2025,98.7,98.7,97,97.2,67,71307,6921474.4
21 OCT 2025,98.3,98.7,97,97.5,98,94143,9160958.2
17 OCT 2025,98.5,98.9,96,97.9,70,47767,4618717.9
16 OCT 2025,99,99,98.6,99,39,54547,5399694.6
15 OCT 2025,99.3,99.9,98.6,99,72,53104,5288498.4
14 OCT 2025,102.25,102.25,98.6,99.3,73,107633,10689043.65
13 OCT 2025,101.75,102.25,99.1,99.5,44,124752,12428678.75
10 OCT 2025,100.5,103,99,101,60,27838,2787282.45
9 OCT 2025,103.25,103.25,100.25,100.75,44,8696,883613
8 OCT 2025,102.25,104,100.5,102.75,88,52525,5396823.75
7 OCT 2025,99.7,103,98.8,102.25,182,529398,53337036.95
3 OCT 2025,98.9,99.9,98,99.5,51,252455,25034415.6
2 OCT 2025,99.7,100,98.3,99.9,45,41685,4158974.5
1 OCT 2025,101.5,101.5,98.1,99.6,91,22272,2224887.75
30 SEP 2025,102.75,104,100,100.25,139,61807,6277582.25
29 SEP 2025,98,104,98,102.75,246,179779,18402970.5
26 SEP 2025,97,97.9,96.2,97.5,66,55582,5414393
25 SEP 2025,96.4,97.9,95.7,96.4,48,105139,10110630.5
24 SEP 2025,96,96.5,95.6,95.7,27,3502,335889.5
23 SEP 2025,96.5,96.5,95.1,95.7,42,10760,1030637.5
22 SEP 2025,96.5,96.5,95.9,96.3,17,1607,154473.9
19 SEP 2025,95.9,96.5,95.7,96,26,23090,2213665
18 SEP 2025,98,98,95.9,96,18,12591,1209310.9
17 SEP 2025,97,97,95,95.9,14,2455,235566.9
16 SEP 2025,98,98,96.5,96.6,18,2600,252401
15 SEP 2025,97.5,98,93,94.7,38,21993,2084762.3
12 SEP 2025,97.4,97.5,96.5,96.9,11,8047,782887.5
11 SEP 2025,98.7,100,97,98,64,53940,5325140.7
10 SEP 2025,95,98.5,94.5,98,63,296187,28933845.2
9 SEP 2025,96.9,96.9,95,95.1,70,22129,2106024.6
8 SEP 2025,99,99,96.8,97,49,35077,3418753.7
4 SEP 2025,97.9,99,95,98,85,65050,6271589.1
3 SEP 2025,98,98,95.8,96,20,3273,316637.5
2 SEP 2025,97.7,99,96.1,97,36,22764,2214182.8
1 SEP 2025,95.9,98,95.9,97.7,73,35342,3402645.9
29 AUG 2025,97,97,95.6,96,38,6053,581885.2
28 AUG 2025,98.8,98.8,97,97,42,24184,2368873.8
27 AUG 2025,98,99,97,97.4,49,23708,2318518.2
26 AUG 2025,96,98,96,98,26,8707,850706.9
25 AUG 2025,96,96.5,95.5,95.6,28,8083,773640.7
22 AUG 2025,95,100,94,96.5,76,67825,6660265.6
21 AUG 2025,95.1,97,94,94.6,78,26711,2547452.3
20 AUG 2025,96.9,97.5,95,95.1,62,10336,988462.7
19 AUG 2025,95.9,97.5,95.9,96.8,41,16981,1641895.6
18 AUG 2025,97,97.5,95.3,95.9,32,3920,378396.6
15 AUG 2025,97.5,97.5,95.1,96.5,52,15999,1548352.8
14 AUG 2025,97.5,97.5,93.2,96.2,72,58201,5544251.8
13 AUG 2025,99,99,96,98.1,25,3444,338880
12 AUG 2025,98.4,99,93.1,96.2,80,20880,2002183
11 AUG 2025,96,97.9,95.5,96.5,55,17151,1648854.6
7 AUG 2025,96.8,96.8,95.5,95.7,82,110634,10690017.3
6 AUG 2025,98.5,98.5,96.5,96.8,98,27268,2651612
5 AUG 2025,100,100,97.1,97.6,74,31060,3064318.2
4 AUG 2025,102.75,102.75,98.7,100,72,17392,1736773.25
1 AUG 2025,103.75,103.75,98.4,101.75,169,501322,51115712.15
31 JUL 2025,96.5,104,96.5,102,610,1362957,136848118.85
30 JUL 2025,98.3,99,97,97.3,94,125348,12222422.3
29 JUL 2025,97.5,99,95.3,98.3,195,229195,22416663.2
28 JUL 2025,96.5,98.4,95,97,112,427307,41440174.9
25 JUL 2025,95.4,98,92,95.9,162,378483,35886496.1
24 JUL 2025,94.1,95.4,91,94.6,200,570211,52671456
23 JUL 2025,92.7,97,92.7,94.5,272,369631,35310665.8
22 JUL 2025,84.5,93,84.2,92.4,362,637449,57085937.3
21 JUL 2025,86.5,86.5,84,85.4,75,85754,7252796.3
18 JUL 2025,84.5,86,84.5,85.1,19,46970,4034796.9
17 JUL 2025,85.9,85.9,84.1,84.6,16,637,53713
16 JUL 2025,85.1,87.9,84.8,84.9,57,25288,2149624.5
15 JUL 2025,86,86.1,85,86,49,57812,4969619.5
14 JUL 2025,88,88,85.9,86.1,36,17164,1479285
11 JUL 2025,83.2,89,83,87.5,73,75683,6495368.2
9 JUL 2025,83.5,85.3,82.1,84.9,33,102914,8565846.4
8 JUL 2025,83.2,84,83,83.4,19,14294,1191521.4
7 JUL 2025,85.8,85.8,83,85.3,14,6767,562879
4 JUL 2025,85,85.9,81,84.2,60,12599,1058396.9
3 JUL 2025,85.5,85.9,85,85.7,18,5035,430710.3
2 JUL 2025,85,85.9,84,85.8,43,11056,936367.8
1 JUL 2025,85.2,85.9,84.9,85,15,15588,1327429.4
30 JUN 2025,85.4,85.4,84,84.2,33,7547,639109.9
27 JUN 2025,86.1,87,85,85,32,18126,1547582
26 JUN 2025,87.4,87.4,85,85,36,20845,1782110.9
25 JUN 2025,84.1,86.4,84.1,85.3,27,29259,2496497.6
24 JUN 2025,82,88,82,86.8,24,6349,552493.7
23 JUN 2025,82.2,84,81.1,83,55,15810,1307174.8
20 JUN 2025,83.9,84.8,82.5,84,9,808,67827.7
19 JUN 2025,83.5,84.2,82.2,82.2,45,30887,2544517.4
18 JUN 2025,85,85,83.5,84.2,31,10201,856751
17 JUN 2025,87,87,85,85,8,3605,309531
16 JUN 2025,83.9,85.6,83.7,85.6,18,4901,411551.9
13 JUN 2025,86.1,86.1,84,84.3,99,57936,4900399
12 JUN 2025,86.2,87.8,86,87,17,3551,306954.2
11 JUN 2025,86.2,87.9,85.5,86.9,27,4852,420701.8
9 JUN 2025,88.8,88.8,85.2,87,10,2026,175492.8
6 JUN 2025,88.8,88.8,86.1,87,25,41061,3574728.7
5 JUN 2025,88.2,88.9,86.2,86.4,24,10998,954742.4
4 JUN 2025,88.8,88.9,84.5,86.2,51,22730,1979741
3 JUN 2025,89.5,90.1,88.7,88.9,52,84551,7565855.1
2 JUN 2025,89.9,90,88.5,89,59,38825,3464538.1
30 MAY 2025,88.5,89.9,88,89.1,81,85650,7611153.9
29 MAY 2025,88.3,88.6,87.8,88.5,62,92048,8111410.5
28 MAY 2025,88.6,88.6,87,87.9,12,6333,552205.4
27 MAY 2025,88.1,88.8,87.3,88.1,80,74311,6543242
26 MAY 2025,85.9,88.4,85.9,88,98,77639,6815911.9
23 MAY 2025,84.8,85.9,84.5,85.4,97,301656,25599173
22 MAY 2025,84.9,84.9,82.4,84.3,35,46105,3872371.3
21 MAY 2025,82,85.2,82,84.5,64,124917,10454078.5
20 MAY 2025,82,83.1,82,82.6,29,16198,1344296.5
19 MAY 2025,82.7,82.8,82.5,82.8,15,17016,1407542.7
16 MAY 2025,82,82.7,82,82.3,40,13674,1123888.1
15 MAY 2025,82.7,82.8,81.8,81.9,38,21369,1752568.6
14 MAY 2025,82.7,82.8,81.9,82.6,45,20790,1712363.2
9 MAY 2025,82,82.8,81.9,82.1,13,1030,84551.7
8 MAY 2025,81.7,82.8,81.7,82.1,31,11495,944969
7 MAY 2025,81,83.9,81,82,27,3495,284967.7
6 MAY 2025,81.7,83.9,81.7,83.4,35,8586,714255.1
5 MAY 2025,83.8,83.9,80.7,81.7,38,9326,764257.6
2 MAY 2025,83.9,83.9,83.2,83.2,8,1536,128127.5
30 APR 2025,84,84,82.7,82.9,29,11197,929992
29 APR 2025,83,84.4,82.9,83.9,31,16106,1343926.2
28 APR 2025,84.5,85,82.6,83.2,37,13013,1096232.1
25 APR 2025,81,84.4,80.9,84.1,51,23296,1907106.2
24 APR 2025,81.4,81.4,80.9,81,19,10836,877814.3
23 APR 2025,81,81.8,81,81.2,15,5515,447308.9
22 APR 2025,81.5,82,80.1,81.9,47,26803,2190311.2
21 APR 2025,81,82.5,81,81.9,27,10194,835262.7
17 APR 2025,81.4,82,80.9,81.3,28,1803,146641.3
16 APR 2025,80.7,82,80.5,81.8,12,1647,134316
11 APR 2025,84.8,84.8,80.8,82,12,3010,252732.9
10 APR 2025,86,86,80.5,82,38,16054,1328735
9 APR 2025,83.4,83.4,80,80.8,27,78113,6309280.7
8 APR 2025,79.9,83.5,79.9,80.8,73,41131,3339067.9
7 APR 2025,82,82.8,80,82.7,80,25173,2055614.2
4 APR 2025,83.9,83.9,82.2,82.2,24,16257,1337093.2
3 APR 2025,84,84,81,82.3,76,47784,3915140.4
2 APR 2025,84.9,84.9,84.4,84.7,24,5206,440599
1 APR 2025,83,84.9,81,84.5,51,19216,1598574.3
28 MAR 2025,83.7,83.7,82,82.2,70,33796,2795835.4
27 MAR 2025,81.1,81.1,80.6,81.1,9,11176,903790.6
26 MAR 2025,83.5,83.9,81,81,15,1368,111622.8
25 MAR 2025,84.6,84.6,81.5,81.5,8,39546,3259001
24 MAR 2025,81.8,84.8,80.8,81,32,17032,1381853.3
21 MAR 2025,81.8,81.9,80.6,81.5,8,418,34074.4
20 MAR 2025,80,81.5,80,80.9,41,96114,7690902.1
19 MAR 2025,80.1,81.5,79.2,80.7,78,37807,3024971
18 MAR 2025,80.1,82.2,80.1,80.4,27,9555,768120.4
17 MAR 2025,82.6,82.6,80.1,81.8,36,6153,501801.4
14 MAR 2025,82.5,84.5,82.5,83.2,20,2698,224021.2
12 MAR 2025,81.8,82.5,81.6,82.3,17,1121,91818.5
11 MAR 2025,83,83,81.4,81.5,21,35925,2975489.2
10 MAR 2025,81.2,83,81.2,81.5,16,2705,220421.5
7 MAR 2025,84,84,81.1,81.1,23,34928,2833425.5
6 MAR 2025,85,85,83.1,83.1,11,6142,510424.5
5 MAR 2025,83,84,83,83.2,11,1809,150179
4 MAR 2025,84,84,80.8,82.2,60,24257,1979149.8
3 MAR 2025,86.6,87,84,86,41,51235,4406071.6
28 FEB 2025,83.9,87,82,84.2,11,1453,122203.2
27 FEB 2025,81.5,84.9,80.9,83.9,59,17935,1462628.7
25 FEB 2025,85,85,81,81.3,35,3754,309940.3
24 FEB 2025,84.2,84.2,83,84,46,9873,826679
21 FEB 2025,86,87.5,84.1,84.9,21,3783,321253.7
20 FEB 2025,86.1,86.1,84.9,85.2,43,10229,871219.5
19 FEB 2025,87,88.6,86.4,86.5,19,1808,156637.3
18 FEB 2025,88,88,86.5,86.6,85,68845,5987633.8
17 FEB 2025,86.1,88.9,86.1,88.8,21,3390,300711.1
14 FEB 2025,85,86.2,85,85.9,54,14570,1247375.4
13 FEB 2025,84.1,88.3,84,86,34,15951,1367735.2
11 FEB 2025,85.7,88.8,84.2,84.7,53,6564,559025.7
10 FEB 2025,89.8,89.8,85,85.6,31,8014,697905.3
7 FEB 2025,87.5,89.8,86.7,86.9,83,25862,2248736.6
6 FEB 2025,87,90,87,87.5,96,42648,3721422.6
5 FEB 2025,90.9,91.1,86.9,87.3,143,37502,3319401.3
3 FEB 2025,92.6,92.9,90,90,127,48734,4404798.1
31 JAN 2025,95,95,91,92.6,205,64123,5953996
30 JAN 2025,95,98.5,95,97.7,94,76774,7498096.5
29 JAN 2025,98.5,98.5,95,95.4,55,18612,1804971
28 JAN 2025,95,98,93.6,97.7,90,114899,11149807.5
27 JAN 2025,95.5,96.8,94,94.7,33,43517,4142477.6
24 JAN 2025,98,98,94.1,96,32,26980,2590793.9
23 JAN 2025,94,97.9,93.8,95.8,71,121174,11539093.9
22 JAN 2025,97,97,93.4,94.6,76,31953,3048740.6
21 JAN 2025,95.8,98,95,95.8,79,239252,23159691
20 JAN 2025,96,98,93.6,95.1,40,34085,3273180.8
17 JAN 2025,91.6,98.9,91.6,95.2,118,107278,10171346.4
16 JAN 2025,93,93.9,90.7,93,46,29988,2787760.3
15 JAN 2025,93,94,90,91.5,42,10690,974298.5
10 JAN 2025,91.7,93.9,89.6,92,64,26617,2436681.6
9 JAN 2025,93,93.6,89.6,91.5,54,22489,2042664.7
8 JAN 2025,93,94.7,93,94.3,56,76617,7198703.1
7 JAN 2025,93,93,88.1,92.7,116,69841,6361050.2
6 JAN 2025,92,93.5,88,92.8,216,341786,31108850.1
3 JAN 2025,94,95.8,90,92.6,154,86428,8043180
2 JAN 2025,97,98.3,95,95.5,104,121634,11827599.9
31 DEC 2024,92,97.9,92,96.6,335,757127,72188022.8
30 DEC 2024,91.5,92.9,91,91.6,103,88219,8094229.7
27 DEC 2024,91.6,92.7,90.7,91.9,112,102168,9320590.4
26 DEC 2024,94,94,91.1,92.9,43,7676,710381
24 DEC 2024,91.7,95,88.7,94,153,184872,17254040.5
23 DEC 2024,94.2,95,91.3,91.7,126,47354,4393271.5
20 DEC 2024,92.5,95.4,91.1,94.9,211,272637,25716845.3
19 DEC 2024,91.4,93,89.2,92,120,191743,17583562.4
18 DEC 2024,88.6,91.5,88.5,90.8,118,97122,8745435.3
17 DEC 2024,90,91.9,86.3,91.5,153,175605,15951566.8
16 DEC 2024,91.8,92,88.1,89.8,109,57662,5220928.1
13 DEC 2024,86,92.2,86,91.7,527,708911,63702684.3
12 DEC 2024,86.4,87,85.4,87,65,208220,18090894.6
11 DEC 2024,86.6,86.9,85,85.1,70,61617,5263349.1
10 DEC 2024,88,88.3,85,86,81,95612,8289710.8
9 DEC 2024,84.9,88.5,84.9,88,261,292754,25432819.7
6 DEC 2024,83.5,84.9,81.1,84.2,107,159698,13132281
5 DEC 2024,85.5,85.5,83.1,83.5,76,36340,3054641.1
4 DEC 2024,83,86.2,83,85.1,242,355616,30103571.5
3 DEC 2024,83,84.4,81.7,83,152,220623,18236098.7
2 DEC 2024,79.8,83.4,78.5,82,363,642005,52274256.5
29 NOV 2024,78.2,79,77.5,78.5,48,56567,4419058.5
28 NOV 2024,77.9,78,76.8,77.9,34,26862,2090406
27 NOV 2024,77.9,77.9,76,77.3,18,2416,184245.4
26 NOV 2024,77.8,77.8,76,77,65,27395,2102282.4
25 NOV 2024,78.9,78.9,77.5,77.8,29,10424,815186.3
22 NOV 2024,78.8,78.9,78,78.2,28,5759,451850.4
21 NOV 2024,79.3,79.5,78.1,78.6,60,19954,1578529.5
20 NOV 2024,80.7,81,79.1,79.7,121,42818,3433043.2
19 NOV 2024,77,80,76.4,78.3,107,274192,21395723.8
18 NOV 2024,78.1,78.1,76.7,76.7,48,28977,2245376.2
14 NOV 2024,76.3,77.5,76.3,77.4,20,5798,446051.5
13 NOV 2024,76.1,77,76.1,76.5,37,11250,861042.7
12 NOV 2024,77.6,77.8,76,76.5,66,22309,1712829.4
11 NOV 2024,77.9,77.9,77,77.6,39,18507,1437674.4
8 NOV 2024,77.1,77.5,77,77.5,70,448430,34740705.8
7 NOV 2024,76.8,77.4,76.3,77,113,136054,10469437.8
6 NOV 2024,75,77,75,76.8,246,237110,18074007.8
5 NOV 2024,75.4,75.4,74,75,24,17832,1327153.5
4 NOV 2024,75,75.4,73.9,74,69,47771,3553870.3
1 NOV 2024,74.4,75,74.1,74.9,29,6856,513453.3
30 OCT 2024,75,75,73.8,74.5,44,26958,2004128.6
29 OCT 2024,75,75.5,73.5,73.9,54,22916,1695551.4
28 OCT 2024,74.3,75,73.8,74,51,19386,1435626
25 OCT 2024,74,74.4,73.9,74,23,5549,410667.3
24 OCT 2024,74.4,74.4,73.8,73.9,33,10307,762925.3
23 OCT 2024,74.3,75,73.9,74.1,26,7293,539929.4
22 OCT 2024,75,75.9,74.2,74.5,33,10366,775926.7
21 OCT 2024,76,76,74,74.9,71,27992,2087841
18 OCT 2024,74.5,76.2,74,75.6,157,111312,8420163
16 OCT 2024,75.4,75.4,74.2,74.5,14,7827,583484.7
15 OCT 2024,75.2,76,74,74.1,59,14788,1107087.7
14 OCT 2024,74,76.5,73.9,75.1,288,286043,21402343.2
11 OCT 2024,72.2,74,72.2,74,73,33700,2485899.8
10 OCT 2024,72.2,73.2,72.2,72.8,22,2905,211623.8
9 OCT 2024,72.3,73.3,72.2,72.5,21,1852,134026.6
8 OCT 2024,74,74,72.2,72.8,19,2063,149441.5
7 OCT 2024,73.9,74.5,73,73.9,20,4948,363746.1
4 OCT 2024,73.5,73.5,73,73.4,5,750,55000
3 OCT 2024,72.5,73.5,72.5,73.4,11,986,72415.9
2 OCT 2024,73.3,73.5,72.2,72.9,41,17708,1285136.5
1 OCT 2024,74.1,74.1,73.1,73.6,16,12081,891587.5
30 SEP 2024,74.5,74.5,73,73.5,35,14658,1080052
27 SEP 2024,74,74,72.5,73.2,70,38070,2785382.8
26 SEP 2024,74,74.8,73.2,73.3,54,26495,1956764.8
25 SEP 2024,73.9,74,73.1,73.5,65,23766,1754250.7
24 SEP 2024,72.9,74,70,73.7,79,53800,3933090.8
23 SEP 2024,73,73,70,70,19,3798,266334.2
20 SEP 2024,69.9,73.5,68.6,68.7,80,28486,1959809
19 SEP 2024,69.4,69.5,68.6,68.7,52,32485,2239629.4
18 SEP 2024,68.7,69.9,68.7,69,41,21699,1500882.4
13 SEP 2024,67.5,68.7,67.5,68.7,40,27806,1883595.7
12 SEP 2024,67.5,67.5,67.5,67.5,32,15986,1079055
11 SEP 2024,67.1,67.5,67.1,67.5,11,2808,189433.6
10 SEP 2024,68.5,68.5,67,67.1,49,4791,322900.7
9 SEP 2024,67.9,68,67.6,67.6,9,1020,69210.4
6 SEP 2024,68,68,67.7,67.7,16,2444,166087
5 SEP 2024,67.7,68,67.5,67.8,61,17729,1200912.7
4 SEP 2024,67.9,68,67.5,67.7,84,39095,2650420.6
3 SEP 2024,71.5,71.5,66.1,67.6,92,29193,1966968.1
2 SEP 2024,70,70,68,68.6,109,42643,2924223.2
30 AUG 2024,71.4,71.4,69.9,70,40,30653,2170467.1
29 AUG 2024,71.5,71.5,70,70.2,54,16236,1142506.5
28 AUG 2024,71.7,71.7,71,71.1,19,3245,231542
27 AUG 2024,72.4,72.8,71.5,71.7,27,7875,565771.9
26 AUG 2024,73.8,73.8,72.5,72.8,4,810,58988
23 AUG 2024,74,74,69,73.8,50,16159,1153076.3
22 AUG 2024,74.5,74.5,71.7,72,24,4823,348595.9
21 AUG 2024,75,75,72.5,74.5,8,2785,207687.2
20 AUG 2024,75,75,73,73,9,6228,454694.9
16 AUG 2024,75.8,75.8,73,73.9,5,1107,81722.2
15 AUG 2024,72.2,75,72,74.6,24,2187,161426.4
14 AUG 2024,71.9,72,71.5,72,21,6814,489927.6
13 AUG 2024,72,72,71.5,72,22,3620,260498.1
12 AUG 2024,72,72,71.2,72,19,4621,331863.8
9 AUG 2024,72,72,71.6,72,11,3577,257543.2
8 AUG 2024,71.5,72,71.5,71.6,17,3112,222610.6
7 AUG 2024,72,72,71.5,72,7,1007,72387.5
6 AUG 2024,71.5,72,70.2,71.1,49,9083,646534.9
5 AUG 2024,73.1,74,70,72.6,85,22883,1638563.8
2 AUG 2024,73.9,73.9,73.3,73.9,10,1401,103503.3
1 AUG 2024,73.9,74,73.3,73.3,9,1388,101788.6
31 JUL 2024,73.5,73.9,73.5,73.7,17,3485,256722.3
30 JUL 2024,73.3,74.4,73.3,73.9,5,464,34336.1
29 JUL 2024,72.9,74.9,72.9,74.9,10,268,20059.6
26 JUL 2024,75.4,75.4,72.7,73,15,13351,974634
25 JUL 2024,73.4,75,72.8,72.8,51,19831,1457497
24 JUL 2024,73.5,74.5,73.1,73.3,45,6838,501878.5
23 JUL 2024,74.5,74.5,73.5,74.2,13,2226,165299.5
22 JUL 2024,74.5,74.5,73,73.1,30,4666,345250
19 JUL 2024,74.1,74.5,74,74,22,3587,266166.3
18 JUL 2024,74.5,74.5,74,74.1,27,7406,549602.6
17 JUL 2024,77,77,74.5,74.5,49,17094,1289121.1
16 JUL 2024,76.1,77,76.1,77,15,10320,794148
15 JUL 2024,74.6,76,74.6,75.2,9,249,18715.5
12 JUL 2024,75,75,74.5,74.8,14,1223,91571.8
11 JUL 2024,75.2,75.2,74.7,74.9,25,5799,434721.6
10 JUL 2024,76.4,76.4,74.8,75,13,951,71506.1
9 JUL 2024,76.4,76.4,75,75,7,2913,219319
8 JUL 2024,74.8,76,74.6,74.9,17,1362,101903
5 JUL 2024,76,76,74.3,75,22,2829,212031.1
4 JUL 2024,75.3,76,74.7,74.7,38,21280,1595921.1
3 JUL 2024,77,77,75,75.6,11,5522,417957.4
2 JUL 2024,77.3,77.3,73.1,77,38,18522,1372426.8
1 JUL 2024,76.4,77.5,76,76,19,1226,93329.4
28 JUN 2024,76.5,77.5,76.3,77.3,18,6973,537558.9
27 JUN 2024,76.5,78,76.5,76.6,13,4983,381450.1
26 JUN 2024,78,78.5,77,77.1,46,18009,1391728.7
25 JUN 2024,78.2,79,78,78,20,1931,150826.3
24 JUN 2024,78.5,78.5,77.3,77.4,25,4933,382545.2
20 JUN 2024,78.4,80,77.4,77.5,58,33779,2629281.7
19 JUN 2024,78.9,78.9,77.2,78.9,23,1098,86162.5
18 JUN 2024,78.5,79,77.6,78.1,33,5021,394654.8
14 JUN 2024,78.9,78.9,77.6,78.5,17,6875,538486.1
13 JUN 2024,78,78.9,77.9,78.8,44,21147,1656799.4
12 JUN 2024,80.5,80.5,78,78.1,32,17060,1346885.4
11 JUN 2024,75.8,83,75.8,79.6,114,120538,9376903.4
11 JUN 2024,75.8,83,75.8,79.6,114,120538,9376903.4
10 JUN 2024,76.5,76.5,75.7,75.7,44,7332,556256.3
7 JUN 2024,76.5,76.5,75.8,76,29,6205,471494.9
6 JUN 2024,76.5,77,75.5,76.8,37,30285,2323045.2
5 JUN 2024,76,77.3,76,77,11,902,69266.9
4 JUN 2024,76.5,77.5,76,77.5,28,33450,2585497.8
3 JUN 2024,76,77,75.8,76,7,2139,162567.2
31 MAY 2024,77,77.4,75.3,75.9,26,4345,333910.2
30 MAY 2024,75,77.5,75,75.3,27,14046,1057471.1
29 MAY 2024,76.7,77.5,75,75.1,64,172049,12923684.1
28 MAY 2024,76.8,77.3,76.5,76.6,18,6614,506631.6
27 MAY 2024,77.1,77.3,76.5,77.3,12,3730,287526.5
22 MAY 2024,77,77,76.1,77,18,13067,1006064
21 MAY 2024,76.5,77.4,76.5,77,18,31787,2446391.3
20 MAY 2024,77.4,77.4,75.5,76.5,52,16857,1286402.8
17 MAY 2024,76.5,77.9,76.4,76.6,19,5046,386385.1
16 MAY 2024,77.6,77.8,75.8,77.6,28,4043,310862.3
15 MAY 2024,78.2,78.3,76.5,76.9,38,46446,3619987.2
14 MAY 2024,77,79,77,78.1,114,43219,3386707.5
13 MAY 2024,75,77.8,75,77,144,65153,4976647.7
10 MAY 2024,73.8,75.7,73.8,74.9,40,18707,1409600
9 MAY 2024,74.3,75,73.9,74.9,31,16295,1217012.5
8 MAY 2024,74,74.9,74,74.2,19,9474,703314.6
7 MAY 2024,75,75.2,73.6,74.4,47,7305,543289.2
6 MAY 2024,74.5,75.4,74.5,75.1,39,8319,623798.7
3 MAY 2024,75.5,75.5,74.5,74.5,28,5754,429438
2 MAY 2024,75,75.7,74.7,74.9,43,18188,1366751.1
30 APR 2024,74.5,75.7,74.5,75.1,38,12027,902924.6
29 APR 2024,74.8,75,74,75,58,28402,2108838.6
26 APR 2024,73.9,75,72.6,73.9,70,85836,6283699.6
25 APR 2024,73.9,73.9,72.5,73,57,30167,2207648.4
24 APR 2024,73,73.9,72.1,73,110,95508,6959447.4
22 APR 2024,72.1,73,72,72.1,54,53825,3900426.5
19 APR 2024,72,73,72,72.5,7,1103,80067.9
18 APR 2024,73,73,71.7,73,24,4064,293997.1
17 APR 2024,71.8,73,71.3,71.7,65,12107,868189.9
16 APR 2024,72.2,73,71.5,71.7,75,17105,1229691
15 APR 2024,73.3,74,72.2,72.3,64,14249,1033539.3
10 APR 2024,72.9,74,72.3,74,9,1347,99016.8
9 APR 2024,73,74.3,72,72.4,64,29167,2113417.9
8 APR 2024,74,74.9,73.7,74.4,48,36904,2732874.5
5 APR 2024,74,74,72.3,72.6,84,83259,6056691.2
4 APR 2024,74.5,74.5,73.9,74,32,7820,578918.6
3 APR 2024,74.3,74.9,73.5,74.8,42,10491,781853.2
2 APR 2024,75,75,74.4,74.8,33,19554,1463092.8
1 APR 2024,75,75,74.5,74.9,38,11005,823304.4
28 MAR 2024,74.5,74.5,74,74,27,8205,609282.4
27 MAR 2024,73.4,75,73.4,74.2,10,428,31770.8
26 MAR 2024,76.7,76.7,74.8,74.9,20,13504,1012227.4
25 MAR 2024,75.9,77,73.7,75,48,9841,741067.9
22 MAR 2024,75.4,75.9,74,74.8,39,9833,733243
21 MAR 2024,76,76,73,73.6,26,29014,2128795.1
20 MAR 2024,74.3,76,74.3,75.2,57,14662,1102803.8
19 MAR 2024,73.3,75,73.1,74.2,25,36503,2708696.5
18 MAR 2024,74.2,75.5,74.2,75,51,91898,6887134.1
15 MAR 2024,74,75.5,74,75,58,77633,5822895.3
14 MAR 2024,73.4,75,73.2,74,31,66011,4939585.9
13 MAR 2024,75,75.7,73.3,73.3,30,4832,359364.3
12 MAR 2024,72.8,77.9,72.8,75.5,58,33364,2439605.4
11 MAR 2024,70,72.8,70,72.1,48,10653,765683.3
7 MAR 2024,72.2,72.9,69,69.5,52,57771,4020809.9
6 MAR 2024,71.6,71.6,70.1,70.9,16,1555,109783.6
5 MAR 2024,72.9,72.9,70,70,11,752,52761.5
4 MAR 2024,72.9,72.9,68.8,68.9,43,20905,1449668.8
1 MAR 2024,70.5,73.5,69,69.3,42,15539,1084851.8
29 FEB 2024,72.9,72.9,70,72,8,328,23586
28 FEB 2024,68.3,72,68.3,71.8,44,19258,1339844.7
27 FEB 2024,69.2,69.2,68,68.2,68,32519,2225261.4
26 FEB 2024,69.9,70,68.7,68.9,78,33279,2302001.8
22 FEB 2024,69.8,69.9,69.8,69.9,22,2987,208558.8
21 FEB 2024,69.9,69.9,69.8,69.9,17,6813,476227.7
20 FEB 2024,70,70,69.8,70,14,8325,582730
19 FEB 2024,71.5,71.5,69.8,69.8,16,2725,190658.9
16 FEB 2024,70,70,69.7,70,10,550,38498.8
15 FEB 2024,71.8,71.8,69,69.5,45,14846,1034139.3
14 FEB 2024,71.5,71.5,69.6,69.7,137,246928,17224663.5
13 FEB 2024,71.9,71.9,70,70.1,31,5055,356657.5
12 FEB 2024,72,72,71,71.9,10,764,54789.4
9 FEB 2024,71,72,69.9,70.2,84,32588,2288029.5
8 FEB 2024,72,72,71,71.2,14,5483,391961.6
7 FEB 2024,72.7,72.7,71.5,71.7,18,2636,189286.2
6 FEB 2024,72,73.5,72,73.4,31,3478,253425
2 FEB 2024,71.5,73,71.5,73,16,4025,288690.5
1 FEB 2024,72,72,71.5,71.5,7,3805,272059.5
31 JAN 2024,69.8,70,69.8,70,19,21832,1528209.4
30 JAN 2024,71,71,69.6,70,24,3402,238848.7
29 JAN 2024,70.5,70.5,70,70.4,44,29395,2066133.8
26 JAN 2024,71.5,72,70.2,71.3,43,75745,5405886.2
24 JAN 2024,73,73,70.9,71,41,19622,1394963.8
23 JAN 2024,71,72,70.9,71.9,13,15965,1146701.5
22 JAN 2024,71,72,71,71,20,4822,342416
19 JAN 2024,73,73,71.1,71.1,6,3127,222339.2
18 JAN 2024,74.9,74.9,70.5,72,31,65623,4711562.6
17 JAN 2024,72.5,75.9,72,72.1,27,18132,1314363.2
16 JAN 2024,74.3,76.4,72.5,73.7,16,964,71338.8
12 JAN 2024,71.3,74.5,71.3,74.4,66,241326,17675240.3
11 JAN 2024,73,73.5,71.3,73.3,25,76966,5618197.9
10 JAN 2024,71.3,72.9,71.3,72.9,24,1407,100664
9 JAN 2024,72.2,73,72.1,72.1,17,6305,454708.6
8 JAN 2024,73.7,73.7,72,72.2,29,6782,488781.8
5 JAN 2024,74,74,73.3,72.7,3,79,5845.3
4 JAN 2024,74,74,72.7,72.7,2,3,220.7
3 JAN 2024,72.6,73.5,72.6,72.7,7,1279,92961.7
2 JAN 2024,72.4,74.6,72.4,72.9,13,1532,111819.9
29 DEC 2023,73,73,72.3,72.6,22,14012,1017101.6
28 DEC 2023,72.8,74.7,72.8,74.5,8,835,62145.2
27 DEC 2023,72.6,74.6,72.6,72.6,13,5137,372948.2
22 DEC 2023,74.7,74.7,72.5,72.6,16,15132,1098429.8
21 DEC 2023,75.8,75.8,72.7,73,18,61185,4466529.8
20 DEC 2023,72.8,72.8,72.6,72.8,17,2531,184251.6
19 DEC 2023,72.5,75.1,72.5,72.7,11,21657,1574098.6
18 DEC 2023,75,75.5,72.5,75,20,7867,574429.4
15 DEC 2023,73.8,75.9,73.8,75.5,23,1829,138098.2
14 DEC 2023,73.3,74.9,72.6,73.3,12,3907,286350.3
13 DEC 2023,73,75,72.2,73.3,31,25201,1823024.5
12 DEC 2023,73.5,74,72.6,74,28,35671,2596619.5
11 DEC 2023,74,75.3,73,75,11,1115,82622.5
8 DEC 2023,73.6,74,72.7,72.7,21,13602,991745
7 DEC 2023,73.5,74,73.5,73.5,7,1495,109883
6 DEC 2023,72.7,74.9,72.6,72.6,17,33606,2439946.8
5 DEC 2023,73.1,74,72.6,72.7,19,1021,74252.4
4 DEC 2023,73.5,75,73,73.1,19,1493,109148.1
1 DEC 2023,76.4,76.5,73,74,32,22064,1633186.2
30 NOV 2023,74.7,76.3,74.7,75,26,6200,466794.9
29 NOV 2023,73.2,75,73,74.7,31,6331,471320.6
28 NOV 2023,73,73.2,73,73.2,40,55783,4072759.1
27 NOV 2023,72.5,73.4,72.5,73,17,49970,3647816.9
24 NOV 2023,73,74.8,72,73.2,21,7695,562345.6
23 NOV 2023,72.6,73.4,72.6,73,18,11092,809734.5
22 NOV 2023,74.4,74.4,72.6,72.6,17,10167,740815.1
21 NOV 2023,73.9,74.8,71,72.6,54,3556,259039.2
20 NOV 2023,74,75,73,75,40,4875,358639.6
17 NOV 2023,74.6,76,74,74.2,33,8022,600583.4
16 NOV 2023,74.9,75,74.5,75,10,628,47040
15 NOV 2023,74.1,75.6,74,75.4,21,12652,953153.6
14 NOV 2023,76.8,76.8,74,75.4,22,7662,568072.7
13 NOV 2023,73.9,76.8,73.6,75.1,23,15332,1144098.1
10 NOV 2023,74,74.2,73.8,73.8,14,1347,99449.8
9 NOV 2023,74,74,73.5,73.5,15,1796,132160.5
8 NOV 2023,77.1,77.1,73.9,74,37,4505,333969.3
7 NOV 2023,77.8,77.8,73.6,74,31,31400,2397742.3
6 NOV 2023,73.5,78.4,73.5,74,15,5953,441638.2
3 NOV 2023,73.5,74.5,73,73.4,33,17213,1262041.1
2 NOV 2023,73.9,74,72.5,73.3,18,15421,1138623.7
1 NOV 2023,73.3,74,72.4,72.5,34,16877,1224377.7
31 OCT 2023,72.5,73.3,72,72.2,20,563,40692.7
30 OCT 2023,72.5,73.5,72.2,73,30,14188,1039675.5
27 OCT 2023,73,73,72.3,72.5,30,2964,214869.2
26 OCT 2023,74.5,75,73,73.4,12,509,37394.1
25 OCT 2023,76,76,74,74.8,12,279,21049
24 OCT 2023,75,75,73.5,74.7,30,16671,1248493
23 OCT 2023,73.1,75.1,73.1,73.8,24,9030,666230.4
20 OCT 2023,72.2,75.8,72.2,74.5,36,5894,438149.6
19 OCT 2023,72.1,72.8,72,72,18,6416,462131.2
18 OCT 2023,75.4,75.4,72,72,36,41601,2998560.9
17 OCT 2023,74.5,75.5,72.1,72.2,41,26754,1934567.3
16 OCT 2023,74.5,74.5,72.1,74.2,47,86764,6259423.8
13 OCT 2023,74.5,76.9,74,74.8,42,47282,3535929.6
12 OCT 2023,75,76.3,74.5,75.1,25,17234,1294165.6
11 OCT 2023,75.5,76,75,75.2,23,2644,199234.5
10 OCT 2023,76,77.4,75.4,76,36,44184,3357893.6
9 OCT 2023,76.1,78.8,75,76.4,94,318620,24602692.9
6 OCT 2023,78.7,78.9,76.9,78.5,15,12726,998576.3
5 OCT 2023,78,78.9,78,78.1,22,5863,458815.3
4 OCT 2023,77,77,75,77,79,25128,1909482.3
3 OCT 2023,78.9,78.9,76.1,76.9,65,11730,899142.9
2 OCT 2023,79,79,77.5,78,66,11566,904255.3
27 SEP 2023,78.9,79.1,78.6,78.6,32,11519,910158.7
26 SEP 2023,78.8,78.8,78.5,78.5,17,1276,100242.4
25 SEP 2023,78.8,79.1,78.8,78.8,14,6847,540114.4
22 SEP 2023,78.5,78.5,78.1,78.3,42,4963,388374.6
21 SEP 2023,79.9,79.9,78.7,78.7,13,8535,672196
20 SEP 2023,79.5,79.5,78.5,78.7,28,5776,454893.5
19 SEP 2023,78.7,80,78.6,79,20,2571,202724.7
18 SEP 2023,79.3,80,78.5,79,39,38398,3033626.7
15 SEP 2023,80,80,78.9,79.1,70,29815,2359879.7
14 SEP 2023,80,80,79,80,30,4834,384405.8
13 SEP 2023,80,80,79,79.9,35,14815,1176020.7
12 SEP 2023,79.2,80,79.2,79.6,34,10858,861385.5
11 SEP 2023,79.4,80.5,79.2,79.9,34,12999,1035835
8 SEP 2023,80.7,80.8,77,79.4,55,36187,2829108.5
7 SEP 2023,82,82,79.8,80,37,10762,864453.9
6 SEP 2023,81.8,81.9,79.1,80.3,76,53521,4299168.1
5 SEP 2023,80.1,81.9,80,80.7,29,13676,1098784.9
4 SEP 2023,82.8,82.8,80,80.5,72,14933,1198324.4
1 SEP 2023,82.3,82.5,81.6,82,105,76374,6259644.3
31 AUG 2023,81.2,82.5,81.2,81.9,100,81137,6627808.7
29 AUG 2023,80.5,81.2,80,80.4,112,64126,5145071.7
28 AUG 2023,79.9,82.5,79,79.4,108,76096,6107925.7
25 AUG 2023,77.2,80,76.6,78.4,99,65564,5108131.2
24 AUG 2023,76.6,77.8,76.6,76.9,126,72235,5581570.1
23 AUG 2023,74.6,76,74,75.9,49,11614,867769.8
22 AUG 2023,75.2,75.2,73,74.1,94,25637,1890843.5
21 AUG 2023,76,76,74,74.2,90,26943,2007635.3
18 AUG 2023,75,76.1,74.4,76,61,22850,1719345.2
17 AUG 2023,77.7,77.7,74,74.3,158,90425,6768996.1
16 AUG 2023,77.9,77.9,77.3,77.5,28,16227,1256406
15 AUG 2023,78.4,78.4,76,77.1,54,8526,658309.6
14 AUG 2023,79,79,75.5,78.4,89,50180,3838401.4
11 AUG 2023,77.6,79.5,76.5,77.3,75,46195,3598206.5
10 AUG 2023,78.8,79,76.5,77.2,91,95206,7369624.1
9 AUG 2023,80,80,77,77.1,330,225729,17546801.3
8 AUG 2023,82.5,84,80,81.2,83,81427,6644682.2
7 AUG 2023,85,85,83,83.1,75,32917,2741664.4
4 AUG 2023,84.5,85.5,83.5,83.9,45,13829,1172806.1
3 AUG 2023,84,85.9,84,85.1,89,85649,7284641.5
2 AUG 2023,84.9,84.9,83.6,84,84,73978,6210903.9
31 JUL 2023,85.4,85.9,83.5,84.4,71,23703,1995125.3
28 JUL 2023,88.5,88.5,84.5,86.3,127,44695,3813221.4
27 JUL 2023,86.5,88,85.8,86.5,83,70674,6106775.9
26 JUL 2023,88,89.4,85.8,86.4,116,36898,3249955.6
25 JUL 2023,85,89.8,83,88.1,349,226704,19593333
24 JUL 2023,85.9,87.5,84.2,85,200,185703,16025514.9
21 JUL 2023,83,86,81.8,85.1,329,464331,39072840.7
20 JUL 2023,82.3,83.4,81.6,82,101,51400,4225788.8
19 JUL 2023,80.9,82.5,80.1,81.8,101,71493,5843071.4
18 JUL 2023,81,81.7,78.5,80.4,105,67471,5406568.1
17 JUL 2023,80.1,82.5,80,80.4,155,144563,11789565.7
14 JUL 2023,79.5,81.5,79.1,80.1,114,259852,20799863.3
13 JUL 2023,78.5,81.4,78.4,79.7,144,84738,6811959.7
12 JUL 2023,78.7,79,76.2,78.5,73,52558,4132187.6
11 JUL 2023,78.8,79,77,77.6,89,22037,1719865.3
10 JUL 2023,75.9,79,73.9,77.8,112,102287,7868097.7
7 JUL 2023,72.5,76.4,72,75.3,73,54555,3995497.7
6 JUL 2023,72.1,73,71.4,72.5,50,20272,1459691.2
5 JUL 2023,71.2,72.5,71.2,71.9,131,63696,4587523.1
4 JUL 2023,71,71.9,70.2,71.3,62,22248,1574168
28 JUN 2023,70.2,70.5,70,70.2,31,33829,2373929.3
27 JUN 2023,70.6,70.6,70,70.1,48,20478,1436509
26 JUN 2023,71.1,71.5,70.6,71.1,30,4474,318394.8
23 JUN 2023,70.5,72.4,70.5,71.8,27,16537,1188451.1
22 JUN 2023,70.5,72,70.5,72,17,4917,353602.5
21 JUN 2023,71,72,70,70.1,35,25845,1848653.7
20 JUN 2023,71.5,71.5,70,70,12,725,50787.4
19 JUN 2023,70.6,72,70.2,70.2,17,2840,201763.5
16 JUN 2023,70.8,70.9,70.4,70.6,23,6832,483263.2
15 JUN 2023,70.9,71,69.7,70.4,28,2958,208383
14 JUN 2023,70,70,69.5,70,80,45405,3166457.6
13 JUN 2023,70.5,71,69,70,74,38565,2699321.3
12 JUN 2023,72,72,69.9,70.5,31,6137,429754.9
9 JUN 2023,72,72,69.8,70,39,12580,880897
8 JUN 2023,72,72,68.6,70,76,71917,4955737.9
7 JUN 2023,73,73,70,70,30,3605,252369.1
6 JUN 2023,72,72,69.8,71.5,11,1512,106891.7
5 JUN 2023,70,72,69.5,69.6,64,8630,601522.9
2 JUN 2023,71.7,71.7,70,70.2,47,26734,1889381.1
1 JUN 2023,70.5,70.5,69.9,70,68,45088,3158376.2
31 MAY 2023,72,72,70.5,70.7,23,2766,195676.1
30 MAY 2023,71,72,70.5,70.5,36,18486,1303755.5
29 MAY 2023,72,72,70.6,71,42,3779,268319.5
26 MAY 2023,72,73.7,72,72,21,4347,314064.7
25 MAY 2023,73.9,73.9,71,73.2,59,168643,12138644.1
24 MAY 2023,72.9,73.5,72.2,73.4,36,271661,19964888.8
23 MAY 2023,73,74.7,72,72,65,18396,1325409.4
22 MAY 2023,73.1,75,72.1,72.3,37,12838,938033.1
19 MAY 2023,77,77,73,73.1,68,8799,653031.5
18 MAY 2023,73.4,75.5,73.2,73.7,14,1946,142648.1
17 MAY 2023,73.5,75,73.2,73.3,45,42063,3086009.4
16 MAY 2023,75.2,76.8,73.2,73.5,61,61264,4576400
15 MAY 2023,76.2,77.9,75.6,76.1,61,19327,1483612.4
12 MAY 2023,73,75.2,73,75,101,78973,5913913.4
11 MAY 2023,73,73,72.2,72.5,22,4674,338997.2
10 MAY 2023,72.4,73,72,72.2,14,1551,112325.5
9 MAY 2023,71.8,73,71.8,72.4,46,26831,1943126.3
8 MAY 2023,73,73,72.3,72.9,25,4264,309808.3
4 MAY 2023,73.8,73.8,71.5,72.5,10,109827,7962951.9
3 MAY 2023,73.5,73.5,71,72.9,38,51806,3732952.1
2 MAY 2023,72.5,74.4,70.2,70.4,67,72880,5282066.2
28 APR 2023,72.6,74.8,72.6,73.5,26,3387,247952
27 APR 2023,75,75,72.5,72.8,54,29215,2126767.9
26 APR 2023,72.6,75,72.4,74,22,2453,178544.5
25 APR 2023,72.6,75,72.6,73.3,15,32229,2383105.7
24 APR 2023,77,77,72.2,72.4,69,63718,4654874.5
21 APR 2023,75.9,77,73.3,74.2,39,10063,753271.3
20 APR 2023,75.5,77,75,75,50,65780,4956820.5
19 APR 2023,76,77.3,75.5,76,28,5455,414872.9
18 APR 2023,77.5,77.6,76.5,77,59,30176,2329052.8
17 APR 2023,79.4,79.4,77.3,78.4,54,50944,3960810.9
12 APR 2023,77.5,79,77.1,78.2,51,35235,2756175.3
11 APR 2023,78.9,79.9,76.7,77.9,129,39095,3063212.9
10 APR 2023,78,80,75.2,78.2,379,168253,12974833.6
6 APR 2023,71,71.4,70.3,70.3,50,11056,779620.2
4 APR 2023,70.6,71.4,70.3,70.8,41,24417,1725593.7
3 APR 2023,70.1,71.2,70.1,70.5,6,305,21496
31 MAR 2023,70,71.5,69,70.5,42,31602,2228467.6
30 MAR 2023,70,70,68,68,65,24112,1649999.5
29 MAR 2023,69.1,70.7,68.6,69.7,55,13880,963024.3
28 MAR 2023,68.6,70,68.6,69.1,47,11602,806182.8
27 MAR 2023,71.6,72.4,68.6,69.3,55,10662,741720.3
24 MAR 2023,71,71,69.9,70,92,56159,3978769.4
23 MAR 2023,71.5,72.2,71.5,71.5,61,67516,4831590.7
22 MAR 2023,71.9,72.3,71.2,71.6,48,11417,818337.2
21 MAR 2023,72.9,72.9,71.5,71.9,91,22299,1604686.5
20 MAR 2023,72.9,73.4,72.8,72.9,64,26498,1934805.4
17 MAR 2023,72.6,72.9,71.6,72.4,64,46453,3357679.5
16 MAR 2023,71,73,71,72.1,170,119056,8595644.7
15 MAR 2023,70.1,71,69.5,70.2,73,27405,1920701.9
14 MAR 2023,70,71,69.8,69.9,67,21254,1488706.6
13 MAR 2023,71.5,71.5,69.9,69.9,109,39517,2766127.4
10 MAR 2023,72,72,70,70.2,100,90260,6333015.9
9 MAR 2023,70,72.9,70,71.8,69,14830,1041781.8
8 MAR 2023,70,73,69.2,69.6,154,53032,3714071.5
7 MAR 2023,73.9,74,70,70.9,214,60458,4322427
3 MAR 2023,73.3,74.5,73.3,74,37,12462,921338
2 MAR 2023,74.4,74.5,72.4,73.7,35,2565,187481.8
1 MAR 2023,74.4,74.5,72.2,73.5,42,17725,1307502.5
28 FEB 2023,73.4,73.9,72.1,73.9,52,7697,560141.5
27 FEB 2023,74,74,72.2,73.4,54,4632,337189.9
24 FEB 2023,74.7,74.7,72.8,73.7,15,5776,425803.8
23 FEB 2023,74.6,74.9,72,72.2,75,34057,2464799.4
22 FEB 2023,73,75,72,74.6,71,3036,223423
21 FEB 2023,74,74.8,72,72.1,86,27730,2022452.8
20 FEB 2023,75.4,75.4,73.6,74,49,6186,461009.4
17 FEB 2023,75,78,73,73.6,108,6216,467413.1
16 FEB 2023,72,74.3,72,74,111,3924,289251.6
15 FEB 2023,71.9,74.4,71,71.2,49,19015,1357037.7
14 FEB 2023,75.2,76.5,70,70.8,171,143442,10227789.6
13 FEB 2023,77.5,77.7,74,74.3,184,158580,11868963.8
10 FEB 2023,78.9,78.9,76.6,76.8,56,55172,4242323.7
9 FEB 2023,78.9,79,76.1,77.3,82,10426,807502
8 FEB 2023,78,79.7,78,78.4,35,9378,737790.4
7 FEB 2023,78.8,79.9,78,78.7,47,6989,550531.3
6 FEB 2023,78.2,80.5,78.2,78.9,38,9732,769236
3 FEB 2023,80,82.5,78,78.3,171,75195,5929408
2 FEB 2023,80,82.5,80,80.5,31,14044,1146425.3
1 FEB 2023,80,80,79,79.7,20,1957,156106.8
31 JAN 2023,78.9,79.5,78.6,79,35,65216,5153444.5
30 JAN 2023,78.8,79.5,78.6,79.4,33,20500,1619805.5
27 JAN 2023,79.3,80,78.5,79.4,59,26099,2062189.3
26 JAN 2023,82.4,82.4,79.2,80,40,16778,1337149.1
25 JAN 2023,82.9,82.9,80.9,81.3,46,10420,847065.1
24 JAN 2023,83,83,80,81.2,48,11137,910363.7
23 JAN 2023,81.9,83.5,81.7,82.9,69,42179,3487840.1
20 JAN 2023,76,81.9,75,80.4,81,71900,5735784.1
19 JAN 2023,77,79.3,76.7,78,46,21628,1683579.3
18 JAN 2023,78.5,78.5,74,76.5,133,46281,3451589.7
17 JAN 2023,79.5,79.5,77.1,78.3,38,8595,672520.2
13 JAN 2023,78.6,79.8,78.2,79.1,16,5805,459405.1
12 JAN 2023,79.8,79.8,78.3,78.4,16,1576,125051
11 JAN 2023,79.6,79.6,78.2,79,53,10915,859010.2
10 JAN 2023,80,82.9,79.8,80.2,102,46881,3761231.2
9 JAN 2023,81.5,81.8,79.9,80.2,76,10656,857046.3
5 JAN 2023,81.2,81.8,80,80.8,65,14661,1184862.4
4 JAN 2023,82,82,81.3,81.5,29,11429,931469.1
3 JAN 2023,81.4,84.5,81.1,81.7,84,42929,3496149.2
2 JAN 2023,83.9,84.7,81,81.4,80,44479,3662066.7
30 DEC 2022,80.6,83.9,80.6,81.7,100,17903,1478480.6
29 DEC 2022,81,81,77.5,79.3,20,3844,304933.7
28 DEC 2022,79.3,81.9,79.1,79.8,32,5571,445220.9
27 DEC 2022,76.5,80.4,76.5,79.9,66,22415,1788852.2
23 DEC 2022,75.2,77,74.3,76.5,54,33424,2495394.1
22 DEC 2022,79,79,76.5,76.8,48,10833,833979.5
21 DEC 2022,77,81.5,77,77.9,51,9560,744694
20 DEC 2022,80.8,83,76.4,76.9,63,36027,2791788.2
19 DEC 2022,82.1,86,76.4,81.7,84,27946,2259077.6
16 DEC 2022,82.5,84.4,82,82.1,18,2426,199557.4
15 DEC 2022,82.5,86,82.5,83.8,59,32914,2743068.5
14 DEC 2022,85,85,82.5,83,29,18603,1544530
13 DEC 2022,84.8,85.8,82.6,83.1,92,48182,4053496.3
12 DEC 2022,85,85.5,82.1,82.9,58,19562,1648396
9 DEC 2022,85,88.3,83.6,84.2,38,4546,382742
8 DEC 2022,86.2,87.8,84.6,85.6,82,18283,1580183.1
6 DEC 2022,85,87,83,86.1,96,65555,5621455.7
5 DEC 2022,84,87.5,81.5,82.2,109,66914,5608639
2 DEC 2022,83.5,83.9,79.5,81,124,38249,3110055.3
1 DEC 2022,83.4,83.4,81.3,81.9,81,25053,2064252.7
30 NOV 2022,80,80,77.5,78.3,150,50216,3954558.3
29 NOV 2022,83.9,83.9,78.5,78.7,68,23071,1836609.5
28 NOV 2022,83,84,79,79.7,52,12654,1011518.4
25 NOV 2022,77.1,84,75,77.8,108,44065,3390769.8
24 NOV 2022,79.5,79.7,76.5,76.9,81,22607,1754692.7
23 NOV 2022,79.5,82.9,77.6,79.7,82,19715,1556117.5
22 NOV 2022,76,79.6,75,79.3,58,8865,696050.3
21 NOV 2022,74.5,74.5,71.2,71.5,103,46972,3425644.8
18 NOV 2022,78.1,78.1,70,72.3,152,66422,4739871.3
17 NOV 2022,83.5,83.8,78,78.1,82,20256,1615421
16 NOV 2022,85.4,85.4,75.1,79,115,25156,2027380.3
15 NOV 2022,89.9,93.5,83,83.9,70,27853,2360514.5
14 NOV 2022,88.4,88.4,86,87.6,34,34361,3021338.8
11 NOV 2022,87.3,94,84,88.4,113,36447,3284975.6
10 NOV 2022,82.5,85.5,80.6,81.8,76,28463,2336804.2
9 NOV 2022,83.8,88.8,81,81.9,115,32209,2660343.1
8 NOV 2022,90.9,90.9,83,83.8,158,51625,4388074
4 NOV 2022,90.2,92.3,89,90.3,82,24394,2199487.7
3 NOV 2022,98,98,90,91,158,51712,4745245.7
2 NOV 2022,100,100,93.6,94,218,173876,16646086
1 NOV 2022,96,97.2,94.1,94.4,75,49188,4679545.8
31 OCT 2022,94.1,96,94,94.2,78,13489,1277191.9
28 OCT 2022,96,97.5,94.1,95.5,33,7718,737584.5
27 OCT 2022,97.5,97.5,95.5,96.1,90,74225,7151889.1
26 OCT 2022,94,98,93.2,95.8,91,75610,7238306.8
25 OCT 2022,100,100,94,95.3,116,66505,6443720.7
21 OCT 2022,99,99,96.2,96.5,38,28424,2809409.3
20 OCT 2022,99,100,98,98.5,32,8791,873942
19 OCT 2022,100,102,98.5,100,115,90285,9029096.9
18 OCT 2022,100,103,98.1,99,65,23664,2353084.7
17 OCT 2022,101,105,99.5,100.5,88,40528,4078349.75
14 OCT 2022,102,103.5,100,101,105,72905,7414191
13 OCT 2022,95,102,95,101.25,247,152594,15340897
12 OCT 2022,97.7,98,94,97.7,166,123082,11970032.1
11 OCT 2022,104,104,96.2,97.7,165,45204,4492901.25
7 OCT 2022,105,110.75,103,105,94,72054,7666256.75
6 OCT 2022,108,112.75,104,109.25,132,146650,16087240.5
5 OCT 2022,103.25,109,103,106.5,161,78553,8317521.75
4 OCT 2022,110.25,110.25,101,103.25,283,206045,22025954
3 OCT 2022,115,116,111,112,137,163059,18297403
30 SEP 2022,114.25,115,112.5,112.75,87,128169,14450711
29 SEP 2022,112.5,115,112.25,114.5,98,65596,7446795.75
28 SEP 2022,115,117.5,112,113.5,135,90833,10341727
27 SEP 2022,115,115,110.5,112,81,35264,3953175.5
26 SEP 2022,115.75,117,111.5,112.25,136,59414,6732107.25
23 SEP 2022,117.5,117.75,111.5,112.75,194,140653,15919145.25
22 SEP 2022,115,118.75,113.75,115.75,171,88730,10259576.25
21 SEP 2022,113,114.75,112.5,113.25,148,72593,8233600.5
20 SEP 2022,114.25,115,110.5,111.75,206,114237,12899656.5
19 SEP 2022,116,116.75,114.25,114.75,161,151503,17427039.5
16 SEP 2022,120,121.75,108.5,117,220,102669,11971135
15 SEP 2022,121,122,116.5,117.5,240,96552,11479915.5
14 SEP 2022,120,123,118.75,121.25,266,218841,26570197
13 SEP 2022,121.25,123,117,119.75,216,142136,17027428
12 SEP 2022,121,124,116.25,121.25,407,417270,50174573.5
9 SEP 2022,120,122,116,118.25,279,159999,18982297.75
8 SEP 2022,122,123,118,119,404,362035,43583052.5
7 SEP 2022,119,121.75,117.25,119.75,370,758352,93148056
6 SEP 2022,114.75,118.75,108,117.75,564,549679,64109991.25
5 SEP 2022,115.5,115.5,109,114,207,208855,23690300
2 SEP 2022,110,116,108.25,114,460,524452,59633900.25
1 SEP 2022,105,113.75,105,110,485,836088,90683944.5
31 AUG 2022,105,109,101.75,104.5,325,208049,22055372.25
30 AUG 2022,101.5,110,100,105.5,573,430529,45914764.25
29 AUG 2022,100.5,103,98.8,102,279,177723,18071523.05
26 AUG 2022,97.5,103,95,100.75,258,168203,16868126.95
25 AUG 2022,105,105,96.7,100.5,288,207283,20907810.35
24 AUG 2022,103,107,100,104.75,423,362462,37674997.5
23 AUG 2022,96.5,104.75,96.5,102.5,750,790003,79874244.7
22 AUG 2022,96,97,93,95.3,271,270226,25735266.5
19 AUG 2022,92.9,94.5,92,93,286,266088,24772504.2
18 AUG 2022,84.2,92.9,84,89.3,169,157536,13974001
17 AUG 2022,85,86,83.7,84.2,182,169249,14261424.5
16 AUG 2022,90,90,85,86.1,206,85222,7398012.6
15 AUG 2022,92.6,94.2,89,89.7,261,151340,13678845.3
12 AUG 2022,94.9,95.8,90.2,92.6,293,132755,12328165.8
10 AUG 2022,91.8,94,89,91.6,199,110048,10050846.1
9 AUG 2022,92,94.2,90.5,92.4,309,148895,13805571.3
8 AUG 2022,86.5,91,83,88.8,350,161612,14292869.7
5 AUG 2022,88,90,86.1,86.5,260,112799,9858275.9
4 AUG 2022,95.2,95.2,86.2,90.9,410,212362,19186773.7
3 AUG 2022,99.8,102,93,95.2,561,397878,38033739.65
2 AUG 2022,101,104,97,99.2,375,252836,25323408.8
1 AUG 2022,99.5,105.75,99.5,101.5,664,572464,58432041.15
29 JUL 2022,95.1,98.1,94,97.6,476,340821,32970836.4
28 JUL 2022,87,93,86.8,92.1,518,337027,30536197.6
27 JUL 2022,85,86.5,84,85.7,220,160919,13807322.5
27 JUL 2022,85,86.5,84,85.7,220,160919,13807322.5
26 JUL 2022,82.4,84.7,82,83.1,147,188602,15657184.3
25 JUL 2022,83,85,82.1,82.7,75,11999,996379
22 JUL 2022,84.5,85,81.3,84.2,85,29784,2496313.4
21 JUL 2022,85,86,80.2,84.5,169,51087,4301660.4
20 JUL 2022,87,88.8,80,83.7,231,126996,10850316.2
19 JUL 2022,85.9,88.5,85.5,85.9,264,150868,13064583.5
18 JUL 2022,78,86.5,78,85.2,565,505226,42367506.1
15 JUL 2022,78,80,74.2,77.8,204,136876,10674918.7
14 JUL 2022,71.4,77.9,67.1,75.2,235,165507,12235368.3
12 JUL 2022,70.5,75,70.5,72.7,310,165107,12067345.7
11 JUL 2022,69,71.8,68.8,70.4,146,67909,4765714.5
8 JUL 2022,68,68,66,66.3,32,9523,641886.2
7 JUL 2022,64.6,68.9,64,65.9,58,51284,3376138
6 JUL 2022,67.1,69,64.1,65.8,86,105117,7008321
5 JUL 2022,66.6,69.9,65.9,68.4,164,106286,7179150.6
4 JUL 2022,66,69.4,66,67.1,95,30443,2038265.5
1 JUL 2022,60,66.8,60,65.2,89,43715,2769929.3
30 JUN 2022,62.5,63.5,61,61.2,37,12290,754748.9
29 JUN 2022,50,62.9,50,61.4,107,37704,2198373.8
28 JUN 2022,62,64.9,62,64,62,32249,2042794
27 JUN 2022,65,65.6,62.3,64.9,59,34998,2257839.1
24 JUN 2022,67.5,68,66,66.9,58,34997,2342460.1
23 JUN 2022,68.5,68.5,64,65.4,43,30306,1956519.9
22 JUN 2022,66,69,66,66.2,51,45318,3046251
21 JUN 2022,63,66.1,63,65.6,80,37765,2475568.8
20 JUN 2022,60,64.7,58.1,63.8,82,55734,3515132.2
17 JUN 2022,65.3,67,62,62.4,110,78938,4964198.8
16 JUN 2022,67.5,68.4,66,66.3,65,43093,2871923.6
15 JUN 2022,69,69,65.9,67.3,71,39924,2668701
13 JUN 2022,70.5,70.5,67.8,69.5,27,5717,390545.1
10 JUN 2022,70.2,71,68.1,69.9,68,41884,2911392.1
9 JUN 2022,68.5,72.2,68.5,70.4,103,69596,4906745.7
8 JUN 2022,64.2,68.8,64.2,67.6,114,109031,7365159.6
7 JUN 2022,66.2,67.9,60,64.2,128,107523,6662445.9
6 JUN 2022,68.5,68.9,64,66.2,118,56849,3741067.7
3 JUN 2022,66.4,68.9,65.1,67,52,38648,2575647.8
2 JUN 2022,64.5,71,64.5,66.4,131,113181,7578891.6
1 JUN 2022,64.1,65,62.2,63.9,47,16623,1060559.1
31 MAY 2022,67,67.4,61,64.2,138,117074,7433783.3
30 MAY 2022,69.9,69.9,67,67.5,45,7165,484000.1
27 MAY 2022,70.1,70.8,68,68.5,111,67279,4634255.3
26 MAY 2022,72,72.9,68,70.1,92,53148,3700010.3
25 MAY 2022,71,74,70,71.4,72,47666,3422820.8
24 MAY 2022,73,74.7,69.2,71,124,71147,5045027.9
23 MAY 2022,72,74.9,70,72.4,167,88464,6437734.5
20 MAY 2022,66.9,71,66.1,69,106,96055,6635155.4
19 MAY 2022,67.9,72,64.1,66,148,126742,8519548.7
18 MAY 2022,67,79.9,64,67.9,400,343908,24169460.8
17 MAY 2022,60,69,59.5,66.3,337,460618,29140851.6
13 MAY 2022,62.9,64.8,57,58.1,315,245114,14548440.9
12 MAY 2022,48.5,69,48.5,58.2,386,439968,25014574.7
9 MAY 2022,45.2,46.8,44.6,46.1,63,72653,3302974.6
6 MAY 2022,42.5,46.9,42.5,45.7,34,9875,433599.5
5 MAY 2022,47,47,46.5,46.7,40,24240,1131574.9
4 MAY 2022,47.2,48.9,45,46.7,55,44597,2079790.7
29 APR 2022,48,49,45,47.2,173,116063,5539505.5
28 APR 2022,45,48,40.1,46.3,218,175918,8056893
27 APR 2022,28.9,44,28.9,41.8,216,316743,11052253.5
26 APR 2022,36,36,30,30.9,54,64280,1996987.4
25 APR 2022,41.1,41.1,36,39.8,29,3276,130258.6
8 APR 2022,48.6,49.9,45,45.6,78,30490,1393945.3
7 APR 2022,51,52.9,47,48.9,73,47140,2327236
6 APR 2022,50.7,52.9,50,50.8,67,11323,574580.4
5 APR 2022,54.4,54.4,48,49.7,220,129098,6440333.3
4 APR 2022,44.4,54,41.1,46.9,131,57812,2684718.3
1 APR 2022,44.2,51,43.8,44.4,50,20361,905881.2
31 MAR 2022,60,66.5,58,58.3,103,95474,5585832.4
30 MAR 2022,64,66,57.5,60.5,141,70366,4230519.1
29 MAR 2022,66.5,69.8,63.5,64.4,80,25832,1704079.3
28 MAR 2022,68.1,69,65.2,66.3,104,42772,2892255.6
25 MAR 2022,70,71.7,68.9,69.2,76,33626,2347070.2
24 MAR 2022,69,71.8,68,70,13,1903,132222.7
23 MAR 2022,70.7,72.1,70.4,71.5,32,24316,1721146.4
22 MAR 2022,72,72.9,70.3,70.7,46,16430,1184024.4
21 MAR 2022,69.5,71.8,69.5,70.5,38,25792,1807902.3
18 MAR 2022,70,71.8,67,69.2,52,10955,757067
16 MAR 2022,69.1,69.1,66,67.5,125,113352,7587291.9
15 MAR 2022,70.2,73,68.1,69.1,91,55314,3832472.5
14 MAR 2022,74.9,74.9,69.4,70.1,100,44920,3271408.6
11 MAR 2022,73.9,78,69,70.5,173,173618,12628405.4
10 MAR 2022,67,73.9,67,73.1,148,141451,10162336.1
9 MAR 2022,71,71,65.5,67.7,96,48081,3300196.3
8 MAR 2022,75,75,66.9,69,184,116215,8260661.9
7 MAR 2022,82,82,69.9,70.5,294,157394,11374614
4 MAR 2022,78,83,75,78.8,114,57653,4559597.8
3 MAR 2022,84.8,84.8,78,79,131,49644,3970061.1
2 MAR 2022,85,87.5,74.3,84.8,445,246037,20434118.1
28 FEB 2022,74,89,72.5,84.3,475,225980,18188610.6
25 FEB 2022,70,74,67.8,72.9,225,126036,9005558.5
24 FEB 2022,71.5,74.7,66,66.8,269,164559,11546443.1
23 FEB 2022,75,75,65.2,70.4,392,177727,12495928.9
22 FEB 2022,71.5,77,71.5,75.1,312,333835,25135264.9
21 FEB 2022,80,80,70.5,71.4,265,134125,9734858.7
18 FEB 2022,85,85,80,80.5,178,76423,6266218.2
17 FEB 2022,86.2,89.9,83.5,84.5,148,55733,4737775
15 FEB 2022,89.1,90.8,86.1,86.5,107,24620,2154327.1
14 FEB 2022,93.9,93.9,88,89,131,44278,3999997.1
11 FEB 2022,90.5,94,88,92.4,221,98611,8910993.7
10 FEB 2022,85.6,90.5,82,88,306,162127,14057214.1
9 FEB 2022,87,90.3,84.8,85.4,332,337526,29661376.9
8 FEB 2022,91.8,91.8,85,85.5,417,248123,21885015.3
7 FEB 2022,98.9,98.9,91.6,92,341,159275,15111855.1
3 FEB 2022,97.4,100,91.8,94.8,501,292269,27981155.5
2 FEB 2022,109.75,109.75,96,101,349,152211,15554868.7
1 FEB 2022,114,114,105,107,328,146540,15747080
31 JAN 2022,110,114,108,112.5,337,279827,31159398.25
28 JAN 2022,114.75,115,105,110.5,511,439339,48032844.75
27 JAN 2022,113,118.75,107,112.5,541,347836,39339915
26 JAN 2022,116,119.25,112.75,116,506,566659,65496473.75
25 JAN 2022,120,124,114,115.75,1794,1691452,201524389.25
24 JAN 2022,103,118.75,100,115.75,2151,2634210,285276066
21 JAN 2022,91.5,98.7,89.5,97.3,744,852361,82115421.7
20 JAN 2022,92,92,88.6,89.1,206,247959,22237292.9
19 JAN 2022,92,93,90.1,90.9,156,147434,13422654.3
18 JAN 2022,94,95,90,92.8,215,118170,10952769.7
13 JAN 2022,100,100.5,91.2,92.6,292,168378,15999362.2
12 JAN 2022,92.9,107,88,98.9,649,1025927,99808327.6
11 JAN 2022,90,94,85.9,90.7,245,404162,35953427.3
10 JAN 2022,95,95,90,90.5,208,194940,17802931.4
7 JAN 2022,93.5,95.6,92.5,93.1,247,369474,34905840.9
6 JAN 2022,93,94.4,90.7,93,261,613856,56983495.2
5 JAN 2022,93,95,92,92.9,302,600874,56052949.7
4 JAN 2022,90,93,89,92.6,229,342842,31394551.2
3 JAN 2022,89,91.8,88,88.9,248,260728,23192668.7
31 DEC 2021,88.6,89.9,86.5,87.9,387,313897,27609467.9
30 DEC 2021,88.1,92,87.5,88.6,513,305379,27329601.6
29 DEC 2021,84.2,94.8,84.2,90.8,1462,1734063,156412611.4
28 DEC 2021,82,83.9,82,82.5,270,413361,34175378.4
27 DEC 2021,78.1,87.3,78.1,81,541,699851,58024218.8
24 DEC 2021,75.3,77.9,75.2,76.7,95,155304,11865072.3
23 DEC 2021,73.4,75.5,73,73.9,116,151095,11269877.4
22 DEC 2021,75.5,75.5,71.5,73.5,79,29529,2171629.7
21 DEC 2021,71.8,73.9,70.2,73,117,98329,7058463.8
20 DEC 2021,76,76,72,72.4,92,73064,5337144.7
17 DEC 2021,74.8,76,70.7,74.9,185,167708,12456923.3
16 DEC 2021,75.1,75.1,72.9,73.1,159,158098,11590984.4
15 DEC 2021,76.9,77,73.5,74.4,197,133107,9934957.4
14 DEC 2021,77.8,78.5,73.1,75.7,214,216071,16339131.7
13 DEC 2021,80.1,80.9,77.5,77.7,259,323849,25489185.2
10 DEC 2021,79,79.9,76.6,77.9,142,185940,14517834.2
9 DEC 2021,81,81,77.5,77.9,118,267802,21105573.4
8 DEC 2021,80.1,82,76,78.3,316,310078,24684984.8
7 DEC 2021,78,79.8,77.2,78.1,391,652407,51297953.6
6 DEC 2021,71,78,70.2,75.3,273,406348,30467369.1
3 DEC 2021,70.8,74,70,71.8,126,117349,8358092.1
2 DEC 2021,72,74.9,70,70.7,222,404996,28926411.8
1 DEC 2021,74.9,79,71,74.9,416,1511271,110681617.9
30 NOV 2021,69.1,76,69.1,73.1,772,1468026,106217259.6
29 NOV 2021,65.7,75,60.1,67.4,639,813231,54031313.2
26 NOV 2021,61.1,61.5,58.4,60.8,192,365917,22084832.1
25 NOV 2021,64.1,64.1,59.7,60.8,397,848177,52436085
24 NOV 2021,54,63,53.1,59.7,704,1978144,116460845.9
23 NOV 2021,54.1,55,53.9,54.1,73,77276,4199873
22 NOV 2021,55,55,54,54,26,13837,753015.9
19 NOV 2021,55,56,52.2,53.9,103,74226,3989432.1
17 NOV 2021,56,56.5,54.1,55.2,61,65809,3646970.4
16 NOV 2021,55,57.9,55,55.8,250,384880,21614376.1
15 NOV 2021,51.9,57.9,51,54.1,455,598622,32659597.7
12 NOV 2021,49.4,50.8,49.4,50.1,123,197755,9873307
11 NOV 2021,47.5,49.3,47.4,47.9,96,926926,44414338.8
10 NOV 2021,47,47.8,45,47,26,14912,699081.9
9 NOV 2021,48.9,49,47,47.4,67,32799,1570307.4
8 NOV 2021,49.5,50,48,48.6,115,138068,6746198.8
5 NOV 2021,48,50.4,48,48.1,337,397656,19552046
3 NOV 2021,46.9,48,46,47.5,105,114204,5422568.9
2 NOV 2021,46.4,46.5,45,46.1,81,85484,3945679.8
1 NOV 2021,46,48.4,45.5,46.3,241,147555,6973928.5
29 OCT 2021,46,48.3,44.1,46.9,119,91260,4283375.6
28 OCT 2021,43.4,48.1,43,45.5,236,123189,5680143.3
27 OCT 2021,43.6,44,43,43.4,32,14484,628536.4
26 OCT 2021,44.6,44.7,44,44.1,43,21057,930270.1
25 OCT 2021,44,44.8,44,44.3,21,6031,266305.5
22 OCT 2021,43.8,44.9,43.8,44.2,95,39761,1755280.7
21 OCT 2021,43.9,44,42.5,42.9,55,22174,954983.1
18 OCT 2021,43.2,44,42.8,43.2,25,5815,250240.1
15 OCT 2021,44.2,45,43.1,44,29,16115,708903.4
14 OCT 2021,43.4,44.4,42.7,43.4,74,69601,3023904.3
13 OCT 2021,43,43.5,42.5,42.7,12,15403,662568
12 OCT 2021,43,43,42.5,42.7,14,17742,757914
11 OCT 2021,43.5,43.9,43,43,23,22403,974617.8
8 OCT 2021,43.4,43.4,43.3,43.4,9,680,29510.5
7 OCT 2021,43,43.4,42.7,43,17,2146,92266.9
6 OCT 2021,43.1,43.4,43,43.3,16,7690,332552.5
5 OCT 2021,43.3,43.3,43,43,26,10445,449177.9
4 OCT 2021,43.5,43.5,43,43.3,21,9110,392611.4
1 OCT 2021,44,44.4,43.8,43.9,42,26540,1164511.5
30 SEP 2021,44,44.1,43.1,43.1,12,2750,119985.9
29 SEP 2021,44,44.1,44,44,13,23334,1026713.2
28 SEP 2021,43.8,44.5,43.6,44,45,38486,1693011.5
27 SEP 2021,43,44,43,43.9,46,87628,3807385.5
24 SEP 2021,43,43,43,43,6,5250,225750
23 SEP 2021,41.5,43.9,41.5,43.3,32,14615,629918.1
22 SEP 2021,42.8,42.8,41.5,41.7,18,3543,147717.9
21 SEP 2021,43,43,41.9,42.9,6,1095,47049
17 SEP 2021,42,42,42,42,5,1775,74550
16 SEP 2021,42.1,42.1,42,42,19,7081,297527
15 SEP 2021,43.4,43.4,42,42.2,12,5302,224046.8
14 SEP 2021,41.9,42.2,41.1,41.8,18,6561,274384.9
13 SEP 2021,42.2,42.2,41.8,41.9,21,4816,202513.9
10 SEP 2021,42.5,43.9,41.8,41.9,34,12739,536146.4
9 SEP 2021,40.9,42.9,40.9,42,38,28027,1177572
8 SEP 2021,42.3,42.5,40,41.5,46,46141,1873426.5
7 SEP 2021,42.6,42.7,42.4,42.4,28,6218,264089
6 SEP 2021,44.2,44.2,42.6,42.8,48,20962,899008.6
3 SEP 2021,43.4,44.2,42.9,43,38,21206,912908.7
2 SEP 2021,44,44,43.4,43.7,33,7398,323056.9
1 SEP 2021,44.4,44.4,43.3,44,13,6288,276052
31 AUG 2021,43.1,44.1,42.5,43.9,42,58991,2581863
30 AUG 2021,43.5,44.2,43,43.5,60,34272,1497363.2
27 AUG 2021,43.2,44,43.1,43.5,32,19777,860038.4
26 AUG 2021,44.2,44.4,43.2,43.8,45,29348,1285603.2
25 AUG 2021,43.6,44.4,43.2,43.8,37,28349,1242228
24 AUG 2021,44.3,44.3,43.2,43.7,44,9737,423634.2
23 AUG 2021,42.7,44.5,42.6,43.9,120,222289,9597245.7
20 AUG 2021,42.1,42.3,41.8,41.9,33,10116,424873.7
19 AUG 2021,42.2,42.5,42.1,42.1,9,2372,99932.9
18 AUG 2021,42,43.5,42,42.9,17,18184,779430.8
17 AUG 2021,41.1,42.7,41.1,42,13,3479,146171.8
16 AUG 2021,42.1,42.1,42,42,9,7101,298432.1
13 AUG 2021,42.3,42.3,42,42,27,12131,510201.2
12 AUG 2021,42.8,43.8,41.9,42,35,53707,2284993.2
11 AUG 2021,42.6,44,42.3,42.8,53,61363,2643429.3
10 AUG 2021,43,43.6,42.5,42.5,29,14109,602907
9 AUG 2021,44.8,44.9,42.5,43.4,103,108119,4705429.9
6 AUG 2021,42,43.5,41.6,42.3,34,18187,759326.1
5 AUG 2021,42.5,43,42,42,53,63637,2704897
4 AUG 2021,43.5,43.5,42.5,43,36,41027,1759987.2
3 AUG 2021,43.2,43.5,42.7,43,37,11588,499410.8
2 AUG 2021,44.3,44.3,43.2,43.5,30,7196,313326.9
30 JUL 2021,43.7,44.4,43.6,44.3,53,35442,1556896.6
29 JUL 2021,43.7,43.9,43.6,43.7,57,21297,931735.2
28 JUL 2021,43.2,43.6,43,43.5,33,11809,512458.1
27 JUL 2021,42.5,43.4,42.5,43.1,43,46175,1985118
26 JUL 2021,41.8,43.2,41.8,43,65,75469,3235759.2
22 JUL 2021,42,42.3,41.9,42,18,2620,110114.5
20 JUL 2021,43,43,41.9,42.2,24,11977,505077.7
19 JUL 2021,43.2,43.2,41.7,42,49,18186,765227
16 JUL 2021,41,44.4,41,43.1,269,161938,7015769.7
15 JUL 2021,41,41,40.8,40.9,13,5907,242116.3
14 JUL 2021,39.9,41,39.7,41,45,75370,3031866.1
13 JUL 2021,40.2,40.2,39.7,40,26,8252,329876.6
12 JUL 2021,39.1,40.5,39,39.5,49,66132,2639130.5
9 JUL 2021,39.5,39.9,39,39.1,53,24810,971283.4
8 JUL 2021,40.4,40.4,39.9,39.9,4,1000,40150
7 JUL 2021,40.2,40.2,39.3,39.6,65,24929,987137
6 JUL 2021,40.7,40.7,40.4,40.4,9,1049,42386.3
5 JUL 2021,40.5,41,40.4,40.7,26,5336,217008.7
2 JUL 2021,39.9,40.3,39.8,40,12,3294,131744.1
1 JUL 2021,40,40.6,39.6,40,10,1218,48731.2
30 JUN 2021,39.8,40,39.7,40,25,4483,178746.9
29 JUN 2021,40.5,40.5,39.6,39.8,48,9978,398855.5
28 JUN 2021,41,41,39.8,40.2,79,16201,651317.7
25 JUN 2021,41.5,41.6,41,41.1,34,14826,611093.4
23 JUN 2021,41.3,41.5,41.3,41.3,14,9028,373154.4
22 JUN 2021,41.3,41.6,41.1,41.4,15,1515,62537
21 JUN 2021,43,43,41,41.1,53,17244,711251.1
18 JUN 2021,42,42.1,41.6,41.6,27,46754,1955668.5
17 JUN 2021,42,42,41.3,41.5,16,3238,134481.9
16 JUN 2021,42,42,41.5,41.7,20,5233,218749.9
15 JUN 2021,42,42,41.5,41.6,25,7453,310445.8
14 JUN 2021,41.5,42,41.4,42,23,11050,461707
11 JUN 2021,41.9,41.9,41.2,41.4,20,5750,238253.4
10 JUN 2021,41.7,41.9,41.2,41.9,19,9180,380277.5
9 JUN 2021,41.1,42,41.1,41.3,16,3411,141400.6
8 JUN 2021,41.2,41.5,41.1,41.3,22,23147,955859.5
7 JUN 2021,41.5,41.5,40.8,41.2,12,2203,90962.6
4 JUN 2021,40.9,41,40.8,40.9,17,2081,85250.3
3 JUN 2021,41.2,41.4,40.8,41.2,23,5352,219898.9
2 JUN 2021,41.5,42,40.9,41,18,16425,685182.5
1 JUN 2021,40.5,41.4,40,40.3,39,13657,551372
31 MAY 2021,41,41,40,40.2,25,7065,285924.8
28 MAY 2021,40.7,40.7,40.5,40.5,9,690,27984.2
25 MAY 2021,40,41.2,39.6,40.8,11,5451,217399.4
24 MAY 2021,40.1,40.2,39.5,39.9,18,3524,140702.5
21 MAY 2021,41.3,41.3,39.3,39.7,37,36134,1446866.5
20 MAY 2021,41.5,41.5,40.4,41.2,15,26872,1105637.2
19 MAY 2021,40.8,40.9,40.1,40.3,31,8704,350654.7
18 MAY 2021,41.4,41.4,40.1,41,38,23649,965997.8
17 MAY 2021,40.9,41.9,40.9,41.2,66,31586,1299104.7
13 MAY 2021,39,41,39,41,106,54665,2181253.5
12 MAY 2021,38.4,38.4,37.5,38.4,8,350,13260
11 MAY 2021,37.2,38.5,37,38,24,3580,135440.8
10 MAY 2021,38,38.5,37.2,37.8,19,4624,174767.1
7 MAY 2021,38,38.8,37.9,38,18,7727,293537.2
6 MAY 2021,37.1,37.5,37,37.2,19,3810,141519.3
5 MAY 2021,38,38,37.1,37.5,8,1750,65500
4 MAY 2021,37.5,37.5,37.2,37.2,4,1560,58093
3 MAY 2021,38,38,37,37.5,17,2389,90128.5
30 APR 2021,37.7,37.9,37.7,37.9,7,5044,191068.4
29 APR 2021,37,37.9,37,37.2,15,7852,291890.9
28 APR 2021,37.7,37.8,36.6,37.4,17,12066,446649.2
27 APR 2021,36,38,36,36.6,37,8486,311996
23 APR 2021,38,38,36.8,36.9,45,14215,526041.4
22 APR 2021,39.8,39.8,38,38.1,20,3513,134237.2
21 APR 2021,38.6,38.6,38.2,38.3,5,1478,56563.6
20 APR 2021,39.7,39.7,38.2,38.6,38,22521,867942.5
19 APR 2021,40,40,39.6,39.9,8,3700,147890
16 APR 2021,39.9,40,38.3,39.7,34,10124,400486.2
15 APR 2021,39.8,40,39.7,39.9,37,20187,805787.2
12 APR 2021,39.1,39.8,39,39.5,19,7972,313425.4
9 APR 2021,38.7,39.8,38.1,39.1,36,15758,608567.6
8 APR 2021,39,39.8,38.5,38.5,10,1555,59890.6
7 APR 2021,39.5,39.5,38,38.3,16,4160,159816.5
6 APR 2021,38,38.5,38,38.3,23,2531,96987
5 APR 2021,37.5,38.4,37.5,38.3,23,16837,640337.5
1 APR 2021,38.5,38.5,37.1,37.2,13,4102,152467.5
31 MAR 2021,37.9,38,36.9,37.5,11,2130,78891
30 MAR 2021,38,38,37.6,37.6,11,2268,85657.5
29 MAR 2021,37.9,38,37.8,38,10,19287,732760
26 MAR 2021,38.6,38.8,37.8,37.9,16,3500,133098
25 MAR 2021,37.6,38.4,37.6,37.9,18,8552,322307.4
24 MAR 2021,37.6,38,37,37.2,54,37607,1407217.8
23 MAR 2021,37.4,37.6,37,37.5,21,5347,199337.4
22 MAR 2021,38,38,37.4,37.4,14,2667,100124.2
19 MAR 2021,39,39.8,37.1,37.3,18,3821,142522.2
18 MAR 2021,39,40.6,36.7,39.7,32,13682,534368.2
17 MAR 2021,40.5,40.5,39,39.4,21,3689,146852.1
16 MAR 2021,41.8,42,40.7,41.7,27,8030,334469.5
15 MAR 2021,40.1,42.9,40,40.1,20,1817,72844.3
12 MAR 2021,42.9,42.9,40,40.1,22,8554,344993.3
10 MAR 2021,42.1,42.2,40.5,41.1,36,47432,1968116.1
9 MAR 2021,41.9,42.5,40,40.5,41,13037,532963.5
8 MAR 2021,38,41,37.8,40.9,41,16585,644929.6
5 MAR 2021,35.3,38,35.3,37.7,13,498,18314.8
4 MAR 2021,38.3,38.3,34,35.3,57,18959,686199.9
3 MAR 2021,39.8,39.8,38.1,38.4,24,33102,1273008.3
2 MAR 2021,40.9,40.9,38.3,39.6,15,1372,53078.4
1 MAR 2021,40,41,38.8,40,29,4102,162603.2
25 FEB 2021,39.5,40.8,38.5,40,18,5243,204603.5
24 FEB 2021,41,41,38,38.5,19,3473,136166.4
23 FEB 2021,40,40,36,38.1,74,22877,862529.7
22 FEB 2021,41.5,41.5,39,41,44,8687,348699.4
19 FEB 2021,42.1,42.4,40.2,41.1,65,8644,358412.2
18 FEB 2021,40.5,42,40.1,42,60,12218,499539.1
17 FEB 2021,41.5,42,39,41.4,69,35234,1429327.3
16 FEB 2021,45,45,40,41.5,80,23077,984518.2
10 FEB 2021,95,95,88,88.8,93,31070,2828062.3
9 FEB 2021,93.5,95,91.6,92,74,10793,995954.9
8 FEB 2021,96,98,94,95,176,73891,7097949.5
5 FEB 2021,93.6,94,91.6,92.9,58,19631,1833822.8
3 FEB 2021,89,93.7,88,93.3,78,38918,3595998.2
2 FEB 2021,94.9,94.9,88,88.7,83,30720,2786105.9
1 FEB 2021,93.7,94.6,93,94.2,136,35009,3283909.9
29 JAN 2021,92,94,85,89.5,76,55162,5017042
27 JAN 2021,93,95,92,92.6,131,52884,4898475.5
26 JAN 2021,97.9,97.9,93,93,76,34061,3175224
25 JAN 2021,93,95.2,91,94.1,140,123733,11535104.9
22 JAN 2021,100,102.5,90.1,92.6,245,111762,10529402.4
21 JAN 2021,83.6,105,83.6,94,445,279964,25876304.1
20 JAN 2021,83.8,83.8,81.5,82,34,15225,1249675.7
19 JAN 2021,84.5,84.5,82.1,82.2,60,23365,1944340.3
18 JAN 2021,83,89.4,83,84.5,74,28047,2389880.6
15 JAN 2021,82,85,81.1,84.5,121,67209,5606019
13 JAN 2021,80.4,82.5,80.2,80.5,37,22525,1811243.6
12 JAN 2021,80,82.5,79.5,80.4,48,29270,2356899
11 JAN 2021,79.6,83,79,79.5,33,39544,3129073.9
8 JAN 2021,80,80,79.5,79.5,11,6310,503533.8
7 JAN 2021,80,81,79.5,80,48,22084,1763780.2
6 JAN 2021,81.7,83,80,80.6,49,18819,1519523.9
5 JAN 2021,80,84.1,79.2,81.8,100,45623,3706514.5
4 JAN 2021,80,80,79,79.4,31,11652,924760
31 DEC 2020,79.6,79.7,79,79.1,52,21082,1672140.4
30 DEC 2020,81,81,79.6,79.8,31,13054,1049182.2
28 DEC 2020,81,81,79.6,80,24,5223,417543
24 DEC 2020,80.9,82,80,81,36,5577,451913.9
23 DEC 2020,79.1,80,79,79.7,17,3259,258612.1
22 DEC 2020,79.9,80,79,79.1,13,1869,148466.3
21 DEC 2020,80,80,79,79,10,11699,924232
18 DEC 2020,80,80,80,80,3,121,9680
17 DEC 2020,79,79.9,78.1,79.5,22,6766,535821
16 DEC 2020,79.3,80,79,79,13,3444,272972.5
15 DEC 2020,80,80.5,79.4,80,28,33526,2685284.6
14 DEC 2020,80.1,81.6,79.7,79.7,35,37827,3040680.3
11 DEC 2020,80.2,80.7,80.1,80.1,19,7058,565570.6
10 DEC 2020,81.5,81.5,79.7,80.1,45,83767,6702789.4
9 DEC 2020,78.6,82,78.6,80.1,49,8725,697488.6
8 DEC 2020,78,79.9,77.9,79.1,77,48787,3846745.9
7 DEC 2020,78.8,79.2,78.5,78.6,36,10044,789906.3
4 DEC 2020,80,80,78.5,78.8,51,21723,1719526.3
3 DEC 2020,80,80.9,78.5,79,30,17594,1382924.2
2 DEC 2020,81,81,78.5,79.5,42,20582,1623815.3
1 DEC 2020,81,81,79,79.5,79,24938,2010058.8
30 NOV 2020,79,80,78,78,9,987,77139
27 NOV 2020,78,80.8,78,79.3,21,2946,234125
26 NOV 2020,80,80,78,79.5,31,11500,899214.8
25 NOV 2020,81,81,77.9,78,49,14212,1109627.1
24 NOV 2020,79,82,78.4,78.6,52,7442,586140.7
23 NOV 2020,79.5,82.8,78.1,79.6,29,7388,588445.6
20 NOV 2020,80,80.6,79,80,19,2689,215059.2
19 NOV 2020,79,80,77.9,78.1,28,13315,1047539.8
18 NOV 2020,80,80,77.9,78.5,51,18806,1473091.3
17 NOV 2020,80,82,79,80.6,60,24749,1983286.5
16 NOV 2020,82,82,78.2,79,32,7195,571459.9
13 NOV 2020,82,82,79.9,80,69,13119,1049912.7
12 NOV 2020,82.3,82.3,80.6,81,31,5258,428049.4
11 NOV 2020,84.2,84.2,81.5,82.3,52,55111,4514563.9
10 NOV 2020,86.9,86.9,82,82.1,49,30143,2495364.4
9 NOV 2020,85,85,80.8,82.6,168,37929,3139042.1
6 NOV 2020,92,92,82.7,84.2,643,354928,30356358.5
5 NOV 2020,88.2,95,87.7,89.9,324,309133,28122194.6
4 NOV 2020,85.1,86,84,85,108,698485,59382289.9
3 NOV 2020,85,86.7,84,85.1,101,75850,6459561.6
2 NOV 2020,78.5,84.5,77.6,84,152,123624,10328009.4
29 OCT 2020,77,80.5,74.9,79.9,107,50576,4001372.5
28 OCT 2020,77.1,81,73,75.8,167,59193,4586172.3
27 OCT 2020,75.6,77,75.6,76,57,12063,916297.3
26 OCT 2020,75.7,76.8,72.4,75.6,104,29306,2209473.3
23 OCT 2020,79.9,79.9,75.3,77.2,70,32336,2486817.5
22 OCT 2020,74.9,79.8,73,77,160,78229,5908965.3
21 OCT 2020,84.5,84.5,73,73.8,416,150139,11528327
20 OCT 2020,83,88,81.5,82.5,915,593195,49724845.6
19 OCT 2020,71.4,80,70,78.8,1053,719730,54146420.9
16 OCT 2020,71,71,70,70,21,19382,1358477.8
15 OCT 2020,71,71,69.2,70,36,135190,9462710
14 OCT 2020,68.4,70,68.4,70,16,22860,1587400
13 OCT 2020,69.3,70.5,68,68.4,15,787,53994
12 OCT 2020,69.9,71.1,69.9,70,26,34588,2423562.2
9 OCT 2020,72,72,69.9,70,17,12096,847307.1
8 OCT 2020,69.8,71,69.8,70,27,38449,2691043.6
7 OCT 2020,66,69.4,66,66,11,7506,495414.9
6 OCT 2020,66,70.5,65,67,43,22280,1487950.5
5 OCT 2020,68.1,73,66,68.4,30,7760,534818
2 OCT 2020,72,73,72,72.6,72,69773,5063370.9
30 SEP 2020,71,71.9,70.6,71,22,19511,1384905.9
29 SEP 2020,71.5,71.5,70.5,70.9,18,5447,386225.6
28 SEP 2020,71.2,72,70.5,70.9,33,22038,1573811.8
25 SEP 2020,70.8,72,70,71.2,39,21531,1515587.9
24 SEP 2020,71,72,71,71,17,13398,952259.8
23 SEP 2020,72,72.4,70.8,71,14,5964,425078.7
22 SEP 2020,72.6,72.6,70.8,71,13,4552,325112.2
21 SEP 2020,71,72,71,71.2,12,205688,14604098
18 SEP 2020,71.5,72.8,70.5,72,18,9403,671002
17 SEP 2020,72,72,71,71.3,21,10730,765859.9
16 SEP 2020,73,73,71.7,72,44,33024,2385291.7
15 SEP 2020,72.5,73,72.1,72.5,39,36049,2610790.7
14 SEP 2020,73.5,73.5,71.5,72.1,43,30695,2239484.4
11 SEP 2020,72.5,72.5,71.4,72,81,305111,21818992.5
10 SEP 2020,71.9,73,71,71.2,99,121002,8764944.3
9 SEP 2020,71.2,71.5,70,71,143,412570,28948719.1
8 SEP 2020,70,71.2,70,70,70,88099,6167706.8
7 SEP 2020,69.1,70,69.1,70,12,3274,228988.6
4 SEP 2020,66.5,69,66.2,68.9,15,3547,239669.9
3 SEP 2020,69,69,69,69,6,233,16077
2 SEP 2020,68.8,68.9,68.8,68.9,2,108,7440.4
28 AUG 2020,66.6,66.6,66.6,66.6,2,500,33300
27 AUG 2020,67,69.6,66.6,67,7,860,57593
25 AUG 2020,69.6,69.9,69.6,69.7,3,400,27896.4
21 AUG 2020,68.7,69.8,68.7,68.9,3,250,17230
20 AUG 2020,65.6,65.6,65.6,65.6,5,575,37720
19 AUG 2020,66,66,65.5,65.6,16,6626,434702.6
18 AUG 2020,67.3,67.3,65.5,65.6,16,21790,1428859.6
17 AUG 2020,66.5,69.9,66.5,69.9,18,6717,453762.1
14 AUG 2020,68,68,68,68,4,561,38148
13 AUG 2020,70,70,70,69.1,1,50,3500
12 AUG 2020,69.9,69.9,69,69.1,7,7354,511521.4
11 AUG 2020,70.1,70.1,69.5,70,34,31941,2235898.5
10 AUG 2020,70,72.9,70,70.1,96,92475,6505479.4
7 AUG 2020,70,71,70,70,8,4810,336710
6 AUG 2020,70,70,70,70,5,795,55650
4 AUG 2020,70,70,70,70,2,200,14000
30 JUL 2020,70,70,70,70,2,25,1750
29 JUL 2020,70,70,69.5,70,5,94,6567
27 JUL 2020,70,70,70,70,3,45,3150
24 JUL 2020,70,70,70,70,2,40,2800
23 JUL 2020,71.9,71.9,70,70,20,5579,390644
22 JUL 2020,78,78,70,70.2,32,3512,256235.5
21 JUL 2020,77.9,78,77.9,77.9,4,141,10988.9
14 JUL 2020,72,72,72,70,2,20,1440
9 JUL 2020,70,70,70,70,3,23,1610
8 JUL 2020,70,70,70,70,6,205,14350
7 JUL 2020,70,70,70,70,6,1093,76510
6 JUL 2020,70,70,70,70,2,501,35070
3 JUL 2020,69.5,70,69.5,69.5,2,152,10565
2 JUL 2020,72,72,72,72,2,201,14472
29 JUN 2020,75,75,70,70.1,4,5016,351700
26 JUN 2020,70,70,69.9,69.9,2,379,26493.3
24 JUN 2020,70,70,70,70,3,302,21140
23 JUN 2020,71,71,71,71,2,5000,355000
22 JUN 2020,70,70,70,70,10,25348,1774360
19 JUN 2020,68.1,70,68.1,68.8,6,671,46106.4
18 JUN 2020,70,70,70,70,2,2648,185360
17 JUN 2020,71,71,70,70,5,287,20092.5
11 JUN 2020,73,73,72,72,7,633,45607.2
8 JUN 2020,73,73,73,73,1,200,14600
4 JUN 2020,75,75,75,75,2,200,15000
3 JUN 2020,75.9,75.9,75,75.4,7,700,52750
2 JUN 2020,75.8,75.8,75.8,83.6,2,92,6973.6
1 JUN 2020,75.8,75.8,75.8,83.6,1,1,75.8
29 MAY 2020,78,85,78,83.6,3,1000,83600
19 MAY 2020,84.9,85,84.9,85,2,100,8495
11 MAR 2020,79.9,80,79.9,80,2,250,19998
6 MAR 2020,79,79,79,79,1,100,7900
5 MAR 2020,82,82,75,77.7,4,610,47850
4 MAR 2020,75,81.9,75,78.3,4,205,16050
3 MAR 2020,77.9,78,77.9,78,2,1050,81895
2 MAR 2020,63.1,63.4,63.1,63.4,2,101,6403.1
28 FEB 2020,79.9,80,79.9,80,4,1373,109837.5
18 FEB 2020,70.2,70.2,70.2,80,1,14,982.8
17 FEB 2020,80,80,80,80,1,100,8000
14 FEB 2020,70.1,80,70.1,77.8,7,561,43490.9
13 FEB 2020,70.1,77.9,70.1,75.9,7,118,8958.2
12 FEB 2020,78,78,78,78,1,100,7800
11 FEB 2020,73,78,73,76.2,5,310,23629
30 JAN 2020,79,79,79,79,3,292,23068
29 JAN 2020,72.1,79,72.1,78.5,5,151,11672
28 JAN 2020,79.9,79.9,79.9,89,3,3,239.7
21 JAN 2020,80.5,80.5,80.5,89,1,90,7245
30 DEC 2019,80.2,80.2,80.2,89,1,1,80.2
27 DEC 2019,75.8,75.8,75.8,89,2,50,3790
18 DEC 2019,88.9,89,88.9,89,2,10,889.6
17 DEC 2019,82.9,89,82.9,89,4,5200,462775.6
4 DEC 2019,81.5,90,81.5,90,4,3111,257796.5
3 DEC 2019,81,81,81,81,1,183,14823
29 NOV 2019,80.5,80.5,80.5,80.5,1,100,8050
28 NOV 2019,81,81,80,83.4,2,27,2185
27 NOV 2019,81,83.8,81,83.4,6,15007,1251981
18 NOV 2019,89.4,90,89.3,90,7,3710,333743
15 NOV 2019,80,83,80,82.9,4,144,11942.3
14 NOV 2019,80,80,80,80,2,500,40000
6 NOV 2019,82.9,82.9,77,80.2,2,18,1403.7
5 NOV 2019,76,81,76,80.2,15,1910,153171
31 OCT 2019,81,81,81,81,1,500,40500
30 OCT 2019,77,80,75.3,77.9,8,244,19047
21 OCT 2019,75,75,75,81,2,48,3600
17 OCT 2019,79.9,81,79.9,81,3,400,32396.7
16 OCT 2019,79.7,81,74,80.1,6,153,12248.6
15 OCT 2019,75,75,73,73.4,5,100,7339
8 OCT 2019,81,81,80,81,6,2100,170000
12 SEP 2019,79,81,79,81,3,1709,136021
10 SEP 2019,80,80,80,80,6,297,23760
9 SEP 2019,79,79,79,79,2,700,55300
4 SEP 2019,79,79,77,77,2,501,38579
3 SEP 2019,79.4,79.4,78.5,78.8,5,188,14844
2 SEP 2019,73.1,75.5,73.1,73.1,4,100,7313.5
30 AUG 2019,76,76,76,80.5,3,50,3800
27 AUG 2019,79.7,80.7,79.7,80.5,4,100,8048
23 AUG 2019,78.7,78.7,78.7,80.7,1,20,1574
20 AUG 2019,80.7,80.7,80.7,80.7,6,300,24210
19 AUG 2019,76.6,76.6,76.5,76.5,6,2000,153001
13 AUG 2019,78,78,78,82.9,1,13,1014
6 AUG 2019,75.5,83,75.4,82.9,11,767,60596.9
29 JUL 2019,84.8,84.8,84.8,84.8,1,250,21200
26 JUL 2019,81.5,85,81.5,82.2,10,1001,82120.5
25 JUL 2019,81.4,81.5,81.4,81.5,2,600,48890
24 JUL 2019,76.7,80,76.7,80,12,1726,133859.3
23 JUL 2019,75.8,76.7,75.8,76.2,5,600,45745.9
19 JUL 2019,76.3,76.3,76.3,76.7,1,1,76.3
18 JUL 2019,76.7,76.7,76.7,76.7,1,200,15340
17 JUL 2019,74.8,74.8,74.8,74.8,1,262,19597.6
11 JUL 2019,72.3,75,72,72.2,6,3567,257646.7
10 JUL 2019,72.5,72.5,72.5,72.5,11,2200,159500
9 JUL 2019,75,75,75,75,1,200,15000
8 JUL 2019,72.6,72.6,72.4,72.4,11,2394,173470
5 JUL 2019,72.6,72.6,72.4,72.4,3,2650,191880
4 JUL 2019,77.1,77.1,77.1,78.9,1,1,77.1
2 JUL 2019,74.9,78.9,72.2,78.9,15,16080,1161712.4
1 JUL 2019,75.1,75.1,75,75,4,120,9005
28 JUN 2019,75,85,75,81.4,8,972,75920.6
27 JUN 2019,79,79.5,79,79.4,4,422,33478
26 JUN 2019,79.2,79.2,79.2,75.7,1,25,1980
24 JUN 2019,75.6,75.6,75.6,75.7,1,2,151.2
21 JUN 2019,78,78,75.5,75.7,7,115,8718.4
20 JUN 2019,78,78,78,78,8,493,38454
12 JUN 2019,80,86,80,81.4,4,1244,101288.6
11 JUN 2019,79.7,80,79.7,79.9,5,200,15981
10 JUN 2019,75.1,80,75,76.3,22,5070,385526.1
31 MAY 2019,88,88,88,88,2,300,26400
30 MAY 2019,72.5,84.7,72,84.6,19,493,38205.9
24 MAY 2019,90,90,90,90,1,100,9000
17 MAY 2019,82,82,82,82,4,310,25420
16 MAY 2019,75,89.9,75,78,13,1218,94479
15 MAY 2019,81.8,82,81.8,82,4,200,16395
14 MAY 2019,70.6,82,70.6,74,10,153,11292.7
13 MAY 2019,70.3,72,70.2,90,6,93,6549.5
6 MAY 2019,70,70,68.3,90,2,4,274.9
24 APR 2019,80,80,75.3,90,8,36,2875.3
4 APR 2019,90,90.1,90,90,9,130,11700.2
2 APR 2019,90,90,90,94,1,25,2250
1 APR 2019,91,94,91,94,6,570,52228
28 MAR 2019,91,91,91,93,1,10,910
22 MAR 2019,93,93,93,93,1,120,11160
21 MAR 2019,70.9,93,69.8,90.5,14,533,46206.2
18 MAR 2019,93,69.8,69.8,93,1,1,69.8
15 MAR 2019,93,89.8,89.8,93,1,10,898
12 MAR 2019,93,90,90,93,1,10,900
11 MAR 2019,93,80,80,93,1,50,4000
7 MAR 2019,93,84,84,93,1,19,1596
6 MAR 2019,93,84,84,93,1,11,924
5 MAR 2019,93,87.9,87.8,93,2,10,878.7
26 FEB 2019,93,87.9,70.3,93,4,8,685.6
25 FEB 2019,93,69.8,69.8,93,2,9,628.2
8 FEB 2019,93,84.9,84.9,93,1,10,849
6 FEB 2019,93,80,80,93,1,10,800
30 JAN 2019,93,91,91,93,1,1,91
29 JAN 2019,93,80,80,93,1,10,800
24 JAN 2019,93,92.5,92.5,93,1,1,92.5
22 JAN 2019,93,93,89,93,2,100,9296
21 JAN 2019,86.9,90.1,86.7,86.9,4,1015,88221.6
9 JAN 2019,99.7,74.8,74.8,99.7,2,3,224.4
31 DEC 2018,99.7,99.9,80.2,99.7,2,100,9970.3
26 NOV 2018,80.2,60.5,60.5,80.2,1,1,60.5
21 NOV 2018,80.2,80,80,80.2,1,1,80
13 NOV 2018,80.2,81,81,80.2,1,1,81
9 NOV 2018,80.2,81.9,81.9,80.2,1,1,81.9
5 NOV 2018,80.2,89.5,89.5,80.2,2,2,179
2 NOV 2018,80.2,84.5,75,80.2,4,1095,87786
29 OCT 2018,75,75,75,75,1,100,7500
18 OCT 2018,80.9,80,80,80.9,1,1,80
12 OCT 2018,80.9,84.5,84.5,80.9,1,1,84.5
27 SEP 2018,84.8,84.8,84.8,80.9,1,1,84.8
6 SEP 2018,75,75,75,80.9,1,1,75
5 SEP 2018,64,80,64,80.9,3,3,214
29 AUG 2018,70,70,70,80.9,1,1,70
27 AUG 2018,79.9,81,79.9,80.9,3,332,26872.1
21 AUG 2018,70,70,70,78.5,2,50,3500
20 AUG 2018,71,71,71,78.5,1,9,639
15 AUG 2018,85.7,85.7,85.7,78.5,1,1,85.7
14 AUG 2018,81,81,60.9,78.5,2,2,141.9
9 AUG 2018,78.5,78.5,78.5,78.5,1,120,9420
7 AUG 2018,74.9,78.5,74.9,77.2,3,333,25699.4
6 AUG 2018,74.9,74.9,74.9,75,1,1,74.9
31 JUL 2018,75,75,75,75,1,500,37500
23 JUL 2018,74,74,74,74,2,2009,148666
19 JUL 2018,75,75,75,75,1,1,75
18 JUL 2018,75,75,75,75,1,120,9000
17 JUL 2018,75,75,75,80.8,1,10,750
6 JUL 2018,71.6,80.8,71.6,80.8,5,351,26964.8
4 JUL 2018,71.6,71.6,71.6,84.5,1,5,358
2 JUL 2018,72,72,72,84.5,1,10,720
29 JUN 2018,83.3,83.3,83.3,84.5,1,1,83.3
26 JUN 2018,71,71,71,84.5,1,1,71
25 JUN 2018,83.3,83.3,83.3,84.5,1,10,833
22 JUN 2018,70.2,83.4,70.2,84.5,3,3,224.1
20 JUN 2018,84.3,84.3,84.3,84.5,1,1,84.3
19 JUN 2018,84.5,84.5,84.5,84.5,1,100,8450
18 JUN 2018,76.1,83,75.4,79.6,16,800,63560.8
12 JUN 2018,82.9,82.9,82.9,83.7,1,1,82.9
11 JUN 2018,83.3,83.3,83.3,83.7,1,1,83.3
7 JUN 2018,72,72,72,83.7,1,1,72
6 JUN 2018,69.9,69.9,69.9,83.7,1,98,6850.2
31 MAY 2018,71,84,63,83.7,16,602,46251.8
30 MAY 2018,84.7,84.7,84.6,77,2,2,169.3
24 MAY 2018,76,76,71,77,2,2,147
21 MAY 2018,76.5,76.5,76.5,77,1,1,76.5
16 MAY 2018,77,77,77,77,1,15,1155
15 MAY 2018,74.3,77,74,77,8,726,55227.8
14 MAY 2018,78.2,78.2,77,79.5,4,29,2258.2
10 MAY 2018,80,80,78.3,79.5,9,245,19524.9
9 MAY 2018,80,80,80,84.5,1,2,160
8 MAY 2018,80,85,80,84.5,14,600,50262.7
3 MAY 2018,76.7,84.4,76.7,88.1,6,22,1729.7
2 MAY 2018,74,74,74,88.1,2,5,370
12 APR 2018,80,88.8,77,88.1,7,2392,193486.4
11 APR 2018,84.9,84.9,84.9,80,1,1,84.9
10 APR 2018,89,89,86.1,80,3,7,620.1
5 APR 2018,78.8,78.8,78.8,80,2,2,157.6
3 APR 2018,79,79,79,80,1,1,79
29 MAR 2018,62.1,62.1,62.1,80,1,1,62.1
20 MAR 2018,78,79.9,78,80,4,5,391.9
19 MAR 2018,78,78,78,80,4,4,312
16 MAR 2018,73.1,73.3,73.1,80,2,11,804.3
14 MAR 2018,80,80,80,80,7,2150,172000
13 MAR 2018,79.9,79.9,79.9,83.5,1,1,79.9
12 MAR 2018,72.4,72.4,72.4,83.5,1,1,72.4
9 MAR 2018,79.9,79.9,79.9,83.5,1,4,319.6
21 FEB 2018,72.1,83.5,72.1,83.5,4,300,23901
20 FEB 2018,71.3,71.3,71.3,80,1,3,213.9
15 FEB 2018,80,83.6,80,80,30,9504,768365.4
12 FEB 2018,80.1,80.1,80,80,2,500,40000.4
9 FEB 2018,90,100,90,90,13,3003,270289
2 FEB 2018,79.2,79.2,79.2,90,1,3,237.6
29 JAN 2018,85,90.4,77.5,90,12,5605,484406.7
24 JAN 2018,87,87,85,90.4,4,4,346
22 JAN 2018,71.2,71.2,71.2,90.4,1,1,71.2
9 JAN 2018,73.2,73.2,73.2,90.4,2,6,439.2
28 DEC 2017,90,95,89.8,90.4,11,582,52623.5
27 DEC 2017,80,85,80,83,4,5954,485320
20 DEC 2017,89.9,89.9,89.9,82,1,10,899
12 DEC 2017,70,82,70,82,4,1265,100523.5
5 DEC 2017,80,80,80,85,1,10,800
21 NOV 2017,85,85,85,85,1,1,85
17 NOV 2017,80,85,80,85,4,2783,228140
16 NOV 2017,88,94,88,84,3,10,907
14 NOV 2017,82.5,82.5,82.5,84,1,20,1650
13 NOV 2017,84,84,82.6,84,3,56,4629.8
8 NOV 2017,85,85,85,84,1,10,850
7 NOV 2017,81.2,84,81.2,84,6,501,41521.3
31 OCT 2017,85,87,85,85.2,7,1100,93696.4
27 OCT 2017,81.2,81.2,81.2,87,1,36,2923.2
26 OCT 2017,85,87,85,87,3,900,77500
25 OCT 2017,90,90,90,90,5,2838,255420
20 OCT 2017,90,90,90,90,1,500,45000
19 OCT 2017,90,99,89.9,89.9,8,821,74354.9
17 OCT 2017,83,88,83,88,3,658,57113.9
13 OCT 2017,83.8,83.8,83.8,88,1,20,1676
9 OCT 2017,88,88,87.9,88,4,1729,152150
6 OCT 2017,87,90,87,88,14,5025,445358.4
28 SEP 2017,90,90,81,89,2,566,50346
27 SEP 2017,86,89,86,89,14,2503,220595
25 SEP 2017,81,85.9,80,85.9,5,5200,417383
19 SEP 2017,84,86,84,85.9,6,1000,85370
15 SEP 2017,85.9,86,85.9,86,7,2728,234607.2
14 SEP 2017,80.2,80.2,80.2,86,1,8,641.6
8 SEP 2017,86,86,86,86,2,400,34400
7 SEP 2017,85,85,80.1,84.7,6,517,43865.2
6 SEP 2017,80,90,80,80.2,2,1734,139060
14 AUG 2017,89.8,89.9,89.8,89.9,2,34,3055.9
10 AUG 2017,88.9,90,88.9,89.9,6,300,26972.6
8 AUG 2017,89,89,89,89,1,1000,89000
4 AUG 2017,86,86,86,86,2,4502,387172
1 AUG 2017,86,86,86,86,1,200,17200
28 JUL 2017,86.1,86.1,86,86,8,5137,442094.7
27 JUL 2017,85.3,85.5,85,91,7,70,5968.8
24 JUL 2017,85.6,85.6,85.6,91,3,23,1968.8
21 JUL 2017,85.7,85.7,85.7,91,2,20,1714
20 JUL 2017,85.3,85.3,85.3,91,1,1,85.3
18 JUL 2017,89.4,91.9,89.4,91,18,953,85866.7
14 JUL 2017,89.9,92,89.9,90.8,7,1500,136145
13 JUL 2017,89.8,89.9,89.8,91.4,5,10,898.5
6 JUL 2017,89.9,91.5,89.9,91.4,17,700,63329.9
3 JUL 2017,89.8,89.9,86.4,89.8,16,1025,92076.6
30 JUN 2017,85.1,90,85,86.4,22,16002,1382493.7
29 JUN 2017,80.2,90.9,80,90.1,49,6911,601897.6
27 JUN 2017,85.3,91.9,85.2,91.5,39,4345,387932.2
22 JUN 2017,84.6,93.8,84.5,92.5,9,811,74641
21 JUN 2017,83.3,83.3,83.3,93.5,1,1,83.3
20 JUN 2017,93.9,93.9,93.9,93.5,1,1,93.9
15 JUN 2017,91.1,91.1,80.1,93.5,3,21,1694.1
9 JUN 2017,92,94.9,92,93.5,15,4054,378919.6
7 JUN 2017,92,95,92,93,5,600,55779.6
5 JUN 2017,86,94.5,86,94.1,9,1450,134042.6
2 JUN 2017,87.6,93.7,87.6,93.6,6,540,50355
1 JUN 2017,87.6,93.5,87.6,91.4,9,310,28336
31 MAY 2017,88.1,88.1,88.1,87.5,2,25,2202.5
29 MAY 2017,86.3,90,86.3,87.5,7,1773,157269.9
26 MAY 2017,86.1,90,85.5,97,7,42,3689.1
24 MAY 2017,82.3,82.3,82.3,97,2,38,3127.4
19 MAY 2017,96,97,96,97,8,3001,289655
17 MAY 2017,94,97.2,94,96,10,3901,374093.8
16 MAY 2017,94,94,94,94,1,100,9400
15 MAY 2017,80,95,80,94,20,7170,665865.6
4 MAY 2017,94.7,95,82.1,94.7,20,2704,253878
3 MAY 2017,92,94.6,92,94.6,4,500,47294.8
28 APR 2017,85,92.5,85,92.3,9,4434,408343.5
27 APR 2017,89.5,92.5,89.5,92.3,16,1920,176627.5
26 APR 2017,89,90,87.6,89.3,7,3187,284454.6
25 APR 2017,88.8,90,88,89.9,25,6205,554043
21 APR 2017,84.9,89.6,84.9,85.8,6,1000,85839.6
20 APR 2017,84.9,86,83,85,14,3600,306258
19 APR 2017,85,85,84.5,84.8,7,1605,136172.5
18 APR 2017,89.8,89.8,89.8,82,1,4,359.2
17 APR 2017,81.9,81.9,81.9,82,2,70,5733
12 APR 2017,81.9,81.9,81.9,82,2,51,4176.9
11 APR 2017,62.4,62.4,62.4,82,1,2,124.8
5 APR 2017,77,82,77,82,6,1000,81396
29 MAR 2017,77,82,77,82,10,1251,100077.6
28 MAR 2017,76,77,76,76.7,2,301,23077
27 MAR 2017,60.3,76,57,76,13,529,35681.8
24 MAR 2017,58,74.9,57.6,72.9,17,2144,148715.6
21 MAR 2017,57.8,57.8,57.8,74.7,1,1,57.8
6 MAR 2017,74.9,74.9,59.7,74.7,3,102,7624.6
1 MAR 2017,69.9,75,69.9,74.9,5,919,68858.8
28 FEB 2017,58.7,58.7,58.7,75,2,23,1350.1
27 FEB 2017,60.1,60.1,60,75,3,12,720.6
23 FEB 2017,58.5,58.5,58.5,75,1,5,292.5
20 FEB 2017,75,75,75,75,1,500,37500
17 FEB 2017,72.8,76,72.8,75.9,10,1946,147787.2
16 FEB 2017,69.7,73,69.7,72.8,6,2886,210140.3
15 FEB 2017,57,72.9,57,70.6,10,4613,325782
14 FEB 2017,69.8,70,69.8,70,5,1929,134998.4
13 FEB 2017,56.2,56.2,56.2,69.9,1,3,168.6
9 FEB 2017,56.1,56.1,56.1,69.9,1,1,56.1
7 FEB 2017,69.9,69.9,69.9,69.9,2,101,7059.9
6 FEB 2017,55.3,70,54.2,68.7,15,1425,91859.2
3 FEB 2017,54,54,54,70,1,1,54
1 FEB 2017,65,70,65,70,7,1925,134675
31 JAN 2017,69.9,70,69.9,70,3,100,6999
26 JAN 2017,65,65,54.1,65,2,3411,221704.1
24 JAN 2017,64.9,65,64.9,65,2,100,6499
18 JAN 2017,60,60,60,58.6,1,4,240
17 JAN 2017,59,59,58.6,58.6,2,808,47385.6
11 JAN 2017,58,58,58,58,1,1000,58000
29 DEC 2016,59.9,60,59.9,59.9,7,2599,155730.1
20 DEC 2016,59.3,59.3,59.3,59.3,1,101,5989.3
19 DEC 2016,48.7,48.7,48.7,48.7,2,4000,194800
7 DEC 2016,59.5,59.5,59.5,59.9,1,2,119
1 DEC 2016,59.9,60,59.9,59.9,13,1001,59980
30 NOV 2016,59.9,59.9,59.9,59.9,3,200,11980
29 NOV 2016,53,61.9,53,57.7,9,3220,176812.8
28 NOV 2016,53.1,53.1,53,53,2,1002,53106.2
25 NOV 2016,53,53,53,53,8,4235,224455
23 NOV 2016,58,58,52.1,59,3,14,741.2
22 NOV 2016,51,51,51,59,1,1,51
11 NOV 2016,59,59,59,59,1,216,12744
9 NOV 2016,54,54,53,53,2,100,5302
8 NOV 2016,57,59.9,57,58.5,3,200,11704.5
7 NOV 2016,55,59.9,51,54.2,5,289,15653.7
4 NOV 2016,59.8,59.9,59.8,59.9,2,208,12458.4
3 NOV 2016,55.1,55.1,55.1,55.1,8,430,23693
1 NOV 2016,55,55,55,63,1,6,330
28 OCT 2016,56,56,56,63,1,1,56
26 OCT 2016,54,54,54,63,1,1,54
14 OCT 2016,63.6,63.6,63.6,63,1,1,63.6
12 OCT 2016,55.5,55.5,55.5,63,1,1,55.5
10 OCT 2016,65.5,65.5,65.5,63,1,1,65.5
3 OCT 2016,63,63,63,63,1,100,6300
30 SEP 2016,66.5,66.5,50,50.7,11,12373,643507
29 SEP 2016,64.6,65.5,64.6,65.4,5,756,49468
28 SEP 2016,64.2,64.5,64.2,64.4,5,300,19307.2
27 SEP 2016,62,62,62,60,3,54,3348
21 SEP 2016,60,60,60,60,2,1800,108000
15 SEP 2016,65,65,60,57,2,75,4540
14 SEP 2016,57.2,65.8,57,57,5,1001,57087.8
30 AUG 2016,59,59,59,59,1,385,22715
26 AUG 2016,56.1,56.1,56.1,55.7,1,90,5049
23 AUG 2016,55.8,55.8,55.7,55.7,2,100,5570.3
19 AUG 2016,59.9,59.9,59.9,59.9,2,108,6469.2
18 AUG 2016,60.1,60.1,55.3,59,9,2508,148096.8
16 AUG 2016,60,60,60,60,1,156,9360
15 AUG 2016,58.5,58.5,58,58.2,5,700,40850
12 AUG 2016,54,64.9,54,61,2,2,118.9
5 AUG 2016,64.9,64.9,64.9,61,1,1,64.9
25 JUL 2016,61.3,61.3,61,61,3,194,11843
21 JUL 2016,67.5,67.5,61,68,2,7,459.5
13 JUL 2016,68,68,68,68,1,500,34000
8 JUL 2016,64.9,65,64.9,65,5,2002,130129.8
7 JUL 2016,61,65,61,63.5,8,1700,108029.5
5 JUL 2016,61.5,61.5,61.5,61.5,3,200,12300
4 JUL 2016,55.2,55.2,55.2,61.6,1,1,55.2
1 JUL 2016,61.5,61.5,61.5,61.6,1,1,61.5
30 JUN 2016,61.6,61.8,55.1,61.6,9,1326,81668.8
28 JUN 2016,56,56,55.6,61.8,2,50,2786
24 JUN 2016,55.6,55.6,55.6,61.8,1,40,2224
22 JUN 2016,55.5,55.6,55.5,61.8,3,20,1111
21 JUN 2016,55.5,55.5,55.5,61.8,2,40,2220
15 JUN 2016,60,62.9,60,61.8,4,292,18047.8
14 JUN 2016,65.4,65.4,62.9,63,4,107,6751.8
13 JUN 2016,65.9,65.9,57.1,57,3,12,767
9 JUN 2016,57,57,57,57,2,100,5700
7 JUN 2016,57.6,57.6,57,57.1,8,1000,57059.1
2 JUN 2016,59.9,59.9,59.9,57.5,2,16,958.4
31 MAY 2016,60,60,60,57.5,1,5,300
30 MAY 2016,57.5,57.5,57.5,57.5,2,500,28750
27 MAY 2016,57.1,60,57,58.6,4,2100,123000
19 MAY 2016,60,60,60,60,1,500,30000
12 MAY 2016,59.4,66.1,53.2,64.9,13,1698,105583.6
6 MAY 2016,67,67,67,67.4,4,20,1340
3 MAY 2016,65,68,65,67.4,3,500,33690
29 APR 2016,58.1,67,58.1,65.2,12,1421,91922.9
28 APR 2016,68,68,68,69,1,10,680
27 APR 2016,68,69,68,69,2,500,34496
25 APR 2016,56.7,63,56.6,63,3,325,19355.5
18 APR 2016,68,68,68,64.6,1,15,1020
11 APR 2016,56,70,56,64.6,6,210,13559
5 APR 2016,64.9,65,64.9,65,4,2000,129989.1
4 APR 2016,64.5,64.5,64.5,65,1,1,64.5
31 MAR 2016,65,65,65,65,2,1000,65000
18 MAR 2016,65,65,65,65,1,600,39000
8 MAR 2016,53,53,53,67.4,1,1,53
16 FEB 2016,60,60,60,67.4,1,1,60
15 FEB 2016,55.1,55.1,55.1,67.4,1,2,110.2
11 FEB 2016,60,60,55.1,67.4,4,79,4366.5
5 FEB 2016,60.1,60.1,60.1,67.4,1,43,2584.3
1 FEB 2016,68,68,68,67.4,1,9,612
29 JAN 2016,60,70,60,67.4,7,1127,75987.4
20 JAN 2016,64,64,64,70,1,1,64
14 JAN 2016,55.3,55.3,55.3,70,1,95,5253.5
30 DEC 2015,56.4,56.4,56.4,70,1,1,56.4
19 NOV 2015,70,70,70,70,3,1000,70000
5 NOV 2015,67.8,67.8,67.8,68,1,49,3322.2
29 OCT 2015,68,68,68,68,3,2000,136000
28 OCT 2015,68,68,68,68,1,1000,68000
23 OCT 2015,67.5,68,67.5,68,6,4000,271519.1
22 OCT 2015,59,60.5,59,67.4,3,3,179.5
15 OCT 2015,67,67,65,67.4,3,21,1370
13 OCT 2015,67.4,67.4,67.4,67.4,2,1001,67467.4
12 OCT 2015,66.9,67.5,66.9,66.9,4,110,7364
9 OCT 2015,66.1,67,61.4,62.2,11,1266,78762.7
7 OCT 2015,62.1,66.1,62.1,63.8,2,233,14861.3
5 OCT 2015,61.2,61.2,61.2,66.9,1,1,61.2
29 SEP 2015,66.9,66.9,66.8,66.9,2,110,7358
25 SEP 2015,65.5,66.9,65.5,65.7,2,600,39440
22 SEP 2015,65.4,65.4,65.4,65.4,2,150,9810
16 SEP 2015,61.2,61.2,61.1,61.2,2,100,6119
15 SEP 2015,61.5,61.5,61.5,61.5,1,237,14575.5
14 SEP 2015,61.2,62,61.2,62,4,2200,135600
11 SEP 2015,60.5,60.5,60.5,60.5,1,100,6050
9 SEP 2015,65,69.1,65,65,2,101,6569.1
8 SEP 2015,64,65,64,64.3,6,137,8804
7 SEP 2015,64.1,64.1,64.1,71.2,1,2,128.2
27 AUG 2015,69.8,71.8,69.8,71.2,3,200,14244.9
26 AUG 2015,69.9,69.9,69.9,69.9,1,1,69.9
24 AUG 2015,63.2,69.9,63.1,69.9,5,390,25970
21 AUG 2015,69.8,72,69.8,69.9,7,3201,223813.4
20 AUG 2015,69.8,69.8,69.8,69.9,1,10,698
19 AUG 2015,69.9,69.9,69.9,69.9,1,5,349.5
18 AUG 2015,69.9,69.9,69.9,69.9,1,100,6990
13 AUG 2015,65,69.8,65,69,2,600,41400
12 AUG 2015,66.6,70,66.6,67.4,6,3200,215597.5
10 AUG 2015,66.6,66.8,66.6,66.7,3,1808,120593.4
7 AUG 2015,64,64,64,60.8,1,2,128
6 AUG 2015,63,63,60.6,60.8,7,1010,61452.8
4 AUG 2015,64,65,64,64.3,4,400,25700
3 AUG 2015,64,64,62.2,62.4,3,1001,62442.2
30 JUL 2015,63,67.5,63,67.4,3,1500,97640
28 JUL 2015,66.5,66.5,66.5,66.5,1,700,46550
27 JUL 2015,62.2,67.6,62.2,64.7,3,1700,110060
23 JUL 2015,65,65,62,64.7,6,5944,386228
22 JUL 2015,65,65,64.9,65,2,201,13064.9
20 JUL 2015,62,62,62,62,1,103,6386
17 JUL 2015,64,65,64,65,5,3600,230800
16 JUL 2015,62,63.9,61,63.9,6,710,44783.6
15 JUL 2015,60.5,64,60.5,63.4,3,601,38110.5
13 JUL 2015,64.9,67.9,64.9,67.9,5,1932,131175.8
10 JUL 2015,62.1,62.1,62,62,9,1567,97159.1
9 JUL 2015,63,63,63,63,2,102,6426
7 JUL 2015,64.9,65,64.9,65,2,2586,168080
6 JUL 2015,65,65,60.1,65,22,33982,2208814
2 JUL 2015,62.2,62.2,62.2,62.2,1,1000,62200
30 JUN 2015,64,64,64,64,1,200,12800
26 JUN 2015,65,67,65,65,7,830,53952
25 JUN 2015,67.9,67.9,67.9,65,1,10,679
24 JUN 2015,68,68,67.9,65,4,6,407.7
23 JUN 2015,68,68,64.5,65,7,5009,325591
22 JUN 2015,64.5,64.5,64.5,64.3,1,4,258
19 JUN 2015,64.2,64.3,64.2,64.3,6,122,7842.7
18 JUN 2015,64.2,64.2,64.2,64.5,1,1,64.2
17 JUN 2015,64.4,64.4,64.4,64.5,2,2,128.8
15 JUN 2015,64.5,64.5,64.5,64.5,1,1,64.5
12 JUN 2015,63.8,63.8,63.8,63.8,1,1,63.8
5 JUN 2015,61,64.5,60,60.6,11,2200,132957.6
1 JUN 2015,68.8,68.8,66,66,5,827,56752
26 MAY 2015,67,69,64.5,69,5,769,50715.5
20 MAY 2015,68,70.3,65,69,4,192,13248
19 MAY 2015,65,65,65,65,4,425,27625
18 MAY 2015,65.9,67.9,65,65,9,1301,85308
15 MAY 2015,67,67,66,66,7,283,18758.1
14 MAY 2015,67.9,67.9,67.9,67.9,2,100,6790
13 MAY 2015,68,68,68,68,1,77,5236
12 MAY 2015,65.5,69,65.5,68.2,8,1129,75061.4
11 MAY 2015,68.1,68.1,67.7,67.7,5,1312,89097.5
8 MAY 2015,68.5,68.5,68.5,68.5,3,200,13700
7 MAY 2015,69,69,68.1,68.1,6,405,27582.3
5 MAY 2015,67.6,69.5,67.6,68.7,2,170,11682
30 APR 2015,70,73,70,71.4,8,1500,107056
29 APR 2015,70,70,70,70,2,100,7000
21 APR 2015,69.4,69.4,69.4,69.4,1,1,69.4
2 APR 2015,62.6,69.5,62.6,69.4,2,101,7012.6
1 APR 2015,71,72,71,72,3,650,46200
30 MAR 2015,71.9,71.9,71.9,71.9,1,12,862.8
26 MAR 2015,67,67,66.9,67,2,200,13390
17 MAR 2015,66,66,66,66,3,49,3234
12 MAR 2015,67,67,67,67,2,113,7571
10 MAR 2015,67,69.9,67,67,6,805,53949.5
9 MAR 2015,67,67,67,67,1,200,13400
6 MAR 2015,67,70,66,68.7,21,1407,95440.3
4 MAR 2015,72.8,72.8,66.6,72.7,4,583,40603.2
27 FEB 2015,72.9,72.9,72.9,72.9,2,301,21942.9
26 FEB 2015,67.2,73,67.2,70.3,3,187,13146.4
25 FEB 2015,69.1,73.9,69.1,73.7,2,520,38332
24 FEB 2015,69,69,69,69,1,58,4002
23 FEB 2015,69.2,70,69.2,69.4,2,4,277.6
20 FEB 2015,69,69,69,69,1,100,6900
18 FEB 2015,70,70,70,70,1,1,70
11 FEB 2015,73.9,74.5,73.9,74.5,6,308,22941.5
10 FEB 2015,70,72,70,72,4,360,25716.1
9 FEB 2015,70,70,70,70,1,1,70
2 FEB 2015,71,71,70.5,70.8,2,487,34483.5
29 JAN 2015,69.8,69.8,69.8,69.8,4,300,20940
28 JAN 2015,72.9,74.8,70,71.5,7,497,35275.8
27 JAN 2015,70,70,70,70,1,299,20930
23 JAN 2015,70,70,70,70,1,500,35000
22 JAN 2015,70,72.5,70,70.7,6,1170,82400
21 JAN 2015,73,73,73,73,1,1,73
19 JAN 2015,70,70,69.7,69.8,2,240,16758
9 JAN 2015,73.9,74,69.3,71.8,5,608,43852.6
6 JAN 2015,70,74,68.1,73.9,7,1711,120612.9
2 JAN 2015,73,73,73,73,1,300,21900
31 DEC 2014,69.5,74,69.1,74,7,323,22812.7
26 DEC 2014,72,72,72,72,1,200,14400
24 DEC 2014,69.1,69.1,69,69,2,38,2623
23 DEC 2014,69,73,69,70.3,7,599,42127
15 DEC 2014,74.7,74.7,69,72.9,6,575,39691.2
12 DEC 2014,70,70,70,70,1,71,4970
11 DEC 2014,70,70.1,70,70,6,614,42980.1
10 DEC 2014,70,70,70,70,9,1017,71190
9 DEC 2014,70.1,70.1,70.1,70.1,2,56,3925.6
8 DEC 2014,70.1,70.1,70,70,3,702,49171.9
4 DEC 2014,70.1,70.1,70.1,70.1,2,181,12688.1
2 DEC 2014,70.5,70.5,70,70.2,3,188,13195.5
1 DEC 2014,72,72,72,72,1,248,17856
28 NOV 2014,72,72,72,72,1,252,18144
27 NOV 2014,70.7,70.7,70.7,70.7,6,614,43409.8
26 NOV 2014,70.7,70.7,70.7,70.7,1,1,70.7
20 NOV 2014,72,72,71.5,71.8,9,1203,86362.4
18 NOV 2014,72.1,72.1,72.1,72.1,1,6,432.6
14 NOV 2014,72.2,72.2,72.2,72.2,2,7,505.4
13 NOV 2014,74,77,74,74,9,1756,130015
12 NOV 2014,73,74,73,74,3,200,14700
10 NOV 2014,72.3,72.3,72.3,72.3,1,1,72.3
5 NOV 2014,72.1,72.1,72.1,72.1,3,138,9949.8
4 NOV 2014,74,74,72,73,9,704,51114
31 OCT 2014,73.4,78,72,72.4,9,2700,195438.4
30 OCT 2014,78,78,78,78,1,200,15600
29 OCT 2014,77.7,78,75,76.4,8,467,35826
28 OCT 2014,75,78,75,77.3,3,136,10209
24 OCT 2014,77.4,78,73.4,75.5,16,1941,149309.1
21 OCT 2014,77.8,77.8,77.8,77.8,1,100,7780
20 OCT 2014,78,78,74.5,74.5,2,1050,78400
17 OCT 2014,75.7,80,75.7,76.3,23,15300,1167334.1
16 OCT 2014,75.8,76,72.1,75.8,14,1537,116139.1
15 OCT 2014,75.1,76,74.2,74.4,9,933,69734.1
14 OCT 2014,72.1,72.1,72.1,72.1,2,200,14420
10 OCT 2014,72.2,75,72,72.2,24,4136,298357.6
9 OCT 2014,72.2,72.2,72.1,72.2,2,273,19703.3
7 OCT 2014,72.2,72.2,72.2,72.2,1,100,7220
3 OCT 2014,72.5,75.5,72,72.1,7,427,31179.1
1 OCT 2014,72.6,75.8,72.6,73.8,5,314,23162
30 SEP 2014,72.8,75.9,72.6,73.4,7,452,33182.5
29 SEP 2014,72.7,76.8,72.7,75.3,4,160,12041.1
26 SEP 2014,75,75,75,75,1,50,3750
25 SEP 2014,72.6,73,72.6,73,5,674,49092.4
24 SEP 2014,75,75,75,75,1,8,600
23 SEP 2014,71.9,71.9,71.9,71.9,1,100,7190
22 SEP 2014,71.5,75.5,71.5,72.2,2,1100,79450
18 SEP 2014,76,76,76,76,1,15,1140
17 SEP 2014,76,76,73.5,74.9,7,12625,949375
16 SEP 2014,74.1,75,74.1,74.4,4,7125,530192.5
12 SEP 2014,74.1,77,73,74.4,22,1319,98169.2
11 SEP 2014,76.7,76.7,76.7,76.7,4,535,41034.5
10 SEP 2014,75,77,75,75.3,11,6200,465395.6
9 SEP 2014,74.6,75,74.6,75,3,1700,127460
4 SEP 2014,74.4,74.4,74,74.3,7,611,45395.6
2 SEP 2014,74.4,75,74.4,74.9,2,1725,129240
1 SEP 2014,74.5,75,74.4,75,8,3618,271006
29 AUG 2014,75,78,74.9,74.9,9,4959,372208.8
28 AUG 2014,75.5,78,75,75.3,10,2800,211997.4
27 AUG 2014,75,78,73.9,75.1,10,1728,129709.2
26 AUG 2014,73.9,76,73.9,76,3,910,68299
25 AUG 2014,75,75.4,75,75,5,25702,1928450
20 AUG 2014,73.8,77.1,73.7,77.1,3,426,32090.3
19 AUG 2014,76.1,78.5,75.8,76.8,5,983,75193.6
14 AUG 2014,79.8,80,75.1,78.4,22,1709,134554.5
13 AUG 2014,73.8,80,73.8,79.7,25,31903,2530036.4
8 AUG 2014,73.7,77.5,73.7,77,6,821,63247.2
7 AUG 2014,73.5,77.3,73.4,74.9,6,1009,75284.4
5 AUG 2014,75.5,75.5,75,75.2,4,1070,80502
4 AUG 2014,77,77,76.5,76.9,3,219,16848
22 JUL 2014,78.5,79.8,78.5,78.9,2,300,23680
21 JUL 2014,77,80,77,78.6,5,1400,110046.1
18 JUL 2014,78.9,78.9,78.9,78.9,1,1,78.9
16 JUL 2014,77.1,77.9,77.1,77.9,3,310,24143.4
14 JUL 2014,75.5,77.9,75.5,77.9,2,200,15340
11 JUL 2014,75,80,75,77.4,7,1600,123911
9 JUL 2014,74.6,79,74.6,76.6,4,545,41733.3
8 JUL 2014,74.1,77.9,74.1,77.9,2,637,49101.7
7 JUL 2014,79,79.7,79,79,2,3802,300428
4 JUL 2014,76,80,76,78.6,3,300,23588.9
3 JUL 2014,75,82,75,79.9,14,19602,1526275.1
2 JUL 2014,75,76.5,74.5,75,14,6911,518364
1 JUL 2014,74,74,73.3,73.3,2,499,36716
24 JUN 2014,73.5,73.5,73.5,73.5,3,412,30282
23 JUN 2014,73.2,73.2,73.2,73.2,1,95,6954
20 JUN 2014,73.9,73.9,73.9,73.9,1,100,7390
19 JUN 2014,73.8,74,73.3,74,11,1700,125454.6
18 JUN 2014,74.1,74.1,74.1,74.1,5,271,20081.1
17 JUN 2014,75.4,75.4,75.4,75.4,1,187,14099.8
16 JUN 2014,73.1,75,73.1,75,3,102,7646.2
9 JUN 2014,75.4,75.4,75.4,75.4,2,12,904.8
5 JUN 2014,75.8,75.8,75.8,75.8,1,1,75.8
3 JUN 2014,72.7,75,72.7,75,2,1028,76805.6
30 MAY 2014,73.7,76.3,70.1,75.8,7,259,19170.3
28 MAY 2014,73.8,76.4,73.7,76.4,5,773,57280.1
26 MAY 2014,76.5,76.5,76.5,76.5,1,10,765
23 MAY 2014,76.6,77,76.6,76.7,3,500,38360
22 MAY 2014,73.5,76,73.5,74.1,4,640,47124
12 MAY 2014,74.2,76,74.2,76,3,233,17702.6
9 MAY 2014,75.5,77,74.2,74.2,4,355,27125.5
8 MAY 2014,76,77.9,76,76.6,7,1001,76654.6
7 MAY 2014,74,76,74,75.9,4,301,22852.1
6 MAY 2014,76,76,74.6,74.6,2,2,150.6
5 MAY 2014,76.5,76.5,74.2,76,6,668,50048.6
2 MAY 2014,76,76,76,76,2,264,20064
30 APR 2014,73.3,76.5,73.3,76.3,5,603,46005.5
29 APR 2014,73.2,76.3,73,74.6,12,1921,142347
28 APR 2014,73.6,73.6,73.6,73.6,1,5,368
25 APR 2014,73.4,73.4,73.1,73.1,3,100,7314
24 APR 2014,77,77,75,75.1,3,237,17995
23 APR 2014,75.6,77,75.6,76.8,5,592,45125.2
22 APR 2014,75.8,76.7,75.6,75.9,7,290,21987
21 APR 2014,76.5,76.7,75.8,76.7,4,47,3592.6
17 APR 2014,77,77,76,76.1,12,682,51950.7
16 APR 2014,77,77,77,77,2,70,5390
11 APR 2014,77.8,77.9,77.8,77.8,2,101,7857.9
10 APR 2014,77.9,77.9,77,77.6,3,300,23280
8 APR 2014,79,79.9,79,79.6,9,1500,119449.7
7 APR 2014,78.9,79.9,78.9,79.8,4,200,15966
4 APR 2014,74,77.9,73,75.1,7,525,39428.1
3 APR 2014,78,78.9,75,75.1,10,427579,32069736.3
2 APR 2014,78,78,78,78,1,80,6240
1 APR 2014,79.4,79.4,79.4,79.4,2,3,238.2
31 MAR 2014,77.6,79.5,77.6,78.3,7,780,60931.9
28 MAR 2014,78.2,80,78,80,8,2225,174005
27 MAR 2014,79.9,79.9,79.9,79.9,1,400,31960
26 MAR 2014,78.2,79.9,78.2,79.9,5,253,19786.3
25 MAR 2014,77.5,80,77.5,80,2,101,8077.5
24 MAR 2014,80,80,78.5,78.5,5,210,16798.5
21 MAR 2014,80.8,80.9,80,80,4,121,9725.7
20 MAR 2014,81,81,81,81,2,2,162
19 MAR 2014,77.2,81.4,77,81,20,637,50967.2
14 MAR 2014,79.9,80.5,79.9,80.4,6,1514,121709.2
13 MAR 2014,77,77,77,77,3,1303,100331
12 MAR 2014,80.4,80.5,80.4,80.5,4,11,885.4
11 MAR 2014,77.2,77.2,77,77,6,3042,234362.4
7 MAR 2014,78.1,78.1,78.1,78.1,1,15,1171.5
6 MAR 2014,81,81,81,81,2,220,17820
4 MAR 2014,79,82.3,77.2,80.5,20,2731,218900.4
3 MAR 2014,80,80,80,80,4,124,9920
28 FEB 2014,77.7,80,77.7,80,9,238,18582.3
26 FEB 2014,77.7,77.7,77.7,77.7,1,1,77.7
25 FEB 2014,75,79.8,75,79.1,6,1000,77870
20 FEB 2014,79,79,79,79,1,88,6952
19 FEB 2014,78.1,80.5,78,80.5,5,469,36628.1
18 FEB 2014,78.2,79,78.1,78.1,5,356,27814.9
17 FEB 2014,78,79,78,78.8,6,876,68774.4
10 FEB 2014,77.1,79.5,77,77.7,4,350,27201
7 FEB 2014,78,78,78,78,1,1,78
6 FEB 2014,76,77.9,76,77.9,2,616,47766
5 FEB 2014,78.5,78.5,78.5,78.5,3,711,55813.5
3 FEB 2014,79,79,78.5,78.6,3,143,11234.5
30 JAN 2014,78.6,78.6,78.6,78.6,1,271,21300.6
29 JAN 2014,80,80,80,80,1,100,8000
27 JAN 2014,79,80,78,78.2,3,210,16415
24 JAN 2014,79,80,79,79.9,5,1026,82016
22 JAN 2014,82.5,83,77.2,80.1,10,818,66231.3
21 JAN 2014,77.1,82.4,77,81.3,5,683,53777.5
20 JAN 2014,83,83,76.5,80.9,4,192,15532
17 JAN 2014,83.1,87,83.1,85,7,1100,93682.4
16 JAN 2014,75,84,75,83.1,4,503,41784.9
13 JAN 2014,77.6,83.9,77.6,83.8,5,207,17348.4
10 JAN 2014,83,84.5,83,83.9,4,210,17625
9 JAN 2014,83,84.4,83,83,5,10300,855319.2
8 JAN 2014,80,84.5,80,84,9,302,24831.7
7 JAN 2014,79.9,84.5,79.9,81.5,11,1200,97575.3
6 JAN 2014,79.9,79.9,79.9,79.9,1,22,1757.8
2 JAN 2014,76.5,80.9,76.5,80.9,3,30,2393.9
31 DEC 2013,77.5,80,77.5,78.3,19,2585,201652.7
30 DEC 2013,77.5,77.5,77,77,2,413,31886
27 DEC 2013,77.5,77.5,77.5,77.5,1,1,77.5
26 DEC 2013,77.5,77.5,77,77,3,271,20908.5
23 DEC 2013,77,77.5,77,77.3,5,270,20874.9
20 DEC 2013,76,76,76,76,1,103,7828
19 DEC 2013,77,77.4,77,77.4,2,102,7854.4
18 DEC 2013,77,77.8,70,73.1,13,1719,129904.8
13 DEC 2013,72,72,72,72,1,600,43200
9 DEC 2013,75.1,75.1,75,75,4,149,11175.1
6 DEC 2013,74.4,74.4,74.4,74.4,1,1,74.4
4 DEC 2013,78,78.1,74.2,77.2,5,266,20537.8
3 DEC 2013,76,78.8,76,78.1,5,317,24767
26 NOV 2013,74,79,74,78.8,4,191,15059.2
21 NOV 2013,79,79,79,79,1,3,237
20 NOV 2013,79,79.5,79,79.4,2,200,15874
19 NOV 2013,73.7,79,73.5,77.6,11,646,48894.9
15 NOV 2013,73.6,73.6,73.6,73.6,1,1,73.6
14 NOV 2013,79.7,79.7,79.7,79.7,1,10,797
13 NOV 2013,73.2,79.8,73.2,78.8,4,117,9224.4
12 NOV 2013,76,79.9,70,78.2,8,430,32715.3
7 NOV 2013,79.4,79.5,79.4,79.4,2,200,15889.2
4 NOV 2013,76.8,76.8,76.6,76.6,3,65,4991.8
1 NOV 2013,79.2,79.8,76.9,77.8,9,514,40706.5
31 OCT 2013,76.9,79.9,76.9,79.2,3,125,9903.5
30 OCT 2013,77.1,79.7,77.1,79.5,3,109,8663
29 OCT 2013,77.1,80,76.6,76.8,7,257,20050.6
28 OCT 2013,77.3,79.8,77.1,79.7,6,294,22945.5
24 OCT 2013,79,79.9,79,79.3,2,200,15851.3
22 OCT 2013,77,79.9,77,78.7,3,171,13456
21 OCT 2013,77.6,77.6,77,77.4,5,312,24140.5
15 OCT 2013,80,81,77.2,80.8,11,10095,810608
10 OCT 2013,80,80,76.6,79.9,10,6305,504393
9 OCT 2013,80,80,77.5,80,3,1101,88077.5
8 OCT 2013,79.9,80,79.9,80,5,4050,323968.6
7 OCT 2013,77.5,79,77.5,79,2,105,8287.5
4 OCT 2013,76.3,79.4,76.3,79.4,2,227,17940.1
2 OCT 2013,79.5,79.5,79.5,79.5,1,100,7950
1 OCT 2013,75.1,80,75.1,79.8,6,720,57384.2
30 SEP 2013,76.7,80,76.6,79.7,9,1522,121366.9
24 SEP 2013,80,80,80,80,1,100,8000
23 SEP 2013,76.7,80,76.5,80,5,190,14890.7
20 SEP 2013,76.5,86,76.5,80.5,6,1400,112095.8
17 SEP 2013,79.9,79.9,79.9,79.9,1,1,79.9
12 SEP 2013,77.5,81,77.5,77.7,3,1600,124350
5 SEP 2013,81.9,81.9,81.9,81.9,1,5,409.5
4 SEP 2013,78,84,78,79.9,6,833,66522.1
2 SEP 2013,80,80,79.9,79.9,3,52,4159.9
30 AUG 2013,77.3,80,77.3,79.7,5,842,67034.5
28 AUG 2013,77,80,77,77.3,3,900,69600
27 AUG 2013,75.1,81.5,75.1,80.2,6,501,40164.6
16 AUG 2013,82,82,82,82,1,1,82
15 AUG 2013,81.7,82.5,81.7,82.4,6,300,24719.4
14 AUG 2013,79,80,79,79.8,2,107,8540
12 AUG 2013,73.5,81.9,73.3,78.7,11,669,52621.1
8 AUG 2013,74.1,74.1,73.2,74,5,375,27734.6
7 AUG 2013,74.7,81.9,73,74.3,12,1317,97859
6 AUG 2013,81.5,82,81.5,81.6,5,400,32644.2
31 JUL 2013,76.6,83,75,81,14,2421,196045.5
30 JUL 2013,77,80,76.5,79.9,4,114,9074.9
29 JUL 2013,76.5,76.5,76.5,76.5,2,136,10404
26 JUL 2013,77,77.2,77,77,14,1124,86713.8
25 JUL 2013,78.9,78.9,78.9,78.9,1,65,5128.5
23 JUL 2013,76.3,79,76.3,79,3,303,23745.3
19 JUL 2013,76.2,78,76.1,77.1,14,1266,97001.4
18 JUL 2013,78,81.3,76.2,80.9,8,3121,252347.7
16 JUL 2013,78,78,78,78,1,261,20358
12 JUL 2013,76.8,83,70,77,9,1232,94653.2
11 JUL 2013,79,83,78.9,80.8,23,18000,1446043.4
10 JUL 2013,77.1,77.1,77,77.1,2,6,462.4
5 JUL 2013,76.9,77,76.9,77,2,106,8161.4
4 JUL 2013,76.7,80,76.7,77.9,11,1524,117711.8
3 JUL 2013,78.1,80,78.1,78.1,7,610,47642.9
1 JUL 2013,80,80,78.1,79.6,7,450,35812.8
27 JUN 2013,83.8,84,83.8,84,4,4308,361852
24 JUN 2013,81.4,81.4,81.4,81.4,3,107,8709.8
21 JUN 2013,81.5,81.5,81.4,81.4,3,2696,219454.6
20 JUN 2013,77.3,81.9,77.3,81.9,3,401,32835.7
18 JUN 2013,78,82,78,79.4,9,5258,410567.4
17 JUN 2013,81.5,82,81.4,82,4,391,31892
14 JUN 2013,73.3,82,73.3,81.5,3,105,8562.5
11 JUN 2013,83,83,83,83,3,301,24983
10 JUN 2013,83,83,83,83,1,1,83
7 JUN 2013,81,81,80,80.8,3,189,15272
6 JUN 2013,77.4,84,77.4,81.2,7,1801,145833.6
5 JUN 2013,85,85,85,85,1,1,85
4 JUN 2013,84.9,90,84.9,85.1,16,21929,1866448.9
3 JUN 2013,83.9,85,83.9,84,6,2301,193300.8
31 MAY 2013,83.9,83.9,83.9,83.9,1,4,335.6
30 MAY 2013,84,84,84,84,1,1,84
29 MAY 2013,84,84,80,82.9,13,1330,110265.5
28 MAY 2013,84,84,84,84,2,302,25368
27 MAY 2013,81.5,81.5,81.5,81.5,1,47,3830.5
22 MAY 2013,81.3,81.3,81.3,81.3,1,5,406.5
21 MAY 2013,82,82,81,81.3,3,1700,138200
20 MAY 2013,81.2,85,81,84.9,5,453,37489.4
17 MAY 2013,84.5,84.9,80.5,84.3,9,791,66391.5
16 MAY 2013,84.5,84.5,84.5,84.5,1,1,84.5
13 MAY 2013,82.9,85,82.9,84.8,8,4000,339287.2
10 MAY 2013,80.3,83,80.3,82.6,3,135,11066.5
9 MAY 2013,82.5,82.5,80.3,80.3,2,11,905.3
8 MAY 2013,82.5,82.5,80,81.2,5,154,12511
7 MAY 2013,80,83.9,80,80.4,2,921,74070
6 MAY 2013,76.1,82,76.1,82,7,808,66111
30 APR 2013,83.7,84,83.7,83.9,3,1000,83934.8
24 APR 2013,83.9,84.5,83.9,84.1,3,200,16820
23 APR 2013,80.5,80.7,80.5,80.7,7,3210,258472
19 APR 2013,83,83,80.2,80.2,5,315,25274.2
18 APR 2013,80,84,80,84,2,101,8480
17 APR 2013,80.5,84,80.5,84,2,101,8480.5
12 APR 2013,84.4,84.4,84.4,84.4,1,100,8440
10 APR 2013,84.4,84.4,84.4,84.4,1,1,84.4
9 APR 2013,80.1,84.4,80.1,83.3,4,210,17499.9
8 APR 2013,84,85,80.1,80.1,11,6951,588470.9
5 APR 2013,81,84,81,84,4,800,66500
4 APR 2013,83,83,83,83,1,95,7885
3 APR 2013,84,84,84,84,1,1,84
2 APR 2013,84,84,84,84,1,20,1680
1 APR 2013,74.3,86.5,74.3,85.1,13,5397,454149.2
28 MAR 2013,85.8,89.7,84,85.2,17,59265,4989914
27 MAR 2013,87.8,89.8,87,89.1,35,14580,1293002.9
25 MAR 2013,88,90,87.8,87.8,14,1227,108359.4
22 MAR 2013,87,89,87,87.8,7,511,44810.9
21 MAR 2013,87,87.8,87,87,2,1050,91390
20 MAR 2013,87.9,87.9,85.5,87.4,7,1002,87061
19 MAR 2013,85.5,87.4,85.5,86.1,8,621,53365.4
18 MAR 2013,87.9,87.9,87.9,87.9,1,2,175.8
15 MAR 2013,87.9,88,87.9,87.9,2,3000,263700.5
14 MAR 2013,85.2,88,85,86.4,14,954,81875.1
13 MAR 2013,85.3,88.9,85.3,88.8,6,104,9231.9
12 MAR 2013,88,88,88,88,1,1,88
11 MAR 2013,86.1,88,86,86.3,8,4012,346310
8 MAR 2013,86,87.9,85,87.9,3,294,25380
7 MAR 2013,89.2,89.2,86,87.3,9,1705,148921.6
6 MAR 2013,87.9,88,87.5,87.8,7,2810,246729.9
5 MAR 2013,86,87.9,86,87.1,5,500,43569.9
1 MAR 2013,85,88,85,85.8,8,1300,111537.3
28 FEB 2013,83,86,83,85,6,536,45718
27 FEB 2013,83.5,86,83.5,84.2,4,700,58929
26 FEB 2013,87,87,83,83.3,16,1155,96207.3
22 FEB 2013,86,88.9,86,86,35,4252,369641.8
21 FEB 2013,80.3,84,80.3,83.9,4,249,20524.8
20 FEB 2013,85,85,85,85,1,100,8500
19 FEB 2013,80.3,85,80.3,85,3,233,19781.5
18 FEB 2013,85.5,85.5,85,85,2,205,17440.5
15 FEB 2013,82,85,82,85,2,504,41913
14 FEB 2013,85.5,85.5,85.5,85.5,2,100,8550
13 FEB 2013,85.6,85.7,85,85,5,830,70751
12 FEB 2013,85.9,86,85.2,85.7,10,1371,117471.4
11 FEB 2013,86.5,86.5,85.9,86,7,1500,129210
8 FEB 2013,85,86.5,85,85,5,542,46301
7 FEB 2013,83.5,87,83.5,85.1,4,308,26221.8
1 FEB 2013,81.2,84.4,81.2,83,6,558,46074.8
30 JAN 2013,81.2,84.9,81.2,84.2,13,1258,104586.5
28 JAN 2013,83,83,83,83,1,500,41500
24 JAN 2013,83,83,83,83,1,500,41500
21 JAN 2013,82.1,85,82,83.8,3,500,41900.4
18 JAN 2013,85,85.9,82,84,12,1501,126118.6
17 JAN 2013,80,85,80,83.2,23,2657,220976.2
16 JAN 2013,80.2,83.5,78.4,83.3,7,856,69908.8
15 JAN 2013,84,84.3,84,84.1,2,300,25224.6
10 JAN 2013,82.5,82.5,81,81,34,8400,681004
9 JAN 2013,85.9,86,80.1,84.9,22,3397,290053
8 JAN 2013,77.1,86.5,77.1,85,13,3971,334401.9
7 JAN 2013,82.5,84,82.5,83,8,1100,91083.5
3 JAN 2013,84,84,84,84,2,200,16800
2 JAN 2013,80,84,80,82.1,5,672,55142.4
31 DEC 2012,79.9,80,79.9,80,6,1140,91179.6
28 DEC 2012,80,80,80,80,1,100,8000
24 DEC 2012,83.4,83.4,75.5,75.5,6,924,72841.9
21 DEC 2012,79.8,80,77.2,77.2,5,1182,93697.7
20 DEC 2012,75.4,75.7,75.4,75.5,5,490,36977
19 DEC 2012,75.5,78.5,75.5,76,7,1047,79335.5
18 DEC 2012,75,79,75,79,13,35264,2644808
13 DEC 2012,80,80,80,80,1,50,4000
12 DEC 2012,78.1,83.2,78.1,83.2,2,200,16130
11 DEC 2012,86,86,77.3,78.2,20,13344,1043703.5
10 DEC 2012,80,86,78,86,10,812,68956.1
7 DEC 2012,83,90,83,85.8,5,2000,171560
5 DEC 2012,76,83,74,83,8,1078,87129.5
3 DEC 2012,82,82,82,82,1,100,8200
30 NOV 2012,80,84.7,80,82,7,931,75345.6
28 NOV 2012,78.5,84.5,77.6,82.4,8,704,57976.9
22 NOV 2012,84,84,84,84,1,591,49644
21 NOV 2012,73.1,84.9,73.1,82.2,9,1017,83214.7
19 NOV 2012,84.9,84.9,84.9,84.9,1,1,84.9
15 NOV 2012,81,81,81,81,1,137,11097
14 NOV 2012,81.1,81.1,81.1,81.1,8,1950,158145
12 NOV 2012,81.2,81.2,81.2,81.2,1,1,81.2
9 NOV 2012,85.5,90,85.5,85.9,4,429,36805.5
8 NOV 2012,84.5,87.8,84.5,85.2,3,300,25547.4
7 NOV 2012,85.5,87,85.5,85.5,4,350,30245
6 NOV 2012,81,85,76.5,80.7,3,190,15327
5 NOV 2012,81,81.1,81,81,5,601,48691.7
2 NOV 2012,81,88,81,84.6,2,197,16657
1 NOV 2012,80.5,91.5,80.5,83,9,999,85895.5
31 OCT 2012,85,90,85,89,11,51001,4538807
25 OCT 2012,80.3,91.5,80.3,88.2,7,712,61890.6
24 OCT 2012,80.3,80.3,80.3,80.3,2,6,481.8
23 OCT 2012,80.3,80.3,80.2,80.2,3,180,14449
22 OCT 2012,80.2,80.2,80.2,80.2,1,20,1604
19 OCT 2012,87.8,88,87.8,88,8,3978,349944
18 OCT 2012,85,88,85,85,4,622,52873
17 OCT 2012,85,88,85,88,3,26801,2353085
16 OCT 2012,85,89,84,85.7,16,20202,1725128
12 OCT 2012,85.9,86,85.9,86,5,2200,189168.6
11 OCT 2012,81,87,80.5,84.2,8,773,65693
10 OCT 2012,87,87,87,87,1,1,87
9 OCT 2012,80.1,87,80.1,87,3,111,9588
5 OCT 2012,80.1,89,80.1,87.7,7,635,56065.5
3 OCT 2012,87.8,89,87.7,88.9,15,28000,2487356.1
2 OCT 2012,88.9,88.9,88.9,88.9,2,12,1066.8
28 SEP 2012,89,89,88.9,89,5,11823,1052157.1
27 SEP 2012,88,90,88,89.9,8,7510,675499
26 SEP 2012,89,89,82.1,87,3,7,611.1
25 SEP 2012,83.5,90,83,84.1,11,2086,177831
21 SEP 2012,86.9,89,85,88,30,31057,2713144
20 SEP 2012,84.9,86.9,84.9,85.3,7,700,59679.6
19 SEP 2012,83,85,80,85,7,3227,273296
18 SEP 2012,85,86,85,86,11,7761,659886
17 SEP 2012,84.3,87,82,86.5,24,46622,3973953.6
14 SEP 2012,84.4,84.4,80,81.8,50,88579,7146443.4
13 SEP 2012,80.1,84.6,80,84.6,7,610,50203.2
12 SEP 2012,81,84.8,77,84.6,9,827,69563.7
11 SEP 2012,82,85,80,85,14,6751,568553.2
10 SEP 2012,85,85,85,85,7,1050,89250
5 SEP 2012,87.5,87.5,87.5,87.5,1,10,875
4 SEP 2012,82,87,82,85.6,19,7100,599878.6
3 SEP 2012,80,82,80,80.1,8,550,44060.5
30 AUG 2012,82,82,82,82,1,1000,82000
29 AUG 2012,75.1,81.9,75,79.3,18,1079,83711.1
27 AUG 2012,75.3,83,75.3,79.2,3,1000,79150
24 AUG 2012,78.1,78.1,78.1,78.1,1,300,23430
23 AUG 2012,80,80,80,80,2,178,14240
22 AUG 2012,80,80,80,80,4,277,22160
21 AUG 2012,79,82,79,80.9,4,450,36386
20 AUG 2012,84,84,84,84,2,284,23856
15 AUG 2012,80,83.5,80,80.4,7,1025,82411.5
14 AUG 2012,84.9,84.9,84.8,84.8,3,4,339.3
6 AUG 2012,85,85,85,85,2,501,42585
3 AUG 2012,89.3,89.3,89.3,89.3,3,1609,143683.7
31 JUL 2012,90,90,90,90,4,2000,180000
27 JUL 2012,85,85,80,84.9,4,546,45405
26 JUL 2012,79,79,79,79,2,106,8374
25 JUL 2012,80,84.9,80,80.1,2,25500,2042450
24 JUL 2012,82,82,82,82,1,500,41000
20 JUL 2012,85,85,82,82,2,101,8582
18 JUL 2012,81.1,82,81,81.8,6,686,55967.3
17 JUL 2012,80,80,80,80,1,25000,2000000
10 JUL 2012,85,85,85,85,1,1,85
9 JUL 2012,80,89.9,80,85,2,200,16990
29 JUN 2012,90,90,90,90,3,359,32310
27 JUN 2012,90,91,90,90,4,113,10270
25 JUN 2012,91.9,91.9,91.9,91.9,2,20,1838
21 JUN 2012,93.4,94.9,93.4,94.7,4,7,662.8
20 JUN 2012,95,95,90,93.4,4,309,28855
15 JUN 2012,93.9,100,93.9,98.1,9,4905,465769.5
13 JUN 2012,93,93,92.9,93,3,1851,172138
7 JUN 2012,90,90,90,90,2,702,63180
6 JUN 2012,80,90,79.5,82.4,10,9836,807390
29 MAY 2012,76,85,76,85,3,1337,104645
25 MAY 2012,80,89.9,80,89.9,4,251,21089.9
18 MAY 2012,90.9,90.9,71,90,3,1050,94450
15 MAY 2012,89.5,89.5,89.5,89.5,1,324,28998
11 MAY 2012,74,88,74,86.4,3,131,11314
10 MAY 2012,90,90,70.2,85.3,5,425,36270
3 MAY 2012,90,95,90,90.2,3,5210,469950
2 MAY 2012,94,94,94,94,1,20,1880
26 APR 2012,89.7,95,89.7,95,3,2800,264940
25 APR 2012,89.7,89.7,89.7,89.7,2,100,8970
24 APR 2012,95,95,95,95,1,100,9500
23 APR 2012,98,98,98,98,1,800,78400
20 APR 2012,95,95,95,95,1,138,13110
19 APR 2012,95,95.5,95,95.4,2,428,40810
18 APR 2012,94.8,94.8,94,94,5,1398,131490.4
17 APR 2012,90,94.8,90,92.3,8,6144,566164.8
11 APR 2012,86,95,86,94,10,2205,200726
3 APR 2012,75.1,90,75.1,90,4,732,64380
2 APR 2012,90.2,90.2,90.2,90.2,1,1,90.2
30 MAR 2012,92,92,92,92,2,2000,184000
29 MAR 2012,95,100,95,97.2,13,7617,739199.3
28 MAR 2012,95,99,92,96,16,3968,380174
27 MAR 2012,99,99.9,90.2,97.6,5,795,77876.2
26 MAR 2012,96,100,90,95.4,10,1300,124397.9
23 MAR 2012,92.5,96,92.5,95.9,2,100,9593
22 MAR 2012,92,92,92,92,1,200,18400
21 MAR 2012,96,98,90.1,92.1,22,27484,2539724.3
20 MAR 2012,95,95,95,95,2,284,26980
19 MAR 2012,96,96,96,96,3,501,48096
16 MAR 2012,90,95,90,93.6,19,4244,390660
15 MAR 2012,92,92,87.1,92,4,502,45537.2
14 MAR 2012,86,92,86,91.6,9,1214,109539.2
13 MAR 2012,88.1,88.1,88,88,2,110,9681
8 MAR 2012,90,90,85,86.3,9,1479,132205
6 MAR 2012,85,90,82.6,86.6,8,433,37500.8
5 MAR 2012,84.5,87.9,84.1,85.7,8,732,62291.2
2 MAR 2012,85,87.5,85,87.4,5,259,22264.3
1 MAR 2012,89,89,89,89,1,5,445
29 FEB 2012,81.1,89.9,81.1,89.9,5,616,54357.6
28 FEB 2012,80.1,90,80.1,90,2,3,260.1
27 FEB 2012,90,90,89,89.3,5,236,21091
24 FEB 2012,86.6,90,86.6,90,4,95,8270.8
23 FEB 2012,85,93.9,85,91.7,7,800,72960
22 FEB 2012,94,94,92,94,13,16600,1540130
21 FEB 2012,89,94,89,93.2,4,600,55890
17 FEB 2012,94,95,94,94.6,2,500,47300
16 FEB 2012,89,94,80,93.9,10,3600,327600
15 FEB 2012,87.5,90,86.9,87,5,2700,237390
13 FEB 2012,75,90.9,75,90.9,2,300,24090
9 FEB 2012,80.3,93,80.3,82.7,9,3000,256490
8 FEB 2012,92,94,92,93,2,200,18600
6 FEB 2012,80.1,80.1,80.1,80.1,1,100,8010
31 JAN 2012,100,100,100,100,1,100,10000
27 JAN 2012,89.9,90,89.9,90,4,800,71960
26 JAN 2012,86,87.3,86,86.9,3,300,26060
25 JAN 2012,80.6,84.8,75,84.8,16,81100,6293260
24 JAN 2012,80,85,80,82.8,3,900,74500
20 JAN 2012,82,94,82,85,3,400,34000
19 JAN 2012,82,95,82,91.2,9,2000,182290
17 JAN 2012,95,99,95,98.3,3,1200,118000
13 JAN 2012,92.5,95,92.5,92.9,2,600,55750
12 JAN 2012,85,100,85,91.8,10,4900,427990
5 JAN 2012,90.4,90.4,90.1,90.1,3,1300,117220
3 JAN 2012,90.4,90.4,90.4,90.4,2,200,18080
30 DEC 2011,90,90,90,90,1,100,9000
29 DEC 2011,92,92,92,92,1,200,18400
28 DEC 2011,85,87.9,84.9,85.4,4,1000,85280
20 DEC 2011,85,85,85,85,1,200,17000
15 DEC 2011,85,86,85,85.4,3,500,42700
13 DEC 2011,86,89,85,88.4,5,1000,86900
6 DEC 2011,89,89.1,89,89.1,6,800,71210
30 NOV 2011,80,89.9,80,89.9,2,200,16990
28 NOV 2011,91.5,91.5,91.5,91.5,1,100,9150
24 NOV 2011,85,92,80,81.8,7,900,74100
22 NOV 2011,80.5,95.8,80.5,89.1,6,600,53480
21 NOV 2011,96.9,96.9,96.9,96.9,1,100,9690
18 NOV 2011,82.6,97,82.6,94.9,4,700,66460
15 NOV 2011,82,98,82,98,2,200,18000
14 NOV 2011,87.4,97,85,97,9,1400,123360
11 NOV 2011,87.5,96.9,87.5,92.2,2,200,18440
9 NOV 2011,98,98,98,98,2,200,19600
8 NOV 2011,90,98.5,90,94.1,5,800,75300
2 NOV 2011,96,100,96,98.7,9,2500,246650
31 OCT 2011,95,95,95,95,6,700,66500
25 OCT 2011,83.1,99.5,83.1,92.6,8,800,74080
24 OCT 2011,99.3,100,99.3,99.8,7,2000,199630
21 OCT 2011,98.9,99,98.9,99,3,400,39590
20 OCT 2011,85.1,90,85.1,90,2,200,17510
18 OCT 2011,91,91,90.5,90.5,8,1300,117760
14 OCT 2011,99.7,99.7,90.5,93.7,5,700,65860
12 OCT 2011,93,95,93,93.8,4,600,56200
10 OCT 2011,98,100.5,92.5,95.9,17,4500,434040
7 OCT 2011,96,105,95,100,8,1000,97060
6 OCT 2011,95.1,102,95.1,98.6,2,400,39420
5 OCT 2011,100.2,107,100.2,101,10,2000,203990
4 OCT 2011,102,106,100.3,100.3,6,700,71350
30 SEP 2011,101.3,112,103,108.2,11,1400,152760
29 SEP 2011,100.2,114,100.2,112.4,11,2800,306820
28 SEP 2011,101,109.8,100.1,109.8,3,400,42070
27 SEP 2011,107.9,107.9,107.9,107.9,1,600,64740
26 SEP 2011,101,101,101,101,1,100,10100
23 SEP 2011,110,110,102,102,5,10300,1053030
22 SEP 2011,110,110,104,108,7,2300,250070
20 SEP 2011,110,110,110,110,3,500,55000
16 SEP 2011,110,110,110,110,2,300,33000
15 SEP 2011,112,112,109.5,110.4,13,2000,220980
14 SEP 2011,114,114.5,112,113.3,5,500,56720
13 SEP 2011,120,120.8,119.9,119.9,5,1600,192310
9 SEP 2011,119.5,120,119.5,119.8,3,1600,191750
8 SEP 2011,115,115,112,113.5,2,200,22700
7 SEP 2011,120,120,112,114.7,5,1300,150200
6 SEP 2011,120,120,120,120,1,200,24000
5 SEP 2011,120,120,115,120,19,19100,2227250
2 SEP 2011,120,120,120,120,6,2300,276000
1 SEP 2011,120,124.9,120,120,6,2300,276490
30 AUG 2011,120,125,115.3,115.3,6,2100,259030
29 AUG 2011,120,120,120,120,1,100,12000
26 AUG 2011,124,125,112.8,113.9,8,1400,172080
25 AUG 2011,124,129.5,124,127.2,14,2400,305210
24 AUG 2011,112.1,112.1,112,112,3,300,33610
23 AUG 2011,124,124,121,123.4,7,2500,308800
22 AUG 2011,127,127,126,126,19,5100,647400
18 AUG 2011,126.2,126.2,126,126,5,700,88230
17 AUG 2011,134.6,139.9,134.6,136.1,6,1000,135810
15 AUG 2011,125.1,138.9,125,138.9,6,600,77850
10 AUG 2011,130,132.5,128,132.5,11,2300,300900
9 AUG 2011,127,129,127,128.2,5,1300,166600
8 AUG 2011,123.1,130,123.1,126.4,11,2900,366110
5 AUG 2011,125,165,124,134.1,13,6100,808300
4 AUG 2011,123.4,128,123.4,127.5,9,2300,285150
3 AUG 2011,127.8,127.8,127.8,127.8,1,100,12780
2 AUG 2011,129.5,129.5,129.5,129.5,1,100,12950
1 AUG 2011,141.2,141.2,141.2,141.2,1,1000,141200
29 JUL 2011,139,140.1,139,139.4,10,3300,460010
28 JUL 2011,138,138,138,138,1,200,27600
27 JUL 2011,121.5,121.5,121.5,121.5,1,100,12150
25 JUL 2011,137,137,136,136.8,3,500,68400
22 JUL 2011,142,142,142,142,2,200,28400
21 JUL 2011,142.5,142.5,142,142,12,14500,2059280
20 JUL 2011,138,138,138,138,4,400,55200
19 JUL 2011,146.5,146.5,130.4,136,5,500,67940
15 JUL 2011,137,147.9,136.1,147.9,9,1100,151130
12 JUL 2011,152,152,152,152,1,100,15200
11 JUL 2011,142.1,142.1,142.1,142.1,1,100,14210
8 JUL 2011,141,154,141,152,3,300,44500
7 JUL 2011,154,154.5,141.3,151.1,10,1200,182510
6 JUL 2011,154,154.9,154,154.5,3,1100,169940
5 JUL 2011,154.5,155,145.2,154.6,15,5900,910210
4 JUL 2011,147,155,147,154.9,5,1900,292860
1 JUL 2011,147,154.5,147,154.5,2,200,30150
30 JUN 2011,131.5,155,131.5,154.5,12,2000,300590
29 JUN 2011,153,153,150,150,13,8300,1264700
28 JUN 2011,155,159,153.5,157.5,14,13500,2092950
27 JUN 2011,155,159.5,155,155.1,3,5100,790950
24 JUN 2011,153,159,153,155,15,9500,1470300
23 JUN 2011,155,155,153,153.9,15,17700,2725700
22 JUN 2011,155,159,155,155,9,4900,763900
21 JUN 2011,156.5,157.6,155,155,4,700,109690
20 JUN 2011,153,159.9,153,156.3,19,5800,903390
17 JUN 2011,153,155,153,154.5,23,4600,705700
16 JUN 2011,153,153,153,153,14,6500,994500
14 JUN 2011,155,160,155,155.6,17,9600,1503200
13 JUN 2011,155.9,156,151,151,37,14700,2276400
10 JUN 2011,149.8,154.7,147,148.6,32,11700,1766030
9 JUN 2011,147.5,149.8,146.9,147.8,12,7500,1106880
8 JUN 2011,144.5,150,143,143.3,101,62400,9049660
7 JUN 2011,165,165,165,165,2,500,82500
6 JUN 2011,142.5,164.9,142.5,153.7,4,600,92220
3 JUN 2011,155.1,163.9,155,160.4,5,1400,222900
2 JUN 2011,162,163,159,161.5,8,1300,210200
30 MAY 2011,160.1,165,160.1,163.6,2,700,114520
27 MAY 2011,160.3,165,160.3,163.4,2,300,49030
26 MAY 2011,161.8,165,161.8,163.7,3,500,81850
25 MAY 2011,160.6,165,160.6,161.8,5,800,129460
24 MAY 2011,161,170,160.7,165.6,24,4400,725610
23 MAY 2011,160.2,168.9,160,168.9,5,6200,993860
20 MAY 2011,170,170,160,165,15,6400,1047340
19 MAY 2011,165,171.8,160,164.9,25,10400,1737660
16 MAY 2011,165,165,162,163.1,7,1100,179570
13 MAY 2011,164.5,172,160,160.8,27,15100,2479760
12 MAY 2011,155,155,155,155,1,100,15500
11 MAY 2011,154.6,164.4,154.6,164.4,2,200,31900
10 MAY 2011,162,162,162,162,1,100,16200
9 MAY 2011,157,165,153.1,161.1,28,3800,600830
6 MAY 2011,155,164.5,155,162.9,12,1700,267800
5 MAY 2011,165,169,165,169,3,700,116300
4 MAY 2011,162.5,168,162,162.5,9,1200,195050
3 MAY 2011,168,168,168,168,1,500,84000
29 APR 2011,164,174.9,164,173.7,9,1300,218110
27 APR 2011,176,176,176,176,1,500,88000
26 APR 2011,163,178.5,163,172.3,6,2600,428650
25 APR 2011,170,170,163,163,12,1700,278500
21 APR 2011,163.3,178,163,168.5,31,5600,943470
12 APR 2011,183,183,183,183,1,100,18300
11 APR 2011,181.9,181.9,169.5,169.5,2,1000,180660
7 APR 2011,179,185,170,170.3,6,7700,1319400
6 APR 2011,179,179,179,179,1,5000,895000
5 APR 2011,163.2,184,163.2,179.9,7,1300,232210
1 APR 2011,186,186,186,186,1,1000,186000
31 MAR 2011,161,187,161,180.3,38,15900,2850840
29 MAR 2011,188,188,188,188,1,1500,282000
28 MAR 2011,170,186,170,183.9,6,2600,467800
25 MAR 2011,188.8,188.9,176,178.7,9,1900,352600
24 MAR 2011,170,186.9,170,173.8,2,900,156380
23 MAR 2011,170,194,170,193.6,9,60300,11673000
21 MAR 2011,170,170,166,168.7,2,300,50600
18 MAR 2011,176,178,162.6,169.1,15,5000,875580
17 MAR 2011,175,175,170,174.9,14,47300,8225380
16 MAR 2011,172,173,168,168,4,8500,1451400
15 MAR 2011,172,172,160,160,8,23200,3882000
14 MAR 2011,173,173,163.7,166.2,8,1000,167520
11 MAR 2011,162.1,169.9,162.1,167.9,10,1400,228950
10 MAR 2011,185.8,185.8,185.8,185.8,1,500,92900
9 MAR 2011,156,185,156,185,7,2700,483270
7 MAR 2011,175.4,189,175.4,186.7,3,600,112030
1 MAR 2011,189,189.9,175.2,183.1,6,1100,202580
28 FEB 2011,182,187.9,172.1,187.8,14,6400,1184850
25 FEB 2011,170,189.8,170,186.3,16,12200,2243650
24 FEB 2011,185,187.5,185,185,3,1500,278250
22 FEB 2011,193.9,196,193.9,194.5,4,1000,194480
21 FEB 2011,193,193,193,193,1,500,96500
18 FEB 2011,174.5,185,174.5,185,2,25100,4642450
15 FEB 2011,180.1,180.1,180,180,2,600,108010
14 FEB 2011,194,199,194,197.6,10,1800,352680
11 FEB 2011,199,199,180.1,192.5,10,3400,659000
10 FEB 2011,200,200,198,198,6,3200,639650
9 FEB 2011,196,199.9,196,197.7,5,1800,355900
8 FEB 2011,199.8,199.8,180,193.8,7,4500,882550
7 FEB 2011,199,199.6,197.5,199,11,16800,3338940
3 FEB 2011,185,201.9,185,199.6,44,62300,12018810
2 FEB 2011,185,185,182,183.8,6,2400,441200
1 FEB 2011,187.4,187.5,181,181,7,4400,822740
31 JAN 2011,185,194,180,187.4,29,38300,7087490
28 JAN 2011,183,188,183,185,8,15100,2801800
27 JAN 2011,175,205.5,175,180.2,52,80900,14364420
26 JAN 2011,174,175,171,174.1,38,93100,16133220
25 JAN 2011,170,170,165.7,170,6,1500,252050
21 JAN 2011,162,172,165,168.3,19,44200,7395080
20 JAN 2011,161,170,161,167.4,2,700,117200
18 JAN 2011,167,167,167,167,3,10000,1670000
17 JAN 2011,161,171,161,167.3,6,5500,907600
13 JAN 2011,167,167,167,167,2,1000,167000
12 JAN 2011,168,171,168,170.4,3,1000,170390
11 JAN 2011,163,168,163,167.3,3,1700,283600
10 JAN 2011,167,170,167,168.8,4,2800,470900
6 JAN 2011,167,168,165,166.9,12,33700,5642200
5 JAN 2011,163,163,163,163,2,5100,831300
4 JAN 2011,160.1,165,160.1,164.9,17,80100,13194640
31 DEC 2010,159.9,159.9,159.9,159.9,1,2000,319800
30 DEC 2010,157.2,160,155,157,14,17600,2752960
29 DEC 2010,156,160,156,157,32,63700,10000800
28 DEC 2010,155,155,155,155,1,200,31000
27 DEC 2010,165,165,165,165,1,100,16500
24 DEC 2010,159,165,145,158.5,4,400,63390
22 DEC 2010,143,155,143,155,5,600,87000
17 DEC 2010,158,158,154,158,5,17100,2701400
16 DEC 2010,159,159,159,159,1,1700,270300
15 DEC 2010,158.5,158.5,155,155.2,4,3300,512160
14 DEC 2010,155.9,158,155.9,157,2,200,31390
9 DEC 2010,152.2,170,152.2,166.2,9,900,145240
8 DEC 2010,165,172.9,165,171.3,3,500,85660
7 DEC 2010,172,172,172,172,1,25000,4300000
6 DEC 2010,169.5,174,169.5,173.4,9,51500,8928000
3 DEC 2010,163,171,163,165.4,6,7000,1153000
1 DEC 2010,165,165,160,160,2,1200,193000
29 NOV 2010,158,158,158,158,1,100,15800
26 NOV 2010,131,170,131,158.2,10,3000,451900
15 NOV 2010,171,171,171,171,1,1000,171000
11 NOV 2010,184,184,175,175,2,300,53400
9 NOV 2010,171,171,171,171,1,100,17100
4 NOV 2010,171.9,171.9,171.9,171.9,2,1000,171900
3 NOV 2010,171,172.9,171,172.9,3,1900,326800
1 NOV 2010,185,185,181,181,2,300,55100
27 OCT 2010,183.2,188.4,183.2,185.8,4,600,111480
25 OCT 2010,183.2,183.2,183.2,183.2,1,500,91600
21 OCT 2010,178.9,183.2,183.2,183.2,1,500,91600
19 OCT 2010,180,180,157,178,6,2000,335500
18 OCT 2010,170.1,178,170.1,172.7,3,300,51820
14 OCT 2010,175.6,175.6,175.6,175.6,1,200,35120
13 OCT 2010,158,181,158,175.6,16,6100,1042870
11 OCT 2010,190,195,190,190.8,5,1300,248000
8 OCT 2010,180,189.9,180,189.1,12,4400,827000
6 OCT 2010,196,196,196,196,1,100,19600
5 OCT 2010,170.1,197.5,170.1,197.5,3,500,96000
1 OCT 2010,199,200,199,199.8,3,2000,399500
30 SEP 2010,190,200,163,198.9,5,3500,695290
28 SEP 2010,153,210,153,209,28,15200,2537700
27 SEP 2010,151,158.9,151,158.5,11,4700,721330
24 SEP 2010,150.2,160,149.4,152.1,13,17400,2642340
23 SEP 2010,147,152,147,149.4,7,19500,2913000
21 SEP 2010,144.5,144.5,144.5,144.5,1,100,14450
20 SEP 2010,148,150,148,148.8,3,3000,446300
17 SEP 2010,136,149,136,148,19,42200,5918900
15 SEP 2010,138,138,126,137,9,3100,405600
14 SEP 2010,135,140,130,136.5,27,46700,6351400
13 SEP 2010,130,135,128,134.1,16,14300,1913520
9 SEP 2010,130.6,135,130.6,134.5,33,70500,9488700
8 SEP 2010,130,135,130,130.6,21,21100,2762000
7 SEP 2010,130,130,130,130,1,1000,130000
6 SEP 2010,128.5,135,125,133,9,2400,313800
3 SEP 2010,124,130,124,129.2,12,5500,690200
2 SEP 2010,108,123,108,120.4,8,4200,496500
1 SEP 2010,115,123,115,119,11,2600,303400
30 AUG 2010,123,123,122,122.5,2,200,24500
27 AUG 2010,121,125,121,123.1,8,6100,748720
26 AUG 2010,121,121,121,121,1,1000,121000
25 AUG 2010,118,123,118,118.7,4,2200,261200
23 AUG 2010,114,119,114,116.4,4,2700,314300
20 AUG 2010,115,115,110,113.3,10,9600,1080150
19 AUG 2010,110,119,110,118.9,10,17100,1945300
18 AUG 2010,105,114,105,110.7,10,7700,854800
16 AUG 2010,118,118,107,114.7,7,2300,264800
13 AUG 2010,117.6,117.6,117.6,117.6,1,2000,235200
12 AUG 2010,120,120,114,117.6,15,21500,2528840
11 AUG 2010,122,122,122,122,1,300,36600
10 AUG 2010,113,118,113,116.5,11,10600,1220650
9 AUG 2010,115,115,115,115,5,5000,575000
5 AUG 2010,110,118.9,110,117.7,3,1000,117650
4 AUG 2010,115,120,115,119.8,6,3900,466700
3 AUG 2010,127,129,112,117.3,9,1900,233010
2 AUG 2010,125,130,120,125.1,20,9900,1239340
30 JUL 2010,115,129.75,115,121,29,35800,4324350
29 JUL 2010,113.75,122.5,112.5,117.5,18,33300,3818400
28 JUL 2010,105,114.5,104.5,111.25,18,65600,7041900
27 JUL 2010,104.75,104.75,104,104.25,8,5600,586025
26 JUL 2010,104,104.75,104,104.25,2,500,52150
23 JUL 2010,103.75,104.75,102,104.75,16,26100,2697450
22 JUL 2010,95,105,95,99.75,12,10900,1085625
21 JUL 2010,98,98,98,98,2,10400,1019200
20 JUL 2010,95,98.75,95,98,7,15000,1469600
19 JUL 2010,96,99.75,96,97.75,8,5200,508725
16 JUL 2010,99,99.25,99,99,8,9200,911800
15 JUL 2010,99.75,99.75,99.75,99.75,2,2700,269325
14 JUL 2010,93,100,93,94,5,11500,1080000
13 JUL 2010,99.75,102,97,99,6,800,79950
12 JUL 2010,95,99.75,95,95.75,2,1200,114950
9 JUL 2010,105,105,99.75,99.75,2,1100,114975
8 JUL 2010,96,105,90,100.25,37,71500,6980325
7 JUL 2010,96.5,96.5,94,94,5,2200,211000
6 JUL 2010,99,100,99,99.5,7,2200,218800
5 JUL 2010,100,102,95,97.75,25,72800,7060050
2 JUL 2010,90,100,90,95.75,64,133200,12706100
1 JUL 2010,85,90,84.5,88.25,38,42100,3664950
30 JUN 2010,84,85,81,83.75,16,8500,715775
29 JUN 2010,84,84,84,84,1,200,16800
28 JUN 2010,79,85.75,79,82.5,12,3100,256450
24 JUN 2010,77,80,77,79,22,38900,3046150
23 JUN 2010,75,77,75,75.25,30,25400,1912825
22 JUN 2010,74.75,75.25,74.75,75,2,1500,112625
21 JUN 2010,74,75.25,73,74.75,7,7300,544400
17 JUN 2010,74,75.75,72,74.25,6,8800,637825
16 JUN 2010,70.5,75,70.5,75,15,81500,6099275
14 JUN 2010,73.5,74.75,70,70.5,17,17000,1232250
11 JUN 2010,73.5,73.5,70,72.75,6,2900,211550
9 JUN 2010,74,74,74,74,1,200,14800
8 JUN 2010,72,74,70,72.5,6,8500,616000
7 JUN 2010,76,76,70,73,10,12200,895250
4 JUN 2010,75,77,65,72.75,18,33200,2515525
3 JUN 2010,70,79.75,70,74,46,89200,6934450
2 JUN 2010,68.5,70,68.5,70,35,97900,6850075
31 MAY 2010,67,68.75,67,67.25,7,3100,208350
26 MAY 2010,68,68,68,68,1,300,20400
25 MAY 2010,68,68,68,68,1,300,20400
24 MAY 2010,69,69,69,69,3,400,27600
21 MAY 2010,69,69,69,69,1,100,6900
19 MAY 2010,67.25,69.75,67,69.75,3,1000,68425
18 MAY 2010,69.25,69.75,68,69,13,7100,491225
17 MAY 2010,70,70.5,69.5,69.5,5,2900,202850
14 MAY 2010,71.25,71.25,70,70,3,3500,245625
13 MAY 2010,70,71.25,69.75,69.75,35,99100,6944925
12 MAY 2010,70,70,70,70,1,500,35000
10 MAY 2010,71,71.75,69,70.25,7,2700,189850
7 MAY 2010,70.5,72,68,69.25,6,3500,244450
6 MAY 2010,70,73,66,70.25,37,120800,8015375
5 MAY 2010,72,74.5,70,73.5,15,24000,1760975
4 MAY 2010,73.5,73.5,69.75,72,8,1300,93775
3 MAY 2010,71.5,74.5,70.5,71,10,4000,285275
30 APR 2010,70,75,70,71.5,8,6500,465375
29 APR 2010,72,72,70.75,70.75,14,32900,2351025
27 APR 2010,70,73,70,70.25,40,65700,4673300
26 APR 2010,66.5,70,66.5,69.5,45,162100,11279400
23 APR 2010,65.25,65.75,62,65,14,21700,1424250
22 APR 2010,64.25,64.5,63,63,15,47100,2976300
21 APR 2010,59,66,59,63.75,190,366000,22775275
20 APR 2010,57,59.25,56,58.75,64,83100,4839475
19 APR 2010,54.75,57,54.75,56.25,29,36000,1997825
16 APR 2010,52.75,55,52.5,54.5,11,5700,308025
15 APR 2010,53,53,53,53,1,200,10600
12 APR 2010,54.5,54.5,51,51,12,15600,811125
8 APR 2010,52,54,51.75,52,5,6200,322550
7 APR 2010,54,54.75,40,48,18,14200,700400
5 APR 2010,53,55,53,54.5,5,4500,245175
1 APR 2010,51,53,51,51.5,9,9100,464900
31 MAR 2010,51,53,50.25,53,7,8400,428450
30 MAR 2010,52,53,51.25,51.25,16,5800,297800
26 MAR 2010,52.75,52.75,52.75,52.75,1,12500,659375
25 MAR 2010,51.25,54.75,51.25,53,2,200,10600
24 MAR 2010,52.25,52.25,51,51,5,3600,183825
23 MAR 2010,52.5,52.5,52,52.25,7,11400,595175
22 MAR 2010,53,53,53,53,7,2800,148400
19 MAR 2010,55,55,55,55,1,200,11000
17 MAR 2010,52.25,54,52.25,54,3,1300,68100
16 MAR 2010,52.25,52.25,52.25,52.25,1,400,20900
15 MAR 2010,52.25,52.25,52.25,52.25,5,3500,182875
12 MAR 2010,55,55.25,53.25,53.75,5,2200,119300
11 MAR 2010,55,55,55,55,1,100,5500
10 MAR 2010,56.5,56.75,56.5,56.75,12,2000,113350
9 MAR 2010,56.75,56.75,56.75,56.75,1,100,5675
8 MAR 2010,57.5,57.5,57.5,57.5,2,500,28750
5 MAR 2010,54.75,58,54.75,56.5,10,5200,293025
4 MAR 2010,52,55,52,54.75,8,19900,1041100
3 MAR 2010,55,55,50,51.75,24,36500,1849050
2 MAR 2010,56,56,55,55,14,33600,1874000
1 MAR 2010,55,58,55,56.75,7,2100,118125
25 FEB 2010,56.75,56.75,56.75,56.75,9,11800,669650
24 FEB 2010,56.75,56.75,56.75,56.75,2,51000,2894250
23 FEB 2010,55.5,55.5,55,55,8,14200,782050
22 FEB 2010,55.75,58.5,55,55.5,9,2800,156575
19 FEB 2010,56.75,56.75,56.75,56.75,1,100,5675
18 FEB 2010,55,56,55,55.25,4,3000,165500
17 FEB 2010,55,57.5,55,56.25,8,2500,141100
16 FEB 2010,58,59,57,57.25,10,7600,442000
15 FEB 2010,57,58,57,57.75,10,2700,155550
12 FEB 2010,56.5,58,53.5,54,23,9200,512150
11 FEB 2010,56.5,57.5,56.5,57,4,1400,79800
10 FEB 2010,56.25,56.25,56.25,56.25,1,200,11250
9 FEB 2010,56.5,56.5,55,56.25,7,6900,381650
8 FEB 2010,55,58,55,57,91,80400,4548350
5 FEB 2010,54.5,54.5,54.5,54.5,16,24400,1329800
3 FEB 2010,56.75,57,54.25,55,29,28900,1613850
2 FEB 2010,55,57,54.5,55,72,183900,10214100
1 FEB 2010,53.75,54.75,53.5,54,30,25500,1376450
28 JAN 2010,51.25,52.25,50.25,52.25,16,16600,860100
26 JAN 2010,51.25,51.25,51.25,51.25,1,100,5125
25 JAN 2010,51,52,51,51.75,13,18100,940350
22 JAN 2010,50,52.25,50,51.25,13,15200,768100
21 JAN 2010,50,50,50,50,5,12200,610000
20 JAN 2010,50,50,50,50,6,6100,305000
19 JAN 2010,51.75,51.75,50,50,3,6600,330175
18 JAN 2010,50,51.75,50,50.25,47,301000,15112775
15 JAN 2010,50,50,50,50,7,50000,2500000
13 JAN 2010,50,51.25,50,50,5,4700,235125
12 JAN 2010,51.25,51.75,49.5,50,20,105000,5254400
11 JAN 2010,52,52,50,51.25,18,104800,5251100
8 JAN 2010,51.75,52,51.75,52,15,5000,259950
7 JAN 2010,52.75,52.75,50,50.25,18,252300,12618950
6 JAN 2010,52.5,53,52.5,53,5,15000,793650
29 DEC 2009,53,53,53,53,1,500,26500
24 DEC 2009,51,51,51,51,3,500,25500
23 DEC 2009,51.5,52.75,51,51,4,1300,67325
22 DEC 2009,52.25,52.25,50,51.5,12,51100,2558975
21 DEC 2009,52,54,51,52.25,6,5600,292100
18 DEC 2009,51.75,51.75,51.75,51.75,4,1000,51750
9 DEC 2009,55,55,53,53,5,9200,488600
8 DEC 2009,51.75,53,51.75,53,4,800,42075
3 DEC 2009,51,51.5,50.5,50.5,5,55400,2798300
2 DEC 2009,49,50,49,49.75,4,800,39700
30 NOV 2009,50,51,50,50.75,3,1400,70900
24 NOV 2009,50,50,50,50,1,100,5000
18 NOV 2009,52,52,52,52,1,200,10400
12 NOV 2009,52,52,52,52,1,200,10400
11 NOV 2009,51.5,51.5,51.5,51.5,1,100,5150
6 NOV 2009,51,51.5,51,51.5,2,500,25700
4 NOV 2009,49.5,51,45,50.25,9,40800,1841900
3 NOV 2009,55,55,55,55,1,100,5500
27 OCT 2009,48.5,54,54,54,1,500,27000
23 OCT 2009,51,51,51,51,2,1000,51000
22 OCT 2009,51,51,51,51,3,1200,61200
21 OCT 2009,49.5,52,49.5,52,2,200,10150
20 OCT 2009,51,51,51,51,2,1500,76500
19 OCT 2009,52,53,52,52.25,2,1500,78500
16 OCT 2009,53,53,53,53,1,100,5300
15 OCT 2009,51,54.25,51,54.25,2,700,37325
14 OCT 2009,54.5,54.5,54.5,54.5,2,8000,436000
13 OCT 2009,54,54,54,54,5,7000,378000
12 OCT 2009,52.5,55,52.5,53,3,4100,217800
8 OCT 2009,52.5,52.5,52.5,52.5,2,4000,210000
7 OCT 2009,52.5,52.5,52.5,52.5,1,100,5250
6 OCT 2009,53,53,53,53,12,6000,318000
5 OCT 2009,54,54.75,54,54.5,5,2500,136200
2 OCT 2009,55,55,54,55,8,35700,1962800
1 OCT 2009,57,58.5,55.75,56.5,37,93100,5300775
30 SEP 2009,54,57,54,56,31,249800,13605300
29 SEP 2009,54,54,54,54,2,1500,81000
25 SEP 2009,50.75,50.75,50.75,50.75,1,1000,50750
24 SEP 2009,50.5,50.5,50.5,50.5,2,200,10100
23 SEP 2009,50.5,50.75,50.5,50.75,4,1300,65675
22 SEP 2009,54.5,54.5,53,53,2,1400,75700
17 SEP 2009,53.25,55,53,53,12,9600,514875
16 SEP 2009,53,55,53,53.25,6,23000,1222800
15 SEP 2009,55,55,55,55,1,500,27500
14 SEP 2009,53,54,52,53,8,16300,864200
11 SEP 2009,52,53,51,53,5,3400,177800
10 SEP 2009,51,53,51,53,2,700,36100
9 SEP 2009,53,53,53,53,1,200,10600
8 SEP 2009,50,52,50,52,5,12400,621150
3 SEP 2009,49.5,49.5,49.25,49.25,8,4200,206975
2 SEP 2009,50,50,50,50,2,800,40000
1 SEP 2009,52,53,52,53,4,86400,4493000
31 AUG 2009,52,53,52,52,5,1100,57700
28 AUG 2009,53.75,53.75,50,50,7,6100,313950
27 AUG 2009,52,52,52,52,2,333200,16661000
26 AUG 2009,52.75,53,51.5,51.5,5,1500,77975
25 AUG 2009,51.25,54,51.25,52.5,50,19300,1010100
24 AUG 2009,51,51,51,51,1,600,30600
21 AUG 2009,50,50,50,50,2,3000,150000
19 AUG 2009,52.5,52.5,52.5,52.5,4,1100,57750
18 AUG 2009,53,53.25,50,50,4,117700,5887450
14 AUG 2009,50,53.75,50,52.5,22,22700,1194350
13 AUG 2009,50,50,50,50,7,24000,1200000
12 AUG 2009,50,50,50,50,2,400,20000
11 AUG 2009,48.5,50,48.5,50,3,700,34700
10 AUG 2009,48.5,51.5,48.5,50,3,700,35000
7 AUG 2009,51.75,51.75,51.75,51.75,1,200,10350
6 AUG 2009,52,52,52,52,1,200,10400
4 AUG 2009,51.75,51.75,51.75,51.75,2,200,10350
31 JUL 2009,48.5,48.5,48.5,48.5,6,5700,276450
30 JUL 2009,48.5,48.5,48.25,48.5,2,200,9675
29 JUL 2009,51,51,50.5,50.5,5,400000,20000650
28 JUL 2009,51,51,51,51,4,3200,163200
27 JUL 2009,51,51,51,51,2,800,40800
24 JUL 2009,51,51.75,51,51.25,5,700,35775
20 JUL 2009,53,54,53,53.25,2,500,26600
17 JUL 2009,52,52,51.75,52,5,1900,98650
16 JUL 2009,51,55,50,50.75,57,19800,1019575
10 JUL 2009,52.25,52.25,52.25,52.25,1,200,10450
9 JUL 2009,50,50,50,50,1,500,25000
8 JUL 2009,50.75,50.75,50.75,50.75,1,400,20300
1 JUL 2009,52.25,52.75,52.25,52.25,3,1100,57525
30 JUN 2009,52.25,52.25,52.25,52.25,2,200,10450
25 JUN 2009,52.5,52.5,52.5,52.5,1,100,5250
24 JUN 2009,52,55,52,55,3,1100,57800
23 JUN 2009,54.75,54.75,54.75,54.75,2,600,32850
22 JUN 2009,56.5,56.5,55.5,55.75,12,5800,323450
19 JUN 2009,53,56,52.75,54.5,33,20500,1112900
18 JUN 2009,51.25,51.25,51.25,51.25,1,1000,51250
17 JUN 2009,54,54,52,52.25,7,7000,371000
16 JUN 2009,59.75,60,55,55,9,3600,209550
15 JUN 2009,53.5,59.75,53.25,56.25,38,20200,1124250
12 JUN 2009,54.25,54.25,52,53.5,7,1800,96125
11 JUN 2009,48,53.25,48,52.25,16,26000,1298975
10 JUN 2009,48,48,47.5,47.5,4,6200,295100
9 JUN 2009,48,48,48,48,8,20200,969600
4 JUN 2009,48.75,48.75,47,47,8,16700,807675
3 JUN 2009,48.75,48.75,48.75,48.75,13,12000,585000
2 JUN 2009,49,49,48.75,48.75,4,10300,502175
1 JUN 2009,48,48.75,48,48.75,3,20400,994125
29 MAY 2009,48.75,49.25,48.75,49,19,42400,2071425
28 MAY 2009,50,50,47,49,6,1600,78400
27 MAY 2009,47,50,47,48.75,23,50700,2471225
26 MAY 2009,48.75,48.75,48.75,48.75,1,100,4875
25 MAY 2009,48.75,48.75,46.5,46.5,3,900,42075
22 MAY 2009,48.75,48.75,48.75,48.75,2,1000,48750
19 MAY 2009,48.75,48.75,48.75,48.75,1,500,24375
18 MAY 2009,49.25,49.25,49.25,49.25,8,4600,226550
13 MAY 2009,46.5,50.75,45,49.25,7,5200,254850
12 MAY 2009,48.75,48.75,48.75,48.75,1,500,24375
5 MAY 2009,49.5,49.75,49.5,49.5,3,1500,74300
28 APR 2009,45,48.75,45,48.75,3,1500,67875
24 APR 2009,48,50,45,47,10,5200,243775
23 APR 2009,49.75,50,45,50,11,52700,2435100
17 APR 2009,50,50,50,50,1,300,15000
8 APR 2009,48,50.5,48,50,6,1600,79850
7 APR 2009,50.75,50.75,50.75,50.75,1,500,25375
3 APR 2009,50,50,50,50,1,400,20000
31 MAR 2009,47.25,51.75,47,48.75,7,4500,218725
30 MAR 2009,47.25,48,47.25,47.5,6,2600,123500
25 MAR 2009,47.5,47.5,47.5,47.5,1,300,14250
24 MAR 2009,44,48.5,44,45.75,20,11300,515700
20 MAR 2009,46,46,46,46,2,1000,46000
19 MAR 2009,46,47.75,46,46.75,5,3200,149825
17 MAR 2009,45,47,45,46,8,2000,91750
16 MAR 2009,44.75,45.75,44.75,45.25,2,500,22575
13 MAR 2009,44,44.5,44,44.5,4,1300,57700
12 MAR 2009,44,44,44,44,1,1900,83600
11 MAR 2009,44.75,44.75,44,44,6,40600,1786475
6 MAR 2009,44.75,45,44.75,44.75,9,4900,219425
5 MAR 2009,45,45,45,45,2,400,18000
4 MAR 2009,45.5,45.5,45,45.25,2,700,31750
27 FEB 2009,50,50,49.75,50,7,3300,164875
26 FEB 2009,55.75,55.75,55.75,55.75,1,100,5575
25 FEB 2009,52,52,52,52,1,2000,104000
20 FEB 2009,58.75,62,51.5,52,18,27800,1482625
17 FEB 2009,56.5,56.75,56.5,56.5,5,1600,90575
6 FEB 2009,56.25,57,56.25,56.75,9,13000,738125
2 FEB 2009,54.75,57,54.75,56,3,1100,60450
29 JAN 2009,55,58.25,54.75,56.5,10,1400,79400
27 JAN 2009,56,58,56,57.5,2,500,28800
26 JAN 2009,56,56.5,56,56,3,400,22500
21 JAN 2009,49.25,56.75,49.25,55.5,3,600,33275
20 JAN 2009,56.75,56.75,56.75,56.75,6,5000,283750
16 JAN 2009,52,58,52,58,8,12200,638300
15 JAN 2009,55,55,55,55,3,2000,110000
13 JAN 2009,52,53.75,52,52.75,13,15300,801825
12 JAN 2009,50,52,50,50.5,6,5000,251175
5 JAN 2009,47,52.5,47,52.5,5,1900,90675
5 DEC 2008,47,47.75,47,47.5,2,200,9475
3 DEC 2008,40,48.5,40,45.5,3,700,31350
28 NOV 2008,41,48,41,45.5,4,1100,48700
25 NOV 2008,46,48,45,45,4,1700,80300
24 NOV 2008,46.75,46.75,46,46,2,700,32350
20 NOV 2008,45,52,45,51,11,3100,149900
19 NOV 2008,45.25,45.25,45,45,2,300,13525
18 NOV 2008,53.5,53.5,53.5,53.5,1,100,5350
17 NOV 2008,48.25,48.25,48,48.25,2,400,19275
14 NOV 2008,50,54,50,52.5,7,1500,76775
6 NOV 2008,52,57,52,57,3,400,22300
5 NOV 2008,56,56,56,56,2,500,28000
4 NOV 2008,49.75,54.5,49.75,54,31,47500,2536600
31 OCT 2008,48,48,48,48,2,500,24000
30 OCT 2008,45,46,45,45.25,2,700,31700
29 OCT 2008,45,46,45,45.5,3,400,18175
28 OCT 2008,43,45,40.5,44,6,1300,56950
24 OCT 2008,46,46,46,46,1,200,9200
23 OCT 2008,46,46,45,45,3,800,36600
22 OCT 2008,48,49,46,47.5,8,2100,99550
21 OCT 2008,52,52,46.25,46.75,14,5700,270025
20 OCT 2008,57,57,57,57,2,900,51300
16 OCT 2008,55,55,54,54,3,1100,59500
13 OCT 2008,57,57,57,57,3,300,17100
10 OCT 2008,57,57,47.25,53.75,6,2000,107700
9 OCT 2008,60,60,60,60,1,500,30000
6 OCT 2008,65,65,65,65,2,700,45500
3 OCT 2008,64,64,64,64,2,2000,128000
30 SEP 2008,62,62,56,59.75,9,5000,299800
29 SEP 2008,62,62,60,61,11,13100,805000
26 SEP 2008,66.75,66.75,66.75,66.75,1,700,46725
22 SEP 2008,67.5,67.5,67.5,67.5,1,300,20250
19 SEP 2008,67.75,67.75,67.75,67.75,1,11000,745250
18 SEP 2008,65,65,65,65,2,5000,325000
17 SEP 2008,65.25,65.25,65,65,20,20900,1358750
15 SEP 2008,70,70,70,70,1,100,7000
9 SEP 2008,71.5,71.5,71.25,71.25,3,1500,107050
8 SEP 2008,68,70,68,70,4,3000,204950
5 SEP 2008,68,68,68,68,1,200,13600
4 SEP 2008,70,71.5,70,70,6,10500,735750
3 SEP 2008,69,72,69,70.75,8,30300,2145300
2 SEP 2008,72.75,73,69,69,9,9200,641775
1 SEP 2008,71.75,71.75,71.75,71.75,1,400,28700
29 AUG 2008,69.75,70,69.75,70,2,400,27975
28 AUG 2008,68,68,68,68,2,500,34000
27 AUG 2008,68.5,68.5,64.5,64.5,2,200,13300
22 AUG 2008,64.25,64.25,64.25,64.25,1,300,19275
21 AUG 2008,68,68,68,68,1,200,13600
19 AUG 2008,68,68,68,68,1,200,13600
18 AUG 2008,70,70,70,70,1,400,28000
15 AUG 2008,70,70,70,70,6,20800,1456000
13 AUG 2008,68.5,68.5,68.5,68.5,3,600,41100
12 AUG 2008,68.5,68.5,68.5,68.5,2,10000,685000
11 AUG 2008,71,71.5,71,71.25,4,1000,71250
8 AUG 2008,68.25,71,68.25,71,3,300,21025
7 AUG 2008,71,71,71,71,2,1000,71000
6 AUG 2008,70.5,71.75,70.5,71.5,26,11900,844325
4 AUG 2008,72,72.5,70.5,70.5,13,4900,350875
1 AUG 2008,71.75,72.5,71.75,71.75,4,1400,100550
31 JUL 2008,70,72,70,70,11,8700,611875
30 JUL 2008,67.75,69,67.75,67.75,4,5500,373275
29 JUL 2008,67.5,68,67.5,67.75,8,4400,298100
28 JUL 2008,67.25,67.75,65.25,67.5,10,2800,188575
24 JUL 2008,67.75,67.75,67.75,67.75,3,700,47425
22 JUL 2008,64.75,68.25,64.75,65.25,10,15300,996725
18 JUL 2008,65.5,65.5,65.5,65.5,2,300,19650
16 JUL 2008,66.75,68.5,66.75,67.75,4,400,27075
15 JUL 2008,68.5,69,68.5,68.75,4,600,41275
14 JUL 2008,69,69,65,68.5,3,1200,81900
11 JUL 2008,66,67.75,66,67.75,2,200,13375
10 JUL 2008,65.5,66,63.25,65.5,8,11600,758925
9 JUL 2008,62.25,62.25,62.25,62.25,5,7400,460650
8 JUL 2008,62,62,62,62,1,300,18600
7 JUL 2008,62,62,62,62,3,1000,62000
4 JUL 2008,63,63,62,62.75,6,1700,106800
3 JUL 2008,63,63,62.5,62.75,7,2300,144450
2 JUL 2008,63,63.75,62.5,63,11,6800,428425
1 JUL 2008,64,64,64,64,1,100,6400
30 JUN 2008,64.25,65.75,60,64.25,9,1400,89875
27 JUN 2008,65.5,65.5,65.5,65.5,1,100,6550
26 JUN 2008,65,65.25,65,65,7,2000,130125
25 JUN 2008,65,65,65,65,1,1000,65000
24 JUN 2008,65.25,65.25,65,65,3,1100,71525
10 JUN 2008,71,71.75,71,71.5,6,4000,286250
5 JUN 2008,67.25,69.75,67.25,69.75,3,700,48325
4 JUN 2008,70,70,70,70,2,1100,77000
3 JUN 2008,69.5,69.5,69.25,69.5,3,600,41675
2 JUN 2008,69.25,69.25,69.25,69.25,2,200,13850
30 MAY 2008,69.5,69.5,69,69.25,7,18100,1253950
29 MAY 2008,70.5,70.5,70,70.25,3,3400,238700
28 MAY 2008,70.5,73.5,70.5,72,3,300,21600
23 MAY 2008,74.5,74.5,74.5,74.5,2,1000,74500
21 MAY 2008,73,73,72.5,72.75,4,2000,145500
16 MAY 2008,74,74,74,74,3,1000,74000
15 MAY 2008,74.75,77,74.75,75,66,117200,8884475
14 MAY 2008,76.5,77,74.75,74.75,11,4800,366675
9 MAY 2008,77.75,77.75,75,75,7,5800,435550
8 MAY 2008,74,76,74,75.25,34,134500,10101975
7 MAY 2008,72.25,74.5,71.25,74,4,800,58825
6 MAY 2008,72,75,72,74,47,327800,24570900
5 MAY 2008,73.75,73.75,73.75,73.75,1,900,66375
2 MAY 2008,72,73,72,72,6,2200,159475
30 APR 2008,70.75,71.75,70.75,71.75,2,800,56700
29 APR 2008,70.75,70.75,69,69,6,3300,231425
28 APR 2008,73,73,70.75,70.75,2,2400,174300
24 APR 2008,72,72,70.5,70.75,7,1800,127900
23 APR 2008,72,72,72,72,2,300,21600
22 APR 2008,73,73,73,73,7,21000,1533000
21 APR 2008,72,74,72,73.75,26,30100,2202725
17 APR 2008,69.75,71,69.75,70.5,29,31300,2199175
16 APR 2008,68,69.25,68,69,10,6000,412725
10 APR 2008,68,68,67,67,2,1000,67800
9 APR 2008,68,68,67.25,67.25,5,900,60900
8 APR 2008,67,68,67,68,8,2900,195600
7 APR 2008,67,67,67,67,4,600,40200
4 APR 2008,67,67,67,67,2,600,40200
3 APR 2008,68.75,68.75,68.5,68.5,3,1500,102875
2 APR 2008,69,69,68.5,68.75,7,5200,358725
1 APR 2008,67.25,69.5,65.25,67,21,58800,3919000
31 MAR 2008,70,70,64,67.75,29,32300,2149900
28 MAR 2008,71.5,72,71.25,71.75,8,6400,458550
27 MAR 2008,70.5,72,70.5,71,9,4500,321300
26 MAR 2008,72.5,72.5,70.75,70.75,4,2200,156950
25 MAR 2008,71,73.5,71,73.25,7,10800,786175
19 MAR 2008,73,73,70.5,71,15,3900,279675
18 MAR 2008,72.5,73,72,72.75,10,8400,608000
17 MAR 2008,72.5,73.25,72,72,8,4500,324400
14 MAR 2008,71.5,72,71.5,72,6,3300,236050
13 MAR 2008,70.75,72.75,70.75,72,16,8600,616925
12 MAR 2008,71.5,73.75,70.25,70.5,13,12900,921825
10 MAR 2008,72,74.75,72,73.75,53,108000,7977150
7 MAR 2008,72.5,72.5,71,71.75,7,11000,782225
5 MAR 2008,70.5,72.5,70,70.5,11,3600,253925
4 MAR 2008,72.5,72.5,71.75,72,17,7200,519275
3 MAR 2008,70,73,70,71,30,36800,2596450
29 FEB 2008,70,71.75,70,70,4,1700,119875
28 FEB 2008,70,70,70,70,2,900,63000
27 FEB 2008,73,73,69,69.25,31,7000,487500
26 FEB 2008,78,78,67.25,70.25,54,24800,1744950
25 FEB 2008,63.5,77,63.5,73.75,274,259000,18374250
22 FEB 2008,63,63,60,61.75,5,1700,103850
21 FEB 2008,60,63.5,60,61.5,62,68300,4195100
19 FEB 2008,55,61.5,55,59,102,118400,6947500
18 FEB 2008,53,55,53,55,35,10900,597450
15 FEB 2008,52,52,52,52,2,200,10400
14 FEB 2008,52.5,52.5,52,52,8,3200,166500
13 FEB 2008,52.5,52.5,52,52.5,5,2800,146675
12 FEB 2008,52.5,54,52.5,53.25,2,2000,106500
8 FEB 2008,54.5,54.5,54.25,54.5,5,2200,119825
7 FEB 2008,53.75,54.25,53,53.75,10,26000,1396175
6 FEB 2008,53.25,55,53.25,55,5,1600,86775
1 FEB 2008,53,53,53,53,1,100,5300
31 JAN 2008,56.25,56.25,56.25,56.25,1,100,5625
30 JAN 2008,52.25,57,52.25,55.75,10,2800,155525
28 JAN 2008,57,57,57,57,2,1200,68400
25 JAN 2008,56.5,58,55,56.75,14,3800,216725
24 JAN 2008,52.75,57,52.75,55,32,27700,1474725
23 JAN 2008,53,53.75,53,53.75,3,1500,80250
21 JAN 2008,52,52,52,52,1,200,10400
18 JAN 2008,49.75,49.75,49.75,49.75,1,1000,49750
17 JAN 2008,48.25,48.5,48.25,48.5,3,400,19325
16 JAN 2008,52,52,50.75,51,4,3200,163400
14 JAN 2008,51.25,52,51.25,52,3,1100,57125
11 JAN 2008,51.5,54,51.5,52.75,16,5000,260975
10 JAN 2008,50,54.75,50,51.5,17,13800,703150
9 JAN 2008,52,52,52,52,1,200,10400
8 JAN 2008,50.25,51.25,49.75,50.25,7,4600,231025
4 JAN 2008,50.25,53.5,50.25,53.5,3,300,15675
3 JAN 2008,52.25,52.25,52,52.25,2,1500,78250
2 JAN 2008,55,55,55,55,2,1000,55000
31 DEC 2007,57.75,58.5,55.75,56.25,11,2200,126350
28 DEC 2007,57,58,56,57.5,89,68800,3928375
27 DEC 2007,52.75,56.75,51.5,55,101,70600,3827350
26 DEC 2007,51,53.75,50,52.75,6,2700,138875
24 DEC 2007,52.75,52.75,52,52.25,7,12400,648775
20 DEC 2007,49.75,53,49.75,51.25,62,99200,5111000
19 DEC 2007,49.5,49.5,49.5,49.5,1,1000,49500
14 DEC 2007,48,48,48,48,1,500,24000
12 DEC 2007,50,50,49.5,49.5,13,17400,869950
11 DEC 2007,50,50,48.25,49.25,12,6700,334525
10 DEC 2007,47,50,47,50,8,2800,139325
7 DEC 2007,47,47,47,47,11,56200,2641400
6 DEC 2007,51.5,51.5,48,48,7,2600,129475
4 DEC 2007,48.25,48.25,48,48.25,2,400,19275
3 DEC 2007,49,49,49,49,4,1000,49000
30 NOV 2007,48.5,51,48.5,50.75,16,4200,209000
29 NOV 2007,50.75,50.75,50.75,50.75,1,300,15225
28 NOV 2007,52,52,50.75,50.75,16,11800,609225
27 NOV 2007,50.5,50.5,50,50,5,1100,55125
26 NOV 2007,54,54,54,54,1,200,10800
22 NOV 2007,50.5,52,50.25,51.75,6,2700,139425
21 NOV 2007,51,51,50.5,50.75,4,400,20275
20 NOV 2007,50.5,54,50.5,52,4,1400,73050
19 NOV 2007,54.75,54.75,54.5,54.5,2,6100,332725
13 NOV 2007,54.25,59.5,54.25,56,16,80800,4703550
12 NOV 2007,53,53,53,53,1,300,15900
9 NOV 2007,54,54,53.75,53.75,3,400,21575
7 NOV 2007,52,54,52,53.75,11,3300,175875
6 NOV 2007,53,53,53,53,1,100,5300
5 NOV 2007,53.25,55,53,53,4,51100,2722675
2 NOV 2007,54.75,54.75,51.75,51.75,6,57100,2969550
1 NOV 2007,53,54.75,53,53.25,2,1000,53175
31 OCT 2007,53,53,53,53,1,100,5300
30 OCT 2007,53,53,53,53,1,500,26500
29 OCT 2007,53,53.5,53,53.25,66,100000,5307925
23 OCT 2007,59,63,59,60.75,6,1300,79100
19 OCT 2007,60,60,60,60,1,200,12000
18 OCT 2007,55,61,55,58.5,7,11900,695700
17 OCT 2007,55,55,55,55,1,200,11000
15 OCT 2007,52,52,52,52,6,2400,124800
12 OCT 2007,52,52,52,52,1,100,5200
3 OCT 2007,58.5,58.5,55,55.5,2,1200,66700
2 OCT 2007,55,55,55,55,2,300,16500
28 SEP 2007,51.5,57,51.5,55,3,300,16525
20 SEP 2007,58,60,58,59.25,2,300,17800
19 SEP 2007,53,57.75,50,57.75,5,500,27075
7 SEP 2007,57.75,57.75,57.75,57.75,1,100,5775
6 SEP 2007,54.5,54.5,54.5,54.5,1,100,5450
31 AUG 2007,58.5,58.5,58.5,58.5,1,100,5850
30 AUG 2007,53,59,53,56,3,400,22400
27 AUG 2007,59,60,59,60,4,700,41700
24 AUG 2007,59,59,59,59,1,200,11800
21 AUG 2007,56.75,56.75,56.75,56.75,1,200,11350
16 AUG 2007,57,57,57,57,1,100,5700
7 AUG 2007,52,52,51,51.5,2,200,10300
11 JUL 2007,51,51,51,51,1,200,10200
29 JUN 2007,52,57,52,56.5,2,1100,62200
19 JUN 2007,59.25,59.5,59.25,59.5,2,200,11875
18 JUN 2007,59,59.5,59,59.25,2,300,17800
13 JUN 2007,56,59,56,58.75,6,1800,103150
12 JUN 2007,53.25,56,53,56,7,1700,90825
11 JUN 2007,52,52,52,52,1,1000,52000
8 JUN 2007,50,50,48,49.5,5,1200,59600
4 JUN 2007,45.5,50,45.5,47.75,3,400,19100
1 JUN 2007,50,50,50,50,1,500,25000
30 MAY 2007,48.75,53.5,48,48.25,4,2300,111025
29 MAY 2007,50,50,50,50,1,200,10000
28 MAY 2007,49,49,49,49,1,100,4900
25 MAY 2007,49,55,49,50.25,3,500,25100
22 MAY 2007,53.25,53.25,53.25,53.25,1,200,10650
21 MAY 2007,54,59.75,54,55,6,2800,153850
18 MAY 2007,54.5,56,54.5,55.25,2,200,11050
14 MAY 2007,54.75,54.75,54.5,54.5,7,2900,158100
24 APR 2007,54.75,54.75,54.75,54.75,1,100,5475
23 APR 2007,53.75,53.75,53.75,53.75,1,100,5375
20 APR 2007,53.5,53.5,53.5,53.5,1,100,5350
10 APR 2007,50,59,50,59,4,600,34475
9 APR 2007,59,59,59,59,1,400,23600
5 APR 2007,57.25,59,57.25,58.25,5,900,52100
4 APR 2007,56,58,56,56.75,4,2300,130300
3 APR 2007,56,56,56,56,1,100,5600
30 MAR 2007,56,56,56,56,1,200,11200
29 MAR 2007,54.25,55,54.25,55,3,600,32775
28 MAR 2007,56,56,56,56,1,300,16800
27 MAR 2007,56,56,56,56,1,100,5600
20 MAR 2007,56.75,56.75,56.5,56.5,2,700,39675
19 MAR 2007,55,55,55,55,1,1000,55000
15 MAR 2007,48.5,58,48.5,57.75,7,700,36775
9 MAR 2007,60,60,60,60,1,1000,60000
6 MAR 2007,56.5,59,56,58.25,4,1100,64050
1 MAR 2007,59.75,59.75,59.75,59.75,2,600,35850
28 FEB 2007,58,58,58,58,1,500,29000
26 FEB 2007,56.5,56.5,56.5,56.5,1,500,28250
23 FEB 2007,57,59.75,57,57,9,27700,1580550
22 FEB 2007,60,60,60,60,1,100,6000
21 FEB 2007,60,60,57.5,60,10,3200,187050
20 FEB 2007,58.5,58.5,58,58.5,8,15000,873600
19 FEB 2007,59.75,60,59.75,60,2,300,17975
15 FEB 2007,61,61,60,60,2,3500,210500
14 FEB 2007,60,60,60,60,5,10600,636000
13 FEB 2007,59.75,60,58,60,13,6400,382000
12 FEB 2007,60,60,59.75,59.75,2,300,17975
9 FEB 2007,59,60,59,59.5,13,16000,953475
8 FEB 2007,58.75,58.75,56,56.25,13,15200,858775
7 FEB 2007,57,58.25,56,56.5,19,12700,716875
2 FEB 2007,58.75,58.75,58.75,58.75,1,1000,58750
31 JAN 2007,56.75,59,56,56,8,15300,863725
30 JAN 2007,57,57,56.75,56.75,2,400,22750
29 JAN 2007,58,59,56,56.5,6,3600,206000
26 JAN 2007,54,60,54,58,69,286000,16217550
25 JAN 2007,54,54,54,54,1,2000,108000
18 JAN 2007,53,57,53,54.75,5,2000,109600
10 JAN 2007,54.5,55,54.5,54.75,2,1000,54750
5 JAN 2007,54.25,54.25,54.25,54.25,1,1000,54250
4 JAN 2007,55,55,55,55,2,500,27500
2 JAN 2007,54.5,54.5,52,53.25,3,1700,91775
27 DEC 2006,51,53,51,53,2,1000,52000
22 DEC 2006,51,51,51,51,2,400,20400
21 DEC 2006,51.25,51.25,51.25,51.25,1,200,10250
20 DEC 2006,52,53.75,52,53.5,3,600,32050
19 DEC 2006,50,52,50,51,8,1900,96175
15 DEC 2006,52,52.5,51.5,51.75,8,4600,238600
14 DEC 2006,47.5,52,47.5,51,9,7000,355725
12 DEC 2006,47.5,54,47.5,53.5,5,3900,203600
8 DEC 2006,50,53.75,50,53.75,10,2400,122550
29 NOV 2006,54,54,53.75,53.75,2,500,26925
28 NOV 2006,52,54,52,52.75,4,700,37000
27 NOV 2006,52,54,52,52.75,2,800,42200
24 NOV 2006,51,52,51,51.5,3,1100,56700
23 NOV 2006,51,51,51,51,3,1500,76500
22 NOV 2006,48.25,51,48.25,49.75,2,2000,99250
17 NOV 2006,54,54,54,54,2,2000,108000
16 NOV 2006,54,54,54,54,1,100,5400
15 NOV 2006,54.75,55,54.75,54.75,2,1800,98575
13 NOV 2006,55.75,57,54.25,55,15,21800,1225525
10 NOV 2006,55.25,56.25,54,54,4,8800,480425
9 NOV 2006,55,57,55,56.75,36,60600,3413875
8 NOV 2006,52,55,52,54.25,66,216100,11503675
7 NOV 2006,52,54,52,52.5,3,700,36800
6 NOV 2006,50.75,50.75,50.75,50.75,1,1000,50750
3 NOV 2006,49.5,55,49.5,52,18,21200,1094625
1 NOV 2006,49,49.75,49,49.5,2,300,14850
30 OCT 2006,45.25,49,45.25,48.5,4,1000,46825
26 OCT 2006,49,49,49,49,1,100,4900
25 OCT 2006,48,48,48,48,2,500,24000
23 OCT 2006,47,47,46,46.25,2,1500,69500
19 OCT 2006,49,49.5,49,49.25,3,500,24650
16 OCT 2006,48,48,48,48,1,100,4800
12 OCT 2006,49.75,49.75,49.75,49.75,1,200,9950
11 OCT 2006,48,49.5,47.75,48.75,4,2400,115450
10 OCT 2006,50,50,50,50,1,100,5000
9 OCT 2006,48,50,47,48,14,5600,268375
3 OCT 2006,46,50,46,50,3,500,23800
2 OCT 2006,50.5,50.5,50.5,50.5,1,500,25250
29 SEP 2006,49.5,50.5,49.5,49.75,7,8500,421575
28 SEP 2006,49.5,50.5,49.5,49.5,4,3200,158600
26 SEP 2006,51,51,51,51,2,200,10200
25 SEP 2006,49.5,50.5,49.5,49.75,3,3100,154575
22 SEP 2006,50,51.5,49.5,50.5,28,18200,910775
18 SEP 2006,51,52,51,51.25,2,1200,61400
13 SEP 2006,51,51.25,49.5,50.5,4,500,25375
12 SEP 2006,49.25,51.25,49.25,50,3,300,14975
11 SEP 2006,49.25,51.25,49.25,51.25,2,700,35475
6 SEP 2006,52.5,53,52.5,52.75,2,500,26400
5 SEP 2006,53,53,50.25,52.5,3,1700,87100
4 SEP 2006,51.75,53,51.75,52.75,5,3700,193725
1 SEP 2006,51.75,52,51.75,51.75,4,1000,51850
31 AUG 2006,51.75,52,51,51.75,6,34300,1780400
29 AUG 2006,49,52,49,51.5,3,1100,56400
24 AUG 2006,52,52,52,52,1,1000,52000
22 AUG 2006,53,55,52,52,15,15600,823775
21 AUG 2006,52,53,52,52.25,7,2500,130200
18 AUG 2006,51,52,50,50.5,6,2100,106200
16 AUG 2006,51,53,51,51.75,5,7500,388300
15 AUG 2006,51,51,51,51,1,500,25500
14 AUG 2006,49,49,49,49,1,200,9800
11 AUG 2006,53,53,51,51,3,2600,133200
10 AUG 2006,52,53,52,52,5,3300,171800
8 AUG 2006,52.5,53.5,50,50.25,9,42500,2137650
7 AUG 2006,51.75,54,50.5,52,19,14100,732925
4 AUG 2006,50,52,50,51.5,21,18800,948400
3 AUG 2006,48,50,48,49.75,35,41000,2021500
2 AUG 2006,48,49,48,48.5,4,2000,97050
1 AUG 2006,48.5,48.5,48.5,48.5,1,200,9700
31 JUL 2006,46,48.5,46,47,4,800,37550
27 JUL 2006,48.5,48.5,48.5,48.5,1,200,9700
26 JUL 2006,48,49,48,48,3,1600,76900
25 JUL 2006,47,48.5,47,47.25,2,1100,51850
24 JUL 2006,48,49,48,48.25,5,1300,62700
21 JUL 2006,48,48,47,47.75,11,15200,729100
20 JUL 2006,49.75,50,48.75,49,5,3000,147500
19 JUL 2006,47.75,49.5,47.75,48,7,5700,273725
18 JUL 2006,46.5,48,46.5,46.75,4,1800,83950
14 JUL 2006,46,48,46,47.25,2,300,14200
13 JUL 2006,46,46,44,46,8,1800,81900
12 JUL 2006,44,45.75,44,44.75,4,2200,98375
29 JUN 2006,45,48,45,48,2,300,14100
28 JUN 2006,46,48,46,48,2,700,32400
27 JUN 2006,47.5,49,46,48.5,15,22400,1086175
26 JUN 2006,45,47.5,45,47.25,9,9300,423800
23 JUN 2006,46,47,45,45,5,6200,286200
20 JUN 2006,40,40,40,40,3,1500,60000
19 JUN 2006,40.5,40.5,40.5,40.5,2,2000,81000
16 JUN 2006,42,42,41,42,8,20500,860300
15 JUN 2006,43,43,40.25,41,6,6600,270550
14 JUN 2006,43.25,43.25,43,43.25,7,15800,683275
13 JUN 2006,43.75,43.75,43.25,43.25,4,4300,187625
12 JUN 2006,43.75,43.75,43.75,43.75,1,700,30625
9 JUN 2006,45,45,45,45,1,2400,108000
8 JUN 2006,45.25,45.25,45.25,45.25,1,200,9050
7 JUN 2006,48,48,46,46,9,7900,371600
6 JUN 2006,49,49,49,49,1,200,9800
5 JUN 2006,48,49,45.5,45.5,13,12600,603675
2 JUN 2006,46,48,46,47.75,4,1600,76125
1 JUN 2006,45.25,47,45.25,45.75,4,1800,83400
31 MAY 2006,45,45,45,45,14,20200,909000
30 MAY 2006,48,48,45,45.5,9,13500,620725
29 MAY 2006,48.75,50,48.5,48.5,17,10500,520475
26 MAY 2006,46.75,50,46.75,47.5,113,212700,10360875
25 MAY 2006,43.5,47,43.5,46,68,123300,5574125
24 MAY 2006,42.75,43.75,42,42.5,15,7300,311625
23 MAY 2006,42,44.25,42,42.75,7,5400,228675
22 MAY 2006,45,45,41,41.25,8,2000,83650
19 MAY 2006,42,44,40,43,33,48500,2084250
18 MAY 2006,42,43,39.75,40.25,14,5600,228750
17 MAY 2006,40,41,40,40.75,3,1500,61000
16 MAY 2006,39,39,39,39,1,100,3900
15 MAY 2006,37.75,40,36,40,5,800,29825
8 MAY 2006,36.75,40,36.75,39.25,3,500,19675
5 MAY 2006,40,41,40,40.75,3,1100,44800
4 MAY 2006,40.75,40.75,40.75,40.75,1,200,8150
3 MAY 2006,40,41,40,40.25,3,600,24200
2 MAY 2006,40,40,38.75,39.5,4,3800,151875
27 APR 2006,38,41.75,38,40,10,10900,437000
26 APR 2006,40,40,38,38,2,400,15800
25 APR 2006,40.75,42.5,40,41,6,1400,56875
24 APR 2006,45,47,40,42.75,7,3100,136050
20 APR 2006,42.25,44.75,42,44.75,6,900,38975
19 APR 2006,45,47,42.25,45,7,1300,59025
18 APR 2006,44,45,44,44.75,2,300,13400
17 APR 2006,38,45,38,43.25,3,800,34600
10 APR 2006,44,48,44,46.5,20,23300,1057300
7 APR 2006,44.5,45,44.5,44.75,3,300,13425
6 APR 2006,45,45,44.5,44.5,4,500,22450
5 APR 2006,42,49.5,42,44.75,32,35400,1564475
4 APR 2006,42,42.75,42,42.75,16,25100,1056850
3 APR 2006,37.25,42,37.25,42,5,1700,70825
30 MAR 2006,42,42.75,40.25,41.75,17,7000,292125
29 MAR 2006,44,44,43,43,5,6700,293800
28 MAR 2006,44,45,42.5,43.25,15,11800,520775
27 MAR 2006,41.75,44.5,41.75,42.25,24,69300,2930475
24 MAR 2006,42.25,42.25,42,42,3,1300,54650
23 MAR 2006,43.5,43.5,41,42.25,9,3300,141350
22 MAR 2006,39.75,42,39.5,41,27,34000,1393075
21 MAR 2006,39.75,39.75,39.75,39.75,1,500,19875
16 MAR 2006,40.75,40.75,40.75,40.75,1,1000,40750
15 MAR 2006,38.5,38.5,38.5,38.5,2,1200,46200
13 MAR 2006,38.5,38.5,38.5,38.5,2,200,7700
10 MAR 2006,40.75,40.75,40.75,40.75,1,100,4075
9 MAR 2006,40,42,40,40.75,4,1000,40600
8 MAR 2006,40,40,39,39.25,3,1300,51000
7 MAR 2006,41.75,41.75,40,40,2,1800,72175
6 MAR 2006,42.75,43,42.75,43,4,2200,94300
3 MAR 2006,42,43.75,42,42,3,2100,88375
2 MAR 2006,42.75,44.75,42.75,43.25,6,4700,203125
1 MAR 2006,42,45,42,43.25,9,3600,154675
28 FEB 2006,42,43,40,41,21,48000,1939675
27 FEB 2006,38.5,40,38.5,40,29,40000,1589550
24 FEB 2006,39,40,39,39,7,9300,363800
23 FEB 2006,38,39.5,37,39.25,19,15800,604400
22 FEB 2006,36.75,38,36.75,37,14,61700,2287000
21 FEB 2006,37.5,37.5,36.75,36.75,7,1200,44250
20 FEB 2006,37.75,37.75,35.25,35.5,9,4300,152875
17 FEB 2006,37,37,35.25,35.25,4,700,25450
16 FEB 2006,37,38,37,37.25,2,700,26100
15 FEB 2006,35.5,38,35.5,36.5,10,8200,299350
10 FEB 2006,34,37.5,34,36.25,14,19900,719750
9 FEB 2006,34,35,33,34,5,5700,194150
8 FEB 2006,33.25,35,33.25,34,19,26800,904825
7 FEB 2006,31.5,33,31.5,33,2,1100,34800
2 FEB 2006,33.25,33.25,33.25,33.25,1,200,6650
31 JAN 2006,33,34,33,33.5,6,2500,83700
30 JAN 2006,33,33,33,33,1,1000,33000
27 JAN 2006,33.5,34,30,31.25,9,2500,80700
26 JAN 2006,32.5,34,32.5,33.25,3,2000,66500
25 JAN 2006,29,32.5,29,31.5,4,1500,47250
24 JAN 2006,32.5,32.5,32.5,32.5,1,100,3250
23 JAN 2006,30.75,34.75,30.75,33.5,4,1100,36500
20 JAN 2006,30.75,31,30.75,30.75,4,1000,30875
18 JAN 2006,25,31,25,27.75,18,15500,428550
10 JAN 2006,28,28,28,28,1,200,5600
9 JAN 2006,24,24.5,24,24.5,3,500,12125
4 JAN 2006,29,29,29,29,1,500,14500
3 JAN 2006,29,29.75,26.5,27.5,8,3100,88725
2 JAN 2006,30,30,30,30,1,200,6000
30 DEC 2005,29.5,29.5,27,27,4,7100,199200
29 DEC 2005,26,30,26,27.25,16,7500,200050
28 DEC 2005,21.5,24,21.25,23.75,6,2000,43525
27 DEC 2005,25,25,23,23.75,6,1800,44200
23 DEC 2005,26.5,26.5,26.5,26.5,1,100,2650
22 DEC 2005,27,27,27,27,5,2000,54000
21 DEC 2005,28,28,28,28,2,400,11200
16 DEC 2005,27.75,31.5,27.5,31.5,8,3600,100100
12 DEC 2005,32,32,32,32,2,300,9600
8 DEC 2005,30,32,30,30.5,2,800,24400
7 DEC 2005,30,30,30,30,3,1000,30000
6 DEC 2005,29,29,28,28.25,3,1600,45275
5 DEC 2005,30,30,29,29.25,12,10400,305050
2 DEC 2005,30.5,30.75,30.5,30.75,4,2100,64300
1 DEC 2005,33,33,30,30.25,6,1900,58450
28 NOV 2005,34,36.5,34,36.25,5,2200,77850
25 NOV 2005,33,33,33,33,2,2600,85800
24 NOV 2005,36,36,35,35,5,3300,118450
23 NOV 2005,33.5,38.5,33.5,34.5,7,9000,317350
22 NOV 2005,35,35,35,35,1,1000,35000
21 NOV 2005,31,33,28.5,29,7,7600,223100
16 NOV 2005,33,37,33,36.75,6,4100,146175
14 NOV 2005,36.75,36.75,36.75,36.75,1,200,7350
11 NOV 2005,37,37,37,37,1,1000,37000
10 NOV 2005,37,37,37,37,1,3000,111000
9 NOV 2005,36,36,35.75,36,10,11400,410275
7 NOV 2005,38,39,38,38.75,4,2500,96600
3 NOV 2005,37,38.75,37,38,4,2000,75225
2 NOV 2005,37.5,40,35.25,37.75,10,19700,742075
31 OCT 2005,37.5,37.5,37.5,37.5,2,600,22500
28 OCT 2005,34.5,37.75,34.5,36,4,2000,72100
27 OCT 2005,34,37.75,34,37.5,5,2000,73825
24 OCT 2005,38.5,38.75,38,38.5,4,1000,38475
21 OCT 2005,37.5,38.75,35.25,37.5,7,2600,97650
20 OCT 2005,38,40,38,38.5,14,13900,535150
19 OCT 2005,37.75,38.5,37.5,38,31,32200,1223900
18 OCT 2005,34,38,34,36.75,35,56500,2086750
14 OCT 2005,36,36.5,33.25,34.5,25,20900,732500
13 OCT 2005,32,36,32,35,51,317100,11099250
12 OCT 2005,32,35,32,34.5,32,26400,904000
11 OCT 2005,32,32,32,32,1,500,16000
7 OCT 2005,32,32,30,31,3,1800,55300
6 OCT 2005,29.5,29.5,29.5,29.5,1,100,2950
5 OCT 2005,30,33,30,32,8,3300,105775
4 OCT 2005,32.25,32.5,30.25,30.75,7,3100,96975
3 OCT 2005,31.75,33,31,32.5,24,20600,657475
30 SEP 2005,31,31.75,28.5,31,23,1081900,32465225
29 SEP 2005,28,31,28,29.5,5,900,26650
27 SEP 2005,31,31,31,31,1,1000,31000
26 SEP 2005,31,31,30,30,8,3600,108600
23 SEP 2005,32,33,28,30.5,11,7200,220550
22 SEP 2005,27.5,31,26.5,30,67,657200,19621350
21 SEP 2005,28,28,28,28,1,500,14000
20 SEP 2005,27,28,27,27.75,29,277100,7601875
19 SEP 2005,27,27.25,26,26.25,17,443100,11962425
16 SEP 2005,27.5,27.5,27.5,27.5,1,500,13750
15 SEP 2005,26.5,26.5,26.5,26.5,1,500,13250
12 SEP 2005,26.5,26.5,26.5,26.5,1,1000,26500
9 SEP 2005,27.25,27.25,27,27.25,2,300,8150
8 SEP 2005,27,27.5,27,27.25,3,2000,54500
6 SEP 2005,27,27,27,27,3,2000,54000
5 SEP 2005,27,27,27,27,3,7000,189000
30 AUG 2005,27,27.5,27,27,3,1300,35250
29 AUG 2005,27,27.75,27,27.5,5,6100,166700
26 AUG 2005,26.75,27,26.5,27,8,6800,182850
24 AUG 2005,25,26.75,25,26.25,4,400,10375
22 AUG 2005,27,27,27,27,1,200,5400
17 AUG 2005,26.75,27,26.75,26.75,2,900,24175
15 AUG 2005,25.5,26.5,25.25,26.5,7,2600,66650
11 AUG 2005,26,27,26,27,10,10200,272900
10 AUG 2005,27,27,27,27,1,200,5400
9 AUG 2005,25.25,25.5,25,25.5,6,17400,441950
8 AUG 2005,25,26,25,26,5,8500,214500
5 AUG 2005,27.5,27.5,27.5,27.5,4,12300,338250
4 AUG 2005,27.5,27.5,27,27,2,900,24600
3 AUG 2005,27.5,27.75,27.5,27.5,10,125900,3462375
2 AUG 2005,27.5,27.5,27.5,27.5,1,1000,27500
1 AUG 2005,27,27.5,27,27.5,19,30200,829875
29 JUL 2005,26.5,27.5,26.5,27,21,61500,1657625
26 JUL 2005,26.5,27.5,26.5,27.25,4,2600,70650
25 JUL 2005,25.5,26.5,25.5,26.5,20,48900,1291500
22 JUL 2005,26.25,26.5,25.5,25.5,4,2100,54500
20 JUL 2005,26.5,26.5,26,26,12,21600,568325
19 JUL 2005,26,26.5,26,26.25,7,12300,321100
14 JUL 2005,26.5,28,26,26.75,16,15300,407000
13 JUL 2005,28,28.75,26.75,26.75,12,4800,132475
12 JUL 2005,27,28,27,27.5,11,9200,253100
11 JUL 2005,26,30,26,27,25,46000,1264650
8 JUL 2005,26,26,26,26,1,200,5200
7 JUL 2005,26,26.25,26,26.25,4,5800,152000
5 JUL 2005,25.25,26,25,25.5,7,2200,55975
4 JUL 2005,26,26.25,25.5,25.5,3,1200,30725
1 JUL 2005,26.25,26.25,25.25,25.25,2,1400,35850
30 JUN 2005,25,26.5,25,26.25,6,3700,97300
29 JUN 2005,26.25,26.5,26.25,26.5,3,3500,92650
28 JUN 2005,25,26.5,25,25.5,11,24000,601750
27 JUN 2005,25,26.5,24.25,26.25,8,3600,90625
23 JUN 2005,25.5,25.75,25.25,25.5,4,1900,48575
22 JUN 2005,25,25.75,25,25.5,14,55900,1399950
20 JUN 2005,25,25,25,25,1,3500,87500
17 JUN 2005,24.25,25.75,24.25,25.5,5,14700,363125
16 JUN 2005,25.75,25.75,24,24,2,600,14575
15 JUN 2005,26,26,26,26,1,500,13000
14 JUN 2005,24,26,24,25,9,10500,262200
10 JUN 2005,24,24,23,23,3,5200,119800
9 JUN 2005,25,25,24,24,5,2500,60500
8 JUN 2005,24.5,25,24.5,24.75,2,800,19850
7 JUN 2005,24,24,23.5,23.75,9,3500,82575
6 JUN 2005,25,25,24,24,14,19500,469450
2 JUN 2005,26,27,25,25.25,9,2900,74950
1 JUN 2005,25,25,25,25,2,500,12500
31 MAY 2005,26,26.5,26,26.25,4,3200,83450
30 MAY 2005,27.75,27.75,26,26,19,18100,474950
27 MAY 2005,27.5,28,27,27,9,6400,173625
26 MAY 2005,27.25,28,27,27,10,9600,260325
25 MAY 2005,28,29.25,27.25,28,9,8500,239900
20 MAY 2005,27,28.5,26.75,28,101,174000,4762650
19 MAY 2005,26,27.25,26,26.5,75,203600,5434900
18 MAY 2005,24.5,26,24.5,25.25,19,42500,1069125
17 MAY 2005,24,25,24,24.25,45,145200,3513125
16 MAY 2005,23.25,23.5,23.25,23.5,7,3100,72700
13 MAY 2005,23,23.75,23,23.75,4,13400,309100
12 MAY 2005,23,23,22.25,22.5,7,7400,167350
11 MAY 2005,25,25,23,23,30,26700,638825
10 MAY 2005,24.5,25,24,24.75,51,77200,1885200
9 MAY 2005,22.25,25,22.25,24,56,117600,2810850
6 MAY 2005,22,22.5,22,22.25,10,6200,137350
5 MAY 2005,22.5,22.5,22,22,20,23800,524600
4 MAY 2005,22,22.25,22,22,36,435400,9581075
3 MAY 2005,22.25,22.25,22,22,36,202900,4464175
29 APR 2005,22,22.25,21.75,22.25,15,30900,682575
28 APR 2005,21.5,22,21.5,22,4,2500,54400
27 APR 2005,22,22.25,21.5,21.5,8,10200,223350
26 APR 2005,21.5,22.5,21.5,22,15,22000,483700
25 APR 2005,21,21,21,21,16,35300,741300
21 APR 2005,20.5,21,20.5,21,5,2000,41600
20 APR 2005,21.25,21.25,20.75,21,15,11100,234225
19 APR 2005,21.25,21.25,21.25,21.25,9,10500,223125
18 APR 2005,22,22,21.25,21.5,4,1800,38700
15 APR 2005,23,23,21.25,21.75,12,6100,133925
12 APR 2005,24,24.25,23.75,24,26,34200,820925
11 APR 2005,23.25,24,23.25,24,23,87500,2091950
8 APR 2005,23,23.25,23,23.25,10,13800,319025
7 APR 2005,23.25,23.25,22.75,23,17,25000,575025
6 APR 2005,23.5,23.5,23,23.5,9,11500,268625
5 APR 2005,23,24,23,23.5,20,15200,356150
4 APR 2005,22.5,23.25,22.5,23.25,38,189600,4335500
1 APR 2005,22,22.75,22,22,22,159200,3503650
31 MAR 2005,22,22,21.75,22,13,35300,775850
30 MAR 2005,22,22.5,22,22,4,21500,473500
29 MAR 2005,21.75,22,21.75,22,10,27800,609150
28 MAR 2005,21.5,22,21.5,21.5,11,35300,764975
24 MAR 2005,21,21.5,20.75,21.25,12,36200,766125
23 MAR 2005,20.5,21.5,20.5,21,15,23000,479400
22 MAR 2005,21,21.25,20.5,21,29,56800,1192850
21 MAR 2005,21,21,21,21,3,2500,52500
18 MAR 2005,22,22,20.75,21,18,35000,755500
17 MAR 2005,22.5,22.75,22,22.25,12,37000,832625
16 MAR 2005,22.75,22.75,22,22.25,18,166900,3789350
15 MAR 2005,22.75,22.75,22.25,22.25,10,104900,2385050
14 MAR 2005,23,23.5,22.75,22.75,31,68200,1565400
11 MAR 2005,21.25,22.5,21.25,22.25,104,353600,7752850
10 MAR 2005,20.5,20.5,20.5,20.5,2,200,4100
9 MAR 2005,20.25,20.5,20,20.5,12,10200,208250
7 MAR 2005,20,20,19.75,20,11,9100,181975
4 MAR 2005,20,20,20,20,10,34100,682000
3 MAR 2005,20.5,20.75,20,20.5,16,19400,395575
2 MAR 2005,20,20.5,20,20.5,6,2400,48250
1 MAR 2005,21,21,20.5,20.5,12,11000,228475
28 FEB 2005,21,21,21,21,1,2000,42000
25 FEB 2005,21,21.5,21,21.25,15,32600,699875
24 FEB 2005,22,22,21.25,21.25,9,14000,302850
22 FEB 2005,21.75,22,21.5,21.5,19,16000,346075
21 FEB 2005,22,22,21.75,21.75,48,159800,3503075
18 FEB 2005,21,22,21,21.5,56,120800,2630900
17 FEB 2005,20.25,21,20,20.75,53,94800,1970850
16 FEB 2005,19.25,20.5,19.25,20,141,520600,10419375
15 FEB 2005,18.25,19.5,18.25,19.25,80,249900,4767400
14 FEB 2005,18.25,18.25,18.25,18.25,3,5500,100375
11 FEB 2005,18,18,18,18,5,5800,104400
10 FEB 2005,18,18,18,18,1,2000,36000
9 FEB 2005,18,18,18,18,5,9500,171000
8 FEB 2005,17.5,17.5,17.5,17.5,2,300,5250
7 FEB 2005,18,18,18,18,2,600,10800
3 FEB 2005,17.5,18.5,17.5,18.25,16,26100,468450
2 FEB 2005,17.25,17.5,17.25,17.5,11,13600,237850
1 FEB 2005,17,17.5,17,17.25,5,3700,63750
31 JAN 2005,17.5,17.5,17.5,17.5,2,1500,26250
28 JAN 2005,17.5,17.5,17.5,17.5,5,6200,108500
26 JAN 2005,17.5,17.5,17.5,17.5,4,5400,94500
25 JAN 2005,17.75,17.75,17.5,17.5,12,13800,242000
20 JAN 2005,17.75,17.75,17.5,17.5,2,600,10525
19 JAN 2005,17.5,17.5,17.5,17.5,2,4000,70000
18 JAN 2005,17.5,17.5,17.5,17.5,1,2200,38500
17 JAN 2005,17.75,17.75,17.75,17.75,1,1000,17750
13 JAN 2005,17.25,17.5,17.25,17.5,7,22100,383750
12 JAN 2005,17,17.25,17,17,16,29200,497150
11 JAN 2005,17,17,16.75,17,6,5600,95125
10 JAN 2005,17,17,17,17,3,4300,73100
7 JAN 2005,17,17,16.75,17,4,3200,54350
6 JAN 2005,17.5,17.5,17,17,34,75500,1284750
5 JAN 2005,17.5,17.5,17.5,17.5,7,5500,96250
4 JAN 2005,17.5,17.5,17.5,17.5,1,500,8750
3 JAN 2005,17,17,17,17,4,5900,100300
31 DEC 2004,17.5,17.5,17.5,17.5,3,1600,28000
30 DEC 2004,17.5,18.5,17.5,17.5,5,6500,114250
22 DEC 2004,17.5,17.5,17.5,17.5,1,100,1750
21 DEC 2004,17,17,17,17,4,3100,52700
20 DEC 2004,17,17,17,17,6,1500,25500
17 DEC 2004,17.5,17.5,17.5,17.5,1,100,1750
16 DEC 2004,17.75,17.75,17.5,17.5,4,3200,56750
15 DEC 2004,17.75,17.75,17.75,17.75,3,1400,24850
14 DEC 2004,17.5,17.5,17.5,17.5,1,1000,17500
13 DEC 2004,17,17.5,17,17.5,3,1700,29250
10 DEC 2004,17.25,17.25,17.25,17.25,1,500,8625
9 DEC 2004,17.25,17.25,17,17.25,3,1900,32575
8 DEC 2004,17.75,17.75,17.5,17.5,3,300,5275
6 DEC 2004,17.75,18,17.75,18,13,58000,1043750
2 DEC 2004,17,17,17,17,1,100,1700
1 DEC 2004,17,17,17,17,1,500,8500
30 NOV 2004,18,18.25,17.25,17.5,12,11500,205450
25 NOV 2004,17,17,17,17,1,1000,17000
24 NOV 2004,17,17,17,17,7,12200,207400
23 NOV 2004,17,17,17,17,5,3100,52700
19 NOV 2004,17.5,17.5,17.5,17.5,3,1500,26250
18 NOV 2004,17,17,17,17,2,500,8500
17 NOV 2004,17,17,17,17,4,1500,25500
15 NOV 2004,17,17.25,17,17,9,27600,469700
12 NOV 2004,17.5,18,17.5,18,4,29800,534600
10 NOV 2004,17,17,17,17,1,1000,17000
9 NOV 2004,17,17.25,17,17,2,1800,30800
8 NOV 2004,17.5,17.5,16,17.25,12,10600,176450
5 NOV 2004,17.25,17.5,17.25,17.5,3,1800,31300
4 NOV 2004,18,18,18,18,1,100,1800
3 NOV 2004,18,18,18,18,3,1400,25200
2 NOV 2004,18.25,18.25,18,18,9,8300,150650
1 NOV 2004,19,19.25,18.25,18.5,39,115000,2182100
29 OCT 2004,17,19,17,18.5,42,94300,1730100
25 OCT 2004,17,17,17,17,3,2000,34000
22 OCT 2004,17.25,17.5,17.25,17.25,6,6000,103750
21 OCT 2004,17.5,17.5,17.5,17.5,2,5000,87500
19 OCT 2004,17.5,17.5,17.5,17.5,3,10500,183750
18 OCT 2004,17.5,17.5,17,17.5,4,6400,111450
15 OCT 2004,17.5,17.5,17.5,17.5,2,700,12250
14 OCT 2004,17.5,17.5,17.5,17.5,2,3500,61250
13 OCT 2004,17.75,17.75,17.25,17.25,4,9500,164000
12 OCT 2004,17.5,17.5,17.5,17.5,8,5700,99750
7 OCT 2004,17.5,17.5,17.5,17.5,3,10200,178500
6 OCT 2004,17.75,17.75,17.75,17.75,1,100,1775
4 OCT 2004,18,18,18,18,1,1000,18000
1 OCT 2004,17.5,18,17.5,18,4,2100,37500
30 SEP 2004,18,18,18,18,8,8800,158400
29 SEP 2004,17.5,17.5,17.5,17.5,2,15000,262500
27 SEP 2004,18,18,18,18,1,900,16200
24 SEP 2004,17.75,17.75,17.75,17.75,4,6300,111825
23 SEP 2004,17.5,17.5,17.5,17.5,7,37000,647500
22 SEP 2004,17.25,17.25,17.25,17.25,2,35000,603750
21 SEP 2004,18,18,17.75,18,7,7600,136400
20 SEP 2004,18,18,18,18,10,63100,1135800
17 SEP 2004,17.25,17.75,17.25,17.75,17,31000,549525
16 SEP 2004,17.25,17.25,17.25,17.25,3,2100,36225
15 SEP 2004,17,17,17,17,1,1000,17000
13 SEP 2004,17,17,17,17,3,12000,204000
10 SEP 2004,17.5,17.5,17.25,17.25,5,45100,788750
8 SEP 2004,17.25,17.5,17.25,17.5,5,59400,1037700
7 SEP 2004,17,17,17,17,1,100,1700
6 SEP 2004,17.25,17.25,17,17,8,108700,1851425
1 SEP 2004,17.25,17.25,17.25,17.25,2,2200,37950
31 AUG 2004,16.75,16.75,16.75,16.75,2,600,10050
30 AUG 2004,17.5,17.5,17.5,17.5,7,20500,358750
27 AUG 2004,17,17,17,17,2,3000,51000
26 AUG 2004,16,16,16,16,2,2200,35200
25 AUG 2004,17,17.25,17,17,8,12900,220375
24 AUG 2004,17.5,17.5,17.5,17.5,1,2000,35000
23 AUG 2004,17,17,17,17,1,1000,17000
20 AUG 2004,17,17.5,17,17,10,223800,3804675
19 AUG 2004,17,17,17,17,27,82500,1402500
18 AUG 2004,17.25,17.25,17,17,4,2500,42625
17 AUG 2004,17.25,17.25,17.25,17.25,8,8800,151800
16 AUG 2004,17.75,18,17.25,17.25,11,21000,372975
13 AUG 2004,18,18.25,17.75,17.75,18,30900,555200
11 AUG 2004,17.5,17.75,17.5,17.75,5,8000,141750
10 AUG 2004,17.5,17.75,17.5,17.75,5,9100,160650
9 AUG 2004,18.5,18.75,17.75,17.75,23,87300,1580725
6 AUG 2004,17.5,18.75,17.5,18,49,157200,2865050
5 AUG 2004,17.5,17.5,17.5,17.5,1,400,7000
4 AUG 2004,17.75,18.25,17,17.5,21,63200,1112550
3 AUG 2004,17.25,17.25,17.25,17.25,1,200,3450
2 AUG 2004,18,18,17.25,17.25,2,1100,19050
30 JUL 2004,17.25,17.25,17.25,17.25,6,7000,120750
29 JUL 2004,17.25,17.25,17.25,17.25,6,6000,103500
28 JUL 2004,17.5,17.5,17.25,17.25,3,2800,48425
27 JUL 2004,17.5,17.5,17.25,17.25,14,10000,172575
26 JUL 2004,17.5,17.5,17.25,17.25,8,12200,212350
23 JUL 2004,17.5,17.5,17,17,8,19200,330150
22 JUL 2004,18,18,17.5,17.5,9,19600,349550
21 JUL 2004,17.5,17.5,17.25,17.5,20,18700,327125
20 JUL 2004,17,18,17,17.25,13,19500,338625
19 JUL 2004,17.25,17.5,17,17,27,85500,1462425
16 JUL 2004,18,18,17.25,17.25,27,70500,1245050
15 JUL 2004,18,18.5,17.5,17.5,59,113600,2062325
14 JUL 2004,17,18,17,17.5,47,145000,2502200
13 JUL 2004,17,17,17,17,11,15500,263500
12 JUL 2004,17,17,17,17,8,202300,3439100
9 JUL 2004,17,17,17,17,5,86600,1472200
8 JUL 2004,17,17,16.75,17,8,75700,1281050
7 JUL 2004,17,17,17,17,2,1500,25500
6 JUL 2004,17,17.25,17,17,18,115200,1959650
5 JUL 2004,17,17.25,17,17.25,7,25900,441600
1 JUL 2004,17,17.25,17,17,2,700,11950
30 JUN 2004,17,17.5,17,17.25,5,16200,278500
25 JUN 2004,17,17.25,17,17,17,94400,1606475
23 JUN 2004,17,17,17,17,1,400,6800
22 JUN 2004,17,17,17,17,1,200,3400
18 JUN 2004,17.5,18,17.5,17.75,5,2500,44075
17 JUN 2004,17.5,17.5,17.5,17.5,12,9600,168000
16 JUN 2004,17.25,18,17.25,17.5,4,3000,52750
15 JUN 2004,17.25,17.25,17.25,17.25,3,2000,34500
14 JUN 2004,17.25,17.25,17.25,17.25,2,300,5175
11 JUN 2004,16.5,17.5,16.5,17.5,5,3600,62450
10 JUN 2004,16.25,16.25,16.25,16.25,1,500,8125
9 JUN 2004,16.5,16.5,16,16,13,40500,654175
8 JUN 2004,17,17,17,17,4,2800,47600
4 JUN 2004,17.75,17.75,17,17.75,3,18800,333175
3 JUN 2004,17.75,17.75,17.75,17.75,7,4500,79875
1 JUN 2004,18.25,18.25,18,18,4,1500,27075
31 MAY 2004,17.75,18.25,17.75,18.25,30,203400,3710000
28 MAY 2004,17.5,17.5,17.5,17.5,2,1500,26250
27 MAY 2004,17.75,17.75,17.75,17.75,3,4000,71000
26 MAY 2004,17.5,17.5,17.5,17.5,8,10100,176750
25 MAY 2004,18,18,17.75,18,3,4000,71800
24 MAY 2004,18,18,18,18,1,100,1800
21 MAY 2004,18,18,18,18,1,500,9000
20 MAY 2004,17.75,18.25,17.75,18,31,84400,1522250
19 MAY 2004,17.5,17.5,17,17,4,10600,185300
18 MAY 2004,17,17.5,16.5,17.5,8,16700,288900
17 MAY 2004,17.5,17.5,17.25,17.25,7,21900,382850
14 MAY 2004,17.25,17.5,16.75,17.25,7,5300,90975
13 MAY 2004,17.5,17.5,17,17.25,7,17900,305375
12 MAY 2004,16.75,17.5,16.75,17.5,12,55400,968225
10 MAY 2004,16.5,16.75,16.5,16.5,5,1800,29775
6 MAY 2004,17,17,16.5,16.5,4,1100,18200
29 APR 2004,16.5,16.5,16.5,16.5,1,100,1650
28 APR 2004,16.5,16.5,16.5,16.5,2,1000,16500
27 APR 2004,17,17,17,17,3,800,13600
26 APR 2004,16.5,16.5,16.5,16.5,2,300,4950
23 APR 2004,16.75,16.75,16.75,16.75,1,500,8375
22 APR 2004,16.5,16.5,16.5,16.5,6,5400,89100
21 APR 2004,16.25,16.5,16.25,16.25,5,1200,19625
20 APR 2004,16,16,16,16,1,1000,16000
19 APR 2004,15.75,15.75,15.75,15.75,2,500,7875
16 APR 2004,16.5,16.5,16.5,16.5,3,700,11550
15 APR 2004,16.75,16.75,16.75,16.75,1,1000,16750
8 APR 2004,16.75,17.5,16.75,17,16,24300,413025
7 APR 2004,17,17.75,16.5,17.5,14,25100,427050
6 APR 2004,15,17.25,15,17,16,16600,275450
2 APR 2004,18,19.5,18,19.25,28,50000,957450
1 APR 2004,18,18,17.75,18,8,7100,127300
31 MAR 2004,17.25,17.5,17.25,17.5,11,12500,218325
30 MAR 2004,17,17.5,17,17.25,7,10200,175900
29 MAR 2004,17,17,17,17,13,13000,221000
26 MAR 2004,17,17,17,17,20,29800,506600
25 MAR 2004,16.5,17,16.5,17,2,2800,46600
24 MAR 2004,16.75,16.75,16.75,16.75,1,1000,16750
23 MAR 2004,16.5,17,16.5,16.5,17,76900,1271350
22 MAR 2004,16.5,16.5,16.5,16.5,2,1000,16500
19 MAR 2004,16.5,16.75,16.5,16.75,3,3000,50000
18 MAR 2004,17,17,16.5,16.5,11,7700,127900
17 MAR 2004,17,17,17,17,4,2500,42500
15 MAR 2004,17,17,17,17,12,17300,294100
12 MAR 2004,17.5,17.5,17,17,7,12500,212550
11 MAR 2004,17.25,17.25,17,17,5,2600,44350
10 MAR 2004,17,17,17,17,2,5000,85000
5 MAR 2004,16.5,17,16.5,16.75,3,800,13350
4 MAR 2004,17,17,17,17,1,100,1700
1 MAR 2004,18.5,18.5,18.5,18.5,1,200,3700
27 FEB 2004,17.5,19,17.5,18.75,20,16800,307075
26 FEB 2004,17.25,17.75,17,17.5,10,3500,60475
25 FEB 2004,16.5,16.75,16.5,16.75,5,6100,102150
24 FEB 2004,16.5,16.75,16.5,16.75,7,4500,74750
23 FEB 2004,16,16.5,16,16.5,5,8700,143500
20 FEB 2004,15,15,15,15,1,100,1500
17 FEB 2004,15,16,14.5,14.5,4,6000,87650
13 FEB 2004,14,16,14,15,28,31800,473650
12 FEB 2004,13.25,13.5,13.25,13.5,2,600,8075
11 FEB 2004,12.5,14,12,13,28,37100,480200
10 FEB 2004,12.75,12.75,11,11,40,101300,1134500
9 FEB 2004,12.75,13,12.75,12.75,3,700,8975
6 FEB 2004,16,16,16,16,3,3000,48000
3 FEB 2004,16.5,16.5,15.5,15.5,5,6400,103600
30 JAN 2004,16.75,16.75,16.5,16.5,6,3100,51525
29 JAN 2004,17,17,16.75,16.75,5,7500,125750
27 JAN 2004,18,18,18,18,3,2000,36000
26 JAN 2004,17,18.5,16.5,17.75,15,96700,1702075
23 JAN 2004,17,17,14.75,14.75,30,302000,4585325
22 JAN 2004,17.5,17.5,17,17,5,12600,216700
21 JAN 2004,17,17,17,17,1,500,8500
20 JAN 2004,16,16,16,16,2,2500,40000
16 JAN 2004,16.25,16.25,16.25,16.25,1,200,3250
14 JAN 2004,18,19,18,18.5,48,182900,3436150
13 JAN 2004,17,17.25,17,17.25,4,12300,212150
9 JAN 2004,16.25,16.5,16.25,16.5,2,2500,40750
5 JAN 2004,16.5,16.5,16,16,2,1200,19300
2 JAN 2004,16.5,16.5,16.5,16.5,1,100,1650
31 DEC 2003,13.5,14,13.5,14,2,700,9750
18 DEC 2003,13.25,13.25,13.25,13.25,1,400,5300
17 DEC 2003,15,15,14.5,15,2,5500,82250
16 DEC 2003,16,16,14.75,15,8,42000,639675
15 DEC 2003,17,17,17,17,1,100,1700
9 DEC 2003,18.5,18.5,18.5,18.5,2,1600,29600
5 DEC 2003,17.5,18,17.5,18,2,1400,24950
4 DEC 2003,18.5,18.5,17.5,17.5,5,6200,113025
3 DEC 2003,18.25,18.25,18.25,18.25,3,2300,41975
1 DEC 2003,18.5,18.5,18.5,18.5,1,400,7400
28 NOV 2003,18,19,18,18.5,3,1700,31600
25 NOV 2003,18.25,18.25,18,18,7,5700,103225
24 NOV 2003,18.25,19,18.25,18.75,3,1000,18700
21 NOV 2003,18.5,18.5,18.25,18.5,3,2100,38600
20 NOV 2003,18,18.5,18,18.25,15,15600,284800
19 NOV 2003,18,18,18,18,17,11400,205200
18 NOV 2003,18,18,16.75,17,10,29700,524850
17 NOV 2003,15.5,18,15.5,15.5,4,19500,303500
14 NOV 2003,17.5,17.5,16,16,28,30100,492550
13 NOV 2003,16.75,17.75,16.75,17.5,19,45500,785375
12 NOV 2003,16,16.5,15,16.5,16,88700,1392200
11 NOV 2003,15.5,15.5,14.75,15,16,8900,133975
10 NOV 2003,18,18,16,16,11,53000,851400
7 NOV 2003,18,19.5,18,19.5,10,11900,230150
5 NOV 2003,16,17.5,14.25,16.25,12,16000,261600
4 NOV 2003,20,20,18,18,3,1200,23600
3 NOV 2003,20.25,20.25,20,20,4,30000,606250
31 OCT 2003,20.25,20.5,20.25,20.25,2,2200,44600
30 OCT 2003,20,20,20,20,2,10000,200000
29 OCT 2003,20.5,20.75,20.5,20.5,6,7800,159975
28 OCT 2003,21,21,20.5,20.5,2,2200,45200
27 OCT 2003,21,21,21,21,5,6600,138600
22 OCT 2003,21,21,21,21,2,1000,21000
20 OCT 2003,21.5,21.5,21.5,21.5,3,3500,75250
17 OCT 2003,22,22,22,22,2,200,4400
16 OCT 2003,22,22,22,22,1,400,8800
15 OCT 2003,21,22,21,22,2,600,13100
14 OCT 2003,21.5,22.25,21.25,22.25,17,122200,2706450
13 OCT 2003,21.5,21.75,21.5,21.5,4,2400,51850
10 OCT 2003,21.5,22,21.5,22,12,14700,322300
8 OCT 2003,22.75,22.75,21.5,21.5,2,300,6575
7 OCT 2003,24,24,21,23,5,3000,69000
6 OCT 2003,24,24,23,23.5,29,31700,750650
3 OCT 2003,19,22,19,21.75,30,105200,2272250
2 OCT 2003,20,20,20,20,1,3000,60000
1 OCT 2003,20.5,20.5,20,20.5,3,68500,1398150
30 SEP 2003,21,21,21,21,9,25000,525000
29 SEP 2003,21,21,20,20,4,5100,107000
24 SEP 2003,21,22,21,21.25,7,9600,204350
23 SEP 2003,20,21,20,21,30,177200,3677325
22 SEP 2003,20,20,20,20,6,3400,68000
19 SEP 2003,19.5,20,19.5,20,11,46400,923250
18 SEP 2003,20,20,19.75,19.75,7,16800,334750
17 SEP 2003,20,20,20,20,11,19900,398000
15 SEP 2003,20,20.25,20,20,15,20500,410050
12 SEP 2003,20,20,20,20,16,22400,448000
11 SEP 2003,19.25,20,19.25,20,30,81700,1631100
9 SEP 2003,19,19,18.75,19,9,14800,281175
8 SEP 2003,19,19,19,19,5,10500,199500
5 SEP 2003,19,20,18.5,19.75,20,27300,536425
4 SEP 2003,18,18.5,18,18.5,10,27700,510950
3 SEP 2003,18,18.25,18,18.25,6,28600,521450
2 SEP 2003,18,18,17.75,18,12,23700,425375
1 SEP 2003,18,18,18,18,2,1200,21600
29 AUG 2003,18,18,18,18,3,1000,18000
28 AUG 2003,18,18,18,18,1,400,7200
27 AUG 2003,18.25,18.25,18,18.25,9,66700,1208775
26 AUG 2003,18,18,18,18,1,100,1800
25 AUG 2003,18.75,18.75,18.75,18.75,1,1000,18750
22 AUG 2003,18.5,18.75,18.5,18.75,9,15700,292400
21 AUG 2003,18.75,18.75,18.75,18.75,2,400,7500
20 AUG 2003,19,19,18.5,18.75,6,3900,72925
19 AUG 2003,19,19,19,19,14,61700,1172300
18 AUG 2003,19,19.25,19,19,20,102600,1949675
15 AUG 2003,19,19,19,19,11,21900,416100
14 AUG 2003,18.5,19,18.5,19,35,120400,2283525
13 AUG 2003,18.75,18.75,18.5,18.5,3,1800,33375
12 AUG 2003,18.75,18.75,18.75,18.75,1,500,9375
8 AUG 2003,19,19,19,19,1,400,7600
7 AUG 2003,19,19,19,19,10,29000,551000
6 AUG 2003,18.5,18.5,18.5,18.5,5,4300,79550
5 AUG 2003,18.75,18.75,18.75,18.75,2,300,5625
4 AUG 2003,19,19,19,19,4,1200,22800
1 AUG 2003,19,19.25,19,19.25,13,68100,1294400
31 JUL 2003,18.75,19,18.75,19,15,69200,1313125
29 JUL 2003,18.75,19,18.75,19,8,11700,222250
28 JUL 2003,18.5,19,18.5,19,11,26200,497250
25 JUL 2003,19,19,19,19,1,1000,19000
24 JUL 2003,18.75,19,18.75,19,20,93200,1768300
23 JUL 2003,18.75,18.75,18.75,18.75,1,1500,28125
22 JUL 2003,18.5,19,18.5,19,13,36700,695175
21 JUL 2003,18.5,18.5,18.5,18.5,8,14300,264550
18 JUL 2003,18.25,18.75,18.25,18.5,12,12900,237025
17 JUL 2003,18.5,18.5,18,18.25,6,3500,64225
16 JUL 2003,18.5,18.75,18,18.5,24,50300,932675
15 JUL 2003,18,18.25,17.5,18,12,20800,372900
14 JUL 2003,18,18,18,18,17,12500,225000
11 JUL 2003,18,18,18,18,4,1900,34200
10 JUL 2003,17,18,17,17.25,19,23100,395150
9 JUL 2003,16.75,16.75,16,16,12,9900,161250
8 JUL 2003,17,17,16.75,16.75,9,12800,215900
7 JUL 2003,17,17,17,17,1,1500,25500
4 JUL 2003,15.75,18,15.5,16.75,23,18500,306250
3 JUL 2003,16.25,16.25,16.25,16.25,1,500,8125
2 JUL 2003,17,17,16,16.25,18,13100,220600
1 JUL 2003,17.5,17.5,17,17.25,10,15700,270550
30 JUN 2003,19,19,17.25,17.5,16,32400,565775
27 JUN 2003,17.75,19.5,17.5,19.25,18,27100,518825
26 JUN 2003,20,20.5,17.5,17.5,43,57900,1078700
25 JUN 2003,19.5,20.75,19,20,75,468800,9295625
24 JUN 2003,17.5,20,17.5,19,53,112300,2120600
23 JUN 2003,16.5,18,16.5,17.25,27,41500,708950
20 JUN 2003,15.25,16,15.25,16,15,25100,399025
19 JUN 2003,15,15.25,15,15,14,23800,357075
18 JUN 2003,14.5,14.75,14.5,14.75,19,146000,2150725
17 JUN 2003,14.5,14.75,14.5,14.75,17,17900,260550
16 JUN 2003,14,14.25,14,14.25,5,1600,22700
13 JUN 2003,14.25,14.25,14.25,14.25,5,7200,102600
12 JUN 2003,14.25,14.25,14,14.25,10,48200,686250
11 JUN 2003,14.25,14.25,14,14.25,14,44300,631250
10 JUN 2003,14.5,14.5,14.25,14.25,26,95600,1382625
9 JUN 2003,14.25,14.25,14.25,14.25,11,8100,115425
6 JUN 2003,14.25,14.25,14,14,5,2900,41000
5 JUN 2003,13.5,14,13.5,14,16,103700,1426200
4 JUN 2003,13.5,13.5,13.25,13.5,10,53400,720575
2 JUN 2003,13.25,13.25,13.25,13.25,3,400,5300
30 MAY 2003,13.25,13.25,13.25,13.25,1,400,5300
28 MAY 2003,13,13,13,13,5,1000,13000
27 MAY 2003,13,13,13,13,7,8000,104000
23 MAY 2003,13.25,13.25,13.25,13.25,1,3000,39750
22 MAY 2003,13.5,13.5,13.5,13.5,3,17000,229500
21 MAY 2003,14,14,13.75,13.75,3,3000,41500
20 MAY 2003,13,13,13,13,1,200,2600
19 MAY 2003,13.75,13.75,13.75,13.75,1,2000,27500
13 MAY 2003,14,14,14,14,1,100,1400
12 MAY 2003,13.5,14,13.5,14,7,8800,122200
9 MAY 2003,14,14,14,14,16,18400,257600
8 MAY 2003,14.25,14.5,14.25,14.5,25,150600,2183550
7 MAY 2003,14,14.25,14,14.25,11,11300,159725
6 MAY 2003,14,14,14,14,4,3400,47600
5 MAY 2003,14,14,14,14,1,100,1400
2 MAY 2003,13.75,14.25,13.75,14.25,5,2300,31925
30 APR 2003,14,14.25,14,14,12,8500,119025
28 APR 2003,14.5,14.5,14.5,14.5,2,1100,15950
25 APR 2003,14,14.5,14,14.5,15,21300,303950
24 APR 2003,15,15,14,14,13,9200,136275
23 APR 2003,14,15.5,14,14.75,55,206600,3105775
22 APR 2003,13,14,13,13.75,16,34800,460475
17 APR 2003,13,14,13,14,25,34600,470350
11 APR 2003,12.75,12.75,12.5,12.5,7,10500,131375
10 APR 2003,12.25,13,12.25,13,26,129100,1641150
9 APR 2003,12.5,12.5,12.5,12.5,6,6100,76250
8 APR 2003,12.5,12.5,12.25,12.25,16,107400,1342400
7 APR 2003,12,12.5,12,12.5,4,11300,140600
4 APR 2003,12.5,12.75,12.5,12.5,23,95200,1190625
3 APR 2003,12.25,12.5,12.25,12.5,12,108000,1349425
2 APR 2003,12,12,12,12,8,12000,144000
1 APR 2003,12,12.5,12,12,22,31700,388800
31 MAR 2003,11.5,12,11.5,12,3,5100,58700
28 MAR 2003,11.5,11.75,11.5,11.5,3,2400,27650
27 MAR 2003,11.25,11.75,11.25,11.5,8,13100,149900
26 MAR 2003,11,11,11,11,2,1800,19800
25 MAR 2003,11,11,11,11,7,5500,60500
21 MAR 2003,10.5,10.5,10.5,10.5,1,200,2100
20 MAR 2003,10,10,10,10,2,3500,35000
19 MAR 2003,10,10,10,10,6,14000,140000
17 MAR 2003,10.25,10.25,10.25,10.25,1,8000,82000
12 MAR 2003,10,10,10,10,6,9200,92000
11 MAR 2003,10,10,10,10,2,5800,58000
7 MAR 2003,10.5,10.5,10.5,10.5,1,1000,10500
6 MAR 2003,10.5,10.5,10,10,3,600,6250
4 MAR 2003,10.5,10.5,10.5,10.5,4,8400,88200
3 MAR 2003,10.5,10.5,10.5,10.5,1,500,5250
28 FEB 2003,10.5,10.5,10.5,10.5,1,1500,15750
27 FEB 2003,10,10,10,10,3,2900,29000
26 FEB 2003,10,10.25,10,10.25,5,4000,40250
25 FEB 2003,10.5,10.5,10.25,10.25,8,18500,193750
24 FEB 2003,10.25,10.5,10.25,10.5,3,2600,27275
21 FEB 2003,10.25,10.25,10.25,10.25,1,200,2050
20 FEB 2003,10.5,11,10.25,10.25,4,4100,42450
19 FEB 2003,10,10,10,10,6,14400,144000
18 FEB 2003,10,10,10,10,2,5800,58000
17 FEB 2003,10.5,10.5,10,10.25,5,10700,107300
14 FEB 2003,10,10.5,10,10.25,5,3300,33650
13 FEB 2003,9.5,9.5,9.5,9.5,2,1000,9500
11 FEB 2003,10.5,10.5,10.5,10.5,1,600,6300
10 FEB 2003,10.5,10.5,10.5,10.5,4,5300,55650
7 FEB 2003,11,11,11,11,1,300,3300
6 FEB 2003,11.25,11.25,11,11,7,11100,123500
5 FEB 2003,11.5,11.5,11.5,11.5,4,9000,103500
3 FEB 2003,11.5,11.5,11.5,11.5,3,8200,94300
31 JAN 2003,11,11.5,11,11.5,3,7200,82200
30 JAN 2003,11,11.25,11,11.25,10,15100,167125
29 JAN 2003,10.5,11,10.5,11,10,35200,374200
28 JAN 2003,11.25,11.25,10.5,10.5,6,6000,67100
27 JAN 2003,11.25,11.25,11.25,11.25,1,100,1125
24 JAN 2003,11,11.25,11,11.25,4,11000,123500
23 JAN 2003,11.25,11.25,11.25,11.25,1,68700,772875
22 JAN 2003,11,12,11,12,6,5000,58500
20 JAN 2003,12.25,12.25,12,12,3,10600,129700
16 JAN 2003,12.25,12.25,12.25,12.25,5,8300,101675
14 JAN 2003,12.25,12.25,12.25,12.25,5,5100,62475
13 JAN 2003,12,13,12,13,16,23500,289900
10 JAN 2003,10.75,13,10.75,12,32,49200,601950
9 JAN 2003,10.5,10.5,10.5,10.5,2,600,6300
6 JAN 2003,10.25,10.5,10.25,10.5,2,3500,36625
31 DEC 2002,10.25,10.25,10.25,10.25,5,6500,66625
30 DEC 2002,10.25,10.25,10.25,10.25,2,1000,10250
27 DEC 2002,10.25,10.25,10.25,10.25,2,500,5125
23 DEC 2002,10.25,10.25,10.25,10.25,4,6200,63550
16 DEC 2002,10.25,10.25,10.25,10.25,2,1500,15375
13 DEC 2002,11,11,10.25,10.25,6,5000,52075
9 DEC 2002,10.25,11,10.25,11,4,3100,33650
5 DEC 2002,10,10,10,10,11,8200,82000
4 DEC 2002,10,10,10,10,8,13400,134000
3 DEC 2002,10,10,10,10,1,7800,78000
2 DEC 2002,10.5,10.5,10,10,8,7100,72975
29 NOV 2002,11,11,11,11,2,700,7700
27 NOV 2002,10.5,11.25,10.5,11.25,9,22000,243000
22 NOV 2002,10.5,10.5,10.5,10.5,10,16700,175350
21 NOV 2002,10.75,10.75,10.75,10.75,1,500,5375
20 NOV 2002,10.5,10.5,10.5,10.5,2,500,5250
18 NOV 2002,11,11,10.5,10.5,3,2100,22800
15 NOV 2002,11,11,11,11,2,1000,11000
14 NOV 2002,11.5,11.75,11.5,11.75,3,9000,105625
13 NOV 2002,11.25,11.25,11,11,4,6000,67250
12 NOV 2002,11.75,12.5,11.75,11.75,27,42400,508825
11 NOV 2002,11,11.75,11,11.75,4,2500,28250
8 NOV 2002,10.5,10.5,10.5,10.5,1,1000,10500
7 NOV 2002,11.5,11.5,11,11,7,5000,55500
6 NOV 2002,11.5,11.5,11.5,11.5,5,1800,20700
5 NOV 2002,11.75,11.75,11.75,11.75,2,1500,17625
1 NOV 2002,11.5,11.5,11.5,11.5,10,6700,77050
30 OCT 2002,11.25,11.5,11.25,11.5,6,8300,94950
29 OCT 2002,11.5,11.5,11.5,11.5,5,2600,29900
28 OCT 2002,10.75,11,10.75,11,3,3900,42150
25 OCT 2002,10.5,10.75,10.5,10.75,5,6800,72775
24 OCT 2002,10,10,10,10,5,6000,60000
23 OCT 2002,10.25,10.25,10,10,6,6500,65750
22 OCT 2002,9.75,10.25,9.75,10.25,10,15200,154000
21 OCT 2002,9,9,9,9,3,5000,45000
18 OCT 2002,9.75,9.75,9.5,9.5,8,5600,53575
17 OCT 2002,10,10,10,10,2,1900,19000
16 OCT 2002,10.25,10.5,10.25,10.25,4,15100,155050
10 OCT 2002,10.5,10.5,10,10,15,16000,161500
9 OCT 2002,10.75,10.75,10.5,10.5,3,6500,68625
7 OCT 2002,11.25,11.25,10.75,10.75,3,9100,100875
4 OCT 2002,11.5,11.5,11.25,11.25,3,1400,16000
3 OCT 2002,10,11,10,11,6,7900,82450
2 OCT 2002,10.75,10.75,10.25,10.25,9,9500,101125
1 OCT 2002,11.25,11.25,10.75,10.75,6,2500,27475
30 SEP 2002,11.25,11.25,11.25,11.25,1,200,2250
27 SEP 2002,12.5,12.5,11.5,11.5,6,4000,47500
26 SEP 2002,13,13,12,12.5,16,11000,136900
25 SEP 2002,13.5,13.75,13,13,29,51900,689250
24 SEP 2002,13,13.5,13,13.5,19,63000,847500
23 SEP 2002,13,13,12.5,13,23,31200,397750
19 SEP 2002,12,13,12,12.25,54,182000,2297750
18 SEP 2002,11.5,12,11.5,11.75,41,164900,1969100
17 SEP 2002,11.25,11.5,11.25,11.25,33,58400,669300
16 SEP 2002,11.5,11.75,11,11.25,28,38000,436900
13 SEP 2002,10,11,10,11,39,69900,756975
12 SEP 2002,10.25,10.25,10,10,15,16600,169525
11 SEP 2002,10.25,10.25,10,10,3,2100,21250
10 SEP 2002,9.75,10.25,9.75,10.25,24,86000,876575
9 SEP 2002,9.5,9.5,9.5,9.5,1,1500,14250
6 SEP 2002,9.25,9.25,9.25,9.25,2,1000,9250
5 SEP 2002,9.5,10,9.5,10,8,7000,68500
3 SEP 2002,9.5,9.5,9.5,9.5,3,5100,48450
2 SEP 2002,9.5,9.5,9.25,9.25,13,7500,70625
30 AUG 2002,9,10,9,9.5,25,26900,256350
29 AUG 2002,8.75,8.75,8.75,8.75,3,1500,13125
28 AUG 2002,9,9,9,9,2,200,1800
27 AUG 2002,9,9,9,9,2,1100,9900
26 AUG 2002,9.25,9.25,9.25,9.25,1,500,4625
21 AUG 2002,9,9,9,9,5,5200,46800
20 AUG 2002,9,9.25,9,9.25,2,2000,18250
19 AUG 2002,9,9,9,9,2,1000,9000
16 AUG 2002,9,9,9,9,4,1300,11700
15 AUG 2002,8.75,8.75,8.75,8.75,1,1000,8750
14 AUG 2002,9,9,9,9,1,1000,9000
12 AUG 2002,9,9,9,9,1,1000,9000
9 AUG 2002,8.25,8.25,8.25,8.25,7,5800,47850
7 AUG 2002,7.75,7.75,7.75,7.75,1,800,6200
6 AUG 2002,8,8,8,8,5,16700,133600
5 AUG 2002,8,8,8,8,4,3300,26400
2 AUG 2002,8.5,8.5,8.25,8.5,9,6400,53150
1 AUG 2002,8.5,8.5,8.5,8.5,3,2600,22100
31 JUL 2002,8.5,8.5,8.5,8.5,1,300,2550
30 JUL 2002,8.5,8.5,8.5,8.5,10,12800,108800
29 JUL 2002,8.75,8.75,8.75,8.75,5,2700,23625
25 JUL 2002,9.25,9.25,8.75,8.75,10,13400,121175
24 JUL 2002,9.25,9.25,9.25,9.25,1,1000,9250
19 JUL 2002,9.25,9.25,9.25,9.25,1,1000,9250
18 JUL 2002,9,9,9,9,1,2000,18000
17 JUL 2002,9.25,9.25,9.25,9.25,2,700,6475
16 JUL 2002,9.25,9.25,9.25,9.25,1,1000,9250
15 JUL 2002,9.5,9.5,9.25,9.25,13,23500,219875
12 JUL 2002,9.5,9.75,9.5,9.5,17,29600,281225
11 JUL 2002,9.75,9.75,9.75,9.75,2,900,8775
10 JUL 2002,10,10,9.5,10,15,37400,366300
9 JUL 2002,9.75,9.75,9.5,9.5,6,7300,69375
8 JUL 2002,10,10,10,10,1,1000,10000
5 JUL 2002,10,10,10,10,1,1000,10000
4 JUL 2002,10,10,10,10,1,1500,15000
3 JUL 2002,10,10.75,10,10.75,3,2500,26125
2 JUL 2002,10,10,10,10,5,1700,17000
28 JUN 2002,9.5,10,9.5,9.5,15,12800,121750
27 JUN 2002,9.5,9.5,9.5,9.5,6,5000,47500
26 JUN 2002,9.75,9.75,9.5,9.5,3,1600,15450
25 JUN 2002,9.75,9.75,9.75,9.75,1,1000,9750
21 JUN 2002,9.75,9.75,9.75,9.75,1,1000,9750
20 JUN 2002,9.75,9.75,9.75,9.75,3,2500,24375
19 JUN 2002,10,10,9.75,9.75,7,3900,38075
18 JUN 2002,10.25,10.25,10,10,7,4500,45375
17 JUN 2002,10.25,10.25,10.25,10.25,1,2000,20500
14 JUN 2002,10.25,10.5,10.25,10.25,8,10700,110550
13 JUN 2002,10.25,10.25,10.25,10.25,3,10500,107625
12 JUN 2002,10,10,10,10,7,8600,86000
11 JUN 2002,10.25,10.25,10,10,9,11600,116075
10 JUN 2002,10,10.25,10,10.25,14,51000,513700
7 JUN 2002,10.75,11.5,10,10,38,197000,2142300
6 JUN 2002,10,10.75,10,10.75,35,249000,2587425
5 JUN 2002,10,10.25,10,10,8,8600,86625
4 JUN 2002,10,10,10,10,8,4300,43000
3 JUN 2002,10,10,10,10,5,4000,40000
31 MAY 2002,10,10,10,10,3,2500,25000
30 MAY 2002,10,10,10,10,6,8000,80000
29 MAY 2002,10,10,10,10,2,3800,38000
28 MAY 2002,10,10,9.75,9.75,4,1600,15775
23 MAY 2002,10,10,10,10,1,200,2000
22 MAY 2002,10,10,10,10,3,1500,15000
21 MAY 2002,10,10,10,10,1,1000,10000
20 MAY 2002,10,10,9.75,9.75,6,2300,22675
16 MAY 2002,10,10,10,10,2,1000,10000
15 MAY 2002,10,10,10,10,4,3000,30000
14 MAY 2002,9.75,9.75,9.75,9.75,1,500,4875
10 MAY 2002,9.5,9.5,9.5,9.5,3,3500,33250
9 MAY 2002,9.25,9.25,9.25,9.25,2,10000,92500
8 MAY 2002,9.25,9.25,9.25,9.25,5,10000,92500
7 MAY 2002,9.5,9.5,9.25,9.25,5,2400,22775
6 MAY 2002,9.5,9.5,9.5,9.5,6,4600,43700
3 MAY 2002,10,10,9.75,9.75,5,4300,42500
2 MAY 2002,10,10,10,10,4,1100,11000
30 APR 2002,10,10,10,10,4,1100,11000
29 APR 2002,10,10,10,10,1,200,2000
25 APR 2002,9.75,10,9.75,10,3,800,7825
24 APR 2002,10,10,9.75,9.75,5,2300,22675
22 APR 2002,10.5,10.5,10,10,2,3500,35250
16 APR 2002,10.5,10.5,10.5,10.5,2,400,4200
11 APR 2002,10.5,10.75,10.5,10.75,3,1500,15875
10 APR 2002,11.25,11.25,11,11,7,5600,61950
9 APR 2002,11.25,11.5,11.25,11.5,3,4000,45750
8 APR 2002,11,11.25,11,11.25,4,3100,34500
4 APR 2002,11.25,11.25,11,11,8,10400,114500
3 APR 2002,11,11,11,11,1,100,1100
1 APR 2002,11,11,11,11,5,10500,115500
27 MAR 2002,11,11,11,11,5,11400,125400
26 MAR 2002,11.75,11.75,11,11,14,27600,308925
25 MAR 2002,12,12,11.5,11.5,9,18000,212125
22 MAR 2002,11.75,11.75,11.75,11.75,3,5200,61100
21 MAR 2002,11.75,11.75,11.75,11.75,1,200,2350
20 MAR 2002,11.5,11.75,11.5,11.75,8,9000,104125
19 MAR 2002,11.25,11.25,11.25,11.25,2,3200,36000
18 MAR 2002,11,11.25,11,11.25,5,2800,31000
15 MAR 2002,11,11.5,11,11.5,2,7600,83650
14 MAR 2002,11,11,11,11,3,10000,110000
13 MAR 2002,11,11,11,11,1,200,2200
11 MAR 2002,11,11,11,11,1,200,2200
7 MAR 2002,11.5,11.5,11,11,3,3500,39000
5 MAR 2002,11,11,11,11,2,200,2200
28 FEB 2002,11,11.25,11,11.25,2,11000,121250
26 FEB 2002,11,11,11,11,8,37500,412500
25 FEB 2002,11.75,11.75,11.25,11.25,4,7000,81250
22 FEB 2002,10.75,11.75,10.75,11.5,21,47200,535325
21 FEB 2002,10.75,10.75,10.75,10.75,2,1200,12900
20 FEB 2002,11,11,11,11,3,5200,57200
19 FEB 2002,11,11,11,11,1,1000,11000
18 FEB 2002,11.25,11.25,11.25,11.25,3,1000,11250
15 FEB 2002,11.25,11.25,11.25,11.25,2,2000,22500
14 FEB 2002,11,11,11,11,6,20300,223300
13 FEB 2002,11.5,11.5,11,11,6,4100,45150
12 FEB 2002,11,11,11,11,4,7100,78100
8 FEB 2002,11,11,11,11,5,2900,31900
7 FEB 2002,10.75,11,10.75,11,6,15500,169250
5 FEB 2002,10.5,10.5,10.5,10.5,1,100,1050
1 FEB 2002,10.5,10.5,10.5,10.5,3,2500,26250
31 JAN 2002,10.5,10.5,10.5,10.5,3,10000,105000
24 JAN 2002,11,11,11,11,2,900,9900
23 JAN 2002,11,11,11,11,5,3200,35200
22 JAN 2002,11,11,11,11,5,15000,165000
18 JAN 2002,10.75,12,10.75,12,6,12700,147150
17 JAN 2002,10.75,10.75,10.5,10.5,5,3000,31550
16 JAN 2002,10.75,10.75,10.75,10.75,4,1400,15050
15 JAN 2002,11.5,11.5,10.5,11,19,35900,390750
11 JAN 2002,11.5,12.25,11.25,11.25,8,57200,676550
10 JAN 2002,11.5,11.5,11.25,11.25,6,37500,425875
9 JAN 2002,11.5,12,11.5,11.5,8,14300,165800
8 JAN 2002,11.5,11.5,11.25,11.25,6,14400,164700
7 JAN 2002,11.75,11.75,11.5,11.5,8,3000,34725
4 JAN 2002,11.75,11.75,11.75,11.75,9,11600,136300
3 JAN 2002,12,12,11.75,11.75,3,2100,24700
2 JAN 2002,12.25,12.25,12,12,10,6500,78125
31 DEC 2001,13,13,12.75,12.75,8,19400,251575
28 DEC 2001,12.75,12.75,12.75,12.75,1,1000,12750
27 DEC 2001,11.5,13,11.5,13,14,81500,1016500
21 DEC 2001,11.75,11.75,11.5,11.5,7,4000,46600
20 DEC 2001,11.75,11.75,11.5,11.5,2,400,4650
18 DEC 2001,12,12.5,11.75,11.75,14,19300,230575
17 DEC 2001,12.5,12.5,12.25,12.5,12,25900,320175
14 DEC 2001,12.25,13,12.25,12.5,18,73200,928200
13 DEC 2001,13,13,11,12.25,21,42200,500900
12 DEC 2001,14,14,13,13,38,67500,904850
11 DEC 2001,15,15.25,13,14,34,89800,1282975
10 DEC 2001,15,17.5,14.5,14.75,56,126300,1966775
7 DEC 2001,13,16.5,13,13.5,75,576500,7753025
5 DEC 2001,11,11.25,11,11,5,11400,125525
4 DEC 2001,10.75,11,10.5,10.5,19,17900,194575
3 DEC 2001,11,11,10.75,10.75,16,27600,300975
29 NOV 2001,12.5,12.5,11.5,11.5,7,5000,60250
28 NOV 2001,11,12.5,11,12.5,41,92300,1136700
27 NOV 2001,11,11,10.75,10.75,14,18400,199200
26 NOV 2001,11.5,11.5,11,11,15,14200,156675
23 NOV 2001,12.25,12.25,11.5,11.5,23,24700,296650
22 NOV 2001,12.5,12.5,12,12.25,31,126900,1561625
21 NOV 2001,11.25,12.5,11.25,12.5,58,230900,2840875
20 NOV 2001,11.5,11.5,10.75,11.25,58,1091000,12018600
19 NOV 2001,10,12,10,11.5,57,176500,2005675
16 NOV 2001,10,11,9.5,9.5,73,1230700,11831725
15 NOV 2001,9.75,10,9.5,9.75,29,65200,637425
14 NOV 2001,8.75,9.5,8.75,9.5,22,121000,1064000
13 NOV 2001,8.5,8.5,8.5,8.5,1,500,4250
12 NOV 2001,8.5,8.5,8.5,8.5,3,4400,37400
9 NOV 2001,8.5,8.5,8.25,8.25,2,3000,25250
8 NOV 2001,8.25,8.5,8.25,8.5,4,2000,16750
7 NOV 2001,8.5,8.5,8.5,8.5,2,300,2550
6 NOV 2001,8.25,8.25,8.25,8.25,2,9100,75075
5 NOV 2001,8.25,8.25,8.25,8.25,3,9500,78375
2 NOV 2001,8.5,8.75,8.5,8.75,8,22400,190650
1 NOV 2001,8.5,8.5,8.5,8.5,1,4500,38250
30 OCT 2001,8.5,8.75,8.5,8.75,6,10000,86500
29 OCT 2001,9,9,8.75,8.75,7,49000,430000
26 OCT 2001,8.75,8.75,8.75,8.75,4,5900,51625
25 OCT 2001,9,9.25,9,9,7,32000,288500
24 OCT 2001,9,9,9,9,11,15200,136800
23 OCT 2001,9,9,8.75,8.75,5,10000,88750
22 OCT 2001,8.5,8.75,8.5,8.75,22,99100,845275
18 OCT 2001,8.5,8.5,8.5,8.5,4,7200,61200
17 OCT 2001,8.5,8.5,8.5,8.5,1,1000,8500
16 OCT 2001,8.75,9,8.5,9,6,5600,48250
15 OCT 2001,10,10,9,9,13,23900,225025
12 OCT 2001,9.5,10,9.25,9.5,19,51700,504150
11 OCT 2001,9.25,10,9.25,9.5,21,30900,294300
10 OCT 2001,9.25,9.25,9,9.25,11,14000,128650
9 OCT 2001,7.5,9.25,7.5,9.25,5,4300,35875
8 OCT 2001,7.5,7.5,7.5,7.5,2,700,5250
3 OCT 2001,7.25,7.25,7.25,7.25,1,1000,7250
28 SEP 2001,7.25,7.25,7.25,7.25,4,1900,13775
26 SEP 2001,7.25,7.25,7.25,7.25,1,500,3625
24 SEP 2001,7.25,7.25,7.25,7.25,3,1500,10875
18 SEP 2001,7.5,7.5,7.5,7.5,4,2200,16500
12 SEP 2001,7.5,7.5,7.5,7.5,1,400,3000
11 SEP 2001,7.5,7.5,7.5,7.5,3,600,4500
7 SEP 2001,7.5,7.5,7.5,7.5,1,300,2250
5 SEP 2001,7.5,7.5,7.5,7.5,3,2000,15000
4 SEP 2001,7.5,7.5,7.25,7.5,5,4200,30725
3 SEP 2001,7.5,7.75,7.5,7.5,5,4000,30250
31 AUG 2001,7.75,7.75,7.75,7.75,1,500,3875
30 AUG 2001,7.75,7.75,7.5,7.5,3,1800,13875
29 AUG 2001,8.75,8.75,7.5,7.75,4,2500,20250
28 AUG 2001,8.75,8.75,8.75,8.75,2,2500,21875
23 AUG 2001,7.5,7.5,7.5,7.5,3,1500,11250
22 AUG 2001,7.5,7.5,7.5,7.5,1,500,3750
21 AUG 2001,7.5,7.75,7.5,7.75,4,5000,38250
16 AUG 2001,7.75,7.75,7,7,17,15000,106350
15 AUG 2001,8,8,7.75,7.75,6,6800,53025
14 AUG 2001,8.25,8.25,8.25,8.25,1,100,825
10 AUG 2001,8.5,8.5,8.5,8.5,3,2700,22950
9 AUG 2001,8.5,8.5,8.5,8.5,1,100,850
8 AUG 2001,8.5,8.5,8.5,8.5,2,200,1700
7 AUG 2001,8.5,8.5,8.5,8.5,1,100,850
30 JUL 2001,8.5,8.5,8.5,8.5,1,100,850
25 JUL 2001,8.5,8.5,8.5,8.5,3,1500,12750
24 JUL 2001,8.5,8.5,8.5,8.5,1,3000,25500
23 JUL 2001,8.75,8.75,8.75,8.75,1,1000,8750
18 JUL 2001,8.75,8.75,8.75,8.75,1,200,1750
17 JUL 2001,9,9,9,9,1,100,900
13 JUL 2001,9,9,8.75,8.75,3,2200,19675
12 JUL 2001,8.75,8.75,8.75,8.75,5,2000,17500
11 JUL 2001,9,9,8.75,8.75,15,13500,119925
4 JUL 2001,9.25,9.25,9.25,9.25,2,1500,13875
3 JUL 2001,9,9,9,9,5,10100,90900
2 JUL 2001,8.75,9,8.75,9,10,71700,645050
29 JUN 2001,8.5,8.5,8.5,8.5,3,9800,83300
28 JUN 2001,8.5,8.5,8.25,8.25,9,36600,302225
26 JUN 2001,8.5,8.5,8.5,8.5,5,18500,157250
25 JUN 2001,8.75,8.75,8.75,8.75,1,300,2625
22 JUN 2001,9,9,9,9,10,12700,114300
21 JUN 2001,9,9.5,9,9,8,16600,152550
20 JUN 2001,8.25,8.5,8.25,8.5,9,29900,252775
18 JUN 2001,8,8,8,8,2,1800,14400
15 JUN 2001,8,8,8,8,1,1000,8000
14 JUN 2001,8.5,8.5,8.5,8.5,1,1000,8500
13 JUN 2001,8.25,8.25,8.25,8.25,2,300,2475
11 JUN 2001,8.25,8.25,8.25,8.25,4,1700,14025
8 JUN 2001,8.5,8.5,8.5,8.5,2,1300,11050
7 JUN 2001,8.5,8.5,8.5,8.5,3,2500,21250
6 JUN 2001,8.5,8.5,8.5,8.5,2,2500,21250
1 JUN 2001,8.5,8.5,8.25,8.5,8,18200,153950
31 MAY 2001,8.5,8.5,8.5,8.5,18,25000,212500
28 MAY 2001,9,9,8.5,8.5,13,210100,1787225
24 MAY 2001,9,9,9,9,2,1400,12600
23 MAY 2001,9,9,9,9,5,2400,21600
22 MAY 2001,9,9,9,9,1,2600,23400
21 MAY 2001,9,9,9,9,2,1400,12600
18 MAY 2001,9,9,9,9,1,500,4500
15 MAY 2001,8.5,8.5,8.5,8.5,7,2700,22950
11 MAY 2001,9,9,8.5,8.5,10,5100,43875
10 MAY 2001,9,9,9,9,2,1000,9000
9 MAY 2001,9,9,9,9,5,4800,43200
4 MAY 2001,8.75,8.75,8.75,8.75,4,2400,21000
2 MAY 2001,9,9,9,9,2,700,6300
30 APR 2001,9.25,9.25,9,9,6,13000,120200
26 APR 2001,9.25,9.25,9.25,9.25,1,100,925
25 APR 2001,9,9,9,9,1,400,3600
24 APR 2001,10,10,9,9,4,1600,15250
23 APR 2001,10.5,10.5,10.5,10.5,1,100,1050
20 APR 2001,10,10,10,10,2,400,4000
19 APR 2001,10.5,10.5,9.75,10,14,46000,459025
18 APR 2001,10.5,10.5,10.5,10.5,2,1000,10500
16 APR 2001,10.5,10.5,10.5,10.5,1,100,1050
10 APR 2001,10.5,10.5,10.5,10.5,4,4400,46200
9 APR 2001,10.25,10.25,10.25,10.25,5,2000,20500
6 APR 2001,10.25,10.25,10.25,10.25,2,400,4100
4 APR 2001,10,10,10,10,1,200,2000
3 APR 2001,10.25,10.25,10,10,20,53400,534750
2 APR 2001,10.75,10.75,10.5,10.5,9,7800,81950
29 MAR 2001,10.5,10.5,10.5,10.5,4,1300,13650
28 MAR 2001,11,11,10.25,10.25,3,2400,24900
23 MAR 2001,11,11,11,11,1,200,2200
16 MAR 2001,12,12.5,12,12.5,2,1600,19800
13 MAR 2001,11.75,11.75,11.75,11.75,2,1100,12925
12 MAR 2001,12.25,12.25,12,12,5,1700,20425
8 MAR 2001,12.25,12.25,12.25,12.25,3,5000,61250
7 MAR 2001,12.25,12.25,12.25,12.25,2,2200,26950
6 MAR 2001,12.5,12.5,12.5,12.5,1,100,1250
5 MAR 2001,12.5,12.5,12.5,12.5,1,300,3750
2 MAR 2001,12.5,12.5,12,12.5,6,31800,382175
1 MAR 2001,12.5,12.5,12.5,12.5,2,800,10000
28 FEB 2001,12.5,12.5,12.5,12.5,3,2900,36250
26 FEB 2001,12.75,12.75,12.75,12.75,3,800,10200
22 FEB 2001,12,12.25,12,12.25,5,22300,273125
19 FEB 2001,12.25,12.25,12.25,12.25,2,300,3675
15 FEB 2001,12.25,12.25,12.25,12.25,1,100,1225
12 FEB 2001,12.25,12.25,12.25,12.25,3,3400,41650
9 FEB 2001,12.5,12.5,12.5,12.5,3,700,8750
8 FEB 2001,12.5,12.5,12.5,12.5,3,1800,22500
2 FEB 2001,12,12.25,12,12.25,3,1300,15675
1 FEB 2001,12,12,12,12,2,200,2400
29 JAN 2001,12.25,12.25,11.75,11.75,3,600,7300
26 JAN 2001,12.5,12.5,12.25,12.25,2,300,3725
25 JAN 2001,12.5,12.5,12.5,12.5,3,2500,31250
24 JAN 2001,12.5,12.5,12.5,12.5,5,1800,22500
19 JAN 2001,12.75,12.75,12.5,12.5,13,3800,47525
18 JAN 2001,13,13,13,13,5,8000,104000
17 JAN 2001,13,13,13,13,3,2900,37700
16 JAN 2001,13,13,13,13,6,1500,19500
12 JAN 2001,13.5,13.5,13.5,13.5,1,100,1350
11 JAN 2001,13,13,13,13,3,2000,26000
8 JAN 2001,13,13,13,13,7,1600,20800
5 JAN 2001,13.25,13.25,13.25,13.25,2,1000,13250
4 JAN 2001,13.5,13.5,13.5,13.5,1,200,2700
3 JAN 2001,13.25,13.25,13,13,5,2200,28700
2 JAN 2001,13.5,13.5,13.25,13.25,3,1100,14600
29 DEC 2000,13.5,13.5,13.5,13.5,1,100,1350
27 DEC 2000,13.5,13.5,13.5,13.5,2,300,4050
21 DEC 2000,13,13,13,13,6,5200,67600
20 DEC 2000,14,14,13.5,13.5,3,3000,41500
15 DEC 2000,14.25,14.25,14.25,14.25,2,600,8550
14 DEC 2000,13.25,14,13.25,14,9,13200,184625
13 DEC 2000,13.25,13.25,13.25,13.25,8,2700,35775
11 DEC 2000,13.25,13.25,13.25,13.25,1,200,2650
8 DEC 2000,13.25,13.25,13.25,13.25,3,300,3975
7 DEC 2000,13.25,13.25,13.25,13.25,1,100,1325
5 DEC 2000,13,13.25,13,13.25,4,3700,48350
4 DEC 2000,13,13,12.75,12.75,3,2000,25825
1 DEC 2000,12.75,12.75,12.75,12.75,2,500,6375
30 NOV 2000,13.25,13.25,13,13,4,7000,91250
29 NOV 2000,13.25,13.25,13.25,13.25,2,400,5300
28 NOV 2000,13,13.75,13,13.75,3,5000,66500
27 NOV 2000,13.75,13.75,13,13,8,8500,113275
24 NOV 2000,13.75,13.75,13.75,13.75,1,200,2750
23 NOV 2000,14,14,13.75,13.75,5,7000,97500
21 NOV 2000,14,14,14,14,1,1000,14000
20 NOV 2000,14.5,14.5,14.5,14.5,1,300,4350
17 NOV 2000,14.75,15,14.5,15,13,36500,546925
16 NOV 2000,14.5,14.5,14.5,14.5,2,1800,26100
15 NOV 2000,14.75,14.75,14.5,14.5,3,1300,19075
14 NOV 2000,15,15,14.75,14.75,6,3200,47825
13 NOV 2000,15,15,15,15,6,9800,147000
10 NOV 2000,15,15,15,15,3,3500,52500
9 NOV 2000,15,15,15,15,3,3200,48000
8 NOV 2000,14.5,15,14.5,15,7,3700,54700
7 NOV 2000,14.5,14.5,14.5,14.5,2,500,7250
6 NOV 2000,14,14.5,14,14.5,5,2500,35350
3 NOV 2000,14,14,14,14,1,500,7000
1 NOV 2000,14,14,14,14,4,4000,56000
31 OCT 2000,13.5,13.5,13.5,13.5,2,300,4050
30 OCT 2000,13.5,13.75,13.5,13.75,6,2500,33775
27 OCT 2000,14,14,13.5,13.5,9,6000,83625
26 OCT 2000,14.25,14.25,14,14,4,3200,44850
25 OCT 2000,14.75,14.75,14.5,14.5,4,1300,18875
24 OCT 2000,14.75,14.75,14.75,14.75,2,600,8850
23 OCT 2000,14.75,14.75,14.75,14.75,2,300,4425
19 OCT 2000,15,15,15,15,1,500,7500
18 OCT 2000,14.75,15,14.75,15,5,1500,22400
17 OCT 2000,14,14.25,14,14.25,2,800,11375
16 OCT 2000,14.25,14.25,14,14,3,1300,18275
13 OCT 2000,14,14,14,14,1,200,2800
11 OCT 2000,15,15,14.75,14.75,5,2600,38525
10 OCT 2000,15.5,15.5,15.5,15.5,3,3500,54250
9 OCT 2000,15.5,15.5,15.5,15.5,11,9900,153450
6 OCT 2000,15.25,15.25,15.25,15.25,10,4500,68625
5 OCT 2000,15,15,15,15,1,100,1500
4 OCT 2000,15.25,15.25,14.75,14.75,7,2500,37375
3 OCT 2000,16,16.25,16,16.25,4,2500,40050
2 OCT 2000,15.5,16,15.5,16,11,20600,328200
29 SEP 2000,15.5,15.5,15.5,15.5,2,200,3100
28 SEP 2000,15,15.5,15,15.5,8,8200,123525
27 SEP 2000,15,15,15,15,1,200,3000
26 SEP 2000,14.5,14.5,14.5,14.5,5,1000,14500
25 SEP 2000,15,15,14.5,14.5,4,3300,48625
22 SEP 2000,15,15.25,15,15,17,18600,279500
21 SEP 2000,14.25,15,14.25,15,3,10300,146850
20 SEP 2000,13.75,14,13.75,14,3,1500,20875
19 SEP 2000,13.5,13.5,13.5,13.5,1,600,8100
18 SEP 2000,13.75,13.75,13.75,13.75,2,400,5500
14 SEP 2000,14,14,14,14,2,3100,43400
12 SEP 2000,14.25,14.25,14,14,3,4000,56250
11 SEP 2000,14.5,14.5,14.25,14.25,8,7200,102975
8 SEP 2000,14.5,14.5,14.5,14.5,4,4700,68150
7 SEP 2000,14.5,14.5,14.5,14.5,2,2000,29000
6 SEP 2000,14,14.25,14,14.25,2,1300,18275
5 SEP 2000,14,14,14,14,1,500,7000
4 SEP 2000,14,14,14,14,3,1200,16800
1 SEP 2000,14,14,14,14,7,8200,114800
31 AUG 2000,14,14,14,14,7,15700,219800
30 AUG 2000,14,14,14,14,1,100,1400
29 AUG 2000,14,14,14,14,5,1500,21000
25 AUG 2000,14,14,14,14,2,700,9800
24 AUG 2000,13.5,13.5,13.5,13.5,1,100,1350
23 AUG 2000,13.5,13.5,13.5,13.5,1,1000,13500
22 AUG 2000,14,14,14,14,2,1000,14000
21 AUG 2000,14,14,14,14,5,1500,21000
18 AUG 2000,14,14,14,14,5,1600,22400
17 AUG 2000,14,14,14,14,7,12700,177800
16 AUG 2000,14,14,13.75,13.75,2,800,11025
15 AUG 2000,14,14,13.75,14,9,9300,130125
11 AUG 2000,14,14,14,14,6,5000,70000
10 AUG 2000,14,14,14,14,1,3100,43400
9 AUG 2000,13.75,14,13.75,14,5,9000,125875
8 AUG 2000,13.5,13.5,13.5,13.5,4,2200,29700
7 AUG 2000,13.5,13.5,13.5,13.5,1,500,6750
4 AUG 2000,13.5,13.5,13.5,13.5,1,6000,81000
3 AUG 2000,13.75,13.75,13.5,13.5,9,10100,138850
2 AUG 2000,13.25,13.5,13,13.5,6,4800,64150
1 AUG 2000,13.5,13.75,13.5,13.75,5,5900,80600
28 JUL 2000,13.5,13.5,13.5,13.5,3,4400,59400
27 JUL 2000,13.5,13.75,13.5,13.75,4,4700,64450
25 JUL 2000,13.5,13.5,13.5,13.5,4,2800,37800
24 JUL 2000,13.5,13.5,13.5,13.5,2,10300,139050
21 JUL 2000,13.5,13.5,13.5,13.5,7,19500,263250
20 JUL 2000,13.5,13.5,13.5,13.5,1,700,9450
19 JUL 2000,13.5,13.75,13.5,13.75,6,43300,595250
18 JUL 2000,13.5,13.75,13.5,13.75,21,26100,356050
17 JUL 2000,13.25,13.75,13.25,13.75,6,6300,85000
14 JUL 2000,13.5,13.75,13.5,13.75,10,11800,159800
13 JUL 2000,13.25,13.25,13,13.25,10,6900,91200
12 JUL 2000,13.25,13.25,13.25,13.25,5,4900,64925
11 JUL 2000,13.25,13.25,13,13.25,10,5900,77825
10 JUL 2000,13.25,13.75,13.25,13.25,13,32100,430800
7 JUL 2000,13,13,13,13,4,400,5200
6 JUL 2000,12.75,13.25,12.75,13.25,6,7900,103100
5 JUL 2000,12.5,12.5,12.5,12.5,4,3600,45000
4 JUL 2000,12.75,12.75,12.5,12.5,2,1400,17525
3 JUL 2000,12.25,12.75,12.25,12.75,13,19200,239775
30 JUN 2000,13,13.25,13,13,9,19000,249500
29 JUN 2000,12.25,12.25,12.25,12.25,2,1000,12250
28 JUN 2000,12.25,12.25,12.25,12.25,5,1900,23275
27 JUN 2000,12.75,12.75,12.25,12.25,5,1800,22550
26 JUN 2000,13,13,12.75,12.75,2,4000,51250
23 JUN 2000,13.25,13.25,13,13,3,1600,21175
22 JUN 2000,13.25,13.25,13,13,6,4300,56650
21 JUN 2000,12.25,13.5,12.25,13,18,15100,195550
20 JUN 2000,11.5,11.75,11.5,11.75,4,1600,18525
19 JUN 2000,11.5,11.5,11.5,11.5,3,400,4600
14 JUN 2000,11.25,11.5,11.25,11.5,5,8700,99175
13 JUN 2000,11.25,11.25,11.25,11.25,9,12700,142875
12 JUN 2000,11.25,11.25,11.25,11.25,4,4200,47250
8 JUN 2000,11.25,11.75,11,11.75,15,25800,288875
7 JUN 2000,11.5,11.5,11.5,11.5,4,6000,69000
6 JUN 2000,12,12,11.75,11.75,3,2200,25900
5 JUN 2000,12,12,12,12,3,2300,27600
2 JUN 2000,11.75,12,11.75,12,5,3800,44800
1 JUN 2000,12,12,12,12,6,1300,15600
31 MAY 2000,12.25,12.25,12,12.25,8,3600,43850
30 MAY 2000,12.75,12.75,12.5,12.5,6,2300,28775
29 MAY 2000,12.75,12.75,12.75,12.75,1,2000,25500
26 MAY 2000,12.75,12.75,12.75,12.75,1,300,3825
25 MAY 2000,13,13,12.5,12.75,8,3200,40775
24 MAY 2000,12.5,13,12.5,13,3,4500,58000
23 MAY 2000,12.75,13,12.75,13,10,6000,77975
22 MAY 2000,13,13,13,13,2,1000,13000
19 MAY 2000,13.5,13.75,13.5,13.5,23,17900,243200
16 MAY 2000,13,13.5,12.75,13.5,44,30900,410650
15 MAY 2000,12.5,12.75,12.5,12.5,13,8100,102475
12 MAY 2000,11.5,11.5,11.5,11.5,10,11900,136850
11 MAY 2000,13.5,13.5,11.5,11.5,11,7500,96675
10 MAY 2000,13,13.5,12.75,13.5,35,24700,328450
9 MAY 2000,9.25,12.5,9.25,12.5,12,8900,95125
8 MAY 2000,9.75,9.75,9,9,16,5300,49300
5 MAY 2000,10,10,9.75,9.75,10,5300,52250
4 MAY 2000,10.5,10.5,10,10,12,6600,66350
3 MAY 2000,11,11.25,11,11,8,8000,88500
2 MAY 2000,11.25,11.25,11.25,11.25,2,400,4500
28 APR 2000,12,12,11.5,11.5,14,10300,119500
27 APR 2000,12.5,12.5,12.25,12.25,4,1200,14750
26 APR 2000,12.5,12.75,12.5,12.5,5,6700,84625
25 APR 2000,12.5,12.5,12.5,12.5,1,600,7500
24 APR 2000,12.75,12.75,12.5,12.5,8,21300,267700
20 APR 2000,13.25,13.25,13,13,4,3500,45750
19 APR 2000,13.25,13.5,13.25,13.5,9,3600,48425
17 APR 2000,13.5,13.5,13.25,13.25,5,3200,42525
11 APR 2000,13.5,13.5,13.5,13.5,9,7900,106650
7 APR 2000,13.75,13.75,13.5,13.5,4,1300,17850
6 APR 2000,14,14,13.5,13.5,7,5000,68650
5 APR 2000,13.75,14,13.75,14,5,1500,20875
4 APR 2000,13.75,13.75,13.75,13.75,1,100,1375
3 APR 2000,13.25,13.25,13,13.25,10,6200,81975
31 MAR 2000,14,14,13.25,13.25,22,27800,381375
30 MAR 2000,14.25,14.25,14,14,18,8300,116825
29 MAR 2000,14.5,14.5,14.5,14.5,2,1000,14500
28 MAR 2000,14.75,14.75,14.25,14.25,5,5100,74300
27 MAR 2000,14.75,14.75,14.5,14.75,6,4900,71925
24 MAR 2000,14.5,15,14.5,15,4,900,13350
23 MAR 2000,14.5,14.75,14.5,14.5,3,800,11625
22 MAR 2000,14.75,14.75,14.75,14.75,9,5500,81125
21 MAR 2000,15,15,14.75,15,7,2200,32725
20 MAR 2000,15,15,15,15,10,6000,90000
17 MAR 2000,15.5,16,15.5,16,4,5000,79625
16 MAR 2000,15.25,15.5,15.25,15.25,12,4600,70275
15 MAR 2000,14.5,15.5,14.25,15.25,21,22000,321150
14 MAR 2000,14.5,14.5,14.5,14.5,4,2500,36250
13 MAR 2000,14.75,14.75,14,14.25,13,11800,169450
10 MAR 2000,14.5,14.75,14.5,14.75,2,300,4375
9 MAR 2000,15.5,15.5,15,15,21,20500,311150
7 MAR 2000,15.75,15.75,15.75,15.75,9,5000,78750
6 MAR 2000,16,16,15.75,15.75,4,4300,68325
3 MAR 2000,15.5,16.25,15.5,16,8,3100,49500
2 MAR 2000,15.5,15.5,15.25,15.5,5,5100,79025
1 MAR 2000,15.75,15.75,15.5,15.5,13,8300,130650
28 FEB 2000,16,16.25,16,16,11,4500,72675
25 FEB 2000,16,16,15.75,16,7,3600,57525
24 FEB 2000,16.25,16.25,16,16,28,6700,107925
23 FEB 2000,16.5,16.5,16.25,16.25,12,13600,221650
22 FEB 2000,16.75,16.75,16.5,16.5,7,12100,199675
21 FEB 2000,16.75,16.75,16.25,16.75,17,5800,96225
18 FEB 2000,16.75,16.75,16.5,16.5,8,2800,46850
17 FEB 2000,17,17,16.75,17,5,2700,45800
16 FEB 2000,17,17,16.75,16.75,14,5100,86500
15 FEB 2000,17,17.75,17,17,24,22000,379275
14 FEB 2000,17,17,16.75,16.75,23,57300,974075
11 FEB 2000,16.25,16.75,16.25,16.75,27,62700,1037675
10 FEB 2000,16.5,16.5,16,16,13,28000,450850
9 FEB 2000,16.75,16.75,16.5,16.75,27,100500,1683350
8 FEB 2000,16.75,17,16.75,16.75,28,26300,440675
7 FEB 2000,16.75,16.75,16.75,16.75,5,9500,159125
3 FEB 2000,16.75,16.75,16.5,16.75,30,61200,1022925
2 FEB 2000,16.75,16.75,16.75,16.75,5,9200,154100
1 FEB 2000,16.25,16.5,16.25,16.5,16,28900,470350
31 JAN 2000,16.25,16.25,16.25,16.25,17,17700,287625
28 JAN 2000,16.25,16.5,16.25,16.25,10,31500,512125
27 JAN 2000,16.25,16.25,16.25,16.25,15,22000,357500
26 JAN 2000,16.25,16.5,16.25,16.25,24,21400,347800
25 JAN 2000,16.25,16.75,16.25,16.5,41,76200,1273250
24 JAN 2000,16.75,16.75,16.25,16.25,18,20500,336500
19 JAN 2000,17,17.25,16,16,57,100300,1665925
18 JAN 2000,15.75,16.75,15.75,16.75,74,78500,1279500
17 JAN 2000,15.5,15.5,15.5,15.5,1,500,7750
14 JAN 2000,15.5,15.5,15,15.25,6,1500,22975
13 JAN 2000,16,16.5,15.75,15.75,25,23400,379200
12 JAN 2000,15,16.5,15,15.75,12,11000,171450
11 JAN 2000,15,15,15,15,7,3300,49500
10 JAN 2000,15.5,15.5,15.5,15.5,5,5200,80600
6 JAN 2000,15.5,15.5,15.5,15.5,8,7000,108500
5 JAN 2000,16,16,15.75,15.75,20,12500,199500
4 JAN 2000,16,16.25,16,16,24,18900,303400
3 JAN 2000,16,16,16,16,1,1000,16000