Date,Open,High (Rs.),Low (Rs.),Close (Rs.),Trade Volume,Share Volume,Turnover (Rs.)
12 MAY 2026,142,144,141.5,143,184,340150,48492085.75
11 MAY 2026,140,142.5,139,142.25,149,110966,15713841.75
8 MAY 2026,137.5,143,137.5,142.25,365,662823,93255089.25
7 MAY 2026,135.75,138,135.25,137.5,208,191151,26163172.5
6 MAY 2026,133,135.5,132,135,139,104284,14043400.25
5 MAY 2026,132.75,133.25,131.5,133,79,25361,3356506.5
4 MAY 2026,133.5,134,132.75,133,146,123597,16460029
30 APR 2026,134,134.5,133,133.5,147,140479,18819745.5
29 APR 2026,134,134,132.75,134,113,159880,21406123.75
28 APR 2026,134.75,135,131,134,135,209486,28036370.25
27 APR 2026,130,136,129.75,134.75,446,421459,56239483
24 APR 2026,126,130.75,124.75,129.25,228,289676,36593947.75
23 APR 2026,125.75,126,124,125.5,104,119775,15006478.75
22 APR 2026,127.5,127.5,125,125.75,93,67821,8497010.5
21 APR 2026,125,128,125,125.25,138,210161,26457841
20 APR 2026,125,125.5,120,125,154,472371,58742366.75
17 APR 2026,124.5,125,121.75,125,137,464676,57798218
16 APR 2026,121,124,120.75,122.75,191,295377,36204803.5
15 APR 2026,120,121,118.5,120.25,100,139247,16714234.25
10 APR 2026,117,120,117,120,117,49477,5902422.5
9 APR 2026,117,117,115,116.25,50,21093,2440100.5
8 APR 2026,114,120,114,116,97,48867,5731260
7 APR 2026,114,114,112,112,56,34254,3867352.5
6 APR 2026,112,113.5,110,112.5,101,45141,5072945.25
2 APR 2026,111.5,113.75,111,112.25,101,55107,6165653.25
31 MAR 2026,113.5,113.5,109,109.5,108,359628,39650055
30 MAR 2026,112,112,110,110.5,68,16545,1829390
27 MAR 2026,114.25,114.25,111,112.25,81,50683,5689084.25
26 MAR 2026,115.5,115.5,111,112,79,63763,7150051.5
25 MAR 2026,111.25,115.25,111.25,114.25,111,146882,16560759.5
24 MAR 2026,110.5,113.25,109.25,110,136,98683,10935874.75
23 MAR 2026,107,108.5,106,107.75,176,112781,12073450
20 MAR 2026,107.25,112,107.25,108,190,108251,11732851.25
19 MAR 2026,110,111.25,107.25,107.5,134,1084495,116371451.5
18 MAR 2026,110,111,108.5,110.25,156,70460,7739886
17 MAR 2026,110.25,112.5,109.75,110.5,228,233473,25927378.25
16 MAR 2026,114.5,114.5,110.25,111.5,218,145400,16216441.5
13 MAR 2026,116.25,116.25,115,115.75,103,114776,13237768.5
12 MAR 2026,118.25,118.25,116,116.25,121,105753,12303227
11 MAR 2026,119.5,119.5,117,118.25,86,63603,7542762.75
10 MAR 2026,116,119.75,116,119,82,79031,9405541
9 MAR 2026,116,119,113,113.75,256,514947,58663895.75
6 MAR 2026,119.75,120,117,118,114,70607,8335739.25
5 MAR 2026,118,120,118,118.75,97,56936,6784024.75
4 MAR 2026,117,119.75,116,117.75,255,361814,42519699.75
3 MAR 2026,120,122,116.5,118.5,412,276612,32823190.75
27 FEB 2026,126.75,126.75,124.25,125.75,57,31948,3995924
26 FEB 2026,126,126.5,124.5,125,66,86543,10841471.5
25 FEB 2026,126.25,126.75,124.25,126,54,28609,3594166.25
24 FEB 2026,126.25,126.25,123,124.75,94,65179,8120763.25
23 FEB 2026,126.25,127,125,125.75,83,22305,2814674
20 FEB 2026,125,128,122.5,126.25,126,125891,15715875.5
19 FEB 2026,121,129,120,123.5,216,613952,77592660.25
18 FEB 2026,119.75,121,119,121,92,84773,10163998.75
17 FEB 2026,123.25,123.25,111,119.5,208,56515,6825855.75
16 FEB 2026,124.5,124.75,122.5,123.5,86,10710,1323507
13 FEB 2026,125,125,123,124.5,84,68994,8561434.5
12 FEB 2026,123,123.25,122.5,122.5,50,25797,3170233.75
11 FEB 2026,123.5,124.5,123,123,72,33116,4076319.25
10 FEB 2026,124.75,124.75,123,123.25,72,113739,13999142.5
9 FEB 2026,123.75,125,123,124,119,122902,15209847.25
6 FEB 2026,124.5,125,123.5,124.25,82,142342,17719783.75
5 FEB 2026,125,126,123.5,124.75,67,43870,5471461
3 FEB 2026,124.5,128,124,124.5,106,144125,18121927.25
2 FEB 2026,126,126,124.5,124.75,75,59671,7433089.25
30 JAN 2026,125,127,123.75,125,79,145261,18126307
29 JAN 2026,124,125.5,122.25,125,114,35301,4374175
28 JAN 2026,125.25,127.5,122,123.5,143,114612,14452634.5
27 JAN 2026,129,129,125.5,126,105,214755,27103124.5
26 JAN 2026,125,129,125,128,123,210287,26736195.25
23 JAN 2026,127.75,128,125,125,152,216744,27471000.75
22 JAN 2026,130.75,130.75,126,127,166,199442,25346334.75
21 JAN 2026,123.5,134,121,130.25,558,1058537,136896754
20 JAN 2026,125,125,122.25,123.5,109,107178,13206947.75
19 JAN 2026,125.25,126.5,122.5,124.5,149,127178,15819998
16 JAN 2026,128,130,125,125.25,250,193203,24657347.75
14 JAN 2026,126,129.75,125,128,398,637070,81456031
13 JAN 2026,120,125.75,119,124.25,398,964098,117677297.75
12 JAN 2026,120.75,120.75,116.5,119.5,247,182162,21660203.75
9 JAN 2026,117,122.75,117,121.25,516,1196193,144098604.75
8 JAN 2026,116,118,114.25,116.75,240,358067,41553077.5
6 JAN 2026,115,116.5,115,115.25,169,323379,37444054
5 JAN 2026,111,116,111,114.5,168,152496,17410484.75
2 JAN 2026,108,112.75,108,110.5,162,138512,15245011.5
31 DEC 2025,108,110,106,106.75,158,39298,4266248.75
30 DEC 2025,105.5,108,104,107,67,16476,1758677
29 DEC 2025,104.5,105.5,103.5,105.5,53,77351,8132428.75
26 DEC 2025,105.5,105.5,102,103.25,109,27487,2871775
24 DEC 2025,103,105.5,103,105.25,37,153857,16158096
23 DEC 2025,104.5,105.25,102,105,54,79876,8382059.75
22 DEC 2025,105,105.5,104,105,66,74692,7845266.5
19 DEC 2025,103.5,104.75,103.5,104,32,16391,1705979.75
18 DEC 2025,106,106,102,103,65,18367,1892403.5
17 DEC 2025,104,105,103,104.75,45,15023,1570135
16 DEC 2025,103,105.5,102,105,93,61988,6480579
15 DEC 2025,105.5,106.5,105.25,105.5,59,85873,9066955
12 DEC 2025,104.75,106.5,103.25,106,76,168995,17858996.25
11 DEC 2025,104.75,104.75,101,101,85,20015,2037634.25
10 DEC 2025,102.75,107,102.5,102.75,121,64285,6643606
9 DEC 2025,102.25,103,100.5,102,117,83020,8495850.25
8 DEC 2025,100,103.5,99,100.75,173,177445,17817335.9
5 DEC 2025,103.5,103.5,99.5,100.5,212,143311,14436718.25
3 DEC 2025,106,106,100.5,103,192,115358,11811621.25
2 DEC 2025,103.25,107,101.5,103,119,38987,4069459.5
1 DEC 2025,100,105,97,102.75,304,109397,11165463.8
28 NOV 2025,108,108.25,107,107,47,17388,1864357.75
27 NOV 2025,109.25,110,107.75,108,137,145521,15799527.5
26 NOV 2025,108.75,110,108,109.75,94,424156,46321571.75
25 NOV 2025,107,109.25,106,109,97,152893,16512984
24 NOV 2025,109,109,106,106.5,123,50587,5402911.75
21 NOV 2025,107.25,111.25,106.25,109.75,155,280234,30819460.25
20 NOV 2025,107,107.5,106.5,106.75,92,37235,3979794.5
19 NOV 2025,106,107,105,106.75,93,129157,13687207.25
18 NOV 2025,108,108,106,106.75,92,91859,9784650
17 NOV 2025,107,108,105,107,127,83063,8873427.25
14 NOV 2025,106,107,104,106,149,120734,12759139
13 NOV 2025,106,108,104.25,105.75,182,78968,8351018.75
12 NOV 2025,105.75,106,103,104.5,255,195489,20513307.75
11 NOV 2025,109,109,105,105.25,129,80514,8560730.5
10 NOV 2025,109.5,109.75,105,106.25,165,58981,6325702.75
7 NOV 2025,107,109.5,105,106.25,244,209978,22201422.75
6 NOV 2025,107,107,104.75,105.25,285,186567,19671095.75
4 NOV 2025,110,110,106.75,107,261,78002,8409327.25
3 NOV 2025,110,111,109,109.75,117,27652,3038995.5
31 OCT 2025,112,113,110,110,144,329757,36365613.25
30 OCT 2025,110.5,111.75,110,110.5,94,133769,14790977.5
29 OCT 2025,111,112.75,110.5,110.75,110,130447,14466730.75
28 OCT 2025,113.5,113.5,99,111,217,64874,7176897.25
27 OCT 2025,114,114.75,111,112,239,95826,10815123.5
24 OCT 2025,114.5,114.5,113,113.75,141,55803,6338961
23 OCT 2025,116,116.25,114,114,167,121793,13915338.25
22 OCT 2025,114.25,117,114.25,116.25,148,157650,18225014.25
21 OCT 2025,115.5,115.75,114,114,211,240528,27507195.75
17 OCT 2025,115.5,115.75,114,114.75,148,53127,6111358.5
16 OCT 2025,115.5,116.25,114,114.5,245,312756,35880988.75
15 OCT 2025,118,118,115.25,116.25,188,95349,11165610
14 OCT 2025,118,119.25,116.75,118.5,301,449246,53123351.25
13 OCT 2025,119,120,117,118.75,245,147060,17480146
10 OCT 2025,116,119.5,115,119,482,783751,91966911.25
9 OCT 2025,116.5,117.75,115,116,219,226787,26281345.25
8 OCT 2025,116,119,113,116,653,550151,63682684
7 OCT 2025,108,117,107.5,115.75,1250,1592438,181239176.25
3 OCT 2025,103,107.75,103,107.25,508,997196,105587915
2 OCT 2025,104,104.75,101,102.5,217,179656,18402370
1 OCT 2025,101.5,105.75,100.75,103.25,582,1150279,118813146.5
30 SEP 2025,100,101.75,99.9,100.5,331,300224,30235817.4
29 SEP 2025,101.75,101.75,99.8,100,269,231813,23285163.2
26 SEP 2025,95.7,103,95,101.75,623,561403,56171944.9
25 SEP 2025,95.9,96.7,95,95.6,306,264578,25453392.4
24 SEP 2025,94,96.3,93.5,94.9,165,133510,12687753.3
23 SEP 2025,93.7,96,92,94.2,161,128684,12065067
22 SEP 2025,92.7,93.8,92,92.2,94,88230,8195852.8
19 SEP 2025,91.4,95,90.2,92.1,188,124436,11414240.9
18 SEP 2025,91,91.5,90,90.9,80,28660,2592330.3
17 SEP 2025,91,91.9,90.6,90.9,51,20785,1892968.7
16 SEP 2025,92,92,89.2,90.7,114,99292,8944005.7
15 SEP 2025,90.1,91.9,90,90.2,180,142504,12842225.5
12 SEP 2025,90.6,91,90.1,90.3,81,47940,4330612.3
11 SEP 2025,90.2,91.9,90.2,91,78,47467,4307613
10 SEP 2025,91,91,90,90.2,142,94863,8556072.5
9 SEP 2025,92,92,90,90.4,201,52345,4748468.9
8 SEP 2025,93,93.5,91.6,92.3,100,22714,2089413.2
4 SEP 2025,92.9,94,91.8,93,97,73360,6761220.2
3 SEP 2025,92.5,93,92.3,92.8,69,37025,3426360.6
2 SEP 2025,93.2,95,92,92.9,144,51900,4851135.9
1 SEP 2025,97,98,94,94.5,157,69003,6651436.2
29 AUG 2025,92.9,98,92.9,96.7,416,395438,37990254.1
28 AUG 2025,90.5,93.5,90,92.2,155,137291,12523456.4
27 AUG 2025,90.7,91,90,90.1,135,63003,5704975
26 AUG 2025,90.7,90.7,90.2,90.5,57,20991,1898716.7
25 AUG 2025,90.1,91,90,90.7,46,11190,1014515.7
22 AUG 2025,90.9,91,90,91,101,93082,8420353.8
21 AUG 2025,91,91.2,90,90.9,80,65761,5956921.6
20 AUG 2025,91,91,89.8,90,182,167402,15078819
19 AUG 2025,91.5,91.5,90,90.9,102,30948,2812583.5
18 AUG 2025,91,91.8,91,91.1,106,61723,5622801.9
15 AUG 2025,91.5,93,90.2,91.8,142,116333,10616429.5
14 AUG 2025,92,92,90.4,91.2,86,18260,1657670.1
13 AUG 2025,93.1,93.2,90,91,374,378787,34411420.7
12 AUG 2025,93.7,94,93.1,93.5,52,26275,2449244.9
11 AUG 2025,94.7,95,92.8,93.2,123,60386,5683236.4
7 AUG 2025,92.5,94.8,92.5,94.4,182,618182,57616854.9
6 AUG 2025,93,94.2,91,92.9,92,45869,4269781.3
5 AUG 2025,94.5,94.6,93,93.3,106,25890,2428038.2
4 AUG 2025,97.1,97.1,94.4,94.6,151,70881,6736261.2
1 AUG 2025,97,99,96,96.8,361,649676,62980361.7
31 JUL 2025,96,96.9,94,95.6,143,118554,11302334.1
30 JUL 2025,91.5,97,91.5,95.6,573,1124478,106534459.3
29 JUL 2025,91.5,92.2,89,90.7,92,56236,5102671.1
28 JUL 2025,90.5,93.1,90.5,91.5,188,309872,28456376.2
25 JUL 2025,90.3,91.5,90,90.2,85,152208,13831987
24 JUL 2025,89.8,90.5,88,90,145,597356,53702296.1
23 JUL 2025,90,90.1,88.8,89,166,154893,13800427.9
22 JUL 2025,90.4,90.5,89.5,89.8,82,35268,3170025.7
21 JUL 2025,90,90.8,89.5,90,97,109728,9872416.2
18 JUL 2025,90.4,90.9,89.8,90.1,120,91882,8281085.9
17 JUL 2025,90.8,90.8,89.7,90,103,71912,6489037
16 JUL 2025,91.4,91.5,90.5,90.8,100,67480,6137115.8
15 JUL 2025,91.5,92.5,90.7,91,212,188244,17218016.8
14 JUL 2025,89.2,92.5,89,91.1,369,423251,38652712.8
11 JUL 2025,88,89.5,87.6,89.3,190,521057,46306396.9
9 JUL 2025,88,90.5,88,89.7,125,277528,24834805.6
8 JUL 2025,88.5,88.5,87.6,88.1,94,156163,13720132
7 JUL 2025,88.6,89.2,87.5,88.5,136,265701,23550811.3
4 JUL 2025,89,89,87.6,88.6,195,187455,16574875.1
3 JUL 2025,90,90.4,89,89.3,233,612493,55129164
2 JUL 2025,89.9,90,88.7,89.1,211,231225,20657793.4
1 JUL 2025,90,90.7,89.2,89.9,589,923336,83131486.6
30 JUN 2025,88.5,90,87,89.8,370,674819,60102886.3
27 JUN 2025,85.6,88.5,85.6,88,111,602962,52525807
26 JUN 2025,86,88.6,85.5,86.2,144,139160,12038397.3
25 JUN 2025,84.9,88,84.9,87.5,156,156886,13544307.7
24 JUN 2025,85,85,82.2,83.3,84,51223,4293268.7
23 JUN 2025,82,83,80,81.3,131,39984,3250456.3
20 JUN 2025,83.5,83.5,82,83.5,43,6621,549172.9
19 JUN 2025,84,84,81.9,82.8,106,33049,2727993.9
18 JUN 2025,84.5,86.5,83.6,83.7,45,38751,3258941.4
17 JUN 2025,84.9,86.5,81,83.4,172,147777,12516374.5
16 JUN 2025,84.5,85,83.1,84.8,103,35673,3000632
13 JUN 2025,87,87,84.8,85.2,87,49727,4234197
12 JUN 2025,87,88,86.5,87.1,67,40111,3490542.7
11 JUN 2025,86.9,88,85.8,86.3,97,54563,4722548.6
9 JUN 2025,87.1,87.5,86,87.1,68,39990,3475749.3
6 JUN 2025,88.9,88.9,87,87.1,94,41988,3667329.8
5 JUN 2025,89,89,87.7,88.9,100,267532,23779576.6
4 JUN 2025,88.5,89.9,87.2,88.6,127,185970,16504848.2
3 JUN 2025,88.9,90.5,88,88.5,196,277181,24670299.8
2 JUN 2025,86,89,85.7,87.8,230,304988,26535748.9
30 MAY 2025,84.4,86.6,83.5,85.2,122,231365,19698701.7
29 MAY 2025,84.8,84.9,83,83.6,90,94362,7947477.8
28 MAY 2025,83.3,85,82.7,83.9,64,45458,3803275.5
27 MAY 2025,83.2,84.8,83.1,83.3,66,53486,4492023
26 MAY 2025,83.5,84,83,83.7,54,48547,4054799.1
23 MAY 2025,83.1,84.5,82.9,83.7,41,14466,1212196.4
22 MAY 2025,82.9,84,82.9,83,35,2659,220809.5
21 MAY 2025,83.7,84.3,83.5,83.5,24,17497,1470629.4
20 MAY 2025,84.3,84.3,83,83.2,49,24875,2067795.3
19 MAY 2025,84.5,85.4,83,83.5,92,36185,3047837.5
16 MAY 2025,83,85.2,83,85,141,117475,9909572.2
15 MAY 2025,81.6,82,81.4,81.8,59,84963,6935662.5
14 MAY 2025,82,82,81.1,81.5,62,17926,1463928.9
9 MAY 2025,82,82,81.6,81.8,20,3599,294576.4
8 MAY 2025,81.9,82,81.8,82,16,35284,2892951.7
7 MAY 2025,82,82,81.6,81.7,36,5920,484151.6
6 MAY 2025,82.8,82.8,81.7,82,38,20384,1671162.1
5 MAY 2025,81.9,82.8,81.2,82.7,32,11723,966966.4
2 MAY 2025,82,82,81.5,81.9,22,3169,259470.2
30 APR 2025,83,83.2,80.3,82,28,5826,479309.3
29 APR 2025,83,83,82,82.2,27,5040,413779.7
28 APR 2025,81,83,80.8,82.9,101,1010999,83696990.9
25 APR 2025,79.5,81.5,79.5,81,54,44532,3572666.8
24 APR 2025,79,80,79,79.5,28,7890,626189.4
23 APR 2025,78.4,79,78.2,78.8,35,18400,1445563.2
22 APR 2025,79.5,79.5,78.5,78.5,58,82374,6474684.8
21 APR 2025,79.6,79.6,79,79.6,97,241742,19164640.2
17 APR 2025,79.6,79.6,79,79.6,58,8205,650674.8
16 APR 2025,80,80,79.5,79.5,50,12344,982362.6
11 APR 2025,79.1,81.5,78.7,78.8,38,10004,793878.3
10 APR 2025,80.1,81.5,78.5,79,100,190423,15176807.9
9 APR 2025,77.6,78,76,77.1,80,53747,4119534.9
8 APR 2025,76.1,78,76.1,77.7,90,41847,3252229.3
7 APR 2025,77.8,78,72.5,76.5,207,334124,25281475.8
4 APR 2025,78,79.9,77.2,77.7,168,229797,17831506.4
3 APR 2025,82,82,76.1,79.5,358,248467,19551681.3
2 APR 2025,83,83.5,82.5,82.9,86,103305,8573401.2
1 APR 2025,83,83,81.9,83,66,21223,1758520.4
28 MAR 2025,82,82.5,81.5,82.1,58,39493,3236847.3
27 MAR 2025,81,82.5,80.8,81.3,25,9460,768352.8
26 MAR 2025,81.9,82.5,80.9,81,51,12678,1033463.7
25 MAR 2025,82.5,82.9,81,81.5,52,14650,1198611.5
24 MAR 2025,82.5,82.5,81.5,81.8,55,18656,1530708
21 MAR 2025,80.6,82.5,80.6,82.1,31,5896,480314.2
20 MAR 2025,81,82,79.9,80.5,55,114076,9136674.1
19 MAR 2025,79.9,81.5,79.1,79.2,83,16068,1275289.4
18 MAR 2025,79.8,80,79.4,79.8,132,150157,12008383.2
17 MAR 2025,82,82,80,80.2,57,19440,1563994.5
14 MAR 2025,81.5,82,81.2,81.3,37,11799,960587.2
12 MAR 2025,80.6,82,80.5,81.5,44,19060,1555287.6
11 MAR 2025,83,83,79.3,80,159,122158,9837089.9
10 MAR 2025,83,83,82,82.2,52,32861,2703383.5
7 MAR 2025,83,83.5,82,83,50,28194,2330652.4
6 MAR 2025,83.9,85,82.5,83.5,41,105956,8800056
5 MAR 2025,82.9,83.7,82,83.4,41,18206,1503291.2
4 MAR 2025,81.5,83,81.5,82.2,58,26510,2169498
3 MAR 2025,83.6,83.7,82,82,97,86567,7124306.2
28 FEB 2025,85,86,83.3,83.5,50,13527,1136864.2
27 FEB 2025,84.8,85,83,83.9,46,10795,910927.8
25 FEB 2025,84.9,84.9,82.3,83,117,72794,6050529.6
24 FEB 2025,85,85.3,84.5,84.5,57,42039,3555625.1
21 FEB 2025,84.2,85.8,84.2,85,54,77333,6573461.2
20 FEB 2025,86,86,84,84.2,102,51896,4381994.4
19 FEB 2025,86.2,86.3,84.9,86.3,85,57992,4937100.2
18 FEB 2025,86.7,87,85.5,86.2,87,29771,2565657.1
17 FEB 2025,86,87.4,85.9,86.3,80,55035,4757512.3
14 FEB 2025,85,87,85,86,63,92482,7948429.8
13 FEB 2025,83.5,85,83,84.3,90,106731,8989573.8
11 FEB 2025,85,85.5,83.9,84.4,161,102749,8719669
10 FEB 2025,86,87.5,84.7,85.2,144,42175,3605486.2
7 FEB 2025,85.2,87.5,85.2,86.6,79,27036,2337185.1
6 FEB 2025,84.2,87,84.2,85.2,150,218906,18650011.2
5 FEB 2025,88.5,88.5,84.2,85.3,211,241157,20671988.4
3 FEB 2025,90.5,90.5,88,88.1,248,173970,15470401.7
31 JAN 2025,92,92.9,90.5,90.9,235,173783,15888477.2
30 JAN 2025,92.6,93.4,91,91.7,354,610164,56337082.8
29 JAN 2025,88.8,92.5,88.5,89.3,266,1135545,101341603.8
28 JAN 2025,89,89,87.6,88.4,96,54262,4797160.4
27 JAN 2025,89.8,89.9,87.5,87.9,128,150170,13232041.6
24 JAN 2025,90,90,87.1,88.1,205,185525,16535301.6
23 JAN 2025,86.4,90,86,89.8,408,1270630,112435116.8
22 JAN 2025,87,87.9,86.1,86.4,141,239946,20756155.9
21 JAN 2025,85.5,87,85.5,86.7,144,138569,12021186.9
20 JAN 2025,84.9,85.9,84.7,85.1,149,195337,16606001.7
17 JAN 2025,84.4,85,84,84.9,109,167686,14242631.2
16 JAN 2025,84.8,84.8,83.9,84,145,315599,26513943.6
15 JAN 2025,84.1,85,83.8,84.6,175,221510,18745922.9
10 JAN 2025,84,85,84,84.2,71,37547,3157966.8
9 JAN 2025,85.3,85.5,84,84.1,105,207522,17470603.9
8 JAN 2025,84.3,85.5,84.3,85,119,226942,19295563.4
7 JAN 2025,85.2,86,83,85,145,98832,8367814.5
6 JAN 2025,86,87.5,83.2,85,375,337644,28777727.1
3 JAN 2025,87.4,90,84.6,86.2,374,963443,84422519.9
2 JAN 2025,85.5,87.3,85,87.1,266,443111,38346854.4
31 DEC 2024,85.9,86,85,85.3,168,167552,14352934.1
30 DEC 2024,86,87,85.5,85.5,140,143291,12341337.5
27 DEC 2024,87,87,84,86,213,229872,19728104
26 DEC 2024,87,87.6,86,86.7,185,170810,14859817.3
24 DEC 2024,83.6,87.5,83,87,440,1051779,90561478.9
23 DEC 2024,84.9,84.9,83.5,84,133,102321,8613235.3
20 DEC 2024,83,85.2,83,84.5,218,1037259,87212614.7
19 DEC 2024,82.5,84,82.5,83,73,134743,11176410.2
18 DEC 2024,83.4,83.4,82,82.2,144,139558,11503110.9
17 DEC 2024,83,84,83,83.4,134,245731,20446810.4
16 DEC 2024,84,84,81.5,82.6,99,37308,3076489.3
13 DEC 2024,83.9,84.3,83,83.5,123,112122,9351522.7
12 DEC 2024,84.2,84.2,83.6,83.9,110,88036,7393638
11 DEC 2024,83,85,83,84.1,554,923178,78281809
10 DEC 2024,82,83.5,80.5,82.8,208,619079,51175226.3
9 DEC 2024,81,82.3,80.3,81.6,140,289402,23555782.4
6 DEC 2024,81,81.4,79,80.1,65,50712,4056622
5 DEC 2024,79.6,81.6,79,81.3,220,286077,23002441.7
4 DEC 2024,79.5,79.6,78.5,79.5,96,97472,7677271.4
3 DEC 2024,79.7,79.8,78.6,79,55,70676,5609407.9
2 DEC 2024,80,80,78.6,79.5,48,18278,1443501.4
29 NOV 2024,79.4,79.9,79,79,59,54148,4285455.8
28 NOV 2024,78.3,79.5,78.3,79.3,47,27584,2180254.5
27 NOV 2024,77.5,78.3,77.2,77.8,77,42189,3264532.2
26 NOV 2024,77.1,78,77.1,77.8,50,27174,2115552.2
25 NOV 2024,78.5,78.5,77.1,77.7,55,11720,915733.4
22 NOV 2024,77.7,78.3,77.7,78.3,13,3899,304530
21 NOV 2024,77.8,78.2,77.7,78.1,49,49987,3895403.8
20 NOV 2024,78.2,78.3,78,78,45,379580,29607431.4
19 NOV 2024,78.3,78.3,78,78.1,41,80938,6315600.2
18 NOV 2024,78.5,78.6,78,78.3,103,526076,41049514.3
14 NOV 2024,78.5,78.7,78,78.5,70,455816,35565078.6
13 NOV 2024,78.9,79,78.1,79,76,73575,5806169.7
12 NOV 2024,79.7,79.7,78.9,79,51,43015,3400494.8
11 NOV 2024,80,80,79,79.4,70,83765,6688377.4
8 NOV 2024,79.3,80.3,79.3,79.9,101,249002,19920171.9
7 NOV 2024,78.8,79.5,78,79.2,84,100983,7989796.7
6 NOV 2024,78,78.4,77,77.9,67,165995,12815669.5
5 NOV 2024,77.5,78.8,77.3,77.5,45,23215,1801391.9
4 NOV 2024,78,78.6,77.5,77.6,41,117226,9091004.9
1 NOV 2024,77.1,78,77,77.6,77,438110,33935276.6
30 OCT 2024,77.5,77.5,76.7,77,177,318549,24521238.4
29 OCT 2024,77,78,77,77.5,55,63814,4933781
28 OCT 2024,77.6,77.6,76.3,76.9,54,42139,3241282.5
25 OCT 2024,76.8,77,76.4,76.9,110,146928,11262146
24 OCT 2024,76.7,78.8,76.7,76.8,135,286634,22028404.6
23 OCT 2024,77,78,76.7,76.9,48,55245,4252255.2
22 OCT 2024,77,77,76.7,77,49,35538,2734507.6
21 OCT 2024,77,77,76.7,77,70,25325,1949532.3
18 OCT 2024,78,78.2,77,77.1,62,48460,3748456.3
16 OCT 2024,77,78.9,77,78,39,36891,2864137.6
15 OCT 2024,78.9,78.9,77,77.8,54,40433,3120098.8
14 OCT 2024,79,79,77,77,61,45387,3497105.5
11 OCT 2024,78,79.1,77,78.8,95,116374,9000943.1
10 OCT 2024,78,78,76.6,77.1,80,70731,5449021.5
9 OCT 2024,77,78,77,78,51,6655,516423.9
8 OCT 2024,79,79,77,77.6,51,13263,1030233.7
7 OCT 2024,79,79.5,77,78,75,21823,1707906.6
4 OCT 2024,79.3,79.3,79,79,30,9640,763716.3
3 OCT 2024,79.7,80,79,79.5,50,25248,2016606.6
2 OCT 2024,80.8,80.8,79.7,79.9,42,11739,941041.1
1 OCT 2024,81,81,79.7,80,56,24824,2002088.2
30 SEP 2024,81.5,81.5,79.7,80,52,33829,2707624.4
27 SEP 2024,79.5,81,79.5,80.1,115,348092,27871490.6
26 SEP 2024,79.9,81,79,80,103,634672,50764628.7
25 SEP 2024,77.8,79.9,77.8,79.3,109,167043,13232143.9
24 SEP 2024,77.8,78.9,76.1,77.9,76,24784,1925676.4
23 SEP 2024,77.6,77.6,74,77,31,33445,2534974.6
20 SEP 2024,77.5,77.5,75.6,77.1,41,26171,2006515
19 SEP 2024,76,77.6,76,77.5,61,26205,2015970.7
18 SEP 2024,75.5,76,75.5,75.7,24,12715,963739.5
13 SEP 2024,75.5,75.5,73.8,74.6,43,29081,2158266
12 SEP 2024,74.5,75.4,73.7,74.5,37,10240,758435.5
11 SEP 2024,75.9,77.8,73.6,74.3,36,22218,1702295.7
10 SEP 2024,75.1,76,74,74.6,31,5292,397200.6
9 SEP 2024,77,77.8,76,76,15,2313,175946.1
6 SEP 2024,74,77.7,74,77.2,27,1415,108259.2
5 SEP 2024,75.4,76,73.2,74,54,11525,857421.4
4 SEP 2024,74.4,75,74.2,75,63,7179,536276.5
3 SEP 2024,74,75,73,73.6,63,32999,2429704.8
2 SEP 2024,75.1,76,74,74.4,56,28872,2156777.2
30 AUG 2024,76,76,75.6,75.8,13,8648,657003.5
29 AUG 2024,74.7,76.5,74.7,75.6,28,4235,320672.3
28 AUG 2024,75.8,75.9,74.8,75.1,47,10971,824254.4
27 AUG 2024,75.9,77,75,75.1,44,13646,1027704
26 AUG 2024,76.3,76.4,75.2,76.4,44,12003,913845.5
23 AUG 2024,78,78,77,77.5,22,30372,2347942.2
22 AUG 2024,77.9,78,77.7,77.8,14,4337,337391.9
21 AUG 2024,78.2,78.4,77.9,78,39,99352,7749857
20 AUG 2024,76,78.4,76,78,61,135427,10557853
16 AUG 2024,77,77,75,75.1,32,7978,600017.5
15 AUG 2024,77.8,79,76.5,76.5,36,13870,1080929.2
14 AUG 2024,77.3,77.3,74.5,75,92,39106,2943119.2
13 AUG 2024,76.7,77.6,75.5,75.8,79,119714,9093029.3
12 AUG 2024,76,77.8,76,76.6,30,48075,3677856.9
9 AUG 2024,76.6,77.9,76,76.6,35,6531,500748.8
8 AUG 2024,77.8,77.8,76.9,77,66,182086,14029289.6
7 AUG 2024,78.5,78.5,77.2,77.5,52,97628,7600688.9
6 AUG 2024,78.5,79,78.1,78.2,36,15972,1250177.9
5 AUG 2024,79,79,78.1,78.2,35,12285,961998.5
2 AUG 2024,79,80,79,79,27,9900,784993.8
1 AUG 2024,79.8,80,79,79.1,35,116329,9297705.3
31 JUL 2024,79.4,79.8,78.7,79.4,29,19599,1556249
30 JUL 2024,79.8,80,79,79.6,50,73721,5887754.8
29 JUL 2024,79.7,79.9,79,79.7,36,27262,2157007.7
26 JUL 2024,79.6,79.6,78.5,79.4,22,12749,1004622.7
25 JUL 2024,79.6,79.6,79.5,79.5,47,84591,6725717.7
24 JUL 2024,79.4,79.7,79.1,79.5,58,165739,13175525.9
23 JUL 2024,79.4,79.4,79,79,21,22610,1786198.4
22 JUL 2024,78,79.5,78,79.3,87,169329,13411950.1
19 JUL 2024,79.3,79.9,79,79.2,28,78155,6195458.3
18 JUL 2024,77.7,80,77.7,79.3,98,144175,11472921.3
17 JUL 2024,78.5,79.5,77.6,78.6,52,76885,6080088.3
16 JUL 2024,79,79.6,78.5,78.6,21,1013,80148.2
15 JUL 2024,79,79.5,79,79.2,24,6907,546780.6
12 JUL 2024,71,79,71,78.9,38,18059,1405825.5
11 JUL 2024,79,79,77.8,78,49,39367,3071690.6
10 JUL 2024,79.3,80,78,78.1,23,3165,249189.4
9 JUL 2024,78,79.4,78,78,48,7934,619754.8
8 JUL 2024,80.9,80.9,79,79.7,27,3370,268520.8
5 JUL 2024,78.9,81,78,80.4,101,203484,16286533.1
4 JUL 2024,80,80.8,78.2,78.3,88,90005,7077985.7
3 JUL 2024,80,80.8,79,79.5,111,225388,17961117.9
2 JUL 2024,80,80.9,80,80,31,23974,1918489.2
1 JUL 2024,81,81,79.6,80,52,47855,3832668.5
28 JUN 2024,80.5,81.4,80,80.5,84,220550,17726135.1
27 JUN 2024,82.5,82.5,80.3,80.7,74,54156,4371026.2
26 JUN 2024,81.8,82.9,81.1,82.5,52,102494,8426621.4
25 JUN 2024,83,83,81.5,81.7,88,89450,7327019.8
24 JUN 2024,82,83.6,81.6,83,230,343774,28499158
20 JUN 2024,80.7,82.2,80,81.9,89,49071,4001595.4
19 JUN 2024,80.8,80.8,80,80.1,45,9177,735642.2
18 JUN 2024,82,82.3,80,80,75,34420,2772901.5
14 JUN 2024,82.1,82.6,81.3,81.7,54,63268,5177481.8
13 JUN 2024,82.9,83,82,82.1,64,70962,5860024.4
12 JUN 2024,83,84.2,82,83,85,112303,9326118.2
11 JUN 2024,81.8,84.4,81.7,83.5,286,472934,39377493.2
11 JUN 2024,81.8,84.4,81.7,83.5,286,472934,39377493.2
10 JUN 2024,80.3,82.3,80.3,81.7,180,171346,13941651
7 JUN 2024,80,80.5,79.5,80.3,46,57023,4561858.2
6 JUN 2024,80,80.5,79,80,46,141568,11320368.1
5 JUN 2024,80.5,81.5,80.5,80.8,108,104445,8467911
4 JUN 2024,78.8,80.9,78.8,80.6,107,131679,10499904.4
3 JUN 2024,79.2,79.2,78.7,79,49,55136,4354197.2
31 MAY 2024,79.5,79.6,79,79,72,112711,8932024.9
30 MAY 2024,79.8,80,79,79.6,97,125723,10000754.3
29 MAY 2024,78.5,79.9,78.5,79.5,160,131880,10454043.2
28 MAY 2024,78.4,79,78.4,78.9,67,39440,3103730.2
27 MAY 2024,79,79,78.3,78.5,29,52913,4165953.6
22 MAY 2024,77,79.5,77,79.2,100,73053,5748211
21 MAY 2024,77.6,77.8,77,77.2,37,102369,7898112.8
20 MAY 2024,78.2,78.5,77.6,77.6,78,86301,6731573.2
17 MAY 2024,76.2,79,76.1,78.1,307,1000319,77888901.3
16 MAY 2024,77,77.5,76,76,30,43358,3300520.5
15 MAY 2024,76.5,78.2,76,76.3,43,77807,5945684.5
14 MAY 2024,77.4,77.5,75.1,76.4,63,82130,6297340.1
13 MAY 2024,77.5,78,77.4,77.5,35,14973,1162782.5
10 MAY 2024,77.5,78,77.5,77.6,43,12260,952523.3
9 MAY 2024,78.9,79,77.5,78.1,88,289975,22639751.7
8 MAY 2024,77.9,79.1,77.7,78.7,191,769339,60169403.3
7 MAY 2024,75,78,75,77.8,163,236225,18195050.6
6 MAY 2024,75,75,73,74.5,71,48398,3570609.6
3 MAY 2024,75,75.4,74.7,75,27,12346,926078.6
2 MAY 2024,75,76.5,75,75,29,28384,2150164.6
30 APR 2024,76,76.6,74.5,75.2,51,116086,8739447.3
29 APR 2024,74,76.9,74,76,84,61527,4635428
26 APR 2024,74,74.5,73,74.2,49,30479,2249454.2
25 APR 2024,74.5,74.7,74,74,24,16889,1254874.4
24 APR 2024,73.9,75,73.8,74.8,102,101788,7594024
22 APR 2024,72.5,74,72,73.1,53,37301,2737387.3
19 APR 2024,73,73,70.1,72.5,79,50439,3657360.2
18 APR 2024,74,74,72.9,73.2,46,19159,1401411.6
17 APR 2024,74,74,73,74,42,23042,1696210.3
16 APR 2024,73.5,74,72.3,74,67,44198,3243741.1
15 APR 2024,75.1,75.1,73.5,73.6,64,36911,2724826.8
10 APR 2024,74.5,75,73.5,75,37,29963,2243469.5
9 APR 2024,73.9,74.5,73.3,74.5,66,48988,3611093.1
8 APR 2024,74.2,75.7,74.1,74.3,68,99316,7398377.2
5 APR 2024,75.9,75.9,73.8,74,50,32231,2385634.4
4 APR 2024,75.5,75.5,73.2,74.9,52,25623,1920230.7
3 APR 2024,76,76.1,75.6,75.7,41,12964,984215.4
2 APR 2024,76.4,77,76,76.2,63,62089,4747371
1 APR 2024,76.9,76.9,76.3,76.5,43,34930,2670166.6
28 MAR 2024,76.5,76.9,76.3,76.5,26,21279,1629261.1
27 MAR 2024,76.5,76.9,76.2,76.6,37,45466,3473415.4
26 MAR 2024,76.1,77.2,76.1,76.7,44,27777,2133817.3
25 MAR 2024,77.5,77.6,76,76,36,44383,3380433.7
22 MAR 2024,76.5,77.6,76.5,77.5,76,120218,9310229.2
21 MAR 2024,77,77.4,76.5,76.9,44,36915,2841869.8
20 MAR 2024,76.2,77.2,76.2,76.9,84,87712,6732224
19 MAR 2024,76.5,76.5,75.5,76.1,52,32809,2487274.9
18 MAR 2024,76.6,77.4,75.5,76,67,82848,6302163.3
15 MAR 2024,77,77.3,75,76.6,94,137345,10448942.8
14 MAR 2024,78.5,78.5,77,77.5,74,121765,9458665.9
13 MAR 2024,78,79,78,78.6,101,237530,18669334.2
12 MAR 2024,78.7,79.1,78.1,78.4,164,443997,34882302.2
11 MAR 2024,77.9,78.9,77,78.6,153,241043,18838154.7
7 MAR 2024,75.3,78,75,77.8,246,566778,43506318.6
6 MAR 2024,74.9,75.4,74,75.2,99,156452,11704971.9
5 MAR 2024,73.5,74.8,72.5,74.4,114,302708,22472461.7
4 MAR 2024,72.7,73.6,72,73,81,78290,5706854.9
1 MAR 2024,72,74,71.9,73.6,148,214152,15646536.5
29 FEB 2024,71.5,72,71,71.8,45,38914,2769126.1
28 FEB 2024,71.2,73,71.2,72.2,78,98988,7163726.6
27 FEB 2024,71,71,70,70.4,31,17286,1215111.3
26 FEB 2024,72.2,72.2,69.3,70,77,102036,7139517.9
22 FEB 2024,70,72.5,69,72,113,392365,28153300.5
21 FEB 2024,68.5,70,68,69.8,53,37180,2558162.4
20 FEB 2024,69.5,69.5,68,69,22,22097,1519845.8
19 FEB 2024,67.2,69.4,67,69,57,107286,7386099.2
16 FEB 2024,67.5,68.5,67,67.1,36,15236,1023591.8
15 FEB 2024,69.8,69.8,66.7,67.5,78,108608,7289913.7
14 FEB 2024,70.7,70.7,68,68.1,79,91608,6263763.4
13 FEB 2024,69,70.7,68.9,69.7,56,26680,1864912.4
12 FEB 2024,69.7,70.4,69,70,48,38389,2681111.7
9 FEB 2024,70.9,70.9,69,69.6,42,18371,1274175.9
8 FEB 2024,69,70.4,69,70.2,58,123846,8673251.2
7 FEB 2024,70.4,71.5,68.7,69.3,61,7767,539943.4
6 FEB 2024,70.9,71.5,70.1,70.9,62,32115,2274129.8
2 FEB 2024,69.9,72.5,69.9,71.2,285,309424,21984753.3
1 FEB 2024,69.9,70,66.6,69.4,41,17483,1208966.3
31 JAN 2024,67.9,70,66.6,69.4,56,60351,4160512.5
30 JAN 2024,66,68,66,67.9,61,48130,3217296.2
29 JAN 2024,65.9,66.5,65.4,66,65,39693,2619192.8
26 JAN 2024,66.1,66.1,65.5,65.6,20,6121,402786.8
24 JAN 2024,65,66.1,65,65.7,63,48103,3163149.1
23 JAN 2024,64.5,65.4,64.5,65,29,28402,1844215.6
22 JAN 2024,65,65.7,64.1,64.5,65,19645,1273854.1
19 JAN 2024,65.2,66,65,65,25,14875,969285
18 JAN 2024,65.6,66.4,65,65.8,61,78589,5162739
17 JAN 2024,65.5,66,65.1,66,25,54841,3619286
16 JAN 2024,65,66.3,65,65.2,21,23828,1549231.6
12 JAN 2024,64.6,66.7,64.5,66,36,10818,706886.4
11 JAN 2024,65,65.4,64.6,65,35,9566,618650.3
10 JAN 2024,66.1,66.8,65,65,80,41107,2705625.9
9 JAN 2024,67.5,67.5,67,67.3,49,41397,2782862.1
8 JAN 2024,68.2,68.4,67.2,67.2,46,26094,1771442.3
5 JAN 2024,68.4,68.4,68.1,68.2,61,17179,1172690.7
4 JAN 2024,68.5,68.5,67.6,68,42,73696,5010746.7
3 JAN 2024,66.7,69,66.5,68.9,131,103199,7000561
2 JAN 2024,64.9,66.9,64.9,66.1,75,56588,3732339.9
29 DEC 2023,65.1,65.1,64,64.3,39,23579,1518656.7
28 DEC 2023,66,66,64.5,66,29,15946,1038580
27 DEC 2023,64.2,68,64.1,65.7,48,82300,5382556.6
22 DEC 2023,64.2,66.4,64.2,64.5,37,70603,4557739.6
21 DEC 2023,63.7,64.5,63.7,64.1,30,70009,4478846
20 DEC 2023,62.5,64,62.4,62.7,17,16021,1003836.4
19 DEC 2023,62.7,63,62.5,62.5,28,4770,298462
18 DEC 2023,64.8,64.8,62.6,63,24,4141,262635.4
15 DEC 2023,63,64.8,62.5,62.6,38,36119,2258590.1
14 DEC 2023,64.7,64.7,62.7,63,8,443,27976.8
13 DEC 2023,63.3,64,62.5,62.5,47,17692,1110969.5
12 DEC 2023,63.5,64.8,63.2,63.4,25,4236,269897.6
11 DEC 2023,63.9,64.7,63,63.5,51,15401,978662.7
8 DEC 2023,63,64,63,63.4,21,9332,590125.4
7 DEC 2023,63,63,61.8,62.3,63,63634,3968124.1
6 DEC 2023,62.7,63.1,62.7,62.8,29,3749,235710.8
5 DEC 2023,63,63.1,62.5,63.1,40,35838,2240791.2
4 DEC 2023,63.4,63.8,62.9,63.1,46,12880,812996.4
1 DEC 2023,63,63.5,62.9,63.3,46,10780,681431.8
30 NOV 2023,62.9,63,62.8,63,44,22885,1440392.9
29 NOV 2023,63.5,63.5,62.6,63,24,25021,1575547.1
28 NOV 2023,63,63.3,62.8,63,24,15790,996814
27 NOV 2023,62.9,63.5,62.5,63.3,23,18264,1151440.7
24 NOV 2023,62.7,62.9,62.5,62.5,45,25696,1606344.1
23 NOV 2023,63,63,62.7,62.7,32,2868,180260.9
22 NOV 2023,63.7,63.8,63,63,46,61965,3906560.1
21 NOV 2023,63.5,63.8,62.9,63.1,62,62348,3928380.7
20 NOV 2023,64,64,63.5,63.5,32,14865,944245.6
17 NOV 2023,64.5,64.5,64,64,34,18992,1215936.5
16 NOV 2023,65.7,65.7,64.1,64.1,52,26684,1722980.6
15 NOV 2023,65.8,65.9,64.8,65.3,29,13833,901816.5
14 NOV 2023,66.5,66.5,65,65.1,102,194627,12678241.7
13 NOV 2023,66.5,66.5,65.9,66.5,8,2565,170302.5
10 NOV 2023,66.2,66.8,65.6,65.8,37,8337,548139.5
9 NOV 2023,66.9,66.9,66.9,66.9,4,1200,80280
8 NOV 2023,66,66.9,66,66.9,14,11555,772867.5
7 NOV 2023,66.9,66.9,65.7,65.8,7,2590,170584.8
6 NOV 2023,65.8,66.4,65,65.6,30,12621,828140.5
3 NOV 2023,66.5,66.9,66.1,66.5,17,10513,698395
2 NOV 2023,67,67,66,66.9,25,21654,1438557.2
1 NOV 2023,66.7,67,66.5,66.9,26,14199,949701.2
31 OCT 2023,67,67,65.6,66.1,12,4992,330396.8
30 OCT 2023,67,67,65,65.5,38,24618,1608705.6
27 OCT 2023,67,67,66.8,67,15,6715,449111.4
26 OCT 2023,66.7,67,64.5,67,65,204608,13357709.5
25 OCT 2023,66,66.9,65.5,66,30,9524,629444.2
24 OCT 2023,67,67.7,66,67,40,46245,3093270.4
23 OCT 2023,65.8,67.9,65.8,66.7,67,86518,5802450.4
20 OCT 2023,65.9,66.3,64.7,65.1,35,44413,2897585.9
19 OCT 2023,65.9,65.9,63.5,64.1,45,44404,2822312.8
18 OCT 2023,66.9,66.9,63.6,64,69,14407,925978.6
17 OCT 2023,65.1,66,64.9,65.1,51,63276,4118413.5
16 OCT 2023,65.4,65.4,65.1,65.1,30,4384,285422.6
13 OCT 2023,66,67,65.1,65.5,41,10434,683978.2
12 OCT 2023,65,67,65,66.4,39,39101,2555934.6
11 OCT 2023,65.8,67,65,65.1,62,26719,1752744.1
10 OCT 2023,65.9,66.5,65,66.4,78,14710,966116.3
9 OCT 2023,67.8,68,66.5,66.8,183,84388,5663850.9
6 OCT 2023,68.5,68.8,68,68.1,69,13198,902078.3
5 OCT 2023,67.7,68.9,67.7,68.7,37,8378,575080.4
4 OCT 2023,68.5,68.8,67.2,68,88,26081,1774093.4
3 OCT 2023,68.9,69,67.8,68,143,43298,2968744.8
2 OCT 2023,67.5,68.9,67.3,68.1,95,51413,3496748
27 SEP 2023,67.8,68.5,67,68,50,46702,3155630.2
26 SEP 2023,66.5,68.4,65.8,66.8,46,14920,990286.5
25 SEP 2023,67.5,68,66.6,66.9,54,42563,2858522.3
22 SEP 2023,67.2,68,67,67.9,19,3080,207685
21 SEP 2023,67.1,67.2,67,67.1,39,46388,3109375.7
20 SEP 2023,68.3,69,67,67.1,49,16558,1112359.9
19 SEP 2023,69.5,69.5,67.6,67.7,55,31576,2144126.9
18 SEP 2023,68.7,69,68.1,68.1,33,17876,1219858.4
15 SEP 2023,69.5,70.4,69,69.2,37,20092,1403451.7
14 SEP 2023,68,69.5,67.9,69,52,34621,2373955.2
13 SEP 2023,68.2,68.5,67.9,67.9,49,39888,2714059.9
12 SEP 2023,68.4,68.8,68.2,68.5,38,14749,1009975.2
11 SEP 2023,69.3,69.3,68.5,68.6,69,116594,7992952.5
8 SEP 2023,68.2,69.4,68.2,68.5,58,92439,6340962
7 SEP 2023,68.1,69,68.1,68.9,37,18004,1233430.3
6 SEP 2023,69,69.4,68,68.5,39,36277,2480896.6
5 SEP 2023,70,70,68,69.1,77,103385,7174192
4 SEP 2023,68.4,71.2,66.3,70,146,99649,6918875.4
1 SEP 2023,67,68.4,66.3,67.3,105,43930,2954167.2
31 AUG 2023,66.5,67.9,66.5,67.5,35,67785,4570664.1
29 AUG 2023,66.4,67.9,66.4,67,38,23001,1541060.8
28 AUG 2023,67.7,67.7,66.1,66.8,56,23592,1582611.1
25 AUG 2023,67,67.9,66,66.7,71,30205,2015661.5
24 AUG 2023,67,67,66.5,66.5,36,12279,818195.3
23 AUG 2023,66.6,67,65.5,66,42,28562,1892599.7
22 AUG 2023,67,67,65,65.5,73,52671,3450467.8
21 AUG 2023,67.1,67.8,66,66.8,83,61486,4102555.6
18 AUG 2023,66.5,67.3,66.1,67,69,31582,2103977.9
17 AUG 2023,67.6,68,66.4,66.5,50,34041,2271961.9
16 AUG 2023,67.3,68,66.2,66.9,70,129665,8701210.4
15 AUG 2023,66.4,68.5,66.3,67.1,94,37213,2502723.5
14 AUG 2023,69,69.9,65,66.7,258,178496,11865567.7
11 AUG 2023,72.8,72.8,69,69.6,251,204488,14365115.7
10 AUG 2023,74,74,73.3,73.6,82,182071,13393163.9
9 AUG 2023,75,75,74,74.4,74,125370,9326305
8 AUG 2023,74.5,75.5,74.5,75,174,304393,22892351.2
7 AUG 2023,74.4,74.5,73.6,74.1,77,41851,3102816.8
4 AUG 2023,75,75,73.9,74.9,65,75624,5654717.3
3 AUG 2023,71.4,75.5,71.4,75,219,441944,33038666.4
2 AUG 2023,72,72.8,71.7,72,61,51318,3698503.8
31 JUL 2023,71,73,71,72.6,107,168119,12090387.9
28 JUL 2023,71.6,73.5,70.9,71.4,115,230721,16488590
27 JUL 2023,70.5,73.4,69.8,72.1,116,105169,7520550.8
26 JUL 2023,72,72,70,70.9,127,124929,8840806.2
25 JUL 2023,72.3,73.4,70.5,73,175,251019,18210734.8
24 JUL 2023,73.6,73.6,72.5,72.8,116,72604,5295515.1
21 JUL 2023,74.3,74.9,73.6,74,110,123391,9158653.8
20 JUL 2023,76,76.5,74.1,74.6,81,61701,4638395.8
19 JUL 2023,74.5,76.2,74.1,76,161,316720,23905874.8
18 JUL 2023,73,75.6,72,75,242,464661,34792116.6
17 JUL 2023,74,76.4,74,74,173,213976,16023626.6
14 JUL 2023,71.7,76.5,71.4,74,480,1702833,125454000.7
13 JUL 2023,71.5,71.8,70,71.4,106,187884,13256311.8
12 JUL 2023,68.5,73.1,68.5,71.5,386,786039,55934535.9
11 JUL 2023,63.8,68.7,63.8,68.1,282,148985,9897590.1
10 JUL 2023,64,65,63,64.5,97,56447,3618741.3
7 JUL 2023,64,64.5,63,64.2,103,72576,4639906.8
6 JUL 2023,64.5,64.5,63.1,63.4,80,23198,1478314.7
5 JUL 2023,61,65,61,64.5,233,227820,14396456.3
4 JUL 2023,60.1,61,60,60.9,210,96259,5830960.2
28 JUN 2023,59.2,60.5,59.1,59.9,61,40524,2428472.9
27 JUN 2023,60.5,60.5,59,59,71,61537,3642046
26 JUN 2023,60.1,60.7,59.5,60.5,37,18634,1120050.1
23 JUN 2023,60.6,60.6,59.7,60,16,17371,1042514.4
22 JUN 2023,60.7,61.2,59.3,60,64,28179,1697517.6
21 JUN 2023,59.8,60.9,59.3,60.5,62,22947,1380962.9
20 JUN 2023,58.7,59.5,58.7,59.3,24,19441,1151445.3
19 JUN 2023,58.8,59.9,58.1,59.2,57,60821,3581633.4
16 JUN 2023,58.4,59.4,57.5,58.9,88,72055,4205053.4
15 JUN 2023,58.1,58.6,58,58,52,70161,4073971.8
14 JUN 2023,58.8,58.8,57.6,58.1,51,30018,1747391.3
13 JUN 2023,58.1,59,57.1,57.3,43,8763,506628.9
12 JUN 2023,56,59.2,56,58.8,67,42167,2432106.1
9 JUN 2023,56,56,55,56,26,8346,467069.5
8 JUN 2023,56,56,55,56,35,68238,3779270.7
7 JUN 2023,55,56,54.5,56,30,18502,1025300
6 JUN 2023,55,55.4,54.4,55,26,5830,320304.2
5 JUN 2023,56.8,56.8,55,55,41,40754,2249165
2 JUN 2023,54.4,56.9,54.4,55,31,37153,2043291.8
1 JUN 2023,54,54.2,53.5,54.1,36,21231,1145510.7
31 MAY 2023,54,54,52.2,53,41,13514,721528.5
30 MAY 2023,53.2,54,51.8,52.8,76,32465,1717689.3
29 MAY 2023,55,55,53,53.2,134,77715,4181012.4
26 MAY 2023,56.2,56.9,54.5,54.6,54,13131,723084.1
25 MAY 2023,56,56,55,55,69,15832,872384.7
24 MAY 2023,54.3,56,54.3,56,19,15369,859940.1
23 MAY 2023,56,56,54.1,54.2,62,16391,893189.2
22 MAY 2023,56,56.5,54.2,54.6,117,52772,2893540
19 MAY 2023,57,57,55.6,55.8,96,45448,2545577.3
18 MAY 2023,57,57,55.9,56.5,77,77114,4324240.1
17 MAY 2023,57,57,56,56.8,32,12346,698306.5
16 MAY 2023,56.5,57,56,56.8,44,50148,2843768
15 MAY 2023,56,57,56,57,41,60800,3451676.7
12 MAY 2023,55.5,57,55.1,56.5,35,25367,1414827.2
11 MAY 2023,55.6,57,55,56,47,6492,358973.2
10 MAY 2023,57,57.1,55.6,55.7,30,20056,1138592.9
9 MAY 2023,57,57,55.6,55.7,37,10805,605793.6
8 MAY 2023,57,57.5,56.3,56.4,26,4721,267343.2
4 MAY 2023,55.8,57.5,55.8,57.2,25,27245,1557955.8
3 MAY 2023,55.5,56.9,55,55.8,28,11929,661866.8
2 MAY 2023,56,56,55,55,119,73356,4053172.2
28 APR 2023,56.2,57.4,56,56.3,59,49329,2777527.6
27 APR 2023,56.1,57.7,56,56.1,60,70729,3968239.1
26 APR 2023,58,58,56.5,57.8,56,38965,2248272.2
25 APR 2023,58.8,58.8,57,57.8,35,8858,511021
24 APR 2023,56.8,59,56.6,58.5,31,10758,624967.3
21 APR 2023,58,58.3,56.8,57.2,90,32242,1860193.6
20 APR 2023,58.3,59.4,58,58,20,29510,1719111
19 APR 2023,59.7,59.7,57.4,58.3,56,17290,1003239.2
18 APR 2023,59.8,59.8,57.7,59.2,26,84570,4882316.5
17 APR 2023,60,60,58,58.2,52,13682,803917.3
12 APR 2023,58.7,60.1,58.7,60,60,104525,6264540.2
11 APR 2023,58.2,59.9,58.1,59.7,34,46698,2725495.7
10 APR 2023,58.5,58.5,57,58.2,40,41792,2437826.8
6 APR 2023,57,57,56.3,56.5,50,47567,2687592.7
4 APR 2023,56.1,57,56.1,56.5,43,93080,5259919.3
3 APR 2023,56.3,56.9,56,56.5,58,68241,3854881.3
31 MAR 2023,58,58,56.2,56.3,30,11440,647664.2
30 MAR 2023,57,57,56,56.4,60,42896,2427494.3
29 MAR 2023,56.5,57.4,56.5,57.4,23,16947,968690.4
28 MAR 2023,57.5,57.5,56.1,56.6,26,18007,1018823.2
27 MAR 2023,58,58.5,56.1,57.4,69,43046,2474492.5
24 MAR 2023,58,58,57.6,58,47,26527,1537753.2
23 MAR 2023,58.6,59,58.4,58.5,55,23037,1351345
22 MAR 2023,58.6,59.6,58.6,58.9,49,35028,2064635
21 MAR 2023,60,60,58.6,59.2,66,40307,2391353.8
20 MAR 2023,60.7,60.7,59.5,59.6,80,65664,3941230.5
17 MAR 2023,59.5,60.5,59.5,59.6,27,11068,659523
16 MAR 2023,61.9,61.9,59.6,59.8,96,64626,3887937.5
15 MAR 2023,59.8,60,59.1,59.9,113,514257,30807224.3
14 MAR 2023,58.9,59.8,58.5,58.8,44,243239,14304038.8
13 MAR 2023,58.5,59,58.2,58.5,50,21910,1279900.9
10 MAR 2023,59.9,59.9,58.5,59.2,65,39891,2356026.4
9 MAR 2023,59.4,59.4,58.4,59,99,55200,3242482.1
8 MAR 2023,59.5,59.9,58.3,59,123,72960,4303289.3
7 MAR 2023,61.2,61.2,58.5,59.6,136,104670,6235470.1
3 MAR 2023,60,60.5,59.5,59.9,81,39998,2394279
2 MAR 2023,61,61.9,60,60,81,38242,2308488.3
1 MAR 2023,60.2,61.9,60.2,60.7,52,26189,1602867.9
28 FEB 2023,60,61,59.8,60.9,44,33988,2049891.4
27 FEB 2023,61.4,62,59.6,59.9,58,44337,2668822.6
24 FEB 2023,62.2,63,59,59.6,247,244193,14695649.4
23 FEB 2023,60.2,62.2,59.8,60.9,77,46619,2853832.3
22 FEB 2023,61.2,62.8,59.5,60.2,167,109691,6684155.9
21 FEB 2023,59,63.4,59,62,397,246664,15266139.3
20 FEB 2023,57.7,59,57.1,58.4,93,68457,3983317.6
17 FEB 2023,55.5,57.7,55.5,57,32,32405,1847534.3
16 FEB 2023,57.8,57.8,55,55.6,73,22274,1239361.3
15 FEB 2023,56,57,55.3,55.9,48,16227,906312.2
14 FEB 2023,57.2,57.5,55.5,55.6,125,37510,2107438.4
13 FEB 2023,57.9,57.9,57,57.2,103,52240,2993816.3
10 FEB 2023,56.9,59.9,56.5,56.9,223,117553,6759470.2
9 FEB 2023,54.8,55,54,54.2,56,8324,455320.9
8 FEB 2023,55.2,56,54.9,55.1,55,20686,1138633
7 FEB 2023,55.7,56.1,55.2,55.5,49,44353,2482801.6
6 FEB 2023,55.4,56.8,55,55.4,39,18371,1014747
3 FEB 2023,56.8,56.9,55,55.5,41,36107,1990741.4
2 FEB 2023,57,57.9,54.9,55.1,116,66260,3664972
1 FEB 2023,59,59,55.9,56.9,21,3658,209214.3
31 JAN 2023,56,60,56,57.8,76,92219,5223770.6
30 JAN 2023,56.3,56.3,55,55.9,47,48049,2678222.1
27 JAN 2023,56.3,56.3,56,56.1,16,3136,175813.8
26 JAN 2023,55.9,56.5,55,56,33,24026,1342378.2
25 JAN 2023,55.5,56,54.1,54.6,78,22610,1241766.7
24 JAN 2023,57,57,54.5,55.2,119,56622,3132623.1
23 JAN 2023,56,57,55.5,55.9,110,93358,5237511.9
20 JAN 2023,55.8,57,54,54.5,141,93344,5145252.5
19 JAN 2023,52.5,55,51.5,52.8,274,289295,15148638.8
18 JAN 2023,53,54.9,52.5,52.8,84,99298,5257540.8
17 JAN 2023,53,56,52.5,52.8,146,132729,7028577.2
13 JAN 2023,57,57,53,53.5,94,73235,3916596.3
12 JAN 2023,56,57,55,55,86,26019,1437730.8
11 JAN 2023,56.8,56.8,56,56.2,63,54405,3060862.5
10 JAN 2023,57,58,56.6,57.5,44,61339,3521684.5
9 JAN 2023,57.9,57.9,56.5,57.5,36,6922,394592.7
5 JAN 2023,58.5,58.5,56.1,57.9,22,6939,391488
4 JAN 2023,59.3,59.3,56,58.5,40,6001,344702.9
3 JAN 2023,58.3,59.4,57,57.8,48,17271,1003420.7
2 JAN 2023,58,59.5,57.6,58.1,25,9631,557989.7
30 DEC 2022,57.5,59.8,57,57.6,50,32817,1904399.7
29 DEC 2022,57.7,57.7,55.2,55.7,63,28277,1579334.1
28 DEC 2022,56.7,58,56,58,25,7717,436671.2
27 DEC 2022,58,58,56.1,57.2,20,23983,1386387
23 DEC 2022,57.9,57.9,56.2,56.3,15,4387,247549.5
22 DEC 2022,56.4,58,56.2,56.2,27,6670,375105.3
21 DEC 2022,56.9,57,56.2,56.4,54,6765,382673.4
20 DEC 2022,57.2,58,56.9,57.1,36,7178,410327
19 DEC 2022,58,58.5,57.2,58,39,14637,845944.2
16 DEC 2022,59,59,57.5,58.3,18,7507,431943.2
15 DEC 2022,59.6,59.7,57.2,58.3,41,20990,1230316.3
14 DEC 2022,58.5,58.5,57.8,57.9,37,6745,391425.8
13 DEC 2022,60,60,58,58.2,48,16442,958018.7
12 DEC 2022,60,60.5,58.7,60,49,61584,3694681.9
9 DEC 2022,59.5,61,58,60.1,43,7321,430910.1
8 DEC 2022,61.6,61.6,59.6,60,62,68053,4080138.1
6 DEC 2022,60.3,61,59.6,59.8,73,89101,5343324.9
5 DEC 2022,61.7,61.7,60,60.4,34,58811,3550284.4
2 DEC 2022,61,61,59.8,60.1,55,15772,947809.7
1 DEC 2022,59.5,61.7,59.5,60.9,18,2340,142204.5
30 NOV 2022,58.9,60.3,58,59.1,73,49049,2917677.1
29 NOV 2022,58,58.5,56.5,56.5,64,53724,3064392.8
28 NOV 2022,59,59,56.5,57.3,38,48892,2804138.8
25 NOV 2022,56.1,56.5,55,55.9,33,9780,543952.5
24 NOV 2022,58,58,56.4,56.6,52,52182,2955863.5
23 NOV 2022,57,57.9,56.5,57.1,62,17977,1022415.7
22 NOV 2022,51,55,51,54.3,60,21856,1130288.1
21 NOV 2022,52.9,52.9,50,51.3,120,75250,3799050.7
18 NOV 2022,54.5,54.5,52.6,52.9,93,65592,3488383.3
17 NOV 2022,55.9,55.9,54,54.4,135,59417,3244532.2
16 NOV 2022,61.6,61.6,55.8,56,205,318086,18155274.1
15 NOV 2022,60.2,63,59,59.9,93,53341,3197166.9
14 NOV 2022,62.6,62.6,60,60.6,89,26801,1638091.9
11 NOV 2022,64,64,62,62.4,112,216206,13607350.8
10 NOV 2022,62,64.2,62,63.2,70,241705,15085518.7
9 NOV 2022,61.5,61.5,60.2,60.5,46,14504,880969.1
8 NOV 2022,63.6,63.6,61,61.1,68,33939,2084381.6
4 NOV 2022,63.5,65,62.2,63.2,68,87955,5545635.5
3 NOV 2022,64.7,67.8,63.9,64,57,82794,5302369.4
2 NOV 2022,67.4,67.6,64,64.7,98,140921,9275085.1
1 NOV 2022,65,67.4,65,66.4,60,63772,4212401.2
31 OCT 2022,65.4,65.4,63,65,71,79828,5158771.1
28 OCT 2022,64,65.9,63.1,63.5,55,29360,1876937.2
27 OCT 2022,64.6,65,63.2,63.8,59,10715,684718.8
26 OCT 2022,64.2,64.9,63.8,64,44,76843,4919302.1
25 OCT 2022,65,66.4,64,64.4,116,95017,6184644.6
21 OCT 2022,65.9,67.3,65.8,66.4,34,15367,1014577.6
20 OCT 2022,67.5,67.5,65.7,65.9,87,87025,5760243.9
19 OCT 2022,67,67.6,67,67,69,79077,5317161
18 OCT 2022,66,68.5,66,67.1,110,64490,4315889.1
17 OCT 2022,68,68,65.6,66.1,131,127645,8476931.1
14 OCT 2022,70.5,70.5,68,68.2,113,42178,2904337.7
13 OCT 2022,71,71,69,69.7,48,15436,1077684.9
12 OCT 2022,70,70,63,68.4,190,46302,3124959
11 OCT 2022,74,74,71,71.2,212,109108,7875995.8
7 OCT 2022,74,74.8,72.1,73.3,134,72152,5271146.3
6 OCT 2022,75.5,75.5,73.8,74.6,131,91557,6843018.5
5 OCT 2022,72,76,72,74.5,156,113769,8547481.5
4 OCT 2022,74.9,75,71.1,72,309,165648,12013111.1
3 OCT 2022,75,76,73.9,74.4,198,112609,8452042.4
30 SEP 2022,74.8,74.9,73.5,74.6,47,35861,2651170.3
29 SEP 2022,74.7,74.8,73.1,73.7,86,72165,5324968.4
28 SEP 2022,73.3,75,73.3,74.6,89,174941,12953750.5
27 SEP 2022,74,74.2,73.1,73.9,118,202840,14981513.1
26 SEP 2022,75,75,73.8,74.1,86,67124,4977716.1
23 SEP 2022,75,76,74.2,74.5,53,17938,1339656.3
22 SEP 2022,75,76,74.2,74.9,90,104451,7814433.7
21 SEP 2022,73.1,77.6,73.1,75.1,81,36034,2703657
20 SEP 2022,80,80,76.5,77.6,220,227695,17978547.6
19 SEP 2022,74.2,79.3,74.2,78.2,407,536830,41250178
16 SEP 2022,73.6,74.8,73.3,74.2,76,67467,4997612.6
15 SEP 2022,73.5,75.2,73.5,74.6,73,89780,6676231.4
14 SEP 2022,73.5,74.2,73.1,73.8,86,52206,3846963.4
13 SEP 2022,75,75.5,73.9,74.2,85,58369,4354490.9
12 SEP 2022,75.5,76,75,75.5,66,126625,9558244.6
9 SEP 2022,76,76,73.8,75.8,118,216796,16395522.8
8 SEP 2022,73.8,76.2,73.5,75.1,128,306782,23048815.8
7 SEP 2022,74.6,76,73.8,74.2,142,128749,9573653.4
6 SEP 2022,75,77.4,74,75.8,199,328192,24995475.1
5 SEP 2022,74.2,75,72.1,74.9,146,191747,14325512
2 SEP 2022,74,75,72.9,73.2,60,39925,2921186.5
1 SEP 2022,73.8,75,72.6,74.8,111,99456,7425533.1
31 AUG 2022,72.7,74.5,70,73,87,113745,8273974.6
30 AUG 2022,70.5,72.6,70.5,72.1,80,152919,11012190.1
29 AUG 2022,70,73,70,70.6,68,36288,2554835.9
26 AUG 2022,71,72.9,70.5,72.2,59,59078,4241483.4
25 AUG 2022,73,73,71,71.2,122,60376,4309904.7
24 AUG 2022,75,75,71.2,73,81,38871,2797764.4
23 AUG 2022,74,75.9,72.7,74.1,99,66665,4917755
22 AUG 2022,75,75,73.1,73.5,113,114845,8496307.4
19 AUG 2022,76.5,76.9,74.5,74.9,83,67005,5039844.2
18 AUG 2022,75.5,76.9,74.9,75,143,321806,24156635
17 AUG 2022,77,77.5,73,74.8,162,184311,13868350.9
16 AUG 2022,78,78,75,76.9,203,381306,29314694.6
15 AUG 2022,75,78.9,75,76.8,270,300810,22979258.6
12 AUG 2022,79.5,79.5,75,76.9,368,294818,22683304.9
10 AUG 2022,78,80,78,79,823,1041718,82366511.2
9 AUG 2022,73.8,75,70.5,72.2,215,170024,12562976.4
8 AUG 2022,68.5,73.7,68.5,72.5,383,542136,38410686.6
5 AUG 2022,66.7,69,66.7,68.1,100,228953,15595636.9
4 AUG 2022,67,69.5,66,66.7,124,103409,6964665.6
3 AUG 2022,68.8,68.9,64.3,66.8,107,71085,4739455.3
2 AUG 2022,66.3,68.9,66.3,68.2,178,199547,13519587.8
1 AUG 2022,62.9,66.5,62.9,66.1,234,174956,11447082.4
29 JUL 2022,59,62.5,59,61.7,144,165854,10120813.9
28 JUL 2022,59.9,59.9,59,59.2,22,2664,158507.9
27 JUL 2022,58,59.9,58,59.4,60,21051,1247072
27 JUL 2022,58,59.9,58,59.4,60,21051,1247072
26 JUL 2022,59.8,60,58.5,58.6,43,28602,1694647.3
25 JUL 2022,59,60,58.6,59.6,66,52669,3121282
22 JUL 2022,58,59.9,58,58.7,87,57641,3394662.2
21 JUL 2022,58,58.8,57.3,58,86,211632,12272654.8
20 JUL 2022,57.9,58,57,57.5,76,209278,12031940.5
19 JUL 2022,54,57.5,53.5,56.7,80,293818,16645235.4
18 JUL 2022,51.9,55,51.9,54.2,88,93666,5052249.7
15 JUL 2022,52,52.4,50,51.9,51,55814,2892309.1
14 JUL 2022,51,52.6,49.5,50,53,110348,5521412.7
12 JUL 2022,51.9,52.9,51,51.4,85,109838,5704710
11 JUL 2022,50,52,49,49.2,103,77156,3798688
8 JUL 2022,51.5,51.5,49,49.1,184,329594,16218857.6
7 JUL 2022,50.1,51.1,49.5,50.1,99,74880,3741139.7
6 JUL 2022,53,53,51,51.1,78,65442,3396838.2
5 JUL 2022,54,54,52.7,53,97,177460,9408235.6
4 JUL 2022,54,54.4,53.5,53.7,63,117149,6321430.5
1 JUL 2022,54,56,53.5,54.1,87,233066,12595264.9
30 JUN 2022,55.6,55.6,54,54.3,73,99265,5404429.7
29 JUN 2022,55.2,56.8,55,55.1,141,157653,8701297
28 JUN 2022,57.7,57.7,55.5,56.8,59,44881,2537171.2
27 JUN 2022,58,58.4,57.7,57.9,36,11281,652756.3
24 JUN 2022,58.5,58.5,57.7,58,92,117077,6789366.4
23 JUN 2022,59.4,59.4,57.6,58,50,22500,1309849.7
22 JUN 2022,59.1,59.5,57.5,58,98,204909,11919478.9
21 JUN 2022,58,59,58,58.4,68,65527,3814641.8
20 JUN 2022,56,58,55,57.4,96,113612,6455058.4
17 JUN 2022,57,58.3,57,58,164,248460,14334115
16 JUN 2022,56,58,56,57,72,56133,3211331.9
15 JUN 2022,57.1,57.3,55.5,57,95,92237,5225198.7
13 JUN 2022,58,58,56,57.3,78,101607,5806321.5
10 JUN 2022,54.7,56.8,54.1,56.1,182,278960,15552332.5
9 JUN 2022,52.5,54.8,52.5,53.9,83,162394,8750117.2
8 JUN 2022,50,52.2,49.9,52,90,48007,2486336.5
7 JUN 2022,49,50.5,49,50,51,51235,2537100
6 JUN 2022,50,50.5,49,49.4,43,47959,2363848.5
3 JUN 2022,50.4,50.4,49.5,49.8,35,46418,2314128
2 JUN 2022,50.5,50.5,49,50,50,85727,4287749.4
1 JUN 2022,50.5,50.5,49.5,49.6,44,33949,1693889.8
31 MAY 2022,50,50.3,50,50.1,50,211041,10562668.8
30 MAY 2022,49.7,50.5,49.6,50.1,46,16578,829056.4
27 MAY 2022,50,51.5,49.6,50.1,56,68857,3463264.6
26 MAY 2022,50.5,51.4,50,50.2,43,27294,1367870.7
25 MAY 2022,52,52,50.1,50.5,58,20415,1032906.9
24 MAY 2022,53,53,50.4,50.6,79,76006,3859333.3
23 MAY 2022,53,53.1,50.2,51.5,150,189238,9831125.8
20 MAY 2022,54,55.9,52.9,53.1,95,132127,7142229.1
19 MAY 2022,57,57,53,53.1,116,77468,4197784
18 MAY 2022,54.8,56.5,53,55.5,99,75037,4147832.2
17 MAY 2022,50.4,54.4,50.4,53.1,105,103708,5436958.3
13 MAY 2022,49.8,51.4,49.4,50.8,117,92695,4693767.9
12 MAY 2022,45,49.6,45,45.7,188,189059,8669729.6
9 MAY 2022,45.5,47.7,45,45.5,85,46834,2136068.8
6 MAY 2022,48.4,48.4,46,46.6,81,34420,1621138.4
5 MAY 2022,49,50,48.1,48.4,37,13166,638443.7
4 MAY 2022,49.5,51.5,47.1,49.8,69,21420,1048497.8
29 APR 2022,52.6,53.5,50,51.5,121,58095,3016851.7
28 APR 2022,46,53,45,49.7,126,131975,6351246.4
27 APR 2022,40,48.2,40,45.3,144,146896,6366576.2
26 APR 2022,42,42,40,40,51,49182,1973146
25 APR 2022,43.1,44,43,43.1,44,38515,1660279
8 APR 2022,50,50,45.1,46.9,90,53506,2474998.6
7 APR 2022,48,49.4,47,48.1,47,67921,3234706.1
6 APR 2022,50,52,49,49.6,89,31912,1591566.4
5 APR 2022,47.1,51,47,49.8,102,44601,2226601
4 APR 2022,46,53.1,45,46.7,98,67526,3137604.2
1 APR 2022,49,49,47,47.6,28,7373,353110.2
31 MAR 2022,52.1,53.3,49,50.2,152,207807,10450475.7
30 MAR 2022,56.7,56.7,50.1,51.5,207,252201,13365750.1
29 MAR 2022,59.2,59.2,56.7,57,132,98545,5714828.1
28 MAR 2022,59.2,61,59.1,59.2,83,59646,3540033.6
25 MAR 2022,59.7,62,59.3,59.4,102,99618,5971863.4
24 MAR 2022,60.5,61,59.3,60.1,55,39682,2393500.2
23 MAR 2022,61.6,61.6,59.5,60.4,31,7680,459905.9
22 MAR 2022,59,62,59,60.7,103,77510,4720660.6
21 MAR 2022,58.7,60,58.5,59.7,38,11200,666997.4
18 MAR 2022,59.7,61.3,58.1,58.7,121,102791,6076724.6
16 MAR 2022,61.1,61.1,56.5,59.7,144,124825,7338058.2
15 MAR 2022,63,64.8,60,60.2,110,43611,2655880.3
14 MAR 2022,59,67,58.6,61.1,392,308255,18963656.2
11 MAR 2022,58,59.4,57.8,58,147,100082,5830500.6
10 MAR 2022,55,58,54,57.9,164,235505,13368977.2
9 MAR 2022,54.2,57,53.6,53.7,120,74716,4088064.8
8 MAR 2022,58,59,54,54.5,201,130903,7295365.7
7 MAR 2022,59,59,56,56.1,77,17675,1004287.7
4 MAR 2022,58,58.9,56.9,57.2,104,62382,3574774
3 MAR 2022,58.1,58.5,57.5,58,91,63322,3672246.7
2 MAR 2022,60,60,58.8,59.4,139,84138,5019749.6
28 FEB 2022,57.6,58.9,57.6,58.8,154,74058,4342996.7
25 FEB 2022,56,57.6,55,55.9,275,164579,9139121.6
24 FEB 2022,55.1,58,55.1,55.5,149,55670,3103739.7
23 FEB 2022,59.5,59.5,55,57,294,104445,5929172.6
22 FEB 2022,58.1,60,58,59.4,180,68365,4048204.7
21 FEB 2022,60.9,60.9,57,58.2,381,159943,9446750.4
18 FEB 2022,61.1,61.5,60.6,60.9,192,128682,7855814.4
17 FEB 2022,62,62.2,61,61.5,215,101400,6221890.9
15 FEB 2022,63.7,63.7,62,62.7,156,56440,3521542.5
14 FEB 2022,62.5,64,62,63,202,137147,8565226.5
11 FEB 2022,64,64.4,61.9,62.3,659,329494,20656940
10 FEB 2022,66,66,62.9,63.8,664,302724,19367317
9 FEB 2022,68.1,68.9,66.7,67,306,132891,8929645.5
8 FEB 2022,68,69,68,68.1,170,56909,3876213.5
7 FEB 2022,68.7,68.7,68,68.2,184,85197,5821248.8
3 FEB 2022,69,69.8,66.7,68.2,216,74821,5082562
2 FEB 2022,70,70.5,67,67.7,347,300397,20559437.9
1 FEB 2022,69.1,70.2,68,69.2,374,236944,16299458.5
31 JAN 2022,71,71.5,68.5,69,556,296645,20597823.7
28 JAN 2022,71.3,71.3,69.5,70.5,249,112422,7897493.4
27 JAN 2022,71.1,72.4,71,71.1,193,159875,11405594.7
26 JAN 2022,72,72,71.2,71.5,148,87437,6256839.3
25 JAN 2022,72.9,72.9,71.5,71.8,244,138346,9942119.5
24 JAN 2022,72.2,72.9,71.6,71.9,214,167761,12052290.4
21 JAN 2022,72.9,72.9,71.7,72.2,293,160397,11554436.5
20 JAN 2022,72.8,73,72.1,72.3,339,269275,19526958.7
19 JAN 2022,74,74,72.9,73.1,223,73792,5398075.8
18 JAN 2022,74.1,74.1,72.7,73.3,421,215860,15853853.9
13 JAN 2022,75.5,75.5,74,74.3,158,90519,6738516.5
12 JAN 2022,75.7,75.8,74.4,74.8,132,92424,6911766.2
11 JAN 2022,76,76,74.5,74.9,149,106619,7996348.9
10 JAN 2022,77.2,77.4,75.9,76.6,201,266125,20468725.8
7 JAN 2022,77.5,77.5,75.2,77,186,187007,14338879
6 JAN 2022,74.2,78,74.1,77.6,282,151379,11397251
5 JAN 2022,75,75,73.9,74.1,528,688293,51100860.8
4 JAN 2022,75.7,76.2,74.8,74.8,393,475859,35681512.3
3 JAN 2022,76.9,76.9,75,75.8,320,303689,22864994.2
31 DEC 2021,77,77.8,75,76.8,226,115614,8789045.3
30 DEC 2021,76.9,77.9,76,76.4,217,111056,8502136.9
29 DEC 2021,77.5,78,76,76.2,160,59008,4536067.9
28 DEC 2021,77.3,77.5,76.9,77.1,131,46947,3617265.6
27 DEC 2021,78,79.4,77.3,78,226,116270,9111075.8
24 DEC 2021,78.1,79.2,77.8,78.2,127,58300,4562868.7
23 DEC 2021,74.9,79,74,77.8,287,249726,19229763.8
22 DEC 2021,74,75,73,73.3,234,162006,11950777.5
21 DEC 2021,75.6,75.6,73.8,74.6,194,142478,10644683.6
20 DEC 2021,79,79,75.7,76.2,211,109639,8487332.3
17 DEC 2021,83,83.5,78.5,79.4,348,192169,15497344.2
16 DEC 2021,80,83.4,80,81.4,786,485556,39593018.8
15 DEC 2021,73.6,80.7,73.1,78.6,924,756562,58396172.4
14 DEC 2021,71.4,75,71.4,73.6,376,207979,15327321.5
13 DEC 2021,71.2,72,70.5,71.6,373,235660,16811725
10 DEC 2021,73,73,71.1,71.8,424,283790,20436864.1
9 DEC 2021,71,74.1,71,73,332,220507,16017622.5
8 DEC 2021,71.2,71.2,70.1,70.5,266,150092,10573296.9
7 DEC 2021,71.9,71.9,70.2,70.8,289,140082,9905526.2
6 DEC 2021,71.5,72,70.7,70.9,217,88225,6272611.9
3 DEC 2021,73.2,74.5,71.5,71.8,194,122882,8870509.1
2 DEC 2021,74.9,74.9,72.4,73.2,156,52537,3835234.4
1 DEC 2021,75,75,72.6,73.3,314,155244,11440159.1
30 NOV 2021,75,77.3,74.5,74.6,394,558408,42257302.2
29 NOV 2021,73.9,75.8,72.6,74.8,312,250464,18662230.8
26 NOV 2021,72,75,71.6,73.2,284,161583,11759773.3
25 NOV 2021,72,72.6,70.3,72.2,265,121215,8670401.2
24 NOV 2021,73.1,73.6,71.5,71.8,251,135171,9761173.9
23 NOV 2021,75.9,76,72.5,73.6,236,126298,9398987
22 NOV 2021,78.4,79,75.1,75.6,227,89542,6857056.9
19 NOV 2021,72,84.7,71.9,76.7,1062,543695,42656232.6
17 NOV 2021,69,72,68,70.5,526,268623,18550357
16 NOV 2021,71,71,68.6,68.9,603,227121,15732670.3
15 NOV 2021,70.1,71.3,69.8,70.8,299,157846,11091427.1
12 NOV 2021,71,71.2,70,70.8,372,207050,14545161.7
11 NOV 2021,70.1,72,70,71.3,610,399496,28243247.5
10 NOV 2021,74,75,72.5,73.2,307,159438,11628777.8
9 NOV 2021,75.1,75.2,72.6,73,730,444417,32790266.8
8 NOV 2021,76.1,76.5,75,75.1,722,308783,23282807.4
5 NOV 2021,77.5,78,76,76.2,532,190431,14562803.3
3 NOV 2021,78,78,77,77.3,438,125872,9736111.9
2 NOV 2021,78.7,78.8,77.5,78,457,200187,15668381.1
1 NOV 2021,80,80,78.5,78.8,603,237535,18791580.6
29 OCT 2021,80,80,79.2,79.7,310,97553,7771348.2
28 OCT 2021,80.2,81,79.9,79.9,275,152787,12234273.1
27 OCT 2021,80.5,81,79.9,80.2,156,108008,8651128.2
26 OCT 2021,80,80.3,79.3,80,550,342714,27352395.6
25 OCT 2021,80.5,80.5,79.8,80,358,102729,8215058.6
22 OCT 2021,79.9,81,79.8,80.9,265,129443,10429034.2
21 OCT 2021,80,80.5,79,79.7,447,173911,13865015.6
18 OCT 2021,80.5,80.5,80,80.1,238,67005,5371154.3
15 OCT 2021,81,81,80,80.2,225,117373,9436825.7
14 OCT 2021,81,81,80,80.7,103,24321,1962468.4
13 OCT 2021,81,81,80,80.2,354,167037,13395015.5
12 OCT 2021,81,81.9,80.8,81.1,213,118999,9644647.6
11 OCT 2021,81.5,81.5,80.9,81,248,85821,6953590.7
8 OCT 2021,81.2,81.9,81,81.6,169,102431,8314244.6
7 OCT 2021,81.5,82,80.7,81.7,210,85547,6943819.6
6 OCT 2021,81.8,81.8,80.4,81.6,263,115577,9387958
5 OCT 2021,81.7,82,80.5,80.8,206,60189,4875970
4 OCT 2021,82,82,80.9,81.1,216,82494,6691333
1 OCT 2021,83,83,80.8,81.8,278,211575,17198987.8
30 SEP 2021,83.5,83.5,81,81.5,391,154905,12743717.3
29 SEP 2021,83,83.8,82.9,83,232,140688,11703701.4
28 SEP 2021,83,85,82.6,82.9,214,146620,12249320.6
27 SEP 2021,82.5,83.3,81.5,82.9,136,64326,5310840.3
24 SEP 2021,80.7,82.4,80.7,81.2,136,86204,7003646.4
23 SEP 2021,81.9,81.9,80.6,80.8,165,97429,7880849.3
22 SEP 2021,81,81.5,80.5,80.7,174,87377,7062247.2
21 SEP 2021,81.3,82.7,80.5,81.2,177,39264,3185555.7
17 SEP 2021,82.5,82.5,80.2,81,305,96458,7796935.5
16 SEP 2021,83.5,83.5,80.8,81.1,353,145725,11851416.9
15 SEP 2021,81.5,82.8,81,82.1,211,113713,9306257.4
14 SEP 2021,81,83,81,81.4,212,74705,6115185
13 SEP 2021,84,84,80,80.5,379,168614,13606638.9
10 SEP 2021,84,85,82,82.4,327,135506,11259053.2
9 SEP 2021,83.5,84.9,83,84.2,280,122091,10257497.8
8 SEP 2021,85,86.5,81.5,82.2,756,428817,35595444.7
7 SEP 2021,86.4,86.8,84.5,85.1,425,283857,24206636.4
6 SEP 2021,86.5,88,85,86.4,333,233360,20080811.1
3 SEP 2021,88,89.1,86,86.5,474,297442,25897170.3
2 SEP 2021,89.5,89.9,87,87.9,602,479163,42325092.8
1 SEP 2021,87.5,91.6,85.1,87.9,718,544453,47755500.9
31 AUG 2021,90,90,86,86.8,443,285717,25059140.6
30 AUG 2021,91.2,93.5,87,87.7,832,476001,42775184
27 AUG 2021,86.5,96,86,91.1,2016,2141530,195989614.7
26 AUG 2021,86,87.6,85,86.1,694,380833,32836327.8
25 AUG 2021,88,88,84,86.5,567,580733,50579475.5
24 AUG 2021,81.5,89.3,80.2,85.9,1825,1799917,153956666.2
23 AUG 2021,83.4,83.4,76.4,79.9,3402,2902840,229067165.2
20 AUG 2021,83.7,84,83,83.5,310,135198,11300110.1
19 AUG 2021,84.2,84.5,83,83.3,546,262970,21979289.7
18 AUG 2021,84.5,85.5,83.7,84.2,580,445544,37521750.9
17 AUG 2021,83.6,85,83,84.5,330,166753,14040393.4
16 AUG 2021,84.3,84.5,82.8,83.3,283,82073,6846688
13 AUG 2021,83,87,83,83.6,808,327697,27577219
12 AUG 2021,87.9,87.9,82.8,84.7,1907,997744,85459240.1
11 AUG 2021,90.6,91,89.9,90.8,405,223335,20168300.3
10 AUG 2021,92.4,92.4,90,91,738,323693,29397575.2
9 AUG 2021,93.2,93.5,91,92.3,544,350397,32275140.7
6 AUG 2021,93,95,91.1,93.2,660,385122,36021693.7
5 AUG 2021,94.2,94.4,93,93.2,982,408294,38222022.5
4 AUG 2021,95.9,96,94.1,94.5,1272,669545,63483675.3
3 AUG 2021,95.4,96.4,95.4,95.9,467,326842,31371535.6
2 AUG 2021,96.8,98,95,95.4,832,521933,49907093.4
30 JUL 2021,98,99,96.6,96.7,279,180909,17581187.2
29 JUL 2021,99,99,96.8,97.9,185,130935,12733509.6
28 JUL 2021,98,98,96.8,97.5,205,141974,13807157.4
27 JUL 2021,98.5,99,97.1,97.7,218,143989,14115284.5
26 JUL 2021,100,100.75,98,98.7,413,247263,24494667.7
22 JUL 2021,98.2,101.75,97,99.3,870,975589,96651923.65
20 JUL 2021,98.7,98.8,98,98.4,375,348043,34266276
19 JUL 2021,97.9,99.3,96.9,98.5,357,386187,37767972.5
16 JUL 2021,98,98.2,96.4,96.7,281,231503,22454752.6
15 JUL 2021,97.2,98,96.9,97.6,144,141193,13757768.9
14 JUL 2021,97.5,97.8,96.6,97,117,106340,10314599.1
13 JUL 2021,98,98.1,96.2,96.7,171,108020,10522323.3
12 JUL 2021,96,98.5,95.5,97,251,186850,17983621.9
9 JUL 2021,96.5,96.5,95.4,95.5,193,71137,6806879.4
8 JUL 2021,95.7,97.4,95.7,96.4,73,31081,2994997.4
7 JUL 2021,95.4,96.5,95.1,96.1,96,30914,2961345
6 JUL 2021,97.4,97.4,95.1,95.2,173,48952,4679425.2
5 JUL 2021,96,97.7,95.5,96.6,134,65897,6372552.3
2 JUL 2021,96.4,96.4,94.9,95.2,381,199532,18979733.7
1 JUL 2021,95.1,96.5,94.8,95.3,150,47969,4566224.2
30 JUN 2021,96.4,96.5,94.6,95.2,386,109173,10380476
29 JUN 2021,99,99,95.9,96.4,276,160382,15496369.4
28 JUN 2021,97,97.8,96.2,96.5,150,74246,7181139.1
25 JUN 2021,97.4,99,96.6,96.8,264,105674,10250622.1
23 JUN 2021,97.6,99,96,97.4,272,179399,17399290.1
22 JUN 2021,98.8,100,97,97.6,203,99115,9730055.4
21 JUN 2021,102,102,98.3,98.8,379,201364,20049671
18 JUN 2021,102,103,101.5,102,454,404548,41316775
17 JUN 2021,96.6,103,95.8,101,816,713927,71773334.95
16 JUN 2021,96,96.9,95.2,96.3,149,103567,9987825.7
15 JUN 2021,96,96.2,95,95.1,143,76169,7250851.9
14 JUN 2021,95.5,96.3,94.5,95,319,103557,9866332.8
11 JUN 2021,95.5,95.6,94.5,94.9,440,216195,20575303.6
10 JUN 2021,96.2,96.3,95.5,95.6,387,146366,14032912.8
9 JUN 2021,95.5,96.5,95.5,96,133,50563,4856052.5
8 JUN 2021,96,96.4,94.9,95.6,351,214963,20493958.6
7 JUN 2021,96.5,96.5,95.5,95.8,573,317244,30440189.7
4 JUN 2021,96.1,97,95.5,96.2,420,336002,32308159.1
3 JUN 2021,95,96.5,94.5,96.1,597,542230,51803851.1
2 JUN 2021,95,95,94.2,94.7,599,181985,17230639.1
1 JUN 2021,95.4,95.5,94.7,95,604,284431,27012366.4
31 MAY 2021,97.5,98,95,95.3,1031,616258,58864335.8
28 MAY 2021,98.4,98.5,97,97.1,508,176666,17207191.1
25 MAY 2021,96,98.9,95.9,97.6,425,197996,19211322.9
24 MAY 2021,95.5,97,94,95.9,665,266427,25420634.8
21 MAY 2021,97,97,93.9,95.5,1058,594951,56636897.9
20 MAY 2021,99,100,96,96.4,1960,1134093,110231738.4
19 MAY 2021,103,103.25,98.9,99.1,3709,2702463,270065643.25
18 MAY 2021,107,108,103,105.75,273,198914,21113481
17 MAY 2021,103,107.5,103,107,377,350649,36940960.75
13 MAY 2021,102.5,103.75,101.5,103,240,162100,16599266.75
12 MAY 2021,103.5,104.75,102,102.5,143,98035,10083366
11 MAY 2021,104,104,102,102.25,139,55458,5697611
10 MAY 2021,105,105,101,102,400,263463,27121245
7 MAY 2021,103,107,103,105.75,307,270102,28352250.25
6 MAY 2021,102,103.75,102,103,187,178644,18374935.25
5 MAY 2021,101.5,102.5,100.5,102,126,53677,5468924.5
4 MAY 2021,104.75,105,100,100.25,672,494373,49742831.5
3 MAY 2021,102,104.25,101,102.5,278,224248,23025861.75
30 APR 2021,103,105.5,103,104.25,110,73596,7662248.75
29 APR 2021,104.75,106.5,102.5,103.75,260,136896,14232912.75
28 APR 2021,99.7,107,99,105.5,710,840450,86617595.05
27 APR 2021,100.5,105,99.8,100,580,460734,46321765.15
23 APR 2021,102,105,99.7,101.25,994,1002756,101386854.5
22 APR 2021,108,109.5,103,104,712,606566,64093458.75
21 APR 2021,106,109.75,105.25,108,642,812213,87399941.75
20 APR 2021,113.5,114,105,106.25,1411,1210487,131169705
19 APR 2021,116.75,117,113,114.75,462,444161,50983258.25
16 APR 2021,118,119,111,116.75,866,719393,82764961.75
15 APR 2021,115,119.75,115,117.75,1033,928330,109302169
12 APR 2021,110,114,109.25,112.5,973,1596143,177993543
9 APR 2021,112,114.5,109,110.25,718,1079397,121013751
8 APR 2021,110,113,108,110.5,540,676122,74496257.5
7 APR 2021,110,116,107,110.25,1086,1533251,172902544
6 APR 2021,104,110,103,109.5,817,1118045,121220333
5 APR 2021,96,106.5,96,103.5,1130,1719021,175473597.75
1 APR 2021,94,97.5,92.5,95.5,173,138395,13224996.2
31 MAR 2021,94.4,94.8,92,93,259,137832,12860598.6
30 MAR 2021,96.8,96.8,93.8,94.3,213,98134,9291097.3
29 MAR 2021,96,96,94.8,95.1,215,100571,9620403.4
26 MAR 2021,97.5,97.6,94.5,95.8,160,60436,5786028.7
25 MAR 2021,99.8,99.9,94.5,95.2,356,197591,19097832.4
24 MAR 2021,93,100,92.5,98.8,379,278455,26644266.1
23 MAR 2021,94.6,95,90,93.4,253,135221,12506048.8
22 MAR 2021,89.9,94.6,88.5,92.1,278,172112,15739788.9
19 MAR 2021,91,92,87,88.1,632,319211,28319871
18 MAR 2021,94.9,94.9,90,90.6,503,156332,14323003.3
17 MAR 2021,95.7,95.7,94,94.5,261,135826,12867566
16 MAR 2021,101,101,94,97,441,265213,25382283.1
15 MAR 2021,100,102,98,98.2,267,154219,15276416.5
12 MAR 2021,100,102.5,99.3,101,297,431538,43688367.8
10 MAR 2021,98,100,95.5,99.3,324,260269,25681384
9 MAR 2021,105.25,107.75,95.1,97.7,1108,754821,76664718.6
8 MAR 2021,94.9,105,92.6,103.5,989,748871,74782428.9
5 MAR 2021,88,94,82,90.8,824,644019,56643182.8
4 MAR 2021,91.5,94.6,85,86.1,1067,882611,77379280.8
3 MAR 2021,96.2,96.2,88.4,90.7,1285,969335,88449886
2 MAR 2021,100,100,96,97.1,784,359855,35202286.5
1 MAR 2021,104.25,104.25,98.5,99.1,710,442645,44448343.45
25 FEB 2021,102.5,104.25,100.25,102.75,526,614470,62804999
24 FEB 2021,100,104.5,99,102.25,818,1257358,128364311.4
23 FEB 2021,106.25,108,96.1,99.1,1985,1519200,151678539.8
22 FEB 2021,119.75,119.75,105,106.5,1400,926774,101338721.75
19 FEB 2021,120.5,120.5,115,116,961,646194,75842392.5
18 FEB 2021,121.25,125,116.5,119,2211,2556203,308560136.25
17 FEB 2021,104.5,118,98.6,111.25,1936,2076792,220012659.05
16 FEB 2021,112,112.5,98.2,100.5,2492,1738391,181715860.15
10 FEB 2021,1300,1300,1001.75,1109.25,4041,417593,488082085
9 FEB 2021,1669,1670,1475,1499,2566,397414,608288368.75
8 FEB 2021,1310,1700,1310,1590.25,2855,391635,608075314.75
5 FEB 2021,1130,1320,1099,1268.75,1263,240694,296910840.25
3 FEB 2021,1136,1189.75,1000,1120.5,892,149147,161289125
2 FEB 2021,1240,1240,950,1060.25,674,78135,90089412
1 FEB 2021,1196,1230,1170,1185.75,462,87320,104163917.75
29 JAN 2021,1270,1280,1165,1196,676,129534,156419546.25
27 JAN 2021,1300,1340,1260,1281.25,581,66143,85675517.5
26 JAN 2021,1299,1380,1275,1288.75,1042,141121,187151033.5
25 JAN 2021,1093,1274.5,1066.25,1270.25,932,150883,180671814.5
22 JAN 2021,1240,1260,1050,1093,1329,218614,253297746.75
21 JAN 2021,845,1155.25,845,1154.25,1209,402578,416758891
20 JAN 2021,720,797,695,770.25,379,116357,87643319.75
19 JAN 2021,760,760,710,721.25,267,52448,38163782
18 JAN 2021,790,799,701,758.25,290,84519,65027622.75
15 JAN 2021,685,779.75,685,757.75,494,218609,155173219
13 JAN 2021,677,693.75,670,685,217,108645,74063180.75
12 JAN 2021,615,690,615,675,360,81005,53597370
11 JAN 2021,575,625,570,605.25,192,32544,19193593.25
8 JAN 2021,575,580,571,572.75,55,11908,6819380.5
7 JAN 2021,580,580,571.1,572.1,95,15687,9005967.2
6 JAN 2021,580,582,573.1,578.1,94,24234,13985898.6
5 JAN 2021,575,584,570.2,580.5,96,20238,11732976.7
4 JAN 2021,573,585,573,575.8,99,33708,19422932
31 DEC 2020,570,575,568.1,568.6,112,40133,22879502.1
30 DEC 2020,564.9,571.5,564,569.8,185,81767,46549431.9
28 DEC 2020,555,567,549.8,563.4,167,53529,29494494.7
24 DEC 2020,547,572,546,550,250,117183,64493817.1
23 DEC 2020,547,549,545,546.1,76,13156,7200666.6
22 DEC 2020,543,549.9,543,547.5,45,8477,4624033.2
21 DEC 2020,540,546.8,540,543,81,16744,9098472.1
18 DEC 2020,541,543,540,542,26,4282,2317051.9
17 DEC 2020,545,545,539,540.5,78,28230,15317265.7
16 DEC 2020,549.9,551,542.5,544.7,116,51662,28357522
15 DEC 2020,552,552,545.2,546.7,59,5361,2937699.8
14 DEC 2020,549,552.4,546,549.8,84,21478,11809004.5
11 DEC 2020,542.6,550,535,544.8,121,44966,24474377.7
10 DEC 2020,547,548,542.8,543.3,52,9740,5307621
9 DEC 2020,545,551,541.2,546.3,102,30088,16443058.9
8 DEC 2020,538.5,553,531,549.7,192,51154,28052611.1
7 DEC 2020,546,555,545,553,213,89458,49291346.8
4 DEC 2020,542,543,538,542.1,108,32910,17797472.8
3 DEC 2020,538.1,542.5,531,539.2,79,10402,5604578.3
2 DEC 2020,540,545,537,538.7,98,59041,31835033.3
1 DEC 2020,549,549,534,537,182,44440,23911091.7
30 NOV 2020,525.5,545,525.5,540.9,338,107083,57329820.8
27 NOV 2020,509,525,509,521,347,78190,40590812.6
26 NOV 2020,510,515,495,503.7,208,26402,13342626.1
25 NOV 2020,480,520,480,503.1,404,140455,70614125.5
24 NOV 2020,475,480,472,479.7,150,96925,46322962.9
23 NOV 2020,474,477.9,468,470.2,135,40268,18942786.1
20 NOV 2020,469,482,462.1,471.5,316,133781,63000442.1
19 NOV 2020,469.6,469.6,460,465.5,109,45746,21178111.2
18 NOV 2020,470,474.9,460,467,94,33675,15709400
17 NOV 2020,459.9,468.3,450,464.6,253,146687,67773016.7
16 NOV 2020,468.5,468.5,445,448.3,111,12250,5499825.5
13 NOV 2020,460,466,445,449.6,223,40657,18341743.3
12 NOV 2020,475,478.7,450,459,170,22108,10150850
11 NOV 2020,450,476,430,470.1,420,161382,73091570.5
10 NOV 2020,499,499,448,454.3,474,123974,57323134.1
9 NOV 2020,500,500,478.4,491.4,468,207459,101044544.4
6 NOV 2020,529.9,550,489,496,1423,493527,254494539.9
5 NOV 2020,390,474.2,390,461.9,817,423605,185744851.9
4 NOV 2020,375,384.9,375,379.4,127,104213,39482484.7
3 NOV 2020,360,376,360,371.1,130,73324,27131335.6
2 NOV 2020,360,360,351,359,50,7958,2830802.9
29 OCT 2020,350,365,340,360.2,93,47022,16481074.4
28 OCT 2020,348,348,330.2,341,134,39410,13540127.7
27 OCT 2020,350,355,345,345.2,61,8247,2860932.3
26 OCT 2020,340,354,325.1,340.4,175,48800,16400190.2
23 OCT 2020,350,363,350,353,119,39444,13947040.7
22 OCT 2020,348,358.9,333,351.2,198,55404,19246723
21 OCT 2020,368.4,385,345,349.2,331,126302,46178298.5
20 OCT 2020,370,375,361.6,368.4,111,34963,12835349.9
19 OCT 2020,385,389,370,371.1,136,35441,13448226.3
16 OCT 2020,390,393.9,370,377.6,144,35976,13691459.1
15 OCT 2020,395,398,380,381.2,227,89050,34877556.6
14 OCT 2020,350,390,350,384.9,413,134083,50070641
13 OCT 2020,321.8,349,321,333.4,211,170114,56336695.9
12 OCT 2020,315,324.8,311,319,118,61714,19633682.3
9 OCT 2020,312.2,314,310,311.3,69,14041,4372977.8
8 OCT 2020,319.7,319.7,300.6,311,68,31399,9715668.9
7 OCT 2020,295,310.2,295,300.5,70,29575,8917730.4
6 OCT 2020,293,320,288.6,300.3,190,93505,27969062.5
5 OCT 2020,314.9,314.9,290,300.4,280,111995,33809194.7
2 OCT 2020,325,329.5,320,321.2,144,50677,16403044.4
30 SEP 2020,320,325,317,320.2,89,54211,17314714
29 SEP 2020,315,320,313,317.9,157,111515,35229104.7
28 SEP 2020,320,321.1,319,320.4,153,53259,17063343
25 SEP 2020,320,320,315.5,318.8,40,22155,7048498.4
24 SEP 2020,317,318,315,317.9,35,25569,8068260
23 SEP 2020,312,316,311,312.4,98,75429,23593333.4
22 SEP 2020,310,318,310,311.9,207,179105,55865341.6
21 SEP 2020,318,318,310,311.8,83,43526,13566978.4
18 SEP 2020,314.9,315.9,312,315,48,6596,2076137.5
17 SEP 2020,321,321,312.6,317.6,96,29337,9324037
16 SEP 2020,320,325,318,318.6,109,40243,12880586.3
15 SEP 2020,305,325,305,319.6,275,90710,28479792
14 SEP 2020,299,305,297.5,300.1,99,96605,28986718.5
11 SEP 2020,299,299,296,297.1,26,8812,2614912.7
10 SEP 2020,298,298,294.5,295.1,52,26567,7866615.7
9 SEP 2020,299,299.8,297.1,297.9,61,50552,15090734.8
8 SEP 2020,299.9,300,296,297,107,60003,17949361.3
7 SEP 2020,293.5,299,293.5,295.8,53,14597,4312101.8
4 SEP 2020,290.6,294,289,292.9,74,61795,18064594.7
3 SEP 2020,294,294,290,291.9,26,28232,8233798
2 SEP 2020,290,300,289.1,291.6,130,44815,13172574.5
31 AUG 2020,280,288.9,280,288.1,115,38780,11096517.6
28 AUG 2020,273.1,280,273.1,277.8,131,58533,16243789.8
27 AUG 2020,273.1,277,273,274.3,31,3840,1055894.2
26 AUG 2020,276,276.1,274,275.3,30,11927,3277070.7
25 AUG 2020,275,277.9,273.2,275.9,25,18361,5064718.9
24 AUG 2020,279.3,280,277,277.6,53,43466,12093630.7
21 AUG 2020,275,279.6,275,278,69,35466,9828526.1
20 AUG 2020,268,272,265,269.2,107,100927,27128470.1
19 AUG 2020,267.9,270,262,264.9,61,26639,7059105.5
18 AUG 2020,275,279.8,263,268,92,35869,9650691
17 AUG 2020,279.4,279.4,270,270.9,59,5639,1532771.2
14 AUG 2020,297.1,298,270.1,278.6,175,53908,15678734.7
13 AUG 2020,275,291.1,275,290.3,188,111120,31788532.3
12 AUG 2020,270,274.4,270,271.7,94,28628,7780055.3
11 AUG 2020,258.9,270,258.5,268,131,76309,20357351.4
10 AUG 2020,260,260,257,257.8,60,17166,4437007.5
7 AUG 2020,254.5,260,252,256.2,107,111795,28567315.2
6 AUG 2020,252,254.9,252,254.5,25,13052,3320628.2
5 AUG 2020,252,252,251.1,252,5,2300,579510
4 AUG 2020,250,250,250,250,79,63410,15852500
31 JUL 2020,249.9,249.9,245.1,249.3,19,1753,435457.1
30 JUL 2020,249.9,250,243.1,249.8,29,8815,2199617.6
29 JUL 2020,249,250,248.2,248.8,27,4349,1082861
28 JUL 2020,248.9,250,248.9,250,36,6895,1722215.2
27 JUL 2020,255,255,240,243.2,57,19761,4957174.8
24 JUL 2020,259.8,259.8,253,255.2,75,37827,9657218
23 JUL 2020,241,260,241,254.7,136,99609,24949471.3
22 JUL 2020,228,244,228,239.1,119,22940,5481040.2
21 JUL 2020,215,230,215,223,238,228469,49684906.1
20 JUL 2020,215,215,214.8,214.9,46,29180,6272254.4
17 JUL 2020,214,214,214,214,2,652,139528
16 JUL 2020,210.5,210.5,210.5,210.5,1,100,21050
15 JUL 2020,210,214,210,210.5,3,601,126264
14 JUL 2020,213,213,210,210,7,576,121260
13 JUL 2020,212,214,210,211.8,9,3230,684580
10 JUL 2020,215,215,214,214.2,27,8145,1748952.5
9 JUL 2020,215,215,214,214.9,46,42683,9171442
8 JUL 2020,215,215,215,215,7,1907,410005
7 JUL 2020,214,215,210,214.7,48,101154,21714623.2
6 JUL 2020,210.8,211,207,207.2,13,5535,1147286
3 JUL 2020,207.1,210.7,207,210.1,14,12392,2600260.7
2 JUL 2020,207.8,211,207,207.9,37,9592,2011170.4
1 JUL 2020,210,210,207.6,208.1,7,2962,616009.9
30 JUN 2020,210,210,209.9,210,11,7337,1540760
29 JUN 2020,206.9,207.5,206.9,207.5,14,56995,11826387.1
26 JUN 2020,201,206.9,201,206.9,8,569,115905
25 JUN 2020,201,201.1,201,201,3,26,5228.5
24 JUN 2020,207.8,207.8,201,201,3,1201,241407.8
23 JUN 2020,208,208,208,208,2,501,104208
22 JUN 2020,200,208,197,208,31,57992,12020228.2
19 JUN 2020,202.7,202.7,200,201.9,21,3610,729818
18 JUN 2020,208.8,208.8,202.4,204.6,38,4275,873532.5
17 JUN 2020,209,209,203.1,208.9,10,11113,2321413.9
16 JUN 2020,212,212,209.5,209.8,24,4579,966705.7
15 JUN 2020,210,211,210,210.5,8,20049,4220091
12 JUN 2020,200.1,215,200,210.5,92,203781,43650775.3
11 JUN 2020,199,204.9,198.8,200.6,50,19536,3904454.7
10 JUN 2020,199.4,199.4,194.9,191,3,3,593.7
9 JUN 2020,198,199.5,190,191,17,1881,369198
8 JUN 2020,193.5,195,193.5,194.9,15,4937,962635.9
4 JUN 2020,193,195,193,194.3,14,500,97158.2
3 JUN 2020,189,192,189,191.5,15,1000,191744.4
2 JUN 2020,189.5,189.5,182.8,182.3,6,71,12988.9
29 MAY 2020,183,183,182,182.3,4,110,20050
28 MAY 2020,180,180,180,180.1,1,10,1800
27 MAY 2020,190,190,190,180.1,1,1,190
26 MAY 2020,180.2,180.2,180,180.1,9,2310,415880.4
22 MAY 2020,180,189.9,173,180,31,41413,7454640.5
21 MAY 2020,180,182,172.1,172.3,15,946,169512
19 MAY 2020,179.9,180,179.9,180,10,3002,540359.6
18 MAY 2020,174,178.9,174,175.9,23,948,165703
15 MAY 2020,168,175,168,175,26,12390,2155395.6
14 MAY 2020,176.8,176.8,176.6,176.6,3,215,37989
13 MAY 2020,160,179,160,179,13,2892,498666.6
12 MAY 2020,150,179.9,150,160.1,27,16121,2530815.2
20 MAR 2020,160,160,159.9,160,10,1359,217439.9
13 MAR 2020,165.1,179.7,164.1,166,17,1816,299226.4
12 MAR 2020,174.2,175,171,172.5,14,829,143266.1
11 MAR 2020,175,189.7,174.2,176,10,2101,369929.7
10 MAR 2020,175,179.9,173,179.9,13,1670,292102.4
6 MAR 2020,186.9,186.9,175,175,6,150,26263.6
5 MAR 2020,180,180,180,180,2,6,1080
4 MAR 2020,181.1,181.1,180,180,13,4000,720196
3 MAR 2020,187.8,187.8,186.9,186.9,8,3052,570500.6
2 MAR 2020,187,187,186.5,184.2,2,2,373.5
27 FEB 2020,187.7,187.7,187.7,184.2,6,51,9572.7
26 FEB 2020,186,188,184,184.2,13,730,135477
25 FEB 2020,189,189,187,187.1,16,580,109034.8
24 FEB 2020,189.7,189.7,189,190,6,75,14203
20 FEB 2020,191,191,190,190,8,1701,323891
19 FEB 2020,190,191,188,190,16,2135,404713.5
18 FEB 2020,190.3,191.4,190,190,21,827,157746.7
17 FEB 2020,191.2,191.4,188.5,190.9,28,1935,369516.1
14 FEB 2020,191.3,191.3,188.1,189.9,52,5403,1027909.4
13 FEB 2020,193,194,189,191.4,40,12893,2488374.9
12 FEB 2020,187,192.5,186,192.2,10,11471,2204635
10 FEB 2020,196,196.4,192,192,4,2011,386160
7 FEB 2020,196.6,196.6,190,192,4,8,1536.6
6 FEB 2020,185,197,185,192,35,3201,596020
5 FEB 2020,185,185,185,185,19,2500,462500
3 FEB 2020,185,185,182,184.9,7,513,94875
31 JAN 2020,184,185,184,185,6,1817,336030
30 JAN 2020,187,187.5,183.7,184,11,2876,529792.5
29 JAN 2020,187.5,187.5,180.6,184.1,7,114,20993
28 JAN 2020,183,185,183,184.9,6,184,33976.2
27 JAN 2020,185,187.5,184.5,185,11,4480,829296
24 JAN 2020,187.9,187.9,184,184.8,9,1874,346329.9
23 JAN 2020,187.9,187.9,187.9,183.2,1,1,187.9
22 JAN 2020,187,187.9,187,183.2,5,31,5806.9
21 JAN 2020,186.5,187,183,183.2,5,510,93457
20 JAN 2020,187,187,187,183.1,1,1,187
17 JAN 2020,183,187,183,183.1,3,103,18861
16 JAN 2020,183.5,185,183.5,188,2,25,4610
14 JAN 2020,188.9,188.9,183.2,188,7,82,15220.8
13 JAN 2020,185,188,185,188,4,202,37670
9 JAN 2020,190,190,188.9,184.1,2,2,378.9
8 JAN 2020,186.2,186.2,184,184.1,16,219,40363.5
7 JAN 2020,188,188,188,188,2,262,49256
6 JAN 2020,190,190,187,188,4,801,150393
3 JAN 2020,190,190,189.4,189.9,8,11737,2228913.9
31 DEC 2019,190,190,189,190,5,3915,740449.9
30 DEC 2019,188,188,187,187,2,156,29181
27 DEC 2019,187,190,187,190,11,2048,388755.8
26 DEC 2019,189.7,189.7,188,186,4,6,1129.7
24 DEC 2019,183,183,183,186,1,1,183
23 DEC 2019,189,189.5,189,186,2,2,378.5
20 DEC 2019,182.1,182.1,182.1,186,1,1,182.1
18 DEC 2019,182,182,182,186,2,20,3640
17 DEC 2019,186,186,186,186,1,1240,230640
16 DEC 2019,186.1,186.1,184,186,4,480,88882
13 DEC 2019,186.5,186.7,186,186.4,12,2655,494833.5
12 DEC 2019,186,186,186,186,2,1000,186000
10 DEC 2019,183,183,182.9,183,11,1288,235692.5
6 DEC 2019,186,186,186,186.1,2,19,3534
5 DEC 2019,187,187,186,186.1,15,10546,1962602
4 DEC 2019,190,190,190,190,3,1501,285190
3 DEC 2019,190,190,189,189,5,14630,2772307.5
2 DEC 2019,192.5,192.5,192.5,190,2,31,5967.5
29 NOV 2019,192.5,192.5,190,190,4,1001,190192.5
28 NOV 2019,188,194,188,189.1,9,20615,3903620
27 NOV 2019,180,188,180,185,5,122,22598
26 NOV 2019,185,185,185,185,3,1000,185000
25 NOV 2019,185,185,185,185,6,425,78625
22 NOV 2019,188.1,188.1,185,185,7,675,126612.4
21 NOV 2019,189.9,190,189,189.9,5,5000,949450
20 NOV 2019,190,190,190,190,15,9000,1710000
19 NOV 2019,190,190,189.1,190,21,15696,2982234.6
18 NOV 2019,185.5,190.1,185.5,190.1,16,11127,2114623.5
15 NOV 2019,189.5,195,189.5,190.1,19,10981,2083906.4
14 NOV 2019,189,189.9,189,189.2,4,904,171004.5
13 NOV 2019,184.9,186,184.9,186,9,1652,306694.4
8 NOV 2019,184.9,184.9,180.5,184.5,21,2153,396874.5
7 NOV 2019,184,184.7,180,184.7,3,201,37050
6 NOV 2019,190,190,183.5,183.8,21,11463,2114142
5 NOV 2019,186,186,186,186,1,1,186
4 NOV 2019,190,190,186,186,8,8160,1518955
1 NOV 2019,198.9,198.9,190,190,16,12954,2461289.6
31 OCT 2019,184,190,183.9,184.1,14,2277,419214.9
30 OCT 2019,180.7,184,180,182.2,16,7900,1438541.7
29 OCT 2019,183,184,183,183.1,19,6439,1179500.5
28 OCT 2019,181.1,183,180.1,183,19,20002,3630669
25 OCT 2019,180,181.1,180,181.1,5,1800,324330
24 OCT 2019,181,183,175.6,182,15,8119,1467391.4
23 OCT 2019,179,180,177,180,19,2403,430169.8
22 OCT 2019,178,179,175,177,3,293,51847
21 OCT 2019,179,179,178.5,175.2,3,58,10357
18 OCT 2019,170,180,165.5,175.2,46,39956,6998053.1
17 OCT 2019,169.5,171,169.5,170.1,15,1088,185032.4
16 OCT 2019,162.6,162.6,162.6,162.6,2,54,8780.4
15 OCT 2019,162.5,165,162.5,162.6,4,265,43088.5
14 OCT 2019,159.5,162.4,159.5,162.3,36,4797,767941.4
11 OCT 2019,156.2,156.2,156.2,156.2,2,421,65760.2
10 OCT 2019,158.4,159.9,156,158.4,19,397,62896.2
9 OCT 2019,155.5,155.6,153,154,14,2688,414938.7
8 OCT 2019,153,155,153,153.6,8,830,127072.5
7 OCT 2019,153.8,153.8,150,150.2,2,1321,198416
4 OCT 2019,146.1,146.1,146.1,145.5,1,10,1461
3 OCT 2019,153.9,153.9,145.5,145.5,2,110,16089
27 SEP 2019,150,154,149.5,149.5,11,8411,1261215.5
24 SEP 2019,146.2,146.2,145,145.9,8,706,103002
20 SEP 2019,155.8,155.8,150,150.3,8,189,28433.2
19 SEP 2019,155.6,155.6,154,150,5,35,5438
18 SEP 2019,155.7,155.7,155.7,150,1,1,155.7
17 SEP 2019,150,156,150,150,3,56,8406
16 SEP 2019,150,150,150,150,3,130,19500
12 SEP 2019,150,150,146,147.6,2,167,24650
11 SEP 2019,149.9,150,149.9,150,2,133,19949.2
10 SEP 2019,149.9,149.9,145.2,145.3,11,5760,836896.2
9 SEP 2019,145,145,145,145,3,1733,251285
6 SEP 2019,145,147,144.6,145,6,673,97559
5 SEP 2019,149.7,150,149.7,144.5,4,67,10034.6
4 SEP 2019,149.8,149.8,140.3,144.5,3,2572,371988.1
3 SEP 2019,149.8,149.8,149.8,149.8,1,135,20223
30 AUG 2019,149.8,149.8,149.8,150,1,67,10036.6
29 AUG 2019,149.8,149.8,149.8,150,1,67,10036.6
28 AUG 2019,150,150,150,150,3,6067,910050
27 AUG 2019,149.8,150,149.8,150,13,13387,2007954.8
26 AUG 2019,149.9,149.9,149.8,149.6,2,68,10193.1
23 AUG 2019,150,150,148,149.6,3,167,25010
22 AUG 2019,150,150,150,150,1,67,10050
21 AUG 2019,150,150,150,150,2,567,85050
20 AUG 2019,149,149,149,149.3,4,92,13708
19 AUG 2019,148,150,147.5,149.3,11,2165,322005
16 AUG 2019,148.5,150,148.5,149.3,4,767,114513
15 AUG 2019,148.8,148.8,148.8,151,3,56,8332.8
13 AUG 2019,151,151,151,151,4,330,49830
9 AUG 2019,153.8,153.8,151,151.9,24,2810,429700.1
8 AUG 2019,148,155,148,148.8,15,1299,196202.6
7 AUG 2019,140,148,136,148,6,200,28683.1
6 AUG 2019,142,145,136,136.1,26,26475,3609109.4
5 AUG 2019,144,144,143.1,143.4,5,281,40294
2 AUG 2019,154,154,143.1,154,3,506,77912.6
1 AUG 2019,153.8,153.8,153,148.1,2,3,459.8
31 JUL 2019,148.5,148.5,148,148.1,3,1016,150428
30 JUL 2019,150,154,150,152.6,21,3801,582791.1
29 JUL 2019,145,149,142.1,148.9,8,6050,900056.2
26 JUL 2019,148,148,148,145.1,1,67,9916
24 JUL 2019,140.6,149,140.6,145.1,10,126,18288.2
23 JUL 2019,138,146,138,145.9,7,183,26575
22 JUL 2019,138,138,138,138,3,5,690
19 JUL 2019,138,138,138,138,4,472,65136
17 JUL 2019,134.5,146,134.5,136,19,283232,38290438
15 JUL 2019,134.5,134.5,134.5,134.5,4,500,67250
12 JUL 2019,134.5,134.5,134.5,134.5,2,300,40350
11 JUL 2019,135,135,135,135,1,148,19980
9 JUL 2019,136,136,136,136,2,77,10472
8 JUL 2019,136,136,136,136,1,73,9928
5 JUL 2019,136,136,136,136,2,174,23664
5 JUL 2019,136,136,136,136,2,174,23664
4 JUL 2019,135,135,135,128,3,74,9990
3 JUL 2019,135.8,135.9,135.8,128,3,74,10051.6
2 JUL 2019,133.8,134,133.8,128,3,75,10042.9
1 JUL 2019,130,130,128,128,13,10000,1284104
28 JUN 2019,131,131,130,130,9,1225,159252.2
26 JUN 2019,134,134,134,130.3,4,89,11926
25 JUN 2019,134,134,134,130.3,1,75,10050
24 JUN 2019,127.7,134,127.7,130.3,4,3559,463583
21 JUN 2019,134,134,134,134,1,400,53600
20 JUN 2019,133.9,134,133.9,134,3,76,10176.8
19 JUN 2019,133.9,133.9,127.6,134,4,78,10437.9
18 JUN 2019,135,135,134,134,4,675,90525
17 JUN 2019,135,135,135,136,2,76,10260
14 JUN 2019,136,136,136,136,2,347,47192
12 JUN 2019,136,136,135,135,4,10575,1428200
11 JUN 2019,136,136,136,135.9,2,75,10200
10 JUN 2019,136,136,136,135.9,2,78,10608
7 JUN 2019,135.9,135.9,135.9,135.9,2,79,10736.1
6 JUN 2019,135.9,135.9,135.9,135.9,1,74,10056.6
4 JUN 2019,136,136,136,135.9,1,74,10064
3 JUN 2019,135.9,135.9,135.9,135.9,1,220,29898
30 MAY 2019,136,136,136,136,5,5003,680408
29 MAY 2019,132,132,130.1,132,5,3043,398640
28 MAY 2019,132.5,132.5,130,132,15,4933,651191.5
27 MAY 2019,134,136,134,133,3,78,10458
24 MAY 2019,134,134,133,133,3,177,23618
23 MAY 2019,134,134,134,134,1,75,10050
22 MAY 2019,134,134,134,134,2,76,10184
21 MAY 2019,134,134,134,134,5,577,77318
17 MAY 2019,136,136,134,134,16,3086,415128
16 MAY 2019,134,136,134,135,14,2246,303636
15 MAY 2019,132,132,130,130.8,5,1793,234656
14 MAY 2019,133,135,133,132,2,74,9940
13 MAY 2019,133,133,133,132,1,75,9975
10 MAY 2019,132,133,132,132,2,76,10059
9 MAY 2019,132,132,132,132,1,151,19932
8 MAY 2019,130,130,130,132,1,50,6500
7 MAY 2019,132,132,132,132,1,75,9900
6 MAY 2019,132,132,132,132,1,76,10032
3 MAY 2019,136.4,136.9,132,132,9,5077,670510.3
2 MAY 2019,134.8,135,130.1,133.2,6,116,15447.9
30 APR 2019,134.7,134.8,134.7,133.7,3,74,9970.4
29 APR 2019,134.5,134.9,134.5,133.7,6,74,9980.9
26 APR 2019,134.7,134.7,122.2,133.7,5,76,10224.3
25 APR 2019,132,134.7,132,133.7,7,114,15246.6
24 APR 2019,132.5,132.5,132.5,134.7,1,76,10070
23 APR 2019,134.6,134.7,134.6,134.7,3,74,9967.4
18 APR 2019,134.6,134.7,134.6,134.7,3,74,9967.6
17 APR 2019,134.7,134.7,134.7,134.7,1,74,9967.8
16 APR 2019,134.7,134.7,134.7,134.7,5,148,19935.6
11 APR 2019,130,130,130,130,2,176,22880
10 APR 2019,133.8,133.9,133.8,136,4,75,10042.1
9 APR 2019,130,134,130,136,2,74,9912
8 APR 2019,136,137.5,130.1,136,7,1629,221467.5
3 APR 2019,130,130,130,130,2,1894,246220
1 APR 2019,128.1,128.1,128.1,127,2,49,6276.9
27 MAR 2019,130,130,130,127,1,1,130
26 MAR 2019,127,127,127,127,2,1400,177800
25 MAR 2019,127,127,127,127,1,500,63500
22 MAR 2019,120,120,120,125,2,20,2400
12 MAR 2019,125,129.9,125,125,4,2295,286889.7
11 MAR 2019,129.9,129.8,129.8,129.9,1,1,129.8
28 FEB 2019,129.9,129.9,129.9,129.9,3,500,64950
26 FEB 2019,129.9,130,126.2,129.9,5,2301,298926.2
25 FEB 2019,130,130,130,130,5,13429,1745770
22 FEB 2019,130,130,130,130,2,6573,854490
21 FEB 2019,130,130,130,130,1,8,1040
20 FEB 2019,130,131,130,130,4,2397,311631
18 FEB 2019,131,133.5,131,131,5,7008,918088
15 FEB 2019,132.7,133.5,132.5,132.7,7,27104,3617634.2
14 FEB 2019,133.4,133.4,131.8,133.4,8,8008,1067934.4
13 FEB 2019,131.8,131.8,131,131.8,3,1008,132848
12 FEB 2019,130,130,130,130,6,7805,1014650
11 FEB 2019,130,130.1,130,130,13,37307,4850010
8 FEB 2019,132,134,132,132,7,990,131647
7 FEB 2019,130.2,134,130,130.2,7,2160,281300
6 FEB 2019,130,130.1,130,130,5,2494,324300
5 FEB 2019,130.1,135,135,130.1,1,20,2700
1 FEB 2019,130.1,139.7,130,130.1,6,1521,197929.7
31 JAN 2019,130,130,130,130,6,4000,520000
25 JAN 2019,130,139.7,130,130,2,301,39139.7
24 JAN 2019,130,130,130,130,5,1920,249600
23 JAN 2019,130,130,130,130,11,3496,454480
22 JAN 2019,130,130,130,130,10,12124,1576120
21 JAN 2019,130,131,128,130,15,12243,1591630
18 JAN 2019,130,130,130,130,1,100,13000
16 JAN 2019,130,131.6,130,130,20,19570,2544609.5
14 JAN 2019,130.1,154.9,154.9,130.1,3,7,1084.3
10 JAN 2019,130.1,130.2,130,130.1,11,7500,976344.2
9 JAN 2019,130,130.1,130.1,130,1,1,130.1
8 JAN 2019,130,130.1,130.1,130,2,99,12879.9
7 JAN 2019,130,133,133,130,1,20,2660
4 JAN 2019,130,133,133,130,1,1,133
3 JAN 2019,130,130,130,130,4,2075,269750
28 DEC 2018,130,126,126,130,1,55,6930
27 DEC 2018,130,134.9,134.9,130,1,10,1349
26 DEC 2018,130,130,130,130,4,125,16250
24 DEC 2018,130,130,130,130,3,485,63050
21 DEC 2018,130,130,130,130,1,401,52130
20 DEC 2018,129.9,130,120.5,129.9,9,6446,837223.3
19 DEC 2018,125.2,134.9,125.2,125.2,11,4428,554553.6
14 DEC 2018,134.9,134.9,125.3,134.9,2,2,260.2
13 DEC 2018,134.9,134.9,134.9,134.9,1,979,132067.1
12 DEC 2018,135,135,135,135,4,2005,270675
11 DEC 2018,135,135,134.8,135,3,500,67486.7
10 DEC 2018,135,135,135,135,10,2975,401625
7 DEC 2018,134.2,134.5,134.2,134.2,3,38,5108.6
5 DEC 2018,134.2,134.5,133,134.2,8,4210,562330
4 DEC 2018,133,133,133,133,3,510,67830
3 DEC 2018,132,130.9,130.9,132,1,1,130.9
30 NOV 2018,132,132,130.9,132,4,673,88834.9
29 NOV 2018,132,132,132,132,1,155,20460
21 NOV 2018,128.2,139.6,139.6,128.2,1,1,139.6
19 NOV 2018,128.2,128.2,128.1,128.2,2,2020,258962
15 NOV 2018,128.1,130,128,128.1,5,6379,817278.7
14 NOV 2018,129.5,130,130,129.5,1,30,3900
13 NOV 2018,129.5,130,130,129.5,2,9,1170
12 NOV 2018,129.5,130,128,129.5,5,306,39629.6
9 NOV 2018,128,140.5,134.9,128,4,11,1490.1
7 NOV 2018,128,128,128,128,2,200,25600
5 NOV 2018,128,128,128,128,1,450,57600
2 NOV 2018,128,128,128,128,1,716,91648
31 OCT 2018,126,126,126,126,1,1600,201600
10 OCT 2018,126,126,125.9,126,5,2420,304919
4 OCT 2018,126,126,126,126,4,2399,302274
28 SEP 2018,120.1,120.3,120.1,120.1,6,199,23906.2
25 SEP 2018,120.1,121,120,120.2,4,578,69452.4
20 SEP 2018,120,120,120,120,4,2455,294600
18 SEP 2018,126,126,120,120,5,302,36260.2
14 SEP 2018,120.1,120.1,120,120,4,850,102008.7
11 SEP 2018,120,120,120,120,2,1306,156720
10 SEP 2018,125,125,125,125,1,5,625
7 SEP 2018,125.1,129,125,125,5,408,51012
6 SEP 2018,125.1,125.1,125,125.1,3,100,12508.5
3 SEP 2018,128.9,129.9,128.9,129,3,110,14189
31 AUG 2018,125,125,125,125,3,405,50625
29 AUG 2018,125.5,129.8,125,125,5,3969,496212.5
28 AUG 2018,125,129,125,128.9,6,2228,279397.2
27 AUG 2018,128.9,128.9,128.9,125,1,2,257.8
24 AUG 2018,129,129,129,125,1,1,129
21 AUG 2018,125,125,125,125,1,841,105125
17 AUG 2018,124.2,124.2,124,124.1,5,501,62152
15 AUG 2018,124,124,124,124,1,1,124
10 AUG 2018,125,125,120.1,124,19,431,52969.4
9 AUG 2018,126.4,126.4,125,125,13,4200,525070.4
7 AUG 2018,127,127,127,127,1,100,12700
2 AUG 2018,125.1,125.1,125.1,125.1,6,51300,6417630
1 AUG 2018,123.9,128,123.9,125,6,11000,1370600
31 JUL 2018,125,125,123,123.9,2,1117,138425
30 JUL 2018,123,123,123,123,2,900,110700
26 JUL 2018,123.1,123.1,123,123,9,6800,836705.7
25 JUL 2018,123.1,123.1,123.1,123.1,3,105,12925.5
19 JUL 2018,124.1,124.1,124.1,124.1,1,1,124.1
12 JUL 2018,124.1,124.1,124.1,124.1,1,50,6205
10 JUL 2018,124,124.1,124,124.1,5,555,68870
9 JUL 2018,124,125,124,125,6,11548,1443477
5 JUL 2018,124,124,124,124,1,750,93000
4 JUL 2018,125,125,125,125,6,2000,250000
2 JUL 2018,127.5,127.5,125,125.1,2,104,13012.5
29 JUN 2018,125,125,125,127,1,30,3750
28 JUN 2018,128,128,127,127,6,198,25174
26 JUN 2018,128,128,128,128,2,100,12800
25 JUN 2018,128,128,128,125,1,1,128
19 JUN 2018,125.2,125.2,125,125,19,8566,1070779.6
18 JUN 2018,125.4,125.4,125.1,125.2,5,1104,138171.1
8 JUN 2018,138,138,138,133.9,1,5,690
6 JUN 2018,135,135,135,133.9,1,5,675
1 JUN 2018,131,134,131,133.9,3,32647,4370069
31 MAY 2018,131.1,131.1,131,131,2,1000,131002.5
30 MAY 2018,134,134,131,131,8,19957,2625463
28 MAY 2018,134,135.1,134,134,5,749,100367.1
25 MAY 2018,133,133,133,133,2,500,66500
24 MAY 2018,134,134,130.1,130.1,4,1056,137584.5
23 MAY 2018,131,131,130.1,130.4,3,1339,174653.9
22 MAY 2018,130.5,130.5,130,130.1,12,1273,165611.5
21 MAY 2018,136,136,135,135.1,7,466,63220.2
18 MAY 2018,138.5,146.2,135.4,138.2,12,2057,284234.4
17 MAY 2018,131.8,140.5,131.8,133,7,5437,722855
16 MAY 2018,130.5,130.5,130.5,130.5,2,109,14224.5
15 MAY 2018,127,130,127,130,24,61708,8019589.3
14 MAY 2018,127,127,127,127,1,200,25400
11 MAY 2018,126,126,126,127,1,10,1260
10 MAY 2018,126,126,126,127,1,79,9954
9 MAY 2018,126,126,126,127,1,64,8064
8 MAY 2018,129.9,129.9,126.8,127,6,401,50939.1
4 MAY 2018,126.8,126.8,126.8,126,1,5,634
3 MAY 2018,126.1,126.1,126,126,2,100,12600.9
2 MAY 2018,129.3,129.3,120,120.6,3,2626,316669.6
27 APR 2018,128.4,130,127.1,129.7,9,3601,466760.6
26 APR 2018,128.5,128.5,126,127,8,1510,191388.4
24 APR 2018,129.5,129.5,129.5,125.3,1,1,129.5
23 APR 2018,125.3,125.3,125.3,125.3,1,31503,3947325.9
20 APR 2018,125.2,127.9,125.2,125.2,10,4024,503872.6
19 APR 2018,125.9,125.9,123.2,124,12,8733,1079113.2
18 APR 2018,123.5,123.5,123.5,123.5,5,6650,821275
12 APR 2018,123,123,123,123,3,2846,350058
11 APR 2018,123.1,123.1,123,123,3,155,19071.4
10 APR 2018,123.1,123.5,122,123.4,8,1604,197790.7
6 APR 2018,124,124,124,120.1,1,20,2480
5 APR 2018,119.1,120.5,119.1,120.1,19,35623,4275726.7
4 APR 2018,120,120,120,120,5,1901,228120
3 APR 2018,121,121,120,120,4,318,38161
29 MAR 2018,120,120,120,120,15,2360,283200
28 MAR 2018,126.8,126.9,126.8,126.9,3,35076,4447686.8
27 MAR 2018,127,127,120,120,22,2413,294191.3
26 MAR 2018,127.6,127.6,127.5,127.5,9,1152,146987.5
23 MAR 2018,132,132,132,134.9,1,75,9900
21 MAR 2018,134.9,134.9,134.9,134.9,1,500,67450
20 MAR 2018,134.9,134.9,134.9,134.9,5,225,30352.5
19 MAR 2018,130.5,130.5,130,130.1,5,367,47731
15 MAR 2018,134.9,134.9,134.9,131.8,1,1,134.9
14 MAR 2018,132,132,131,131.8,4,600,79100
12 MAR 2018,130,130,130,135,1,14,1820
8 MAR 2018,134.9,135,134.9,135,2,233,31454.9
7 MAR 2018,129,129,129,131,1,1,129
5 MAR 2018,131,131,131,131,2,1200,157200
2 MAR 2018,135,135,135,135,1,18,2430
28 FEB 2018,134.9,135,134.9,135,3,33,4454.6
27 FEB 2018,135.2,135.2,130.1,135,9,1522,205521.5
22 FEB 2018,138.5,138.5,138.5,138.5,3,205,28392.5
21 FEB 2018,138.9,138.9,138.9,139,1,49,6806.1
20 FEB 2018,139,139,138.1,139,6,6604,917952.5
19 FEB 2018,139,139,139,139,1,160,22240
16 FEB 2018,139,139,139,139,2,869,120791
15 FEB 2018,139,139,138.1,139,8,1331,184869
12 FEB 2018,140,140,140,140,1,1299,181860
9 FEB 2018,140,140,140,140,3,151,21140
7 FEB 2018,138.1,138.1,138,138,4,162,22361.7
2 FEB 2018,140,140,140,138.1,1,17,2380
1 FEB 2018,138.1,138.1,138.1,138.1,1,2000,276200
30 JAN 2018,140,140,140,140,2,430,60200
29 JAN 2018,138,138,138,138,1,1554,214452
26 JAN 2018,138,138,138,138,2,393,54234
25 JAN 2018,135.1,138,135.1,140.9,2,45,6207.1
24 JAN 2018,143.6,143.6,135.1,140.9,7,305,42972
18 JAN 2018,144,144,140,140.8,5,300,42250
17 JAN 2018,145.1,145.1,144,144,5,1335,193426
16 JAN 2018,145,145,145,148.9,1,38,5510
12 JAN 2018,148,148,148,148.9,3,70,10360
11 JAN 2018,148,148,148,148.9,1,20,2960
3 JAN 2018,148.9,148.9,148.9,148.9,3,174,25908.6
20 DEC 2017,145.5,145.5,145.5,147.5,1,11,1600.5
18 DEC 2017,145.4,145.4,145,147.5,2,34,4933.6
15 DEC 2017,147.5,147.5,147.5,147.5,2,109,16077.5
14 DEC 2017,147.5,147.5,147.5,147.5,5,821,121097.5
13 DEC 2017,147.5,147.5,147.5,148.1,1,5,737.5
12 DEC 2017,146,146,146,148.1,3,50,7300
6 DEC 2017,148,150,148,148.1,6,1050,155500
5 DEC 2017,150,150,150,159.8,3,7,1050
21 NOV 2017,160,160,159.4,159.8,2,4,639.4
17 NOV 2017,150.1,150.1,150.1,159.8,1,2,300.2
13 NOV 2017,159.8,159.8,159.8,159.8,2,3496,558660.8
10 NOV 2017,160,160,160,160,1,1500,240000
8 NOV 2017,159,159,151.1,158.8,2,517,82100.3
2 NOV 2017,159,159,159,159.7,1,50,7950
30 OCT 2017,160,160,151.1,159.7,3,1030,164533
27 OCT 2017,151.4,160,151,160,13,6845,1094363
25 OCT 2017,159.8,159.8,159.8,150.8,1,3,479.4
24 OCT 2017,150.8,159.8,150.8,150.8,3,301,45399.8
23 OCT 2017,160,160,160,160,5,1098,175680
20 OCT 2017,155,155,155,160,4,58,8990
19 OCT 2017,160,160,155,160,6,1452,232310
13 OCT 2017,160,160,160,160,3,2999,479840
11 OCT 2017,160,160,160,160,2,3000,480000
10 OCT 2017,156.7,156.7,156.7,156.7,2,18,2820.6
3 OCT 2017,156.7,156.7,156.7,156.7,1,100000,15670000
2 OCT 2017,156.5,156.5,156.5,156.5,1,1,156.5
28 SEP 2017,156.5,156.5,156.5,156.5,1,1000,156500
27 SEP 2017,156,156,156,156,1,115,17940
26 SEP 2017,160,160,156,159.3,7,693,110384
22 SEP 2017,158,160,158,160,7,2431,388909.6
15 SEP 2017,160,160,160,160,1,1,160
13 SEP 2017,159.9,160,159.9,160,25,3372,539515.2
12 SEP 2017,160,160,150.1,150.2,13,4069,650055
11 SEP 2017,155.2,155.2,155,155.1,3,100,15507.4
31 AUG 2017,157,157,155,155.1,10,658,102146
30 AUG 2017,158.9,158.9,158.9,159.8,1,1,158.9
29 AUG 2017,155.1,155.1,155.1,159.8,2,11,1706.1
21 AUG 2017,159.8,159.8,157,159.8,3,47007,7511699
18 AUG 2017,160,160,160,164.9,1,1,160
16 AUG 2017,160,160,160,164.9,1,1,160
14 AUG 2017,160,160,156.1,164.9,2,57,8971.8
3 AUG 2017,160.1,160.1,160.1,164.9,2,99,15849.9
2 AUG 2017,161.2,161.2,160.1,164.9,3,39,6245
27 JUL 2017,167,167,166,164.9,3,3,500
25 JUL 2017,163.5,165,163.5,164.9,2,2000,329880
24 JUL 2017,163.5,163.5,162.5,169,3,65,10572.5
21 JUL 2017,160,165,160,169,2,47,7570
17 JUL 2017,169,169,169,169,1,710,119990
14 JUL 2017,168.1,168.1,168.1,170,1,1,168.1
12 JUL 2017,168,170,168,170,9,7583,1284610
11 JUL 2017,167,167,167,167,3,300,50100
5 JUL 2017,165.1,165.1,165,165.1,5,1980,326868
3 JUL 2017,165.1,165.1,165.1,165,1,40,6604
30 JUN 2017,165,165,165,165,4,1130,186450
29 JUN 2017,167,167,165,165,2,3,497
28 JUN 2017,165,165,165,165,3,2062,340230
27 JUN 2017,165,165,164.9,165,6,4015,662375
23 JUN 2017,165,165,165,165,5,4482,739530
21 JUN 2017,165,165,165,165,8,305,50325
20 JUN 2017,165,165.4,165,165,5,626,103318
19 JUN 2017,164,165,164,164.5,5,3170,520880
16 JUN 2017,167.5,167.5,167.5,165.1,1,1,167.5
15 JUN 2017,165.1,165.1,165.1,165.1,1,50,8255
14 JUN 2017,165,166,165,165.1,13,3684,608160
13 JUN 2017,165,165,163,163,7,716,116710
12 JUN 2017,164.8,165,162,164.5,14,3068,504605.9
9 JUN 2017,165,165,164.8,162,5,11,1814
7 JUN 2017,162,162,162,162,2,14,2268
6 JUN 2017,161.9,162,161.9,162,9,15550,2519000
5 JUN 2017,160,162,160,161.9,5,595,96258
30 MAY 2017,160,160.9,160,160,9,2218,354889
29 MAY 2017,157,157,157,158,2,30,4710
26 MAY 2017,158,159.1,158,158,3,301,47559.1
25 MAY 2017,160,161.9,160,160.1,2,106,16971.4
24 MAY 2017,160,160,160,160,1,100,16000
22 MAY 2017,162,162,160,161.9,2,250,40480
19 MAY 2017,162,162,159.5,159.5,23,8315,1331267.2
18 MAY 2017,160,162.1,160,161.2,39,25220,4076122.2
17 MAY 2017,157.5,158,157,157,11,2316,363668.6
16 MAY 2017,155,155,155,155,2,1020,158100
12 MAY 2017,154.7,155,154,155,28,2663,411698.5
8 MAY 2017,154.9,154.9,150.2,151,6,1539,232145.3
4 MAY 2017,150,150,150,150,3,1708,256200
3 MAY 2017,150,150,150,150,7,412,61800
2 MAY 2017,154.9,154.9,151,151,11,9125,1377965.8
28 APR 2017,154.9,155,154.9,155,8,140,21695.2
27 APR 2017,150,154.9,150,150,5,176,26404.9
26 APR 2017,150,150,150,150,4,137,20550
25 APR 2017,150.1,150.1,150.1,150.1,3,3001,450450.1
24 APR 2017,152,152,150,150.1,23,18587,2794502.5
20 APR 2017,150.1,150.1,150.1,150.1,2,1951,292845.1
18 APR 2017,150.1,150.1,150.1,150.1,1,100,15010
12 APR 2017,159.9,159.9,159.9,150,1,7,1119.3
11 APR 2017,159.8,159.9,159.8,150,9,89,14229.7
7 APR 2017,159.9,159.9,159.9,150,3,6,959.4
3 APR 2017,150.1,150.1,150,150,3,210,31501.7
31 MAR 2017,154.8,154.8,154.8,151,1,1,154.8
30 MAR 2017,151,151,151,151,3,411,62061
28 MAR 2017,150,151,150,151,2,2165,326750
27 MAR 2017,150,150,150,150,4,849,127350
24 MAR 2017,150,150,149.9,150,7,988,148195.9
20 MAR 2017,150,151,150,151,2,250,37700
15 MAR 2017,158,158,158,155,1,7,1106
10 MAR 2017,155,155,155,155,1,1,155
8 MAR 2017,155,155,155,155,1,1,155
7 MAR 2017,155,155,150,155,2,2,305
3 MAR 2017,154.9,155,154.9,155,4,101,15652.6
1 MAR 2017,150,150,150,150,2,515,77250
28 FEB 2017,150,150,149.9,149.9,6,6431,964086.9
22 FEB 2017,145.5,145.5,145.5,155,3,30,4365
20 FEB 2017,150.1,150.1,150.1,155,1,1,150.1
17 FEB 2017,159.9,159.9,159.9,155,1,1,159.9
15 FEB 2017,155,155,155,155,1,100,15500
13 FEB 2017,150,150.2,150,150,2,1606,240903.6
9 FEB 2017,150,150,150,150,2,4745,711750
8 FEB 2017,150,150,150,150,2,2,300
6 FEB 2017,150,150,150,150,5,1201,180150
1 FEB 2017,149.5,149.5,149.5,149.5,1,1,149.5
30 JAN 2017,149.5,149.5,149,149.5,4,6253,934646
26 JAN 2017,149.5,149.5,145.4,148,2,2,294.9
18 JAN 2017,148,148,148,148,6,2747,406556
16 JAN 2017,150,150,150,150,7,15756,2363400
13 JAN 2017,149.5,149.5,149.5,146.6,1,3,448.5
11 JAN 2017,146.5,146.5,146.5,146.6,1,1,146.5
6 JAN 2017,146.6,146.6,146.6,146.6,2,100,14660
2 JAN 2017,150,150,150,150,1,3,450
30 DEC 2016,150,150,150,150,4,211,31650
29 DEC 2016,150,150,150,149,1,1,150
28 DEC 2016,149,149,149,149,2,2745,409005
27 DEC 2016,149,149,149,149,1,40,5960
20 DEC 2016,151,151,140,149,44,62026,9244795
14 DEC 2016,155.1,155.1,155.1,158,1,1,155.1
5 DEC 2016,157.9,158,157.9,158,6,1009,159421.1
2 DEC 2016,157.9,157.9,157.9,155,8,12,1894.8
1 DEC 2016,156.8,157,155,155,4,1060,164682.6
29 NOV 2016,150.2,150.2,150.1,150.2,2,97,14564.7
28 NOV 2016,150.2,150.2,150.2,150.2,3,300,45060
24 NOV 2016,153,157,150,150,12,5114,782637.9
22 NOV 2016,150.5,153,150,153,7,800,120304
21 NOV 2016,151,157,151,153,6,778,119146
18 NOV 2016,154.2,154.2,151,154,5,3713,571719.8
17 NOV 2016,154.1,154.2,154.1,154.2,7,5221,804878.5
16 NOV 2016,154.2,154.2,151.1,154.2,2,309,47638.5
15 NOV 2016,156,156,154.2,154.2,5,470,72496.6
9 NOV 2016,154.1,154.2,154.1,154.2,2,1010,155741
8 NOV 2016,154.2,154.2,154.2,155,1,2,308.4
7 NOV 2016,155.1,155.1,155,155,6,4514,700070
20 OCT 2016,158.5,158.5,154.1,158.4,5,509,80623.7
19 OCT 2016,154.1,158.5,154,158,4,1989,314183.5
17 OCT 2016,153,153,153,158.1,1,1,153
12 OCT 2016,160,160,158.1,158.1,5,886,141380
11 OCT 2016,161,161,161,161,4,412,66332
10 OCT 2016,161,161,161,162.5,1,20,3220
7 OCT 2016,161,161,161,162.5,1,1,161
6 OCT 2016,162.5,162.5,162.5,162.5,1,2500,406250
5 OCT 2016,162.5,162.5,162.5,162.5,1,10000,1625000
30 SEP 2016,162.5,162.5,162.5,162.5,1,500,81250
29 SEP 2016,158,162.4,157.5,157.5,9,10001,1575167.4
28 SEP 2016,159,159,159,159,1,200,31800
27 SEP 2016,156.2,156.2,156.2,157.5,1,31,4842.2
21 SEP 2016,156,157.5,156,157.5,18,31234,4916931
20 SEP 2016,160,160,159.9,159.9,4,4203,672459.7
19 SEP 2016,166,166,159.9,159.9,12,11712,1873792
9 SEP 2016,160,166.5,160,166.5,7,1387,223310.3
7 SEP 2016,160,160,160,160,1,200,32000
5 SEP 2016,159,159,158,158,6,5199,821632
2 SEP 2016,160,160,160,159,2,25,4000
1 SEP 2016,159,159,159,159,1,125,19875
29 AUG 2016,159.5,159.5,159.5,159.5,3,25000,3987500
26 AUG 2016,160,160,160,160,2,5000,800000
24 AUG 2016,159.9,160,159.9,160,9,5121,819359.5
19 AUG 2016,159.9,159.9,159.9,159,1,20,3198
18 AUG 2016,157.2,157.2,157,159,7,82,12882
15 AUG 2016,159.9,160,159,159,5,23839,3811523.5
12 AUG 2016,160,160,160,160,2,68,10880
11 AUG 2016,157,160,157,160,5,26999,4319834
10 AUG 2016,160,160,157,157.4,4,222,35017
9 AUG 2016,160,160,160,160,1,200,32000
8 AUG 2016,160,160.1,160,160,29,21946,3511380
5 AUG 2016,160.1,160.1,160,160,8,4127,660321
4 AUG 2016,163,163,162,157.7,2,30,4870
3 AUG 2016,156,158,156,157.7,3,345,54420
2 AUG 2016,165,165,163,163.9,13,31403,5147058
26 JUL 2016,162,165,160,161,16,5217,844388.3
25 JUL 2016,162,162,162,162,3,253,40986
22 JUL 2016,168.9,169,168.9,168.9,2,647,109298.3
20 JUL 2016,169.9,169.9,169.9,169,1,3,509.7
18 JUL 2016,164.9,169.9,164.9,169,9,810,136274.2
15 JUL 2016,165,165,165,165,2,700,115500
13 JUL 2016,160,162.1,160,161.5,10,2513,405790
12 JUL 2016,160,165,160,160,11,2295,367560
11 JUL 2016,159,159,159,159,5,3011,478749
8 JUL 2016,165,170,158,158,9,31426,4965693.8
5 JUL 2016,160,160,160,165,1,5,800
4 JUL 2016,155,165,155,165,2,17,2735
30 JUN 2016,165,165,165,165,1,400,66000
29 JUN 2016,166.2,166.2,165,165.1,5,222,36642.5
28 JUN 2016,170,170,170,170,1,1,170
27 JUN 2016,174.9,174.9,174.9,170,1,1,174.9
24 JUN 2016,170,170,170,170,2,201,34170
23 JUN 2016,170,170,170,170,1,1,170
22 JUN 2016,170,170,170,170,2,2,340
21 JUN 2016,170,170,170,170,2,350,59500
17 JUN 2016,170,170,170,170,4,1563,265710
14 JUN 2016,174.9,174.9,165.1,167.5,13,110,18429.5
13 JUN 2016,170,170,170,172,1,4,680
10 JUN 2016,167,174.9,167,172,2,6,1009.9
6 JUN 2016,172,172,172,172,1,250,43000
3 JUN 2016,172,172,172,172,6,418,71896
2 JUN 2016,172,172,172,165,1,1,172
1 JUN 2016,165.2,165.2,165.2,165,1,1,165.2
30 MAY 2016,165.1,165.1,165,165,4,241,39766.2
27 MAY 2016,172,172,172,172,1,50,8600
26 MAY 2016,171,171,165,172,3,10,1656
25 MAY 2016,174.9,174.9,174.9,172,1,1,174.9
24 MAY 2016,175,175,175,172,1,1,175
20 MAY 2016,170.2,172,170.1,172,3,15100,2568701
19 MAY 2016,180,180,170.1,174.9,12,5199,910160.2
18 MAY 2016,174.9,180,174.9,180,24,8410,1496747.4
13 MAY 2016,174.9,174.9,174.9,170,3,10,1749
12 MAY 2016,170,174.5,170,170,3,319,54234.5
10 MAY 2016,168,174.4,168,180,5,14,2377.6
9 MAY 2016,170,174.9,167,180,12,87,14620.6
6 MAY 2016,178.9,178.9,178.8,180,9,22,3935.3
4 MAY 2016,179.8,179.9,178.9,180,9,26,4666.5
3 MAY 2016,167,180,167,180,5,1202,216336.9
29 APR 2016,167,167,167,165.5,3,3,501
28 APR 2016,165.3,167,165.3,165.5,2,675,111705
27 APR 2016,165.2,167,165.2,165,2,91,15035
26 APR 2016,165.2,165.2,165.2,165,3,27,4460.4
22 APR 2016,167,167,167,165,3,14,2338
20 APR 2016,165,165,165,165,3,896,147840
19 APR 2016,165,167,165,165,5,1510,249170
18 APR 2016,165,165,165,165,10,4080,673200
12 APR 2016,165,168,165,165.1,8,6011,993215
8 APR 2016,165,165,165,162,4,38,6270
6 APR 2016,162,162,162,162,5,4401,712962
5 APR 2016,162,162,162,162,1,500,81000
4 APR 2016,162,162,161.5,161.9,6,12368,2002932
1 APR 2016,162,162,162,162,4,2000,324000
31 MAR 2016,169.9,170,160,160,14,5042,808759.6
29 MAR 2016,152.6,152.6,152.6,153,1,1,152.6
28 MAR 2016,153,158,153,153,10,8564,1310612
18 MAR 2016,170,170,170,152,1,1,170
16 MAR 2016,150.1,150.1,150.1,152,1,52,7805.2
15 MAR 2016,152,152,150.2,152,3,1020,155004
14 MAR 2016,152.1,155,152.1,155,4,1526,236454.6
9 MAR 2016,150.1,150.1,150.1,152,1,36,5403.6
8 MAR 2016,152,152,150.1,152,5,365,55478.1
4 MAR 2016,152,152,152,152,1,136,20672
1 MAR 2016,152.1,152.1,152,152,5,800,121601.4
29 FEB 2016,152.1,152.1,152.1,158.6,1,1,152.1
18 FEB 2016,157,174.8,157,158.6,4,110,17448
17 FEB 2016,156,156,155.1,155.1,4,5000,775503.6
15 FEB 2016,156,156,156,152.1,1,1,156
9 FEB 2016,154.3,156,154.3,152.1,2,35,5409
27 JAN 2016,152.2,152.2,152.2,152.1,1,50,7610
26 JAN 2016,152.1,153,152.1,152.1,4,2495,379498.5
21 JAN 2016,151.2,151.2,151.2,151.2,1,3000,453600
20 JAN 2016,151.2,151.2,151.1,151.1,2,3065,463221.5
19 JAN 2016,152,159.9,150.8,151.1,5,4101,619659.9
18 JAN 2016,155.1,155.2,155,155,8,3007,466186
13 JAN 2016,163.9,163.9,163.9,156.7,2,2,327.8
12 JAN 2016,158,158.1,155,156.7,8,4532,710913
11 JAN 2016,158.9,164.8,158,159,13,118,18760.7
6 JAN 2016,160,164.8,160,164.9,11,60,9648
4 JAN 2016,164.8,164.8,164.8,164.9,2,2,329.6
31 DEC 2015,164.8,164.8,164.8,164.9,1,1,164.8
30 DEC 2015,164.7,164.9,164.7,164.9,70,4972,819727.9
29 DEC 2015,158.2,164.9,158.2,164.9,42,1158,190898.7
28 DEC 2015,164.8,164.8,164.8,158,1,50,8240
23 DEC 2015,158,158,158,158,1,100,15800
22 DEC 2015,160,160,159,160,7,740,118389
21 DEC 2015,160.1,161.9,160,160,8,1862,297948.8
18 DEC 2015,162.4,162.4,162.4,162.4,1,100,16240
15 DEC 2015,160.5,160.5,160.5,160.5,1,100,16050
14 DEC 2015,160.2,162.5,160.2,160.2,2,26,4167.5
11 DEC 2015,160.4,161.5,160,160.2,16,45981,7369191.3
8 DEC 2015,164.9,164.9,160.3,160.3,3,421,67497.5
7 DEC 2015,165,165,165,165,3,500,82500
4 DEC 2015,165,165,163,164.2,4,133,21844.5
30 NOV 2015,169.9,170,169.9,170,2,50,8497.5
23 NOV 2015,170,170,170,170,2,2800,476000
20 NOV 2015,170,170,165,165,26,3361,554926.4
19 NOV 2015,170,170,170,169.9,4,14,2380
18 NOV 2015,170,170,169.9,169.9,3,2000,339906.2
17 NOV 2015,168,168,168,168.8,2,21,3528
13 NOV 2015,171,171,167,168.8,5,746,125924
12 NOV 2015,170,170,169,170,2,102,17338
11 NOV 2015,169.2,169.2,169,169,3,669,113063.4
9 NOV 2015,176,176,175.9,176,6,150,26399.9
6 NOV 2015,175.9,176,175.9,176,3,101,17772.1
5 NOV 2015,170.1,170.1,168,169,16,3394,572620.2
4 NOV 2015,170.6,172.9,170,170.5,12,16850,2873675
3 NOV 2015,173.3,173.3,170,170.4,7,2141,364763.1
2 NOV 2015,176.3,176.3,176.3,174,1,27,4760.1
29 OCT 2015,179,179,173,174,8,1909,332189.7
23 OCT 2015,177,190,177,189.9,12,6835,1289437.2
22 OCT 2015,178.5,178.5,178.1,178.1,5,799,142559.5
21 OCT 2015,180,180,180,178.5,1,1,180
20 OCT 2015,178.5,178.5,178.5,178.5,2,1000,178500
16 OCT 2015,179,179,179,179,1,100,17900
15 OCT 2015,184.7,184.7,180,180,2,201,36184.7
14 OCT 2015,180,180,180,180,4,1200,216000
9 OCT 2015,184,190,184,185,19,12187,2253802.5
7 OCT 2015,175,175,175,175,1,100,17500
6 OCT 2015,184.9,184.9,184,184,20,205,37814.5
1 OCT 2015,173,173,173,173,1,10,1730
30 SEP 2015,173,173,173,173,1,1000,173000
29 SEP 2015,173.2,173.2,173,173,5,2006,347039.2
28 SEP 2015,173.2,173.2,172.5,172.5,13,3420,590884.4
23 SEP 2015,173.1,173.1,173.1,172.5,1,24,4154.4
21 SEP 2015,172.6,172.6,172.5,172.5,4,350,60385.4
18 SEP 2015,174.4,174.4,174.2,174.3,10,2042,355822.2
16 SEP 2015,174.3,174.3,174.3,177,2,31,5403.3
10 SEP 2015,177,177,177,177,1,300,53100
8 SEP 2015,178.5,178.5,178,178.1,4,400,71243
7 SEP 2015,178.5,179,178.5,179,2,2001,358178.5
4 SEP 2015,179,180,179,179,32,12612,2262190
3 SEP 2015,177.5,177.5,177.5,180,1,18,3195
1 SEP 2015,179,179,179,180,3,30,5370
31 AUG 2015,179.9,180,179.9,180,3,359,64594.6
28 AUG 2015,180,180,180,180,21,7976,1435680
27 AUG 2015,180,180,179.5,180,5,1150,206950
26 AUG 2015,182,184,180,180.7,7,1802,325162
25 AUG 2015,185,185,180,180,6,2501,451860
24 AUG 2015,186,186,186,186,3,119,22134
20 AUG 2015,190,190,186,186.1,5,2536,471896
17 AUG 2015,190,190,190,186,1,10,1900
14 AUG 2015,185.5,188,185.2,186,6,2631,488711.5
12 AUG 2015,190,190,186.1,186.1,2,1144,212980.3
10 AUG 2015,186.1,186.1,186,186,3,300,55801
7 AUG 2015,190,190,186,186.1,3,1100,205110
5 AUG 2015,186,190,186,190,6,1531,288490
4 AUG 2015,195,195,190,190,15,70820,13461667
30 JUL 2015,195,195,195,195,2,11953,2330835
29 JUL 2015,192.1,195,190,195,8,10903,2103169.7
27 JUL 2015,192,192,192,192,2,95,18240
24 JUL 2015,192,192.9,192,192,3,1501,288192.9
22 JUL 2015,192,193,192,192,4,502,96386
17 JUL 2015,190,190,190,190,3,3250,617500
16 JUL 2015,187,187,187,187,2,298,55726
14 JUL 2015,192,192,192,192,8,3503,672576
13 JUL 2015,192,192,192,192,3,401,76992
8 JUL 2015,191,192,191,192,2,100,19195
7 JUL 2015,184,184,184,190,1,50,9200
3 JUL 2015,190,190,190,190,3,1000,190000
2 JUL 2015,190,190,190,190,1,100,19000
29 JUN 2015,180.5,180.5,180.1,192.2,2,8,1442.8
26 JUN 2015,180,180,180,192.2,1,83,14940
25 JUN 2015,192.5,192.5,190,192.2,8,10375,1993652.5
23 JUN 2015,192.5,192.5,192.5,192.5,16,14919,2871907.5
19 JUN 2015,193.9,193.9,193.9,193.4,1,2,387.8
18 JUN 2015,195,195,195,193.4,2,21,4095
17 JUN 2015,191,195,190,193.4,12,6358,1211662
16 JUN 2015,191,191,191,191,1,256,48896
15 JUN 2015,193,193,190,190,2,301,57193
11 JUN 2015,193,193,189,189.1,2,103,19479
9 JUN 2015,188.1,188.1,188.1,188.1,1,100,18810
8 JUN 2015,193,193,193,193,3,500,96500
3 JUN 2015,191.4,191.5,185.1,189,5,1533,290947.3
1 JUN 2015,188,190,188,189.4,5,4950,937130
29 MAY 2015,190.5,190.6,190.5,190.5,9,8119,1546769.5
28 MAY 2015,190.5,190.5,190.5,190.5,7,7604,1448562
27 MAY 2015,190.5,190.5,190,190.5,10,6513,1239163.6
26 MAY 2015,191,193,190.5,190.5,6,2190,420150
25 MAY 2015,190.5,190.5,190.5,190.5,3,10,1905
22 MAY 2015,190,190,190,190,4,1500,285000
21 MAY 2015,191,191,190.5,190.9,7,5560,1061750
20 MAY 2015,190,191,190,191,3,239,45520
19 MAY 2015,190.1,190.1,190,190,8,40200,7638600
14 MAY 2015,182.2,182.2,182.1,182.1,2,5,910.7
12 MAY 2015,184,184,183,183.2,3,809,148197
11 MAY 2015,182,182,182,182,1,10,1820
7 MAY 2015,185.5,189,181.1,185.5,4,262,47721
5 MAY 2015,189,189,189,189,2,45,8505
30 APR 2015,181.2,189,181.1,189,3,60,10906.5
27 APR 2015,180.5,180.5,180,180,7,4350,783082.5
24 APR 2015,182,182,182,182,2,1398,254436
23 APR 2015,180.4,180.4,180,180,4,650,117026.2
21 APR 2015,180.1,182,180,180.6,3,700,126401
20 APR 2015,180,182,180,180,6,1349,243320
15 APR 2015,180,180,180,180,2,11,1980
10 APR 2015,178,178.1,178,178.1,3,211,37559.1
8 APR 2015,177,177,177,177,2,199,35223
7 APR 2015,178,178,177,177.5,8,4700,833954.5
6 APR 2015,177.7,177.7,177.6,177.6,2,70,12434
2 APR 2015,185,185,185,185,1,10,1850
1 APR 2015,185,185,185,185,1,10,1850
26 MAR 2015,183,183,183,183,2,100,18300
25 MAR 2015,177.5,177.5,177.5,177.5,1,5,887.5
24 MAR 2015,177.1,177.1,177.1,177.1,1,994,176037.4
17 MAR 2015,178.2,178.2,175,176,7,899,157781.9
13 MAR 2015,178.1,178.1,178.1,178.1,1,13,2315.3
9 MAR 2015,177,177,177,177,2,176,31152
4 MAR 2015,176,185,176,176.8,2,11,1945
3 MAR 2015,178.1,178.1,178.1,178.1,1,41,7302.1
2 MAR 2015,185,185,180,182.8,3,184,33626.1
27 FEB 2015,187.5,187.5,187.5,187.5,5,23000,4312500
24 FEB 2015,187.5,187.5,187.5,187.5,1,1,187.5
23 FEB 2015,186,186,185,185,5,1231,227935
20 FEB 2015,182.5,185,182.5,185,23,46762,8650720
19 FEB 2015,180,180,180,180,1,5000,900000
18 FEB 2015,180,180,180,180,1,100,18000
16 FEB 2015,177,177,177,177,1,1,177
13 FEB 2015,177,177,177,177,1,2500,442500
10 FEB 2015,175.3,176,175.3,176,4,20373,3585397.1
9 FEB 2015,175.5,176,175.2,175.3,7,7800,1367730
5 FEB 2015,175,175,175,175,1,500,87500
2 FEB 2015,172,172.5,172,172.3,3,686,118050.6
30 JAN 2015,176.1,176.1,175.1,175.7,4,1497,263054.7
29 JAN 2015,180,180,176.1,176.1,3,603,106200
28 JAN 2015,176.2,176.2,176.1,176.1,5,3200,563535
27 JAN 2015,176.2,176.2,176.2,176.2,1,10,1762
26 JAN 2015,176.1,176.1,176.1,176.1,1,99,17433.9
23 JAN 2015,176.8,176.8,176,176,3,1000,176024
19 JAN 2015,185,185,185,185,2,1000,185000
16 JAN 2015,185,185,185,185,1,3,555
13 JAN 2015,184.9,184.9,184.9,184.9,2,4,739.6
9 JAN 2015,179.2,189.5,175,185.1,14,44100,8158440.6
8 JAN 2015,185,189.5,185,189.5,4,2574,476523
31 DEC 2014,173,173,173,173,2,2,346
23 DEC 2014,179.9,179.9,172.1,173,5,1644,284386.2
22 DEC 2014,170,170,170,170,1,1426,242420
18 DEC 2014,179.9,179.9,179.9,179.9,1,206,37059.4
17 DEC 2014,180,180,180,180,2,641,115380
16 DEC 2014,180,180,180,180,4,1580,284400
12 DEC 2014,179,180,179,180,3,496,89235.8
10 DEC 2014,180,180,180,180,3,1250,225000
9 DEC 2014,180.5,181,180,180.3,10,12057,2175288.5
5 DEC 2014,180.5,180.5,180.5,180.5,1,1,180.5
3 DEC 2014,180.5,180.5,180.5,180.5,2,1000,180500
2 DEC 2014,180.6,180.6,180.5,180.5,4,1330,240065.5
28 NOV 2014,180.5,180.5,180.5,180.5,1,3,541.5
27 NOV 2014,180.5,180.5,178,180.4,11,4420,797497.5
26 NOV 2014,185,185,180.5,181.7,4,2705,491402.5
24 NOV 2014,182.5,182.5,180.5,181.3,2,600,108800
21 NOV 2014,185.6,185.6,184.9,184.9,4,518,95958.8
18 NOV 2014,185,193.9,185,187.8,14,7626,1432458
14 NOV 2014,185,185,180.1,180.1,3,11,2030.1
13 NOV 2014,185,185,185,185,4,6500,1202500
12 NOV 2014,172,185.5,172,185,14,8616,1554492
11 NOV 2014,180,180,180,180,11,5500,990000
10 NOV 2014,180,180,180,180,2,67,12060
7 NOV 2014,182,182,182,182,1,500,91000
5 NOV 2014,181,190,180,185.5,7,223,40920
4 NOV 2014,184,184,182,182,6,2770,504554
3 NOV 2014,185,185,184,184.8,7,3605,666292
31 OCT 2014,184.6,186,184.6,186,10,5155,957520
30 OCT 2014,185,186,184.6,184.6,8,6540,1209698
29 OCT 2014,185,185.1,185,185,17,21477,3973246
28 OCT 2014,185,185,185,185,1,182,33670
27 OCT 2014,185,185,184.5,184.5,2,202,37270
24 OCT 2014,189.9,189.9,184.5,184.5,2,501,92439.9
23 OCT 2014,186.8,187,186.8,187,2,8000,1495600
21 OCT 2014,184.5,184.5,184.5,184.5,3,509,93910.5
20 OCT 2014,184.5,184.5,184.5,184.5,3,1000,184500
17 OCT 2014,184.4,184.5,184.4,184.5,3,808,149075.2
16 OCT 2014,184.6,184.6,184.5,184.5,4,3420,630992
15 OCT 2014,184.5,184.5,184.5,184.5,1,100,18450
13 OCT 2014,183.1,183.1,181,181.1,8,1580,286194.7
10 OCT 2014,184.2,184.2,181.1,181.4,5,300,54429
9 OCT 2014,190,190,190,190,5,3600,684000
3 OCT 2014,190,191,190,190.6,5,6910,1317030
2 OCT 2014,191,191,191,191,1,1000,191000
26 SEP 2014,190,190,190,190,8,1781,338390
25 SEP 2014,190,190,190,190,2,109,20710
24 SEP 2014,195,200,195,195,9,20119,3923264
23 SEP 2014,195,195,195,195,4,13200,2574000
22 SEP 2014,200,200,200,200,1,4,800
19 SEP 2014,194,197.9,188,195,24,12786,2482625.8
18 SEP 2014,194,194,194,194,9,17,3298
17 SEP 2014,190,194,190,190.1,5,266,50556
16 SEP 2014,195,195,190,190,6,52004,9880780
15 SEP 2014,195.9,195.9,195.9,195.9,1,1,195.9
12 SEP 2014,195,195,195,195,19,8765,1709175
11 SEP 2014,195,195,195,195,15,2844,554580
10 SEP 2014,190,196,190,195,13,916,178767.6
9 SEP 2014,193,195.9,192,195.9,7,4051,777851.9
4 SEP 2014,197.9,197.9,197.9,197.9,1,1,197.9
3 SEP 2014,192.2,192.2,192.2,192.2,1,1,192.2
2 SEP 2014,194.9,194.9,194.9,194.9,3,2500,487250
1 SEP 2014,195,195,194.9,194.9,13,2047,398990.4
28 AUG 2014,194,195,194,194.8,11,2620,510098
27 AUG 2014,194.9,195,194.9,194.9,3,50,9747
26 AUG 2014,192.1,194.9,192.1,194.9,7,5036,981513.6
22 AUG 2014,191.1,191.1,191,191,3,500,95512
21 AUG 2014,190.5,190.5,190.5,190.5,3,6000,1143000
18 AUG 2014,190.2,190.2,190.2,190.2,2,10,1902
13 AUG 2014,190.3,190.3,190.3,190.3,1,43,8182.9
8 AUG 2014,190,194.9,190,194.1,6,1791,340314.5
7 AUG 2014,190.2,190.2,190,190,6,6170,1172514
6 AUG 2014,190.1,191.5,190.1,191.5,6,505,96703.1
5 AUG 2014,190.1,190.2,190,190,7,604,114768
4 AUG 2014,191.1,191.1,190,190,5,4000,760115.5
1 AUG 2014,191.1,191.2,191.1,191.1,3,251,47967.1
31 JUL 2014,196.1,196.1,191,191,8,5465,1065770
30 JUL 2014,200,200,200,200,9,6000,1200000
28 JUL 2014,196.2,200,195.5,200,14,9200,1820364.9
24 JUL 2014,195,195.1,195,195,4,4900,955550
23 JUL 2014,195,200,195,196.2,15,8420,1648476.8
22 JUL 2014,195,195.5,195,195,8,1508,294063
21 JUL 2014,194.5,195,194.5,195,7,2939,573060.5
18 JUL 2014,194,195,194,194.5,3,200,38900
17 JUL 2014,195,195.5,195,195,9,5011,977150.4
16 JUL 2014,195.4,195.4,195.4,195.4,1,2,390.8
14 JUL 2014,195,195.1,195,195,11,15108,2946064.8
11 JUL 2014,191,195,191,195,8,5908,1151652
10 JUL 2014,195,195,193,195,22,5548,1081660
9 JUL 2014,195,195,195,195,22,726,141570
8 JUL 2014,194.9,195,194.9,195,3,2100,409430
7 JUL 2014,177.5,195,177.5,195,10,10100,1967750
4 JUL 2014,190,195,190,195,57,87167,16990959.7
3 JUL 2014,190,190,190,190,5,6651,1263690
2 JUL 2014,189.9,190,189.9,190,15,1327,252129.5
1 JUL 2014,186.1,186.1,186.1,186.1,4,401,74626.1
27 JUN 2014,186.1,186.1,186.1,186.1,2,999,185913.9
26 JUN 2014,185,186,185,186,7,2050,381250
25 JUN 2014,194,194,193,193,2,201,38794
23 JUN 2014,192,192,192,192,1,50,9600
19 JUN 2014,195,195,194.9,194.9,10,7952,1550639.9
18 JUN 2014,195,195,194.5,194.5,4,302,58740
13 JUN 2014,192,195,192,194.8,17,5575,1085698.8
11 JUN 2014,193,194.9,192.9,193,9,4050,781646
10 JUN 2014,193,193,193,193,8,622,120046
9 JUN 2014,193.9,193.9,193,193,9,2430,468991.7
6 JUN 2014,191,191,190,190,7,1605,305970
4 JUN 2014,190.2,190.2,190,190.2,5,903,171630.4
3 JUN 2014,192.5,192.5,191,191,5,3608,694528
2 JUN 2014,190.1,192.5,190,190.2,6,617,117370.1
30 MAY 2014,191,191,190,190.1,16,6236,1186080.8
29 MAY 2014,191,191,191,191,1,10,1910
27 MAY 2014,190,190,190,190,1,13,2470
26 MAY 2014,192,198,192,196.3,5,158,31011.8
23 MAY 2014,190,193,190,190,9,10196,1937577
22 MAY 2014,190,190,190,190,11,48227,9163130
21 MAY 2014,190.5,190.5,190.5,190.5,5,175,33337.5
20 MAY 2014,190.5,190.5,190,190,3,200,38001
19 MAY 2014,190,190,190,190,10,10187,1935530
16 MAY 2014,190,190,190,190,1,1,190
13 MAY 2014,195,195,190,190.9,7,2055,394290.8
12 MAY 2014,190,195,190,194.8,38,33407,6511763
9 MAY 2014,195,195,189.9,189.9,5,15,2859
8 MAY 2014,182,185,181.6,182.5,18,741,135091
7 MAY 2014,181,181,181,181,2,2,362
6 MAY 2014,181,181,181,181,3,8,1448
2 MAY 2014,180,182,180,180.1,9,448,80850
30 APR 2014,180,180,179,179.3,4,5643,1012588.5
29 APR 2014,181,181,179,181,3,54,9676
28 APR 2014,180,181,180,180,5,5102,923360
25 APR 2014,180,180,180,180,1,1,180
23 APR 2014,176.5,177,176.5,177,2,2100,370700
22 APR 2014,175.6,176.5,175.5,176,11,6000,1055704.1
16 APR 2014,175.5,175.5,175.5,175.5,1,100,17550
10 APR 2014,175,175,175,175,1,1,175
8 APR 2014,179.9,180,179.9,180,18,1500,269994.2
4 APR 2014,180.8,181,180.8,181,11,10500,1900499.7
2 APR 2014,180,180.7,175,180.2,4,1698,305659.2
1 APR 2014,181,181,181,181,1,2500,452500
28 MAR 2014,181,181,181,181,7,3092,559652
27 MAR 2014,181,181,181,181,7,306,55386
26 MAR 2014,181,181,181,181,17,1602,289962
25 MAR 2014,180,180,180,180,6,3380,608400
24 MAR 2014,179.9,180,179.9,180,5,90521,16293770
21 MAR 2014,179.8,180,179.8,180,17,50000,8999981.8
20 MAR 2014,179,181,176,176,14,7573,1343754.4
13 MAR 2014,179.8,180,179.8,180,3,5000,899900.4
12 MAR 2014,175,175.1,175,175.1,5,3651,639244.1
11 MAR 2014,175,175.1,175,175,5,3266,571600
10 MAR 2014,178,178,178,178,3,15,2670
7 MAR 2014,179.8,179.8,179.8,179.8,2,4,719.2
6 MAR 2014,174.9,179.8,174.9,178.6,6,811,142766.8
5 MAR 2014,171,171,170,170.3,4,140,23840.1
28 FEB 2014,170.1,170.1,170.1,170.1,1,25,4252.5
25 FEB 2014,175,175,175,175,1,300,52500
20 FEB 2014,173,173,173,173,1,1000,173000
19 FEB 2014,175,175.1,170.2,173.3,7,1503,261177.5
18 FEB 2014,182,182,175.5,176.6,6,600,105950
17 FEB 2014,175,175,175,175,1,2,350
12 FEB 2014,180,180,176,179.1,2,641,114816
11 FEB 2014,186,186,178,178,4,2075,385350
10 FEB 2014,186.5,186.5,186,186.5,2,98,18276
6 FEB 2014,188.8,188.8,185.1,187.3,5,1484,278008.3
5 FEB 2014,188.8,188.8,188.8,188.8,3,1163,219574.4
3 FEB 2014,189.9,189.9,188.8,188.8,10,7783,1469951.4
31 JAN 2014,187,190,187,189.2,29,39157,7408632
30 JAN 2014,188,188,187.7,188,4,8502,1598316
29 JAN 2014,186,186.1,186,186.1,4,1651,307186
28 JAN 2014,188.9,189,186,186,6,1239,233628.3
23 JAN 2014,186,186,185,185,2,500,92501
22 JAN 2014,189,189,188.9,188.9,3,2463,465360.7
21 JAN 2014,188.9,189,188.9,189,9,5000,944909.1
20 JAN 2014,185,188.9,185,188.9,4,12616,2333963.9
17 JAN 2014,185,189,185,188.9,5,1311,247319
10 JAN 2014,185,185,185,185,1,6,1110
9 JAN 2014,184,184.5,184,184.4,3,3414,629671
8 JAN 2014,185,185,184.5,184.5,2,210,38750
7 JAN 2014,185,185,185,185,1,3,555
3 JAN 2014,189,189,189,189,2,13,2457
31 DEC 2013,189.7,189.8,189.7,189.8,3,42,7971.5
30 DEC 2013,180.1,180.1,180,180,6,1500,270021
27 DEC 2013,180,180,180,180,1,99,17820
26 DEC 2013,180,180,180,180,1,1,180
20 DEC 2013,180.6,180.6,180.6,180.6,10,3800,686280
19 DEC 2013,180,180,180,180,1,1000,180000
18 DEC 2013,180,180.6,180,180.6,6,8600,1552740
17 DEC 2013,180,180.1,180,180.1,3,536,96483.6
13 DEC 2013,182,184,182,184,9,31276,5692240
12 DEC 2013,181.3,182,181.3,182,4,38430,6994169
10 DEC 2013,181.3,182,181,181.6,9,1317,238768.7
9 DEC 2013,181.6,181.6,180.2,181.3,3,785,142297
6 DEC 2013,181.5,181.6,181.5,181.6,2,901,163621.5
5 DEC 2013,183,183,183,183,2,62,11346
4 DEC 2013,189.9,189.9,189,189.5,2,2,378.9
2 DEC 2013,187.9,190,187.9,189.3,2,3,567.9
27 NOV 2013,185.9,185.9,185.9,185.9,1,1,185.9
22 NOV 2013,183.3,183.3,183.3,183.3,7,419,76802.7
21 NOV 2013,183.3,183.3,183.3,183.3,1,167,30611.1
20 NOV 2013,184.1,186,183.3,183.5,7,970,178848
19 NOV 2013,183.3,183.3,183.2,183.2,2,200,36642
18 NOV 2013,185.9,186,183.1,183.2,5,1350,248154.9
15 NOV 2013,182.1,182.1,182.1,182.1,1,20,3642
13 NOV 2013,182,182,181.9,182,13,8432,1534604
12 NOV 2013,182,182,182,182,5,4940,899080
8 NOV 2013,183.1,183.1,183.1,183.1,2,31,5676.1
7 NOV 2013,186.2,186.2,186.2,186.2,2,40,7448
6 NOV 2013,187,187,187,187,3,3500,654500
5 NOV 2013,187,187.1,187,187,17,38500,7199700
4 NOV 2013,186.1,186.1,186.1,186.1,1,1,186.1
1 NOV 2013,185.1,191,185.1,190,7,630,119688
31 OCT 2013,191.1,191.1,191,191,12,2881,550312
30 OCT 2013,191.1,195,191,195,3,103,19692.1
28 OCT 2013,190,190.1,190,190.1,2,299,56810.5
23 OCT 2013,190,190,190,190,1,500,95000
22 OCT 2013,190,190.1,190,190.1,4,2704,513960
21 OCT 2013,188,188,188,188,1,500,94000
17 OCT 2013,188,188,188,188,3,124,23312
14 OCT 2013,186,186,186,186,1,4106,763716
11 OCT 2013,188,188,186,186,3,201,37388
10 OCT 2013,188,188,184.1,184.9,2,5,924.4
9 OCT 2013,184.1,184.1,184,184,2,100,18404
7 OCT 2013,184,188,184,184.1,19,13925,2562273
4 OCT 2013,185,185.1,183.5,184,20,14222,2617359
2 OCT 2013,185.1,185.1,185.1,185.1,1,4,740.4
1 OCT 2013,184,188,183.5,188,6,2730,512240
30 SEP 2013,187,187,187,187,4,100,18700
24 SEP 2013,187,187,187,187,1,1,187
23 SEP 2013,182.3,182.3,182.2,182.3,3,1364,248620.8
20 SEP 2013,182.2,182.2,182.2,182.2,1,15,2733
18 SEP 2013,182.5,182.5,182,182,3,500,91013
16 SEP 2013,184,188,183,183.7,4,1532,281396
12 SEP 2013,182,182,182,182,2,500,91000
10 SEP 2013,182.1,185,182,185,6,840,153482
9 SEP 2013,182.1,182.1,182,182,2,100,18201
6 SEP 2013,182.1,188,182,187.8,10,4892,905562.3
5 SEP 2013,182,182.1,182,182,5,272,49507.4
30 AUG 2013,188,188,182,182.1,6,400,74015.7
29 AUG 2013,183.5,183.5,181,183,3,1963,359323.5
28 AUG 2013,183.2,183.6,183.1,183.5,6,393,72046.1
27 AUG 2013,183.2,183.2,183.2,183.2,1,1,183.2
23 AUG 2013,185,185,185,185,3,600,111000
22 AUG 2013,184,184.5,183,184,10,2701,495994
21 AUG 2013,184,184,184,184,1,100,18400
19 AUG 2013,194,194,188,188,6,650,122500
16 AUG 2013,195,195,195,195,1,2000,390000
15 AUG 2013,197,197.8,197,197.8,3,300,59336.8
14 AUG 2013,197,197.5,196,196.7,4,4623,909831
13 AUG 2013,197.5,197.8,197,197,6,4379,862814.6
12 AUG 2013,198,198.5,198,198.5,2,1500,297748
8 AUG 2013,198,198,198,198,1,300,59400
7 AUG 2013,197.2,197.2,197.2,197.2,1,88,17353.6
6 AUG 2013,198.5,198.5,197,197,4,10500,2069550
5 AUG 2013,197,198,197,198,3,1600,316200
2 AUG 2013,197,197,197,197,2,100800,19857600
1 AUG 2013,198.5,198.5,197,197,16,50500,9949611.7
31 JUL 2013,198.5,198.5,198.5,198.5,1,1,198.5
30 JUL 2013,198.3,200,197.1,199.2,12,34722,6882409.8
29 JUL 2013,199,199,199,199,2,260,51740
26 JUL 2013,199.2,199.2,199.2,199.2,3,101,20119.2
25 JUL 2013,202,202,198.3,199.1,6,991,197188.1
19 JUL 2013,197,206,197,205,9,2205,444442
18 JUL 2013,197.1,197.2,197,197.1,6,1613,317890.3
17 JUL 2013,197.5,197.5,197.1,197.1,3,93,18331.9
16 JUL 2013,197.5,197.6,197.5,197.5,15,4800,948010
15 JUL 2013,200,200,200,200,1,8,1600
12 JUL 2013,199.9,199.9,197,197,5,2252,443746.9
11 JUL 2013,197.2,197.2,197,197,3,13050,2570890
10 JUL 2013,198,200,197,197.1,12,23379,4610145.8
9 JUL 2013,200,200.1,198,198.2,5,1084,216492
8 JUL 2013,197.5,200,197.5,199.7,7,3304,659790.5
5 JUL 2013,197.5,200,197.2,199.2,8,4073,809292.6
4 JUL 2013,199.9,200,199.9,200,3,1001,200190
3 JUL 2013,197,197.3,197,197.3,3,60211,11861627
1 JUL 2013,190.6,200,190.6,200,7,2500,490500
28 JUN 2013,192,197,192,197,2,400,78300
27 JUN 2013,204.8,204.8,190.1,190.1,4,1501,285424.8
26 JUN 2013,200,200,200,200,2,1100,220000
25 JUN 2013,200,200,198,198.3,10,15400,3079300
24 JUN 2013,200,200,200,200,4,1556,311200
21 JUN 2013,200.1,200.1,199.8,200,24,85490,17098085
20 JUN 2013,200.2,206.8,200,200.1,16,15004,3002619.3
19 JUN 2013,200.4,200.5,200.3,200.4,6,2300,460930
18 JUN 2013,205,205,200.2,200.2,7,2100,421513.2
17 JUN 2013,201.8,205,200,205,23,15868,3200646.8
14 JUN 2013,200,202,200,200.1,9,2682,536666.6
13 JUN 2013,200,200.1,200,200,21,43102,8620902
12 JUN 2013,200.1,200.2,200,200.2,12,11451,2290611.3
11 JUN 2013,201,201.1,200,200.2,13,7299,1461821
10 JUN 2013,200,206,200,201,18,10171,2036550.9
7 JUN 2013,205,205,201,201.2,8,2851,573813
6 JUN 2013,211.7,211.7,206,209,22,7432,1561395.4
5 JUN 2013,205,215,205,211.7,147,122855,25833309.3
4 JUN 2013,199.9,205,198,201.5,34,378932,75883251.4
3 JUN 2013,199.8,199.8,199.8,199.8,1,27,5394.6
31 MAY 2013,199.9,199.9,197,197,4,15103,2975593.7
29 MAY 2013,199.9,199.9,199.9,199.9,2,710,141929
28 MAY 2013,197,197,197,197,1,100,19700
27 MAY 2013,197,197.2,197,197,11,3051,601069
22 MAY 2013,197,200,197,199.8,20,27657,5524698
21 MAY 2013,201,201,197,197,12,262,52031.5
20 MAY 2013,200,204.8,199.9,200,27,22571,4515385.4
17 MAY 2013,200,200,199,199.9,11,6100,1219700
16 MAY 2013,195,200,195,198.9,33,15243,3021975
15 MAY 2013,196.1,196.1,190,191.9,3,300,57571
14 MAY 2013,196.5,197.9,196,196,9,1316,258277.9
13 MAY 2013,194.9,202.8,194,194,19,6988,1387857.4
10 MAY 2013,188.5,195.5,188.5,192.5,26,8470,1620564.4
9 MAY 2013,185.2,185.2,185.2,185.2,3,152,28150.4
8 MAY 2013,185.2,185.3,185.2,185.3,2,25,4631
7 MAY 2013,184,184,182,182.2,7,10000,1821554
6 MAY 2013,183,190,183,189,21,20761,3927137.4
3 MAY 2013,182.1,182.1,182.1,182.1,2,300,54630
2 MAY 2013,182,182,182,182,8,5045,918190
30 APR 2013,182,182,182,182,2,208,37856
29 APR 2013,184,184,180,182,6,25113,4520816
26 APR 2013,180,182.1,180,182.1,5,527,95902
24 APR 2013,182,182,180,180,3,2077,377862
23 APR 2013,182,182,178.1,178.1,6,3677,666579.4
22 APR 2013,177.6,178.1,177.3,178.1,4,1110,196883.2
18 APR 2013,177.5,178,177.5,177.5,4,662,117511
16 APR 2013,176.5,176.5,176.5,176.5,3,300,52950
12 APR 2013,178,178,178,178,3,207,36846
10 APR 2013,175.2,175.2,175.2,175.2,4,7402,1296830.4
8 APR 2013,175.5,175.5,175.5,175.5,1,50,8775
5 APR 2013,175.2,175.5,175.2,175.5,3,20,3504.6
4 APR 2013,175.1,175.1,175.1,175.1,7,8200,1435820
3 APR 2013,175.1,175.1,175.1,175.1,4,315,55156.5
2 APR 2013,175.2,175.2,175,175.1,6,16500,2889102
1 APR 2013,178,178,178,178,2,2,356
27 MAR 2013,175.1,176,175,176,4,613,107285
22 MAR 2013,175.2,175.2,175,175,7,6028,1055007
21 MAR 2013,175.1,175.1,175,175,7,4878,853654
20 MAR 2013,175.1,175.1,175.1,175.1,1,80,14008
19 MAR 2013,175.1,175.1,175,175,3,129,22577
18 MAR 2013,175,175,175,175,9,5800,1015000
15 MAR 2013,175,175,175,175,6,5097,891975
14 MAR 2013,175.1,175.1,175,175,6,715,125126.2
12 MAR 2013,180,180,175,179.6,2,109,19575
11 MAR 2013,175,180,175,179.9,2,6530,1174900
8 MAR 2013,175,175,175,175,1,100,17500
7 MAR 2013,174.8,175,174.8,175,3,599,104815
6 MAR 2013,170.4,170.4,170.4,170.4,2,152,25900.8
5 MAR 2013,170.5,170.5,170.4,170.4,4,267,45497.8
1 MAR 2013,170.3,170.3,170.3,170.3,1,2,340.6
27 FEB 2013,170.1,170.1,170.1,170.1,2,120,20412
26 FEB 2013,170.1,170.2,170.1,170.1,8,1133,192743.8
22 FEB 2013,170,172,170,170,4,488,82962
21 FEB 2013,170,170,170,170,1,56,9520
20 FEB 2013,171,171,171,171,1,100,17100
19 FEB 2013,170,175,170,170,10,4610,783719.7
18 FEB 2013,170,170.1,170,170,6,2775,471770
15 FEB 2013,174,174,170,170,3,280,47604
14 FEB 2013,174,174,174,174,1,20,3480
12 FEB 2013,177.1,177.1,177,177,2,1700,300910
11 FEB 2013,184,184,180.2,180.3,5,114,20595.1
8 FEB 2013,180.2,180.2,180.2,180.2,1,1,180.2
7 FEB 2013,178,180,177,180,6,1250,223385
6 FEB 2013,180,180,175,178,18,94849,16880562
5 FEB 2013,181,181,179.9,180,13,7469,1345305
1 FEB 2013,184,184,184,184,1,100,18400
31 JAN 2013,184.9,185,184.9,184.9,10,913,168814.7
30 JAN 2013,180.2,180.3,180.2,180.2,6,550,99111
29 JAN 2013,180.3,180.3,180.2,180.3,4,715,128893
28 JAN 2013,181,181,180.2,180.5,3,1800,324840
24 JAN 2013,180,181,180,181,7,4415,798761
23 JAN 2013,181,181,181,181,1,103,18643
22 JAN 2013,180.1,180.2,180,180,9,10075,1813588
21 JAN 2013,180.1,180.1,180,180,4,302,54364
18 JAN 2013,185,185,180,180.1,6,4830,870116
17 JAN 2013,180,183.9,180,183.9,12,2500,452620.9
16 JAN 2013,179.9,180,179,180,19,16874,3027002.6
11 JAN 2013,176,176,176,176,2,500,88000
10 JAN 2013,176,176,176,176,1,100,17600
8 JAN 2013,177,180,177,178,4,219,39092
7 JAN 2013,175.1,175.1,175.1,175.1,2,500,87550
4 JAN 2013,175,175,175,175,2,501,87675
2 JAN 2013,179.5,179.5,179.5,179.5,1,2,359
31 DEC 2012,171.1,171.1,171.1,171.1,1,355,60740.5
24 DEC 2012,175,177.9,170.1,175,7,100002,17500348
21 DEC 2012,175,175,170,170.7,9,1560,270800
19 DEC 2012,173,173,173,173,1,2000,346000
14 DEC 2012,175,178.7,175,177.9,8,1000,176468
13 DEC 2012,171,171,170,170,6,2000,340001.2
12 DEC 2012,170,172,170,170,8,3199,544030
11 DEC 2012,169,170,169,169.8,6,294,49883.6
10 DEC 2012,168,168,168,168,4,2010,337680
7 DEC 2012,167,167.2,167,167,6,1550,258870
6 DEC 2012,167,169,167,169,4,168,28060
5 DEC 2012,167,167,167,167,2,752,125584
3 DEC 2012,168.5,169,168.5,168.6,3,2213,373140.5
30 NOV 2012,169.5,169.5,166,169.1,11,3014,509773
29 NOV 2012,169.5,170,169.5,169.5,5,1300,220500
28 NOV 2012,170.8,170.8,170,170,11,2610,443785.2
26 NOV 2012,171.1,171.3,170,171,21,5551,948326.6
23 NOV 2012,171,172,170.6,170.9,20,4273,730576.9
22 NOV 2012,171,171,171,171,6,3001,513171
21 NOV 2012,170.6,170.6,170.5,170.5,16,1306,222677.1
20 NOV 2012,171,171,170.4,170.4,3,600,102420.5
16 NOV 2012,171,171,171,171,1,2,342
15 NOV 2012,172,172,171,171.1,4,2450,419550
12 NOV 2012,170.8,170.8,170.7,170.7,3,269,45920.3
7 NOV 2012,170.1,171,170.1,170.9,3,950,162055
6 NOV 2012,170,170,170,170,2,6000,1020000
5 NOV 2012,176,178,170,170,12,2996,511678
2 NOV 2012,179.9,180,175,175,13,2606,461069.9
1 NOV 2012,170,178,170,176.4,20,7749,1364433
30 OCT 2012,165,166.6,165,166.5,6,957,158065.8
26 OCT 2012,171,175,171,175,22,35638,6236325.1
25 OCT 2012,172,172,172,172,1,3,516
22 OCT 2012,172,172,172,172,2,6,1032
19 OCT 2012,162.2,162.2,162.1,162.1,3,44,7132.9
18 OCT 2012,162.1,162.1,162.1,162.1,1,1,162.1
15 OCT 2012,160.1,160.1,160.1,160.1,3,500,80050
12 OCT 2012,175,175,160.9,161.1,4,274,44128.9
11 OCT 2012,174,180,174,174.3,9,4500,788000
10 OCT 2012,170,170,170,170,1,4,680
9 OCT 2012,170,170,170,170,1,100,17000
8 OCT 2012,170,170,170,170,3,199,33830
5 OCT 2012,170,170,170,170,1,1,170
4 OCT 2012,175,175,175,175,3,1700,297500
2 OCT 2012,176,176,175,175,3,250,43950
1 OCT 2012,176,176,176,176,1,100,17600
28 SEP 2012,176,176,176,176,3,17600,3097600
27 SEP 2012,175,180,175,180,8,5307,931935
26 SEP 2012,175.1,175.1,175.1,175.1,5,216,37821.6
25 SEP 2012,175.1,176,175.1,176,4,13502,2376350.2
24 SEP 2012,183,183,180,180,4,11000,1995000
21 SEP 2012,184,184,180,183,24,63570,11599511
20 SEP 2012,175,185,175,183,71,179022,32113505.1
19 SEP 2012,167.2,167.3,167,167.2,8,2412,403034.4
18 SEP 2012,170,170,170,170,3,516,87720
17 SEP 2012,169,176,169,175.6,35,105578,18456533.9
14 SEP 2012,165.1,165.1,165.1,165.1,2,100,16510
13 SEP 2012,165.1,165.2,165,165.2,8,85001,14030165.2
12 SEP 2012,169.4,173.9,164,166,16,51837,8804350.7
11 SEP 2012,164.9,165,163,163,3,1305,215265
10 SEP 2012,162,163,162,163,7,6100,993300
6 SEP 2012,160,160,160,160,1,1,160
5 SEP 2012,160,164.9,151.1,164.9,4,1115,178756.5
30 AUG 2012,168,168,168,168,6,600,100800
29 AUG 2012,160,160,160,160,1,100,16000
27 AUG 2012,152,160,152,160,11,9272,1482710
24 AUG 2012,158,158,158,158,1,5,790
22 AUG 2012,152,152,152,152,1,11,1672
21 AUG 2012,145.1,145.5,145.1,145.4,3,125,18177.5
20 AUG 2012,152,152,152,152,1,89,13528
17 AUG 2012,148,148,148,148,1,2500,370000
14 AUG 2012,151,151,148,150.2,7,4600,691100
10 AUG 2012,150,150,150,150,1,99,14850
9 AUG 2012,150,150,150,150,1,1,150
6 AUG 2012,149.9,152,149.9,150.1,5,620,93037.9
3 AUG 2012,147,147,147,147,1,100,14700
2 AUG 2012,150,150,146.1,146.6,6,1500,222480
31 JUL 2012,148.1,148.1,148,148,6,600,88850
26 JUL 2012,148.1,148.1,148.1,148.1,1,98,14513.8
25 JUL 2012,150,150,150,150,5,7425,1113750
24 JUL 2012,149.1,149.1,149,149,4,9000,1341070
23 JUL 2012,149.1,149.1,149,149,3,1700,253310.1
20 JUL 2012,149.5,150,149.5,150,9,20200,3027476.4
18 JUL 2012,150,150,149,150,3,31,4649
17 JUL 2012,152,152,150,150,4,8002,1200304
13 JUL 2012,150,150,147.5,149.9,11,21233,3184501
11 JUL 2012,150,150,150,150,5,1901,285150
9 JUL 2012,154.9,154.9,154.9,154.9,2,5,774.5
6 JUL 2012,146.1,150,146.1,149.7,4,867,129831.6
5 JUL 2012,150,150,150,150,1,1,150
2 JUL 2012,150,150,150,150,1,988,148200
29 JUN 2012,150,155,150,155,2,701,105155
28 JUN 2012,150,150,150,150,1,1,150
27 JUN 2012,159.7,159.7,159.7,159.7,1,6,958.2
26 JUN 2012,155,155.1,155,155.1,2,55,8526.2
25 JUN 2012,160,160,159.9,160,10,11300,1807975
22 JUN 2012,160,160,160,160,13,12041,1926560
21 JUN 2012,155.1,159,155,159,5,201,31558.8
20 JUN 2012,159,159,159,159,1,1,159
19 JUN 2012,155,159,155,159,4,3502,542818
14 JUN 2012,150,155,150,154.7,5,706,109225
13 JUN 2012,159,159,159,159,2,20,3180
11 JUN 2012,145.2,159.7,145.2,159.7,2,14,2061.8
7 JUN 2012,149.7,150,149.7,149.9,7,2086,312780.4
6 JUN 2012,150,150,140,140,2,124,17600
5 JUN 2012,150,150,150,150,3,400,60000
1 JUN 2012,150,153.9,150,150.6,3,970,145890
31 MAY 2012,155,155,150,150,4,1002,154842.5
30 MAY 2012,150,155,150,155,3,103,15949.5
25 MAY 2012,150,159.5,150,158.6,2,110,17450
24 MAY 2012,150.1,150.1,150,150.1,10,6500,975340
23 MAY 2012,160,160,150,150.1,13,10000,1550401.4
22 MAY 2012,160,160,158.5,160,7,6600,1055895
21 MAY 2012,162,162,155,155,11,3606,566491
18 MAY 2012,161.1,161.5,161,161.2,8,540,87000
17 MAY 2012,161,161,161,161,1,171,27531
16 MAY 2012,161,162,161,162,3,700,112900
15 MAY 2012,161,161,160,160,7,8323,1331830
14 MAY 2012,160,162,160,160,13,30404,4864647
11 MAY 2012,163,163,160,160,7,17159,2745840
10 MAY 2012,160,160,160,160,13,22821,3651360
9 MAY 2012,160,160,160,160,2,162,25920
8 MAY 2012,160.1,160.1,160,160.1,21,72109,11540051.3
4 MAY 2012,160,160,160,160,1,100,16000
3 MAY 2012,161,161,160.5,160.5,7,10000,1605100
2 MAY 2012,160,163,160,160.7,8,2726,442494.5
30 APR 2012,163,163,160,160,3,201,32163
27 APR 2012,161,162,160,161,9,19324,3111554
26 APR 2012,161,161,161,161,5,636,102396
25 APR 2012,160,160,160,160,4,2586,413760
24 APR 2012,160,160.1,160,160.1,11,2034,325504.5
23 APR 2012,160,160,160,160,4,2300,368000
20 APR 2012,160,161,160,161,4,2500,402000
19 APR 2012,160,160,160,160,3,1200,192000
18 APR 2012,160,160,160,160,1,100,16000
17 APR 2012,160,160,160,160,2,10018,1602880
11 APR 2012,164,164,164,164,3,500,82000
10 APR 2012,161,161,161,161,1,100,16100
5 APR 2012,161,163,160.5,162.5,9,1855,299542.5
4 APR 2012,161.5,161.5,161,161,5,1095,176297.5
3 APR 2012,161,161,160,160.2,3,154,24669
2 APR 2012,160,161,160,160.7,13,12345,1978171
30 MAR 2012,160,160,160,160,2,700,112000
29 MAR 2012,158,160,158,160,13,7900,1263876
28 MAR 2012,158.7,158.7,158.7,158.7,1,100,15870
27 MAR 2012,158,162,157.5,162,6,3030,490731
26 MAR 2012,158,158,158,158,1,400,63200
23 MAR 2012,155.1,158,155,158,7,1401,221065
22 MAR 2012,155,156.2,155,155.1,12,39069,6058969.1
21 MAR 2012,155,159,155,159,7,3574,556190
20 MAR 2012,151,155,151,155,4,640,97509
16 MAR 2012,155,159,155,155,7,1164,180424
15 MAR 2012,155,155,155,155,4,900,139500
14 MAR 2012,150,155,150,154.8,6,1460,225500
13 MAR 2012,153,160,150,150,6,8510,1278100
12 MAR 2012,153,153,150,153,10,15900,2432655
9 MAR 2012,153,153,153,153,13,7915,1210995
6 MAR 2012,146,146,146,146,1,100,14600
5 MAR 2012,145,145,145,145,1,51,7395
2 MAR 2012,146,150,145.1,149.7,9,8539,1272248.9
1 MAR 2012,145.2,145.2,145.2,145.2,1,1,145.2
29 FEB 2012,145.2,145.2,145.2,145.2,1,3,435.6
28 FEB 2012,147.3,147.3,145,145,6,5212,756722.5
27 FEB 2012,143,149.9,143,146.1,19,31052,4502704.6
24 FEB 2012,145,145,145,145,5,10901,1580645
23 FEB 2012,145,145,145,145,16,64600,9367000
22 FEB 2012,141.6,143,141.5,142.8,20,18900,2677550
21 FEB 2012,142,142,141,141.1,4,13500,1904500
17 FEB 2012,141.1,142,141.1,142,3,1800,254880
16 FEB 2012,140.1,141,140.1,141,7,53400,7506270
15 FEB 2012,140,142,140,140.1,49,102700,14384000
14 FEB 2012,140,143,140,140.8,9,3600,505200
13 FEB 2012,136,140,136,140,6,4400,610100
9 FEB 2012,138,138,136.1,137.1,2,4800,658030
8 FEB 2012,140,140,140,140,2,500,70000
3 FEB 2012,140,140,139,139.9,12,16700,2336500
2 FEB 2012,153,153,140,140,3,1200,177100
31 JAN 2012,140,148,140,140.5,10,5000,701600
27 JAN 2012,149,149,140,140,6,6700,941200
26 JAN 2012,140,140,140,140,6,3800,532000
25 JAN 2012,140,141,140,140.5,5,2100,295000
20 JAN 2012,147,153,147,153,4,2900,427500
18 JAN 2012,150,150,150,150,1,200,30000
17 JAN 2012,155,155,153,153,2,300,46100
10 JAN 2012,153,153,153,153,1,100,15300
6 JAN 2012,153,153,153,153,4,4200,642600
4 JAN 2012,151,151,151,151,1,300,45300
3 JAN 2012,155,155,155,155,2,1900,294500
2 JAN 2012,155,155,155,155,1,100,15500
29 DEC 2011,156,156,155,155,6,4000,620500
23 DEC 2011,157.9,157.9,157.9,157.9,1,100,15790
22 DEC 2011,158,158,155,156.8,3,500,78400
21 DEC 2011,151,154,151,154,4,600,92100
20 DEC 2011,153,154,153,153.7,2,300,46100
19 DEC 2011,150.1,151,150.1,150.2,3,2100,315300
16 DEC 2011,152,152,152,152,1,200,30400
15 DEC 2011,152,152,152,152,1,200,30400
14 DEC 2011,150.3,150.3,150.3,150.3,1,1100,165330
13 DEC 2011,148,153,148,153,3,23300,3495100
12 DEC 2011,153,153,153,153,2,200,30600
8 DEC 2011,154,154.7,154,154.7,3,10100,1562400
7 DEC 2011,151.1,154,151,151.1,9,10000,1512700
6 DEC 2011,154.9,154.9,154.9,154.9,1,100,15490
5 DEC 2011,151,151,151,151,1,100,15100
2 DEC 2011,158.5,160,158.5,158.9,2,1200,190650
30 NOV 2011,155,155,150.1,152.5,3,2100,320400
29 NOV 2011,150.1,153.8,150,153.8,7,25200,3781980
28 NOV 2011,150.1,150.1,150,150,3,1000,150050
25 NOV 2011,150,150,150,150,8,6300,945000
24 NOV 2011,151,151,150,150,18,61200,9181650
23 NOV 2011,154,154,154,154,1,100,15400
22 NOV 2011,151,151,150,150.6,2,1800,271000
21 NOV 2011,151,151,151,151,1,100,15100
18 NOV 2011,150,155,150,153.4,4,1700,260850
17 NOV 2011,150,150,150,150,5,15600,2340000
16 NOV 2011,147,153,147,150,14,20600,3088800
15 NOV 2011,151,151,150,150,26,150000,22504790
14 NOV 2011,153.5,153.5,150,151.4,8,6200,938850
11 NOV 2011,153,153,153,153,1,800,122400
9 NOV 2011,155.9,156.5,155,156,5,2200,343090
4 NOV 2011,153,155,153,154.7,3,800,123790
3 NOV 2011,151,155,151,153.7,2,300,46100
2 NOV 2011,151,151,151,151,1,100,15100
31 OCT 2011,154,154,150,151.4,6,1300,196510
28 OCT 2011,150,150,150,150,2,5000,750000
27 OCT 2011,150.2,151,150.2,150.4,14,67000,10068250
25 OCT 2011,150,150,150,150,6,5900,885000
24 OCT 2011,154,154,154,154,1,500,77000
21 OCT 2011,150.5,150.5,150.5,150.5,3,700,105350
20 OCT 2011,153,153,152,152.1,24,55300,8410770
19 OCT 2011,152.1,152.1,152,152,2,3000,456050
18 OCT 2011,152,154,152,154,27,36800,5614100
17 OCT 2011,152,152.2,152,152.2,4,1600,243420
14 OCT 2011,154,154,154,154,1,1000,154000
10 OCT 2011,159.9,159.9,154,159.1,2,700,111340
7 OCT 2011,155,160,155,155,14,19500,3112550
6 OCT 2011,159.9,160,158,159.5,24,45800,7314800
5 OCT 2011,159,159,156.5,156.5,3,1400,219350
4 OCT 2011,157,159.5,157,159.5,2,600,95450
30 SEP 2011,155,161,156.5,159.5,8,3700,590650
29 SEP 2011,158,158,150,154.8,8,3700,571550
28 SEP 2011,155,169,154,158,10,3400,547690
27 SEP 2011,150,154,150,154,4,1300,199400
26 SEP 2011,147,150,146,149.2,8,11400,1700550
23 SEP 2011,148,150,148,149.7,6,8400,1254200
22 SEP 2011,153,153,148,152.2,3,3700,565600
21 SEP 2011,151,151,150,150,2,2300,345300
20 SEP 2011,153,153,150,151,6,3300,504300
16 SEP 2011,153,153,153,153,2,200,30600
15 SEP 2011,155,155,151.5,151.5,5,2400,370600
14 SEP 2011,155,155,155,155,3,2000,310000
13 SEP 2011,159,159,159,159,1,5000,795000
12 SEP 2011,160,160,155,155,3,2700,427000
9 SEP 2011,152,152,150,151.7,2,1200,182000
8 SEP 2011,153.5,155,152,153,8,7000,1073150
7 SEP 2011,155,155,153,153.3,2,2400,368000
6 SEP 2011,155,155,150,155,7,3800,586500
5 SEP 2011,160,160,160,160,5,5500,880000
2 SEP 2011,156.5,160.1,155,160,72,83800,13368450
1 SEP 2011,149,150,146,149.1,13,6700,999200
30 AUG 2011,144,144,140,141.7,7,2400,340620
29 AUG 2011,145,145,145,145,2,3000,435000
25 AUG 2011,139.5,145,139.5,145,8,5200,752900
24 AUG 2011,139.5,139.5,139.5,139.5,2,600,83700
23 AUG 2011,141.1,141.1,138,138.5,12,3500,487370
19 AUG 2011,142,142,141,141,8,9300,1311450
18 AUG 2011,142.5,142.5,141,141.1,7,3700,525830
16 AUG 2011,145,150,145,149.3,7,6600,985200
15 AUG 2011,142,142,142,142,1,100,14200
11 AUG 2011,149,149,149,149,1,100,14900
10 AUG 2011,140,150,140,149.4,15,23800,3554600
9 AUG 2011,137.5,137.6,137.5,137.5,7,4400,605030
8 AUG 2011,145,145,140,141.6,31,26900,3815000
5 AUG 2011,145,147.9,144,144,8,3900,562490
4 AUG 2011,151,151,146.5,146.9,10,8200,1212900
3 AUG 2011,147.9,158,147.9,151.3,18,22200,3299150
1 AUG 2011,149.1,149.2,149.1,149.1,7,5100,760420
29 JUL 2011,148.9,149,148.9,149,2,300,44690
28 JUL 2011,141.3,141.3,141.3,141.3,1,100,14130
27 JUL 2011,140.5,140.5,140.5,140.5,3,1500,210750
26 JUL 2011,138.3,141.1,138.3,141.1,15,8400,1172370
25 JUL 2011,138.2,139.5,138.2,138.3,12,6300,872600
22 JUL 2011,137.5,138.2,137.5,138.2,10,4500,620360
21 JUL 2011,138.1,138.1,138.1,138.1,4,1500,207150
20 JUL 2011,138,141.7,138,141.7,3,700,97340
19 JUL 2011,136.5,136.5,136.5,136.5,1,100,13650
18 JUL 2011,142,142,142,142,3,1600,227200
15 JUL 2011,141.9,142,141.9,142,7,9400,1334790
13 JUL 2011,141,141,140,140.6,4,800,112500
12 JUL 2011,143,143,140,141.9,5,800,113500
11 JUL 2011,135,136.5,135,136,11,26800,3644820
8 JUL 2011,136.5,136.5,136.5,136.5,3,300,40950
7 JUL 2011,136,136,136,136,10,31800,4324800
6 JUL 2011,135,136,135,136,4,6600,897250
5 JUL 2011,136,136,135,135.1,4,1200,162120
4 JUL 2011,137.5,137.5,136,136.8,4,2000,273510
1 JUL 2011,138.6,138.6,136.1,137.6,11,3100,426620
30 JUN 2011,138.5,138.5,138.5,138.5,1,200,27700
28 JUN 2011,137.5,137.5,137.5,137.5,3,400,55000
27 JUN 2011,137,139,137,138.6,7,1400,192110
24 JUN 2011,140,140,137,137.6,14,8800,1211460
23 JUN 2011,139,140,138.2,140,9,6200,866360
22 JUN 2011,140,140,139.5,140,10,6700,937950
21 JUN 2011,141,141,139,139.8,14,14600,2043880
20 JUN 2011,141.1,141.1,141,141,6,5700,803710
17 JUN 2011,145,147.5,142,142.1,12,15100,2145540
16 JUN 2011,144,144.1,140,143.8,10,5500,790040
14 JUN 2011,148,148,140,141.8,21,13300,1894020
13 JUN 2011,150,150,150,150,5,6100,915000
10 JUN 2011,151,151,148,150,6,3400,510290
9 JUN 2011,150.1,151.1,150.1,150.2,13,4800,721210
8 JUN 2011,150,152,150,151.2,15,14800,2233140
7 JUN 2011,150,150,150,150,2,900,135000
6 JUN 2011,149.9,151,149.9,151,6,600,90070
3 JUN 2011,149,149,149,149,5,11000,1639000
2 JUN 2011,148,148,146,146,11,10600,1554300
1 JUN 2011,147,147,146,146.1,9,3700,542350
31 MAY 2011,147,147,147,147,5,2500,367500
30 MAY 2011,146.4,146.4,145.6,146.3,3,600,87760
27 MAY 2011,147,150,147,147.1,3,400,59410
26 MAY 2011,150,151,150,150,5,1200,180300
25 MAY 2011,149.2,150.8,149.1,150.1,10,6100,914740
24 MAY 2011,149.7,149.7,149.2,149.2,4,700,104640
23 MAY 2011,151,151,150,150,14,15800,2379710
20 MAY 2011,152,152,148.1,149.5,13,15100,2273990
19 MAY 2011,150,152,149,151.7,13,7200,1080200
16 MAY 2011,150,150,149,149.5,2,400,59800
13 MAY 2011,153,153,150,150,3,300,45300
12 MAY 2011,150.1,151.7,145,150,35,22400,3338230
11 MAY 2011,150.1,150.2,150.1,150.2,4,1100,165210
10 MAY 2011,150.2,150.3,150.2,150.3,2,300,45070
9 MAY 2011,151,151,150,150.1,9,6100,916080
6 MAY 2011,152,152,150,151,11,19300,2913290
5 MAY 2011,151.5,170,151.5,151.5,10,7000,1062580
4 MAY 2011,153,153,151.5,151.5,10,11900,1809350
3 MAY 2011,155,155,153,153,7,12400,1918100
29 APR 2011,154.8,154.8,153,153,8,4400,673540
28 APR 2011,152,152.2,152,152,10,10300,1565840
27 APR 2011,153,153,153,153,3,600,91800
26 APR 2011,152,152,150.2,150.4,5,2300,345980
25 APR 2011,156.1,156.1,154,154.1,15,9400,1449970
21 APR 2011,166.7,166.7,155,155,10,2900,455350
20 APR 2011,160,160,155.5,155.7,7,3800,593760
19 APR 2011,158,165,158,158.8,6,1800,285410
18 APR 2011,161,165,161,165,8,13300,2178340
12 APR 2011,159.9,165,159.9,162.9,8,3200,521740
11 APR 2011,159.9,163.5,159.9,160,4,500,80680
8 APR 2011,150,165,150,151.3,28,25100,3806200
6 APR 2011,163.3,163.3,163.3,163.3,1,200,32660
5 APR 2011,162,169.5,159,168.1,15,15200,2545230
4 APR 2011,159,165,158.5,163.9,9,13600,2164350
1 APR 2011,156,162,155.6,157,11,7000,1124020
31 MAR 2011,148.4,155.5,148.4,155.4,3,1300,200580
30 MAR 2011,150,155.5,150,155.5,4,1400,217150
29 MAR 2011,154.2,154.2,150.5,152,6,2600,395200
28 MAR 2011,150,156,147.7,154.2,9,2100,321500
25 MAR 2011,150.1,151.5,150,150.8,11,4800,723620
24 MAR 2011,157,157,150,152,7,2300,351760
23 MAR 2011,150,159,150,159,2,500,75900
22 MAR 2011,150,160,150,150.2,14,35200,5286970
21 MAR 2011,147.8,147.8,147.6,147.6,13,5600,826710
18 MAR 2011,150,150,147.6,147.6,14,8400,1244640
17 MAR 2011,148,150,148,150,32,22000,3296000
16 MAR 2011,150,150,145.6,149.7,20,13400,2004590
15 MAR 2011,150,154.9,150,152,14,3700,563100
14 MAR 2011,155,155,150,150,5,3700,557520
11 MAR 2011,155,156.5,155,155,24,35900,5574240
10 MAR 2011,155,155,155,155,2,600,93000
9 MAR 2011,155,155,155,155,4,1500,232500
8 MAR 2011,160,160,152,159.5,4,3200,510400
7 MAR 2011,156,156,156,156,2,500,78000
4 MAR 2011,158,160,158,160,8,3500,557700
3 MAR 2011,158.2,158.2,156.6,157.6,7,900,141840
28 FEB 2011,160,160,159.9,159.9,5,1100,175990
25 FEB 2011,156.5,158,156.5,158,5,700,109950
24 FEB 2011,156.2,160,156.1,158.2,10,9700,1531460
23 FEB 2011,164.9,164.9,155,158,9,1800,281830
22 FEB 2011,163,163,155,157.2,22,21200,3337940
21 FEB 2011,163.1,163.1,163,163,7,5900,961900
18 FEB 2011,168,168,163,163.1,9,11800,1936100
15 FEB 2011,165,165,165,165,5,15000,2475000
14 FEB 2011,167,169,163.2,168.9,9,5100,856370
11 FEB 2011,167,167,163,163.7,23,13900,2278100
10 FEB 2011,167,167,165,165.6,33,31000,5130880
9 FEB 2011,168.9,168.9,166,166.4,29,33400,5587550
8 FEB 2011,169.5,169.5,168.1,168.9,5,1400,236610
7 FEB 2011,175,175,170,171.7,24,15300,2631790
3 FEB 2011,179,179,173,173,21,14000,2444330
2 FEB 2011,185,185,165.1,179,32,10200,1808900
1 FEB 2011,185.5,186.7,182,182.5,17,22900,4208010
31 JAN 2011,181,187,181,186.7,11,13500,2505990
28 JAN 2011,178,178,178,178,1,100,17800
27 JAN 2011,179.5,182,179.5,181.8,6,10500,1899750
26 JAN 2011,182.5,182.9,182,182.4,8,2300,419720
25 JAN 2011,185.2,187.5,180,186.8,9,19000,3544870
21 JAN 2011,185,190,182,185.2,16,8300,1544020
20 JAN 2011,184,184,180,182.8,7,3300,602300
18 JAN 2011,176,188.5,176,183.7,14,6600,1199010
17 JAN 2011,176,176,175,176,4,2100,368500
14 JAN 2011,176,176,176,176,1,2000,352000
13 JAN 2011,182.9,182.9,175,175,4,12500,2261000
12 JAN 2011,183,183,183,183,1,1100,201300
11 JAN 2011,184,185,183,183,9,9600,1770500
10 JAN 2011,189,189,180,180.4,11,7600,1392600
7 JAN 2011,172.5,191,172.5,189.2,34,22200,4060820
6 JAN 2011,171,172,171,172,13,37500,6415200
5 JAN 2011,171,172,171,171,11,27500,4702940
4 JAN 2011,171,171,171,171,1,700,119700
31 DEC 2010,168.2,168.5,168.2,168.5,2,1000,168350
30 DEC 2010,168.5,172,168,171.2,12,4600,778250
28 DEC 2010,172.1,172.1,171.9,172,7,3600,619200
27 DEC 2010,168.5,172,168.1,172,5,2200,377460
24 DEC 2010,170.1,170.1,170,170,4,1300,221030
22 DEC 2010,166,180,165.6,169.4,10,6700,1133970
21 DEC 2010,164,169,164,167,4,6500,1071500
17 DEC 2010,162.5,162.5,162,162,7,1500,243060
16 DEC 2010,162.5,162.5,162,162,10,13100,2122660
15 DEC 2010,166.1,166.1,162,162.1,7,12900,2092940
14 DEC 2010,167,167,162.2,166,8,24600,4009440
13 DEC 2010,167,167,167,167,1,300,50100
10 DEC 2010,170,170,169,169,10,9100,1539900
9 DEC 2010,170,170,169,169,2,700,118800
8 DEC 2010,172,172,170,170.8,7,4100,700240
7 DEC 2010,171.2,175,171.1,174.4,8,2000,346520
6 DEC 2010,176,176,175,175,2,500,87600
3 DEC 2010,175,180.1,172,175.9,42,57900,10173220
2 DEC 2010,172.2,172.2,170.1,172,12,16600,2855650
1 DEC 2010,180,180,170,171,8,10200,1754110
30 NOV 2010,172,175,169.9,170,23,14200,2432180
29 NOV 2010,170,170,169.9,169.9,5,1100,186900
26 NOV 2010,170.6,0,170,170,15,27600,4696320
25 NOV 2010,171,171,170.9,170.9,8,3700,632600
24 NOV 2010,171.7,171.7,170,170.5,15,18000,3063730
23 NOV 2010,174,174,170,171.7,10,4000,687470
22 NOV 2010,172,172,172,172,2,400,68800
18 NOV 2010,170,175.1,170,175,4,1700,297030
16 NOV 2010,175,176,170,170.4,18,8500,1453110
15 NOV 2010,185,185.5,175,177.5,19,17700,3161150
12 NOV 2010,182.2,182.2,182.2,182.2,2,1000,182200
10 NOV 2010,185,185.1,184.5,184.6,18,11400,2107600
9 NOV 2010,185.1,185.2,185,185,10,4600,851120
8 NOV 2010,185.1,190,185,185,16,20900,3892310
4 NOV 2010,185.2,187,185,185.1,10,5700,1055200
3 NOV 2010,190,190,190,190,4,1200,228000
2 NOV 2010,193,193,190,190,21,6200,1189590
1 NOV 2010,190.1,196,190.1,192.1,12,4400,846180
29 OCT 2010,182.1,194,182,191.5,10,4900,932060
27 OCT 2010,190,190,190,190,5,10500,1995000
26 OCT 2010,190,190,190,190,3,1100,209000
25 OCT 2010,190,190,190,190,5,15700,2983000
20 OCT 2010,187.2,187.2,187,187,3,1200,224440
19 OCT 2010,188,190,188,189.7,23,34000,6444670
18 OCT 2010,190,190,188,188.4,9,6200,1168100
15 OCT 2010,194.9,194.9,194.9,194.9,1,300,58470
14 OCT 2010,190,195,189,189.5,12,40200,7625900
13 OCT 2010,194.9,194.9,175,190,30,11600,2126260
12 OCT 2010,195,195,185,186,22,20000,3715980
11 OCT 2010,200,200,195,195.1,12,9700,1905560
8 OCT 2010,199,199,199,199,5,2900,577100
7 OCT 2010,199.9,200,196,196.1,21,34000,6735720
5 OCT 2010,200,203,200,202,12,36000,7249900
4 OCT 2010,205,207,205,205.1,19,9500,1953650
1 OCT 2010,200,204,200,203.5,27,39200,7875500
30 SEP 2010,205,207,203,205.2,40,42300,8672380
29 SEP 2010,200,206.5,200,205,17,5700,1168410
28 SEP 2010,205,209,205,205.6,65,124800,25635410
27 SEP 2010,204.9,205,204,204.9,60,63600,13027950
24 SEP 2010,204,209,200,203.7,27,23600,4814520
23 SEP 2010,205,205.5,204,205,36,28600,5860120
21 SEP 2010,207,208,204,205,50,70900,14532700
20 SEP 2010,207.5,209,204,205.9,55,33800,6952860
17 SEP 2010,206.8,209.9,204,207.5,105,81700,16974800
16 SEP 2010,212,215,204,204.8,61,55300,11546650
15 SEP 2010,216,219.5,200.2,210,195,209300,43546700
14 SEP 2010,195,211.4,195,211.3,497,597300,122145180
13 SEP 2010,175.1,193.1,175,192.2,131,163000,30761260
9 SEP 2010,178,178,175,175.6,49,66200,11594770
8 SEP 2010,177.5,177.5,172,175,30,19400,3380120
7 SEP 2010,174.5,177.5,174.5,175,27,43700,7647460
6 SEP 2010,173.1,175,173,174.5,13,7500,1308440
3 SEP 2010,173,179,170,173.2,23,18000,3155490
2 SEP 2010,170,173,170,172.8,27,22600,3849880
1 SEP 2010,170,171,170,170.8,13,10200,1736020
31 AUG 2010,169,171,169,171,13,16500,2820500
30 AUG 2010,168.1,171,168.1,170.2,24,14300,2434150
27 AUG 2010,170,170,168.2,169,5,1600,271300
26 AUG 2010,170,170,170,170,2,12100,2057000
25 AUG 2010,173,173,170,170.1,20,17000,2909580
23 AUG 2010,175.3,175.3,173,173,8,10700,1859790
20 AUG 2010,175,175,175,175,10,7900,1382500
19 AUG 2010,180.5,180.5,170.3,175,22,26400,4622400
18 AUG 2010,172,180,172,178.6,13,17100,3010740
17 AUG 2010,166,171,166,170.7,10,6500,1095500
16 AUG 2010,174,175,167,169.3,6,14100,2423370
13 AUG 2010,174,174.9,170,170.1,8,2500,428390
12 AUG 2010,170,170,167.5,170,4,2400,405500
11 AUG 2010,175,175.6,172,172,18,4000,699810
10 AUG 2010,162,175,162,174,11,7300,1193590
9 AUG 2010,167,167,165,165.4,18,15500,2571120
6 AUG 2010,169.5,172,169.5,169.6,15,19400,3287590
5 AUG 2010,177,177,168,173.5,25,16600,2866510
4 AUG 2010,173.2,180,173.2,178.6,37,16600,2913050
3 AUG 2010,168.2,168.2,168,168,7,3000,504050
2 AUG 2010,175,175,173.2,173.2,6,3700,644390
30 JUL 2010,175,175,172.75,174.25,11,4600,802300
29 JUL 2010,176.25,179.75,174,174.5,14,11200,1958850
28 JUL 2010,171,175,171,174.5,33,16900,2938450
27 JUL 2010,170,170,169,170,13,10500,1778300
26 JUL 2010,173,173,167.25,167.25,7,1500,257525
23 JUL 2010,170,174.5,170,173.25,16,7500,1289500
22 JUL 2010,170,170,168.25,168.5,9,2400,406550
21 JUL 2010,168,168.75,168,168.5,18,18600,3130500
20 JUL 2010,166.75,169,166.5,167.25,7,6000,1001750
19 JUL 2010,165,169,165,166.5,16,10400,1727100
16 JUL 2010,165,166,165,165,13,12800,2112375
15 JUL 2010,166,168,165,165.25,17,34800,5749250
14 JUL 2010,167,167,165.5,165.5,3,1300,216650
13 JUL 2010,165.5,167,165,167,14,15000,2496650
12 JUL 2010,165.5,167,165,165.5,9,28000,4623400
9 JUL 2010,166.25,166.25,165,165.25,28,61800,10210500
8 JUL 2010,167,170,165,166,9,3900,651500
7 JUL 2010,170,170,167,168,20,15500,2605100
6 JUL 2010,174.75,174.75,168,170,16,11200,1892275
5 JUL 2010,170,170,170,170,2,1200,204000
2 JUL 2010,170.25,170.5,169.25,170,7,1600,271975
1 JUL 2010,169.75,171,169.5,171,7,15100,2566625
30 JUN 2010,170.5,170.5,168,168.25,11,28300,4761550
29 JUN 2010,174,174,170,171,6,4000,683300
28 JUN 2010,174,174,170,170.75,17,60400,10384675
24 JUN 2010,174,174,174,174,8,5700,991800
23 JUN 2010,175,175.25,174.5,175,37,27500,4812300
22 JUN 2010,175,175.75,175,175.75,6,12200,2135525
21 JUN 2010,175,175.5,175,175,14,13100,2292750
17 JUN 2010,175,175.25,174.75,175,24,43100,7542500
16 JUN 2010,175.25,175.25,175,175,5,9800,1715025
15 JUN 2010,180,180,175,175,13,7200,1269600
14 JUN 2010,177.75,183.75,177,179,73,61600,11058400
11 JUN 2010,170,179.25,168,174.5,40,65900,11189600
10 JUN 2010,168.25,169,168,168.5,27,77800,13087300
9 JUN 2010,168,173.75,168,168.75,24,18500,3134550
8 JUN 2010,168.25,168.25,167,167.5,14,9100,1525600
7 JUN 2010,168.5,170,167.75,169.75,20,13200,2230475
4 JUN 2010,169,169.75,168.5,168.5,8,5600,947225
3 JUN 2010,170,171.5,169,169.25,25,21200,3600100
2 JUN 2010,170,170,169,169.75,24,14300,2427600
1 JUN 2010,167,170,167,169,12,6100,1032875
31 MAY 2010,167.5,168,167,168,6,2200,368025
26 MAY 2010,170.25,171,168,170,20,9600,1620500
25 MAY 2010,173,173,171,172.5,9,1300,224600
24 MAY 2010,174,174,173.5,173.5,2,400,69550
21 MAY 2010,174,174,170,171.5,6,1700,292200
20 MAY 2010,172,174,168,171,38,32900,5603800
19 MAY 2010,175,176,170,170.25,38,50900,8711700
18 MAY 2010,177,177,175,175,19,6800,1196150
17 MAY 2010,180,180.25,179,179,14,3300,593050
14 MAY 2010,182,184,180,180,40,33300,6039675
13 MAY 2010,184,189,180,181,64,39100,7163050
12 MAY 2010,188,195,180,183,182,153200,28858975
11 MAY 2010,185,187.25,181,185.5,141,118200,21891575
10 MAY 2010,175,185,174.5,175,99,338500,59243950
7 MAY 2010,175,175,173,175,9,2600,452825
6 MAY 2010,177,177,175,175,9,4800,841100
5 MAY 2010,176,176,174,175,14,9500,1664700
4 MAY 2010,177,177,175,175.75,13,7600,1333600
3 MAY 2010,175.25,177,175.25,177,6,18700,3285925
30 APR 2010,178,178,177.5,178,5,3500,622900
29 APR 2010,180,180,179.5,179.75,9,3900,701875
27 APR 2010,181,182,179.5,180,14,9900,1785575
26 APR 2010,185.5,185.5,180,180.75,26,14800,2695100
23 APR 2010,184,190,180,184.5,58,39800,7440500
22 APR 2010,177,183,177,182.25,32,33600,6045850
21 APR 2010,174.5,178,174.5,175.75,40,44100,7744450
20 APR 2010,172,174.75,170,172,26,10900,1873250
19 APR 2010,166.25,172,166.25,169.5,30,30400,5095800
16 APR 2010,167,167,167,167,2,1900,317300
15 APR 2010,167,167,166.5,167,10,5700,951650
12 APR 2010,167,170,167,168.5,4,2100,352900
7 APR 2010,169,172,161.25,165,29,31600,5335800
6 APR 2010,161,169.75,160,164.75,33,31400,5153525
5 APR 2010,161,161.5,161,161,4,4600,740650
1 APR 2010,157.5,164.5,157.5,160,10,6900,1115150
31 MAR 2010,158.25,160,158.25,160,15,6800,1085350
30 MAR 2010,158.5,160,155.5,160,23,24800,3963825
26 MAR 2010,160,160.25,159.5,160,44,16000,2560125
25 MAR 2010,165,165,158.75,161.5,7,1100,178050
24 MAR 2010,162.75,164.5,162.75,164.5,4,1700,279300
23 MAR 2010,164.5,164.5,164.25,164.25,3,6800,1118575
22 MAR 2010,164.75,165,164.75,165,8,1600,263975
19 MAR 2010,165.25,165.25,164,164.25,46,6400,1054300
18 MAR 2010,165,169.75,165,169.75,26,15500,2621600
17 MAR 2010,165,165,163,163.5,27,16500,2719250
16 MAR 2010,163.5,163.5,163.5,163.5,7,19100,3122850
15 MAR 2010,164.25,164.25,164,164,9,4200,688875
12 MAR 2010,164.25,165.25,164,165,19,16600,2732650
11 MAR 2010,166,166,164,164,23,14100,2322825
10 MAR 2010,170.25,170.25,166.25,167,16,5800,974225
9 MAR 2010,166,167,165.75,166.25,9,11000,1828500
8 MAR 2010,166.25,169.75,166.25,168,4,1700,286125
5 MAR 2010,163,166,163,166,13,5800,954200
4 MAR 2010,164.5,170,163,163,37,24000,3936025
3 MAR 2010,170,170,161,162.5,83,79300,13039825
2 MAR 2010,173,173,168.5,168.75,19,6600,1119550
1 MAR 2010,174,174,172,173,23,12000,2077850
26 FEB 2010,174,174.75,172,173,18,9200,1594800
25 FEB 2010,175,175,173.5,174.5,10,37700,6594200
24 FEB 2010,180,180,174.25,174.75,79,1004800,175860100
23 FEB 2010,179.75,184,176.25,177,33,109300,19841900
22 FEB 2010,180,180,178,178,6,1400,249400
19 FEB 2010,180,180,176,180,11,6300,1133300
18 FEB 2010,176.25,180,175.5,175.75,8,3700,657750
17 FEB 2010,177.75,180,177,178.5,15,64500,11601225
16 FEB 2010,179.75,185,178,178.25,18,70900,12775150
15 FEB 2010,188,188,178,178.25,19,15900,2887325
12 FEB 2010,182,190,180,180.25,35,185000,35014900
11 FEB 2010,185,185,175,177.75,18,5000,909450
10 FEB 2010,185,187,184,185,32,12400,2296000
9 FEB 2010,191.75,194,188,189.5,66,64200,12160200
8 FEB 2010,199,199,191,193.5,58,40400,7830025
5 FEB 2010,199,199,189,190,113,62800,11975900
3 FEB 2010,201,217.75,197,198.5,422,314800,65010725
2 FEB 2010,191,200,190,199,117,139000,26951500
1 FEB 2010,190,194,189.75,190,47,38700,7355825
28 JAN 2010,185,194,185,193,55,274460,53801895
26 JAN 2010,194.5,195,193.75,194,15,134200,26417150
25 JAN 2010,186,195.75,185,191.75,106,182500,35339075
22 JAN 2010,190,194.5,188.5,191.25,85,83000,15793050
21 JAN 2010,198,198,189,190,99,73200,14000725
20 JAN 2010,181,198.5,181,196,475,322100,61580150
19 JAN 2010,177.5,188,177.5,179.75,229,170800,31116425
18 JAN 2010,171,186,171,176,215,125200,22467775
15 JAN 2010,145.25,180,145.25,169.75,356,303700,51256275
13 JAN 2010,141,147,141,146.25,43,55100,7884325
12 JAN 2010,141,143,141,141.25,15,14500,2049875
11 JAN 2010,140,141,139,140.5,43,59300,8304800
8 JAN 2010,141,141,140,140,19,24000,3361700
7 JAN 2010,142.5,143,140,140,31,63600,8965950
6 JAN 2010,143.75,145,140,140.25,52,27600,3970050
5 JAN 2010,144,144,141,142.25,25,13100,1867900
4 JAN 2010,140,143,140,142.75,17,28100,3971225
30 DEC 2009,140,140,139,140,9,7800,1091700
29 DEC 2009,143,143,140,140.25,27,17600,2488975
28 DEC 2009,138.75,141,138.75,140.75,21,12400,1740725
24 DEC 2009,140,140,139,139,20,19600,2741500
23 DEC 2009,140,140.5,140,140.25,23,43500,6092900
22 DEC 2009,141,146,139,144.25,99,139200,19687200
21 DEC 2009,145,145,140,141,16,16600,2353200
18 DEC 2009,144.75,144.75,139.75,139.75,31,28800,4059275
17 DEC 2009,141,141.25,139.5,140.25,44,35300,4948125
16 DEC 2009,145,145.5,142,143,44,20900,3008325
15 DEC 2009,143,148,140,145.25,167,144600,21045350
14 DEC 2009,133,144,133,143,143,168400,23588200
11 DEC 2009,131,132.5,131,131.5,21,29100,3821800
10 DEC 2009,128.25,131,128,130,58,57000,7399750
9 DEC 2009,125,128,125,127.75,44,53600,6789100
8 DEC 2009,124,124,123,123.75,20,14800,1832950
7 DEC 2009,120,124,118,120.5,57,60500,7285700
4 DEC 2009,121,123,119.25,119.75,101,96800,11648125
3 DEC 2009,117.25,122,117,120.75,90,112300,13369100
2 DEC 2009,107,117,107,115.75,48,37600,4212125
30 NOV 2009,110,110,109.75,110,7,4400,483750
27 NOV 2009,108,108,108,108,3,3000,324000
26 NOV 2009,107,108,107,107,4,6300,674650
25 NOV 2009,108,108.5,108,108.25,14,4400,476300
24 NOV 2009,112,112,112,112,1,500,56000
23 NOV 2009,109.75,114,109.75,111.75,25,19100,2131250
20 NOV 2009,110,110,110,110,10,18800,2068000
19 NOV 2009,106,110,106,109,46,55400,6029000
18 NOV 2009,106.25,107,105,105,8,4600,488275
17 NOV 2009,107.75,107.75,105,105.5,7,4500,475675
13 NOV 2009,104,110,104,107.75,57,45900,4903050
12 NOV 2009,101.25,103.25,101.25,103,49,65400,6716700
11 NOV 2009,103,103,102,103,8,7500,772300
10 NOV 2009,101,103,101,103,17,28600,2932800
9 NOV 2009,103,104,103,103,29,22500,2317725
6 NOV 2009,101,104,100,103,41,60600,6235025
5 NOV 2009,101,102.5,100,100.25,69,73400,7376075
4 NOV 2009,104,104,101,102,96,92400,9418300
3 NOV 2009,104.5,105,103,104,139,101400,10535500
30 OCT 2009,90,101,90,99.25,262,272600,26261750
29 OCT 2009,90,90,90,90,15,15700,1413000
27 OCT 2009,90,90,90,90,15,30400,2734700
26 OCT 2009,90.5,90.5,90,90,13,4400,396650
23 OCT 2009,92,92.25,90.5,92,34,58400,5329750
22 OCT 2009,89,92,89,90.25,91,119300,10812800
21 OCT 2009,80.25,90,80,90,33,46100,4087650
20 OCT 2009,90,90,86,86,28,82900,7210925
19 OCT 2009,86,86.75,85.25,86.25,21,28600,2464525
16 OCT 2009,89.75,90,89.75,89.75,8,20800,1868625
15 OCT 2009,90,90,88,88,29,33100,2927500
14 OCT 2009,90,91,89,90,27,30300,2727400
13 OCT 2009,90,91.25,88,88.25,50,113500,10166450
12 OCT 2009,92,93.5,90,90.25,36,36900,3333825
9 OCT 2009,90,90,90,90,4,4500,405000
8 OCT 2009,87,91.5,87,90,51,156900,14108500
7 OCT 2009,86,87.5,85,87,21,48100,4191000
6 OCT 2009,85,90,85,87,36,69100,6043625
5 OCT 2009,86.5,86.5,85,85,19,48300,4111750
2 OCT 2009,86,86,81.5,83.5,10,34200,2933700
1 OCT 2009,85,86,85,86,17,100500,8583000
30 SEP 2009,85,86.25,80,85.25,24,20900,1792800
29 SEP 2009,86,87,84,86,27,22000,1894225
28 SEP 2009,86,86,83,84.75,8,4500,381850
25 SEP 2009,84.5,85,81.5,82.5,13,609500,49692100
24 SEP 2009,85,87,85,85.25,165,131300,11185100
23 SEP 2009,78,84.5,78,82.75,108,112300,9210325
22 SEP 2009,75,78,75,76.75,29,49800,3807350
18 SEP 2009,75,76,74.5,75,16,19300,1445750
17 SEP 2009,72,77,72,74.75,56,62500,4648450
16 SEP 2009,70,72,70,70,49,116200,8142400
15 SEP 2009,71,71,70,70,21,39300,2761000
14 SEP 2009,70,72,70,71,29,31000,2205225
11 SEP 2009,70.75,72,69.5,70,25,54900,3835675
10 SEP 2009,69,71,68,69.5,48,109800,7597975
9 SEP 2009,66,71,65.25,67.75,59,196000,13143500
8 SEP 2009,65,66,64,65.5,66,107600,6997950
7 SEP 2009,63.5,64,63.5,63.5,34,63900,4059400
3 SEP 2009,61.5,63.5,61.5,63.5,6,5300,335525
2 SEP 2009,61,64,60,63.5,22,60400,3700625
1 SEP 2009,60,61,59,60.25,30,75600,4538575
31 AUG 2009,60,60.5,60,60,33,80700,4842100
28 AUG 2009,59,60,59,60,3,1800,107200
27 AUG 2009,59.25,60.75,59.25,60.75,26,38400,2331225
26 AUG 2009,59.75,59.75,59,59.25,8,9100,539950
25 AUG 2009,59,60.25,58,58,7,30200,1754025
24 AUG 2009,60,60,58.5,58.75,9,7200,422250
21 AUG 2009,60,62,60,60.25,3,900,54300
19 AUG 2009,59.25,64,59.25,61,57,161000,9830100
18 AUG 2009,59,60,59,59.25,25,34700,2072675
17 AUG 2009,58,59.5,58,59.5,5,11000,653000
14 AUG 2009,58,59.75,58,59.25,24,32200,1902650
13 AUG 2009,57,57,57,57,1,200,11400
12 AUG 2009,57.5,57.75,57.5,57.5,6,20500,1181000
11 AUG 2009,58,59,57,58.5,20,27900,1616700
10 AUG 2009,58,58.25,57,57,34,24300,1404650
7 AUG 2009,57,57.5,55.25,57.25,32,33800,1927950
6 AUG 2009,55.75,58.25,55,57,111,100300,5699800
4 AUG 2009,54,55,54,54.5,14,9100,496975
3 AUG 2009,53,54,53,53.75,3,2000,107575
31 JUL 2009,52.5,53.5,52,52,22,90900,4759525
30 JUL 2009,51.5,51.5,51.5,51.5,1,3600,185400
28 JUL 2009,52,52,51.5,51.5,6,5300,273200
27 JUL 2009,51.25,52,51.25,52,2,400,20575
24 JUL 2009,53,53,51,51,13,22500,1147950
23 JUL 2009,52.5,52.5,52.5,52.5,2,2500,131250
22 JUL 2009,52,54,52,53,20,8000,424925
21 JUL 2009,50,52,50,52,2,300,15400
20 JUL 2009,51,52,51,52,3,2000,102900
17 JUL 2009,49.25,51.75,49.25,51,17,10000,507175
16 JUL 2009,50,50,50,50,3,400,20000
13 JUL 2009,47.75,47.75,47.75,47.75,2,2000,95500
10 JUL 2009,47,47,47,47,1,2500,117500
9 JUL 2009,49.5,49.5,48,48.75,7,17300,844550
7 JUL 2009,51,51,50.75,50.75,2,2000,101750
3 JUL 2009,51,51,51,51,1,100,5100
2 JUL 2009,50,50,50,50,1,1000,50000
1 JUL 2009,49,49,49,49,1,100,4900
30 JUN 2009,51,51,49.5,49.5,4,500,25025
29 JUN 2009,50,50,50,50,8,4400,220000
26 JUN 2009,52.75,52.75,50,51,15,13200,672500
24 JUN 2009,52.5,54,52.5,52.75,21,13200,700075
23 JUN 2009,53.75,53.75,52,52,11,6300,327775
22 JUN 2009,53,54,53,54,9,5100,274600
19 JUN 2009,51.25,53,51.25,53,4,600,31525
18 JUN 2009,50.75,52,50.75,52,21,122300,6283700
17 JUN 2009,52,52,51.75,51.75,6,7100,367475
16 JUN 2009,51,53,50,52.75,21,11000,572275
15 JUN 2009,49.75,50,49,50,17,9900,494125
12 JUN 2009,48.75,49.75,48.75,49.75,6,5500,269550
11 JUN 2009,49,49,49,49,23,35700,1749300
10 JUN 2009,49,49,49,49,24,47900,2347100
9 JUN 2009,49,49,48,49,10,2500,122400
8 JUN 2009,49,49,49,49,3,2000,98000
5 JUN 2009,46,46,46,46,1,100,4600
4 JUN 2009,46.25,46.25,46.25,46.25,5,5100,235875
3 JUN 2009,45,47,45,47,12,6300,286100
2 JUN 2009,48,48,48,48,1,100,4800
1 JUN 2009,49,49,49,49,39,67700,3317300
29 MAY 2009,46,49,46,48.75,10,6400,312750
28 MAY 2009,48.5,48.5,47,48,18,148400,7098300
27 MAY 2009,47.75,47.75,47.5,47.5,24,44300,2106725
26 MAY 2009,47.75,47.75,45.5,46.5,11,3000,139525
25 MAY 2009,45.5,45.5,45.5,45.5,1,100,4550
22 MAY 2009,45.5,47.75,45.5,47,4,5600,263425
21 MAY 2009,46,48,45.5,47.75,30,22300,1044625
19 MAY 2009,46,46,45.5,45.75,6,3700,168900
18 MAY 2009,46.5,46.5,45.25,45.5,17,25300,1163750
15 MAY 2009,44,46.75,44,45.25,61,123700,5609050
13 MAY 2009,42,42,42,42,1,500,21000
11 MAY 2009,43.5,43.5,43.5,43.5,1,100,4350
7 MAY 2009,43.5,43.5,43,43.25,7,5300,230350
6 MAY 2009,44.5,44.5,44,44,2,700,30850
5 MAY 2009,41,42.5,40.5,42.5,26,56100,2279525
4 MAY 2009,41.5,44.5,40,40,11,279000,11179750
27 APR 2009,47,47,47,47,1,5000,235000
24 APR 2009,47,47,47,47,1,200,9400
23 APR 2009,46.5,46.5,46.5,46.5,1,100,4650
22 APR 2009,45,46.75,45,45.5,2,400,18175
17 APR 2009,43,43,43,43,1,300,12900
7 APR 2009,43,43,43,43,4,700,30100
2 APR 2009,46.5,46.5,46.5,46.5,1,3600,167400
30 MAR 2009,46.5,46.5,46.5,46.5,1,100,4650
27 MAR 2009,43,43,43,43,1,100,4300
26 MAR 2009,43,43,43,43,1,300,12900
25 MAR 2009,44,44,44,44,1,1000,44000
24 MAR 2009,43.75,43.75,43.75,43.75,1,300,13125
5 MAR 2009,45,45,45,45,1,1100,49500
4 MAR 2009,44.75,44.75,44.75,44.75,1,300,13425
27 FEB 2009,45,45,45,45,2,1600,72000
25 FEB 2009,45,45,44.75,45,2,200,8975
24 FEB 2009,46,46,46,46,1,900,41400
19 FEB 2009,47,47,46.75,46.75,10,50700,2370275
18 FEB 2009,48,48,46,46,15,11300,541675
10 FEB 2009,47,47,47,47,2,200,9400
5 FEB 2009,47.25,47.25,47.25,47.25,2,300,14175
3 FEB 2009,47.25,47.25,47.25,47.25,1,100,4725
29 JAN 2009,47.75,47.75,47,47,3,3300,155325
27 JAN 2009,46.75,46.75,46.5,46.75,2,8500,397125
26 JAN 2009,47,47,47,47,2,3500,164500
23 JAN 2009,47,50,47,49.5,4,2900,143800
21 JAN 2009,52,52,52,52,1,300,15600
19 JAN 2009,53.75,53.75,52,52,2,1100,57375
16 JAN 2009,47.25,47.25,47.25,47.25,1,2000,94500
15 JAN 2009,47.25,47.25,47.25,47.25,1,2500,118125
13 JAN 2009,48,50,48,49.5,6,2500,124000
9 JAN 2009,44,50,44,48,11,11900,534600
8 JAN 2009,44,44.25,44,44.25,3,1700,75200
6 JAN 2009,41,45,41,45,8,7100,313475
5 JAN 2009,42,42,42,42,2,1500,63000
2 JAN 2009,42,42,42,42,3,2000,84000
31 DEC 2008,44,50,44,44.5,13,14000,624600
30 DEC 2008,38.5,44,37,38.25,10,47200,1764150
29 DEC 2008,40.5,40.5,39,39.25,5,14700,589575
24 DEC 2008,41,41,40,40.5,11,43800,1753650
22 DEC 2008,41,41,41,41,1,100,4100
19 DEC 2008,45,45,44.75,44.75,6,28300,1270250
18 DEC 2008,45.5,45.5,45.5,45.5,3,10500,477750
17 DEC 2008,46,46,46,46,1,3000,138000
16 DEC 2008,50,50,50,50,1,200,10000
10 DEC 2008,45,45,45,45,1,100,4500
5 DEC 2008,41,41,41,41,1,100,4100
4 DEC 2008,41,41,41,41,1,100,4100
3 DEC 2008,42.5,42.5,42.5,42.5,1,400,17000
2 DEC 2008,42.5,42.5,42.5,42.5,1,100000,4250000
26 NOV 2008,42.5,42.5,42,42,3,1100,46300
25 NOV 2008,45,45,45,45,1,300,13500
24 NOV 2008,45,45,45,45,10,9400,423000
21 NOV 2008,45,45,45,45,2,3100,139500
20 NOV 2008,45,45,45,45,2,2800,126000
18 NOV 2008,45,45,45,45,2,2700,121500
17 NOV 2008,45,45,45,45,1,2500,112500
14 NOV 2008,45,45,43.5,45,5,8500,379525
13 NOV 2008,45.5,45.5,45.5,45.5,1,1000,45500
10 NOV 2008,50,50,50,50,2,400,20000
5 NOV 2008,52,52,52,52,1,300,15600
3 NOV 2008,50,54,50,51.5,5,600,30875
30 OCT 2008,50,50,50,50,1,100,5000
24 OCT 2008,49.5,49.5,49.5,49.5,1,2000,99000
22 OCT 2008,50.25,50.25,50,50,4,1600,80025
21 OCT 2008,55,55,55,55,2,1000,55000
20 OCT 2008,55,55,55,55,1,1900,104500
13 OCT 2008,58,58,58,58,1,100,5800
8 OCT 2008,59,59,59,59,1,100,5900
6 OCT 2008,60,60,60,60,1,100,6000
3 OCT 2008,60,60,60,60,1,300,18000
2 OCT 2008,60,60,60,60,1,100,6000
30 SEP 2008,60,60,60,60,4,900,54000
29 SEP 2008,60,60,60,60,1,2700,162000
26 SEP 2008,60,62.5,60,60,17,23800,1445900
25 SEP 2008,60,60,60,60,2,800,48000
24 SEP 2008,60,60,60,60,5,1400,84000
15 SEP 2008,60.25,60.25,60.25,60.25,2,1000,60250
12 SEP 2008,60.25,62.25,60.25,61.75,4,1600,98525
11 SEP 2008,63,63,62.25,62.25,3,3700,230475
10 SEP 2008,63.5,63.5,63,63,2,200,12650
9 SEP 2008,61,61,61,61,1,2700,164700
5 SEP 2008,61.5,63,61.5,63,4,2100,131800
4 SEP 2008,62.5,62.5,62.5,62.5,1,200,12500
26 AUG 2008,65,65,65,65,1,400,26000
20 AUG 2008,62.25,62.25,62,62,4,8600,533225
18 AUG 2008,65,65,65,65,1,100,6500
15 AUG 2008,62,62,62,62,5,12800,793600
13 AUG 2008,62,62,62,62,1,200,12400
12 AUG 2008,65,66,65,65,13,40200,2622900
8 AUG 2008,63.25,63.5,63.25,63.25,3,2400,152075
7 AUG 2008,63.5,63.5,63.25,63.25,6,2200,139275
6 AUG 2008,65,65.75,64,64,17,21200,1377900
5 AUG 2008,64,66,64,66,7,6000,395475
4 AUG 2008,61,64.25,61,64,38,182200,11647300
23 JUL 2008,57,57,57,57,1,1000,57000
22 JUL 2008,60,60,60,60,10,23600,1416000
16 JUL 2008,60.25,61,60.25,60.5,4,600,36300
15 JUL 2008,61,61,60.25,60.5,44,161000,9740725
14 JUL 2008,60.25,60.25,60.25,60.25,1,200,12050
11 JUL 2008,60.25,60.25,60.25,60.25,2,200,12050
10 JUL 2008,60.25,60.25,60.25,60.25,2,3000,180750
9 JUL 2008,60.25,60.25,60.25,60.25,1,300,18075
8 JUL 2008,62,62,60.25,60.25,5,9200,556925
7 JUL 2008,63,63,63,63,5,8200,516600
4 JUL 2008,62.25,62.75,62.25,62.75,8,4800,300125
3 JUL 2008,62,62,61.5,62,7,15900,985625
2 JUL 2008,61,61,60.25,60.75,6,1700,103250
30 JUN 2008,60,60,60,60,3,2300,138000
27 JUN 2008,60,60,60,60,4,4200,252000
26 JUN 2008,60,60,60,60,13,12300,738000
25 JUN 2008,60,60,60,60,3,3600,216000
23 JUN 2008,60,60,60,60,3,5500,330000
20 JUN 2008,60,60,60,60,5,1200,72000
19 JUN 2008,60,60,60,60,4,2000,120000
17 JUN 2008,60,60,60,60,2,3700,222000
16 JUN 2008,60,60,60,60,1,500,30000
13 JUN 2008,60.25,60.25,60.25,60.25,1,100,6025
12 JUN 2008,60,60,60,60,3,1000,60000
11 JUN 2008,60,60,60,60,4,800,48000
10 JUN 2008,60,60,60,60,2,800,48000
9 JUN 2008,60,60,60,60,3,400,24000
6 JUN 2008,60.25,60.25,60,60.25,4,1200,72100
5 JUN 2008,60,60,60,60,1,1300,78000
29 MAY 2008,60,62,60,61,3,18200,1110600
28 MAY 2008,60,60,60,60,10,4800,288000
27 MAY 2008,60,60,60,60,5,2900,174000
26 MAY 2008,60,60,60,60,10,4100,246000
23 MAY 2008,61,61,60.5,60.5,4,500,30350
22 MAY 2008,60,60,60,60,1,100,6000
21 MAY 2008,61,61,61,61,1,100,6100
15 MAY 2008,62,62.25,61.75,62,26,58300,3614325
9 MAY 2008,60,61.5,60,60.75,3,1100,66900
8 MAY 2008,58.25,58.25,58.25,58.25,3,4000,233000
7 MAY 2008,57,57,57,57,1,100,5700
6 MAY 2008,60.75,60.75,60,60,4,51900,3114075
2 MAY 2008,61,61,61,61,1,200,12200
30 APR 2008,61,61,61,61,9,9800,597800
29 APR 2008,61,61,60.25,61,13,40400,2462900
28 APR 2008,61,61,61,61,10,288400,17592400
25 APR 2008,61,61,61,61,1,100,6100
24 APR 2008,61.75,62,61,61.75,10,3700,228400
23 APR 2008,60.5,62,60.5,61.75,4,4700,285350
22 APR 2008,59.5,62,59.5,60.75,20,27400,1661375
21 APR 2008,57.5,58,57.5,58,2,42000,2435000
17 APR 2008,58,58,57,58,14,23600,1368700
16 APR 2008,57.5,57.5,57.5,57.5,6,20000,1150000
15 APR 2008,57,57,57,57,6,9000,513000
10 APR 2008,57,57,57,57,7,6500,370500
9 APR 2008,57.5,57.5,57.5,57.5,14,14200,816500
8 APR 2008,59.75,59.75,59.75,59.75,4,11500,687125
7 APR 2008,60,60,59,60,9,105400,6323900
4 APR 2008,58,60,58,60,31,127400,7636075
3 APR 2008,58,58.25,57.5,58,6,7300,422150
2 APR 2008,58,58,58,58,6,10400,603200
1 APR 2008,58,59,58,59,12,195300,11632250
31 MAR 2008,57.75,59,57,58.25,14,27400,1590450
28 MAR 2008,56,56.25,56,56.25,2,1200,67250
27 MAR 2008,55.25,55.25,55,55,5,5400,297425
26 MAR 2008,58,58.25,55.25,55.25,4,10400,602700
25 MAR 2008,60,60,59,59,124,697500,41834250
24 MAR 2008,52.25,57,52,55,69,77900,4243375
19 MAR 2008,51,51,51,51,2,200,10200
18 MAR 2008,51.5,52,50.25,51.25,6,2700,140075
17 MAR 2008,52,52.25,52,52,4,5800,301625
14 MAR 2008,52,52.75,52,52.5,3,4800,251850
13 MAR 2008,53,53.5,52.5,52.5,18,16400,863225
12 MAR 2008,52.5,53.25,52.5,52.75,5,3700,195225
11 MAR 2008,52.25,52.25,52.25,52.25,1,500,26125
10 MAR 2008,52.25,53,52.25,52.75,5,1500,78525
7 MAR 2008,53,53,53,53,8,9200,487600
5 MAR 2008,52,53.5,52,53,25,10900,577500
4 MAR 2008,52.25,53,52,52,9,2400,125800
3 MAR 2008,52.75,52.75,52,52.5,15,18400,968025
29 FEB 2008,52.5,54,52.5,53.5,41,65600,3454850
28 FEB 2008,52.5,52.5,52.5,52.5,4,700,36750
27 FEB 2008,50,52,50,51.5,60,82300,4206775
26 FEB 2008,50.25,50.5,50,50,22,18300,916950
25 FEB 2008,49,50.25,49,50,75,209600,10471800
22 FEB 2008,48.25,49,48,48.75,23,17000,823850
21 FEB 2008,48,48,48,48,25,29200,1401600
19 FEB 2008,48.5,48.5,48,48,11,5000,241250
18 FEB 2008,46.75,48.25,46.75,48,57,86400,4139125
15 FEB 2008,46.5,46.5,46.25,46.5,13,11200,518825
14 FEB 2008,46,47,46,46.25,48,52300,2421750
13 FEB 2008,45.75,46.5,45,46,47,57000,2615250
12 FEB 2008,45,46,45,45.5,55,49700,2257850
11 FEB 2008,45,45.5,45,45,4,2100,94550
8 FEB 2008,44.75,45.25,44.75,45,38,23400,1052875
7 FEB 2008,45.5,45.5,44.25,44.25,14,5900,261725
6 FEB 2008,44,45.75,44,45.75,134,141300,6322200
5 FEB 2008,44,44,42.25,43.75,4,1300,57025
1 FEB 2008,42.5,44,42,44,76,182700,7886400
31 JAN 2008,42,42,41,42,12,9500,394100
30 JAN 2008,40.5,41,40.5,40.5,16,333500,13506850
29 JAN 2008,41,41,41,41,1,100,4100
28 JAN 2008,40.5,40.5,40.5,40.5,1,300,12150
25 JAN 2008,41,41,41,41,1,100,4100
24 JAN 2008,40.5,40.5,40.5,40.5,1,500,20250
23 JAN 2008,40.5,41.5,40,40.5,37,28500,1142050
18 JAN 2008,41,41,41,41,1,100,4100
17 JAN 2008,40,40,40,40,1,500,20000
16 JAN 2008,40,40,40,40,2,2200,88000
14 JAN 2008,41,41.75,41,41.75,6,10100,418000
11 JAN 2008,41,41.75,41,41.5,2,200,8275
10 JAN 2008,40,41,40,40.5,7,3000,120100
9 JAN 2008,39.25,39.25,39.25,39.25,2,300,11775
8 JAN 2008,39.5,40,39.5,39.75,4,900,35750
4 JAN 2008,41,41.5,40,40,7,5400,216150
3 JAN 2008,42.75,43.75,42.75,43.25,11,7500,325000
2 JAN 2008,42.5,42.5,42.5,42.5,1,200,8500
27 DEC 2007,42,42,42,42,6,3700,155400
26 DEC 2007,42.75,42.75,42.25,42.25,14,10900,463025
24 DEC 2007,42.75,42.75,42,42.5,5,7500,319625
20 DEC 2007,43.5,43.5,42.75,42.75,3,4300,186300
19 DEC 2007,43.5,43.5,43.5,43.5,8,3400,147900
18 DEC 2007,43.5,43.5,43.5,43.5,8,4900,213150
14 DEC 2007,42,43,42,43,5,4700,197600
12 DEC 2007,44,44,44,44,2,500,22000
11 DEC 2007,43,43,42.5,43,6,4900,209850
10 DEC 2007,42,43,42,43,3,6500,278500
7 DEC 2007,42.5,42.5,42.25,42.5,2,4000,169500
6 DEC 2007,41.75,42,41.75,42,9,4900,205775
5 DEC 2007,42,42,41.5,41.5,9,3300,137525
4 DEC 2007,42.75,42.75,42,42.5,5,3000,127375
3 DEC 2007,43.75,44,43,43,12,12400,536450
30 NOV 2007,43,43,43,43,1,600,25800
29 NOV 2007,43.25,43.25,42.5,43,3,600,25775
28 NOV 2007,43,43.5,43,43.25,4,800,34550
27 NOV 2007,42,42,42,42,3,51600,2167200
26 NOV 2007,44,44,44,44,11,5000,220000
23 NOV 2007,44,44,43.5,43.75,5,1200,52575
22 NOV 2007,44.25,44.75,44,44,14,19300,851200
21 NOV 2007,45,45,44.5,45,11,6100,273500
20 NOV 2007,45,45.25,44.75,45,7,4000,179675
19 NOV 2007,45,45,45,45,17,5800,261000
16 NOV 2007,46,46,45,45,30,33600,1517675
15 NOV 2007,46.5,46.5,46,46,18,13200,608450
14 NOV 2007,46,46.5,46,46,48,63500,2926675
13 NOV 2007,45,47,45,46,125,283600,13002650
12 NOV 2007,42,45.25,42,44.75,71,73600,3240750
9 NOV 2007,40,42.5,40,42,40,19100,793675
7 NOV 2007,38,38,38,38,7,2900,110200
6 NOV 2007,37,37,37,37,2,1500,55500
2 NOV 2007,37.25,37.5,37.25,37.5,2,1500,56100
1 NOV 2007,37,37,37,37,3,4300,159100
31 OCT 2007,36.75,37,36.75,37,4,9500,351300
30 OCT 2007,37,37,36.75,36.75,2,8800,323450
29 OCT 2007,36.5,36.5,36.5,36.5,1,1900,69350
26 OCT 2007,36.5,36.5,36.5,36.5,1,100,3650
24 OCT 2007,36.25,36.25,36.25,36.25,1,200,7250
23 OCT 2007,36.25,36.25,36.25,36.25,1,500,18125
22 OCT 2007,36.25,36.25,36.25,36.25,4,2200,79750
19 OCT 2007,36.25,36.25,36.25,36.25,1,200,7250
17 OCT 2007,36.25,36.25,36.25,36.25,3,1000,36250
16 OCT 2007,36.5,36.5,36.5,36.5,4,3000,109500
12 OCT 2007,36,36,36,36,8,6000,216000
10 OCT 2007,36.5,36.5,36.25,36.25,3,3000,109000
4 OCT 2007,36.25,36.25,36.25,36.25,2,2000,72500
3 OCT 2007,36.25,36.25,36.25,36.25,4,1400,50750
2 OCT 2007,36.25,36.25,36.25,36.25,1,500,18125
1 OCT 2007,36.25,36.5,36,36.25,8,3900,141425
25 SEP 2007,36,36,36,36,1,100,3600
20 SEP 2007,38.25,38.25,38.25,38.25,1,3000,114750
19 SEP 2007,37,37,37,37,1,3000,111000
18 SEP 2007,36.5,36.5,36,36,5,5000,180075
17 SEP 2007,37,37,36.25,36.75,7,35600,1311800
11 SEP 2007,35,35,35,35,10,23400,819000
6 SEP 2007,37,37,37,37,3,2300,85100
5 SEP 2007,37,37,37,37,1,700,25900
3 SEP 2007,39,39,38.75,38.75,5,1600,62150
27 AUG 2007,38.5,39.5,38.5,39.25,3,400,15650
24 AUG 2007,38.75,38.75,38.75,38.75,1,1000,38750
23 AUG 2007,39,39,39,39,3,3000,117000
22 AUG 2007,36.5,39.75,36.5,38.75,45,34900,1351175
21 AUG 2007,36.5,36.5,36.5,36.5,1,200,7300
20 AUG 2007,36.5,37,36.5,36.75,4,3200,116950
17 AUG 2007,35.5,36.5,34.5,35.5,4,1200,42700
16 AUG 2007,35.5,35.5,35.5,35.5,2,1100,39050
15 AUG 2007,35.5,35.75,35.5,35.75,2,2200,78600
14 AUG 2007,35.5,35.75,35.5,35.75,3,2200,78600
10 AUG 2007,35.5,37,35.5,37,2,200,7250
8 AUG 2007,34.5,37.5,34.5,36.75,85,44000,1629650
7 AUG 2007,34,34,34,34,3,3000,102000
3 AUG 2007,34,34,34,34,1,1000,34000
2 AUG 2007,34,34,33.75,34,7,2500,84850
1 AUG 2007,34,34,34,34,1,100,3400
31 JUL 2007,34,34,34,34,1,500,17000
27 JUL 2007,34,34,34,34,1,1000,34000
26 JUL 2007,34,34,34,34,7,5300,180200
25 JUL 2007,34,34,34,34,1,100,3400
24 JUL 2007,34,35.25,34,34.25,7,2600,89700
23 JUL 2007,33.5,34,33.5,33.75,4,3000,101000
18 JUL 2007,33.5,33.5,33,33.5,2,600,20050
17 JUL 2007,34,34,34,34,1,100,3400
16 JUL 2007,34.25,34.25,34.25,34.25,1,500,17125
12 JUL 2007,33.5,36,33.25,34.25,91,254400,8592075
11 JUL 2007,33.25,33.25,33.25,33.25,1,100,3325
10 JUL 2007,33,33,33,33,1,100,3300
5 JUL 2007,34,34,34,34,1,100,3400
4 JUL 2007,34,34,34,34,1,500,17000
26 JUN 2007,33.25,33.5,33.25,33.5,3,600,19975
25 JUN 2007,36,36,35,35.5,2,200,7100
22 JUN 2007,36.5,36.5,36.5,36.5,3,4500,164250
20 JUN 2007,36,38.25,36,37.25,6,9200,336150
15 JUN 2007,34,34,34,34,1,100,3400
14 JUN 2007,36.5,36.5,36.5,36.5,2,800,29200
11 JUN 2007,34.5,34.5,34.5,34.5,2,200,6900
8 JUN 2007,36.5,36.5,36.5,36.5,1,100,3650
7 JUN 2007,33,36,33,34,7,6200,210200
5 JUN 2007,30.5,30.5,30.25,30.25,2,1000,30325
1 JUN 2007,30.25,30.25,30.25,30.25,1,100,3025
29 MAY 2007,33,33,33,33,1,100,3300
23 MAY 2007,33,33,33,33,3,1200,39600
18 MAY 2007,33,33,33,33,2,600,19800
17 MAY 2007,32,32,31.5,31.75,5,2000,63350
16 MAY 2007,32,32,32,32,2,1000,32000
11 MAY 2007,35,35,35,35,2,300,10500
9 MAY 2007,32.25,32.25,32.25,32.25,1,1000,32250
8 MAY 2007,32.5,32.5,32,32.25,3,2000,64300
7 MAY 2007,33,33,32.5,32.5,4,2700,88450
3 MAY 2007,33.75,33.75,33.5,33.5,4,7500,252000
26 APR 2007,34,35,34,34.5,5,5600,193000
25 APR 2007,35,35,35,35,4,2900,101500
24 APR 2007,35,35,35,35,2,2000,70000
23 APR 2007,37,37,35,35,7,10300,361350
20 APR 2007,35.25,35.25,35,35,6,5000,175250
19 APR 2007,36,36,35,35.5,2,200,7100
17 APR 2007,37,37,35,36.75,2,1000,36800
16 APR 2007,37,37,37,37,2,1100,40700
11 APR 2007,35,35,35,35,13,12300,430500
10 APR 2007,35,35,35,35,15,7100,248500
9 APR 2007,35,35,35,35,8,13400,469000
30 MAR 2007,35,35,35,35,1,1000,35000
29 MAR 2007,35,35,35,35,24,39500,1382500
26 MAR 2007,35,35,35,35,4,3500,122500
23 MAR 2007,35,35,35,35,5,3000,105000
22 MAR 2007,35,35,35,35,6,4000,140000
21 MAR 2007,35,35,35,35,1,600,21000
20 MAR 2007,35,36,35,35,8,7500,262700
16 MAR 2007,35,35,33.5,34.5,7,43200,1511650
15 MAR 2007,35,35,35,35,7,7200,252000
14 MAR 2007,34,35,33.5,34.25,7,4000,136650
13 MAR 2007,34,34,34,34,2,300,10200
12 MAR 2007,35,35,35,35,1,100,3500
8 MAR 2007,37.5,37.5,37.5,37.5,1,1000,37500
7 MAR 2007,37.5,37.5,37.5,37.5,1,100,3750
6 MAR 2007,39.75,39.75,39.75,39.75,1,100,3975
5 MAR 2007,39.75,39.75,39.75,39.75,1,500,19875
1 MAR 2007,37.5,37.5,37.5,37.5,1,100,3750
27 FEB 2007,37.25,37.25,37.25,37.25,1,100,3725
26 FEB 2007,37,37,37,37,1,900,33300
20 FEB 2007,39,39,38,38,3,2300,87600
19 FEB 2007,39,39,39,39,2,200,7800
13 FEB 2007,42,42,42,42,2,1100,46200
12 FEB 2007,41,42,38.5,41.75,16,34300,1435750
9 FEB 2007,40,41,40,41,10,14900,609075
8 FEB 2007,40,40,40,40,7,9400,376000
7 FEB 2007,39.75,40,39.75,40,8,7000,278725
2 FEB 2007,38.5,39.5,38.5,39.5,10,138100,5444550
31 JAN 2007,38,38,38,38,2,600,22800
30 JAN 2007,38.75,38.75,38.75,38.75,1,3000,116250
29 JAN 2007,38,38,38,38,1,500,19000
26 JAN 2007,39,40,38,39.5,15,43000,1697750
25 JAN 2007,37,39,37,39,26,76600,2974825
24 JAN 2007,37,37,37,37,3,4000,148000
23 JAN 2007,38,38,38,38,2,200,7600
22 JAN 2007,37,37,37,37,1,300,11100
19 JAN 2007,37,37.25,37,37,9,4900,181425
18 JAN 2007,38,38,37.5,37.5,3,11400,427700
17 JAN 2007,37,38,36,37,4,11200,414700
16 JAN 2007,37,37,37,37,7,3900,144300
12 JAN 2007,38,38,38,38,1,5000,190000
10 JAN 2007,37,37,37,37,3,1000,37000
9 JAN 2007,38,38,38,38,1,1000,38000
8 JAN 2007,38.5,38.5,38.5,38.5,1,3800,146300
5 JAN 2007,39,39,39,39,3,1200,46800
2 JAN 2007,39,39,39,39,1,500,19500
27 DEC 2006,37,37,37,37,1,100,3700
22 DEC 2006,37,38,37,38,2,500,18600
21 DEC 2006,37,38.5,37,37.25,7,22000,820000
20 DEC 2006,36,40,36,36.5,7,5100,186700
13 DEC 2006,35,35,35,35,2,200,7000
11 DEC 2006,35,35,35,35,1,100,3500
7 DEC 2006,39,39,39,39,1,200,7800
6 DEC 2006,38.5,38.5,38.5,38.5,2,500,19250
5 DEC 2006,39,39.5,39,39.25,10,2900,114100
1 DEC 2006,38.5,38.75,38.5,38.75,3,1700,65575
30 NOV 2006,36.5,38.5,36.5,38.25,6,7800,289375
29 NOV 2006,36.25,36.5,36.25,36.5,4,500,18175
28 NOV 2006,36.5,36.5,36.5,36.5,1,100,3650
24 NOV 2006,37.5,37.5,37,37.5,2,400,14950
20 NOV 2006,38.5,38.5,38.5,38.5,2,600,23100
17 NOV 2006,37.25,37.5,37.25,37.5,2,2400,89450
16 NOV 2006,38,39,38,39,25,47000,1824450
15 NOV 2006,38.5,38.5,38,38,13,8400,319350
14 NOV 2006,38.5,38.5,38.5,38.5,2,50100,1928850
13 NOV 2006,38,38,38,38,4,11100,421800
10 NOV 2006,40,40,38.25,39,22,108100,4272775
9 NOV 2006,37,40,37,39.75,86,225800,8614450
8 NOV 2006,37,37,37,37,2,1300,48100
7 NOV 2006,37,38,36.5,36.75,11,8300,304225
6 NOV 2006,37,37,36.5,37,10,6100,224625
3 NOV 2006,37,37,37,37,1,100,3700
2 NOV 2006,37.5,37.5,37.5,37.5,1,100,3750
1 NOV 2006,36.25,36.25,36.25,36.25,10,4000,145000
30 OCT 2006,35.25,38,35.25,36.25,6,1600,57775
27 OCT 2006,38.5,39,38,38,9,15800,607700
26 OCT 2006,38.5,38.5,38.5,38.5,2,6000,231000
25 OCT 2006,35,38.5,35,38.5,9,15500,577850
23 OCT 2006,38,38,38,38,4,5400,205200
20 OCT 2006,38.5,38.5,36.75,37,2,600,22225
19 OCT 2006,38.25,38.5,38.25,38.5,2,200,7675
18 OCT 2006,38.5,38.5,38.5,38.5,1,100,3850
16 OCT 2006,38.5,38.5,38.5,38.5,2,200,7700
13 OCT 2006,37,38,37,38,29,25900,975900
12 OCT 2006,37,38,37,37,16,14600,540700
11 OCT 2006,37,38.75,37,37.25,17,13600,505250
10 OCT 2006,36.75,39.75,36.75,39.75,2,300,11325
9 OCT 2006,40,41,39.75,40,6,3100,124750
5 OCT 2006,39.5,40,38.5,38.5,5,2000,78275
4 OCT 2006,38.5,39,38.5,39,11,18400,714525
3 OCT 2006,38.5,38.5,38,38,4,2100,80600
2 OCT 2006,38.75,39,38.75,38.75,7,2200,85375
29 SEP 2006,39,39.75,38.5,38.5,4,1300,50600
28 SEP 2006,37,39,36.25,38.5,9,17800,667950
26 SEP 2006,35.25,35.25,35.25,35.25,1,200,7050
21 SEP 2006,38.5,38.5,38.5,38.5,1,200,7700
20 SEP 2006,35.5,35.5,35.5,35.5,1,100,3550
19 SEP 2006,34.75,38.75,34.75,38,4,600,22850
14 SEP 2006,38,40,38,38.75,22,7800,303100
13 SEP 2006,37,38,36.5,37.25,16,7800,290950
12 SEP 2006,36.25,37.5,36.25,36.5,4,2000,73050
11 SEP 2006,34.5,34.5,34.5,34.5,2,200,6900
8 SEP 2006,35.5,35.5,35.5,35.5,4,1500,53250
6 SEP 2006,35.25,35.5,35,35.25,8,8300,291600
5 SEP 2006,35.25,35.25,35.25,35.25,1,500,17625
1 SEP 2006,35.5,35.5,35.5,35.5,2,600,21300
31 AUG 2006,35,36,35,35.25,8,3600,126475
30 AUG 2006,34.75,34.75,34,34.75,3,900,31050
29 AUG 2006,35,35,33.5,33.5,4,2000,67775
28 AUG 2006,34,36,34,35,4,28400,966300
25 AUG 2006,33.5,34,33.5,34,8,302100,10270900
24 AUG 2006,33.5,33.75,33.5,33.75,6,3200,107500
23 AUG 2006,34.5,34.5,33.5,33.5,4,3000,101400
22 AUG 2006,33.25,33.25,33.25,33.25,1,700,23275
18 AUG 2006,33.25,33.25,33.25,33.25,1,100,3325
17 AUG 2006,33.5,33.5,33.25,33.25,6,4000,133150
16 AUG 2006,33.5,33.5,33.5,33.5,1,100,3350
15 AUG 2006,34.5,39.25,34.5,36.25,22,9400,345425
11 AUG 2006,34.75,34.75,34.75,34.75,2,200,6950
10 AUG 2006,33.5,34.75,33.5,34.75,3,900,31150
8 AUG 2006,33.5,34,33.5,33.75,7,4200,141300
7 AUG 2006,33.5,33.5,33.5,33.5,2,1000,33500
4 AUG 2006,33.5,33.5,33.5,33.5,2,2500,83750
2 AUG 2006,33.5,33.5,33.5,33.5,2,2400,80400
1 AUG 2006,33.5,33.5,33.5,33.5,3,2000,67000
27 JUL 2006,33.5,35.75,33.5,33.75,5,4600,154725
26 JUL 2006,33.25,33.25,33.25,33.25,2,1500,49875
25 JUL 2006,33.25,33.25,33.25,33.25,1,1500,49875
24 JUL 2006,33.25,33.25,33,33.25,2,400,13275
21 JUL 2006,33,33,33,33,6,12300,405900
20 JUL 2006,33,33,33,33,1,1000,33000
19 JUL 2006,33.25,33.25,33,33,10,6300,208525
17 JUL 2006,33,33,33,33,4,1300,42900
14 JUL 2006,33,33,33,33,2,1400,46200
12 JUL 2006,33,33,33,33,1,200,6600
7 JUL 2006,33.25,34,33,33.75,4,6400,215900
6 JUL 2006,33,33,33,33,2,700,23100
4 JUL 2006,33,33,33,33,1,100,3300
29 JUN 2006,32.5,32.5,32.5,32.5,2,200,6500
28 JUN 2006,32.25,32.25,32.25,32.25,1,200,6450
27 JUN 2006,32.5,33.75,32.5,33.25,2,400,13250
20 JUN 2006,31.25,31.25,31.25,31.25,2,7500,234375
19 JUN 2006,31.75,34,31.75,31.75,6,11100,352850
15 JUN 2006,33,34.75,33,34.5,4,1900,65400
13 JUN 2006,31.5,34.25,31.5,33,6,2000,64500
9 JUN 2006,31.25,31.25,31,31,2,4000,124250
8 JUN 2006,34,34,34,34,1,500,17000
6 JUN 2006,34,34.5,34,34.25,3,500,17125
5 JUN 2006,31,31,31,31,2,5600,173600
2 JUN 2006,30.25,30.75,30.25,30.75,2,300,9125
29 MAY 2006,35,35,35,35,1,100,3500
26 MAY 2006,35,35,35,35,1,100,3500
24 MAY 2006,31.5,31.5,31.5,31.5,1,300,9450
22 MAY 2006,31.5,31.5,31.5,31.5,1,100,3150
19 MAY 2006,31,31.5,31,31.5,2,1600,50300
18 MAY 2006,30.5,33,30.5,33,6,3500,114000
17 MAY 2006,30,30,30,30,2,200,6000
16 MAY 2006,29,29,29,29,1,400,11600
15 MAY 2006,31.25,34,30,31.75,12,9600,302625
10 MAY 2006,31.75,34.5,31.5,32.5,4,1600,51925
9 MAY 2006,32,32,32,32,2,1500,48000
8 MAY 2006,32,32,31.75,32,3,2000,63750
5 MAY 2006,32,32,32,32,4,2400,76800
4 MAY 2006,32,32,32,32,4,3400,108800
2 MAY 2006,32,32,32,32,1,400,12800
28 APR 2006,33,35,33,34.25,3,800,27325
27 APR 2006,31,32,31,32,2,1000,31500
26 APR 2006,30.25,30.5,30.25,30.25,8,2800,84825
25 APR 2006,33,33,31,32,11,15800,506100
24 APR 2006,32.5,33,32,32.75,7,8600,280850
20 APR 2006,33.25,33.25,33,33.25,3,1100,36550
18 APR 2006,33,35.5,33,34.25,17,12300,422300
17 APR 2006,35,35,33,33,19,15000,510600
10 APR 2006,35.5,35.5,35.5,35.5,1,1000,35500
7 APR 2006,35,37.5,35,37,23,9300,340650
6 APR 2006,36.25,38,35,35.5,43,48100,1769500
5 APR 2006,36.75,36.75,36.75,36.75,1,5000,183750
4 APR 2006,37,37,35,37,24,99600,3496125
3 APR 2006,38,38,37.75,37.75,2,7000,265250
31 MAR 2006,35.5,38.75,35,36.5,36,31700,1149450
30 MAR 2006,39,39,38.25,38.5,4,3000,115500
29 MAR 2006,35.75,39.5,35,37.5,12,30400,1092625
27 MAR 2006,35,35,35,35,3,10100,353500
21 MAR 2006,34.5,34.5,34.5,34.5,1,1600,55200
20 MAR 2006,34,35,34,34.75,11,6400,221400
15 MAR 2006,34.5,34.5,34.5,34.5,2,400,13800
10 MAR 2006,36.75,36.75,36.75,36.75,1,400,14700
9 MAR 2006,35,35,35,35,1,500,17500
8 MAR 2006,35,35,35,35,1,1000,35000
7 MAR 2006,35,35,35,35,4,30000,1050000
6 MAR 2006,36.5,36.5,36.5,36.5,1,100,3650
2 MAR 2006,35.5,35.5,35.5,35.5,1,500,17750
1 MAR 2006,35.5,35.5,35.5,35.5,1,100,3550
28 FEB 2006,35.5,35.5,35.5,35.5,1,100,3550
24 FEB 2006,36.5,36.5,36,36,4,20300,730950
23 FEB 2006,36,36,36,36,1,10000,360000
22 FEB 2006,35,39,35,36,8,4400,157200
21 FEB 2006,34.5,35,34.5,35,7,57900,2023175
20 FEB 2006,35,35,34.5,34.5,4,2900,101450
17 FEB 2006,35,35,35,35,1,200,7000
16 FEB 2006,35.5,35.5,35,35.25,8,9600,337625
15 FEB 2006,36,37.5,35,35.25,4,6500,229250
14 FEB 2006,38,38,38,38,1,500,19000
2 FEB 2006,38,38,38,38,1,500,19000
1 FEB 2006,38,40,38,38.5,7,2500,96000
31 JAN 2006,38,38,38,38,1,500,19000
27 JAN 2006,38,38,38,38,1,200,7600
26 JAN 2006,37.5,37.5,37.5,37.5,1,100,3750
25 JAN 2006,34,34,34,34,3,2700,91800
23 JAN 2006,34.5,34.5,34.5,34.5,3,1300,44850
20 JAN 2006,34.5,34.5,34.5,34.5,2,400,13800
10 JAN 2006,34.5,34.5,34.5,34.5,1,100,3450
4 JAN 2006,35,35,35,35,2,500,17500
3 JAN 2006,35,35,35,35,1,300,10500
2 JAN 2006,35,35,34,35,5,9300,324000
29 DEC 2005,32,34,32,33.25,7,10300,329825
28 DEC 2005,31,31,30,31,6,6200,188200
27 DEC 2005,32,32.25,30.5,32,13,10200,326300
23 DEC 2005,32,32,32,32,1,500,16000
22 DEC 2005,35,35,32,32.25,5,1100,37100
21 DEC 2005,33.5,33.5,33.5,33.5,1,1000,33500
20 DEC 2005,34,34,32,33.5,3,900,30200
13 DEC 2005,39,39,39,39,3,500,19500
12 DEC 2005,35.5,39,35.5,38,4,500,18550
9 DEC 2005,36,36,36,36,1,200,7200
8 DEC 2005,33,33.25,33,33.25,2,500,16525
6 DEC 2005,36,36,32.25,35,4,1900,66400
5 DEC 2005,37.5,37.5,35.25,36.75,4,900,33050
2 DEC 2005,38.5,38.5,38.5,38.5,7,5900,227150
1 DEC 2005,38.5,38.5,38.5,38.5,1,200,7700
30 NOV 2005,40,40,40,40,1,400,16000
28 NOV 2005,42,42,40.25,40.5,12,20700,845725
25 NOV 2005,36.75,40,36.75,40,8,30900,1235100
24 NOV 2005,38.5,38.5,36.25,37,5,1500,57000
23 NOV 2005,39.5,39.5,39.5,39.5,3,2000,79000
22 NOV 2005,40,40.5,38.5,40.25,5,4500,178875
21 NOV 2005,41,41,38.5,38.5,12,7000,281450
18 NOV 2005,40,40,40,40,1,500,20000
17 NOV 2005,43,43,42,42.5,4,4500,191250
11 NOV 2005,44,44,44,44,2,1200,52800
10 NOV 2005,44.25,44.25,44,44.25,2,2000,88250
9 NOV 2005,45,45,42.25,45,8,25000,1124725
8 NOV 2005,45,45,45,45,6,6000,270000
7 NOV 2005,44,45,44,45,5,4000,179000
2 NOV 2005,46,46,46,46,1,1000,46000
31 OCT 2005,45,45,44.75,45,8,5200,233825
28 OCT 2005,44.75,45,44.75,45,3,2000,89750
27 OCT 2005,45.25,45.25,45,45,2,500,22550
26 OCT 2005,45,45,45,45,2,1100,49500
25 OCT 2005,46,46,45,45,3,12000,542000
21 OCT 2005,46,46,46,46,1,200,9200
20 OCT 2005,45.5,45.5,45.5,45.5,1,200,9100
19 OCT 2005,46.75,46.75,46,46.5,4,1800,83550
18 OCT 2005,46.75,47.5,46.5,47,20,23300,1099650
14 OCT 2005,47,47.5,46.5,46.75,28,33600,1582775
13 OCT 2005,45.5,47.5,45.5,46.75,38,36100,1671325
12 OCT 2005,44.5,45,44.5,45,4,2100,94250
11 OCT 2005,43.25,43.25,42.5,42.5,4,700,30075
10 OCT 2005,44.5,44.5,43.25,43.25,3,400,17550
6 OCT 2005,45,45,45,45,1,200,9000
5 OCT 2005,45.25,45.5,45.25,45.5,4,1700,77175
4 OCT 2005,45,45,44.5,45,11,20500,920700
3 OCT 2005,45,46.75,45,46.5,11,4400,204150
30 SEP 2005,45,45.5,45,45.5,7,2600,117550
29 SEP 2005,45,45.5,45,45.5,8,4000,180500
28 SEP 2005,44.75,46,44.75,45.25,21,48200,2177500
27 SEP 2005,44.75,44.75,44.75,44.75,3,1700,76075
26 SEP 2005,44,44,44,44,1,3000,132000
23 SEP 2005,44,44,44,44,5,5200,228800
22 SEP 2005,44,45,44,44,4,2200,97000
20 SEP 2005,42.25,42.25,42.25,42.25,1,200,8450
15 SEP 2005,43,45,43,44.5,6,2700,120325
14 SEP 2005,42,42,42,42,1,100,4200
13 SEP 2005,42,42,42,42,1,600,25200
12 SEP 2005,42,42,42,42,2,1300,54600
9 SEP 2005,41.75,42,41.75,42,3,800,33475
8 SEP 2005,41.25,41.25,41.25,41.25,1,3100,127875
2 SEP 2005,40.25,40.25,40.25,40.25,1,100,4025
1 SEP 2005,43.5,43.5,40,40.25,5,5300,213100
31 AUG 2005,44.5,44.5,44,44,9,15100,666900
30 AUG 2005,45,45,44.5,44.5,13,14200,637450
29 AUG 2005,45,45,44.5,45,8,16200,727400
26 AUG 2005,43.5,45,43,45,25,39900,1777225
25 AUG 2005,44,44,43.5,44,12,32900,1447500
24 AUG 2005,44.5,44.5,44,44,11,35600,1566650
23 AUG 2005,45,45,44,44,9,11200,493800
22 AUG 2005,45,45.5,45,45,11,32400,1458150
18 AUG 2005,45,45,45,45,9,26500,1192500
17 AUG 2005,45,45.25,45,45.25,4,5200,234025
16 AUG 2005,45,45,45,45,4,7000,315000
15 AUG 2005,44,44,44,44,2,200,8800
12 AUG 2005,45,45.75,45,45.75,5,14300,645225
11 AUG 2005,44.75,44.75,44.75,44.75,3,5000,223750
10 AUG 2005,45.75,45.75,44.75,45,16,14800,664900
9 AUG 2005,44.75,45.75,44.75,45.5,38,98100,4396375
8 AUG 2005,44.75,44.75,44.5,44.75,25,55300,2473175
5 AUG 2005,44.5,44.75,44.5,44.75,9,14500,647550
4 AUG 2005,44.75,44.75,44.5,44.75,6,4100,183375
3 AUG 2005,44.5,44.5,44.5,44.5,1,500,22250
2 AUG 2005,44.5,44.5,44,44.5,10,9500,421250
1 AUG 2005,44,44.25,44,44,19,17200,757050
29 JUL 2005,44,44,44,44,6,4500,198000
28 JUL 2005,44,44,44,44,2,2700,118800
27 JUL 2005,44,44,44,44,1,500,22000
26 JUL 2005,44,44,43.5,44,8,7100,312350
25 JUL 2005,44,44,44,44,1,100,4400
22 JUL 2005,43.5,44,43.5,44,7,4100,180350
20 JUL 2005,44,44,43.5,43.5,5,5300,231550
19 JUL 2005,44,44,44,44,8,5100,224400
18 JUL 2005,44,44,44,44,5,4100,180400
15 JUL 2005,44,44.25,44,44.25,3,300,13250
14 JUL 2005,44.25,44.25,44,44,6,2600,114825
13 JUL 2005,44.75,44.75,44.25,44.25,4,6100,269975
12 JUL 2005,44,44,44,44,1,100,4400
11 JUL 2005,44,44.75,44,44.5,6,4800,212700
7 JUL 2005,43,44.75,43,44.75,3,500,21850
5 JUL 2005,44.25,44.25,44,44,3,1300,57250
4 JUL 2005,44.75,44.75,44.75,44.75,1,500,22375
1 JUL 2005,44,44,44,44,1,300,13200
29 JUN 2005,45,45.5,45,45.25,12,10700,483400
28 JUN 2005,45.5,45.5,45,45,14,17700,804000
27 JUN 2005,45.5,45.5,45.5,45.5,8,17500,796250
24 JUN 2005,46,46,46,46,1,500,23000
23 JUN 2005,45,46,45,45.5,5,2800,127600
20 JUN 2005,45,45.5,45,45.25,6,5400,244000
17 JUN 2005,45,45.75,45,45.75,5,4300,193875
15 JUN 2005,45.25,45.5,45.25,45.5,6,7500,340325
14 JUN 2005,45.75,45.75,45.5,45.75,10,10900,498650
13 JUN 2005,46.5,46.5,45.5,46,16,27400,1261550
10 JUN 2005,45.5,46,45,46,7,3800,173800
9 JUN 2005,45,46,45,46,7,19600,895850
8 JUN 2005,44.5,45.5,44.5,45.5,5,15000,682000
7 JUN 2005,44.5,44.5,44,44.25,4,500,22150
6 JUN 2005,46,46,44.5,44.5,6,4100,184100
3 JUN 2005,45,46.25,45,46,11,15200,698050
1 JUN 2005,45.75,45.75,45,45,10,10400,472750
31 MAY 2005,45.5,45.75,45.5,45.5,11,9800,446900
30 MAY 2005,46,46,45.5,45.5,3,2400,110200
27 MAY 2005,46,46.25,46,46,6,2600,119675
26 MAY 2005,46,46,46,46,6,7300,335800
25 MAY 2005,46.5,46.5,46,46,6,4400,204100
20 MAY 2005,46.5,47,46.5,46.5,4,1600,74800
19 MAY 2005,46.25,46.25,46,46,11,12600,580100
18 MAY 2005,47.25,47.25,46,46.5,14,13200,610450
17 MAY 2005,47,47.25,46,47,15,17100,797325
16 MAY 2005,47.75,48,47.75,48,2,2000,95750
13 MAY 2005,47,48,47,47.5,15,27500,1299050
12 MAY 2005,46,46.25,46,46,17,23900,1100000
11 MAY 2005,46.25,46.25,46,46,14,14600,671850
10 MAY 2005,46,46,46,46,2,2000,92000
9 MAY 2005,46.25,47.75,46,46.25,33,64300,2976175
6 MAY 2005,46,46.25,46,46.25,4,3900,179650
5 MAY 2005,46,46,46,46,14,15600,717600
4 MAY 2005,46,46.75,46,46,10,6400,294475
3 MAY 2005,46,46,46,46,1,900,41400
29 APR 2005,46.25,46.25,46,46,3,2600,119625
28 APR 2005,45.25,47.5,45.25,47,8,9800,460025
27 APR 2005,45.5,45.5,45.25,45.25,8,27700,1254225
26 APR 2005,44.75,45.5,44.75,45.5,5,10700,486475
25 APR 2005,45,45.5,45,45.5,8,10200,463900
21 APR 2005,45.5,45.5,45,45,16,11800,531250
20 APR 2005,45,45.5,45,45.5,9,26700,1214100
19 APR 2005,45,45.5,45,45,11,14800,668500
18 APR 2005,45,45,45,45,9,5000,225000
12 APR 2005,45,45.25,45,45,9,7400,333125
11 APR 2005,45,45,45,45,1,600,27000
8 APR 2005,45,45,45,45,5,6600,297000
7 APR 2005,44.75,44.75,44.5,44.75,9,6300,281600
6 APR 2005,44.75,44.75,44.75,44.75,3,2500,111875
5 APR 2005,45,45,44.75,44.75,12,18200,815175
4 APR 2005,44.75,45.25,44.75,45,9,9500,427650
1 APR 2005,44.75,44.75,44.75,44.75,1,1000,44750
31 MAR 2005,45.75,46,45.75,46,2,3000,137750
30 MAR 2005,45.75,45.75,45.25,45.25,5,11800,534850
28 MAR 2005,46,46,46,46,5,12100,556600
24 MAR 2005,45.5,46,45.5,46,8,12900,592450
23 MAR 2005,46,46,46,46,7,2500,115000
22 MAR 2005,45.5,46,45.5,46,7,9500,436400
21 MAR 2005,46.25,46.25,46,46,5,3500,161250
18 MAR 2005,46.5,47.5,46.5,47.5,7,3700,173525
17 MAR 2005,47,47,46.5,46.5,7,4600,214400
16 MAR 2005,47,47,46.75,47,11,10700,502875
15 MAR 2005,46,47.5,46,47,40,147300,6804625
14 MAR 2005,46.75,46.75,46.75,46.75,2,400,18700
11 MAR 2005,46,48.5,46,47,13,9100,428200
10 MAR 2005,45.5,46,45,45,14,6500,293425
9 MAR 2005,45,45.5,45,45,4,2800,126050
7 MAR 2005,45,45,44.25,45,9,4900,220425
4 MAR 2005,46,47,46,46,9,4700,218200
3 MAR 2005,46.5,46.5,46,46,10,6100,280950
2 MAR 2005,47,47,46.5,46.75,10,14700,690350
1 MAR 2005,47,47,47,47,2,400,18800
28 FEB 2005,46.5,48,46.5,47.25,13,3400,159925
25 FEB 2005,47.5,47.5,46,46,12,10500,486125
24 FEB 2005,47.5,47.5,46.75,47,24,29300,1378875
22 FEB 2005,47.5,48.25,47.5,47.5,11,6500,309125
21 FEB 2005,48,48,46.75,46.75,2,5100,238550
18 FEB 2005,46.5,48,46.5,48,14,11100,524700
17 FEB 2005,46.75,46.75,46.5,46.5,6,4300,200100
16 FEB 2005,47,47,46.75,47,7,2300,108050
15 FEB 2005,47.25,47.25,47,47,4,1500,70525
14 FEB 2005,48.25,48.25,47.25,47.5,16,12300,583150
11 FEB 2005,47,49.25,47,48.5,42,40900,1986825
10 FEB 2005,46,46.25,46,46.25,3,9500,437750
9 FEB 2005,46,46,46,46,6,3500,161000
8 FEB 2005,47,47,46.5,46.75,8,3400,159725
7 FEB 2005,47,47.75,47,47,6,3900,184050
3 FEB 2005,47,47,46.75,47,9,5300,248550
2 FEB 2005,47,47.75,47,47,12,7000,329825
1 FEB 2005,46.5,46.5,46.5,46.5,1,200,9300
31 JAN 2005,48,48.75,48,48,6,1900,91425
28 JAN 2005,48.25,48.5,47,48,18,14900,715050
27 JAN 2005,48.25,48.25,48,48.25,9,10500,506500
26 JAN 2005,49,49,48,48,18,6500,315775
25 JAN 2005,47.75,49,47,49,42,37100,1809125
20 JAN 2005,47,48.5,47,48,68,48500,2320175
19 JAN 2005,46,46.5,46,46.5,6,3200,148550
17 JAN 2005,46.5,46.5,46,46,3,800,37100
13 JAN 2005,47,47.5,46,46,19,17600,818125
12 JAN 2005,44,47,44,46.75,55,58200,2693475
11 JAN 2005,44.5,44.5,44.5,44.5,2,300,13350
10 JAN 2005,45,45,44.5,44.5,8,6500,289300
7 JAN 2005,45.25,45.5,44.5,44.5,10,4700,211450
6 JAN 2005,45,46,45,45.75,16,13200,600700
5 JAN 2005,43.5,46,43.5,44.75,29,15000,671100
4 JAN 2005,42.75,44.5,42.5,43,13,18000,777875
3 JAN 2005,42.5,42.5,42.5,42.5,2,600,25500
31 DEC 2004,42.5,42.5,42.5,42.5,2,800,34000
30 DEC 2004,42,42,42,42,1,2000,84000
29 DEC 2004,38.25,43.75,38.25,41,3,1400,57400
23 DEC 2004,45,45,44.75,44.75,7,12700,571100
22 DEC 2004,45,45,45,45,1,2000,90000
21 DEC 2004,45,45,45,45,4,800,36000
20 DEC 2004,45,45,45,45,1,500,22500
17 DEC 2004,45,45,45,45,1,100,4500
16 DEC 2004,45.5,45.75,45.5,45.5,3,17100,778075
14 DEC 2004,45,45.5,45,45.25,6,2400,108525
13 DEC 2004,45.5,45.5,45.25,45.5,4,2200,100075
10 DEC 2004,46.25,46.25,45.5,45.5,4,12100,550625
8 DEC 2004,45.75,45.75,45.5,45.5,5,10400,473300
7 DEC 2004,45,46.75,45,45.75,3,500,22750
3 DEC 2004,45,45,45,45,1,100,4500
1 DEC 2004,44.25,45,44.25,45,13,32000,1438875
30 NOV 2004,44,45,44,45,3,800,35700
29 NOV 2004,46,46,46,46,2,500,23000
25 NOV 2004,45,45,45,45,2,600,27000
24 NOV 2004,45.5,46.75,44,44.5,11,7800,350225
23 NOV 2004,45.25,45.25,45,45,11,20600,927050
22 NOV 2004,45.5,45.5,45.5,45.5,1,100,4550
18 NOV 2004,45.75,46,44.5,45.75,19,3600,164125
16 NOV 2004,43,43,43,43,1,100,4300
15 NOV 2004,43.5,44,43,43,4,6900,296950
12 NOV 2004,43.5,43.5,43.5,43.5,1,500,21750
10 NOV 2004,46,46,46,46,1,100,4600
9 NOV 2004,45,45.75,44,44,13,44000,1937175
8 NOV 2004,45,46.75,44,46.5,11,56200,2615425
5 NOV 2004,45.25,45.25,45,45,3,1800,81125
4 NOV 2004,46,46,46,46,1,400,18400
3 NOV 2004,46,46,45,45.5,2,500,22700
2 NOV 2004,46.5,46.5,44,45.75,8,1200,54650
1 NOV 2004,48.75,48.75,46.25,46.25,2,200,9500
29 OCT 2004,46,46,46,46,1,100,4600
28 OCT 2004,46.5,46.5,46,46.5,10,22100,1027400
26 OCT 2004,47.5,49.25,45.25,46,23,24700,1137700
25 OCT 2004,48,48,47.5,47.5,6,7400,354100
22 OCT 2004,48,49,47.5,47.75,25,42600,2058450
21 OCT 2004,49,49.5,48,48,12,39500,1902450
20 OCT 2004,49,49.5,48.5,49,25,19600,963675
19 OCT 2004,49,49,47.5,47.75,12,8700,421650
18 OCT 2004,46.5,49.75,46.5,48.25,64,147000,7117725
15 OCT 2004,46.25,46.25,46,46,6,7000,322075
14 OCT 2004,45,46.25,45,46,26,43400,1970550
13 OCT 2004,45,46.25,45,45.25,17,31800,1432025
12 OCT 2004,46,46.25,46,46,24,23300,1072500
11 OCT 2004,46.25,46.25,46,46,13,7300,336000
8 OCT 2004,45,47,45,46,28,29800,1374950
7 OCT 2004,44.5,45.5,44.5,45.5,20,18900,853025
6 OCT 2004,43.75,43.75,43.75,43.75,2,4000,175000
5 OCT 2004,44.25,44.25,44,44,7,6500,286250
1 OCT 2004,45,46,44.5,44.5,4,5500,245150
30 SEP 2004,43.75,43.75,43.75,43.75,2,600,26250
29 SEP 2004,43.75,43.75,43.5,43.5,4,2000,87050
27 SEP 2004,45,45,44,44.25,3,3700,165300
23 SEP 2004,44,45,44,44,3,1300,57300
22 SEP 2004,43.5,43.75,43.5,43.5,3,3000,130750
21 SEP 2004,45,46,45,45,8,13500,607700
20 SEP 2004,45,45,45,45,2,1000,45000
17 SEP 2004,46,46,45.5,46,8,10200,469150
16 SEP 2004,45.75,46.25,45.5,46.25,22,14700,676275
15 SEP 2004,44,46.5,44,45.25,25,42500,1912100
14 SEP 2004,42.5,42.5,42.5,42.5,1,100,4250
13 SEP 2004,44.75,44.75,44.25,44.5,17,33400,1485750
10 SEP 2004,42.75,43,42.75,43,5,5800,249025
9 SEP 2004,42,42,42,42,6,5900,247800
8 SEP 2004,42.5,43,41.5,41.5,19,28900,1202675
7 SEP 2004,44,44,40.5,42.5,11,5000,210950
6 SEP 2004,45,45.5,45,45,4,12100,544550
3 SEP 2004,43,43.25,43,43.25,3,1700,73125
2 SEP 2004,43,43,43,43,7,7000,301000
1 SEP 2004,45,45,43,43,5,2800,120600
31 AUG 2004,42.5,42.5,42,42.25,9,13100,552875
30 AUG 2004,44,44,44,44,1,300,13200
27 AUG 2004,44.5,44.5,44,44,3,1300,57350
26 AUG 2004,44.25,44.25,42.25,42.5,5,1300,56325
25 AUG 2004,44.75,45,44.5,44.75,6,6600,294300
24 AUG 2004,46,46,45,45,2,600,27300
23 AUG 2004,47.25,47.25,47.25,47.25,1,200,9450
20 AUG 2004,43,45,43,44.75,11,6900,308175
19 AUG 2004,43.75,43.75,42.5,42.75,6,4100,175375
18 AUG 2004,44,44,43.5,43.5,14,3800,167050
17 AUG 2004,45,45,44,44.5,11,9200,410500
16 AUG 2004,45,45,44,44.25,5,1800,80800
13 AUG 2004,45,46,45,45,6,13600,613100
12 AUG 2004,45,47,45,45,100,120800,5494725
11 AUG 2004,44.25,44.5,44.25,44.5,8,24500,1089250
10 AUG 2004,44,44.25,44,44,8,3700,162925
9 AUG 2004,44.75,44.75,44.5,44.5,5,1500,66875
6 AUG 2004,45,46,45,45.25,29,33200,1500250
5 AUG 2004,45.75,45.75,45,45,12,11000,497250
4 AUG 2004,46.5,46.5,45,45,10,25500,1151800
3 AUG 2004,47,47,46,46,5,14500,670500
2 AUG 2004,47.75,47.75,46,46.25,17,22100,1023600
30 JUL 2004,46.5,47,46,46,16,28300,1306250
29 JUL 2004,47,47.5,46,46.75,34,49200,2308100
28 JUL 2004,46.5,47.25,46.5,47,21,33300,1564000
27 JUL 2004,48.25,48.25,46,46.5,50,49300,2310025
26 JUL 2004,49,49,48.25,48.5,37,22400,1087250
23 JUL 2004,50,50.5,48.25,48.5,93,91100,4453650
22 JUL 2004,48,51.5,48,48.75,359,564200,28207750
21 JUL 2004,43,50,43,48,351,858400,40685700
20 JUL 2004,40.5,43,40.5,42.25,51,78900,3323500
19 JUL 2004,40,40.5,40,40.5,5,4500,182000
16 JUL 2004,39.75,41.5,39.75,41.5,16,38500,1582700
15 JUL 2004,39.5,39.5,39.5,39.5,1,100,3950
14 JUL 2004,42,42,40.5,41.75,24,59600,2502550
13 JUL 2004,40,40.5,40,40.5,7,12900,517300
12 JUL 2004,39.5,39.75,39.25,39.25,7,5500,216500
9 JUL 2004,39,39,39,39,1,5000,195000
8 JUL 2004,38.75,39,38.75,39,8,9900,384225
7 JUL 2004,38.25,38.25,37.5,38,9,3900,148025
6 JUL 2004,39.5,39.5,37.5,39,12,103200,4019900
5 JUL 2004,39.25,39.25,39,39,7,2900,113650
1 JUL 2004,39.75,39.75,39,39.25,14,7600,298450
30 JUN 2004,39.5,39.5,39.25,39.25,11,18500,730000
29 JUN 2004,39.75,39.75,39.5,39.5,2,400,15825
28 JUN 2004,37.5,40.5,37.5,40.5,2,600,23400
25 JUN 2004,40.5,40.75,40.5,40.5,13,9500,384875
24 JUN 2004,40,41.75,37,40.75,39,36800,1486350
23 JUN 2004,42,43.75,41.75,43,109,237600,10183350
22 JUN 2004,41,41.5,41,41.5,29,39300,1622250
21 JUN 2004,40.25,41,40.25,41,29,23100,937125
18 JUN 2004,40,40.25,40,40.25,3,3500,140250
17 JUN 2004,40,41.25,40,40.25,19,61900,2479375
16 JUN 2004,39.25,39.25,39,39,4,5500,214875
15 JUN 2004,39.5,39.5,39,39.25,9,9800,385150
14 JUN 2004,40,40,40,40,2,1000,40000
11 JUN 2004,40.5,41.25,40.5,41.25,4,600,24675
10 JUN 2004,41,41.25,41,41.25,3,300,12350
9 JUN 2004,40.5,40.75,40.5,40.75,10,16000,648725
8 JUN 2004,40.5,40.5,40.25,40.5,6,1600,64675
7 JUN 2004,40.75,41.25,40.5,40.5,5,3800,154375
4 JUN 2004,40.25,40.5,40.25,40.25,8,11500,464100
3 JUN 2004,40.5,41.5,40.25,40.25,22,21900,891750
1 JUN 2004,41,41.25,41,41,13,19200,787500
31 MAY 2004,41,41,41,41,1,100,4100
28 MAY 2004,41,41.25,41,41,12,4800,197075
27 MAY 2004,41.5,41.5,41,41.25,9,4400,181300
26 MAY 2004,41,41.75,41,41.25,25,35400,1466825
25 MAY 2004,40.5,41,40,40.5,31,20600,834100
24 MAY 2004,41,42,41,41,19,21000,867300
21 MAY 2004,38,43,38,40.5,201,480200,19242375
20 MAY 2004,35.75,39,35.75,37.5,20,29700,1110575
19 MAY 2004,35.75,35.75,35.75,35.75,3,2000,71500
17 MAY 2004,32.5,36,32.5,35.25,5,1600,56450
14 MAY 2004,34.5,35,34.5,35,10,5900,205950
13 MAY 2004,34.25,34.5,34.25,34.5,2,1400,48200
11 MAY 2004,34.25,34.25,34.25,34.25,1,300,10275
6 MAY 2004,32,32,32,32,1,100,3200
28 APR 2004,32.5,33,31.25,32,6,700,22450
27 APR 2004,31.25,31.25,31.25,31.25,2,200,6250
23 APR 2004,31,31,31,31,1,100,3100
19 APR 2004,31,31,31,31,2,400,12400
16 APR 2004,31.25,31.25,31.25,31.25,1,200,6250
14 APR 2004,31.75,32,31,31,5,13400,425775
7 APR 2004,31,31,31,31,2,2800,86800
6 APR 2004,29,29,29,29,1,500,14500
2 APR 2004,33,33.25,33,33,4,4500,148875
1 APR 2004,32.25,32.75,32.25,32.5,4,5600,182475
31 MAR 2004,31.5,32.25,31.5,32,8,3600,115425
30 MAR 2004,31.25,31.75,31,31.25,9,4300,134475
29 MAR 2004,31.25,31.25,31.25,31.25,1,500,15625
26 MAR 2004,31.25,31.25,31.25,31.25,6,1700,53125
24 MAR 2004,31.25,31.25,31.25,31.25,3,700,21875
19 MAR 2004,31.5,33.5,31.25,31.75,8,2100,66500
18 MAR 2004,32,32,31.75,31.75,2,700,22275
17 MAR 2004,31.5,31.5,31.25,31.25,3,2500,78300
16 MAR 2004,31,31,31,31,2,1000,31000
15 MAR 2004,31,31,31,31,1,2000,62000
12 MAR 2004,32,32,31.25,31.25,3,2000,62875
9 MAR 2004,31.25,31.25,31.25,31.25,1,100,3125
8 MAR 2004,33,33,31,31.75,3,500,15900
5 MAR 2004,33,33,33,33,1,500,16500
2 MAR 2004,31,31,31,31,3,1400,43400
27 FEB 2004,32,32,32,32,2,2600,83200
26 FEB 2004,31,31,31,31,13,13100,406100
25 FEB 2004,31,31,31,31,1,1200,37200
24 FEB 2004,31,31,31,31,2,1100,34100
23 FEB 2004,31.25,31.25,31.25,31.25,1,100,3125
20 FEB 2004,30,30,29.25,29.75,2,1300,38625
19 FEB 2004,29.5,31,29.5,31,2,300,9000
17 FEB 2004,29.25,29.5,29.25,29.25,5,1200,35125
16 FEB 2004,29.5,29.5,29.5,29.5,1,100,2950
12 FEB 2004,29,29,29,29,1,100,2900
10 FEB 2004,28,28,28,28,2,300,8400
9 FEB 2004,30,30,30,30,3,1200,36000
3 FEB 2004,32,32,32,32,1,2000,64000
30 JAN 2004,33,33,33,33,7,15600,514800
29 JAN 2004,33,33,33,33,1,5000,165000
27 JAN 2004,34.75,34.75,34.75,34.75,1,100,3475
26 JAN 2004,33,33,32.25,32.25,5,2500,81000
23 JAN 2004,33,33,32,32.25,8,1000,32500
19 JAN 2004,33,33,33,33,1,100,3300
16 JAN 2004,34,34,33,33.25,4,6700,222100
14 JAN 2004,33,33,33,33,1,900,29700
13 JAN 2004,33,33,33,33,1,100,3300
12 JAN 2004,33,33,33,33,2,500,16500
9 JAN 2004,35,35,35,35,1,100,3500
6 JAN 2004,35.75,35.75,35.75,35.75,1,100,3575
2 JAN 2004,33,33,33,33,5,900,29700
31 DEC 2003,32,32.25,32,32,5,10500,336225
30 DEC 2003,32,32,32,32,3,3000,96000
29 DEC 2003,32.5,32.5,32.5,32.5,1,100,3250
22 DEC 2003,33,33,32,32,8,3300,105800
19 DEC 2003,32,32,32,32,9,3800,121600
18 DEC 2003,32,32,32,32,12,5900,188800
17 DEC 2003,33.25,33.25,32,32,14,12900,416650
16 DEC 2003,34,34,33.25,33.25,3,700,23575
11 DEC 2003,36,36,34,35,5,13100,458900
9 DEC 2003,36.5,36.5,36.5,36.5,1,500,18250
5 DEC 2003,33.25,33.25,33.25,33.25,4,2800,93100
4 DEC 2003,35.5,35.5,33.25,34,13,9500,332550
3 DEC 2003,36,36,35.75,35.75,3,4100,147575
2 DEC 2003,36.5,36.5,36.5,36.5,2,300,10950
28 NOV 2003,37,37,37,37,2,600,22200
27 NOV 2003,35.5,35.5,35.5,35.5,1,300,10650
25 NOV 2003,37,37,35,35.5,6,1300,46875
21 NOV 2003,38.5,38.5,37,37,11,14300,533950
20 NOV 2003,39,39,38.5,38.5,2,1100,42800
19 NOV 2003,39,39,39,39,3,3000,117000
18 NOV 2003,38.5,39,38.5,38.75,6,17000,657000
14 NOV 2003,38,38,36,37,5,2600,97300
13 NOV 2003,38,38,38,38,4,5000,190000
12 NOV 2003,37.5,38,37.5,38,3,1000,37750
11 NOV 2003,37.5,37.5,37.5,37.5,4,2600,97500
10 NOV 2003,37.5,37.5,37.5,37.5,1,1000,37500
7 NOV 2003,38,40,38,39,3,2800,107700
6 NOV 2003,38.5,38.5,36,37,5,15800,585800
5 NOV 2003,39.5,39.5,39,39.25,4,4100,160900
4 NOV 2003,40.5,40.5,40,40.25,3,2000,80500
3 NOV 2003,41.5,41.5,41,41,6,17200,706800
31 OCT 2003,42,42,42,42,4,7000,294000
30 OCT 2003,42,42,42,42,4,3000,126000
29 OCT 2003,42,42,42,42,1,100,4200
28 OCT 2003,42,42,41.5,42,7,7500,314500
27 OCT 2003,42,42,41.5,41.5,10,7100,296050
23 OCT 2003,42,42,42,42,15,50000,2100000
22 OCT 2003,42.5,42.5,42.25,42.25,5,1500,63450
21 OCT 2003,42.5,42.5,42.5,42.5,3,1400,59500
20 OCT 2003,42.5,42.5,42.5,42.5,1,11000,467500
17 OCT 2003,42.25,42.25,42.25,42.25,1,800,33800
16 OCT 2003,42.5,42.5,42.25,42.25,4,7800,331050
15 OCT 2003,42.5,42.5,42.5,42.5,1,1000,42500
14 OCT 2003,42.25,42.25,42,42,6,11100,466850
13 OCT 2003,42.25,42.75,42.25,42.5,5,3900,166275
8 OCT 2003,42.25,42.25,42.25,42.25,6,3300,139425
7 OCT 2003,42,42.25,42,42.25,7,6000,252750
6 OCT 2003,42,42,42,42,1,1000,42000
3 OCT 2003,42,42,41.25,41.25,9,6400,265650
1 OCT 2003,42,42,40.5,41,14,8400,347600
30 SEP 2003,41,42,40.75,41.25,6,3400,139875
29 SEP 2003,41,41,40.75,40.75,6,7200,293850
26 SEP 2003,41.5,41.5,41,41.25,2,700,28800
25 SEP 2003,41.5,41.5,41.5,41.5,5,6000,249000
24 SEP 2003,41.25,41.5,41.25,41.5,3,13400,554850
23 SEP 2003,42,42,41.5,41.5,4,6600,274400
22 SEP 2003,42,42,42,42,1,100,4200
17 SEP 2003,41.25,42,41.25,42,2,4000,166500
16 SEP 2003,41,41,41,41,6,1500,61500
15 SEP 2003,42,42,41,41,5,13500,557300
12 SEP 2003,42,42,42,42,1,500,21000
11 SEP 2003,42,42,41.5,42,9,29100,1219250
9 SEP 2003,40.5,40.5,40.5,40.5,4,400,16200
8 SEP 2003,41,41,41,41,4,15800,647800
5 SEP 2003,41.5,41.5,40.5,40.75,8,6900,283650
4 SEP 2003,42,42,41.5,42,6,5500,230750
3 SEP 2003,42,42,42,42,11,28500,1197000
2 SEP 2003,42,42,41.75,42,5,4200,176150
1 SEP 2003,42,42,42,42,1,400,16800
29 AUG 2003,42.25,42.25,42,42.25,3,2400,101375
28 AUG 2003,42.25,42.5,42.25,42.25,15,31700,1342475
27 AUG 2003,42.25,42.25,42,42,7,1700,71550
26 AUG 2003,42.25,42.5,42.25,42.5,4,1300,54975
25 AUG 2003,42.5,42.5,42.25,42.5,10,3100,131625
22 AUG 2003,42.5,42.5,42.25,42.5,16,38900,1652650
21 AUG 2003,43.5,43.5,42.5,42.5,8,3100,132675
20 AUG 2003,45,45,43,43,23,15400,670100
19 AUG 2003,45.25,45.25,45.25,45.25,1,100,4525
18 AUG 2003,45.5,45.5,45.25,45.25,4,5300,241100
15 AUG 2003,46,46,45.25,45.75,6,2700,123600
14 AUG 2003,46.5,46.5,45.5,46,13,31900,1469200
13 AUG 2003,47,47,45.5,46.5,11,11900,550100
12 AUG 2003,47,47,47,47,1,500,23500
8 AUG 2003,46,46.5,46,46,8,7400,340500
7 AUG 2003,46,46,46,46,2,9000,414000
6 AUG 2003,46.5,46.5,46,46.25,6,14000,646125
4 AUG 2003,46.75,46.75,46.75,46.75,2,1000,46750
1 AUG 2003,47.75,47.75,47.75,47.75,1,5000,238750
31 JUL 2003,47,47,47,47,7,3300,155100
30 JUL 2003,47.5,47.5,46,46.75,11,19100,884150
29 JUL 2003,48,48,48,48,1,100,4800
28 JUL 2003,48,48,48,48,1,100,4800
25 JUL 2003,46.25,46.5,46.25,46.25,3,66800,3089525
24 JUL 2003,47.5,47.5,47.25,47.5,4,1600,75950
22 JUL 2003,47,47,47,47,3,10100,474700
21 JUL 2003,47,47,47,47,8,8200,385400
18 JUL 2003,48.5,48.5,47,47.75,7,20000,954800
17 JUL 2003,48,50,47.75,48.75,10,4700,226425
16 JUL 2003,46,48.25,46,48,5,9500,456250
15 JUL 2003,46.25,46.25,46,46,4,4400,202450
14 JUL 2003,48,49.5,48,48.75,3,5300,258900
11 JUL 2003,45.5,45.5,45.5,45.5,1,200,9100
10 JUL 2003,45,45.25,45,45.25,3,3500,157550
9 JUL 2003,45,45,43.75,45,4,10300,463125
8 JUL 2003,47,47,46,46,8,8100,377500
7 JUL 2003,50,50,47,47,2,1200,57000
4 JUL 2003,46,48,45.5,48,6,3000,139100
3 JUL 2003,46.5,47.5,46.5,47.5,8,9600,455000
2 JUL 2003,52.5,52.5,47,47.5,6,49200,2565575
1 JUL 2003,48.25,48.25,47,47,11,14500,686750
30 JUN 2003,48,48,48,48,4,1900,91200
27 JUN 2003,50,51.25,50,50,9,18600,931750
26 JUN 2003,52,52,50.25,51.25,6,15700,809575
25 JUN 2003,57.25,57.25,52,52.75,31,40700,2260350
24 JUN 2003,57.5,58,56,56.5,33,56300,3231100
23 JUN 2003,57,58,56,56.75,38,67300,3847675
20 JUN 2003,51.5,56.75,51.5,56.25,92,252300,13610900
19 JUN 2003,50,51.25,50,51,13,14500,733350
18 JUN 2003,51,52,50,50.5,42,76400,3953300
17 JUN 2003,48,51.75,48,49.75,83,172500,8534025
16 JUN 2003,47,47,47,47,13,23000,1081000
13 JUN 2003,49,49,48,48,13,16700,803600
12 JUN 2003,45,49,45,48.5,70,167900,8052575
11 JUN 2003,45,45.25,45,45,9,3400,153025
10 JUN 2003,45.5,45.5,45,45,19,121000,5446500
9 JUN 2003,45,45,45,45,15,7600,342000
6 JUN 2003,45,46,45,45,23,19600,889500
5 JUN 2003,43,45.5,43,45,21,23600,1055875
4 JUN 2003,42,42.5,42,42.5,5,11300,479600
3 JUN 2003,41.5,41.5,41.5,41.5,9,12400,514600
29 MAY 2003,41,41,41,41,3,7000,287000
28 MAY 2003,41,41,41,41,4,1500,61500
27 MAY 2003,41,41,41,41,2,800,32800
26 MAY 2003,41,43.25,41,41.75,4,2900,121250
23 MAY 2003,41,41,41,41,7,8300,340300
22 MAY 2003,41,41,41,41,3,1500,61500
21 MAY 2003,41,41,41,41,10,8600,352600
20 MAY 2003,41,41,41,41,5,5000,205000
13 MAY 2003,41.75,41.75,41.5,41.5,3,5700,237475
12 MAY 2003,41,41.25,41,41.25,8,8400,346000
9 MAY 2003,42,42,41.75,41.75,4,6000,250750
8 MAY 2003,42,42,42,42,4,2100,88200
7 MAY 2003,41.5,42,41.5,41.75,11,15800,657700
6 MAY 2003,41.5,41.5,41.5,41.5,1,5000,207500
5 MAY 2003,41,42,41,41.5,6,4400,181600
2 MAY 2003,41.75,41.75,41.5,41.75,2,1100,45900
30 APR 2003,41,41.5,41,41,13,8400,344950
29 APR 2003,41,41,40.5,40.75,3,1400,57250
28 APR 2003,40,40,40,40,1,2000,80000
25 APR 2003,39,39,39,39,1,800,31200
11 APR 2003,39.75,39.75,39.75,39.75,3,500,19875
3 APR 2003,38,38,37.5,37.75,5,6200,233500
2 APR 2003,37,37,37,37,1,300,11100
31 MAR 2003,38,38,36,36,40,447900,16167775
28 MAR 2003,38,38,38,38,3,16000,608000
27 MAR 2003,38,38,38,38,5,6400,243200
25 MAR 2003,37.5,37.5,37.5,37.5,1,5000,187500
20 MAR 2003,37,37,37,37,1,500,18500
19 MAR 2003,37,37,37,37,8,8200,303400
17 MAR 2003,38.25,38.25,38,38,5,21300,814100
14 MAR 2003,38.25,38.25,38.25,38.25,1,100,3825
13 MAR 2003,38.5,38.5,38,38.25,2,2200,84100
11 MAR 2003,39,39,38,38,3,1100,41900
6 MAR 2003,39.25,39.25,39.25,39.25,1,500,19625
4 MAR 2003,39.25,39.25,39.25,39.25,2,500,19625
3 MAR 2003,40,40,40,40,4,3100,124000
28 FEB 2003,39.25,39.25,39.25,39.25,1,500,19625
26 FEB 2003,39.25,39.25,39.25,39.25,1,100,3925
25 FEB 2003,40,40,39,39,6,2400,95000
24 FEB 2003,41,41,41,41,1,1000,41000
19 FEB 2003,40,40,40,40,3,1100,44000
17 FEB 2003,40,40,40,40,4,6000,240000
14 FEB 2003,40,40,40,40,2,3700,148000
13 FEB 2003,40,40,40,40,1,6000,240000
6 FEB 2003,40,40.25,40,40,9,5300,212250
31 JAN 2003,40,40,40,40,7,9700,388000
30 JAN 2003,40,41,40,41,9,14200,578700
28 JAN 2003,41,41,40,40,5,2200,88200
27 JAN 2003,42.5,42.5,42,42,2,200,8450
24 JAN 2003,42.5,43,42.5,43,2,500,21300
23 JAN 2003,42.5,42.5,42.5,42.5,2,2000,85000
16 JAN 2003,42.5,42.5,42.5,42.5,1,100,4250
14 JAN 2003,42,42,42,42,2,400,16800
10 JAN 2003,42.75,42.75,42.75,42.75,2,900,38475
9 JAN 2003,42.5,43,42.5,43,2,1500,64250
8 JAN 2003,43,43,42.5,42.5,4,5100,219250
7 JAN 2003,43.25,43.25,43,43,3,400,17225
6 JAN 2003,43,43,43,43,3,1600,68800
3 JAN 2003,43,43,43,43,1,200,8600
2 JAN 2003,43.25,43.25,43.25,43.25,1,100,4325
31 DEC 2002,43.25,43.25,43.25,43.25,3,2500,108125
30 DEC 2002,43.25,43.25,43.25,43.25,1,1000,43250
26 DEC 2002,43,43,43,43,2,300,12900
24 DEC 2002,42.5,43,42.5,43,6,631900,27171550
20 DEC 2002,42,42,42,42,5,1300,54600
18 DEC 2002,41,41,41,41,1,400,16400
13 DEC 2002,40,40,40,40,1,10000,400000
9 DEC 2002,40,40,40,40,2,900,36000
3 DEC 2002,40.25,40.25,40,40,7,21900,876200
2 DEC 2002,40.5,40.5,40.5,40.5,2,600,24300
28 NOV 2002,40.25,40.25,40.25,40.25,5,8300,334075
27 NOV 2002,40.25,40.25,40.25,40.25,2,700,28175
26 NOV 2002,41,41,40,40,9,9100,364325
22 NOV 2002,41,41,41,41,1,800,32800
15 NOV 2002,41,41,40,40,2,2000,80700
14 NOV 2002,40,40,40,40,1,100,4000
11 NOV 2002,40.25,40.25,40,40,7,2100,84150
8 NOV 2002,40.5,40.5,40.5,40.5,2,6700,271350
7 NOV 2002,40.25,40.25,40,40,10,3500,140725
6 NOV 2002,40.5,40.5,40.25,40.25,2,1000,40275
5 NOV 2002,40.25,40.5,40.25,40.25,7,15600,628150
31 OCT 2002,40.25,40.25,40.25,40.25,6,14200,571550
29 OCT 2002,41,41,40,40,4,3200,131000
28 OCT 2002,40,40,40,40,4,8300,332000
25 OCT 2002,40,40,40,40,1,100,4000
23 OCT 2002,40,40,40,40,1,10000,400000
22 OCT 2002,39,40,39,40,4,2900,115000
18 OCT 2002,39,39,38,38,8,6600,254000
17 OCT 2002,39.5,39.5,39.5,39.5,1,400,15800
16 OCT 2002,39,39.5,39,39.5,8,34600,1349650
15 OCT 2002,40,40,40,40,3,700,28000
14 OCT 2002,40,40,40,40,2,1000,40000
11 OCT 2002,40.25,41,40.25,41,4,10200,418050
10 OCT 2002,40,40,40,40,1,7200,288000
9 OCT 2002,40,40,40,40,1,500,20000
8 OCT 2002,40,40,40,40,3,3300,132000
7 OCT 2002,41,42,41,42,3,7000,289000
4 OCT 2002,41,41,41,41,5,4600,188600
3 OCT 2002,40,41,40,41,3,2200,89900
2 OCT 2002,40,40,39.5,39.5,2,500,19800
1 OCT 2002,40.25,40.25,40,40,7,18600,744250
30 SEP 2002,41,41,41,41,4,18100,742100
27 SEP 2002,41,41,41,41,6,2400,98400
26 SEP 2002,42,42,41,41,4,7000,288000
25 SEP 2002,41.5,42,41.5,42,9,19000,794500
24 SEP 2002,41.5,41.5,41.5,41.5,2,800,33200
23 SEP 2002,41.25,41.5,41.25,41.25,5,6200,256125
19 SEP 2002,41.5,41.5,41,41,5,1700,70250
18 SEP 2002,41.5,41.5,41.5,41.5,1,3900,161850
17 SEP 2002,41,42,41,42,9,12400,518300
16 SEP 2002,41,41,41,41,4,1500,61500
13 SEP 2002,40,40,40,40,2,700,28000
12 SEP 2002,41,41,41,41,1,100,4100
11 SEP 2002,40,40,40,40,1,1000,40000
10 SEP 2002,39.5,40.5,39.25,40.5,7,14000,551275
9 SEP 2002,41,41,41,41,1,100,4100
6 SEP 2002,42,42,42,42,1,500,21000
5 SEP 2002,42,42,42,42,1,5000,210000
28 AUG 2002,39,39.25,39,39.25,2,2100,81950
27 AUG 2002,40,40,39,39,15,20300,792175
26 AUG 2002,39.25,39.25,39.25,39.25,5,800,31400
23 AUG 2002,39,39.5,39,39,7,17500,682800
20 AUG 2002,39,39,39,39,8,3300,128700
19 AUG 2002,39,39,39,39,2,2000,78000
15 AUG 2002,39,39,39,39,3,2000,78000
14 AUG 2002,39,39,39,39,2,1100,42900
12 AUG 2002,38.25,38.5,38.25,38.5,3,2700,103325
9 AUG 2002,38,38,38,38,3,2400,91200
7 AUG 2002,38,38,37,38,9,13800,522700
6 AUG 2002,38,38,38,38,7,3400,129200
5 AUG 2002,39,39,38,38,4,3000,115200
31 JUL 2002,40,40,40,40,2,1000,40000
30 JUL 2002,40,40,40,40,6,3500,140000
29 JUL 2002,40,40,40,40,1,400,16000
25 JUL 2002,40.5,40.5,40,40,2,2500,100400
24 JUL 2002,42,42,42,42,1,200,8400
22 JUL 2002,42,42,42,42,1,10000,420000
19 JUL 2002,42,42,42,42,1,1300,54600
12 JUL 2002,40.25,40.25,40.25,40.25,3,800,32200
9 JUL 2002,40.5,40.5,40,40,7,4400,176650
8 JUL 2002,42,42,42,42,3,700,29400
4 JUL 2002,43,43,43,43,4,1000,43000
3 JUL 2002,42,44.5,42,44,3,400,17500
2 JUL 2002,42.5,42.5,42,42,4,2200,92750
1 JUL 2002,41,42,41,42,4,1400,58400
28 JUN 2002,41.25,41.25,41,41,5,1000,41050
27 JUN 2002,41.25,41.25,41,41,5,2000,82275
26 JUN 2002,42.5,46,41,42.5,15,4900,209050
25 JUN 2002,42,44.5,42,44.5,11,6600,289900
21 JUN 2002,41,41.25,41,41.25,7,2700,110850
20 JUN 2002,40,40,40,40,4,900,36000
19 JUN 2002,40,40,40,40,6,1700,68000
18 JUN 2002,40,40,40,40,3,1900,76000
14 JUN 2002,41,41.25,41,41.25,2,1200,49400
13 JUN 2002,41.5,41.5,41.5,41.5,2,1000,41500
12 JUN 2002,41.75,41.75,41.5,41.5,2,300,12475
11 JUN 2002,41.5,41.5,41.25,41.25,2,300,12425
10 JUN 2002,41.25,41.25,41.25,41.25,4,2300,94875
7 JUN 2002,43,44,41.5,41.5,20,19400,830150
6 JUN 2002,42,44.5,41.5,42.5,11,5600,238500
5 JUN 2002,40.5,42,40.5,41.5,15,15900,654175
4 JUN 2002,39.5,40.5,39,40.5,14,73800,2944900
31 MAY 2002,40.5,40.5,39.75,40,13,34800,1390650
30 MAY 2002,40.5,40.5,40.5,40.5,4,9900,400950
29 MAY 2002,40,40,40,40,4,6100,244000
28 MAY 2002,40,40,40,40,2,5200,208000
23 MAY 2002,39,40,39,40,4,1100,43500
22 MAY 2002,39.5,40,39.5,40,3,2700,106750
21 MAY 2002,39.5,39.5,39,39,3,2600,102600
20 MAY 2002,39.5,39.5,39.5,39.5,1,100,3950
17 MAY 2002,40,40,40,40,4,3300,132000
16 MAY 2002,40.5,40.5,40.5,40.5,1,2000,81000
15 MAY 2002,40.5,41,40.5,41,12,3300,134200
14 MAY 2002,40.25,40.25,40.25,40.25,7,2600,104650
13 MAY 2002,40.5,40.75,40,40.5,4,2200,89050
10 MAY 2002,39,39,39,39,2,1200,46800
9 MAY 2002,38.5,38.5,38.5,38.5,2,1000,38500
6 MAY 2002,38.5,38.5,38.5,38.5,1,2700,103950
3 MAY 2002,38.25,38.25,38.25,38.25,1,100,3825
2 MAY 2002,38.25,38.25,38.25,38.25,2,400,15300
30 APR 2002,38,38,38,38,1,1500,57000
25 APR 2002,37,37,37,37,1,300,11100
24 APR 2002,37.25,37.25,37.25,37.25,2,1000,37250
22 APR 2002,37.25,37.25,37.25,37.25,3,3000,111750
19 APR 2002,37.5,37.5,37.25,37.25,10,7200,268875
18 APR 2002,36.5,36.5,36.5,36.5,3,1300,47450
16 APR 2002,36.5,36.5,36.5,36.5,2,700,25550
10 APR 2002,37,37,37,37,2,5000,185000
9 APR 2002,37.5,37.5,37,37,5,3500,129600
8 APR 2002,38,38,37.5,37.5,3,6000,227700
5 APR 2002,38.75,38.75,38,38,2,200,7675
3 APR 2002,38.75,38.75,38.75,38.75,1,200,7750
27 MAR 2002,39,39,39,39,3,4100,159900
26 MAR 2002,39.25,39.25,39.25,39.25,1,2200,86350
25 MAR 2002,40,40,40,40,4,1000,40000
22 MAR 2002,40,40,40,40,4,1000,40000
21 MAR 2002,38.25,39.5,38.25,39.5,5,2200,85275
20 MAR 2002,38.5,38.5,38.5,38.5,5,2700,103950
18 MAR 2002,38.25,38.5,38.25,38.5,3,2900,111625
14 MAR 2002,38.5,38.5,38.5,38.5,1,200,7700
11 MAR 2002,38.5,38.5,38.5,38.5,1,400,15400
8 MAR 2002,38.5,38.5,38.5,38.5,4,31000,1193500
7 MAR 2002,39,39,39,39,4,11000,429000
6 MAR 2002,38,38,38,38,3,2200,83600
5 MAR 2002,38.25,38.25,38.25,38.25,1,300,11475
4 MAR 2002,39,39,38.25,38.25,4,2700,103650
1 MAR 2002,39,39,38.25,38.25,3,5200,202050
28 FEB 2002,39,39,38.25,39,5,2700,105225
26 FEB 2002,40,40,39,39,4,1400,54900
25 FEB 2002,41,41,40,40,9,7000,284000
22 FEB 2002,40,40,39.5,39.5,6,6600,263000
21 FEB 2002,39,39,39,39,2,1000,39000
20 FEB 2002,39,39,39,39,1,200,7800
19 FEB 2002,40,40,39,39,7,3600,142175
18 FEB 2002,39,39.5,39,39.5,3,3700,146050
15 FEB 2002,39.5,40,39,39,8,9800,390100
14 FEB 2002,38.5,38.5,38.5,38.5,2,800,30800
13 FEB 2002,39,39,38.5,38.5,5,4500,175250
12 FEB 2002,39,39,39,39,3,3000,117000
11 FEB 2002,38.5,39,38.5,39,2,400,15500
8 FEB 2002,38.5,38.5,38.5,38.5,2,200,7700
7 FEB 2002,38.5,38.75,38.5,38.75,2,1500,57875
30 JAN 2002,39,39,39,39,1,300,11700
29 JAN 2002,39,39,39,39,2,200,7800
25 JAN 2002,38.75,39,38.75,39,2,3900,151475
24 JAN 2002,37.75,38.75,37.75,38.75,3,2700,104425
23 JAN 2002,36.25,36.25,36,36,3,300,10850
22 JAN 2002,36.5,36.5,36.5,36.5,2,500,18250
21 JAN 2002,38,38,37,37,3,2200,82600
18 JAN 2002,37.75,37.75,37.75,37.75,1,1000,37750
17 JAN 2002,36.5,37,36,36,11,8100,292650
16 JAN 2002,37,37,37,37,2,1100,40700
15 JAN 2002,37,37,37,37,4,3200,118400
11 JAN 2002,37.5,37.5,37,37,5,5000,185250
10 JAN 2002,38,38,37.5,37.5,3,5000,187600
9 JAN 2002,38.25,38.25,38,38,5,7200,274475
8 JAN 2002,38.5,38.5,38.25,38.25,3,2500,95875
4 JAN 2002,40.25,40.25,40.25,40.25,1,100,4025
3 JAN 2002,40,40,40,40,7,5200,208000
2 JAN 2002,40,40,40,40,3,5300,212000
31 DEC 2001,40,42.5,40,42.5,5,2000,84000
28 DEC 2001,40,40,40,40,4,1000,40000
27 DEC 2001,39,40,39,40,4,5000,199000
19 DEC 2001,38.25,38.25,38,38,3,3000,114250
18 DEC 2001,40,40,38.25,38.25,3,1500,58750
17 DEC 2001,40.75,40.75,40,40,2,8000,320750
14 DEC 2001,42,42,41,41,4,5000,209000
13 DEC 2001,41.25,42,40,42,7,5500,226900
12 DEC 2001,42,44.75,42,42,5,17500,739125
11 DEC 2001,49,49,40.25,45,15,14500,659075
10 DEC 2001,50,50,49,49.75,18,30000,1480650
7 DEC 2001,42,50,42,50,35,158100,7149100
5 DEC 2001,38.25,39,38.25,38.75,5,7500,291625
4 DEC 2001,38.75,38.75,38,38,2,2100,79875
3 DEC 2001,39,42,39,39,9,9000,367700
29 NOV 2001,39,39,39,39,1,100,3900
28 NOV 2001,37.75,39,37.75,39,10,7300,279350
27 NOV 2001,37.5,37.5,37.5,37.5,1,100,3750
26 NOV 2001,38,38,37.5,37.5,2,1100,41350
23 NOV 2001,40,40,39,39,5,1400,55800
21 NOV 2001,39.5,39.75,39.5,39.75,2,2000,79475
20 NOV 2001,41.75,41.75,40,40,5,7800,312850
19 NOV 2001,42,42,41.5,41.5,8,6500,272800
16 NOV 2001,40,42,40,41,9,28400,1170200
14 NOV 2001,38.5,40,38.5,40,11,19400,768525
13 NOV 2001,38.25,38.75,38.25,38.5,10,8200,315700
12 NOV 2001,37.75,38.5,37.75,38.5,5,15700,601550
9 NOV 2001,37.75,37.75,37.75,37.75,1,500,18875
8 NOV 2001,37.25,37.25,37.25,37.25,3,1100,40975
7 NOV 2001,37,37,37,37,1,100,3700
6 NOV 2001,37,37,37,37,3,3200,118400
5 NOV 2001,36.5,37,36.5,37,3,1000,36600
2 NOV 2001,36.5,37,36.5,37,7,11000,405150
1 NOV 2001,36.75,37,36.75,37,4,12000,443375
30 OCT 2001,36,36,36,36,3,6000,216000
29 OCT 2001,36.5,37,36.5,37,2,700,25800
26 OCT 2001,36.5,36.5,36.5,36.5,2,2500,91250
25 OCT 2001,37,37,37,37,3,1500,55500
24 OCT 2001,37.5,37.5,37.5,37.5,3,1000,37500
23 OCT 2001,37.5,37.5,37.5,37.5,2,1100,41250
22 OCT 2001,37.5,37.5,37.5,37.5,5,2000,75000
17 OCT 2001,37.5,37.5,37.5,37.5,2,1500,56250
16 OCT 2001,37.5,38,37.5,37.5,8,5300,199250
15 OCT 2001,39,39,37.5,37.5,7,2000,76675
12 OCT 2001,37.5,39.5,37.5,38.25,9,8500,327575
11 OCT 2001,33,37.25,33,37.25,13,12500,444650
10 OCT 2001,32,32,30,32,4,2000,63800
8 OCT 2001,30,30,30,30,1,100,3000
25 SEP 2001,30,30,30,30,1,100,3000
21 SEP 2001,30,30,30,30,1,200,6000
12 SEP 2001,30,30,30,30,3,1000,30000
5 SEP 2001,29.5,29.5,29.5,29.5,1,400,11800
3 SEP 2001,29.5,29.5,29.5,29.5,1,100,2950
31 AUG 2001,30,30,30,30,3,1600,48000
30 AUG 2001,30.25,30.25,30,30,4,3500,105500
29 AUG 2001,31,31,31,31,1,100,3100
27 AUG 2001,30.25,30.25,30.25,30.25,1,100,3025
24 AUG 2001,30,30,30,30,3,600,18000
23 AUG 2001,29.75,29.75,29.75,29.75,2,400,11900
22 AUG 2001,29.75,29.75,29.75,29.75,1,400,11900
21 AUG 2001,30,30,30,30,4,1200,36000
20 AUG 2001,33.25,33.5,32.5,32.5,18,5300,175275
17 AUG 2001,34.5,34.5,33,33,8,2700,91800
15 AUG 2001,36.25,36.5,35,35,9,1500,53175
14 AUG 2001,36.5,36.5,36.5,36.5,2,20100,733650
13 AUG 2001,37,37,37,37,1,200,7400
10 AUG 2001,37,37,37,37,1,500,18500
9 AUG 2001,37.75,38,35.5,38,14,6900,251600
8 AUG 2001,38,38,38,38,7,3000,114000
7 AUG 2001,38,38,38,38,1,100,3800
6 AUG 2001,38.5,38.5,38.5,38.5,1,100,3850
2 AUG 2001,38.5,38.5,38.5,38.5,2,400,15400
30 JUL 2001,38.5,38.5,38.5,38.5,1,200,7700
27 JUL 2001,39,39,38.5,38.5,6,2200,84800
26 JUL 2001,38.75,38.75,38.75,38.75,4,700,27125
24 JUL 2001,39,39,39,39,2,400,15600
23 JUL 2001,39.5,39.5,39.5,39.5,2,1000,39500
20 JUL 2001,39.5,39.5,39.5,39.5,4,3800,150100
19 JUL 2001,40,40,40,40,1,100,4000
17 JUL 2001,40,40,40,40,1,100,4000
16 JUL 2001,40,40,40,40,2,1100,44000
13 JUL 2001,41,41,40,40,6,3200,129000
11 JUL 2001,41,41,41,41,2,200,8200
10 JUL 2001,41.25,41.75,41.25,41.75,8,4300,177475
6 JUL 2001,41.25,41.25,41.25,41.25,1,700,28875
2 JUL 2001,43,43,43,43,3,400,17200
29 JUN 2001,40.25,43,40,43,4,3500,140800
28 JUN 2001,40,40,40,40,1,1000,40000
27 JUN 2001,40,40,40,40,8,4700,188000
26 JUN 2001,38.5,38.5,38.5,38.5,1,300,11550
25 JUN 2001,38,38,38,38,1,100,3800
21 JUN 2001,40,40.25,40,40,10,15300,612500
20 JUN 2001,38.5,38.5,38.5,38.5,1,200,7700
18 JUN 2001,38,38,38,38,2,200,7600
14 JUN 2001,40,40,39.5,39.5,4,400,15925
13 JUN 2001,40,40.5,40,40.5,3,3500,140250
12 JUN 2001,40.25,40.25,40,40,8,5500,220575
11 JUN 2001,40.25,40.25,40.25,40.25,1,100,4025
8 JUN 2001,40.5,40.5,40.5,40.5,1,100,4050
7 JUN 2001,40.5,40.5,40.5,40.5,1,300,12150
6 JUN 2001,40,40.5,40,40.5,6,4700,188225
4 JUN 2001,40,40,40,40,7,4300,172000
31 MAY 2001,40.25,40.25,40,40,5,900,36050
30 MAY 2001,40.25,40.25,40.25,40.25,1,200,8050
29 MAY 2001,40,40.25,40,40.25,4,2900,116075
28 MAY 2001,40.25,40.25,40.25,40.25,1,300,12075
25 MAY 2001,40,40,40,40,2,4000,160000
24 MAY 2001,39.75,40.25,39.75,40,12,20500,820250
23 MAY 2001,39.75,39.75,39.75,39.75,2,2000,79500
22 MAY 2001,39.5,39.5,39.5,39.5,2,4700,185650
21 MAY 2001,39,39,39,39,1,100,3900
16 MAY 2001,39,39,38.75,38.75,5,5000,193850
14 MAY 2001,38.75,38.75,38.75,38.75,1,300,11625
11 MAY 2001,38.75,38.75,38.75,38.75,5,2200,85250
10 MAY 2001,38.5,38.5,38.25,38.25,2,700,26825
3 MAY 2001,38.75,38.75,38.75,38.75,3,800,31000
30 APR 2001,38.5,38.75,38.5,38.75,6,3400,131275
26 APR 2001,38.25,38.25,38.25,38.25,1,100,3825
25 APR 2001,38,38.25,38,38.25,2,700,26700
24 APR 2001,37.5,37.5,37.5,37.5,1,200,7500
23 APR 2001,37,37.25,37,37.25,2,400,14875
20 APR 2001,37.5,37.5,37.25,37.25,2,500,18700
19 APR 2001,38,38,38,38,5,1600,60800
16 APR 2001,38,38,38,38,1,400,15200
11 APR 2001,38,38,38,38,4,1400,53200
10 APR 2001,37.5,37.5,37.5,37.5,3,400,15000
9 APR 2001,37.25,37.25,37.25,37.25,1,400,14900
6 APR 2001,37.25,37.25,37.25,37.25,1,1200,44700
4 APR 2001,36.75,36.75,36.75,36.75,1,300,11025
3 APR 2001,36.75,36.75,36.75,36.75,1,200,7350
2 APR 2001,36.75,36.75,36.75,36.75,2,400,14700
29 MAR 2001,38,38,36.5,36.5,5,900,33950
27 MAR 2001,39,39,38.75,38.75,5,3000,116875
26 MAR 2001,39,39,39,39,3,400,15600
23 MAR 2001,39.25,39.25,39.25,39.25,3,300,11775
22 MAR 2001,39.25,39.25,39.25,39.25,6,1300,51025
21 MAR 2001,39,39.25,39,39.25,2,200,7825
20 MAR 2001,39,39.75,39,39.5,3,6900,273900
19 MAR 2001,39,39.25,39,39,9,8800,344600
16 MAR 2001,39.25,39.25,39,39,4,2000,78125
15 MAR 2001,40,40,40,40,2,1100,44000
14 MAR 2001,41.25,41.25,41.25,41.25,2,200,8250
12 MAR 2001,41.25,41.25,41.25,41.25,2,200,8250
8 MAR 2001,40.5,41.5,40.25,41.5,6,2100,86625
7 MAR 2001,40.5,40.5,40.5,40.5,1,400,16200
6 MAR 2001,41,41,40.5,40.5,4,1400,56950
5 MAR 2001,40.5,40.5,40,40,3,300,12050
2 MAR 2001,41,41,41,41,6,9000,369000
1 MAR 2001,43,43,42,42,7,4100,173600
28 FEB 2001,41.5,42.75,41.5,42.75,3,800,33375
27 FEB 2001,41.5,41.5,41.5,41.5,5,600,24900
26 FEB 2001,41.25,41.5,41.25,41.5,2,900,37250
23 FEB 2001,41.25,41.5,41.25,41.25,5,81700,3370375
22 FEB 2001,40,44,40,41.5,9,4400,180325
21 FEB 2001,39,39,39,39,2,400,15600
20 FEB 2001,39,39,38.75,38.75,10,3300,128400
19 FEB 2001,39,39,39,39,1,500,19500
16 FEB 2001,39,39,39,39,4,1200,46800
15 FEB 2001,38.75,39,38.75,39,4,1100,42800
13 FEB 2001,38,39,38,38.25,16,161700,6300475
12 FEB 2001,38,38,38,38,5,700,26600
9 FEB 2001,37.75,38,37.75,38,16,3100,117750
8 FEB 2001,37.75,37.75,37.75,37.75,1,100,3775
6 FEB 2001,38,38,38,38,2,1000,38000
2 FEB 2001,38,38,38,38,3,800,30400
1 FEB 2001,38,38,38,38,3,3400,129200
31 JAN 2001,38,38,38,38,3,2400,91200
30 JAN 2001,38,38,38,38,5,600,22800
29 JAN 2001,38,38,38,38,3,900,34200
26 JAN 2001,38,38,38,38,1,500,19000
25 JAN 2001,37.5,38,37.5,38,8,1400,52550
24 JAN 2001,37,37.75,37,37.75,9,18100,677950
23 JAN 2001,36.25,37,36.25,37,10,5900,217125
19 JAN 2001,36.25,36.25,36.25,36.25,2,600,21750
18 JAN 2001,36.25,36.25,36.25,36.25,6,1000,36250
17 JAN 2001,36.5,36.5,36,36.25,3,300,10875
16 JAN 2001,36.25,36.25,36,36,7,5600,201750
12 JAN 2001,36.25,36.25,36.25,36.25,6,800,29000
8 JAN 2001,36,36,36,36,1,200,7200
3 JAN 2001,36,36,36,36,1,100,3600
2 JAN 2001,36,36,36,36,1,100,3600
29 DEC 2000,36.25,36.25,36.25,36.25,2,800,29000
28 DEC 2000,36.25,36.25,36.25,36.25,1,100,3625
19 DEC 2000,37.25,37.25,37,37,3,3700,137175
15 DEC 2000,37.5,38.5,37.5,38.5,3,400,15200
14 DEC 2000,37,37,37,37,1,100,3700
13 DEC 2000,37,37.75,37,37.5,9,3500,130875
12 DEC 2000,36,36,36,36,2,500,18000
11 DEC 2000,36,36,36,36,4,800,28800
7 DEC 2000,36,36,36,36,1,200,7200
6 DEC 2000,36,36,36,36,5,1300,46800
5 DEC 2000,36,36,36,36,1,1000,36000
4 DEC 2000,36.25,36.25,36,36,2,2000,72250
1 DEC 2000,36,36.25,36,36,6,7500,271000
29 NOV 2000,36.25,36.25,36,36,2,500,18025
27 NOV 2000,36,36,36,36,2,300,10800
24 NOV 2000,35,35,35,35,2,400,14000
23 NOV 2000,35.5,35.5,35,35,4,1100,39000
22 NOV 2000,35,35,35,35,2,1000,35000
21 NOV 2000,35,35,35,35,2,900,31500
15 NOV 2000,35,35,35,35,1,500,17500
10 NOV 2000,36,36,36,36,2,14400,518400
9 NOV 2000,37,37,37,37,1,1000,37000
8 NOV 2000,37,37,37,37,3,1000,37000
6 NOV 2000,37,37,37,37,1,900,33300
2 NOV 2000,37,37,37,37,5,600,22200
1 NOV 2000,37,37,36.5,37,5,3900,142550
30 OCT 2000,36,36,36,36,1,100,3600
27 OCT 2000,36,36,36,36,3,400,14400
25 OCT 2000,36,36,36,36,2,200,7200
24 OCT 2000,37,37,37,37,6,1900,70300
20 OCT 2000,37,37,37,37,4,1200,44400
19 OCT 2000,36.75,36.75,36.5,36.5,2,200,7325
18 OCT 2000,36.75,36.75,36.5,36.5,2,400,14650
16 OCT 2000,36.75,36.75,36.75,36.75,1,100,3675
10 OCT 2000,36.75,36.75,36.75,36.75,2,800,29400
9 OCT 2000,36.75,36.75,36.75,36.75,2,200,7350
29 SEP 2000,36.5,36.5,36.5,36.5,2,600,21900
28 SEP 2000,35.75,35.75,35.75,35.75,5,12000,429000
27 SEP 2000,35.75,35.75,35.75,35.75,3,2000,71500
26 SEP 2000,35.75,35.75,35.75,35.75,1,500,17875
20 SEP 2000,35.5,35.75,35.5,35.75,3,400,14250
19 SEP 2000,35.75,35.75,35.75,35.75,2,200,7150
15 SEP 2000,35.75,35.75,35.75,35.75,3,700,25025
8 SEP 2000,35,35,35,35,1,100,3500
7 SEP 2000,33.25,33.25,33.25,33.25,1,200,6650
5 SEP 2000,33.5,33.5,33,33,3,1600,53150
1 SEP 2000,33,33,33,33,1,100,3300
31 AUG 2000,40,40,40,40,2,500,20000
30 AUG 2000,40.75,40.75,40.5,40.75,4,1000,40600
28 AUG 2000,40,40,40,40,4,1700,68000
25 AUG 2000,39.5,40,39.5,40,10,5200,207100
24 AUG 2000,39.5,39.5,39.5,39.5,2,1200,47400
23 AUG 2000,40,40,39.5,39.5,6,1700,67700
22 AUG 2000,40,40,40,40,1,300,12000
18 AUG 2000,37.75,37.75,37.75,37.75,2,1200,45300
15 AUG 2000,37.75,37.75,37.75,37.75,3,600,22650
8 AUG 2000,37.75,37.75,37.75,37.75,1,100,3775
7 AUG 2000,37.5,37.5,37.5,37.5,1,600,22500
4 AUG 2000,37.5,37.5,37.5,37.5,1,100,3750
1 AUG 2000,38.25,38.25,38,38,4,700,26625
31 JUL 2000,38.25,38.25,38.25,38.25,2,2000,76500
27 JUL 2000,38,38,38,38,1,100,3800
25 JUL 2000,37.5,37.5,37.5,37.5,2,500,18750
24 JUL 2000,38,38,38,38,2,2200,83600
20 JUL 2000,37.5,37.5,37.5,37.5,3,2300,86250
19 JUL 2000,37.25,37.25,37.25,37.25,3,1100,40975
18 JUL 2000,37.25,37.25,37.25,37.25,6,4600,171350
14 JUL 2000,37.25,37.25,37.25,37.25,1,100,3725
12 JUL 2000,37.25,37.25,37,37,4,700,25925
11 JUL 2000,38.25,38.25,37,37,12,4400,164450
10 JUL 2000,37.75,38.25,37.75,38.25,5,2200,84050
7 JUL 2000,38,38,37.5,37.5,4,1100,41350
6 JUL 2000,38.5,38.5,38,38,6,900,34500
5 JUL 2000,39,39,38.5,38.5,4,1200,46600
4 JUL 2000,39,39,39,39,4,800,31200
3 JUL 2000,41,41,41,41,1,100,4100
30 JUN 2000,41.25,41.25,41,41,7,2000,82375
29 JUN 2000,40,40,40,40,3,2100,84000
28 JUN 2000,41,41,40,40,10,2300,92700
27 JUN 2000,43,44.5,41,41.25,16,5600,238075
26 JUN 2000,40,43,40,42,16,4400,179000
23 JUN 2000,37.25,38.5,37.25,38.5,3,900,34525
22 JUN 2000,35.5,37.5,35.5,36,6,2500,90450
21 JUN 2000,33.5,35.5,33.5,35.5,10,3000,104250
20 JUN 2000,33,33,33,33,3,500,16500
19 JUN 2000,33,33,33,33,9,3900,128700
14 JUN 2000,33.25,33.25,33,33,5,30300,999950
12 JUN 2000,33,33,33,33,1,100,3300
9 JUN 2000,33.25,33.25,33.25,33.25,2,300,9975
8 JUN 2000,33,33,33,33,2,1000,33000
7 JUN 2000,33,33,33,33,2,200,6600
6 JUN 2000,33,33,33,33,3,3300,108900
5 JUN 2000,33,33,33,33,2,600,19800
2 JUN 2000,33,33,33,33,1,1000,33000
1 JUN 2000,31.5,33,31.5,33,5,3100,99400
30 MAY 2000,31.5,31.75,31.5,31.5,10,7300,229975
29 MAY 2000,31.5,31.5,31.5,31.5,1,100,3150
25 MAY 2000,31,31,31,31,1,500,15500
24 MAY 2000,30,30.25,30,30.25,6,83600,2517575
23 MAY 2000,30,30,30,30,1,1000,30000
22 MAY 2000,28.5,28.5,28.5,28.5,1,100,2850
15 MAY 2000,28.5,28.5,28.5,28.5,2,1100,31350
9 MAY 2000,28,28,28,28,1,100,2800
8 MAY 2000,28.5,28.5,28.5,28.5,2,400,11400
5 MAY 2000,28.5,28.5,28.5,28.5,1,700,19950
4 MAY 2000,28.5,28.5,28.5,28.5,2,1300,37050
3 MAY 2000,28.5,28.5,28.5,28.5,3,5200,148200
2 MAY 2000,28.5,28.5,28.5,28.5,1,200,5700
28 APR 2000,28.75,28.75,28.5,28.5,9,10200,291800
27 APR 2000,28.5,28.5,28.5,28.5,1,100,2850
26 APR 2000,28.5,28.5,28.5,28.5,3,4000,114000
25 APR 2000,28.5,28.5,28.5,28.5,4,2400,68400
20 APR 2000,28.5,28.5,28.5,28.5,4,1800,51300
10 APR 2000,28.5,28.5,28.5,28.5,2,1900,54150
6 APR 2000,28,28,28,28,2,1900,53200
29 MAR 2000,29,29,29,29,2,900,26100
16 MAR 2000,28.5,28.5,28.5,28.5,1,100,2850
15 MAR 2000,28.5,28.5,28.5,28.5,2,5400,153900
14 MAR 2000,30,30,30,30,1,200,6000
10 MAR 2000,30,30,30,30,1,100,3000
8 MAR 2000,31,31,31,31,1,1900,58900
6 MAR 2000,32,32,32,32,4,700,22400
1 MAR 2000,32,32,32,32,2,600,19200
29 FEB 2000,32,32,32,32,1,100,3200
23 FEB 2000,32,32,32,32,1,300,9600
22 FEB 2000,33,33,32,33,6,2900,94650
18 FEB 2000,32,32,32,32,5,1400,44800
17 FEB 2000,33,33,33,33,3,1100,36300
16 FEB 2000,32,32,32,32,8,8500,272000
14 FEB 2000,32,32,32,32,2,8800,281600
10 FEB 2000,31.5,31.5,31.5,31.5,3,600,18900
8 FEB 2000,31.75,32,31.5,31.5,12,3300,105175
26 JAN 2000,32,32,32,32,2,3000,96000
25 JAN 2000,32.25,32.25,32,32,3,1000,32125
24 JAN 2000,32,32,32,32,5,10600,339200
19 JAN 2000,32.25,32.25,32.25,32.25,1,100,3225
18 JAN 2000,32,32,32,32,2,1000,32000
14 JAN 2000,32,32,32,32,1,4000,128000
13 JAN 2000,32,32,32,32,1,600,19200
12 JAN 2000,32,32,32,32,1,200,6400
10 JAN 2000,32.5,32.5,32.5,32.5,1,2200,71500
6 JAN 2000,32.5,32.5,32.5,32.5,1,1000,32500
4 JAN 2000,33,33,33,33,3,2900,95700
3 JAN 2000,33.5,33.5,33.5,33.5,1,200,6700