Date,Open,High (Rs.),Low (Rs.),Close (Rs.),Trade Volume,Share Volume,Turnover (Rs.)
12 MAY 2026,1827,1827,1815,1819.5,82,2169,3948390
11 MAY 2026,1819.5,1827.5,1819,1819.75,51,575,1046409.25
8 MAY 2026,1810,1819.75,1810,1814.75,48,716,1299272.5
7 MAY 2026,1810,1825,1800,1802,78,32320,56630759.5
6 MAY 2026,1825,1825,1803.75,1805,58,1056,1914216
5 MAY 2026,1801,1825,1800.25,1803.5,28,416,750063.75
4 MAY 2026,1804,1815,1798,1800,117,1343510,2391494784
30 APR 2026,1821,1821,1803,1808.75,93,1231,2234641.75
29 APR 2026,1815,1820.5,1810,1820,67,8718,15826826.25
28 APR 2026,1810,1820,1800,1815,61,2654,4806332.75
27 APR 2026,1815,1815,1799,1800.25,91,2598,4690621.25
24 APR 2026,1785,1813.75,1780,1813.25,45,1453,2593954.25
23 APR 2026,1780,1780,1777,1779.75,67,6882,12247649.25
22 APR 2026,1780,1789,1778.5,1780,81,501695,893017192
21 APR 2026,1780,1780,1776,1779.75,144,6621,11783183.25
20 APR 2026,1779,1779,1775,1775.5,70,3373,5993759.75
17 APR 2026,1776,1780,1773,1779.25,84,5779,10264408.5
16 APR 2026,1767.75,1780,1765,1779.25,70,4687,8322183.5
15 APR 2026,1769,1775,1765,1767.5,73,691,1222654
10 APR 2026,1765,1770,1755,1758.75,79,1277,2246667.5
9 APR 2026,1765,1769,1750,1760,44,1181,2072016.25
8 APR 2026,1755,1770,1726,1750,93,4799,8403525.5
7 APR 2026,1742,1760,1718,1724.25,48,3245,5604100.75
6 APR 2026,1716,1760,1716,1720.75,61,6333,11032482.25
2 APR 2026,1715,1745,1710,1716,58,1046,1796948.5
31 MAR 2026,1719,1719,1708.25,1710,28,2705,4625998.5
30 MAR 2026,1720,1720,1708,1715.75,54,1672,2869756.25
27 MAR 2026,1700,1720,1700,1718.75,31,250,429555.5
26 MAR 2026,1732,1732,1700,1700.5,55,7881,13422910.75
25 MAR 2026,1720,1730,1685,1721.5,76,5449,9291402.5
24 MAR 2026,1695,1739,1667.5,1675.5,129,5607,9464807.5
23 MAR 2026,1690,1700,1654.75,1661.5,160,8267,13791097.25
20 MAR 2026,1690,1700,1690,1695,74,2314,3924814
19 MAR 2026,1700,1700,1690,1691,106,3254,5509101.5
18 MAR 2026,1700.25,1720,1698.5,1709.5,90,2297,3907651.75
17 MAR 2026,1700,1750,1700,1701.75,63,1735,2988271.75
16 MAR 2026,1731,1731,1690,1721.25,137,1984,3377850.75
13 MAR 2026,1740,1740,1719,1736,78,893,1543124.75
12 MAR 2026,1740,1748,1720.5,1725,119,10707,18477243.75
11 MAR 2026,1760,1760,1725,1742.75,62,5111,8845067.75
10 MAR 2026,1720,1769,1720,1742.75,55,1855,3257442.25
9 MAR 2026,1770,1770,1710,1730,146,1539,2659540.5
6 MAR 2026,1782,1782,1699.75,1750.5,138,9841,17225652
5 MAR 2026,1769.75,1788.25,1760,1760.25,75,4777,8420917
4 MAR 2026,1740,1774.5,1740,1753,97,4297,7583074.5
3 MAR 2026,1765,1765,1750,1758.75,174,2723,4778284
27 FEB 2026,1789,1789,1775,1775.75,59,919,1634235
26 FEB 2026,1790,1790,1785,1789.75,68,3944,7055911.25
25 FEB 2026,1785,1789.75,1785,1786,56,1233,2203916.5
24 FEB 2026,1785,1785.5,1773.25,1784.75,51,1354,2411799.75
23 FEB 2026,1779.75,1783,1772,1772.5,49,965,1714527.5
20 FEB 2026,1775,1779.75,1771.25,1773.75,60,1454,2581525.25
19 FEB 2026,1769.75,1786.5,1769.75,1775,111,2881,5108287.5
18 FEB 2026,1767.75,1770,1760,1770,48,574,1012898
17 FEB 2026,1760,1769.75,1760,1765.5,26,184,324832.25
16 FEB 2026,1769,1770,1755,1769.5,45,501,885859.25
13 FEB 2026,1770,1774.75,1740,1744.75,73,1630,2855799.25
12 FEB 2026,1770,1771.75,1755.25,1764.75,45,754,1329789.25
11 FEB 2026,1770,1770,1755,1757.75,58,5161,9068858.5
10 FEB 2026,1770,1770,1761,1767,22,297,525245
9 FEB 2026,1769.75,1775,1760,1768.5,45,1718,3043811
6 FEB 2026,1765,1769.75,1760,1760.25,45,4786,8425090.25
5 FEB 2026,1760,1769.5,1759.75,1760.75,48,1766,3109496.25
3 FEB 2026,1730,1760,1730,1759.25,54,121943,210999442.25
2 FEB 2026,1740,1740,1729,1729.75,60,9989,17272429.25
30 JAN 2026,1759.25,1759.75,1726.25,1729.75,74,7901,13679467
29 JAN 2026,1730,1744,1700,1701.5,208,153882,261681712.25
28 JAN 2026,1755,1760,1740,1751.25,63,1921,3366988.5
27 JAN 2026,1750,1755,1750,1753.75,27,321,562891.25
26 JAN 2026,1750,1750,1740,1744.5,92,1660,2898688.5
23 JAN 2026,1750,1755,1749,1749.5,64,2513,4398774.5
22 JAN 2026,1750,1763.75,1746.25,1750,37,1604,2807365.75
21 JAN 2026,1745,1765,1745,1750,65,1548,2723935.25
20 JAN 2026,1765,1765,1740.5,1750,77,1708,2994031.25
19 JAN 2026,1759.75,1770,1751,1754.25,45,818,1437623
16 JAN 2026,1750,1759.75,1749,1751,51,6151,10765499
14 JAN 2026,1749,1754,1748.5,1750,48,710,1242333.75
13 JAN 2026,1759.75,1760,1748,1750,55,4229,7404813
12 JAN 2026,1750,1750,1748,1749.75,44,2086,3650275.25
9 JAN 2026,1749,1749,1739,1742,58,721,1258966.75
8 JAN 2026,1739.75,1749,1730,1749,51,4198,7305822
6 JAN 2026,1740,1740,1717,1735.75,53,10746,18644413.5
5 JAN 2026,1729.75,1730.75,1700.5,1730,76,1835,3167771.5
2 JAN 2026,1729,1730,1710,1729.75,75,6123,10586656.25
31 DEC 2025,1730,1730,1722,1725.5,49,479,827376.25
30 DEC 2025,1728.5,1730,1722,1728,34,795,1374453.5
29 DEC 2025,1724.5,1730,1724.5,1725.75,58,3746,6463779
26 DEC 2025,1725,1725,1720,1720.5,40,960,1652392.5
24 DEC 2025,1710,1724.75,1710,1710.25,35,756,1296611
23 DEC 2025,1715,1724.75,1705,1719.5,24,1143,1953022.5
22 DEC 2025,1723.75,1724.75,1715,1723.75,25,379,653285.25
19 DEC 2025,1724,1724,1700,1720,58,10816,18403342.5
18 DEC 2025,1699.75,1724.75,1699.75,1724,50,2454,4202825.25
17 DEC 2025,1698,1699,1695,1697,24,408,692563
16 DEC 2025,1686.25,1699,1680,1695.5,99,31717,53324195.5
15 DEC 2025,1699,1699,1687,1688.75,60,1017,1718510.25
12 DEC 2025,1699,1699,1690,1697.75,47,7784,13175288
11 DEC 2025,1699,1699,1690,1694.75,57,961,1629500.5
10 DEC 2025,1699.5,1700,1685,1698.75,80,5424,9212146.5
9 DEC 2025,1690,1699.75,1682,1698.25,92,8027,13628645.25
8 DEC 2025,1690,1690,1680.25,1686,76,1712,2887357.25
5 DEC 2025,1699,1699,1680,1686.5,92,3475,5861130.75
3 DEC 2025,1699,1699.75,1681,1691.75,65,2257,3808274.5
2 DEC 2025,1699,1699.75,1680,1692,43,1642,2778532.25
1 DEC 2025,1690,1703.5,1675,1686.25,123,4072,6893071.5
28 NOV 2025,1699.25,1699.25,1689,1693.75,24,114,193085.75
27 NOV 2025,1700,1700,1690,1699.25,57,1037,1759425.5
26 NOV 2025,1703.5,1703.5,1700,1702.75,38,807,1373171.75
25 NOV 2025,1700,1701,1686,1700.25,51,32320,54342749
24 NOV 2025,1705,1705,1680,1681,102,4310,7269471.75
21 NOV 2025,1700,1709,1698.5,1703,105,2450,4166186
20 NOV 2025,1717.5,1725,1700.25,1722,96,20106,34270429.75
19 NOV 2025,1720,1720,1705,1710.25,53,3702,6333502
18 NOV 2025,1710,1719.75,1700,1715,59,3010,5160713
17 NOV 2025,1715,1715,1700,1700,75,155911,265054536.75
14 NOV 2025,1715,1715,1694,1698.5,82,1734,2951452.75
13 NOV 2025,1700,1710,1699,1701,199,5639,9602817.25
12 NOV 2025,1690,1700,1689.75,1699,58,1895,3213231.75
11 NOV 2025,1700,1700,1686.5,1689.75,113,13228,22369636
10 NOV 2025,1695,1700,1690,1696.5,119,3537,5997738
7 NOV 2025,1695,1695,1692,1694.5,99,23169,39269964
6 NOV 2025,1700,1700,1694,1695,112,25878,43867392.75
4 NOV 2025,1700,1700,1694,1695.25,73,1387,2353650
3 NOV 2025,1693,1705,1690,1700,80,4181,7102484.25
31 OCT 2025,1695.25,1700,1695,1696.75,86,1807,3066363.75
30 OCT 2025,1699.75,1735,1693,1695.75,75,1664,2828607.25
29 OCT 2025,1693,1705,1685,1686.75,74,1067,1802640.25
28 OCT 2025,1700,1700,1686.25,1697.75,46,3862,6551421
27 OCT 2025,1685,1699,1680,1688.5,52,2595,4399406.5
24 OCT 2025,1699,1700,1679,1680,122,38959,65216462.25
23 OCT 2025,1699.25,1700,1698.75,1699,68,17605,29923411.25
22 OCT 2025,1695,1699.75,1692,1696.25,57,1396,2367596.25
21 OCT 2025,1696.5,1700,1680,1698,64,7143,12119945.5
17 OCT 2025,1680,1700,1600,1696.5,98,4472,7480360.75
16 OCT 2025,1693.5,1700.25,1680,1680,76,12184,20519309
15 OCT 2025,1693.25,1699,1683.75,1685.75,68,1233,2082921
14 OCT 2025,1695,1697.5,1682,1692,47,577,973480
13 OCT 2025,1686,1695,1685,1694.25,57,1579,2675071.25
10 OCT 2025,1695,1695,1685,1689.5,38,470,794380
9 OCT 2025,1695,1695,1681,1692.25,36,1212,2051461.75
8 OCT 2025,1695,1695,1674.75,1685,73,2654,4482074.25
7 OCT 2025,1674,1699.75,1674,1689.75,70,1267,2143556.25
3 OCT 2025,1674,1678,1650,1675.5,85,4620,7679588.5
2 OCT 2025,1672.5,1674.75,1650,1674,66,1950,3251582.5
1 OCT 2025,1670,1674.25,1669,1670.25,54,17860,29911898.25
30 SEP 2025,1650,1670,1640.25,1651.5,42,1772,2924878.75
29 SEP 2025,1645,1650,1635,1647.5,51,3299,5401410
26 SEP 2025,1672.25,1672.25,1620,1648.5,42,672,1107558.25
25 SEP 2025,1600,1675,1599.5,1672.25,89,37481,60059816.25
24 SEP 2025,1600,1600,1592,1599,52,1081,1727455.75
23 SEP 2025,1600,1600,1585,1599.75,75,3994,6382183
22 SEP 2025,1600,1635,1599,1599.75,84,2765,4425151.5
19 SEP 2025,1600,1600.5,1599,1599.75,92,57649,92230982.75
18 SEP 2025,1600,1600,1599.25,1600,83,11682,18690798.25
17 SEP 2025,1632,1632,1598.75,1600,122,9552,15283660.5
16 SEP 2025,1600,1609,1598.25,1600,114,10882,17412608.75
15 SEP 2025,1632.75,1633,1599,1600,76,2116,3391637.5
12 SEP 2025,1633,1633,1599,1599.75,153,69102,110577791.5
11 SEP 2025,1617.5,1644.5,1604,1612.25,25,322,523183
10 SEP 2025,1599.75,1646,1599,1602,45,779,1248011.25
9 SEP 2025,1649,1650,1599,1599.75,233,6957,11186283.25
8 SEP 2025,1665,1665,1645,1654,80,1538,2545858
4 SEP 2025,1648.5,1670,1640,1663,55,6876,11461857.75
3 SEP 2025,1664.75,1665,1640,1646.5,51,982,1621783.5
2 SEP 2025,1670,1670,1600,1609.5,95,9714,15734056.25
1 SEP 2025,1669.5,1675,1667,1669,98,6248,10432755.25
29 AUG 2025,1673.75,1675,1662,1669.5,72,10549,17613036.75
28 AUG 2025,1647.5,1660,1647.5,1653.5,65,2233,3684170
27 AUG 2025,1620,1649,1620,1641.75,80,3417,5576814
26 AUG 2025,1602,1618.5,1601.5,1617.5,30,1430,2302342.25
25 AUG 2025,1601,1610,1601,1605.25,59,8464,13586267.5
22 AUG 2025,1618.75,1618.75,1607,1609.25,49,1313,2114236.75
21 AUG 2025,1620,1620,1600,1615.25,85,2737,4413903.25
20 AUG 2025,1630,1649,1630,1639,109,4105,6729246.75
19 AUG 2025,1620,1620,1612.25,1620,89,7106,11510799
18 AUG 2025,1614,1619.75,1606,1619.5,64,1239,1999866.75
15 AUG 2025,1610,1615,1603,1614,70,2315,3726483.75
14 AUG 2025,1615,1615,1587,1595.25,75,1542,2473760.5
13 AUG 2025,1556,1620,1556,1600,159,27835,44528805.5
12 AUG 2025,1560,1560,1554,1555,86,1968,3061959.75
11 AUG 2025,1560,1565,1550,1560,59,5497,8571481
7 AUG 2025,1559.5,1560,1550,1560,47,1895,2954424.25
6 AUG 2025,1550,1559.75,1540,1551.25,31,3550,5495347.75
5 AUG 2025,1544.75,1550,1535,1550,63,33277,51572909.25
4 AUG 2025,1537,1550,1535,1545.5,61,1128,1738052.75
1 AUG 2025,1530,1540,1530,1539.5,48,5514,8488425.75
31 JUL 2025,1528.5,1540,1520,1536.75,47,2358,3621868.75
30 JUL 2025,1510,1529.25,1495.5,1528.5,91,8087,12240791.25
29 JUL 2025,1500,1510,1495,1504,57,910,1364406.75
28 JUL 2025,1494.25,1518.75,1494.25,1500.75,59,3259,4887687.75
25 JUL 2025,1470,1500,1470,1494.25,62,12153,18009628.25
24 JUL 2025,1488.5,1500,1441,1493.25,33,655,975540
23 JUL 2025,1450,1500,1435,1467.25,86,11551,16737200.5
22 JUL 2025,1448.75,1450,1440,1441.25,78,2080,2997491.25
21 JUL 2025,1450,1450,1445,1448.75,62,1353,1959288.75
18 JUL 2025,1451,1455,1450,1450,103,25924,37598970.25
17 JUL 2025,1450.25,1455,1450.25,1455,54,8787,12784534.75
16 JUL 2025,1455,1455,1450,1453.25,49,1710,2485371.5
15 JUL 2025,1455,1455,1439,1454.5,79,3212,4664617.75
14 JUL 2025,1456.5,1465.25,1452,1456.25,94,5624,8194473
11 JUL 2025,1439.5,1459,1439.5,1456.5,87,2948,4269257.75
9 JUL 2025,1444,1450,1430,1435,79,1939,2792406.75
8 JUL 2025,1459,1459,1440,1444,80,2307,3341782.5
7 JUL 2025,1459,1459,1451,1456.5,35,552,803283.25
4 JUL 2025,1450,1460,1449,1458.75,40,1454,2114393
3 JUL 2025,1460,1460,1445,1456,39,1806,2635227.5
2 JUL 2025,1460,1475,1450,1450,105,20717,30096677
1 JUL 2025,1461.5,1479.5,1457.5,1460,34,622,909584.75
30 JUN 2025,1487,1487,1457.5,1461.5,35,1153,1685725.5
27 JUN 2025,1488,1488.5,1450,1483.25,39,8018,11689655.5
26 JUN 2025,1488.75,1488.75,1435.5,1484.5,39,1507,2233770.75
25 JUN 2025,1500,1500,1399.75,1477.25,48,1931,2852550
24 JUN 2025,1399,1437.75,1399,1420.75,32,545,768660
23 JUN 2025,1399.5,1399.75,1380.25,1399,48,1917,2669585.5
20 JUN 2025,1410,1441,1399.5,1400,136,13592,19051211
19 JUN 2025,1441,1441,1400,1403.75,92,7663,10930149.25
18 JUN 2025,1450,1469.5,1440,1441.75,74,179283,259791998
17 JUN 2025,1451.25,1469.75,1449.5,1450,67,2871,4172313.75
16 JUN 2025,1465,1469.75,1440,1455.25,81,9631,14006711
13 JUN 2025,1476,1487,1470,1470.25,61,2166,3192867
12 JUN 2025,1484.75,1487.5,1475,1484.75,34,737,1090793.75
11 JUN 2025,1481,1490,1465,1483.25,50,1441,2136331
9 JUN 2025,1455,1499.75,1451,1471.25,54,2040,2994856.25
6 JUN 2025,1450,1452,1431.25,1450,44,2430,3522835
5 JUN 2025,1497,1497,1417,1446.5,66,2004,2914538
4 JUN 2025,1400,1600,1381.25,1488.75,170,52600,75275754.25
3 JUN 2025,1395,1400,1375,1380.25,115,20445,28218022
2 JUN 2025,1379.75,1399,1375.5,1380.5,59,1875,2588550.75
30 MAY 2025,1380,1398.75,1380,1380.5,41,2238,3105196.25
29 MAY 2025,1380,1400,1370,1376,104,23134,31769989
28 MAY 2025,1389.75,1390,1376.5,1380,152,60964,83638046.75
27 MAY 2025,1410,1423,1399.75,1400,37,14846,21075219.5
26 MAY 2025,1425,1425,1391,1400,21,1073,1502486.5
23 MAY 2025,1399,1425,1380.25,1409.5,73,1021,1433269
22 MAY 2025,1420.25,1430,1405,1416.75,99,5147,7264967.75
21 MAY 2025,1410.25,1430,1405,1420.5,37,530,750458.75
20 MAY 2025,1417.25,1425,1400.5,1410,80,7644,10803743
19 MAY 2025,1402,1417.25,1380,1416.25,135,4479,6264037.25
16 MAY 2025,1417,1417,1410,1413,57,9175,12975799.75
15 MAY 2025,1399,1420,1390,1399.75,99,2706,3795042.75
14 MAY 2025,1370,1370,1360,1369,52,3231,4424655
9 MAY 2025,1360,1369.75,1355.5,1369.75,19,319,435120.25
8 MAY 2025,1369.75,1369.75,1350,1353,29,307,415385
7 MAY 2025,1370,1370,1350,1351,25,9172,12383130.25
6 MAY 2025,1350,1359,1345,1347.25,74,110315,148539511.5
5 MAY 2025,1369.75,1369.75,1350,1351.5,61,28214,38136198.75
2 MAY 2025,1369.25,1369.25,1348,1350.25,94,61387,82878516.5
30 APR 2025,1366,1366,1350,1353.25,68,23571,31827078.25
29 APR 2025,1376,1376,1345,1370,26,2184,2986762.75
28 APR 2025,1365,1365,1340.5,1350,50,26322,35551750.5
25 APR 2025,1365,1365,1340.25,1352.25,38,9260,12505292.75
24 APR 2025,1365,1365,1339,1339.25,53,3529,4735327
23 APR 2025,1343,1365,1339.75,1340,68,47534,63700039.5
22 APR 2025,1376,1376,1339,1343.75,34,403,546289.5
21 APR 2025,1378,1378,1340,1344.25,48,870,1176659.25
17 APR 2025,1340,1378,1339,1339.25,74,6945,9308932
16 APR 2025,1341,1345,1340,1340.5,78,21615,28968685
11 APR 2025,1340,1345,1339,1339.75,118,74846,100291656.25
10 APR 2025,1350,1384.5,1335,1337.5,98,5641,7645720.75
9 APR 2025,1340,1340,1298,1298,178,68324,88809305.25
8 APR 2025,1300,1349,1290,1334,85,7869,10492124.75
7 APR 2025,1350,1350,1237,1300,153,16596,21434336.75
4 APR 2025,1350,1350,1325.25,1340,77,34873,46481025.75
3 APR 2025,1356,1391.25,1350,1350.25,79,16783,22670469.25
2 APR 2025,1360,1390,1360,1383.25,27,449,616099.5
1 APR 2025,1362.5,1363,1350.5,1359.75,37,870,1181403.5
28 MAR 2025,1361,1364,1350,1350.25,47,15955,21545061.25
27 MAR 2025,1360,1363,1350,1360,21,2216,2993902.25
26 MAR 2025,1355,1355,1350,1350.25,36,2812,3796769.5
25 MAR 2025,1360,1364,1355,1355,34,6643,9003706.25
24 MAR 2025,1360,1360,1355,1355.5,29,1951,2644557.25
21 MAR 2025,1350,1380,1335,1350.5,25,1163,1570657.5
20 MAR 2025,1330,1345,1325,1340,28,740,989497
19 MAR 2025,1325.25,1340,1325,1333.75,45,1053,1398073
18 MAR 2025,1330,1330,1325,1325,41,3010,3989580
17 MAR 2025,1340,1340,1325,1329.25,66,4262,5667591.75
14 MAR 2025,1350,1350,1330,1330.75,80,4339,5800270.75
12 MAR 2025,1345,1350,1332.5,1337,47,1660,2217651
11 MAR 2025,1370,1370,1340,1340.5,71,20674,27839050.25
10 MAR 2025,1355,1360.5,1345,1360,31,3694,5000353
7 MAR 2025,1305,1389.75,1305,1354,91,6820,8957975
6 MAR 2025,1400,1430,1200,1348,134,16582,22600715.5
5 MAR 2025,1440,1445,1392.5,1432.75,48,3053,4306077.25
4 MAR 2025,1445.25,1445.25,1400,1401.25,54,3404,4776297.5
3 MAR 2025,1450,1450,1403.25,1448,15,289,418048.25
28 FEB 2025,1400,1450,1400,1423.75,21,743,1071868.75
27 FEB 2025,1450,1450,1380,1398.5,121,6932,9704376
25 FEB 2025,1449,1460,1414,1416,107,18503,26307378.25
24 FEB 2025,1435,1449,1428,1430,18,181,258995.75
21 FEB 2025,1425,1488,1425,1434.25,14,271,388415.5
20 FEB 2025,1480,1480,1420,1420.25,70,15989,22721209.25
19 FEB 2025,1480,1480,1431.75,1443,19,30118,42770558
18 FEB 2025,1463,1500,1420.25,1476.25,47,4437,6314349.25
17 FEB 2025,1449.75,1465,1420,1463.75,47,12560,17859462.5
14 FEB 2025,1445,1450,1426.5,1450,24,934,1342751
13 FEB 2025,1435,1450,1420,1420.5,64,39292,55812324.5
11 FEB 2025,1445,1445,1420.25,1442.5,33,2397,3427041.25
10 FEB 2025,1460,1460,1420,1423,52,3727,5317420
7 FEB 2025,1460,1460,1445.25,1447,42,5367,7783172.5
6 FEB 2025,1450,1475,1450,1450,83,7968,11568839.75
5 FEB 2025,1465.25,1470,1445,1450,77,9070,13219918
3 FEB 2025,1470.25,1479.75,1461.25,1466.25,40,6377,9350548
31 JAN 2025,1475.5,1493.75,1470.5,1479.5,32,16435,24279216.25
30 JAN 2025,1493.75,1493.75,1475,1475,47,21412,31655174
29 JAN 2025,1493.75,1493.75,1480,1485,60,1925,2859842.75
28 JAN 2025,1495,1496,1487,1490,41,3679,5483270.75
27 JAN 2025,1465,1498,1465,1490,59,3890,5804030
24 JAN 2025,1534.75,1534.75,1460.25,1497.5,81,24290,36381195.25
23 JAN 2025,1495,1560,1453,1526.25,93,8352,12574351.5
22 JAN 2025,1425,1550,1420,1499.75,119,65069,92618225.75
21 JAN 2025,1423.75,1425,1420,1420,60,8998,12792455.25
20 JAN 2025,1417,1423.5,1397.5,1400.75,70,5923,8328687.25
17 JAN 2025,1406,1423.75,1399,1417.25,35,1331,1870983.25
16 JAN 2025,1400,1424,1399,1400.25,67,53104,74359356.75
15 JAN 2025,1390,1405,1390,1400,72,61963,86746137.25
10 JAN 2025,1399.5,1405,1380.25,1396.75,43,1868,2616251.25
9 JAN 2025,1395,1400,1390,1399.5,17,1030,1441556
8 JAN 2025,1390,1396,1375,1375,59,99092,136277888
7 JAN 2025,1400,1400,1375,1385.25,39,2467,3435305.75
6 JAN 2025,1400,1425,1362.75,1379.75,96,4198,5901998
3 JAN 2025,1410,1410,1380,1400,88,12903,18065712.25
2 JAN 2025,1390,1412,1360.75,1400.25,93,7581,10582651
31 DEC 2024,1390,1415,1386,1397.25,109,20964,29322271.25
30 DEC 2024,1325,1396.5,1325,1386,94,13016,17740921.25
27 DEC 2024,1320,1325,1320,1325,49,5112,6771916
26 DEC 2024,1324,1325,1300,1324.75,80,24404,31924618.75
24 DEC 2024,1323,1324,1309,1315,36,1640,2159431.5
23 DEC 2024,1301.25,1324,1299.25,1319,88,206165,268021748.25
20 DEC 2024,1325,1325,1300,1301,103,136656,177745510.75
19 DEC 2024,1328,1328,1300,1301.75,88,21713,28345464
18 DEC 2024,1301,1329,1301,1316,38,801,1047735.5
17 DEC 2024,1329,1329,1300,1300.25,102,123617,160773543
16 DEC 2024,1300,1338.5,1300,1316.25,109,148908,198017796.25
13 DEC 2024,1332.5,1338.75,1316,1331,34,1751,2329181.75
12 DEC 2024,1333,1333,1300.25,1320,32,2306,3022029
11 DEC 2024,1300.25,1330,1300,1307.5,48,4049,5356094.75
10 DEC 2024,1299.5,1335.25,1299.5,1316.75,45,2012,2656625.5
9 DEC 2024,1290.5,1305,1290.5,1299.5,38,2264,2941633.25
6 DEC 2024,1290,1299.5,1290,1294,30,2518,3254197.5
5 DEC 2024,1285,1290,1285,1289,29,442,569764.5
4 DEC 2024,1274,1285,1271.75,1283.75,32,2973,3791022
3 DEC 2024,1274,1274,1271.75,1274,24,490,624234.5
2 DEC 2024,1278,1289.75,1272,1279,33,357,456580.5
29 NOV 2024,1273.75,1295,1273.75,1275.25,35,3093,3946151.75
28 NOV 2024,1274.25,1275,1269,1275,35,449,571610.25
27 NOV 2024,1259.75,1271,1259,1268.75,42,702,887974
26 NOV 2024,1258,1260,1245,1259.5,24,4401,5514272.25
25 NOV 2024,1262,1262,1245,1245,12,305,380141.5
22 NOV 2024,1245.5,1253.5,1230.25,1253.5,36,2735,3393760.25
21 NOV 2024,1259.75,1264.75,1240,1245,41,3334,4175368.25
20 NOV 2024,1253.25,1253.25,1250,1253,56,2710,3390050.75
19 NOV 2024,1279,1290,1270,1270.75,82,13931,17730360.5
18 NOV 2024,1275,1280,1268,1279.75,56,9970,12696081.5
14 NOV 2024,1270,1275,1268,1269.5,51,4100,5205748.25
13 NOV 2024,1268,1270,1266,1270,46,12815,16272272
12 NOV 2024,1269.5,1270,1255,1267.25,47,2711,3429564.5
11 NOV 2024,1250,1270,1250,1270,108,9779,12365480.5
8 NOV 2024,1230,1240,1224,1230.25,71,7546,9282318
7 NOV 2024,1228,1234,1220,1223.75,89,12473,15249678
6 NOV 2024,1233.5,1234,1229.25,1229.75,52,5223,6422241.75
5 NOV 2024,1231.25,1235,1229.75,1232.5,28,3527,4340709
4 NOV 2024,1240,1240,1230,1230.5,76,5827,7184857.5
1 NOV 2024,1238,1240,1234,1235.5,39,5224,6453442.75
30 OCT 2024,1235,1240,1231,1237.5,19,1145,1417361
29 OCT 2024,1237,1240,1235,1237.25,42,2755,3412142.5
28 OCT 2024,1240,1240,1225,1239.75,24,1591,1968790.75
25 OCT 2024,1215.25,1250,1215.25,1249.75,79,2180,2712978.5
24 OCT 2024,1215,1250,1208.25,1236,53,3632,4454602.25
23 OCT 2024,1214,1214,1209,1209.5,22,916,1108138.5
22 OCT 2024,1212.75,1215,1210.5,1212.25,12,330,399809.75
21 OCT 2024,1215,1215,1210,1212.5,22,1216,1474794
18 OCT 2024,1215,1220,1211,1215,34,6545,7945445
16 OCT 2024,1205.5,1215,1205.5,1212.75,10,77,93304.5
15 OCT 2024,1210,1215.5,1205,1212.75,19,1904,2307848.5
14 OCT 2024,1209,1210,1200.25,1208,17,269,324916
11 OCT 2024,1200,1210,1200,1209,45,9117,10943120
10 OCT 2024,1210,1210,1197.75,1198,33,2893,3466734
9 OCT 2024,1200,1210,1198.25,1200,25,1727,2072980.25
8 OCT 2024,1214,1214,1196.5,1200,29,2593,3111553
7 OCT 2024,1210,1215,1200,1200,38,3275,3930703.5
4 OCT 2024,1200,1210,1200,1210,14,1461,1754730
3 OCT 2024,1200,1204.75,1192.75,1199.5,19,857,1028074.25
2 OCT 2024,1191,1249.75,1190,1192.25,75,8534,10300537.5
1 OCT 2024,1190,1200,1190,1200,25,4035,4841919.5
30 SEP 2024,1200,1202,1190,1200,42,4882,5840765.5
27 SEP 2024,1200,1200,1194,1200,27,4406,5279835.25
26 SEP 2024,1195.75,1200,1194.75,1195.5,69,7848,9385857.5
25 SEP 2024,1175,1199.75,1175,1190.25,55,3142,3726911
24 SEP 2024,1199,1200,1188,1200,54,2490,2974309.25
23 SEP 2024,1183.75,1183.75,1160.5,1175.25,44,2448,2890537.25
20 SEP 2024,1175,1183.75,1160.5,1183.5,58,4575,5409101.75
19 SEP 2024,1183.75,1183.75,1174.25,1175,37,4356,5120497.5
18 SEP 2024,1190,1198.75,1159.75,1160.25,116,7624,8924102.5
13 SEP 2024,1190,1190,1175.75,1180,26,459,543470.75
12 SEP 2024,1180,1190,1178.5,1187.75,21,176,208480.5
11 SEP 2024,1180,1190,1179,1180.25,20,309,364689.5
10 SEP 2024,1190,1190,1175,1179.25,43,650,766778.5
9 SEP 2024,1200,1200,1100,1177.75,190,472762,520366661.75
6 SEP 2024,1214,1219,1200,1218,30,2786,3374043.5
5 SEP 2024,1200,1219,1200,1201.75,24,391,470235.75
4 SEP 2024,1165,1200,1165,1200,17,723,850100
3 SEP 2024,1200.25,1220,1160,1163.5,106,52722,61300875.75
2 SEP 2024,1220,1220,1200.25,1210,41,814,981662
30 AUG 2024,1210,1210,1209,1210,67,6071,7345895
29 AUG 2024,1204.5,1230,1200.5,1226,41,1820,2191287
28 AUG 2024,1230,1230,1204.5,1206.5,67,105351,127769155.5
27 AUG 2024,1252.5,1252.5,1230,1231.75,47,10917,13523833.25
26 AUG 2024,1239.5,1261,1237,1237.25,18,1249,1547672.75
23 AUG 2024,1235,1239.5,1210,1236.75,79,10314,12703778.5
22 AUG 2024,1240,1244.75,1228.75,1231,68,2369,2924741.5
21 AUG 2024,1255,1255,1250,1251,22,4793,5996064.25
20 AUG 2024,1248,1259,1245.5,1254.75,42,35783,44778423.75
16 AUG 2024,1248,1250,1245.75,1247.5,25,1273,1590316.5
15 AUG 2024,1250,1250,1248,1248,36,29444,36775603.25
14 AUG 2024,1245.25,1250,1230,1250,73,49069,60503384
13 AUG 2024,1239,1250,1239,1250,93,12239,15298404
12 AUG 2024,1229.75,1229.75,1220,1229,28,2286,2807455.5
9 AUG 2024,1225,1229.75,1211,1224,27,2688,3292294.5
8 AUG 2024,1225,1225.75,1200.75,1225,28,692,841887.5
7 AUG 2024,1230,1230,1224.75,1225,54,1652,2024100
6 AUG 2024,1238.5,1238.5,1238.25,1226.75,4,23,28484.75
5 AUG 2024,1230,1239,1225,1226.75,35,1123,1379201.25
2 AUG 2024,1235,1239.5,1230,1230,67,13239,16289225.25
1 AUG 2024,1233.25,1237.75,1231.25,1231.5,14,722,889505.5
31 JUL 2024,1239.5,1239.5,1230.25,1233.25,17,880,1084004.5
30 JUL 2024,1239.5,1239.75,1230,1231.5,46,1689,2090022
29 JUL 2024,1237.5,1239.75,1231,1238.5,18,420,520216.5
26 JUL 2024,1230,1240,1230,1232,47,3117,3839573.25
25 JUL 2024,1230,1233,1230,1230,26,30136,37067452.25
24 JUL 2024,1235,1235,1233,1235,9,160,197590
23 JUL 2024,1230,1238,1228.5,1232.75,23,14570,17921396.75
22 JUL 2024,1240,1240,1230,1230,12,150,184798
19 JUL 2024,1230,1241,1230,1232.5,15,335,412808.5
18 JUL 2024,1231,1240.75,1230,1230,35,13039,16038261
17 JUL 2024,1240,1240,1230,1230,40,2453,3018345
16 JUL 2024,1242,1243,1236,1241.5,11,43,53360.5
15 JUL 2024,1244.75,1244.75,1240,1241.5,11,94,116793
12 JUL 2024,1225,1244.5,1225,1241.5,11,275,340519.25
11 JUL 2024,1235,1245,1225,1225.75,25,4848,5964648.5
10 JUL 2024,1225,1230,1225,1225,34,4102,5027842.25
9 JUL 2024,1235,1235,1225,1226.25,39,1065,1309018
8 JUL 2024,1235.75,1246.5,1235,1236,31,436,539643.75
5 JUL 2024,1235,1250,1235,1235.75,34,3851,4766878.75
4 JUL 2024,1255,1255,1230,1233.25,33,2631,3263451.5
3 JUL 2024,1260,1266.75,1242,1254,20,8157,10197288.75
2 JUL 2024,1255,1260,1250,1255,24,5678,7100120.75
1 JUL 2024,1250,1260,1230,1249.75,22,684,855170.75
28 JUN 2024,1250,1250,1230,1238,16,1960,2426525.75
27 JUN 2024,1254.75,1254.75,1250,1250,11,88,110033.25
26 JUN 2024,1250,1254.75,1250,1250,31,24339,30424419.75
25 JUN 2024,1248,1252,1227,1250,40,6898,8614417.25
24 JUN 2024,1252,1252,1200,1214,66,1402,1706554
20 JUN 2024,1255,1255,1251,1252.5,20,414,518944.25
19 JUN 2024,1267.75,1267.75,1252,1255,35,16279,20430181.5
18 JUN 2024,1256,1267.5,1255,1260,23,522,656977.5
14 JUN 2024,1258,1265,1255,1258,15,381,479286.5
13 JUN 2024,1262,1268,1256,1256,13,909,1143035
12 JUN 2024,1255,1269.75,1255,1256.5,26,2917,3673886
11 JUN 2024,1259.75,1259.75,1250,1255.5,23,682,856265
11 JUN 2024,1259.75,1259.75,1250,1255.5,23,682,856265
10 JUN 2024,1253,1259.75,1250,1250.25,40,884,1106920.25
7 JUN 2024,1270,1270,1250,1250,21,1241,1551366.5
6 JUN 2024,1220,1274.5,1220,1255.5,30,792,994425.5
5 JUN 2024,1224,1228,1215,1225.5,55,4066,4948362.5
4 JUN 2024,1230,1239.25,1215,1227.25,79,6765,8231985.25
3 JUN 2024,1245.75,1247,1205.25,1213,72,3192,3917276
31 MAY 2024,1248,1250,1231.25,1244,27,847,1056538.5
30 MAY 2024,1251,1275,1200,1248,94,5207,6294751.5
29 MAY 2024,1295,1295,1268,1268.25,51,566,719809.75
28 MAY 2024,1289.5,1289.5,1281,1285.75,30,702,900863.5
27 MAY 2024,1284.5,1300,1283,1289.5,24,515,665055.25
22 MAY 2024,1299,1299.75,1282,1297,47,3107,4022812.25
21 MAY 2024,1315.5,1315.5,1290,1292.25,172,22897,29753492.25
20 MAY 2024,1320,1320,1310,1315.5,41,285,375306
17 MAY 2024,1329,1329,1310,1326.25,20,175,232288
16 MAY 2024,1330,1340,1320,1324,47,5988,7988804.5
15 MAY 2024,1330,1349,1325,1330,51,2198,2931053.25
14 MAY 2024,1310,1350,1310,1332.5,55,2700,3610447.5
13 MAY 2024,1299,1299,1297,1298.5,21,378,490743.5
10 MAY 2024,1295.25,1300,1295,1299.75,32,22710,29520005.5
9 MAY 2024,1295.25,1300,1295,1300,28,19513,25365039.5
8 MAY 2024,1298,1300,1295,1295.25,39,3884,5030752.75
7 MAY 2024,1295,1300,1295,1297.75,43,19408,25222262.25
6 MAY 2024,1299,1300,1285,1285.5,34,2716,3509795.25
3 MAY 2024,1292,1300,1287,1299,28,7384,9584639.25
2 MAY 2024,1290,1300,1280,1299,58,16579,21514851
30 APR 2024,1279,1290,1261.5,1289.25,38,21118,27018005
29 APR 2024,1260,1280,1259.5,1274.25,43,7264,9157213.25
26 APR 2024,1272,1272,1255,1260,33,2478,3122618.75
25 APR 2024,1270,1270,1254,1270,21,693,880017.25
24 APR 2024,1251.25,1270,1251.25,1269.75,42,6329,8031089.5
22 APR 2024,1240,1260,1240,1258.5,40,3271,4101091.25
19 APR 2024,1203,1246,1203,1245.25,50,6270,7751993.25
18 APR 2024,1220,1227,1200,1219.75,95,9022,10920070.5
17 APR 2024,1203,1219,1190,1192.75,35,6035,7183675.75
16 APR 2024,1211,1221,1001,1203.5,110,3065,3684284.75
15 APR 2024,1217.5,1222,1210,1218.25,51,248,301657.25
10 APR 2024,1222,1222,1217,1217,17,14788,17997166
9 APR 2024,1210,1217,1205,1217,76,23647,28718693.25
8 APR 2024,1200,1212.5,1200,1210,31,8905,10773985
5 APR 2024,1195.75,1200,1195,1197.5,15,254,304028.5
4 APR 2024,1180,1221.75,1180,1200,32,6452,7734993.75
3 APR 2024,1222,1223,1180.5,1204.5,17,948,1156573
2 APR 2024,1223,1223,1222,1222,22,1509,1844182.25
1 APR 2024,1229,1229,1222.25,1222.75,20,644,790058.5
28 MAR 2024,1222,1235,1222,1228.25,48,7703,9461886
27 MAR 2024,1222,1223.5,1220,1222.5,38,1169,1428667
26 MAR 2024,1224.75,1224.75,1218,1222,30,2688,3283213.25
25 MAR 2024,1224.75,1224.75,1220,1223.25,33,2206,2698242.5
22 MAR 2024,1227.75,1228,1220,1222.25,71,714,874160.25
21 MAR 2024,1200.25,1225,1195,1223,95,8670,10486225.5
20 MAR 2024,1195,1204,1195,1202.5,28,898,1076609.5
19 MAR 2024,1185,1220,1169,1198.25,80,10511,12601125
18 MAR 2024,1164,1190,1151,1185.75,47,1144,1346236.25
15 MAR 2024,1180,1181,1147.75,1164,60,2074,2444249.75
14 MAR 2024,1150,1185,1142,1184.5,67,2487,2918851
13 MAR 2024,1160,1185,1132,1150.5,63,10792,12242495
12 MAR 2024,1100,1190,1100,1128.75,164,26133,29320874
11 MAR 2024,1100,1114.75,1100,1100.75,54,2040,2253456.25
7 MAR 2024,1098,1100,1072.5,1094.5,110,13080,14256508.75
6 MAR 2024,1060.25,1098.75,1060.25,1069.5,28,1280,1367903.75
5 MAR 2024,1068,1068,1060,1060,20,1388,1471553.75
4 MAR 2024,1060,1069,1052.5,1064.25,40,4190,4446840.75
1 MAR 2024,1050,1065,1040.25,1059.25,74,13384,14167452.25
29 FEB 2024,1029.5,1045,1029.5,1040.25,31,1159,1201671.5
28 FEB 2024,1035,1040,1020,1039.25,31,2108,2169746
27 FEB 2024,1026.5,1030,1026,1029,22,360,370296
26 FEB 2024,1025.75,1026.5,1005,1018.25,19,387,395253
22 FEB 2024,1020,1025.25,1020,1025,27,1116,1143478.75
21 FEB 2024,1002.25,1022,1001.25,1020,26,7872,8016539
20 FEB 2024,1020,1020,1000.25,1002,29,4625,4645487.25
19 FEB 2024,1018.5,1021.5,1015,1019,14,574,584963.5
16 FEB 2024,1006.5,1019,1006.25,1007.75,9,116,116919.75
15 FEB 2024,1015,1019,1015,1010,4,40,40680
14 FEB 2024,1019,1020,1015,1010,8,37,37722
13 FEB 2024,1020,1020,1010,1010,18,5117,5168458
12 FEB 2024,1010,1020,1000,1010.5,28,4308,4347372
9 FEB 2024,1002,1002,1000,1000.5,7,187,187076.5
8 FEB 2024,1000.5,1014,1000,1000.5,15,1336,1336746
7 FEB 2024,1004.5,1015,1000,1000,38,6618,6622595.25
6 FEB 2024,1010,1011.5,1004.25,1006,32,2781,2798237.25
2 FEB 2024,1019,1019,1003,1019,11,56,56937
1 FEB 2024,1001,1019,1001,1019,3,11,11047
31 JAN 2024,1019,1019,1006,1019,7,65,65592.75
30 JAN 2024,1003.25,1020,1000.25,1019,8,118,120029.5
29 JAN 2024,1002.75,1002.75,1000,1000,22,3706,3706105.25
26 JAN 2024,1003,1005,1000,1002.75,20,1364,1370130.5
24 JAN 2024,1001,1005,1000,1000,11,1543,1543115.75
23 JAN 2024,1019,1019,962,995.25,28,4403,4394593.5
22 JAN 2024,1000.25,1018.5,1000,1000,42,15326,15342246.5
19 JAN 2024,1000.5,1018,1000,1001,16,1797,1798928.5
18 JAN 2024,1000,1020,1000,1020,6,16,16195
17 JAN 2024,1020,1020,1019,1020,14,1199,1222465.25
16 JAN 2024,1000,1019,1000,1016,13,1175,1193806
12 JAN 2024,1010,1020,1010,1015,28,3290,3339454
11 JAN 2024,1000,1010,993,1000.25,32,31726,31725965
10 JAN 2024,1000,1015,992.5,1012.75,14,1613,1620587.5
9 JAN 2024,1012.25,1020,1012,1012.25,4,205,207518
8 JAN 2024,1000,1040,990,1012.25,44,27119,27447589.25
5 JAN 2024,1012,1020,1000,1008.5,34,1204,1215080.75
4 JAN 2024,975,1040,960,1012.5,39,3827,3746766.5
3 JAN 2024,993,995,985,989.75,18,25522,25267496
2 JAN 2024,969,993.75,955,993.5,33,26223,25084076.5
29 DEC 2023,960,960,952.25,953.75,26,2029,1937675.25
28 DEC 2023,955,955,952,955,29,1836,1753023.5
27 DEC 2023,952.5,955,952.25,953,24,381,363159.5
22 DEC 2023,952.5,958,952.5,953,21,328,312654.75
21 DEC 2023,955,964.75,950.25,964.5,15,1096,1056352.25
20 DEC 2023,964.75,964.75,960,964.75,6,234,225742
19 DEC 2023,946.25,950.25,946.25,946.5,10,137,129656.25
18 DEC 2023,964.75,964.75,946.25,950.25,56,1543,1466955
15 DEC 2023,954,960,952,952.5,27,537,511547.25
14 DEC 2023,964.75,964.75,952,954,31,648,619336.25
13 DEC 2023,965,965,956,964.75,33,1007,968356.25
12 DEC 2023,964.5,964.5,960,965,10,65,62596
11 DEC 2023,958.25,965,958.25,965,16,850,820134.25
8 DEC 2023,958,965,957,958.25,42,486,466117.75
7 DEC 2023,961.75,962,958,959.75,14,137,131506
6 DEC 2023,958.25,960,957,958.5,28,1896,1819648
5 DEC 2023,962,962,956.25,958.25,23,415,398064
4 DEC 2023,965,965,957,960,12,1021,980194
1 DEC 2023,965,965,956,960,33,3785,3633838.25
30 NOV 2023,988.75,988.75,960,960,70,11761,11291718
29 NOV 2023,985,989.75,985,965.75,4,5,4939.25
28 NOV 2023,961,975,960,965.75,12,101,97531.25
27 NOV 2023,965,965,960,960,27,460,442177.25
24 NOV 2023,963,992,963,960.5,7,23,22491.75
23 NOV 2023,996,996,960,960.5,33,692,664636
22 NOV 2023,968,984,960,960,33,5347,5135282
21 NOV 2023,970,975,970,970.25,10,536,520069.75
20 NOV 2023,975,975,968,970,47,4671,4536822.5
17 NOV 2023,990,990,984,984,76,16042,15798372.75
16 NOV 2023,985,999,985,990.75,17,317,314095.5
15 NOV 2023,985,985,985,985,45,3603,3548955
14 NOV 2023,985,990,985,985,65,32974,32490870
13 NOV 2023,990,990,985,985,70,5392,5316795.25
10 NOV 2023,1000,1000,987,987.75,186,46842,46314267
9 NOV 2023,999.75,999.75,981,985,78,27012,26607884.5
8 NOV 2023,995,999.75,995,989.75,7,28,27978.75
7 NOV 2023,995,995,988,989.75,19,1489,1474022.75
6 NOV 2023,990,990,990,990,26,1915,1895850
3 NOV 2023,985,995,985,988,10,203,200575
2 NOV 2023,995,995,982,982.25,16,8440,8289808
1 NOV 2023,985,995,982,982,9,8401,8250424.75
31 OCT 2023,998.75,998.75,981,983.25,23,138,135731
30 OCT 2023,981,997.25,979.25,980.25,33,2442,2393880.75
27 OCT 2023,990,999,985,985.25,20,1543,1520460.5
26 OCT 2023,998.75,998.75,986,986.25,18,408,402439
25 OCT 2023,990,998.75,985,986,29,1729,1709470.25
24 OCT 2023,995.75,999,990,990,15,1756,1738664
23 OCT 2023,996,996,990,996,14,220,219099.25
20 OCT 2023,965.25,1000,956,966,42,1122,1083506.25
19 OCT 2023,999.75,1000,950.25,965.25,45,20187,19281614.25
18 OCT 2023,992.5,992.5,992.5,989,4,34,33745
17 OCT 2023,999.75,1000,985,989,16,125,123601
16 OCT 2023,986,999,985,986.75,18,319,314671.5
13 OCT 2023,996,1000,990,990,49,3718,3681683
12 OCT 2023,995,1000,992,994.5,16,470,469139.5
11 OCT 2023,1010,1010,995,996.25,30,1403,1403776.25
10 OCT 2023,1005.5,1008.25,1005.5,1007,23,325,326945.75
9 OCT 2023,1020,1020,1000.75,1005,21,987,992240
6 OCT 2023,1000.5,1020,1000.5,1013.75,21,935,947694
5 OCT 2023,1000,1001,1000,1000.75,8,156,156117
4 OCT 2023,1000.25,1009.75,1000,1001,49,3311,3312070.25
3 OCT 2023,1000.5,1009,1000,1001,17,1074,1074478.5
2 OCT 2023,1010,1014.75,1001,1001.5,42,9381,9467674.5
27 SEP 2023,1005,1012,1005,1010.25,30,3618,3653930
26 SEP 2023,1000,1012,999,1011,38,2699,2719402.5
25 SEP 2023,1000,1011.75,1000,1000,13,347,347353.5
22 SEP 2023,1000,1007,975.25,1000,38,27390,27358062.75
21 SEP 2023,992,1011.5,991.5,1000.25,74,20563,20478565
20 SEP 2023,990,995,990,993,16,1125,1117226.5
19 SEP 2023,992,992,981,984,29,376,371470.75
18 SEP 2023,997,997,990.5,994.5,42,3241,3219055.5
15 SEP 2023,1000,1000,995,995,46,9666,9619297.25
14 SEP 2023,1000,1000,997,998.5,32,2433,2432716.25
13 SEP 2023,1000,1000,995.25,1000,45,3674,3673562
12 SEP 2023,1000,1000,995,999.75,18,354,353864.25
11 SEP 2023,1009,1009,995,1000,36,2075,2074390.5
8 SEP 2023,1003,1008,1002,1003,18,1841,1846440.25
7 SEP 2023,1020,1020,999.75,1001.5,24,10556,10565347.5
6 SEP 2023,1030,1030,995,1000.25,25,4364,4377772
5 SEP 2023,1007,1060,1000,1000.25,55,3976,4045430
4 SEP 2023,990,1000.25,985,1000,61,8789,8782343.75
1 SEP 2023,997.25,997.25,994,995,11,2994,2983502
31 AUG 2023,998,998,995,995.5,23,1263,1257418
29 AUG 2023,996,1000,995,996,25,913,909444
28 AUG 2023,994,1000,993,999.5,65,4247,4241577
25 AUG 2023,995,996,975,994.25,13,318,312703.5
24 AUG 2023,997,1003.5,965,992.25,79,8606,8566525.75
23 AUG 2023,975.25,997,975.25,995,66,14781,14699128.75
22 AUG 2023,971.5,983.75,971,975.25,31,994,968451.25
21 AUG 2023,970,992,960,972,44,1219,1184527.75
18 AUG 2023,997.5,1000,971,998.5,29,411,407869
17 AUG 2023,995.25,1000,970,997.5,72,109116,104090252.25
16 AUG 2023,1009.75,1009.75,995,999.75,20,600,600130.25
15 AUG 2023,998.75,1005,995.25,1000,41,6450,6450181
14 AUG 2023,1010,1014,998.75,1001,97,127346,127378438.25
11 AUG 2023,960.25,1020,960.25,1000,182,18611,18712497.25
10 AUG 2023,942.75,954.75,928.75,949.75,43,28555,27120875.25
9 AUG 2023,925,953.75,925,950,23,2496,2357187.5
8 AUG 2023,931,952,925,942.75,41,2444,2299315.5
7 AUG 2023,950,950,931,934.75,20,645,603560.25
4 AUG 2023,931,950,931,949.75,65,78415,74481727.75
3 AUG 2023,929.75,945,925,935.25,42,12668,11843002
2 AUG 2023,911,930,911,929.75,23,3813,3533102.25
31 JUL 2023,935.5,935.5,910,931.75,21,220,204301.75
28 JUL 2023,915,974.75,915,935.5,50,1534,1440505.25
27 JUL 2023,919,919,918,918.5,13,383,351795.25
26 JUL 2023,900,920,900,915.5,34,3066,2778662.5
25 JUL 2023,907.5,907.5,895,905.25,39,1124,1014130.5
24 JUL 2023,915,920,905,905.5,47,3892,3533853
21 JUL 2023,910,920,900,904.75,41,866,784235.25
20 JUL 2023,899,915,880,902,53,19648,17678239
19 JUL 2023,900,900,860,863,42,5379,4642623.5
18 JUL 2023,902.75,902.75,870.25,900.25,37,13646,12239780
17 JUL 2023,879.5,906,879.5,900,78,12565,11305493.25
14 JUL 2023,870,882,865,879.5,46,6401,5626779.25
13 JUL 2023,869,869.75,860,865.5,17,185,160047
12 JUL 2023,851,862,850,859.75,31,8996,7713202.25
11 JUL 2023,849.75,854.75,847,849,43,12142,10307712.25
10 JUL 2023,850,860,848,849.75,22,549,466630
7 JUL 2023,850,860,845,850,28,1616,1373522.75
6 JUL 2023,850,859.75,844,851.25,35,8264,7022618.5
5 JUL 2023,855,860,843,850,52,2517,2138055.5
4 JUL 2023,850,859,835,841.5,65,7425,6306950
28 JUN 2023,823,830,820,820.25,32,28960,23751412.25
27 JUN 2023,825,825,820,820,26,4463,3666502.75
26 JUN 2023,825,826,821,824.75,28,5646,4657668
23 JUN 2023,835,838,825,825,10,1011,844102.25
22 JUN 2023,820,820.25,820,820,29,2751,2255825
21 JUN 2023,830,830,819,820,19,1132,928230
20 JUN 2023,830,838,819,819.5,26,2143,1757341.75
19 JUN 2023,837,837,816,820.25,25,692,568595
16 JUN 2023,840,841,835,839.5,25,780,654886
15 JUN 2023,839,847.75,838.25,838.25,24,4417,3709515.5
14 JUN 2023,828,839,812,838.25,23,1541,1291095
13 JUN 2023,830,835,805.25,827.5,15,98,79907.75
12 JUN 2023,802,829,800,827.5,39,61759,49519933
9 JUN 2023,800,807,800,795.5,8,41,32851
8 JUN 2023,795.25,800,795.25,795.5,7,154,122496.25
7 JUN 2023,800,807,800,800.25,17,9403,7540796
6 JUN 2023,808,808,800,800.25,34,560,448583.75
5 JUN 2023,800,804.75,800,800,25,7578,6062499
2 JUN 2023,800,808.25,797,800,15,309,247419.75
1 JUN 2023,810.25,810.25,790,790.5,13,1121,886960.25
31 MAY 2023,815,815,785,791.25,15,698,558865
30 MAY 2023,772,786,770.25,784.75,17,2258,1756821.75
29 MAY 2023,810,810,770.25,799,67,1999,1582699.25
26 MAY 2023,800,820,791.25,809.5,35,29601,23692092
25 MAY 2023,812,819.75,800,807.75,35,3199,2590742.25
24 MAY 2023,811,824,811,816.5,23,811,662708
23 MAY 2023,815.25,825,805,811.75,29,501,407579.25
22 MAY 2023,826,826,815,824,60,3924,3199421.25
19 MAY 2023,830,830,818,828.25,43,797,659486.75
18 MAY 2023,821,839.5,800.5,833,38,3019,2428265
17 MAY 2023,840,840,820,825.5,32,700,582071.5
16 MAY 2023,843.5,848.75,825.25,841.25,67,3381,2841770.5
15 MAY 2023,800,845,800,837.25,171,99250,83318486.25
12 MAY 2023,767.5,790,765,779.75,46,871,675784
11 MAY 2023,750,765,745,764.5,21,1218,923562.75
10 MAY 2023,740,751,737,750.25,30,1875,1388948.5
9 MAY 2023,739,740.25,737,740,31,11451,8472877.5
8 MAY 2023,738.5,739,735.75,739,39,1003,740208.5
4 MAY 2023,730,738.5,730,738.5,10,241,177208.5
3 MAY 2023,730,738.5,718,730,62,26900,19744117.25
2 MAY 2023,735,735,717,732.75,41,6785,4931066.5
28 APR 2023,740,740,717,723.5,24,475,343821.5
27 APR 2023,720,737.75,717,721.75,18,785,564807.5
26 APR 2023,725,744,714.75,721.25,18,612,446722.75
25 APR 2023,740,740,710,715.75,60,65233,46939943.75
24 APR 2023,743,743,737,741.25,26,367,272015
21 APR 2023,744,745,736,742.5,11,100,74248
20 APR 2023,743.5,744,735.5,736,11,63,46622.75
19 APR 2023,745,745,736,736,22,179,132060.25
18 APR 2023,748,750,743.75,744,23,10075,7523378
17 APR 2023,748,750,743.5,747.5,36,293,219023
12 APR 2023,738,749.75,738,743.5,46,12831,9561545.5
11 APR 2023,740,747.75,736.5,740,35,11635,8609827
10 APR 2023,710,749,710,744.25,50,2065,1508865
6 APR 2023,697,720,697,710,44,2321,1639093.5
4 APR 2023,699.5,699.5,680,689,43,1895,1297772.25
3 APR 2023,699,710,685,693.5,53,4330,3014331.75
31 MAR 2023,674.5,685,674.5,680.75,44,1223,828144.75
30 MAR 2023,674,674,670,670,28,46852,31391252
29 MAR 2023,672,674,667,667,26,28064,18802139
28 MAR 2023,655.5,669.75,655.5,666.25,25,207,137726.25
27 MAR 2023,670,670,660,663.25,35,1604,1072017.5
24 MAR 2023,650,676.75,642,642,62,1003760,642691229
23 MAR 2023,687,687,640,642.75,105,522018,334375233.75
22 MAR 2023,680,690,650.25,658,42,3781,2499707.25
21 MAR 2023,697,697,650,667.75,75,13976,9347748.5
20 MAR 2023,680,700,675,675,64,3791,2569880.25
17 MAR 2023,690,700,675,678.5,43,4478,3041750
16 MAR 2023,700,700,690,690.5,14,248,171589
15 MAR 2023,693.75,699,690,693.25,14,123,85278.5
14 MAR 2023,678,695,678,690.25,13,493,340267.5
13 MAR 2023,675,699.5,665,697.75,50,3326,2286526
10 MAR 2023,685.75,708.25,680.25,694.75,51,1432,992574.25
9 MAR 2023,675,687,675,686.25,19,283,193851.25
8 MAR 2023,680,684,676,680,46,13407,9117368.75
7 MAR 2023,687,688,675.5,680,78,10646,7209174.75
3 MAR 2023,665,688.5,665,674.5,87,2012,1359261.25
2 MAR 2023,660.25,675,650.25,663.75,97,5300,3492063.25
1 MAR 2023,640,645,637.75,642.75,11,289,185687.5
28 FEB 2023,641,649.75,635,645,28,246,158720.5
27 FEB 2023,650,650,641.25,646,12,150,96924.75
24 FEB 2023,648.75,648.75,635,648,24,3835,2462197.25
23 FEB 2023,657,657,649,614.5,8,17,11076
22 FEB 2023,639.75,659,611.25,614.5,23,1594,986817
21 FEB 2023,642,642,630,630,9,59,37677.5
20 FEB 2023,630,630,626,630,13,1065,670918.75
17 FEB 2023,622.5,630,622.5,628.5,9,101,63471.25
16 FEB 2023,629.75,629.75,623,628,13,36,22625.25
15 FEB 2023,630,630,625,628,16,1276,798142.25
14 FEB 2023,639.75,639.75,630,631.75,12,188,118748.5
13 FEB 2023,644,644,639,643,10,82042,52752880.25
10 FEB 2023,643.75,643.75,640.5,643.75,7,363,233638
9 FEB 2023,649,649,635,643.75,12,122,78539.5
8 FEB 2023,638,669,635,649.75,18,282,184774.25
7 FEB 2023,662.75,669.5,650,652.75,45,3206,2093848
6 FEB 2023,667.5,669.75,650.5,653.5,33,6168,4108786.25
3 FEB 2023,660,667.25,660,666,16,737,490384.5
2 FEB 2023,651,667.5,650,660,41,1325,873717
1 FEB 2023,642,650,640,649.25,39,3732,2418883.5
31 JAN 2023,610,645,610,640,55,3105,1934500.75
30 JAN 2023,610,619,610,617.25,21,6547,4018541.25
27 JAN 2023,610,610,610,610,6,337,205570
26 JAN 2023,618,618,603,608.5,17,627,380219.75
25 JAN 2023,605.75,619.75,605,609.5,23,6782,4133658
24 JAN 2023,625,628,625,618,2,60,37530
23 JAN 2023,615,628,613,618,13,20250,12514584.25
20 JAN 2023,600.25,607,600.25,605.75,24,17666,10606714
19 JAN 2023,598,605,598,600,30,32939,19769848.5
18 JAN 2023,602.25,602.25,599,600,26,461,276648
17 JAN 2023,602,602,602,604.75,9,44,26488
13 JAN 2023,611.25,611.25,602,604.75,18,316,191166.75
12 JAN 2023,615,615,615,615,5,470,289050
11 JAN 2023,620,620,605,615,13,2729,1679335.75
10 JAN 2023,620,620,601.25,610.25,15,471,289332.25
9 JAN 2023,600,620,600,619.75,15,1632,1005534
5 JAN 2023,614.25,615,610,613.25,12,263,161056.25
4 JAN 2023,615,615,611,614.25,7,151,92765
3 JAN 2023,624,624.75,611.25,624.75,11,824,514755.5
2 JAN 2023,610.5,622.75,610.5,612.25,8,1503,919697.25
30 DEC 2022,601.25,624.5,601.25,625,5,85,51739
29 DEC 2022,619.75,625,619.75,625,12,457,285316.5
28 DEC 2022,619.75,620,598.5,600.5,20,272,163342
27 DEC 2022,602.5,602.5,600,600,30,966,580060.25
23 DEC 2022,610,610,601,603.25,16,517,312488.5
22 DEC 2022,630,630,605,605,20,1124,682803
21 DEC 2022,615,615,609,610,18,1432,873585
20 DEC 2022,620,620,610,610.25,27,2765,1687281.25
19 DEC 2022,620.5,648.25,615.75,620.25,15,839,520355
16 DEC 2022,624.75,648,620,622.75,16,586,367553.75
15 DEC 2022,612.5,649.5,612.5,639,13,278,178535.75
14 DEC 2022,616,655,610.5,620.75,33,1658,1026668.25
13 DEC 2022,616,616,610,610,25,516,315233.25
12 DEC 2022,615,616,615,616,15,277,170610
9 DEC 2022,610.5,645,610.5,615,38,2413,1487252.75
8 DEC 2022,657.75,658,610.5,615.25,51,7287,4486089
6 DEC 2022,674,674,640,650.25,24,723,470814
5 DEC 2022,623.75,677.75,615,629.75,36,1574,993038.75
2 DEC 2022,616,620,615,617,16,375,231256.75
1 DEC 2022,609,640,608,610,14,8116,4950069.25
30 NOV 2022,590.5,602,580.5,600.75,34,9285,5496658.75
29 NOV 2022,600,600,590,599.75,18,2691,1614215
28 NOV 2022,588,588,580,580,8,1157,672514
25 NOV 2022,580,589.75,570,571.75,13,3701,2130616.25
24 NOV 2022,580.75,580.75,571,574.25,12,222,128121.5
23 NOV 2022,580,580,571,572.25,27,3187,1843587.75
22 NOV 2022,595,595,575,580,57,7719,4548318
21 NOV 2022,595,595,580,588,16,151,88800.25
18 NOV 2022,599.75,599.75,580,584.5,40,760,445902
17 NOV 2022,596.5,600,595,595.75,24,700,417676
16 NOV 2022,600,600,596.5,599.75,18,170,101942.5
15 NOV 2022,609,609,599.75,605.5,18,208,126173.75
14 NOV 2022,599.75,600,599.75,583.75,5,36,21598.75
11 NOV 2022,610,610,580,583.75,35,1323,776728.75
10 NOV 2022,609.75,617,600,600,20,452,273689
9 NOV 2022,612.25,612.25,600,600,25,657,394271.5
8 NOV 2022,619.75,619.75,609,613,20,204,125074
4 NOV 2022,624,625,620,620,25,8065,5030938.75
3 NOV 2022,638.25,660,620,623.75,24,1570,983130.75
2 NOV 2022,645,645,632,638.25,28,3031,1937935
1 NOV 2022,644.25,655,640,653.25,9,486,316569.5
31 OCT 2022,642,655,642,651,5,643,418625.75
28 OCT 2022,650,655,650,650,4,102,66310
27 OCT 2022,645.5,659.75,645,645,8,225,145223
26 OCT 2022,667,667,663,638.25,8,31,20654.5
25 OCT 2022,651,667,628,638.25,27,1539,995129.25
21 OCT 2022,668.5,670,649.5,651,25,4793,3120453.5
20 OCT 2022,689.75,690,670.25,694.75,9,39,26769.75
19 OCT 2022,680,690,670,694.75,7,63,42850
18 OCT 2022,670,698.75,670,694.75,14,169,117309.25
17 OCT 2022,675,675,670,670.5,2,7,4700
14 OCT 2022,699,699,670,670.5,12,146,98147.25
13 OCT 2022,671,707,670,685.75,16,264,180889
12 OCT 2022,679.75,680,679,680,9,497,337883
11 OCT 2022,675,688.75,660,663,14,2699,1789606.75
7 OCT 2022,682,690,675,677.5,12,160,108449.75
6 OCT 2022,694.5,694.5,682,688.75,2,3,2058.5
5 OCT 2022,685,695,684,688.75,11,101,69555
4 OCT 2022,685,688,650,680,33,433,295330
3 OCT 2022,710,710,690,691.75,27,387,270102
30 SEP 2022,714.75,714.75,700,706.5,19,133,93967.75
29 SEP 2022,693.5,715,685.5,691.5,23,179,123841.75
28 SEP 2022,694,725,693.75,698.25,31,1831,1278405
27 SEP 2022,672.5,696.75,656,681.75,55,2044,1380959.75
26 SEP 2022,699.5,699.5,670,694.5,19,679,472335.5
23 SEP 2022,685.25,695,667,694.5,25,422,291050.25
22 SEP 2022,670.75,685,666.5,684.5,8,51,34872.75
21 SEP 2022,685,685,671,684.5,13,2344,1578688.25
20 SEP 2022,680,685,670,670.5,10,57,38834
19 SEP 2022,651,676.75,651,670.5,27,1054,700957
16 SEP 2022,660,665,650,659.5,39,1692,1115837.5
15 SEP 2022,650,660,650,651.5,47,1965,1291283.75
14 SEP 2022,650.5,657.5,650,650.25,34,16096,10463159.5
13 SEP 2022,650,659,650,650.5,15,2216,1441035
12 SEP 2022,638.75,658.25,638.75,650.25,23,6082,3932785
9 SEP 2022,640,640,626,640,9,69,43743
8 SEP 2022,639.75,650,620,640,40,562,361807.75
7 SEP 2022,649,649,640,640,24,20365,13034234.5
6 SEP 2022,633,648,632,642.5,23,115,73885.25
5 SEP 2022,630,649,630,630.25,13,1032,650414.5
2 SEP 2022,630,630,620,620.75,16,584,362518.75
1 SEP 2022,620,629.5,612,620.25,26,3894,2414755
31 AUG 2022,617.75,617.75,610,617.75,6,93,57334.5
30 AUG 2022,620,620,607,617.75,10,105,64854.75
29 AUG 2022,620,625,620,620,36,49043,30409055.75
26 AUG 2022,620,623.5,619.75,620.5,18,16222,10056359.5
25 AUG 2022,619.75,621.25,619.75,619.75,21,29918,18543065
24 AUG 2022,620,622.5,601,619.75,22,9182,5690998.25
23 AUG 2022,605,622,602,619.75,25,7223,4475794.75
22 AUG 2022,612,612,600,605.25,26,391,237400.5
19 AUG 2022,612,612,611,608,8,59,36056
18 AUG 2022,601,612,600,608,19,224,136046.5
17 AUG 2022,611,614,610,610,6,514,313556
16 AUG 2022,620,620,598.25,607.75,27,903,548200.5
15 AUG 2022,590,625,590,606,47,41428,24860844
12 AUG 2022,585,590,579,585,52,16743,9759211.5
10 AUG 2022,584.5,585,581,585,31,49773,29020183
9 AUG 2022,575,585,575,585,16,1160,678232.75
8 AUG 2022,575,575,564,565.25,24,673,380448.75
5 AUG 2022,585,589,561,565.75,20,363,205323.25
4 AUG 2022,585,585,560,566.75,54,3844,2182098.75
3 AUG 2022,585,585,578,583.75,13,143,83486
2 AUG 2022,585,585,565,565.5,35,2075,1176674.75
1 AUG 2022,580,585.5,580,584.25,13,2023,1182475
29 JUL 2022,582,590,581,585.25,28,36338,21262737.25
28 JUL 2022,582,585,580,582,8,70,40722
27 JUL 2022,589,589,565.25,582,15,137,79724.5
27 JUL 2022,589,589,565.25,582,15,137,79724.5
26 JUL 2022,589.75,589.75,560,560,12,277,155162.25
25 JUL 2022,560,561,560,560,15,31409,17590040
22 JUL 2022,580,580,555,560.25,22,345,193310
21 JUL 2022,598,598,560,573.75,17,280,160646.25
20 JUL 2022,585,599,559.5,564.25,32,1034,582368.5
19 JUL 2022,560,590,560,560.25,9,1064,596110
18 JUL 2022,550,550,540,540.75,88,2444,1322675.5
15 JUL 2022,558.75,558.75,531,550,44,3777,2076845.25
14 JUL 2022,590,590,550,555.25,45,7713,4285747.5
12 JUL 2022,597.75,598,560,564.25,46,2507,1417156
11 JUL 2022,597.75,597.75,566,561.75,6,13,7643.75
8 JUL 2022,565.75,565.75,560,561.75,14,142,79781.25
7 JUL 2022,575.25,598.5,560,565.5,44,1775,1004980.75
6 JUL 2022,575.25,590,575,589.5,11,556,327216.25
5 JUL 2022,584.75,584.75,575,577,13,129,74420.75
4 JUL 2022,592.25,599.75,585,583,7,34,19962.25
1 JUL 2022,600,600,599.75,583,5,32,19198.75
30 JUN 2022,600,600,599,583,5,44,26396.5
29 JUN 2022,600,600,591,583,2,3,1791
28 JUN 2022,600,600,590,583,4,14,8389.75
27 JUN 2022,589.75,590,580.5,583,36,19361,11325173
24 JUN 2022,600,601,590,598.75,11,115,68850
23 JUN 2022,596,600,586,593.25,14,487,288939.75
21 JUN 2022,585.25,586.25,585.25,585.25,3,8,4688
20 JUN 2022,588,588,585,585.25,23,825,482820.5
17 JUN 2022,599,620,599,587.5,4,15,9048
16 JUN 2022,598.75,599.75,585,587.5,18,579,340189
15 JUN 2022,599,600,599,599.25,7,511,306211
13 JUN 2022,599,599,591,591.75,11,171,101643.75
10 JUN 2022,600,600,595,595.25,11,215,128420
9 JUN 2022,600,600,592,599.75,22,1947,1167922
8 JUN 2022,600,600,592,599.75,21,434,260326.75
7 JUN 2022,640,640,600,600,35,2735,1643540.25
6 JUN 2022,625,645,620,640.75,11,211,133632
3 JUN 2022,650,650,624,625,35,2009,1255624.25
2 JUN 2022,650,650,645,649.75,18,328,213072
1 JUN 2022,641,649,641,649,5,6689,4341113.5
31 MAY 2022,688,688,630,637,24,55815,36277124
30 MAY 2022,680,683,650.25,659.5,13,68,45876.5
27 MAY 2022,690,690,650,659.5,11,186,122684.75
26 MAY 2022,650,695,650,650.75,27,22608,14698437
25 MAY 2022,650,654,630.25,649.75,21,19237,12500806.5
24 MAY 2022,648,651,627,650,45,171052,111161025.5
23 MAY 2022,650,650,648,650,16,1391,903594.75
20 MAY 2022,650,650,645.25,648,7,241,156169.25
19 MAY 2022,650,650,645,647.75,30,4084,2652183.75
18 MAY 2022,649.75,650,648,649.75,30,2111,1371994.5
17 MAY 2022,624,650,624,648,25,3592,2270085.5
13 MAY 2022,650,669,620,623.75,65,2577,1639286
12 MAY 2022,617,650,617,623.5,21,2262,1420442.5
9 MAY 2022,649,649,618,620.5,24,2346,1455730.5
6 MAY 2022,649,649,630,646.5,26,1450,938580
5 MAY 2022,620,620,606.25,615.25,22,773,476338.75
4 MAY 2022,613,620,605,608.25,24,561,342404.75
29 APR 2022,620,620,610,613.25,21,580,355437.75
28 APR 2022,600,620,575,600.25,25,1587,947592.5
27 APR 2022,555,580,555,571,87,4318,2439795
26 APR 2022,580,580,555.25,566,18,560,319782.5
25 APR 2022,580,580,575,668,14,59,34215
8 APR 2022,680,680,650,668,39,6419,4200550.5
7 APR 2022,680,680,650,650.5,40,66662,43374045
6 APR 2022,657.75,700,649,651.25,96,124863,81275546.5
5 APR 2022,619.5,657.75,600,647.25,116,40823,25905580.5
4 APR 2022,550,614,525,564.25,71,25998,14666477.5
1 APR 2022,594,594,520,520,107,1069465,556331098.75
31 MAR 2022,690,690,570,576.25,350,668882,385229485.25
30 MAR 2022,701,714.75,670,696.75,60,3566,2428082.25
29 MAR 2022,720,720,701,707,49,3864,2764615.25
28 MAR 2022,719,719.5,718,719,22,240,172534
25 MAR 2022,720,720,718,719.75,53,10562,7604445.5
24 MAR 2022,747.5,748,720,727,23,704,512884.5
23 MAR 2022,747.75,748,718,727.75,34,905,661000.5
22 MAR 2022,723,750,718.25,748.5,38,4567,3310390
21 MAR 2022,723.75,723.75,718,723,22,939,677712.5
18 MAR 2022,724,724,718,723,28,939,678921
16 MAR 2022,722,725,715,717,20,1119,804538.25
15 MAR 2022,730.5,730.5,722.25,725,81,10376,7543801.25
14 MAR 2022,734,740,730,734.75,27,1079,795517
11 MAR 2022,775,775,730,733.5,91,4337,3210877.25
10 MAR 2022,736,780,736,750,51,1459,1093461.5
9 MAR 2022,784.5,784.5,735,737.5,97,6608,4930707
8 MAR 2022,799.75,799.75,760,761,52,2234,1713512.5
7 MAR 2022,796,800,782.5,783.25,57,1851,1458927.75
4 MAR 2022,793,800,791.5,797.25,27,632,502588.5
3 MAR 2022,800,800,791,792.75,49,1757,1394297.25
2 MAR 2022,800,801.25,798,798.5,53,1056,844450.25
28 FEB 2022,839.75,839.75,796,800,79,4200,3360472
25 FEB 2022,782,830,775,800,98,3304,2656292
24 FEB 2022,833.25,835,780,792,124,10048,7997366.25
23 FEB 2022,840,840,800,829.75,118,2696,2228624.25
22 FEB 2022,845,845,839.5,840,70,3872,3253056
21 FEB 2022,855.5,856,838,840,167,8110,6891312.75
18 FEB 2022,862.25,862.25,857,857.5,50,1446,1243026.5
17 FEB 2022,870.75,870.75,860.25,862.25,22,197,169981.75
15 FEB 2022,861.25,875,852,860,47,1574,1356135.5
14 FEB 2022,863,863,859,862,75,2454,2111444.25
11 FEB 2022,864,864,862.25,863,56,1998,1725375
10 FEB 2022,867,894,863,864,57,1939,1676679
9 FEB 2022,875,875,865,867.25,37,4627,4021698.25
8 FEB 2022,898.5,898.75,869.75,873.25,32,472,414768.5
7 FEB 2022,871,880,870,870.25,67,4441,3866708.5
3 FEB 2022,871,880,871,877.75,22,1427,1250942.25
2 FEB 2022,871,899,871,872.25,29,11942,10467761.75
1 FEB 2022,884,884,870.25,875,36,13725,12009888
31 JAN 2022,875.25,890,875,875,83,32749,28669229
28 JAN 2022,875.25,890,875,880,38,1889,1653473.5
27 JAN 2022,884,885,875,876.75,28,998,876425.75
26 JAN 2022,880,888,876,879,36,1466,1288479
25 JAN 2022,888,888,875,880,27,2145,1883595.5
24 JAN 2022,890,890,870,871.75,67,2375,2074220.75
21 JAN 2022,875,929.75,872.25,875.25,53,7278,6368744.5
20 JAN 2022,875,875,874.5,875,41,3349,2930359.25
19 JAN 2022,870,874.75,869.75,873.75,58,2606,2273634.75
18 JAN 2022,872,874,867,871.75,78,2314,2019038.5
13 JAN 2022,870,875,869.75,872,73,3177,2766994
12 JAN 2022,880,880,870,870,51,3727,3249710.75
11 JAN 2022,870.25,939.5,870,871.75,70,2987,2616911.5
10 JAN 2022,871.25,890,871.25,878.25,35,581,510396
7 JAN 2022,875,886,865,883.25,45,2229,1961434
6 JAN 2022,885,885,870,870.25,82,3407,2971964.5
5 JAN 2022,875.5,886,870,876,93,7767,6806791
4 JAN 2022,870.25,885.75,870.25,880.5,38,722,635844.25
3 JAN 2022,869,878.25,869,878,70,5556,4861122.25
31 DEC 2021,880,885.75,875,878,73,1281,1126677
30 DEC 2021,885,885.25,880,885,47,3527,3113660.75
29 DEC 2021,878,885,878,885,14,10142,8955777.5
28 DEC 2021,885.25,885.25,869,873.5,83,931,813581
27 DEC 2021,880,885,878.25,880.25,99,2974,2617153.5
24 DEC 2021,883.25,885,880,882,24,665,587193
23 DEC 2021,885.5,885.5,879.75,883.25,122,3377,2981168.5
22 DEC 2021,887,889.25,885,885.25,70,1118,990845.75
21 DEC 2021,887,889.75,886,888,20,134,118971
20 DEC 2021,885,891,883,889.75,29,1333,1184792.5
17 DEC 2021,890,890,885,887.5,61,1144,1014056
16 DEC 2021,890,890,883,885,61,5010,4435227.75
15 DEC 2021,889,890,883,889.25,42,517,459567
14 DEC 2021,894.5,894.5,885,889.5,43,1179,1047429.75
13 DEC 2021,891,895,890,891.5,20,149,132835.75
10 DEC 2021,893,895,890,891.25,46,2332,2084751
9 DEC 2021,894.5,895,890,893,49,1672,1494959.5
8 DEC 2021,895,905,895,895.5,33,2654,2382030
7 DEC 2021,895,900,890,891,26,1714,1533323.75
6 DEC 2021,894,894,883,885,54,13802,12280071
3 DEC 2021,890,894.5,885,887,38,1900,1691678.75
2 DEC 2021,895,895,880.25,893.5,52,1617,1437267.75
1 DEC 2021,899.75,899.75,890,893.75,47,1323,1185353.75
30 NOV 2021,896,900,850,894.75,124,16662,14915383
29 NOV 2021,895.25,899.75,894.25,895.25,47,3111,2785789.25
26 NOV 2021,900,903.25,894.5,899.75,65,5139,4617364
25 NOV 2021,900,904,898.25,900,41,8241,7416923.5
24 NOV 2021,901,903.5,898,900,63,6386,5747778.5
23 NOV 2021,900,904,900,901,37,2501,2253715
22 NOV 2021,919,919,900,901.25,38,285,257461
19 NOV 2021,910.25,918,900,901,134,9175,8265418
17 NOV 2021,911,920,910,910.5,20,581,528938.5
16 NOV 2021,914.75,925,910,912,23,409,373473.25
15 NOV 2021,910,915,910,910,84,8155,7432420.25
12 NOV 2021,919.75,926.75,914.5,925,40,13539,12520821
11 NOV 2021,930,931,915,918.75,84,5405,5002536.5
10 NOV 2021,910,915,910,912.25,46,4099,3733273
9 NOV 2021,912,912,910,911.5,10,69,62866
8 NOV 2021,911.5,912,911.25,911.5,28,485,442064.5
5 NOV 2021,911.25,911.25,909.25,910,45,2871,2611854.5
3 NOV 2021,910.25,912,909,911.25,56,4809,4380200.5
2 NOV 2021,910.75,915.5,910.25,911.5,39,380,346425.75
1 NOV 2021,917,920,911,912,17,995,907572.5
29 OCT 2021,919,919,910,911.75,29,652,594616
28 OCT 2021,910.5,924,910,911.25,39,2885,2627337.25
27 OCT 2021,920,923,903,910,62,5211,4739153.75
26 OCT 2021,925,925,915.25,917.5,9,781,716565
25 OCT 2021,925.5,925.5,915,919,32,3992,3672486.5
22 OCT 2021,929.75,929.75,915,915.75,40,1257,1152009.25
21 OCT 2021,930,930,915.25,920.25,15,160,147236.5
18 OCT 2021,925,925,915,915.5,28,6797,6256905.25
15 OCT 2021,930,930,915,917.5,23,267,245409.25
14 OCT 2021,920.5,930,916.25,919.25,25,453,416473.25
13 OCT 2021,940,940,920.5,925,35,12797,11837420
12 OCT 2021,948.5,948.5,927,931.75,24,1329,1254817.5
11 OCT 2021,916,947.5,916,937.5,60,5018,4703097.25
8 OCT 2021,915,924.75,915,915.75,17,1447,1325524.5
7 OCT 2021,903,925,903,914.5,56,21209,19187108.75
6 OCT 2021,903,903,900.5,900.75,33,3636,3280794
5 OCT 2021,901,903,900,901.5,47,8387,7562305
4 OCT 2021,903,903,900,900.5,33,3081,2777524.5
1 OCT 2021,904.5,905,900,900.25,72,16546,14914850.5
30 SEP 2021,905,905,900,900.25,105,4309,3878505
29 SEP 2021,905,905,900,905,36,5065,4568091.75
28 SEP 2021,900,905,899.25,900,71,5356,4820601.25
27 SEP 2021,901,905,900,901,124,6736,6066306.5
24 SEP 2021,909,909,900.75,905,48,2872,2596841.75
23 SEP 2021,910,910,905,910,41,3428,3115884.5
22 SEP 2021,910,910,910,910,2,120,109200
21 SEP 2021,910,910,901,902,29,472,426384.75
17 SEP 2021,910,910,900,900.25,81,19559,17609166.25
16 SEP 2021,910,910,900,903,49,3168,2874025.5
15 SEP 2021,901.75,910,900,901.75,151,8608,7783311
14 SEP 2021,908.5,910,900,901.75,158,9021,8141139.75
13 SEP 2021,920,920,900,903.25,251,11295,10215049
10 SEP 2021,925,925,918,919.75,146,23345,21503589
9 SEP 2021,925,926,924,925,150,21916,20270750
8 SEP 2021,935,935,924,924.75,74,1544,1429344.5
7 SEP 2021,935,935,929.75,929.75,29,1795,1671143.5
6 SEP 2021,940,940,930,930,31,3450,3208931.25
3 SEP 2021,934,940,925,927.25,98,2371,2200122.25
2 SEP 2021,935,935,931,934,45,1382,1289534.5
1 SEP 2021,935,940,931.25,935,50,18650,17438524.25
31 AUG 2021,931.75,944,931.75,931.75,18,95,88774.75
30 AUG 2021,934.75,934.75,931.5,931.75,59,5414,5047820
27 AUG 2021,937,940,933,934.75,44,12330,11563229
26 AUG 2021,952,952,937,938,23,3069,2884003
25 AUG 2021,940.25,953,930,937,28,16207,15435203.75
24 AUG 2021,929,940,924.75,930.25,100,18101,16815953.25
23 AUG 2021,940,940,924,925,222,8484,7870018.75
20 AUG 2021,952,952,940,944.5,198,12047,11417799.75
19 AUG 2021,960,960,950.5,951.5,62,2819,2696598.5
18 AUG 2021,955.25,969.5,955.25,960.25,10,352,338040.75
17 AUG 2021,953,975,953,954.5,24,1060,1011780
16 AUG 2021,1000,1000,950,953,28,538,518089.75
13 AUG 2021,960,960,949,950,185,43513,41340116.75
12 AUG 2021,950,950,946,948.75,84,12768,12122151.75
11 AUG 2021,955,955,950,950,53,1915,1819781
10 AUG 2021,954,954,949,950,92,6054,5752003.75
9 AUG 2021,955.25,955.25,950,954,67,1381,1314808.75
6 AUG 2021,955.5,959,954.75,956.75,32,5440,5196876
5 AUG 2021,960,960,953,954.75,50,2453,2349315.25
4 AUG 2021,955.5,960,955,959.75,51,4313,4138892.75
3 AUG 2021,960,960,955,957.25,80,2533,2426656
2 AUG 2021,960,960,957,958.25,30,1170,1121322
30 JUL 2021,960,965,959,960,44,5171,4965028
29 JUL 2021,960,975,958,960,59,1772,1700926
28 JUL 2021,960,960,958.25,960,48,5157,4950635.75
27 JUL 2021,960,973,960,960,33,5661,5435546.75
26 JUL 2021,970,975,960,960,56,16960,16294910.5
22 JUL 2021,977,979,975,975,18,3165,3087917
20 JUL 2021,982,982,978,979,22,1770,1733019
19 JUL 2021,982,982,977.5,979,19,832,815103.5
16 JUL 2021,979.5,980,975,980,10,1690,1656091
15 JUL 2021,970,980,970,980,9,382,374274.5
14 JUL 2021,978,978,965,966,8,101,97573.25
13 JUL 2021,967,980,967,970,18,20296,19687408
12 JUL 2021,961,970,960.25,970,42,111669,107323902.5
9 JUL 2021,975,975,957,961,31,25813,24706793
8 JUL 2021,956,960,955,957.25,18,315,301479
7 JUL 2021,960,960,956,959.75,15,293,281258
6 JUL 2021,955,955,954,955,24,935,892432.5
5 JUL 2021,974,974,953.5,955,37,1837,1754400
2 JUL 2021,955,960,952,953.25,61,12079,11534613.5
1 JUL 2021,955.25,955.25,954,955,18,864,825109
30 JUN 2021,960,960,950,954.75,104,13058,12471700.25
29 JUN 2021,964.75,965,959.25,960,69,5841,5613447.5
28 JUN 2021,960,969.5,959.5,961,69,6879,6605580.5
25 JUN 2021,966,966,960,960,57,3971,3817349
23 JUN 2021,965,965,960,960,72,6866,6596067.25
22 JUN 2021,965,965,964,965,28,13977,13487668
21 JUN 2021,965.5,970,963,963.5,42,1918,1849019.75
18 JUN 2021,970,970,965,966.75,68,2535,2451214.25
17 JUN 2021,970,970,969,970,9,17,16482
16 JUN 2021,969.5,975,967,970,23,5658,5488169.75
15 JUN 2021,975,975,969,970,39,4016,3895463.75
14 JUN 2021,980,980,970,971,43,847,824315.75
11 JUN 2021,970,980,970,979.75,18,2338,2270476.25
10 JUN 2021,969,969.75,967.5,969.25,38,13330,12921044.75
9 JUN 2021,970,970,968,969.75,49,14393,13960724
8 JUN 2021,970,970,967,969.25,19,2505,2426989
7 JUN 2021,970,970,967,970,36,3962,3841076.75
4 JUN 2021,970,970,968.25,970,24,17175,16659732.5
3 JUN 2021,978.25,978.25,966.5,970,52,15907,15429873.5
2 JUN 2021,972,988.25,970,970.75,17,932,904655.75
1 JUN 2021,994.75,994.75,970,980,24,3771,3726454
31 MAY 2021,961,961,955.25,960,104,77660,74554042
28 MAY 2021,996,997.5,959.75,960,312,14349,13806353.75
25 MAY 2021,990,997.75,990,997.5,25,790,787762.75
24 MAY 2021,998,998.75,998,998.25,23,2779,2773901.75
21 MAY 2021,999,999,987,988.5,20,1190,1178024.25
20 MAY 2021,999,999,987,997.25,16,270,269304.5
19 MAY 2021,990,990,985,989,40,2234,2210419
18 MAY 2021,1009.75,1009.75,990,999,32,2363,2350756.25
17 MAY 2021,995,1000,990,990,57,17682,17508671.5
13 MAY 2021,990,990,970.25,990,9,1571,1555072.75
12 MAY 2021,970,980,970,970,17,34736,33695729.75
11 MAY 2021,970,970,970,970,10,1905,1847850
10 MAY 2021,970,970,970,970,14,1386,1344420
7 MAY 2021,980,980,970,974.5,49,3112,3042996.75
6 MAY 2021,997,997,978,986.25,18,3276,3231345
5 MAY 2021,964,979,964,978.75,8,356,347909
4 MAY 2021,963,968,962.25,963.5,18,1325,1276097.75
3 MAY 2021,970,970,963,963.25,13,192,184973
30 APR 2021,970,970,969.75,970,11,113901,103148249.75
29 APR 2021,979,979,950.25,953,86,3358,3238042.25
28 APR 2021,979,979,955,960.25,104,15367,14765106.75
27 APR 2021,979.25,979.25,972.25,973.5,49,869,848444.75
23 APR 2021,977.5,988,975,984.5,46,836,818977.75
22 APR 2021,980,980,977.75,978,26,302,295629.75
21 APR 2021,977.25,980,977.25,980,26,1244,1219040.75
20 APR 2021,978.5,980,977.25,980,25,1236,1211139.75
19 APR 2021,980,980,978,978.75,29,2351,2301687
16 APR 2021,988,988,978,980,112,2869,2813672.5
15 APR 2021,990,1009,986,989.25,53,2975,2973166.75
12 APR 2021,990,990,985,990,17,280,277145
9 APR 2021,980.25,989,980.25,983.25,17,490,482852.75
8 APR 2021,989,989,976,980.75,22,155,152039
7 APR 2021,989,989,981,982.5,20,357,352010.5
6 APR 2021,989,989,980,981,60,1642,1612308.5
5 APR 2021,989,989,988,988.5,20,274,270902
1 APR 2021,999,999,980,989.5,64,142522,139721906
31 MAR 2021,993.25,993.25,976.5,979.75,115,13730,13451411.25
30 MAR 2021,995,999.75,993.25,996.25,25,158,157351.75
29 MAR 2021,999,1000,991.5,999.5,25,659,658569.25
26 MAR 2021,1000,1000,991.75,999,9,171,170846.5
25 MAR 2021,978.75,1000,978.75,998.5,18,289,288555
24 MAR 2021,975,1000,975,999.75,15,221,218470.5
23 MAR 2021,1000,1000,999,999.75,4,105,104967
22 MAR 2021,985,1000,985,992.75,15,439,435439
19 MAR 2021,990,990,975,975.5,48,5753,5613182.25
18 MAR 2021,995.25,1000,990,994.25,28,630,627023.5
17 MAR 2021,1000,1000,998,998.25,36,4073,4072362.75
16 MAR 2021,1010,1010,999,999.75,27,559,559074
15 MAR 2021,1010,1010,1000,999.5,11,37,37090
12 MAR 2021,1025,1025,998.5,999.5,50,1032,1032228
10 MAR 2021,1010,1010,1001,1004.75,24,204,205152.5
9 MAR 2021,1035,1035,1000,1003.5,26,830,838830
8 MAR 2021,1015,1025,1010,1014.25,12,266,269923
5 MAR 2021,999.75,1030,999,1003.25,28,278,278543.5
4 MAR 2021,1028,1035,999,999.75,47,5695,5752069.5
3 MAR 2021,1040,1040,1010,1023.25,20,241,246859.75
2 MAR 2021,1049.75,1049.75,1001,1000.5,12,66,68145.5
1 MAR 2021,1050,1050,999.25,1000.5,177,32582,32752814.75
25 FEB 2021,1060,1060,1045,1050,74,17975,18873340.5
24 FEB 2021,1055,1070,1055,1060.5,26,1151,1220936.25
23 FEB 2021,1070,1080,1050,1057,37,2056,2203654.75
22 FEB 2021,1070,1070,1056,1066.75,24,176,187738
19 FEB 2021,1075,1080,1069.75,1070,42,11706,12526552.75
18 FEB 2021,1100,1100,1031,1084.25,64,3126,3392781.75
17 FEB 2021,1117.75,1117.75,1080,1099.75,21,2436,2679493.75
16 FEB 2021,1100,1119.75,1060,1085,25,20251,21972614.5
15 FEB 2021,1090.25,1100,1075,1085,18,1234,1340588
12 FEB 2021,1120,1120,1090,1100,35,2815,3096745
11 FEB 2021,1100.25,1125,1080,1085,63,1833,1984743.25
10 FEB 2021,1129.75,1129.75,1090,1100.25,18,462,509283.75
9 FEB 2021,1090,1115,1090,1105,20,15956,17633555
8 FEB 2021,1125,1125,1100,1103.25,26,1359,1501821.5
5 FEB 2021,1115,1120,1105,1116.75,29,606,676784.5
3 FEB 2021,1114.75,1114.75,1053.25,1114.25,49,14053,15519103
2 FEB 2021,1102,1120,1050,1095.5,54,2901,3181814.75
1 FEB 2021,1125,1138,1102,1119.75,54,15212,17042704.5
29 JAN 2021,1115,1115,1101,1105.5,51,2207,2445562.25
27 JAN 2021,1111,1125,1110,1112,32,7712,8614991.75
26 JAN 2021,1118,1120,1101.25,1103,56,1180,1307721.75
25 JAN 2021,1129.25,1130,1117.5,1120,40,29024,32509245.5
22 JAN 2021,1121,1138,1114,1119.25,40,2295,2574180.5
21 JAN 2021,1121,1121,1100,1101.25,50,4985,5563739.25
20 JAN 2021,1109,1118,1100.5,1116.5,27,723,805253
19 JAN 2021,1130,1139,1100,1109.75,56,1116,1249332.5
18 JAN 2021,1120,1138,1112,1124.25,50,8049,9094106
15 JAN 2021,1121,1150,1108,1114.25,50,5550,6223489
13 JAN 2021,1110,1125,1110,1120.25,32,618,690998.5
12 JAN 2021,1120,1135,1100,1118.75,53,4450,4911286
11 JAN 2021,1132.5,1139.75,1130,1134.25,63,7617,8642764.75
8 JAN 2021,1133,1134.5,1100.25,1131.5,30,932,1046709
7 JAN 2021,1120.5,1135,1120.5,1133,46,988,1116688.6
6 JAN 2021,1120,1135,1100,1120.5,39,515,575364
5 JAN 2021,1095,1147,1095,1116.6,85,10822,11956165.3
4 JAN 2021,1040,1100,1040,1091.6,97,5981,6336596.5
31 DEC 2020,1030,1030,1016.9,1028.9,8,27,27659.1
30 DEC 2020,1015,1030,1006,1028.9,30,456,464658.3
28 DEC 2020,1020,1030,1005.5,1018.3,16,2231,2271766.3
24 DEC 2020,1019.9,1030,1002,1015.9,35,1003,1013343.1
23 DEC 2020,1019.9,1019.9,1001,1002.1,14,2314,2319044.2
22 DEC 2020,1000,1019.9,1000,1007.5,12,232,234241
21 DEC 2020,1020,1025,1000,1000.2,48,8661,8684132.8
18 DEC 2020,1003.1,1028.4,1003.1,1011.9,25,12482,12628750.6
17 DEC 2020,1030,1030,1002,1017.7,18,521,530250.5
16 DEC 2020,1033,1039.9,1020,1028.4,39,751,774341.6
15 DEC 2020,1025,1039.7,1007,1012,29,6899,6982306.9
14 DEC 2020,1015,1040,1007.5,1010.9,69,6982,7078611.3
11 DEC 2020,1005,1012,996.1,1001.4,52,2983,2988119.9
10 DEC 2020,994.8,1012,990,997.1,22,955,951549.8
9 DEC 2020,995,1000,980.2,994.8,63,11635,11550302
8 DEC 2020,979.5,999,979,989.8,51,12289,12160490.5
7 DEC 2020,975.1,982,975.1,979.5,35,676,661104.5
4 DEC 2020,970,979.5,969,974.9,28,1735,1692072.1
3 DEC 2020,979.9,979.9,977.4,977.5,6,32,31302.4
2 DEC 2020,962,995,959,977.5,24,481,473365.5
1 DEC 2020,952.1,960,950,956.2,34,22155,21050805.5
30 NOV 2020,955,960,952.1,953.5,13,421,401656.1
27 NOV 2020,949.7,949.7,941,945.5,53,13054,12341171.1
26 NOV 2020,952,952,949,949.7,21,871,827538.5
25 NOV 2020,948.1,953,948,950.9,32,1069,1014934.1
24 NOV 2020,953,953,945.7,950,22,944,896540.2
23 NOV 2020,958,958,941.6,942.9,30,406,383810.1
20 NOV 2020,950,950,941,941.3,58,43343,40991638.8
19 NOV 2020,958,958,949.5,949.6,29,412,391487.1
18 NOV 2020,960,960,957,960,24,20681,19853617.1
17 NOV 2020,964,978,958,960,19,1236,1187472
16 NOV 2020,960,983.4,958,960,51,82704,79400381.4
13 NOV 2020,965,984.9,960,965.3,34,709,684635.7
12 NOV 2020,984,985,960,964.4,58,55948,53740978.8
11 NOV 2020,965,989.9,961,971.1,48,2955,2866785.5
10 NOV 2020,967,968.9,960.1,965,14,91,87848.6
9 NOV 2020,964.5,968.9,960,965,25,7588,7317870
6 NOV 2020,965,965,960,961.5,17,123,118265
5 NOV 2020,969,969,951,960.5,30,446,427602.4
4 NOV 2020,950.2,959,950,950.6,22,182,172972.9
3 NOV 2020,960,960,945.5,959.5,34,1346,1290891.5
2 NOV 2020,960,965,950,956.2,14,391,375675
29 OCT 2020,940,962,935,955,17,338,318898.1
28 OCT 2020,965,969,936,939.9,27,5438,5119997.3
27 OCT 2020,945,960,945,945.1,4,217,205085
26 OCT 2020,970,970,940,940.7,36,901,852101.6
23 OCT 2020,968,969,945,956.4,11,309,296758.9
22 OCT 2020,945,959,943,949.8,43,26104,24669838.5
21 OCT 2020,946,946,945,945,45,2475,2339052.9
20 OCT 2020,947,959,945,949.4,12,158,150000
19 OCT 2020,950,950,944.1,945,34,2080,1966627.4
16 OCT 2020,950,950,945,945.3,31,2368,2239001
15 OCT 2020,945,958,945,945,26,673,636181.5
14 OCT 2020,970,970,941,944.9,29,717,682705.8
13 OCT 2020,954.1,954.1,950,948.8,17,66,62790.3
12 OCT 2020,966.8,970,954,948.8,14,67,64731.9
9 OCT 2020,950,950,945,948.8,13,269,255269.3
8 OCT 2020,945,950,945,947.4,28,758,717796.4
7 OCT 2020,940,945,925,944.3,37,61069,57664915.9
6 OCT 2020,940,969,925,952.9,39,976,920888
5 OCT 2020,945,945,900,933.6,62,1375,1282400.8
2 OCT 2020,970,970,945,968,131,194905,184202027.3
30 SEP 2020,970,970,965,966.9,13,356,344768.9
29 SEP 2020,968.3,971,965,966.5,18,725,701846
28 SEP 2020,970,972,960,968.3,19,819,790214.1
25 SEP 2020,946,962,946,958.9,17,233,222750
24 SEP 2020,951.5,960,945.1,959.5,29,26354,25285041.3
23 SEP 2020,955,955,954,954.9,15,161,153742
22 SEP 2020,960,960,960,945,2,70,67200
21 SEP 2020,945,962,944.4,945,103,115538,109191595.4
18 SEP 2020,946,974,944.7,945,99,22213,20992129.2
17 SEP 2020,945,950,945,945,61,25607,24199039.1
16 SEP 2020,945,978,945,945,55,20308,19192003.1
15 SEP 2020,950,950,945,945.2,83,19802,18715722.4
14 SEP 2020,950,950,945,945.7,80,21818,20627103.4
11 SEP 2020,955,955,945,948.2,112,123744,116998340.9
10 SEP 2020,969.9,969.9,945,950,181,99064,94082491.9
9 SEP 2020,970,970,960,970,22,1123,1087249
8 SEP 2020,960,960,956,959.2,24,1461,1402106
7 SEP 2020,968.2,968.2,960,960.5,24,587,565682.4
4 SEP 2020,975,975,968,968.1,32,2404,2328700.7
3 SEP 2020,978,978,976.9,977.8,6,80,78166
2 SEP 2020,975,977.9,969,977.8,20,721,704969.4
31 AUG 2020,969,978,969,968.3,2,11,10668
28 AUG 2020,970,970,968,968.3,17,1383,1340710
27 AUG 2020,970,975,967,970.8,11,907,880287
26 AUG 2020,961,970,960,969.8,23,945,909719.5
25 AUG 2020,979,979,967,971.3,8,58,56379
24 AUG 2020,975,985,970,971.3,19,3541,3439593.5
21 AUG 2020,990,990,970,973.8,32,1522,1485875.8
20 AUG 2020,971.2,980,971.2,980,25,916,895182.4
19 AUG 2020,975,975,965,974.7,14,417,406113
18 AUG 2020,970,978,968,974.4,11,187,182209.2
17 AUG 2020,980,980,958,959.8,54,20862,20029806.4
14 AUG 2020,960,975,957.5,959.6,38,3329,3195561.5
13 AUG 2020,974,975,958,965.9,25,3358,3266219.6
12 AUG 2020,975,975,960,960,13,872,838170
11 AUG 2020,970,980,968,970.9,34,788,765260.9
10 AUG 2020,973.9,973.9,953,960.1,10,893,856662
7 AUG 2020,961,974,950,952.8,17,1598,1522622
6 AUG 2020,968.9,969.9,950,950.3,54,3731,3547694
5 AUG 2020,968.9,968.9,965,951.4,7,42,40561.2
4 AUG 2020,952.2,970.9,950,951.4,16,379,360410.4
31 JUL 2020,975,975,948.1,950.4,46,11287,10729024.7
30 JUL 2020,978.9,978.9,950,953.8,16,122,116616.6
29 JUL 2020,950,950,950,950,14,1069,1015550
28 JUL 2020,950,978.9,945.3,950.6,19,444,422106.2
27 JUL 2020,945,950,945,950,11,2238,2126075
24 JUL 2020,950,950,950,950,11,260,247000
23 JUL 2020,949.9,950,949.9,950,6,2021,1919900
22 JUL 2020,950,950,940.1,940,5,12,11390.1
21 JUL 2020,950,950,940,940,49,15363,14442381.2
20 JUL 2020,950,950,950,950,37,1917,1821150
17 JUL 2020,949.9,949.9,941,949,8,104,98700.6
16 JUL 2020,950,950,940,940.2,27,11090,10426577.7
15 JUL 2020,950,950,945,949.9,17,2133,2026123.1
14 JUL 2020,950,950,949.9,950,9,469,445539.8
13 JUL 2020,948.1,950,930,937.9,29,474,444763.3
10 JUL 2020,951,959.9,949,950,27,1449,1376555.1
9 JUL 2020,975,975,950,951,82,22953,22010944.9
8 JUL 2020,961,980,961,974.7,7,2333,2273948
7 JUL 2020,989,989.9,961,961,31,11805,11529390.4
6 JUL 2020,960,1000,949,999.7,5,23221,23213690
3 JUL 2020,960,960,946,950.2,8,107,101674
2 JUL 2020,956,956,950,950,33,9010,8559565
1 JUL 2020,959.5,960,956.5,959.2,10,37495,34888369.5
30 JUN 2020,960,960,950,950.7,38,1129,1077891.1
29 JUN 2020,970,970,959,961.7,48,1871,1803960.3
26 JUN 2020,970,970,970,960,4,57,55290
25 JUN 2020,960.1,970,955,960,50,1552,1490838.5
24 JUN 2020,990,990,960,970,15,861,833736.9
23 JUN 2020,962,980,960,979.7,18,2269,2222731.4
22 JUN 2020,980,980,969,969.8,10,308,298775
19 JUN 2020,990,990,970,970,10,287,280400
18 JUN 2020,960,980,950,950.1,19,84855,80616598.5
17 JUN 2020,999.9,1000,950,950.5,62,91901,87363284.7
16 JUN 2020,999.7,999.7,960,965.9,65,889,865043.6
15 JUN 2020,970,999.9,970,995.5,9,117,116427.5
12 JUN 2020,985,985,980,950.1,7,78,76550
11 JUN 2020,999.8,999.8,950,950.1,48,125751,119493127.7
10 JUN 2020,1000,1000,990,1000,8,25523,24272989
9 JUN 2020,958,1000,958,999.8,44,6394,6381569
8 JUN 2020,947,969,947,963.7,25,319,306897
4 JUN 2020,N/A,N/A,N/A,930,1,30000,27900000
3 JUN 2020,930,940,930,930,15,21602,20090034.1
2 JUN 2020,925,948.8,925,930,7,54,50296.1
1 JUN 2020,940,940,925,930,14,56069,52144145
29 MAY 2020,950,950,922,938.7,15,25559,23777590
28 MAY 2020,950,950,940,949.6,6,180,170930
27 MAY 2020,940,940,900,911.3,27,1058,959548.6
26 MAY 2020,910,920,910,920,9,1011,928120
22 MAY 2020,951,951,900,905.4,38,5231,4736336.5
21 MAY 2020,940,990,940,900.4,4,34,32599
20 MAY 2020,979,979,899.9,900.4,27,40439,36456374.4
19 MAY 2020,979,979,950,950,21,1261,1200850
18 MAY 2020,900,920,900,920,20,1185,1084890
15 MAY 2020,900,900,880,890.3,34,76661,68254510.4
14 MAY 2020,900,900,877,880,31,94908,83519979.5
13 MAY 2020,900,980,880,899.6,47,104827,92395698.5
12 MAY 2020,925,925,875,899.8,35,42179,37955269.4
11 MAY 2020,950,950,950,1000,3,28,26600
20 MAR 2020,1000,1000,990.1,1000,6,54,53733.9
13 MAR 2020,1010,1040,1000,1000,35,1705,1705182
12 MAR 2020,1016,1019,1010,1010.8,25,375,379531.9
11 MAR 2020,1020,1035,1012.1,1020,12,399,407272.1
10 MAR 2020,1045,1045,1020,1020,20,1276,1312660
6 MAR 2020,1055,1099,1040,1048.5,12,2754,2893684
5 MAR 2020,1098,1098,1050,1099.4,5,82,86216
3 MAR 2020,1015.1,1100,1010.3,1099.4,12,362,397114.7
2 MAR 2020,1100,1100,1002,1099,10,1206,1325351.5
28 FEB 2020,1115.1,1122.8,1110,1110,21,161296,179041219.2
27 FEB 2020,1130,1139.8,1115,1123,15,2160,2430039.8
26 FEB 2020,1115,1120,1112,1119.9,27,66280,74191571.9
25 FEB 2020,1135,1135,1120,1120,18,778,873863.5
24 FEB 2020,1140,1140,1139,1140,5,256,291838
20 FEB 2020,1140.1,1150.3,1140.1,1150.2,9,443,509432.7
18 FEB 2020,1125,1140,1115.1,1131.9,9,757,859249.8
17 FEB 2020,1120,1140,1100.3,1135.5,4,12,13465.3
14 FEB 2020,1149.9,1150,1135,1135.5,11,1246,1415153
13 FEB 2020,1150,1150,1130,1149.9,15,7087,8148201.5
12 FEB 2020,1149.9,1150,1145,1146.7,21,19430,22343208.6
11 FEB 2020,1160,1160,1149.9,1150,14,26167,30092070
10 FEB 2020,1150,1150,1113,1149.9,16,570,654986
7 FEB 2020,1150,1160,1150,1150,9,2977,3423660
6 FEB 2020,1101.1,1151,1101.1,1150,22,8615,9900785
5 FEB 2020,1115,1150,1101,1149.2,25,14917,17047700.3
3 FEB 2020,1100,1124,1100,1113.6,14,10245,11272797.3
31 JAN 2020,1100,1100,1100,1100,9,23719,26090900
30 JAN 2020,1100,1100,1100,1099.9,1,1,1100
29 JAN 2020,1100,1100,1080,1099.9,9,2003,2203098.4
28 JAN 2020,1122,1145,1080,1080,13,881,955397
27 JAN 2020,1100.1,1100.1,1099,1100,11,2188,2406787
24 JAN 2020,1110,1149.9,1100,1100,12,8045,8856896.2
23 JAN 2020,1089.9,1120,1089.9,1100,31,58428,64268183
22 JAN 2020,1089,1089,1060,1060.2,12,2438,2585888
21 JAN 2020,1060.1,1061,1060,1060,9,611,647677.3
20 JAN 2020,1060,1089,1060,1060.1,9,890,955120.7
17 JAN 2020,1089.9,1089.9,1060,1076.8,20,1001,1072690.2
16 JAN 2020,1070.2,1090,1070,1070.1,17,537,574871.7
14 JAN 2020,1090,1090,1070.2,1079.9,12,327,353070.4
13 JAN 2020,1080,1139.9,1080,1100,7,60586,66644579.9
9 JAN 2020,1090.1,1100,1085,1100,18,30742,33814780.7
8 JAN 2020,1096,1096,1091,1095,16,158,173047
7 JAN 2020,1100,1100,1095,1099.8,6,136,149575
6 JAN 2020,1095,1095,1093,1095,16,3352,3670409
3 JAN 2020,1110,1120,1095,1095,56,22720,24887863
2 JAN 2020,1110,1120,1100,1100,29,21078,23186732.6
31 DEC 2019,1120,1120,1100,1100.3,16,1764,1947897
30 DEC 2019,1115,1115,1100,1111.4,10,444,493556
27 DEC 2019,1125,1125,1100,1100,19,3418,3786700
26 DEC 2019,1100,1115,1100,1101.4,12,176,193900.2
23 DEC 2019,1100,1120,1100,1103.1,6,154,169875
20 DEC 2019,1149.9,1149.9,1149.9,1106,1,1,1149.9
19 DEC 2019,1105.1,1105.1,1075,1106,5,39018,42919780.1
18 DEC 2019,1107.9,1107.9,1106,1106,12,3961,4387071.4
17 DEC 2019,1110,1110,1109.9,1110,10,222,246416.3
16 DEC 2019,1117,1118,1110,1110.2,11,705,783913.6
13 DEC 2019,1118,1119,1116,1116.9,12,290,323890.8
12 DEC 2019,1120,1120,1119,1119.7,14,1040,1164589
10 DEC 2019,1116.1,1119.6,1116.1,1119.6,2,101,113076.1
9 DEC 2019,1128.9,1128.9,1120,1121,5,681,763381.4
6 DEC 2019,1130,1130,1111,1120,15,2193,2447208.9
5 DEC 2019,1120,1188.9,1120,1130,6,46,51709.5
4 DEC 2019,1130,1130,1129.9,1130,22,33334,37667415.5
3 DEC 2019,1140,1140,1120,1132.7,23,3349,3798045.6
2 DEC 2019,1150,1150,1140,1140,10,1095,1250132
29 NOV 2019,1140,1140,1140,1149.9,1,1,1140
28 NOV 2019,1150,1190,1130.3,1149.9,18,2835,3261320.3
27 NOV 2019,1120,1130,1120,1130,10,625,705850
26 NOV 2019,1120,1140,1115,1120,25,35646,39925216.6
25 NOV 2019,1120,1120,1115,1119.5,7,1320,1477800
22 NOV 2019,1194.9,1194.9,1119.5,1120.1,13,3132,3572308
21 NOV 2019,1130,1150,1120,1149.2,12,725,815880
20 NOV 2019,1120,1239,1120,1150,43,19069,21404928
19 NOV 2019,1119.1,1120,1112,1119.2,28,93293,104486859.1
18 NOV 2019,1120,1120,1118.6,1119,27,4123,4613782.3
15 NOV 2019,1119.4,1119.5,1115,1119,12,1965,2199344.2
14 NOV 2019,1110,1120,1105,1106.2,13,1432,1583490.2
13 NOV 2019,1125,1125,1118.9,1120,18,885,991701.9
8 NOV 2019,1099,1120,1099,1120,46,19067,21334775.8
7 NOV 2019,1089.9,1089.9,1080,1080.1,21,61738,66918794.5
6 NOV 2019,1089.8,1090,1067.1,1070,34,37051,39645480.9
5 NOV 2019,1098.8,1098.8,1051,1067.8,16,162,173256.7
4 NOV 2019,1099.4,1099.4,1099,1098.7,3,20,21980.4
1 NOV 2019,1098.9,1098.9,1098.5,1098.7,8,957,1051466.6
31 OCT 2019,1050,1099.9,1050,1050,10,60,65313.2
30 OCT 2019,1050,1074.5,1050,1050,19,4102,4307149
29 OCT 2019,1050,1075,1050,1050,49,22573,23705875
28 OCT 2019,1050,1050,1050,1050,40,7316,7681800
25 OCT 2019,1050,1050,1050,1050,47,12858,13500900
24 OCT 2019,1050,1050,1050,1050,19,6465,6788250
23 OCT 2019,1045.1,1050,1045.1,1050,24,13647,14329340.2
22 OCT 2019,1060,1088.8,1050,1050.1,23,12927,13573525
21 OCT 2019,1089.9,1089.9,1049.9,1050,46,104858,110100926
18 OCT 2019,1060.1,1060.1,1050,1050,29,10000,10505101.2
17 OCT 2019,1089.9,1095,1085,1064.9,4,7,7634.6
16 OCT 2019,1076,1077,1050,1064.9,17,1085,1155458.8
15 OCT 2019,1070,1070,1050,1050,39,15703,16498214.8
14 OCT 2019,1099.9,1105,1050,1050.9,21,879,954933.8
11 OCT 2019,1100,1100,1050,1050,24,18992,19944594.4
10 OCT 2019,1084.1,1085,1084,1050,9,55,59660.4
9 OCT 2019,1100,1100,1050,1050,50,10061,10569571.9
8 OCT 2019,1099.9,1099.9,1099.9,1050,1,50,54995
7 OCT 2019,1099.9,1100,1099.9,1050,3,16,17598.7
4 OCT 2019,1045,1080,1045,1050,6,18,19335
3 OCT 2019,1095,1095,1050,1050,77,223229,234391352.7
2 OCT 2019,1075,1140,1050,1074.9,32,212446,228378461
1 OCT 2019,1140,1140,1100,1101.3,23,2145,2365534.4
30 SEP 2019,1140,1140,1100.1,1109.2,29,7541,8572181.1
27 SEP 2019,1150,1150,1140,1148.4,9,63,72350
26 SEP 2019,1150,1150,1150,1148.4,2,2,2300
25 SEP 2019,1150,1150,1150,1148.4,2,5,5750
23 SEP 2019,1150,1150,1140,1148.4,5,239,274460.5
20 SEP 2019,1150,1150,1150,1150,4,607,698050
19 SEP 2019,1155,1155,1150,1150,22,8582,9869802
18 SEP 2019,1200,1200,1200,1150,1,1,1200
17 SEP 2019,1175,1175,1175,1150,1,9,10575
16 SEP 2019,1150,1150,1130.1,1150,12,301,344530
12 SEP 2019,1150,1150,1150,1150,19,7870,9050500
11 SEP 2019,1152,1152,1150,1150,27,8383,9640702.8
10 SEP 2019,1160,1160,1151.6,1150.6,5,88,101381.4
6 SEP 2019,1200,1200,1200,1150.6,6,41,49200
5 SEP 2019,1200,1200.3,1150,1150.6,41,200310,230412042.4
4 SEP 2019,1249.9,1249.9,1200,1200,36,29459,35352683.1
3 SEP 2019,1249.9,1249.9,1249.9,1215.1,1,8,9999.2
2 SEP 2019,1250,1250,1210,1215.1,5,23,27950
30 AUG 2019,1245,1245,1200,1215.1,23,736,898937.7
29 AUG 2019,1250,1250,1249.9,1249.9,2,4,4999.8
28 AUG 2019,1250,1250,1249.9,1249.9,3,5005,6255749.7
27 AUG 2019,1250,1250,1250,1245.2,2,7,8750
26 AUG 2019,1245,1250,1245,1245.2,10,130,161875
23 AUG 2019,1250,1250,1245,1246.2,12,482,601855.1
22 AUG 2019,1249.9,1250,1249.9,1250,8,612,764969.4
21 AUG 2019,1240.1,1249.9,1240.1,1249.3,7,104,129930.8
20 AUG 2019,1300,1300,1249.9,1250,14,10099,12625434.6
19 AUG 2019,1300,1300,1300,1207,1,2,2600
16 AUG 2019,1294,1294,1202,1207,10,975,1176807.2
15 AUG 2019,1306,1306,1300,1300,9,11710,15223550
13 AUG 2019,1300,1300,1300,1300,4,49,63700
9 AUG 2019,1290,1301.1,1290,1300,18,1434,1854766.6
8 AUG 2019,1285,1285,1285,1298.8,1,1,1285
7 AUG 2019,1290,1290,1290,1298.8,1,5,6450
6 AUG 2019,1282,1290,1282,1298.8,4,13,16761.9
5 AUG 2019,1282,1290,1282,1298.8,4,17,21905
2 AUG 2019,1290.1,1290.1,1290.1,1298.8,1,36,46443.6
31 JUL 2019,1290.1,1290.1,1290.1,1298.8,1,1,1290.1
30 JUL 2019,1290,1300,1290,1298.8,9,602,777480
29 JUL 2019,1300,1300,1290,1290,8,29424,37957740
26 JUL 2019,1300,1300,1289.9,1290,21,6215,8017324.6
25 JUL 2019,1300,1300,1299,1290,2,13,16897
24 JUL 2019,1300,1300,1290,1290,5,5408,6980320
23 JUL 2019,1300,1300,1200.1,1300,12,1612,2093375.1
22 JUL 2019,1300,1300,1296,1298.4,4,155,201330
19 JUL 2019,1300,1300,1300,1300,4,76,98800
18 JUL 2019,1300,1300,1300,1300,1,2,2600
15 JUL 2019,1300,1300,1299,1300,4,555,721497
12 JUL 2019,1300,1300,1300,1300,3,133,172900
11 JUL 2019,1261,1270,1261,1299.6,2,2,2531
10 JUL 2019,1290,1290,1290,1299.6,2,4,5160
9 JUL 2019,1250,1250,1250,1299.6,1,25,31250
8 JUL 2019,1300,1300,1280,1299.6,2,2,2580
5 JUL 2019,1299.9,1299.9,1299.9,1299.6,1,1,1299.9
4 JUL 2019,1297.8,1300,1297.8,1299.6,5,605,786275.7
3 JUL 2019,1280,1280,1250,1275,8,940,1178800.1
2 JUL 2019,1250.1,1251,1250,1280,6,10,12503.6
1 JUL 2019,1260,1260,1250,1280,5,23,28788.1
26 JUN 2019,1270,1280,1270,1280,5,15,19050
25 JUN 2019,1280,1280,1280,1280,3,205,262400
24 JUN 2019,1280.5,1280.5,1279.9,1279.9,9,7007,8968511.1
21 JUN 2019,1300,1300,1300,1300,4,203,263900
20 JUN 2019,1300,1300,1300,1300,3,302,392600
19 JUN 2019,1300,1300,1300,1300,2,100,130000
18 JUN 2019,1295,1300,1295,1299.9,3,101,131290
17 JUN 2019,1298,1300,1295,1295,4,6158,7975200
14 JUN 2019,1300,1300,1299.9,1300,2,102,132599.8
13 JUN 2019,1299.9,1299.9,1299.9,1300,1,30,38997
12 JUN 2019,1300,1300,1295,1300,3,16,20794
11 JUN 2019,1299.9,1299.9,1299.9,1300,1,1,1299.9
10 JUN 2019,1300,1300,1300,1300,2,100,130000
4 JUN 2019,1300,1300,1300,1300,1,200,260000
3 JUN 2019,1300,1300,1300,1300,13,10811,14054300
31 MAY 2019,1300,1300,1295,1300,7,814,1058175
30 MAY 2019,1300.1,1300.1,1295.1,1300,8,1104,1435205.3
29 MAY 2019,1330,1330,1330,1295,1,2,2660
27 MAY 2019,1295,1295,1280,1295,6,42,53910
23 MAY 2019,1295,1339.9,1295,1295,4,1501,1943839.9
22 MAY 2019,1300,1300,1280,1299.1,11,2620,3403644.9
21 MAY 2019,1300,1340,1300,1301.6,22,13914,18092240
17 MAY 2019,1300,1305,1280.2,1300,10,197,256091.2
16 MAY 2019,1340,1340,1340,1340,4,254,340360
15 MAY 2019,1301,1301,1275,1306.1,3,87,111185
14 MAY 2019,1349.9,1349.9,1300,1306.1,12,772,1012355
9 MAY 2019,1389.9,1389.9,1389.9,1350,1,1,1389.9
7 MAY 2019,1350,1350,1350,1350,2,100,135000
6 MAY 2019,1300.1,1300.1,1300,1300.1,2,3,3900.2
3 MAY 2019,1396,1396,1300,1300.1,2,3,3996
2 MAY 2019,1340,1399.9,1340,1300.1,2,11,14799.9
30 APR 2019,1299.9,1300.2,1299.9,1300.1,15,32469,42210491.5
26 APR 2019,1260.2,1260.3,1260.2,1260.2,3,210,264652
25 APR 2019,1300,1300,1300,1250,1,40,52000
24 APR 2019,1250.2,1250.2,1250.2,1250,1,1,1250.2
23 APR 2019,1310,1310,1250,1250,12,1113,1396919.9
18 APR 2019,1340,1340,1320,1340,8,59022,79089140
17 APR 2019,1340,1340,1340,1305.5,4,6,8040
10 APR 2019,1320,1320,1300,1305.5,9,200,261105
8 APR 2019,1360,1360,1360,1310,1,1,1360
5 APR 2019,1310,1312,1310,1310,6,586,767664
4 APR 2019,1320,1340,1320,1320,2,2,2660
3 APR 2019,1340,1340,1320,1320,4,482,636360
2 APR 2019,1360,1360,1320,1340,7,54,71671
1 APR 2019,1339.9,1340,1339.9,1340,7,515,690099.6
29 MAR 2019,1340,1340,1325.6,1339.9,5,8,10705.6
27 MAR 2019,1340,1340,1325,1339.9,7,210,281370
26 MAR 2019,1340,1390,1340,1341.8,2,5,6900
25 MAR 2019,1350,1350,1340,1341.8,2,110,147600
22 MAR 2019,1340,1340.1,1340,1340,17,132421,177444146.5
21 MAR 2019,1369.9,1369.9,1369.9,1345.8,1,1,1369.9
19 MAR 2019,1345,1369.8,1345,1345.8,5,299,402403
18 MAR 2019,1350,1370,1350,1350,10,1044,1412200
15 MAR 2019,1370,1395,1370,1370,11,33345,45682900
8 MAR 2019,1395,1400,1395,1395,6,101313,141331640
6 MAR 2019,1419.6,1405,1400,1419.6,5,79,110650.1
5 MAR 2019,1419.6,1420,1400,1419.6,3,127,180285
1 MAR 2019,1419.1,1419,1400,1419.1,3,18996,26973833
28 FEB 2019,1419.1,1420,1400,1419.1,9,12873,18267691
27 FEB 2019,1400,1400,1400,1400,4,300,420000
26 FEB 2019,1397.5,1400,1365,1397.5,7,156,218050.1
25 FEB 2019,1420,1420,1360,1420,5,56,76382
22 FEB 2019,1420,1399.5,1399.5,1420,1,1,1399.5
21 FEB 2019,1420,1400,1350,1420,7,104700,150241030
20 FEB 2019,1420,1420,1400.1,1420,7,899,1276500.4
18 FEB 2019,1420,1410,1410,1420,1,10,14100
15 FEB 2019,1420,1420,1420,1420,2,619,878980
14 FEB 2019,1400,1420,1400,1400,6,1382,1934820
13 FEB 2019,1400,N/A,N/A,1400,2,88000,124960000
12 FEB 2019,1400,1400,1390,1400,6,2203,3084180
8 FEB 2019,1400,1400,1400,1400,2,36,50400
7 FEB 2019,1400,1400,1400,1400,6,200,280000
6 FEB 2019,1400,1400,1400,1400,1,100,140000
5 FEB 2019,1430,1420,1420,1430,1,3,4260
1 FEB 2019,1430,1400,1400,1430,3,168209,238856580
31 JAN 2019,1430,1420,1400,1430,9,82964,117808480
30 JAN 2019,1430,1430,1430,1430,7,72,102960
29 JAN 2019,1430,1430,1429.9,1430,4,239,341768.9
25 JAN 2019,1430,1430,1430,1430,6,179,255970
24 JAN 2019,1420,1420,1420,1420,2,255,362100
22 JAN 2019,1403.4,1430,1430,1403.4,1,1,1430
21 JAN 2019,1403.4,1440,1400,1403.4,11,106,148901.4
18 JAN 2019,1420,1420,1408,1420,7,22,31173
17 JAN 2019,1420,1420,1410,1420,2,201,285410
16 JAN 2019,1410.1,1420,1410,1410.1,3,500,705030
14 JAN 2019,1410.2,1450,1450,1410.2,1,1,1450
11 JAN 2019,1410.2,1429.9,1409,1410.2,17,1069,1507372.4
10 JAN 2019,1430,1410,1410,1430,1,50,70500
9 JAN 2019,1430,1460,1430,1430,8,7548,10794024.7
8 JAN 2019,1430.3,1460,1430.2,1430.3,2,1003,1434580
7 JAN 2019,1430.1,1460,1430,1430.1,7,2086,2983225
4 JAN 2019,1460,1440,1440,1460,1,12,17280
3 JAN 2019,1460,1440,1430,1460,3,7,10020.3
2 JAN 2019,1460,1499,1450,1460,5,230,337058
31 DEC 2018,1415,1450,1400,1415,8,1000,1413004.1
28 DEC 2018,1401.6,1450,1400,1401.6,10,345,483556
26 DEC 2018,1424,1430,1430,1424,2,32,45760
24 DEC 2018,1424,1450,1450,1424,2,2,2900
21 DEC 2018,1424,1450,1450,1424,6,142570,202805907.5
20 DEC 2018,1424,1424.2,1424,1424,6,37298,53057908.4
19 DEC 2018,1496.7,1500,1450,1496.7,8,76,112952.1
18 DEC 2018,1496.7,1500,1500,1496.7,1,1,1500
17 DEC 2018,1496.7,1500,1475,1496.7,5,115,172126
14 DEC 2018,1435,1449.9,1449,1435,6,25,36245.6
13 DEC 2018,1435,1440.5,1435,1435,3,9,12920.5
12 DEC 2018,1435,1435.1,1435,1435,6,145,208075.1
11 DEC 2018,1424.6,1415,1415,1424.6,1,4,5660
10 DEC 2018,1424.6,1425,1415,1424.6,4,170,241554.2
7 DEC 2018,1439.9,1439.9,1415,1439.9,6,5830,8252916.6
5 DEC 2018,1415,1400.6,1400.6,1415,3,11,15406.6
3 DEC 2018,1415,1439.9,1410,1415,5,9868,13955145.4
30 NOV 2018,1409.9,1420,1400,1409.9,8,1751,2467343.5
29 NOV 2018,1400.1,1405,1400,1400.1,8,480,673150
28 NOV 2018,1400,1400.2,1400,1400,4,460,644000.2
27 NOV 2018,1400.2,1410,1410,1400.2,1,1,1410
26 NOV 2018,1400.2,1400.2,1400.2,1400.2,2,250,350050
23 NOV 2018,1400.2,1410,1400,1400.2,5,26,36453
21 NOV 2018,1400.2,1403,1400,1400.2,7,1307,1830075
19 NOV 2018,1403,1430,1400.1,1403,9,1091,1530599
16 NOV 2018,1401.1,1411,1400,1401.1,4,100,140109
15 NOV 2018,1424,1420,1420,1424,1,5,7100
14 NOV 2018,1424,N/A,N/A,1424,2,276285,386799000
13 NOV 2018,1424,1426,1424,1424,4,298,424355
12 NOV 2018,1425,1425,1410,1425,11,1117,1587956.2
9 NOV 2018,1416.5,1420,1400,1416.5,6,250,354128.1
8 NOV 2018,1400,1405,1400,1400,9,2536,3550419.8
7 NOV 2018,1400,1400,1400,1400,2,18872,26420800
5 NOV 2018,1385.8,1386,1385.1,1385.8,4,91,126048.6
2 NOV 2018,1385.8,1392,1385,1385.8,5,167,231435
1 NOV 2018,1385.8,1410,1391,1385.8,5,12,16801
31 OCT 2018,1385.8,1390,1390,1385.8,1,1,1390
30 OCT 2018,1385.8,1390,1389.9,1385.8,3,97,134829.7
29 OCT 2018,1385.8,1390,1370,1385.8,5,19,26309.8
25 OCT 2018,1385.8,1425,1380,1385.8,22,7126,9870333
23 OCT 2018,1381,1385,1381,1381,5,200,276204
22 OCT 2018,1381,1381,1381,1381,3,160,220960
19 OCT 2018,1380.2,1381.1,1381,1380.2,2,10,13810.2
18 OCT 2018,1380.2,1400,1381.1,1380.2,2,5,6924.4
17 OCT 2018,1380.2,1410,1380,1380.2,6,908,1253208
16 OCT 2018,1385.5,1400,1375,1385.5,13,313,433360
15 OCT 2018,1372.8,1375,1365,1372.8,9,651,893565.2
12 OCT 2018,1375.2,1379.9,1375,1375.2,2,105,144399.5
11 OCT 2018,1375,1375,1375,1375,5,24441,33001025
10 OCT 2018,1375,1376,1370,1375,9,6048,8291771.1
8 OCT 2018,1374.7,1375,1375,1374.7,1,38,52250
5 OCT 2018,1374.7,1370,1360,1374.7,2,11,14970
4 OCT 2018,1374.7,1375,1350,1374.7,16,4935,6748642.6
3 OCT 2018,1358.1,1370,1358,1358.1,8,823,1118430
2 OCT 2018,1373.5,1375,1360,1373.5,9,5719,7857488
1 OCT 2018,1358,1358.1,1358.1,1358,2,6,8148.6
28 SEP 2018,1360,1360,1358,1358,8,262,355800.6
27 SEP 2018,1355.2,1355.2,1355.2,1355,1,10,13552
25 SEP 2018,1355,1355,1355,1355,1,200,271000
21 SEP 2018,1374.5,1375,1374.5,1375,4,257,353364.5
20 SEP 2018,1374,1375,1360,1374.2,5,1787,2455706
19 SEP 2018,1370,1375,1350.6,1375,9,11636,15999256.8
18 SEP 2018,1351,1375,1350.2,1375,11,2747,3774506.4
17 SEP 2018,1250.2,1350.1,1250.2,1350.1,14,2815,3798010.6
14 SEP 2018,1250,1250,1250,1326,2,28360,37716800
13 SEP 2018,1326,1326,1326,1326,1,1,1326
12 SEP 2018,1325,1326,1325,1326,6,569,754074
11 SEP 2018,1350,1350,1325,1349.9,10,1300,1754813
10 SEP 2018,1351,1351,1325,1345.6,12,13333,17948137
6 SEP 2018,1351.1,1351.1,1351.1,1350.3,3,12,16213.2
5 SEP 2018,1385,1385,1350,1350.3,6,2435,3288020
4 SEP 2018,1350,1375,1350,1375,17,14070,19001270
3 SEP 2018,1340,1350,1340,1341.7,17,665,892150
31 AUG 2018,1339,1339,1339,1339,1,10000,13390000
30 AUG 2018,1325,1330,1325,1330,13,16092,21401585
29 AUG 2018,1300,1325,1300,1324.6,12,2603,3447839.5
28 AUG 2018,1299,1310,1299,1300,6,5713,7426968
27 AUG 2018,1325,1325,1325,1325,1,2,2650
24 AUG 2018,1325,1342,1324,1325,16,30955,41017447.8
23 AUG 2018,1303,1330,1300,1300.2,13,10027,13037019.6
21 AUG 2018,1300,1306.5,1280,1300.8,40,78368,101878590.4
20 AUG 2018,1295,1295,1240,1268.4,7,324,411050
17 AUG 2018,1290,1290,1251.1,1251.9,10,213,266684
16 AUG 2018,1270,1290,1270,1280.3,38,31638,40363299.6
15 AUG 2018,1250,1269.9,1240,1250.2,16,268,334391.5
14 AUG 2018,1260,1260,1250.1,1259.9,9,10088,12710281.8
13 AUG 2018,1240,1250,1240,1246,13,124,154500
10 AUG 2018,1230,1270,1230,1230,5,23449,28842390.2
9 AUG 2018,1230,1245,1230,1230.1,7,40486,49798825.3
8 AUG 2018,1205,1220,1205,1215.1,13,388,471405
7 AUG 2018,1203,1203.5,1203,1203.5,9,13115,15783836.6
6 AUG 2018,1200,1225,1200,1224.7,9,4644,5590306.7
3 AUG 2018,1201,1224.9,1200,1202.7,17,6960,8352338.3
2 AUG 2018,1190,1225,1190,1196.4,8,66,79444
1 AUG 2018,1195,1200,1175,1196.4,14,10949,13088907
31 JUL 2018,1164,1180,1164,1175.5,16,366,429612
30 JUL 2018,1160,1164,1160,1160,7,880,1020832
26 JUL 2018,1160,1165,1160,1160,6,10127,11747438
25 JUL 2018,1136.2,1150,1136.2,1150,2,500,574986.2
24 JUL 2018,1154,1164,1136,1159.5,18,757,864542.9
23 JUL 2018,1131,1134.1,1131,1132.6,4,157,177823.1
20 JUL 2018,1150,1154.4,1150,1150.8,8,124,142705.2
19 JUL 2018,1145,1155,1135.1,1150,13,16440,18910773.6
18 JUL 2018,1140,1140,1140,1140,1,10000,11400000
17 JUL 2018,1135,1140,1135,1135.5,3,330,374700
16 JUL 2018,1130,1135,1130,1149.4,8,84,95295
13 JUL 2018,1155,1155,1121,1149.4,6,20,22476
12 JUL 2018,1148.5,1150,1148.5,1149.4,10,509,585049.5
11 JUL 2018,1130,1140,1130,1130,2,10002,11302280
10 JUL 2018,1120,1125,1120,1120,2,392,439050
9 JUL 2018,1149,1149,1149,1113.9,1,1,1149
6 JUL 2018,1110,1149,1110,1113.9,4,1252,1394620
5 JUL 2018,1101,1130,1100,1113.1,12,612,681232.7
4 JUL 2018,1120,1120,1101,1100.1,3,20,22304.5
3 JUL 2018,1100,1100.1,1100,1100.1,3,1200,1320110
2 JUL 2018,1130,1130,1110,1110,5,1100,1223001
29 JUN 2018,1120,1130,1120,1121.7,6,1119,1254280
28 JUN 2018,1110,1120.1,1110,1120,8,18242,20419968.1
26 JUN 2018,1110,1125,1110,1111,14,1404,1561981
25 JUN 2018,1124.9,1125,1110,1119.9,6,9723,10888829.5
22 JUN 2018,1120,1120,1100.2,1111.5,7,23613,27144380.4
21 JUN 2018,1100.1,1120,1100.1,1120,5,205,229241.8
20 JUN 2018,1100,1100.1,1100,1100.1,10,14570,16027038.6
19 JUN 2018,1100,1118,1100,1100.1,6,783,871804
18 JUN 2018,1112.5,1120,1112.5,1118.2,15,1456,1628144.5
14 JUN 2018,1100,1100,1090.2,1118.7,2,3,3290.2
12 JUN 2018,1099.9,1120,1099.9,1118.7,21,37088,41346762.1
11 JUN 2018,1088,1090.1,1088,1100,2,46,50132
8 JUN 2018,1100,1105,1100,1100,11,460,506040
7 JUN 2018,1095,1100,1087,1080.8,8,34,37153
6 JUN 2018,1086,1086,1086,1080.8,2,35,38010
5 JUN 2018,1079.9,1090,1079.9,1080.8,5,230,248579.5
4 JUN 2018,1070,1070,1070,1070,4,79,84530
1 JUN 2018,1080,1080,1070,1070,2,200,214700
31 MAY 2018,1070,1080,1070,1077.9,8,727,780451
30 MAY 2018,1075,1098.9,1061.1,1074.1,6,5395,5796622.3
28 MAY 2018,1068,1080,1061,1080,14,14596,15749689.9
25 MAY 2018,1065,1070,1061,1064,4,365,388335
24 MAY 2018,1050,1060,1050,1051.3,6,230,241800
23 MAY 2018,1060,1060,1050,1060,14,3219,3410592
22 MAY 2018,1050,1075,1050,1050.1,6,1086,1140376
21 MAY 2018,1059.9,1065,1050,1050,14,3800,4011473.3
18 MAY 2018,1059.9,1060,1059,1060,6,220,233196.3
17 MAY 2018,1059,1060,1059,1059.9,7,61,64648.8
16 MAY 2018,1051,1060,1051,1059.9,15,278,294029
15 MAY 2018,1049,1049,1048,1026.1,2,51,53449
14 MAY 2018,1050,1050,1050,1026.1,1,1,1050
11 MAY 2018,1026,1026.5,1026,1026.1,5,289,296555.6
10 MAY 2018,1026,1026,1026,1022.9,1,3,3078
9 MAY 2018,1025.1,1025.1,1025.1,1022.9,2,20,20502
8 MAY 2018,1050,1050,1050,1022.9,3,47,49350
4 MAY 2018,1050,1050,1021,1022.9,3,375,383600
3 MAY 2018,1021.1,1050,1021.1,1050,2,3060,3211266
2 MAY 2018,N/A,0,N/A,1020,1,20000,20400000
26 APR 2018,1020.1,1020.1,1020,1020,2,100,102000.1
24 APR 2018,1052,1052,1020,1020,9,400,408184.3
23 APR 2018,1020,1058,1020,1030.1,12,1200,1236111
19 APR 2018,1045,1050,1015,1036,10,159,164730.8
18 APR 2018,1020,1080,1015,1062.5,9,1709,1791675
17 APR 2018,1060,1060,1060,1050,1,1,1060
16 APR 2018,1011,1011,1011,1050,1,1,1011
12 APR 2018,1049,1050,1040,1050,22,11194,11748720.9
11 APR 2018,1000.3,1000.3,1000.3,1050,2,14,14004.2
10 APR 2018,1047.1,1050,1047,1050,6,98,102868
9 APR 2018,1050,1050,1050,1050,2,15,15750
6 APR 2018,1050,1050,1050,1050,4,12,12600
5 APR 2018,1050,1050,1050,1050,7,301,316050
4 APR 2018,1040.1,1047,1040.1,1042,6,2590,2694160.4
3 APR 2018,1045,1045,1040,1040.1,2,203,211135
2 APR 2018,1045,1045,1045,1045,2,322,336490
29 MAR 2018,1040,1040,1040,1040,2,3,3120
28 MAR 2018,1040,1050,1040,1040,5,1886,1961460
27 MAR 2018,1040,1040,1040,1040,1,2,2080
26 MAR 2018,1040,1069.9,1040,1040,5,1892,1967709.9
22 MAR 2018,1010,1050,1010,1040,10,2117,2202570
21 MAR 2018,1010,1010,1010,1009.9,2,19,19190
20 MAR 2018,1000,1010,1000,1009.9,4,10345,10348014.7
19 MAR 2018,1000,1000.1,1000,1000,8,251,251003.5
16 MAR 2018,1000,1000,1000,1000,4,48,48000
14 MAR 2018,1055,1055,1000,1000,4,8189,8189056
13 MAR 2018,1050.2,1050.2,1050.2,1050.2,4,100,105020
8 MAR 2018,1060,1060,1060,1060,1,90,95400
7 MAR 2018,1052,1065.8,1051,1060,11,8942,9427366.5
6 MAR 2018,1050,1050.1,1050,1050,4,4555,4782750.1
5 MAR 2018,1069,1069,1061,1053.9,4,65,69352.2
28 FEB 2018,1050,1060,1050,1053.9,3,17,17860
27 FEB 2018,1050.1,1060,1027.2,1053.9,18,28015,29507781.8
26 FEB 2018,1050,1059,1027.2,1049.6,9,2257,2369677.2
23 FEB 2018,1060,1060,1050,1050,4,8760,9198030
22 FEB 2018,1027.1,1060,1027,1049,3,300,314702.9
21 FEB 2018,1065,1065,1065,1080,2,2,2130
19 FEB 2018,1051,1051,1051,1080,1,1,1051
16 FEB 2018,1050,1050,1050,1080,1,1,1050
15 FEB 2018,1049.8,1085,1049.8,1080,8,1423,1500966
14 FEB 2018,1049.8,1049.8,1049.8,1089.8,2,27505,29974749
9 FEB 2018,1050,1050,1050,1089.8,3,25,26250
6 FEB 2018,1041,1041,1041,1089.8,1,3,3123
2 FEB 2018,1079.6,1095,1079.6,1089.8,8,8584,9355027.8
1 FEB 2018,N/A,0,N/A,1080,1,20000,21800000
29 JAN 2018,1080,1080,1050,1080,8,10628,11471580
26 JAN 2018,1080,1080,1050,1079.7,5,1033,1115311
25 JAN 2018,1050,1080,1050,1080,14,7262,7676095
24 JAN 2018,1030,1080,1030,1076.7,19,24360,26225527.6
23 JAN 2018,1035,1040,1030,1031.3,4,108,111383.7
22 JAN 2018,1030,1030,1029.8,1029.9,5,51165,52699937.2
19 JAN 2018,1000,1030,1000,1029.2,13,104946,108077276.1
17 JAN 2018,992.1,1000,992,1030,4,50,49608.2
16 JAN 2018,1030,1030,1030,1030,1,1,1030
10 JAN 2018,1030,1030,1030,1030,2,83657,86166710
9 JAN 2018,1050,1050,1034,1065,4,11,11454
8 JAN 2018,1003.1,1059.9,1003.1,1065,5,47,48562.9
5 JAN 2018,1002.5,1010,1002.5,1065,4,28,28223
4 JAN 2018,1079,1080,1000,1065,10,7176,7674673.9
3 JAN 2018,1080,1080,1050,1079.4,16,19481,20671294
2 JAN 2018,1000,1080,1000,1060,19,1209,1261845
29 DEC 2017,960.1,960.1,960.1,1004.5,1,4,3840.4
28 DEC 2017,972,972,970,1004.5,4,36,34939.6
27 DEC 2017,980,980,980,1004.5,1,1,980
22 DEC 2017,995,1005,995,1004.5,9,6829,6833979
20 DEC 2017,1000,1000,975,999.9,10,1224,1223875
19 DEC 2017,990,1000.2,990,1000.1,34,20676,20669909.8
18 DEC 2017,988,990,988,990,9,1072,1061209.5
15 DEC 2017,985,990,985,986.5,2,195,192365
14 DEC 2017,962,994.9,961,991,6,1757,1694771
12 DEC 2017,961,975,961,980,2,36,34596.1
11 DEC 2017,980,980,980,980,3,214,209720
8 DEC 2017,958,970,958,961.1,16,80043,76840403.9
6 DEC 2017,959.9,959.9,959,959.3,3,210,201454
5 DEC 2017,962,962,962,962,1,110,105820
4 DEC 2017,974.9,974.9,960,960,3,25002,24001949.8
30 NOV 2017,950,950,950,950,15,1503,1427850
29 NOV 2017,940,950,940,950,14,13510,12834490
28 NOV 2017,934.1,934.1,934.1,960,1,50,46705
27 NOV 2017,960.1,960.1,960,960,3,505,484800.5
24 NOV 2017,950,950,950,940.4,4,27,25650
23 NOV 2017,948,948,940,940.4,4,107,100671
22 NOV 2017,949,960,949,950,23,35448,33674906.1
21 NOV 2017,966,966,944.1,944.2,48,17811,16963773.6
20 NOV 2017,984,984,975,989.4,8,70,68538
17 NOV 2017,984,984,984,989.4,1,1,984
16 NOV 2017,990,990,984,989.4,3,286,282962
15 NOV 2017,990,990,975,960,4,24,23674.3
14 NOV 2017,960,960,960,960,2,20000,19200000
13 NOV 2017,956,956,950,950.2,8,430,408597.5
10 NOV 2017,950.6,950.6,950.5,950.6,2,100,95055
9 NOV 2017,975,990,950.1,951.4,11,51146,49515907.8
8 NOV 2017,990,990,990,990,5,252,249480
7 NOV 2017,978,980,978,990,2,89,87218
6 NOV 2017,994,994,978,990,6,75,73846
2 NOV 2017,980,985,980,990,3,20,19625
31 OCT 2017,976,996,976,990,4,285,282192
30 OCT 2017,975,980,975,975.1,5,486,473905
27 OCT 2017,977.1,977.1,971,1000,4,23,22381.5
26 OCT 2017,1000,1000,1000,1000,1,1,1000
24 OCT 2017,995,1000,995,1000,6,5453,5452875
23 OCT 2017,998,999,998,999,2,2578,2575417
20 OCT 2017,995,1000,995,1000,30,15131,15125993.9
17 OCT 2017,976,976,976,971,3,21,20496
16 OCT 2017,977,977,977,971,1,1,977
13 OCT 2017,996,996,996,971,1,1,996
12 OCT 2017,980,980,980,971,1,3,2940
9 OCT 2017,975,975,975,971,1,92,89700
6 OCT 2017,974,974,974,971,1,1,974
4 OCT 2017,971,971,971,971,5,773,750583
3 OCT 2017,1000,1000,1000,1000,1,20,20000
2 OCT 2017,999,1000,999,1000,20,19068,19067949
29 SEP 2017,971,971,971,971,1,1,971
28 SEP 2017,971,971,971,971,1,33,32043
27 SEP 2017,971,971,971,971,2,158,153418
26 SEP 2017,970,1000,970,1000,4,10001,10000970
22 SEP 2017,1000,1000,1000,1000,7,5777,5777000
21 SEP 2017,1003,1005,1000,1005,13,3326,3332631
20 SEP 2017,1000,1000,1000,1000,13,3114,3114000
19 SEP 2017,1000,1000,1000,1000,12,1442,1442000
18 SEP 2017,1000,1001,1000,1000,17,9296,9296827
15 SEP 2017,990,1000.5,990,1000.5,19,15933,15933446.5
14 SEP 2017,970,1000,970,1000,64,61300,61283227.6
13 SEP 2017,971,990,971,960,7,76,75046
12 SEP 2017,951,960,951,960,10,44209,42061511.1
11 SEP 2017,951,951,951,951,1,156,148356
8 SEP 2017,956.9,957,956.9,956.9,9,7527,7202587.5
7 SEP 2017,956.9,958,956.8,958,5,7351,7034278.3
6 SEP 2017,956,957,956,956.9,4,1301,1244956
4 SEP 2017,956,960,956,957,5,11,10527.9
31 AUG 2017,958,958,956,957,11,2421,2318144
29 AUG 2017,958,958,958,958,1,128,122624
28 AUG 2017,955.1,958,955.1,958,3,1302,1246730.2
25 AUG 2017,960,961,960,960.1,5,1248,1198173
24 AUG 2017,960,960,960,960,13,341,327360
23 AUG 2017,953.1,953.1,952,960,3,56,53314.2
22 AUG 2017,960,960,960,960,3,33,31680
21 AUG 2017,960,960,960,960,1,500,480000
18 AUG 2017,957,957,951.1,951.5,2,300,285448
17 AUG 2017,950.2,950.2,950.1,950.1,3,25,23754.4
16 AUG 2017,950.1,950.1,950.1,950.1,1,4,3800.4
15 AUG 2017,959,960,950,950.1,19,4244,4033664.1
14 AUG 2017,959,959,955,955,4,11497,10979679
11 AUG 2017,954.6,954.6,954.6,960,1,10,9546
10 AUG 2017,954.5,960,954.5,960,2,520,498391.5
9 AUG 2017,950,955,950,950,5,5815,5524274.5
8 AUG 2017,952,955,950,950.2,6,1358,1290401
3 AUG 2017,960,960,950,951,7,10051,9558461
2 AUG 2017,950,950,950,950,2,1240,1178000
1 AUG 2017,950,950,950,950,3,1020,969000
31 JUL 2017,952,952,950,950,5,2034,1932350
28 JUL 2017,960,960,950,958.3,3,240,230000
27 JUL 2017,950,960,950,959.4,13,2694,2563171.5
26 JUL 2017,955,955,950,950.5,5,220,209101
25 JUL 2017,955.2,955.2,950.1,951.5,12,140,133246.4
24 JUL 2017,960,960,960,960,1,130,124800
21 JUL 2017,970,970,970,960,1,6,5820
20 JUL 2017,965,965,955,960,28,23177,22246798
19 JUL 2017,965,965,965,976,3,6,5790
18 JUL 2017,976,976,976,976,6,893,871568
17 JUL 2017,983.6,983.6,983.6,983.6,2,3176,3123913.6
14 JUL 2017,983.6,984,983.6,983.6,6,241,237051.6
13 JUL 2017,978.1,978.1,978.1,978.1,1,9,8802.9
12 JUL 2017,978.1,978.1,978.1,978.1,1,1,978.1
11 JUL 2017,975,985,975,978.1,8,1472,1439769.8
10 JUL 2017,955,955.1,955,955,3,10019,9568146.9
7 JUL 2017,949,970,949,950,7,4435,4213269.5
6 JUL 2017,980,985,950,950.6,15,2153,2047520
3 JUL 2017,970,998.9,960,990,6,51,49094
30 JUN 2017,980,995,970,990,24,23333,23095441
28 JUN 2017,980,980,960,960.5,16,402,386110
27 JUN 2017,980,980,960,998.9,4,34,32950
23 JUN 2017,985,985,985,998.9,1,5,4925
21 JUN 2017,990,990,980,998.9,3,3,2960
20 JUN 2017,998.9,998.9,998.9,998.9,1,100,99890
19 JUN 2017,987,990,987,990,8,7244,7169298
16 JUN 2017,988,988,988,988,8,23976,23688288
15 JUN 2017,980,980,976.1,976.1,12,678,662079.3
14 JUN 2017,980.1,980.1,977,988.1,7,16,15677.1
13 JUN 2017,988,988.1,988,988.1,3,2950,2914890
12 JUN 2017,990,990,990,990,4,5544,5488560
9 JUN 2017,988,990,976,976.2,5,930,911456
7 JUN 2017,999,999,985,988.9,7,741,732900
6 JUN 2017,1000,1000,1000,1000,3,7,7000
5 JUN 2017,999.5,1000,999.5,1000,20,14445,14444999.5
2 JUN 2017,1000,1000,985,993.3,5,223,221500
1 JUN 2017,989.5,1000,989.5,999.9,18,63767,63761639.8
31 MAY 2017,970,989.5,970,970.1,4,42,40762.6
30 MAY 2017,970,989.9,970,970.1,11,341,330809.8
25 MAY 2017,990,990,990,990,1,100,99000
24 MAY 2017,976.1,976.1,976.1,996.7,1,10,9761
23 MAY 2017,1017,1017,980,996.7,17,15289,15287296
22 MAY 2017,988.1,988.2,970,1002.1,9,62,61151.7
19 MAY 2017,999,1004.1,990,1002.1,18,16645,16689484.1
18 MAY 2017,999.9,1000,988.1,1004.1,4,17,16939.4
17 MAY 2017,988,1010,988,1004.1,12,1262,1265488.3
16 MAY 2017,999,999,988,990.5,9,517,512082.8
15 MAY 2017,1000,1000,985,995,5,310,309440
12 MAY 2017,980,1000,979.9,996.8,33,2463,2437304.5
9 MAY 2017,990,990,980,989.8,6,49,48032
8 MAY 2017,980,990,980,989.8,8,531,525255
5 MAY 2017,985,990,980,985,7,14321,14106184
4 MAY 2017,980,985,980,985,3,40000,39399995
3 MAY 2017,972.2,980,972.2,973,4,57111,56253000
2 MAY 2017,970,990,970,990,14,65862,65199280
28 APR 2017,990,990,980,989.9,10,25056,25055367.9
27 APR 2017,970,990,966.4,989.9,47,36993,36075783.7
26 APR 2017,962,974.9,962,969.3,15,6187,5979776.3
25 APR 2017,970,970,965.4,963.3,5,36,34762.1
24 APR 2017,961,979.9,961,963.3,17,3097,2982895.9
21 APR 2017,975,975,952.2,960,13,2735,2648327.9
20 APR 2017,950.1,951.2,950.1,951.2,6,152,144525.2
18 APR 2017,940,989,940,948.3,12,126,119485
17 APR 2017,940,1030,940,951.6,15,102,97061.2
12 APR 2017,914.5,1010,914.5,999.2,51,70494,70190497.5
11 APR 2017,910,910,910,910,7,1689,1536990
7 APR 2017,900.1,910,900.1,908,21,16819,15179429.8
6 APR 2017,880,909.9,880,900,26,5113,4601266.1
5 APR 2017,873,873,870,870.1,9,464,403706
4 APR 2017,865,889.9,865,880,18,11956,10517577.4
3 APR 2017,869.8,870,865,865,10,1752,1518081.5
31 MAR 2017,870,871,860,870.9,3,12609,10981314
30 MAR 2017,870,870,870,870,2,2178,1894860
29 MAR 2017,828.1,873.9,828.1,865,8,1224,1058658.7
28 MAR 2017,865,865,865,865,5,679,587335
27 MAR 2017,865.1,880,864,865,12,1223,1057109.3
24 MAR 2017,864.5,880,840,872.5,23,52690,47329218.4
23 MAR 2017,850,850,850,839.6,1,1,850
22 MAR 2017,869,869,869,839.6,1,1,869
20 MAR 2017,839,873,839,839.6,6,382,320713
17 MAR 2017,838,838,835,835,4,38,31832
16 MAR 2017,830,837.8,830,835,14,18283,15266198
15 MAR 2017,830,830,830,820.1,1,1,830
14 MAR 2017,820.1,830,820.1,820.1,3,12,9861
13 MAR 2017,835,835,820.1,820.1,5,511,419090
10 MAR 2017,830,830,830,820.4,1,1,830
9 MAR 2017,821.1,821.1,820,820.4,12,1030,844920.8
8 MAR 2017,821,825,820,822.4,10,2151,1771802.5
7 MAR 2017,826,826,825,825,6,138,113852
6 MAR 2017,820,825,820,822,10,1406,1155871.5
3 MAR 2017,829.9,829.9,816.2,816.2,8,1054,860326.7
2 MAR 2017,820,824.9,820,820,11,6941,5698905.8
1 MAR 2017,815.3,834,815.3,820,6,2253,1844646
28 FEB 2017,815.2,815.3,815.1,815,4,41,33421.1
27 FEB 2017,815.6,815.6,815,815,8,1600,1304248.9
23 FEB 2017,817,817,815.1,815.3,2,100,81529
22 FEB 2017,820,839.9,815,815.1,43,48829,39796393
21 FEB 2017,815.1,820,812.1,812.7,13,3483,2830501.2
20 FEB 2017,815,815,815,815,1,500,407500
17 FEB 2017,830,845.9,810.1,830.2,9,272,224577.2
15 FEB 2017,845,850,845,848.6,8,764,648350
14 FEB 2017,824.5,825,812.1,824.8,12,908,748150.7
13 FEB 2017,812.1,820,811,820,12,11001,8950475
9 FEB 2017,813,813,813,813,4,122,99186
8 FEB 2017,830,874,815.2,815,3,4,3334.4
7 FEB 2017,815,820,815,815,17,24208,19729525
6 FEB 2017,815,815,812.1,812.1,23,1257,1021604.3
2 FEB 2017,815,816,812,815.1,11,2913,2374382
1 FEB 2017,845,845,812,812,10,522,423917.5
31 JAN 2017,815,816,812,812.3,17,1497,1219265
30 JAN 2017,820,825,820,815,2,4,3295
27 JAN 2017,815,820,815,815,10,248,202143.8
26 JAN 2017,813.1,813.1,810,814.9,11,88,71371.5
25 JAN 2017,820,820,813.1,814.9,7,187,152528.9
24 JAN 2017,816,818,815,815,9,3788,3087581.5
23 JAN 2017,820,820,815,815.7,12,1445,1178495
20 JAN 2017,816,819.9,815,815,17,62560,50988960.7
18 JAN 2017,815,817.5,815,815,5,360,293405
17 JAN 2017,812,815,810,815,11,1447,1175329
13 JAN 2017,802.7,816,802.6,815,5,601,488577
11 JAN 2017,815,815,802.6,815,5,1641,1337390.6
9 JAN 2017,809,821,808,812.7,7,100,81268
6 JAN 2017,809,825,809,810,14,4059,3286435
5 JAN 2017,801,808,800,800.6,9,398,318621.5
4 JAN 2017,810,810,800,800.4,20,2792,2235707.9
3 JAN 2017,810,813,810,813,2,6,4875
2 JAN 2017,824.9,824.9,813,813,4,302,246719.8
30 DEC 2016,810,810,800,806.5,30,930,750944.4
29 DEC 2016,810,820,809,811.3,32,1519,1230177.1
28 DEC 2016,800.2,810,800,800.3,9,194,155256.3
27 DEC 2016,811,811,797,800.2,17,1245,993316.7
23 DEC 2016,820,820,800,815,39,3504,2811747
22 DEC 2016,840,840,817,819.9,46,2674,2199773.6
21 DEC 2016,847,847,840,840,38,184788,156227056.4
20 DEC 2016,847,847,846,846,6,58662,49653762
19 DEC 2016,870,870,847,850,26,1855,1576824.1
16 DEC 2016,860,860,860,860,3,774,665640
15 DEC 2016,861,861,860,860,14,300,258014.9
14 DEC 2016,866.2,866.2,864,865,5,2001,1730949.2
9 DEC 2016,861,861,860.7,861,4,278,239355.6
8 DEC 2016,855,885,855,884.7,9,17201,15217170
7 DEC 2016,870.1,894,870.1,885,2,5,4446.1
6 DEC 2016,870,885,867,885,12,11666,10318555.1
5 DEC 2016,882.2,885,880,883.2,8,400,352511
2 DEC 2016,885,885,885,885,4,5052,4471020
1 DEC 2016,870,899.9,870,871.1,4,311,270898.9
30 NOV 2016,880,889.9,879,884,22,96142,84922076.1
29 NOV 2016,875,880,870,879.9,15,104216,91703585
28 NOV 2016,880,880,880,880,1,300,264000
25 NOV 2016,864,900,864,882.1,11,2010,1773031
23 NOV 2016,870,870,869,869,6,113,98198
22 NOV 2016,870,880,870,879.9,7,56375,49604380
21 NOV 2016,870,870,865.2,870,9,69,59881.5
18 NOV 2016,875,875,875,870,2,2,1750
17 NOV 2016,873,873,870,870,16,6241,5429676
16 NOV 2016,874,878,874,875,9,2128,1861939
15 NOV 2016,865,875,865,874.9,17,547,478192
11 NOV 2016,856,860,852,856.8,7,242,207428
10 NOV 2016,852,857,852,856,4,480,410463.5
9 NOV 2016,856,856,850.5,854.6,5,45656,38844806
8 NOV 2016,852,860,845.3,850.8,31,10601,9019259.3
7 NOV 2016,850,852,845.2,845.5,6,340,288092.4
4 NOV 2016,850,850,850,850,3,206,175100
3 NOV 2016,846,846,846,845,1,1,846
2 NOV 2016,849.5,850,845,845,10,2594,2192688
1 NOV 2016,845.1,845.1,840,845,10,920,774919.9
31 OCT 2016,850,850,850,850,4,645,548250
28 OCT 2016,850,850,850,850,3,111,94350
27 OCT 2016,840,847,840,847,9,4953,4181114.5
26 OCT 2016,845,845,845,846.8,1,1,845
25 OCT 2016,847,847,830,846.8,3,114,96530
24 OCT 2016,850,850,826,830.2,34,22324,18875953
21 OCT 2016,847,847,845,847,4,15003,12707539
20 OCT 2016,845,849.5,840,847,14,38084,32251493.4
19 OCT 2016,840.1,849.5,840.1,847.4,3,5,4228.7
18 OCT 2016,850,855,845,847.4,22,20215,17182584.5
17 OCT 2016,850,850,850,850,4,130,110500
14 OCT 2016,860,860,850,850,18,216563,184078560.4
13 OCT 2016,850.1,855,850,850,29,52955,45011807.1
12 OCT 2016,855,864.9,850,850.5,20,875,744180.6
11 OCT 2016,864,864,855,857.1,14,135,115812
10 OCT 2016,860.1,865,858,865,18,53352,46147368
7 OCT 2016,858.6,858.6,858.6,870,2,12,10303.2
6 OCT 2016,859.2,860,858,870,12,70,60085.8
5 OCT 2016,878,878,858,870,17,1981,1729438.3
4 OCT 2016,874.9,880,874.9,878,2,129,113265
3 OCT 2016,866,874.9,858.1,860,4,21,18145.4
30 SEP 2016,861,870,860,860,18,36262,31188338.1
29 SEP 2016,860.5,860.5,860.5,860,1,9,7744.5
28 SEP 2016,900,900,860,860,4,6,5204
27 SEP 2016,880,880,860,860,6,24,20841
26 SEP 2016,851.5,862,851,860,18,66356,57064699.3
23 SEP 2016,856,856,856,863.2,3,10,8560
22 SEP 2016,865,865,860,863.2,13,1565,1350875
21 SEP 2016,851,852,850,850,29,26688,22685907.6
20 SEP 2016,865,865,850,850.8,26,592,504490.3
19 SEP 2016,865,865,865,860,1,25,21625
15 SEP 2016,865.2,865.2,855,860,20,5895,5095036.3
14 SEP 2016,875,875,870,870,34,5603,4890487
13 SEP 2016,905,905,871,880.7,17,3243,2864923
9 SEP 2016,884.5,884.5,875,875,13,1181,1033444
8 SEP 2016,879.1,880,874.1,878.1,16,1220,1068847.6
7 SEP 2016,885,885,880,882.5,10,199,175615.5
6 SEP 2016,885,885,883,883.7,11,262,231552.9
5 SEP 2016,885,885,880,882.3,21,463,409170
2 SEP 2016,905,905,885,885.1,39,470105,416045774.5
1 SEP 2016,880.5,882.5,880,880,47,72105,63452630.8
31 AUG 2016,909.9,909.9,880,883.1,45,41829,37004438.8
30 AUG 2016,911.1,911.1,902,916,8,94,85162.2
29 AUG 2016,912,912,912,916,2,3,2736
26 AUG 2016,915,930,912,916,16,76022,69635142.5
25 AUG 2016,915.1,915.1,911,915,6,54,49310.2
24 AUG 2016,915,915.1,915,915,20,227348,208024721
23 AUG 2016,910.1,919.9,910,914.9,23,3726,3408394
22 AUG 2016,920,920,910,911.8,24,41259,37750312.6
19 AUG 2016,930,930,920,930,20,16586,15424904.4
18 AUG 2016,929.3,940,923,930,25,15763,14659709.7
16 AUG 2016,920,920,919.9,920,15,3228,2969759.9
15 AUG 2016,900,919.9,900,917.1,17,16310,14838914.8
12 AUG 2016,900,910,890.1,900,51,2523,2269237.2
11 AUG 2016,900,910,881,898.7,94,16882,15181235.4
10 AUG 2016,896,898,880,884.3,33,1192,1056447.6
9 AUG 2016,906,906,870,870.2,75,3756,3350996.1
8 AUG 2016,910,910,906,906.2,31,3296,2998491.6
5 AUG 2016,912,912,910,911.9,11,118,107606
4 AUG 2016,925,925,910,912.1,34,3314,3030563.5
3 AUG 2016,930,930,925,926.1,18,1389,1291273.8
2 AUG 2016,930,930,927,928,14,193,179161
1 AUG 2016,930,930,930,930,25,19198,17854140
29 JUL 2016,930,930,930,930,3,42,39060
28 JUL 2016,940,940,922,930,11,61,56593.8
27 JUL 2016,950,950,924,930,24,7774,7230170.7
26 JUL 2016,931.1,940,931,940,15,240,225474.2
25 JUL 2016,970,970,940,940.1,56,677,645035.4
22 JUL 2016,990,990,970,970.4,22,153,148753
21 JUL 2016,980,984,974,976.7,26,12387,12142455.2
20 JUL 2016,985,985,985,988.9,4,43,42355
18 JUL 2016,988,990,985,988.9,9,40,39532.1
15 JUL 2016,990,990,985,988.9,5,144,142399.8
14 JUL 2016,1024.9,1024.9,980,980.9,25,1511,1483869.5
13 JUL 2016,1030.9,1034.3,1000,1000.5,17,14390,14829075.9
12 JUL 2016,1048,1049,1005,1030.9,7,498,515375
11 JUL 2016,1040,1040,1035,1035.4,3,132,136670
4 JUL 2016,1049,1050,1000,1043.1,12,235,245120.4
1 JUL 2016,1050,1050.1,1050,1050,13,11267,11830352.7
30 JUN 2016,1060,1060,1050,1050,4,5029,5280470
29 JUN 2016,1000,1000,1000,1060.4,2,6,6000
28 JUN 2016,1060,1080,1060,1060.4,7,103,109220
27 JUN 2016,1097.5,1097.5,1089.5,1098.9,3,3,3277
24 JUN 2016,1097.5,1097.5,1097.5,1098.9,2,3,3292.5
23 JUN 2016,1006.5,1006.5,1006.5,1098.9,1,2,2013
22 JUN 2016,1050,1100,1005,1098.9,19,3295,3610986.2
21 JUN 2016,1094.7,1094.7,1094.7,1114.8,1,1,1094.7
20 JUN 2016,1075,1075,1075,1114.8,3,7,7525
15 JUN 2016,1120,1120,1120,1114.8,1,3,3360
14 JUN 2016,1114,1120,1114,1114.8,4,8055,8979511
13 JUN 2016,1115,1115,1115,1115,4,6870,7660050
10 JUN 2016,1134.5,1134.5,1115,1115,3,3,3384
9 JUN 2016,1115,1115.1,1115,1115,4,3287,3665007
8 JUN 2016,1120,1134.5,1120,1125.2,10,2082,2339319.5
7 JUN 2016,1100,1125,1100,1115,8,156,173975
6 JUN 2016,1115,1115,1115,1115,2,27349,30494135
3 JUN 2016,1100,1119,1100,1115,13,28682,31979380
2 JUN 2016,1100,1115,1100,1115,8,52190,58190245.7
1 JUN 2016,1125,1125,1115,1115,6,242,270231
31 MAY 2016,1100,1129.9,1100,1115,8,1255,1385524.5
30 MAY 2016,1125,1125,1100,1100,12,2753,3028600
27 MAY 2016,1114,1120,1114,1119.9,16,1188,1330122.5
25 MAY 2016,1100,1100,1070.1,1100,48,6333,6965457.6
24 MAY 2016,1100,1100,1070,1099.6,8,20065,22071200
20 MAY 2016,1100,1119.5,1100,1100,8,624,686477.8
19 MAY 2016,1075,1075,1050,1120,6,96,101210.2
18 MAY 2016,1120,1140,1120,1120,14,167738,187866790
17 MAY 2016,1135,1135,1110,1110.1,6,38502,43683269
16 MAY 2016,1139.9,1140,1125.5,1139.5,6,205,233552.1
13 MAY 2016,1125,1125,1125,1125,2,25,28125
12 MAY 2016,1115,1125.1,1115,1125,21,3311,3723264
11 MAY 2016,1100,1120,1100,1110,15,1432,1579384.9
10 MAY 2016,1100.2,1100.2,1085,1099.7,2,653,718096.2
9 MAY 2016,1100,1115,1099.9,1100.2,17,61184,67302631.8
6 MAY 2016,1091,1091,1091,1091,8,353,385123
5 MAY 2016,1090,1090,1040,1089.5,10,913,994682
4 MAY 2016,1090,1090,1090,1090.1,1,1,1090
3 MAY 2016,1080,1097.5,1080,1090.1,5,206,224560
29 APR 2016,1070,1094.9,1050,1078.4,13,1584,1707328.8
28 APR 2016,1050.9,1070,1050.1,1059.6,12,1994,2100611.9
27 APR 2016,1048,1051,1048,1050,14,2626,2756965.9
26 APR 2016,1048,1054.9,1048,1050,10,3381,3548147.6
25 APR 2016,1055,1055,1048,1050,24,9538,10015098.8
22 APR 2016,1073.9,1075,1050,1053.9,8,127,133863.9
20 APR 2016,1039,1056,1039,1047.5,15,2123,2223770.3
19 APR 2016,1048,1050,1038,1039.9,12,1701,1778965.5
18 APR 2016,1006,1045,1005,1040,14,2096,2178683
15 APR 2016,1013,1050,1013,1040,4,1100,1144296
12 APR 2016,1006,1006,1005,1005.2,4,28,28155
8 APR 2016,1013,1013,1013,1005.2,1,3,3039
7 APR 2016,1005.1,1010,1005,1005.2,3,630,633255
6 APR 2016,1012.5,1012.5,1012.5,1005.1,3,4,4050
5 APR 2016,1003,1008,1003,1005.1,8,59,59229
4 APR 2016,1002,1002,1002,1005.1,1,9,9018
1 APR 2016,1005,1008,1005,1005.1,9,3696,3714780
31 MAR 2016,1005,1012.5,1005,1011.9,24,4755,4805540.5
30 MAR 2016,1001.5,1005.1,1001.5,1005,3,349,350050
29 MAR 2016,1001.5,1005,1001.5,1001.5,10,1860,1862898
28 MAR 2016,1002.5,1005,1001.5,1002.5,9,696,697734.5
24 MAR 2016,1005,1009.8,1005,1005.7,7,306,307741.6
23 MAR 2016,1000.5,1005,1000.5,1000.5,5,432,432233
21 MAR 2016,1000,1000,1000,1000,3,600,600000
18 MAR 2016,1000,1000,1000,1000,10,2322,2322000
17 MAR 2016,1000,1003,1000,1000,15,4922,4922008
16 MAR 2016,985,985,985,1000,1,1,985
15 MAR 2016,1008,1008,1005,1000,2,3,3018
14 MAR 2016,995,1000,995,1000,8,4396,4395350
11 MAR 2016,1000,1010,999.9,1000.8,11,547,547299.9
10 MAR 2016,1000,1000,1000,1000,25,304624,304624000
9 MAR 2016,985,1000,950,1000,25,172254,172243684.5
8 MAR 2016,1000,1000,995,1000,24,69307,69301177.3
4 MAR 2016,1000,1015,1000,1000.2,8,816,816150
3 MAR 2016,999,1000.1,990,998.4,14,12891,12870017.2
2 MAR 2016,980,980,970,979.9,13,547,532111.4
1 MAR 2016,970,970,970,970,2,1882,1825540
29 FEB 2016,1000,1000,980,999.9,8,58,57056.1
26 FEB 2016,1000,1000,999.9,999.9,16,12591,12590940
25 FEB 2016,999.9,999.9,999.9,999.9,1,100,99990
24 FEB 2016,1000,1000,1000,1000,11,69511,69511000
23 FEB 2016,1000,1001,1000,1000,5,280,280013
19 FEB 2016,1024.5,1024.5,1000,1024.1,10,1522,1541417.2
18 FEB 2016,1022.5,1025,1000,1004.3,13,260,261156
17 FEB 2016,1024.9,1024.9,1000,1000,5,812,812074.7
16 FEB 2016,1015,1020,1000,1000,15,9143,9257305
15 FEB 2016,999,1042,998,1000.4,23,3904,3900761
12 FEB 2016,985,985.3,984.5,984.9,10,3013,2967503.9
11 FEB 2016,985,985,985,985,1,79,77815
10 FEB 2016,985,985,985,985,2,145,142825
9 FEB 2016,990,990,970.1,990,4,3557,3521410.1
8 FEB 2016,971,971,971,999.6,1,1,971
3 FEB 2016,999,999,999,999.6,1,5,4995
2 FEB 2016,970,1000,970,999.6,65,85018,85003036.6
1 FEB 2016,978.5,978.5,970,970.2,3,104,100906.5
28 JAN 2016,973,978.5,973,973,11,40154,39059996.8
27 JAN 2016,967.1,970,967.1,967.2,4,1653,1598787.1
26 JAN 2016,967,978,967,967,6,447,432290
25 JAN 2016,967,970,967,967.1,5,501,484497
22 JAN 2016,967,970,967,967,7,85428,82608887
21 JAN 2016,970,970,962,962,4,540,519494.5
20 JAN 2016,961,970,961,962.5,12,6978,6706014
19 JAN 2016,979.6,979.6,960.5,960.7,7,1274,1223944.5
18 JAN 2016,960,960.6,960,960.6,12,5164,4959550
14 JAN 2016,975,975,950,950.1,18,2864,2721259.5
13 JAN 2016,970,970,970,970,9,1377,1335690
12 JAN 2016,960.2,970,960.2,970,13,61866,60009999.4
11 JAN 2016,970,970,960.5,970,7,15,14524.9
6 JAN 2016,970,980,970,970,6,2414,2341590
5 JAN 2016,995,995,980,980,4,2026,1985495
31 DEC 2015,980,995,960,992.5,15,1036,1008130.6
30 DEC 2015,990,1000,975,996.1,9,1182,1177436
29 DEC 2015,980,980,956,980,2,90,86280
28 DEC 2015,975.1,980,975,980,6,1661,1624540
22 DEC 2015,975,975,975,975,8,1001,975975
21 DEC 2015,977,977,975,980,3,20,19520
17 DEC 2015,980,980,980,980,3,9,8820
14 DEC 2015,975,990,974.5,980,4,13,12687.5
8 DEC 2015,980,980,975,980,4,1223,1198505
7 DEC 2015,980,980,980,999.1,2,6,5880
4 DEC 2015,999.1,999.1,997.5,999.1,7,49288,49830035.3
3 DEC 2015,987,1000,987,999.1,22,132287,132135250
2 DEC 2015,985,985,985,990,1,5,4925
1 DEC 2015,989.8,990,989.8,990,15,184569,185007887.6
30 NOV 2015,990,990,988,990,15,20057,19856412.9
27 NOV 2015,990,990,975,980.2,13,52070,51314200
26 NOV 2015,987,987,985,985.6,5,728,717676
24 NOV 2015,989.9,999,987,990,7,21110,21099760.9
23 NOV 2015,990,990,987,987,18,51812,51526390
20 NOV 2015,987,990,986,986.7,7,3009,2968910
19 NOV 2015,985,990,985,989.1,11,2807,2772465.3
18 NOV 2015,987.5,987.5,986,986,5,70,69028.5
17 NOV 2015,986,986,985,986,7,7354,7244235
16 NOV 2015,985,986,981,985,15,24685,24312708
13 NOV 2015,983.3,986,981,986,24,23327,22977204.6
12 NOV 2015,985,985,982,983.1,14,56721,55756603.5
11 NOV 2015,985,985,982,985,9,112,110314.9
9 NOV 2015,985,986,980.1,980.7,12,642,631907
6 NOV 2015,980,980,960,980,16,37558,36805529.5
5 NOV 2015,962,979,960,977.5,15,6789,6617812.2
3 NOV 2015,965,965,965,978.7,1,10,9650
2 NOV 2015,965,965,965,978.7,3,53,51145
30 OCT 2015,980,980,965,978.7,4,1100,1076595
28 OCT 2015,980.1,980.1,980,970.2,3,37,36260.2
26 OCT 2015,980.1,980.1,965,970.2,4,22,21547.1
23 OCT 2015,980.1,980.1,970,970.2,5,136,132271.3
22 OCT 2015,999,999,980,980.1,8,13587,13316622.5
21 OCT 2015,974.8,980,974.8,977.6,15,7063,6904428
20 OCT 2015,970,978.5,970,970,13,8888,8621368.5
19 OCT 2015,970,970,962,967.3,6,28430,27575950
16 OCT 2015,965,970,965,969.8,14,5292,5126479
15 OCT 2015,960,961,960,960.8,6,3750,3602070
14 OCT 2015,960,960,960,960,12,3709,3560640
13 OCT 2015,955,960,955,958,7,10543,10100157.1
12 OCT 2015,960,965,960,960.3,10,124,119075
9 OCT 2015,960.1,960.1,960,950.2,3,21,20160.1
8 OCT 2015,963,963,963,950.2,1,1,963
7 OCT 2015,960,960,950,950.2,12,10505,9982024.3
6 OCT 2015,952.1,952.1,952.1,952.1,1,100,95210
5 OCT 2015,952,965,952,952.1,6,203,193282
2 OCT 2015,969,969.9,953,965.4,14,14143,13635901.9
1 OCT 2015,960,970,951.1,951.1,11,15506,15025989.9
29 SEP 2015,960,960,960,965.3,1,2,1920
28 SEP 2015,960.2,970,960,965.3,7,174,167961.8
25 SEP 2015,976,976,969.9,970.9,8,718,697071.9
23 SEP 2015,979.5,979.5,979.5,979.5,1,10,9795
22 SEP 2015,970,970,970,979.5,6,31,30070
21 SEP 2015,980,980,979.5,979.5,3,6507,6375660.5
18 SEP 2015,990,990,979,979.9,8,5015,4914306.8
17 SEP 2015,980,980,978,979.9,12,8125,7962477.5
16 SEP 2015,990,990,980,980,4,610,597820
15 SEP 2015,980,990,980,980,5,22,21570.1
11 SEP 2015,990,990,980,980,5,502,491979.9
10 SEP 2015,970,980,970,980,9,3120,3057590
9 SEP 2015,973,980,970,977.8,11,6383,6241300
8 SEP 2015,975,975,970,970,14,6320,6131651
7 SEP 2015,970,978,970,975,6,1118,1084968
4 SEP 2015,960,980,960,961,12,6111,5978284.5
3 SEP 2015,977.9,980,977.9,979.5,4,1323,1295884.6
2 SEP 2015,970,970,970,970,4,50121,48367370
1 SEP 2015,977.9,977.9,960,960.5,18,789,758126
31 AUG 2015,978.9,978.9,961,964,12,4154,4005251
28 AUG 2015,965,980,960,979.6,14,42941,41274721.5
27 AUG 2015,960,970.1,960,960,4,851,816970.1
26 AUG 2015,975,975,960.1,960.1,5,62011,59530580.9
25 AUG 2015,965,979,960,960.1,16,20219,19422944
24 AUG 2015,979,985,979,980,29,18666,18293679.5
21 AUG 2015,968.9,980,960,978.1,13,2823,2760923
20 AUG 2015,965.6,969,950,954.3,20,9353,8924619
19 AUG 2015,958.9,980,958.9,961.6,17,4034,3877823.4
18 AUG 2015,958.9,958.9,958.9,960,3,3,2876.7
17 AUG 2015,958.9,958.9,958.9,960,1,1,958.9
14 AUG 2015,960,960,950,960,5,1066,1023310
13 AUG 2015,950,960,950,950.1,13,6392,6072815
12 AUG 2015,940,952,940,950,19,8576,8146435
11 AUG 2015,960,960.2,930,954.7,27,2625,2512579
10 AUG 2015,958,960,956.1,959.9,5,275,263928.6
7 AUG 2015,947,956.1,935,956,25,83695,80010950.3
6 AUG 2015,970,970,950.2,960,12,100445,98427239.8
5 AUG 2015,975,975,955.1,956.7,28,984,943927.3
4 AUG 2015,988.9,988.9,957,957.5,14,403,385922.3
3 AUG 2015,960.2,985,960,976.7,20,1023,987471.1
30 JUL 2015,990,990,940.8,950.8,19,3857,3659870
29 JUL 2015,935,950,935,941.6,73,13920,13054738.8
28 JUL 2015,915,935,915,915.5,56,810,741581.5
27 JUL 2015,894.9,900,894.9,900,29,5905,5309939
24 JUL 2015,890.1,895,889.9,890.2,11,596,530568.3
23 JUL 2015,890,890.1,890,890,19,2499,2224120
22 JUL 2015,892,895,890,890.6,17,1623,1445513.8
21 JUL 2015,890,895,890,890,7,1721,1531745
20 JUL 2015,890,896.9,889.9,890.1,10,757,673771.8
17 JUL 2015,890,890,890,890,48,337294,300191660
16 JUL 2015,890,890,890,890,22,16572,14749080
15 JUL 2015,890,891.1,890,890,14,22047,19621849
14 JUL 2015,895,895,890,890,19,31323,27878084
13 JUL 2015,890.5,895,890,890.3,7,700,623232.7
10 JUL 2015,890,890.1,890,890,23,21662,19279183
9 JUL 2015,895,895,890,890,5,654,582085.1
8 JUL 2015,890.1,895,890,890.1,29,55208,49235752.5
7 JUL 2015,891,899.9,890,890,14,630,560763.7
6 JUL 2015,895,896,890,895,23,3067,2734681
3 JUL 2015,900,900,895,899.7,8,232,208740.1
2 JUL 2015,900,900,881,890,41,44273,39403422.6
30 JUN 2015,902.1,902.1,896.5,900.4,26,2318,2087051
29 JUN 2015,902,910,902,901.1,4,23,20922
26 JUN 2015,904.1,919,900,901.1,35,12339,11106036.9
25 JUN 2015,919.9,920,905,910.1,14,78,70969.7
24 JUN 2015,920,920,910,910.1,10,958,874806
23 JUN 2015,915,925,910,900.5,5,41,37765
22 JUN 2015,907,925,907,900.5,5,55,50830
19 JUN 2015,901.5,912,900,900.5,28,1027,924853.9
18 JUN 2015,929.9,930,905,910.8,9,58,52637.8
17 JUN 2015,908,930.1,900.2,910.8,42,5173,4733437.5
16 JUN 2015,918,918,907,908.9,21,1362,1244318.9
15 JUN 2015,920,920,915,915,10,1417,1301911.3
12 JUN 2015,920,920,910,910,27,5441,4952452.8
11 JUN 2015,940,949.9,919.9,919.9,26,43862,40372257.2
10 JUN 2015,922,940,910,924,36,3734,3436955.3
9 JUN 2015,940.2,940.2,924,925,35,629,583783.6
8 JUN 2015,958,958,950,950.1,19,108,102635.5
5 JUN 2015,970,970,955,956.7,16,203,195700.6
3 JUN 2015,980,980,960,974.7,18,607,587608.4
1 JUN 2015,1000,1000,950.1,979.7,8,53,50464.7
29 MAY 2015,991,991,950,960.2,35,2573,2510800.8
28 MAY 2015,990.4,1000,990,993,16,5873,5828473.7
27 MAY 2015,994.1,1000,990,992.3,35,13001,12916943.6
25 MAY 2015,996,996,993,993,8,791,785488
22 MAY 2015,1000,1000,999,999.5,3,11,10999
20 MAY 2015,1000.1,1005,1000,1000,28,12798,12798101.5
19 MAY 2015,1009,1009,1000.1,1000.9,7,135,135769.5
18 MAY 2015,1009.9,1009.9,1000,1009.8,12,210,211922.8
15 MAY 2015,1010,1010,1005,1010,4,53009,53500900
14 MAY 2015,1012,1012,1011.9,1011.9,2,65,65775
13 MAY 2015,1010,1012,1009,1009,7,8534,8611343
12 MAY 2015,1009,1009,1003,1009,28,26300,26535877.5
11 MAY 2015,1010,1010,1008.9,1009.9,10,24097,24335984.7
8 MAY 2015,1010,1010,1001.5,1010,5,4028,4068084.5
7 MAY 2015,1005.1,1009,1005,1009,6,362,363858.2
6 MAY 2015,1020,1020,1005,1005,5,265,266341
5 MAY 2015,1001.2,1020,1001.2,1010,13,13166,13298011.5
30 APR 2015,1012,1012,1003,1003,19,1017,1021904
29 APR 2015,1020,1020,1020,1020,1,1,1020
24 APR 2015,1049.4,1049.4,1049.4,1049.4,1,1,1049.4
22 APR 2015,1002,1050,1002,1049.4,6,201,201545.4
21 APR 2015,1008,1050,1000.1,1050,18,19580,20525650.8
20 APR 2015,1014,1014,1005,1014,3,5,5043
17 APR 2015,1015,1015,1000,1001.3,3,12,12029
16 APR 2015,1000,1014,1000,1014,3,35,35140
15 APR 2015,1010,1010,1000,1000.1,15,2195,2195170
10 APR 2015,1000.1,1000.2,1000,1000.1,9,606,606041.2
9 APR 2015,1000.2,1000.2,1000.2,1000.2,1,1,1000.2
8 APR 2015,1010,1010,1010,1010,2,2,2020
7 APR 2015,1005.1,1005.1,1000,1000.2,3,100,100021.4
2 APR 2015,1025,1030,1025,1025.1,13,9102,9330355
1 APR 2015,1020,1025,1020,1025,5,101506,103536150
31 MAR 2015,1009.1,1009.1,999,999.5,18,1006,1005966.4
30 MAR 2015,1015,1020,1005,1009.1,12,8949,9052908
27 MAR 2015,1030,1040,1030,1030.1,13,3756,3869040
26 MAR 2015,1030,1035,1030,1033.9,23,1501,1546648.1
25 MAR 2015,1011,1011,1011,1011,1,2,2022
24 MAR 2015,1030,1035,1030,1035,8,1204,1240150
23 MAR 2015,1028.3,1031,1028.3,1030,6,390,401662
20 MAR 2015,1010,1030,1010,1028.3,5,87,87924.9
19 MAR 2015,999,1000,999,1000,10,1217,1215983
18 MAR 2015,1009.9,1010,1000,1000,25,11752,11819739.2
17 MAR 2015,1000,1010,1000,1010,7,4739,4760910
16 MAR 2015,1003,1005,1000,1004.6,24,4758,4765552.6
13 MAR 2015,1010,1010,1009,1009,7,85,85815
12 MAR 2015,1020.1,1020.1,1000,1006,43,991,1002660.3
11 MAR 2015,1025.1,1025.1,1020,1021.5,5,50,51075.5
10 MAR 2015,1070,1070,1030,1030,15,133,137674
9 MAR 2015,1055,1070,1045,1049.4,14,6160,6468220
6 MAR 2015,1060.2,1080,1060.2,1070,4,107,113560
3 MAR 2015,1080,1090,1080,1084.8,17,4878,5312064.1
2 MAR 2015,1050,1089,1050,1080,13,634,666047.9
27 FEB 2015,1079.9,1120,1079,1091.2,8,685,739229.9
26 FEB 2015,1040,1080,1040,1079.6,20,14993,16153537.3
25 FEB 2015,1035,1040,1032,1040,7,4584,4767002
24 FEB 2015,1040,1040,1030,1033.6,3,55,56850
23 FEB 2015,1040,1069.5,1040,1050,23,8996,9413902.5
20 FEB 2015,1020.2,1020.2,1020.2,1020.2,1,5,5101
19 FEB 2015,1030,1030,1020,1025.4,27,9258,9506719
18 FEB 2015,1040,1040,1020,1021.6,7,73,74818.3
16 FEB 2015,1050,1050,1049.9,1050,7,1698,1782893.4
13 FEB 2015,1083,1083,1050,1050,10,603,633217.1
12 FEB 2015,1050,1051,1050,1051,3,201,211250
10 FEB 2015,1080,1089,1079.9,1081.3,21,6877,7427557.6
9 FEB 2015,1025,1025,1020,1020.1,9,1609,1641421
6 FEB 2015,1015.3,1049.9,1015.1,1020,12,2302,2341720.1
5 FEB 2015,1020.5,1020.5,1010.2,1015.1,20,2134,2164185
2 FEB 2015,1015,1050,1010,1010.2,10,571,577100.5
30 JAN 2015,1050,1075,1000,1072,22,20445,21863160
29 JAN 2015,1105,1119,1100,1100,13,1289,1418996
28 JAN 2015,1100,1105,1100,1101.1,5,855,940685
27 JAN 2015,1120,1120,1100,1100,5,1256,1381680
26 JAN 2015,1080,1124,1070,1100.1,23,3224,3513413
23 JAN 2015,1097,1097,1089,1096.8,7,679,744719.5
22 JAN 2015,1077.6,1099.7,1077.6,1099.7,4,964,1038828.5
20 JAN 2015,1089,1099.7,1065,1077.6,19,403,436575.3
19 JAN 2015,1099.9,1110,1065,1065,19,975,1050530.6
16 JAN 2015,1021,1099,1021,1066.5,22,2287,2439662.5
13 JAN 2015,1089.5,1105,1089.5,1100,21,15246,16770522.6
12 JAN 2015,1078.9,1090,1078.9,1089.5,29,9927,10771917.2
9 JAN 2015,1051,1080,1051,1065,15,444,474140.8
8 JAN 2015,1070,1070,1050,1050.2,6,1211,1271836
7 JAN 2015,1050,1070,1050,1070,2,1025,1076750
6 JAN 2015,1052,1068,1050,1068,7,1031,1082632
2 JAN 2015,1069.9,1070,1060,1060.2,10,2017,2138709.5
31 DEC 2014,1040,1069.9,1040,1060.1,7,1194,1252979.5
30 DEC 2014,1046,1070,1046,1061.7,23,23324,24634249
29 DEC 2014,1068.5,1068.5,1068,1068.3,2,2,2136.5
26 DEC 2014,1050,1080,1050,1052.4,6,162,170249.8
24 DEC 2014,1086,1086,1015,1015.2,11,1507,1530044
23 DEC 2014,1015,1090,1015,1015,20,53331,54131486.5
22 DEC 2014,1015.1,1015.1,1010,1015,27,20629,20936806.4
19 DEC 2014,1020,1025,1018,1019.6,8,1813,1848260
18 DEC 2014,1030,1030,1015,1015,11,341,347815
17 DEC 2014,1015,1015,1014.5,1014.8,4,2939,2983084
16 DEC 2014,1016.5,1016.5,1015,1015,17,33699,34204707
15 DEC 2014,1020,1020,1017,1019.7,12,1200,1223466
12 DEC 2014,1020,1025,1020,1020.7,15,221,225792.5
11 DEC 2014,1025,1030,1012.5,1021.4,29,1855,1893582
10 DEC 2014,1025,1025,1024,1025,12,575,589260
9 DEC 2014,1060,1060,1024.1,1025.3,19,292,301576.7
8 DEC 2014,1050,1060,1050,1060,3,15,15850
5 DEC 2014,1050,1050,1050,1050,4,140,147000
4 DEC 2014,1065,1065,1059.1,1061,11,55,58391.9
3 DEC 2014,1079,1079,1066,1066,6,10314,11087545
2 DEC 2014,1079,1079,1043,1075.7,3,12,12912
1 DEC 2014,1090,1090,1080,1080.5,5,250,270125
28 NOV 2014,1070,1095,1070,1091,11,522,568112.9
27 NOV 2014,1060,1093,1060,1090,6,114,124053
26 NOV 2014,1060.1,1099.7,1060,1095.2,6,169,183992.9
25 NOV 2014,1080,1100,1050,1076.2,27,3913,4226814
24 NOV 2014,1081.5,1100,1080,1095.5,9,167,180592.8
21 NOV 2014,1100,1100,1081.2,1100,7,128,139296
20 NOV 2014,1130.1,1140,1100,1101,14,8836,9728592.4
19 NOV 2014,1148.9,1148.9,1131,1131,3,105,120616.6
18 NOV 2014,1150,1150,1149,1149,8,31146,35817755
17 NOV 2014,1040,1150,1040,1145,8,218,249402
14 NOV 2014,1150,1150,1142.5,1143,12,285,325768.5
13 NOV 2014,1150,1150,1145,1145.9,12,556,637755.4
12 NOV 2014,1150,1150,1149,1149.8,8,594,683055
11 NOV 2014,1155,1155,1150,1150,4,292,335810
10 NOV 2014,1155,1159,1150,1150,41,5867,6770677.3
7 NOV 2014,1140,1150,1140,1150,9,3270,3760025
5 NOV 2014,1137.1,1137.1,1129,1130.2,21,2036,2301894.8
4 NOV 2014,1142.5,1142.5,1137,1137,12,138,157337.5
3 NOV 2014,1140,1140.1,1140,1140,9,173,197222.5
31 OCT 2014,1141,1150,1140,1140,9,271,309429
30 OCT 2014,1145,1145,1141.2,1141.2,6,241,275124.2
29 OCT 2014,1149,1150,1141,1141,3,171,196541
28 OCT 2014,1149,1150,1149,1150,12,45993,52891929.1
27 OCT 2014,1137,1137.1,1135,1137.1,6,649,737693
24 OCT 2014,1140,1149.9,1140,1140,4,201,229149.9
20 OCT 2014,1154,1155,1154,1154,11,3734,4311669
17 OCT 2014,1160,1160,1151,1153.1,2,13,14990
16 OCT 2014,1147,1160,1147,1160,7,3361,3864625.9
15 OCT 2014,1135,1147,1135,1145.1,10,138,157472
14 OCT 2014,1140,1145,1135,1136.3,8,358,407380
13 OCT 2014,1147,1147,1129.6,1147,11,224,253137.3
10 OCT 2014,1155,1155,1116.6,1124.9,25,1030,1167400
9 OCT 2014,1150.2,1150.2,1150,1150.1,17,599,688907.8
7 OCT 2014,1155,1160,1155,1160,10,119131,137794303
3 OCT 2014,1165,1165,1150,1158.5,19,23575,27344616.2
2 OCT 2014,1155,1160,1150,1155.7,13,5243,6051565
1 OCT 2014,1150.7,1150.7,1150,1150.3,9,200,230052.9
30 SEP 2014,1150,1155,1150,1155,3,11,12700
29 SEP 2014,0,0,N/A,0,1,23500,27142500
26 SEP 2014,1160,1160,1150,1152.8,29,22605,26109805.7
25 SEP 2014,1159.2,1160,1155,1160,9,68451,79060966.2
24 SEP 2014,1160,1160,1159.9,1160,11,6716,7790430
23 SEP 2014,1165,1165,1155,1155,27,405,468523.1
22 SEP 2014,1165,1170,1165,1170,2,20,23305
19 SEP 2014,1170,1170,1161,1170,5,25,29213.1
18 SEP 2014,1170,1180,1170,1180,18,26636,31417400
17 SEP 2014,1170,1170,1155,1170,4,35303,40604465
16 SEP 2014,1175,1175,1170,1175,10,21024,24703149.7
15 SEP 2014,1167,1180,1167,1170,10,11072,12953325
12 SEP 2014,1180,1200,1150.1,1180,23,2137,2501504.3
11 SEP 2014,1180,1180,1180,1180,1,2000,2360000
10 SEP 2014,1180,1200,1179,1199.9,9,7910,9489659
9 SEP 2014,1198,1200,1175,1199.2,7,4116,4935879.9
5 SEP 2014,1199.9,1199.9,1150,1199.8,5,3702,4407270.8
4 SEP 2014,1140,1200,1140,1200,26,234212,281045049.1
3 SEP 2014,1180,1200,1175,1196.4,26,16022,19118913.9
2 SEP 2014,1140,1199,1140,1180,5,3107,3663044
1 SEP 2014,1181,1185,1180,1180,10,2009,2370710.1
29 AUG 2014,1192,1199,1181.1,1197.2,5,2922,3451588.6
28 AUG 2014,1185,1185,1181,1181,4,101,119291
27 AUG 2014,1199,1199,1199,1199,1,10000,11990000
26 AUG 2014,1181.1,1200,1181,1199.2,15,30330,36390858.9
25 AUG 2014,1180,1199.9,1180,1199,3,5,5938.9
22 AUG 2014,1230,1230,1200,1203.3,2,9,10830
21 AUG 2014,1240,1245,1185,1188.3,13,429,510318.5
20 AUG 2014,1200,1210,1200,1200,6,220,264100
19 AUG 2014,1200,1229,1200,1217,4,246,299390.9
18 AUG 2014,1185,1230,1151,1224.7,7,236,289609.7
15 AUG 2014,1249.9,1249.9,1184,1184.9,6,319,391642.9
14 AUG 2014,1199,1250,1140,1195.8,33,2274,2732449.8
13 AUG 2014,1200,1250,1152,1153.8,33,19472,24257011.6
12 AUG 2014,1150,1200.5,1150,1197.7,80,21773,25774908.2
11 AUG 2014,1160,1160,1150,1150,6,5627,6471199
8 AUG 2014,1153,1153,1150,1150.2,12,397,456823.8
7 AUG 2014,1150,1160,1150,1159.3,20,8475,9746912.8
6 AUG 2014,1130.1,1135,1129,1130.6,8,175,197786
5 AUG 2014,1135,1142,1135,1137.2,9,353,400842
4 AUG 2014,1130,1160,1105,1149.1,30,621,712282.9
1 AUG 2014,1101,1140,1100,1130.6,8,106,117661.1
31 JUL 2014,1140,1150,1140,1148.3,4,6,6890
30 JUL 2014,1150,1154.9,1125,1150.4,23,12394,14245163
28 JUL 2014,1100.5,1150,1100,1101.1,34,11401,13071240
25 JUL 2014,1129,1130,1129,1129.5,3,250,282384
24 JUL 2014,1100,1129.5,1100,1129.5,6,197,216788
23 JUL 2014,1110,1110,1100,1100.2,3,305,335550
22 JUL 2014,1057,1100,1040,1100,10,560,590493
21 JUL 2014,1115,1125,1100,1102.4,14,1161,1283232.1
18 JUL 2014,1115,1115,1112,1112,2,6,6687
17 JUL 2014,1100,1115,1100,1102.5,13,2949,3243930
16 JUL 2014,1110,1110,1100,1100,7,2273,2521930.5
15 JUL 2014,1100,1130,1100,1102.3,9,543,598560.9
14 JUL 2014,1100,1130,1100,1107.3,21,3330,3710307
11 JUL 2014,1100,1110,1100,1101.7,8,94,103600
10 JUL 2014,1100,1110,1100,1100,25,3740,4114120
9 JUL 2014,1100,1113,1050,1066.7,23,14391,15451218.4
8 JUL 2014,1099.9,1100,1099.9,1100,4,1308,1438799.5
7 JUL 2014,1099.9,1120,1099.9,1105,10,1857,2042743.9
4 JUL 2014,1100,1100,1100,1100,1,1,1100
3 JUL 2014,1099,1102,1052.2,1100,56,46509,51136879.5
2 JUL 2014,1050,1080,1050,1076.3,21,3066,3301542
1 JUL 2014,1070,1070,1006,1053.3,29,2564,2696427.5
30 JUN 2014,1045,1065,1044.9,1063.9,34,20485,21684448.4
27 JUN 2014,1000,1050,1000,1049.8,25,10951,11025940.6
26 JUN 2014,1000,1000,999,999,5,287,286930
25 JUN 2014,995,1000,995,1000,6,235,234963.5
24 JUN 2014,986,1000,985.9,999.9,24,27315,27307352.6
23 JUN 2014,995,995,995,995,4,77,76615
20 JUN 2014,989.9,995.2,981.1,989.5,14,2074,2052859.7
19 JUN 2014,995.2,995.2,960,990,27,232,228134
18 JUN 2014,999.8,999.8,995,995,4,11,10950.8
17 JUN 2014,999.9,999.9,995,995.6,19,2165,2159600.2
16 JUN 2014,999.9,999.9,995,998.5,19,551,549919.8
13 JUN 2014,1000,1000,995,995.1,39,553,550327.3
11 JUN 2014,1000,1000,995,1000,27,1864,1862610
10 JUN 2014,1017,1017,992,1000,111,5524,5524025.5
9 JUN 2014,1029.5,1040,1015.1,1017,41,516,527395.3
6 JUN 2014,1030.2,1050,1026,1029.5,47,1267,1305205.9
5 JUN 2014,1053,1053,1035,1050,19,182,190347.5
4 JUN 2014,1055,1055,1055,1055,2,23,24265
3 JUN 2014,1050,1055,1050,1055,10,2739,2875965
2 JUN 2014,1060,1060,1040.1,1055,27,4091,4324445
30 MAY 2014,1068.9,1068.9,1035.2,1058.7,48,22571,23921008.3
29 MAY 2014,1070,1070,1053,1065,19,45265,48205791.3
28 MAY 2014,1070,1070,1065,1065,3,116,123610
27 MAY 2014,1079,1079,1070,1070,4,329,353930
26 MAY 2014,1075,1079.9,1062,1062,8,470,504841.4
23 MAY 2014,1080,1083,1061,1061.9,15,25647,27700473.4
22 MAY 2014,1085,1085,1080,1082,7,318,343496
21 MAY 2014,1072,1088,1065,1083.7,15,1657,1795596.4
20 MAY 2014,1088,1090,1070,1088,19,5275,5726099.5
19 MAY 2014,1088,1088,1088,1088,1,1,1088
16 MAY 2014,1090,1090,1089.5,1089.5,2,4,4359
13 MAY 2014,1080,1082,1070,1071.8,6,111,119132.5
12 MAY 2014,1101,1101,1070,1080,16,64564,69735151.5
9 MAY 2014,1090,1090,1090,1090,8,286,311740
8 MAY 2014,1099.9,1100,1099.9,1100,8,3338,3671786.2
7 MAY 2014,1075,1099.9,1070,1099.4,14,830,897386.4
6 MAY 2014,1085,1085,1075,1083,4,10,10840
5 MAY 2014,1083,1100,1070.2,1099.9,7,38,41277
2 MAY 2014,1115,1119.9,1110,1110,6,5925,6577917
30 APR 2014,1065,1100,1064.2,1099.2,68,53336,57491704
29 APR 2014,1065,1099.9,1065,1065.3,6,290,312390
28 APR 2014,1100,1100,1065,1065,11,461,495235
25 APR 2014,1100,1100,1065.5,1065.5,6,312,341475
24 APR 2014,1117,1120,1061.2,1100,34,14332,15768891
23 APR 2014,1100,1119,1100,1105.2,15,1975,2177470.9
22 APR 2014,1120,1130,1100,1118.2,14,1425,1574782
21 APR 2014,1060.3,1100.1,1060.3,1097.8,37,6685,7339902
17 APR 2014,1050,1099.9,1050,1089.9,18,577,619779.9
16 APR 2014,1050,1055,1050,1050,131,24988,26238191.8
11 APR 2014,1089,1089,1049.1,1050,14,41459,43535858.2
10 APR 2014,1050,1050.1,1050,1050,11,942,989110
9 APR 2014,1074.8,1074.8,1050,1051,9,216,227722.1
8 APR 2014,1047.2,1074.9,1047.2,1074.9,3,112,117618.8
7 APR 2014,1050,1074.9,1050,1074.9,3,8,8449.8
4 APR 2014,1075,1075,1075,1075,2,200,215000
3 APR 2014,1080,1089,1046,1049.1,41,7529,7912848.9
2 APR 2014,1067.1,1067.1,1067.1,1067.1,1,1,1067.1
1 APR 2014,1055,1090,1050,1075,13,469,504232.4
31 MAR 2014,1084.9,1088,1050,1056,10,336,363121.5
28 MAR 2014,1088,1088,1029,1053.3,12,119,125856.4
27 MAR 2014,1095,1095,1083,1085,22,3968,4305466.1
26 MAR 2014,1083,1083,1083,1083,3,108010,116650830
25 MAR 2014,1098,1099.8,1080,1097.9,13,673,739148.3
24 MAR 2014,1100,1100,1021,1031.9,35,1586,1638945.7
21 MAR 2014,1100,1100,1090,1092.1,6,15,16417
20 MAR 2014,1100,1100,1093,1099.9,7,155,170492.9
19 MAR 2014,1119.9,1119.9,1090,1100,19,648,711875.8
18 MAR 2014,1120,1120,1120,1120,2,27,30240
17 MAR 2014,1120,1120,1120,1120,1,1,1120
14 MAR 2014,1115.1,1115.1,1095,1099.9,21,778,857015.7
13 MAR 2014,1115,1115,1111.1,1111.3,9,362,403055.8
12 MAR 2014,1140,1140,1140,1140,2,20,22800
11 MAR 2014,1150,1150,1140,1141,7,50,57319.8
10 MAR 2014,1122.2,1122.2,1120,1120,13,18645,20882850.5
7 MAR 2014,1120,1199.8,1120,1122.3,25,2501,2806780.6
6 MAR 2014,1120,1120,1090,1120,8,312,342440
5 MAR 2014,1081,1120,1081,1120,22,14083,15376983.7
4 MAR 2014,1090,1110,1085,1105.8,19,660,719590
3 MAR 2014,1099.9,1099.9,1089,1089.2,7,10581,11526319
28 FEB 2014,1093,1100,1080,1089.4,34,3750,4085018
26 FEB 2014,1089,1100,1089,1098.4,7,520,571142
25 FEB 2014,1110.1,1111,1090,1090.7,22,4436,4838019.7
24 FEB 2014,1151.1,1151.1,1115,1119.6,47,2243,2547778.8
21 FEB 2014,1175,1175,1152,1157.6,31,2096,2424124.9
20 FEB 2014,1176.2,1177,1155,1169.8,27,1184,1385846.1
19 FEB 2014,1175,1210,1175,1198.8,17,748,885730.8
18 FEB 2014,1220,1220,1201,1209.7,15,462,558942
17 FEB 2014,1240,1250,1240,1240,6,259,321170
13 FEB 2014,1250,1265,1245,1250,26,13137,16423518.5
12 FEB 2014,1240.1,1240.1,1240,1240,11,138,171123.4
11 FEB 2014,1247,1265,1235,1260.4,80,14527,18217705.2
10 FEB 2014,1265,1265,1247,1247,12,391,490210
7 FEB 2014,1235,1260,1235,1252.4,11,144,180790.4
6 FEB 2014,1280,1280,1265,1265,15,660,837610.1
5 FEB 2014,1283.6,1283.6,1276,1276.2,20,941,1206730.4
3 FEB 2014,1289,1289,1283.6,1283.6,7,342,439411
31 JAN 2014,1323,1323,1281,1287.9,30,23193,30148697.5
30 JAN 2014,1325,1325,1299.9,1300,29,38732,50353962.7
29 JAN 2014,1348,1348,1325,1325.6,11,434,579240
28 JAN 2014,1348,1348,1300,1301,15,81456,105917369
27 JAN 2014,1300,1349,1300,1340.2,45,35171,45736812.5
24 JAN 2014,1201,1300,1201,1251.3,32,14353,17947211.9
23 JAN 2014,1230,1230,1230,1230,3,27004,33079920
22 JAN 2014,1220,1230,1202,1226,19,10125,12303419
21 JAN 2014,1200.6,1210,1200,1202,8,316,379483
20 JAN 2014,1224.5,1225,1200.6,1203.7,6,444,539107
17 JAN 2014,1220.3,1220.3,1201,1201.6,4,75,91311.4
16 JAN 2014,1230,1230,1201,1220.3,5,1014,1243201
13 JAN 2014,1190,1230,1190,1226.3,27,4773,5766292.5
10 JAN 2014,1190,1190,1190,1190,1,30,35700
9 JAN 2014,1190,1230,1181,1219.5,97,11482,14001881.5
8 JAN 2014,1198,1210,1175,1206.3,34,1352,1626357
7 JAN 2014,1187.8,1200,1180,1198.2,49,1860,2220093.5
6 JAN 2014,1188,1189.9,1168,1186.3,24,839,994606.9
3 JAN 2014,1188,1194.9,1188,1188.2,27,824,979099
2 JAN 2014,1188.8,1198.9,1188,1188,34,3239,3848888.5
31 DEC 2013,1190,1190,1161,1184.4,6,204,241628.8
30 DEC 2013,1149,1184,1149,1180.4,49,7172,8442593
27 DEC 2013,1150,1150,1127.1,1128.6,18,95,107166.7
26 DEC 2013,1150,1150,1126,1142,8,215,246963.9
24 DEC 2013,1125.2,1130,1125.1,1126.2,14,3935,4429077.6
23 DEC 2013,1130,1150,1125,1128,12,160,182645
20 DEC 2013,1131,1149.9,1131,1144,7,31,35483.9
19 DEC 2013,1140,1159,1129,1140.8,34,5341,6137119.9
18 DEC 2013,1123,1123,1123,1123,1,1,1123
17 DEC 2013,1150,1150,1150,1150,1,100,115000
13 DEC 2013,1172,1172,1120,1136.7,4,5,5754
12 DEC 2013,1148.9,1150,1120,1149,17,2757,3167762.3
11 DEC 2013,1100,1140,1100,1139.5,46,2605,2940080.9
10 DEC 2013,1101.1,1125,1095.1,1106.3,26,730,806248.3
9 DEC 2013,1100.1,1130,1100,1129.9,13,5225,5876481
6 DEC 2013,1123,1140,1100,1107.4,17,647,722308.5
5 DEC 2013,1080.3,1120,1080.2,1116.5,41,8930,9960277.1
4 DEC 2013,1115,1115,1115,1115,2,150,167250
3 DEC 2013,1110,1149,1100,1104.1,37,51801,58004332.3
2 DEC 2013,1097.5,1105,1089.8,1100,64,16657,18318169.4
29 NOV 2013,1070,1099,1050,1050,12,2851,2994574.1
28 NOV 2013,1030.1,1060,1030,1057.1,37,2980,3115945
27 NOV 2013,1030,1030.1,1030,1030,16,370,381105.1
25 NOV 2013,1050,1060,1050,1056.2,46,6321,6648481.1
22 NOV 2013,1030,1057,1025,1038,49,7835,8218164
21 NOV 2013,1030.1,1064,1030,1030.6,31,542,558610.2
20 NOV 2013,1041.1,1070,1040,1058.1,12,40,41888.1
19 NOV 2013,1065,1065,1055,1060,51,6212,6588345.1
18 NOV 2013,1060,1074.9,1050,1069.5,27,8837,9444667
15 NOV 2013,1055,1058,1055,1055,18,3565,3761219
14 NOV 2013,1050,1055,1049.9,1050,19,2457,2579769.6
13 NOV 2013,1063.5,1063.5,1050,1050,27,4302,4520800
12 NOV 2013,1090,1090,1060,1063.1,13,836,891477
11 NOV 2013,1090,1090,1090,1090,1,50,54500
8 NOV 2013,1063.1,1109,1056,1061.3,33,1098,1167085.1
7 NOV 2013,1105,1105,1055,1059.9,28,212784,235223303.3
6 NOV 2013,1107,1107,1105,1105.7,5,8,8847.7
5 NOV 2013,1106,1107,1106,1107,7,337,372724
1 NOV 2013,1125,1125,1112,1120.1,2,8,8961
31 OCT 2013,1123,1123,1120,1121.9,24,4868,5462213
30 OCT 2013,1120,1130,1120,1125,26,1173,1319385
29 OCT 2013,1061,1108,1061,1108,4,223,242384
28 OCT 2013,1113,1113.1,1112,1112.3,6,363,403748
25 OCT 2013,1115,1115,1112.2,1113.1,5,300,333940
24 OCT 2013,1120.4,1120.4,1120,1120.2,7,36,40325.5
23 OCT 2013,1125.1,1130,1120.3,1125.1,10,1182,1331078.4
22 OCT 2013,1130,1145,1125,1125.1,21,1233,1387992
21 OCT 2013,1150,1150,1145,1148,9,499,572909
17 OCT 2013,1155,1155,1125,1150,8,1540,1770847
15 OCT 2013,1145,1146.1,1125.1,1129.5,11,20,22721.5
14 OCT 2013,1199,1199,1160,1163.9,15,625,728110.9
11 OCT 2013,1180,1199,1180,1180.9,38,2349,2798743.4
10 OCT 2013,1160,1190,1150.3,1180.4,58,3420,4019290.9
9 OCT 2013,1139.9,1159.9,1138,1147.6,41,34356,39493854
8 OCT 2013,1099,1149.9,1099,1115.2,46,39402,43386927.3
7 OCT 2013,1057,1090,1057,1075.5,27,1151,1232539.5
4 OCT 2013,1050,1055,1040,1054,22,2902,3049586.2
3 OCT 2013,1040,1040,1025,1040,19,2250,2338137.5
2 OCT 2013,1039.5,1039.5,1035,1036,4,65,67342.5
1 OCT 2013,1055,1055,1045,1045,8,587,616985
30 SEP 2013,1045,1057.5,1030,1050,24,1511,1585947.7
27 SEP 2013,1050,1050,1043.1,1049.7,3,126,132293.1
26 SEP 2013,1038,1055,1030,1040.6,203,18420,19297103.5
25 SEP 2013,1048,1048,1035,1041,29,1690,1754635
24 SEP 2013,1060,1069,1040.5,1047.3,28,1518,1591767.1
23 SEP 2013,1066.7,1085,1040.2,1041.4,42,2108,2253189.8
20 SEP 2013,1074.8,1075,1051,1066.7,33,5621,5988140.9
18 SEP 2013,1058,1085,1045,1046.8,30,1011,1064256.9
17 SEP 2013,1085,1085,1058,1079.2,4,51,55183
16 SEP 2013,1120,1120,1050,1085,37,1667,1769634.9
13 SEP 2013,1125,1140,1120,1120.1,26,1837,2065219.2
12 SEP 2013,1120,1125,1120,1125,6,76,85455
11 SEP 2013,1084.5,1147.5,1084.5,1140,24,682,765684.3
10 SEP 2013,1095,1095,1050,1050,25,624,661455.5
9 SEP 2013,1090,1100,1017,1030.3,20,237,252518.5
6 SEP 2013,1190,1190,1090,1116.6,37,1489,1676625
5 SEP 2013,1150.1,1192,1150,1160.6,4,682,788530.5
4 SEP 2013,1195,1195,1190,1194.4,7,1010,1206590
3 SEP 2013,1150,1199,1124.3,1167.5,19,2506,2884215.9
2 SEP 2013,1170,1170,1150,1150.9,10,1030,1185807.7
30 AUG 2013,1200,1200,1170,1170,13,565,664271.3
29 AUG 2013,1190,1202,1190,1200,8,520,623994
28 AUG 2013,1195.1,1202,1115,1169.1,34,492,573340.2
27 AUG 2013,1140,1250,1110,1207.5,51,1566,1863796
26 AUG 2013,1108.2,1199.8,1100,1108,38,3154,3478601.6
23 AUG 2013,1241,1241,1100,1108.2,40,6108,6880519.5
22 AUG 2013,1290,1300,1250,1268.5,20,348,442202
21 AUG 2013,1369.9,1369.9,1290,1290,30,907,1204832.5
19 AUG 2013,1385,1385,1350.5,1359.4,42,6151,8403653.4
16 AUG 2013,1399.9,1400,1351,1365.3,36,561,773625.4
15 AUG 2013,1290,1400.5,1270,1383.4,167,37847,51955772.5
14 AUG 2013,1195,1290,1195,1271.5,51,15586,19273786.9
13 AUG 2013,1200,1201,1200,1200.1,28,11312,13581213.9
12 AUG 2013,1200,1210,1200,1200,15,993,1192119.9
8 AUG 2013,1205,1205,1200,1201,47,17093,20518676.1
7 AUG 2013,1212.1,1212.1,1200.1,1200.3,12,4051,4872280.9
6 AUG 2013,1215,1215,1200,1200,24,8942,10731251
5 AUG 2013,1210,1215,1200,1200,60,29423,35339257.5
2 AUG 2013,1230,1230,1195.1,1200,44,2872,3465172.5
1 AUG 2013,1098.9,1240,1090,1200.8,70,8225,9349343.4
31 JUL 2013,1065,1080,1060.1,1070.1,17,4365,4670996.6
30 JUL 2013,1040,1090,1040,1064.5,29,3958,4174318
29 JUL 2013,985,1059,985,1044.3,32,135840,148916160.4
26 JUL 2013,986,998,978,980.1,14,2767,2736653.4
25 JUL 2013,985.5,985.5,985,985.1,10,2300,2265850
23 JUL 2013,999.9,1002,999.9,1002,19,10516,10523833.5
19 JUL 2013,985,1000,985,999.5,10,8683,8678966.8
18 JUL 2013,950,999,950,999,2,2,1949
17 JUL 2013,990,1000,990,990.2,2,41,40600
16 JUL 2013,990,1005.1,980,1000,28,23100,23092009.7
15 JUL 2013,1000,1000,1000,1000,3,1919,1919000
12 JUL 2013,990,1000,990,1000,22,2253,2252811
11 JUL 2013,995,999,995,997.3,20,10368,10327020
10 JUL 2013,990,996,990,996,11,2480,2466610
9 JUL 2013,986,996,986,994.9,6,4160,4137780
8 JUL 2013,986,999,986,990,12,229,226627
5 JUL 2013,981,1000,981,999.4,26,4145,4142345.4
4 JUL 2013,981,1000,981,995.7,4,11,10912.9
3 JUL 2013,981.1,1014,981,999.5,26,3456,3447510.5
2 JUL 2013,982.5,998,981,985.5,6,53,52079.4
1 JUL 2013,998,998,998,998,1,180,179640
28 JUN 2013,990,1000,990,994.9,23,13325,13257333.5
27 JUN 2013,981,993.5,981,989.5,11,81287,81265151.5
26 JUN 2013,990,990,979.5,979.8,8,785,769204.1
25 JUN 2013,990,998,975,977.3,16,763,754357.9
24 JUN 2013,1000,1000,997.9,1000,32,6035,6030159.5
21 JUN 2013,991,1008,975,1004.9,9,24,24049.1
20 JUN 2013,1005,1019,1002,1007,17,811,817056.9
19 JUN 2013,1005,1015,1000,1008.8,45,3216,3238157.9
18 JUN 2013,992,1010,990,1002.2,85,64958,64952013.3
17 JUN 2013,954,994,940,990,74,49707,49350478.7
14 JUN 2013,979.9,979.9,979.8,979.8,2,6,5878.9
13 JUN 2013,985,985,940,952.2,36,1230,1170161.5
12 JUN 2013,972,984,953,976,7,202,195149
11 JUN 2013,970,989,970,972,11,1729,1677498
10 JUN 2013,940,990,940,985,22,27347,26796971.7
7 JUN 2013,950,980,920,955.6,18,35092,34359701.2
6 JUN 2013,982,982,960,975,15,55027,54912835.3
5 JUN 2013,981.5,1000,981,999.6,39,53487,53479683
4 JUN 2013,1000,1000,981,999.9,29,9556,9554578.4
3 JUN 2013,985.4,1000,980.1,1000,65,75509,75490302.3
31 MAY 2013,975,1000,975,985.4,41,20893,20553278.4
30 MAY 2013,975,980,961,978.9,35,17489,17055177.5
29 MAY 2013,974.9,975,950,974.9,49,33978,33121425.1
28 MAY 2013,960,979,937.1,972.1,64,13814,13431016.8
27 MAY 2013,940,980,926.6,960,18,1766,1692704.2
23 MAY 2013,900,990,900,951.5,64,16072,14996940.5
22 MAY 2013,899.8,912,895,909.9,69,14192,12835829
21 MAY 2013,886,899.8,886,899.2,33,3275,2926962.3
20 MAY 2013,873.9,885,870,884.9,30,3391,2974343.2
17 MAY 2013,845,873,845,869.8,46,2313,1989109.8
16 MAY 2013,830,845,830,845,35,7136,5962157.4
15 MAY 2013,830,835,830,830,13,2197,1823716.9
14 MAY 2013,820,833,820,828.1,7,402,332819
13 MAY 2013,832.3,832.3,820,829,54,3988,3313717.8
10 MAY 2013,827.9,830,827.9,829.5,14,2401,1990837.6
9 MAY 2013,820,828,820,826,24,3195,2631376
8 MAY 2013,827.9,827.9,821,825,26,2651,2186975.2
7 MAY 2013,823,828.7,820,825,25,11069,9091281.8
6 MAY 2013,820,824,818,821,14,431,353549.9
3 MAY 2013,805,824,805,820,20,3513,2878469
2 MAY 2013,810.1,824,800.1,804.7,16,314,253400.4
30 APR 2013,829,829,800.1,806.8,15,28549,23552834.4
29 APR 2013,808.1,834.9,800,815.1,18,4421,3537801.5
26 APR 2013,840,840,790.1,797.2,15,60,48575.8
24 APR 2013,781.1,840,781.1,838,15,1397,1149535.6
23 APR 2013,800,802,800,801.9,10,8144,6518512
22 APR 2013,800,803,800,800,12,4688,3751015
19 APR 2013,790,800,780,800,35,40102,32052237.6
18 APR 2013,780,798,780,788.3,23,50735,40579136.6
17 APR 2013,799.8,799.8,790,790.1,10,50241,40190624.5
16 APR 2013,785,793.9,785,793.9,2,201,157793.9
11 APR 2013,785,794,785,792.8,9,920,723161
10 APR 2013,784,785,784,784.3,2,144,112940
9 APR 2013,780,787,778,782.5,10,591,461758
8 APR 2013,780,794,780,787,4,4,3147.9
5 APR 2013,780,790,780,782.4,18,3281,2564085
4 APR 2013,790,795,770,785.7,15,406,318457.5
3 APR 2013,760,780,760,779.6,19,3020,2346550
2 APR 2013,770,770,760,768.3,32,5607,4274283
1 APR 2013,780,780,775,775,6,175,136225
28 MAR 2013,784,785,775,780.7,13,4379,3433231
27 MAR 2013,770,784,770,784,6,380,294350
25 MAR 2013,791,800,770,778.4,13,403,316890
22 MAR 2013,790.5,801,790,800.5,15,3209,2566404.3
21 MAR 2013,801,803,801,801,6,319,256015
20 MAR 2013,803,807.5,802,803,6,1362,1093672.5
19 MAR 2013,805,808,804,804.5,13,2273,1828875
18 MAR 2013,810,815,800,801.8,13,4644,3756653
15 MAR 2013,814,814,801.1,810,17,3648,2958062.2
14 MAR 2013,810,825,805,805,15,1141,918680
13 MAR 2013,825,830,810,810,10,1987,1613215.5
12 MAR 2013,820,830,820,821.2,42,7394,6078337.4
11 MAR 2013,797,819.9,797,812,32,3005,2425659
8 MAR 2013,790,800,780,800,32,414312,331441440
7 MAR 2013,761,790,760,789.4,21,752,589936.5
6 MAR 2013,753,770,750,770,24,7871,5914817.5
5 MAR 2013,750,755,750,751.3,35,12195,9152149.5
4 MAR 2013,750,750,740,746.2,20,1143,852850.3
1 MAR 2013,744,770,730,759.2,84,20799,15760079.8
28 FEB 2013,751,752,720,722.5,42,7646,5580271
27 FEB 2013,770,770,760,766.6,18,976,746239.7
26 FEB 2013,799,800,760,771.3,20,407,320261.5
22 FEB 2013,816.5,816.5,800,800.3,33,1420,1140211.6
21 FEB 2013,817.5,817.5,817.5,817.5,3,210,171675
20 FEB 2013,820,829.9,817.5,817.5,8,230781,189240272.4
19 FEB 2013,818,820,814,814.7,5,77,62868
18 FEB 2013,825,825,820,820.5,14,1165,956682.5
15 FEB 2013,830,830,828,828.8,9,1244,1032313.5
14 FEB 2013,835.9,835.9,822,830,6,60,50105
13 FEB 2013,835,840,835,835.9,3,415,346885
12 FEB 2013,834.9,840,820,839.4,24,14250,11951031.8
11 FEB 2013,826,835,825,835,3,1120,925300
8 FEB 2013,830,839,825.2,839,8,371,310642
7 FEB 2013,830,830,820,830,23,464,384290.1
6 FEB 2013,834.9,835,830,830.1,5,298,247845
5 FEB 2013,839,839,830,830.1,24,1041,865148.2
1 FEB 2013,825,840,825,825.2,17,1519,1253507
31 JAN 2013,854,854,840,840,7,173,146889.4
30 JAN 2013,867.9,867.9,803,855,13,156,131637.8
29 JAN 2013,865.1,875,840,840.4,59,4329,3699800.3
28 JAN 2013,878.3,880,864,877.6,40,1483,1290403.5
24 JAN 2013,876.9,888,876.9,881.3,5,197,172959.8
22 JAN 2013,876.3,899.9,876.2,876.9,6,35,30691.7
21 JAN 2013,905,905,899.8,899.8,13,757,681624.3
18 JAN 2013,915,915,861.1,903.6,27,1510,1361868.9
17 JAN 2013,900,920,900,916.2,19,1603,1453425
16 JAN 2013,875,950,875,899.4,52,63371,56944684.6
15 JAN 2013,859,875,859,874.9,22,3750,3273930
11 JAN 2013,850.9,859,840,852,10,50491,45218333.8
10 JAN 2013,850,855,841,850.9,17,7400,6271916.9
9 JAN 2013,845,859,845,849.4,18,9542,8104747.7
8 JAN 2013,835,858,829,849,15,562,468198.4
4 JAN 2013,845,859,845,859,26,2144,1831237
3 JAN 2013,830,849.5,830,840.1,15,8709,7310958.5
2 JAN 2013,830,835,820,832.2,15,1655,1374045
31 DEC 2012,820,830,819,830,15,5714,4687471
28 DEC 2012,800,820,800,819.1,10,3620,2897259.8
26 DEC 2012,800,800,800,800,3,85,68000
24 DEC 2012,796,796,773.1,777.3,10,45,35427.9
21 DEC 2012,800.1,806.2,800.1,800.1,3,21,16875.3
20 DEC 2012,795,800,790,800,22,31406,25044460
19 DEC 2012,800,800,795.3,795.3,7,7710,6132233
18 DEC 2012,800,800,800,800,2,180,144000
17 DEC 2012,795,800,795,799.9,24,17337,13857219.1
14 DEC 2012,799.9,800,781.1,795.3,26,1551,1240237.2
13 DEC 2012,760,800,760,799.9,72,130953,104511791.9
12 DEC 2012,750.1,760,750,760,54,13392,10107034.3
11 DEC 2012,750,779,750,759.7,83,6848,5228166.8
10 DEC 2012,719,750,719,749.8,49,115348,86420119.8
7 DEC 2012,710.5,711,710.5,711,11,4743,3371653.5
6 DEC 2012,705,711,705,707.2,16,28315,20086221.1
5 DEC 2012,705,705,705,705,11,2749,1938045
4 DEC 2012,705,707,704,705,9,321,226293.3
3 DEC 2012,702,710,702,705,10,5956,4199038
30 NOV 2012,708,710,708,709,6,12137,8616386
29 NOV 2012,709,709,709,709,1,1,709
28 NOV 2012,715,715,704,704,7,9832,6921739
26 NOV 2012,705,705,704,704.1,7,435,306306
23 NOV 2012,707,707,704,705.4,4,24,16930
22 NOV 2012,708,710,708,710,3,210,148880
21 NOV 2012,704.1,704.1,704,704,4,1465,1031371.9
20 NOV 2012,720,720,715,717.9,18,9409,6731671.5
19 NOV 2012,720,720,720,720,11,804,578880
16 NOV 2012,720,720,719,720,9,239,172075
15 NOV 2012,715,720,715,719.6,32,2577,1845810
14 NOV 2012,715,715,712,714.1,5,352,251365
12 NOV 2012,707.1,715,707.1,715,15,1004,711429
9 NOV 2012,707,707,707,707,1,7,4949
6 NOV 2012,707.5,707.5,707.5,707.5,1,20,14150
5 NOV 2012,704,704,700,703.3,7,1460,1023836.5
2 NOV 2012,707.2,710,706,710,5,14,9894.3
1 NOV 2012,710.5,712,710.1,711,5,9219,6554657.6
31 OCT 2012,715,715,710,710.1,6,146,103895
30 OCT 2012,710,715,706,715,5,3013,2139223
26 OCT 2012,706.3,710,706.2,707.1,3,13,9192.1
25 OCT 2012,705,710,705,709.1,13,1308,925423
24 OCT 2012,705,705,705,705,5,601,423705
23 OCT 2012,705,707,705,705,18,4061,2863084.7
22 OCT 2012,700,700,700,700,6,2323,1626100
19 OCT 2012,705,707.7,700,700,12,3930,2761837.1
18 OCT 2012,700,700.1,699,700,16,11936,8355199.4
17 OCT 2012,700,700,698,698.1,5,105,73305
16 OCT 2012,708,708.9,699,708,12,65407,46109559.9
15 OCT 2012,699,700,699,699,12,3216,2247989
12 OCT 2012,699,699.8,699,699,8,1445,1010055.9
11 OCT 2012,697.5,700,697.4,699.1,19,11658,8132393.6
10 OCT 2012,697.5,697.5,689,697.5,4,661,459347.5
9 OCT 2012,690,690,685,685,13,236,161934.9
8 OCT 2012,697.2,697.2,685,685,12,437,303985.9
5 OCT 2012,697,697,697,697,2,10,6970
4 OCT 2012,697,697,678,691.5,8,1286,885431
3 OCT 2012,696.9,697,670,675.2,18,1318,891953.2
2 OCT 2012,698,698.9,696.1,697,12,2642,1842049.7
1 OCT 2012,699,699,698,698.6,11,282,196979.3
28 SEP 2012,699,699,698,698.1,4,54,37695.8
27 SEP 2012,699.5,699.9,699.5,699.9,6,642,449333.8
26 SEP 2012,700,700,699.5,699.5,5,403,282090
25 SEP 2012,700,700,696,696.3,7,294,205402
24 SEP 2012,713,713,699,699.6,12,50198,35638849.4
21 SEP 2012,715,715,700.1,713.9,7,50033,36023580.1
20 SEP 2012,701,712,700,700.2,32,87128,61025943.1
19 SEP 2012,704,709,704,709,3,71,50234
18 SEP 2012,702,709,700,705,8,1245,876692
17 SEP 2012,710,710,701,702,21,4483,3147342.5
14 SEP 2012,700,705,700,701.4,8,1013,709764
13 SEP 2012,700,700.2,700,700,15,8925,6247507
12 SEP 2012,700,701.1,700,700.5,8,7151,5006008.9
11 SEP 2012,700,710,696.1,700,8,3141,2197558
10 SEP 2012,700,700,696.1,699.7,11,157,109884.2
7 SEP 2012,699.9,700,695.1,700,18,60051,43035470.1
6 SEP 2012,699.9,699.9,690,690.1,5,1744,1203445.5
5 SEP 2012,690,700,690,696,12,5106,3533524.7
4 SEP 2012,685.1,700,685.1,694.6,13,6541,4544682.6
3 SEP 2012,690,690,685,686.8,5,3877,2674764.8
30 AUG 2012,691,691,683,683.1,5,1212,827912
29 AUG 2012,696,696,690,691,4,4055,2798030
27 AUG 2012,690,690,675,690,15,7438,5112363
24 AUG 2012,693,693,690,690,8,219,151123
23 AUG 2012,694,694,690,690,4,138,95400
22 AUG 2012,694,694,694,694,1,1,694
21 AUG 2012,670.5,694,670.5,680,13,13262,9008174.5
20 AUG 2012,677,677,670,670.5,10,2396,1606529
17 AUG 2012,680,680,675,675,12,5000,3375411.5
16 AUG 2012,685,685,675,675,14,250,169078.7
15 AUG 2012,680,684,676,680,6,32,21800
14 AUG 2012,675.1,678,675,675.1,31,6670,4502434.2
13 AUG 2012,680,680,675,675,8,3639,2456406.6
10 AUG 2012,684.9,685,675,678.3,33,4689,3188182.9
9 AUG 2012,688.1,688.5,680,684.9,4,5,3424.7
8 AUG 2012,700,700,690,699.1,2,11,7690
7 AUG 2012,695.5,720,695.5,700.1,17,68641,48050663.9
6 AUG 2012,698.5,700,698,700,11,1638,1146510.8
3 AUG 2012,699.9,700,699,699.9,19,41949,29364172.6
2 AUG 2012,699.9,700,691,695.4,29,31481,21885095.5
31 JUL 2012,695,695,680,695,26,13643,9478099.3
30 JUL 2012,680,690,676,680,29,1979,1354407.9
27 JUL 2012,671,680,670,675,15,7069,4737100.9
26 JUL 2012,675,675,675,675,1,10,6750
25 JUL 2012,672.1,680,670,680,12,3330,2231240.7
24 JUL 2012,670,671,670,670,15,24356,16318523
20 JUL 2012,669.9,675,668,670.5,33,46339,31053563
19 JUL 2012,655,660,653.1,660,12,259,170371
18 JUL 2012,655,660,650.1,653.1,8,493,321975.8
16 JUL 2012,669,669,669,669,1,2,1338
13 JUL 2012,652.2,665,652.2,665,3,11,7199.8
12 JUL 2012,655,655,655,655,4,1341,878355
11 JUL 2012,655,655,652.5,652.9,26,4683,3066256.2
10 JUL 2012,652.6,679.9,652.5,654.5,9,106,69491
9 JUL 2012,682,682,660,661.8,5,233,154307
6 JUL 2012,660,684,660,683.2,4,19,12749
5 JUL 2012,669,695,653.1,684.9,10,265,180755.7
4 JUL 2012,652.1,670,652,670,7,291,189939
2 JUL 2012,669,669,660,660,4,440,291300
29 JUN 2012,651,670,651,669,6,247,164148
28 JUN 2012,658,670,658,658.1,8,710,470871
27 JUN 2012,658,680,658,668.6,2,937,626446
26 JUN 2012,658,660,657,658.3,13,6613,4353054
25 JUN 2012,657,657,620,650,14,18966,12428687
22 JUN 2012,655.1,657,655,657,7,11374,7468306.6
21 JUN 2012,658,658,658,658,1,1,658
20 JUN 2012,665,665,655,655.1,7,2508,1642890
19 JUN 2012,657.3,660,655,660,19,6043,3988186
18 JUN 2012,655,660,655,655.1,6,646,423685
15 JUN 2012,656,670,656,659.9,24,5235,3444928
14 JUN 2012,657,657,653.5,655.7,4,35,22983.5
13 JUN 2012,657.3,657.3,650,656.9,9,280,183832
12 JUN 2012,658,658,650,650,9,124,80882
11 JUN 2012,655,655,655,655,4,185,121175
8 JUN 2012,659,659,659,659,1,2,1318
7 JUN 2012,660,660,655,659,10,1658,1094167
6 JUN 2012,660.1,665,657,660,10,670,442219.2
5 JUN 2012,670,670,660.1,660.1,3,20,13301.2
1 JUN 2012,676,679.9,658,676,13,30783,20775425.3
31 MAY 2012,679,680,662,676.9,31,5116,3459184.9
30 MAY 2012,679,679,679,679,1,1,679
29 MAY 2012,681.9,681.9,660,679,24,4573,3056280.6
28 MAY 2012,680,685,680,681.2,5,1053,716556
25 MAY 2012,671,688,671,683.8,3,8,5470
24 MAY 2012,675,675,670,671,10,943,634425.6
23 MAY 2012,686,686,665,670,26,6862,4608469
22 MAY 2012,695,699.9,685,686.1,12,2890,2006979.6
21 MAY 2012,700,700,700,700,8,7955,5568500
18 MAY 2012,700,714,700,702.7,20,5315,3723979
17 MAY 2012,695,730,695,715,9,989,689673
16 MAY 2012,695,695,695,695,1,48,33360
15 MAY 2012,691.1,698,691,694.4,12,580,402613.9
14 MAY 2012,692.6,699,692.6,699,14,8131,5660132.5
11 MAY 2012,695,695,690,692.6,12,942,650033.5
10 MAY 2012,690,695,686,690,9,20996,14486975
9 MAY 2012,691,691,685,685.5,10,557,383132
8 MAY 2012,697,699,680.1,699,25,9290,6482653.4
4 MAY 2012,689.9,690.3,689.9,690,7,7101,4899699.8
3 MAY 2012,698,700,693,699.5,26,17915,12531290.4
2 MAY 2012,690,690,690,690,4,300,207000
30 APR 2012,690,698,690,693.7,17,2017,1394051
27 APR 2012,699.9,699.9,690,690,17,1033,713064
26 APR 2012,681,700,680,696.9,49,8457,5883398.8
25 APR 2012,690,690,681,684.2,22,3589,2460006
24 APR 2012,660.2,685,660.2,682.1,7,110,72806.9
23 APR 2012,625.1,669.9,625.1,660.4,11,90,59252.2
20 APR 2012,694.9,695,650,650.4,23,3584,2407665.6
19 APR 2012,600,720,600,699.6,115,9797,6636032.9
18 APR 2012,600,650,599,605.5,21,4145,2492100
17 APR 2012,592,600,592,599.8,19,90510,54295922.1
16 APR 2012,592.1,592.1,592.1,592.1,4,236,139735.6
11 APR 2012,598,600,595,599.4,6,3368,2020446
10 APR 2012,594.2,598,594.2,597,7,15345,9168165.4
9 APR 2012,599,600,590,594.2,12,11482,6833260
5 APR 2012,590,600,590,599,26,13379,8011481.5
4 APR 2012,600,600,590,595,36,82350,49003389.3
3 APR 2012,540,600,540,585.3,48,7630,4317496.4
2 APR 2012,520,540,520,540,25,22093,11660140
30 MAR 2012,507,520,506,515.1,33,35849,18380373.3
29 MAR 2012,505,510,505,505.2,2,31,15660
28 MAR 2012,510,510,505,505,3,714,360575
27 MAR 2012,505,505.1,505,505.1,4,2041,1030805
26 MAR 2012,510,510,507.2,507.2,4,446973,216382569.3
23 MAR 2012,509.5,509.5,509.5,509.5,1,300,152850
22 MAR 2012,510,510.1,510,510,21,10053,5127070
21 MAR 2012,510,510,510,510,10,5850,2983500
20 MAR 2012,509,509,507,507.2,8,2605,1325263.8
19 MAR 2012,500,510,495,509.1,27,70976,36164277.8
16 MAR 2012,500,503,500,500.7,8,1201,600956
15 MAR 2012,497.2,497.2,497.2,497.2,2,1000,497200
14 MAR 2012,495.6,495.6,495.6,495.6,1,100,49560
13 MAR 2012,502,502,500,500,2,184,92168
12 MAR 2012,505,505,505,505,4,1705,861025
9 MAR 2012,506,506,505,505.3,2,75,37897
8 MAR 2012,505,515,505,515,6,668,338756
6 MAR 2012,510,513.4,510,511,7,2257,1151822.7
5 MAR 2012,510,515,501,513.5,20,4595,2353073.5
2 MAR 2012,510,510,500.1,509.7,25,112422,57005586
1 MAR 2012,500.5,510,500,503.9,10,1787,898910.5
29 FEB 2012,500,500,498,498.9,5,2349,1174100
28 FEB 2012,500,500,495,500,9,9526,4760371.9
27 FEB 2012,494,505,490,504.8,36,129615,65270282
24 FEB 2012,495,495,492,492,4,105,51673
23 FEB 2012,489,489,489,489,1,600,293400
22 FEB 2012,479,479,478,479,6,700,335000
21 FEB 2012,494,494,479,479,4,700,338300
17 FEB 2012,495,495,482,486,6,1500,736300
16 FEB 2012,480,497.5,480,497.5,3,1100,534250
15 FEB 2012,480,480,472,472,7,1400,662400
14 FEB 2012,489,489,472.1,472.1,5,1100,526150
13 FEB 2012,493,493,470,479.7,7,86600,42428110
9 FEB 2012,485,490,480,490,20,67500,33039550
8 FEB 2012,491,491,486,490,5,2300,1126700
6 FEB 2012,491,495,490,491.1,8,41500,20379900
2 FEB 2012,500,500,488.1,490,25,15500,7618410
1 FEB 2012,499.9,499.9,499,499,17,136000,68046050
31 JAN 2012,499.5,500,490,490.5,10,4200,2071480
30 JAN 2012,500,500,493,498.2,5,1900,946500
27 JAN 2012,487,498,487,487.3,6,4200,2046500
25 JAN 2012,485,487,485,487,6,1000,486590
24 JAN 2012,483,487,483,487,5,5100,2481700
23 JAN 2012,487,487,487,487,8,10300,5016100
20 JAN 2012,500,500,485.1,495.8,14,75600,38048100
19 JAN 2012,498,500,495,500,28,75900,37947600
18 JAN 2012,485,500,485,496.9,12,45100,22408200
17 JAN 2012,476,485,476,478.3,3,400,191300
13 JAN 2012,480,480,480,480,3,500,240000
12 JAN 2012,470,480,470,475.5,3,1200,570000
11 JAN 2012,477,480,477,479.9,15,41200,19765340
10 JAN 2012,479,480,479,479.9,3,3000,1439800
9 JAN 2012,479,480,474,474.9,14,3500,1671200
5 JAN 2012,480,480,480,480,4,1000,480000
4 JAN 2012,490,490,480,481,21,33600,16142540
3 JAN 2012,491,491,490,490,13,4100,2009200
2 JAN 2012,504,505,495,496,12,6500,3249100
30 DEC 2011,500,500,490,490.1,4,1300,638100
29 DEC 2011,490,490,489.1,490,6,1000,489910
28 DEC 2011,495,495,486,486,3,300,147600
27 DEC 2011,485,485,485,485,1,200,97000
23 DEC 2011,480,480,479.9,480,5,900,431990
22 DEC 2011,479,480,479,479.7,9,2400,1151200
21 DEC 2011,465,475,465,474,6,19800,9386000
19 DEC 2011,472.9,472.9,472.9,472.9,1,100,47290
16 DEC 2011,460,473,455,462.7,3,300,138800
15 DEC 2011,455.1,475,455.1,471.7,2,600,283010
14 DEC 2011,480,480,453,453,2,200,93300
13 DEC 2011,455,480,455,479.7,11,7200,3443000
12 DEC 2011,450,450,450,450,6,1500,675000
9 DEC 2011,449,450,449,450,5,12400,5579700
8 DEC 2011,445,449.8,441,449.2,4,1700,758600
7 DEC 2011,449,449,445,445,7,3100,1379900
6 DEC 2011,449.5,450,449.5,450,3,2000,899950
2 DEC 2011,460,460,450,450.1,4,1100,496050
1 DEC 2011,440,460,440,450,22,4500,2017800
30 NOV 2011,419,450,413,445.6,33,18000,7884990
29 NOV 2011,405.1,415,403.1,412.9,10,3800,1560410
28 NOV 2011,402,410,402,402.1,6,1200,483300
25 NOV 2011,406,410,405,409.5,6,9400,3808050
24 NOV 2011,419,419,406,406.3,7,1100,448200
23 NOV 2011,405,405.1,405,405.1,6,1300,526600
22 NOV 2011,420,420,401,418.5,7,11400,4776450
21 NOV 2011,420,425,420,420.1,13,4300,1806520
17 NOV 2011,430,435,430,430,18,22900,9851000
16 NOV 2011,435,435,419,429.4,14,15100,6547950
15 NOV 2011,435,440,435,435.2,5,107600,45107500
14 NOV 2011,417,450,417,438.7,10,4800,2101600
11 NOV 2011,410,435,410,431.5,59,29900,12815380
9 NOV 2011,400,404,400,404,9,27500,11005210
8 NOV 2011,400,401,400,400.2,10,5600,2241530
4 NOV 2011,399,405,399,400.2,12,4400,1759450
3 NOV 2011,399,400,399,399.9,10,5400,2159040
2 NOV 2011,395,410,395,398.6,13,43000,17110740
1 NOV 2011,394,394,394,394,5,4000,1576000
31 OCT 2011,394,394,394,394,2,22700,8943800
28 OCT 2011,394,394,390,390,3,7100,2797000
27 OCT 2011,394,394,394,394,5,10800,4255200
25 OCT 2011,395,395,394,394,5,17900,7070000
24 OCT 2011,394.1,394.1,394.1,394.1,3,300,118230
21 OCT 2011,394,394,394,394,1,100,39400
20 OCT 2011,394.9,394.9,394.9,394.9,1,100,39490
19 OCT 2011,393,393,389,390,10,6600,2568210
18 OCT 2011,389,394,389,394,3,400,157100
17 OCT 2011,390,390,389,389.5,7,1600,623500
13 OCT 2011,391,391,391,391,1,100,39100
12 OCT 2011,391,391,391,391,1,100,39100
10 OCT 2011,390,400,390,391,13,217800,85999600
6 OCT 2011,389,389,389,389,1,100,38900
5 OCT 2011,394.9,394.9,394.9,394.9,1,100,39490
4 OCT 2011,392,392,388,388,4,900,350000
30 SEP 2011,392,392,389,389,3,1300,506500
29 SEP 2011,391.1,391.5,391,391.5,7,1400,547740
28 SEP 2011,391,391,391,391,2,500,195500
27 SEP 2011,393,393,390,393,14,14900,5844000
26 SEP 2011,391,391,391,391,1,100,39100
23 SEP 2011,390.2,395,390,393.8,8,2200,862640
22 SEP 2011,390,390,390,390,7,2200,858000
21 SEP 2011,390,395,390,390,7,10200,4027990
20 SEP 2011,395.1,395.1,394.9,394.9,7,2500,987480
16 SEP 2011,396,400,396,398.5,3,800,318800
15 SEP 2011,394,395,393.9,395,16,11300,4459180
14 SEP 2011,394,394,394,394,3,2400,945600
13 SEP 2011,394,394,390,390,4,400,157200
12 SEP 2011,394,394,393.9,393.9,7,1400,551550
9 SEP 2011,395,395,394,394,14,16100,6346610
8 SEP 2011,395,395,395,395,4,2500,987500
7 SEP 2011,394.1,395,394.1,395,11,30700,12121550
6 SEP 2011,394,395,394,394.8,4,2400,945910
5 SEP 2011,395,395,394,394,7,8200,3231100
2 SEP 2011,393,395,393,395,25,128400,50713000
1 SEP 2011,392,392,392,392,1,300,117600
30 AUG 2011,391.5,391.5,391.5,391.5,2,600,234900
29 AUG 2011,392,392,391,391.5,2,200,78300
26 AUG 2011,395,395,388,389.8,7,2200,862800
25 AUG 2011,390.5,395,390.5,395,7,7500,2960230
24 AUG 2011,390.3,390.3,389.1,389.7,6,800,312030
23 AUG 2011,395.1,395.1,390,390.3,21,14300,5645580
22 AUG 2011,395,395,394,395,27,331000,130743030
19 AUG 2011,395,399,395,396.8,10,1200,475760
18 AUG 2011,385.1,395,385.1,395,2,700,274520
17 AUG 2011,395,396,395,395.3,16,16700,6598100
16 AUG 2011,390,395,390,393.5,5,2600,1023000
15 AUG 2011,399,399,395,395,9,2200,872520
12 AUG 2011,380,390,380,389.9,12,29000,11260620
11 AUG 2011,370,380,370,379,4,400,150800
10 AUG 2011,375,380,375,380,9,27200,10331500
8 AUG 2011,380.1,382,378,380,13,1800,684010
5 AUG 2011,385,385,385,385,6,5100,1963500
4 AUG 2011,385.1,385.1,385.1,385.1,3,600,231060
2 AUG 2011,385,385,381.5,384,12,2100,803320
1 AUG 2011,385,385,384,384.7,6,1900,731000
29 JUL 2011,373,384,373,384,13,3500,1327800
28 JUL 2011,366,366,366,366,1,100,36600
27 JUL 2011,361.3,365.1,361.3,365,5,1000,363540
26 JUL 2011,374,374,374,374,1,100,37400
22 JUL 2011,374,378.5,374,375.2,8,4300,1613100
21 JUL 2011,375,375,375,375,16,23400,8775000
20 JUL 2011,361,375,361,375,22,56600,21175400
19 JUL 2011,360.1,361,359.1,360.9,16,373500,137004230
18 JUL 2011,360,360,360,360,1,300,108000
15 JUL 2011,359,359,359,359,2,1100,394900
13 JUL 2011,360.5,360.5,360,360.1,5,4000,1440290
12 JUL 2011,360,361,359,361,13,9100,3280620
11 JUL 2011,367,367,365,366.1,7,3200,1172020
8 JUL 2011,367,367,365,366.6,2,2800,1026600
5 JUL 2011,363,379,363,369.1,8,4700,1734800
30 JUN 2011,354,354,354,354,2,300,106200
29 JUN 2011,354.1,354.1,353.5,353.5,6,7800,2761400
28 JUN 2011,354.2,354.2,354,354.1,3,700,247850
27 JUN 2011,361.1,361.1,360,360.7,11,8400,3031750
24 JUN 2011,374.5,375,361.1,361.1,23,51100,18907120
23 JUN 2011,372,377,365,365,5,1400,512900
22 JUN 2011,363.9,365,363.1,364.3,5,4800,1744120
21 JUN 2011,364,365,363.9,365,4,2900,1057870
20 JUN 2011,365,370,365,367.9,3,700,257500
17 JUN 2011,363,365.1,363,365,9,11100,4048150
16 JUN 2011,370,370,370,370,5,15100,5587000
14 JUN 2011,370,370.5,367.5,369.8,10,7700,2849050
13 JUN 2011,374,374,370,371.2,9,2400,891330
10 JUN 2011,374.9,374.9,372.5,372.8,6,800,298730
9 JUN 2011,372,372,371.6,371.8,2,400,148720
8 JUN 2011,370.2,370.2,370.2,370.2,1,200,74040
7 JUN 2011,372.5,372.5,372,372.1,3,1200,446520
6 JUN 2011,371,371,370,371,8,44600,16504210
3 JUN 2011,370.2,371.1,370,371,9,19100,7081520
2 JUN 2011,370,370,370,370,1,200,74000
1 JUN 2011,372,375,370.1,373.4,10,27700,10342160
31 MAY 2011,375,380,375,375,19,520200,195075500
30 MAY 2011,375,380,375,380,5,800,302500
27 MAY 2011,380,380,380,380,2,300,114000
26 MAY 2011,380,380,380,380,14,53000,20140000
25 MAY 2011,376,376,376,376,7,9200,3459200
24 MAY 2011,375,375.1,375,375.1,11,6100,2287560
23 MAY 2011,379.7,380,375,375,7,1400,529930
20 MAY 2011,376,376,376,376,5,2100,789600
19 MAY 2011,375,376,375,376,8,9500,3571000
16 MAY 2011,376,376,376,376,1,100,37600
13 MAY 2011,373,375,373,375,4,700,261600
12 MAY 2011,375,375,370.2,374.3,2,700,262020
11 MAY 2011,380,380,380,380,8,10000,3800000
10 MAY 2011,384,384,375.6,378.4,20,10700,4065390
9 MAY 2011,385,389,384,384.2,26,22300,8586200
6 MAY 2011,375,376,371.5,375.5,6,6300,2363150
5 MAY 2011,370,380,370,370.1,29,105700,40141830
4 MAY 2011,364.5,365.5,364.5,365.3,6,1200,438000
3 MAY 2011,364,370,364,365,14,9800,3577300
29 APR 2011,364,364,363.1,363.5,10,7800,2835490
28 APR 2011,365,368.5,360,363,7,14900,5385350
27 APR 2011,357,357,357,357,1,100,35700
26 APR 2011,354,368,354,365.5,5,1500,546000
25 APR 2011,357,359,357,359,4,1600,574200
21 APR 2011,357,357,352,352,2,400,141800
19 APR 2011,360,360,355,357,4,400,143400
18 APR 2011,360,360,360,360,9,18300,6588000
12 APR 2011,360,360,360,360,4,10000,3600000
11 APR 2011,365,374.9,360,360,22,188300,67791980
7 APR 2011,362,362,360,360.4,16,5000,1802100
6 APR 2011,370,370,360,360.1,12,71700,25921500
5 APR 2011,360,370,360,361.3,11,61800,22263180
4 APR 2011,362,370,352,359.9,5,6000,2169900
1 APR 2011,360,360,360,360,3,300,108000
31 MAR 2011,355,358,355,358,4,900,320700
30 MAR 2011,359,360,359,360,9,8500,3051800
29 MAR 2011,357,360,356.5,359,12,5200,1859350
28 MAR 2011,357,357,356,356.5,9,1800,642060
25 MAR 2011,360,360,360,360,1,200,72000
24 MAR 2011,360,360,360,360,3,3200,1152000
23 MAR 2011,360,360,360,360,1,100,36000
22 MAR 2011,360,360,360,360,6,11400,4104000
21 MAR 2011,360,360,360,360,1,100,36000
18 MAR 2011,370,370,361,361,5,22400,8284400
17 MAR 2011,360,360,360,360,4,3300,1188000
15 MAR 2011,362,365,360,360,10,1600,577350
11 MAR 2011,360,360,360,360,1,100,36000
10 MAR 2011,369.1,369.1,360,360,6,2100,756910
9 MAR 2011,360.5,360.5,360.5,360.5,3,1500,540750
8 MAR 2011,360.3,360.3,360.3,360.3,2,200,72060
7 MAR 2011,360,360.3,360,360.3,2,300,108060
4 MAR 2011,360,375,360,375,14,2900,1073200
1 MAR 2011,360.1,360.1,360,360.1,2,500,180030
28 FEB 2011,360,360,360,360,1,100,36000
25 FEB 2011,350.1,350.2,350.1,350.1,3,500,175060
23 FEB 2011,370,370,357,357,3,400,146700
22 FEB 2011,370,370,370,370,2,300,111000
21 FEB 2011,370,380,340,367.5,13,3300,1205900
18 FEB 2011,370,370,370,370,1,100,37000
15 FEB 2011,375,375,375,375,1,300,112500
11 FEB 2011,370,370,370,370,2,400,148000
10 FEB 2011,380,380,370,375,11,3300,1239500
9 FEB 2011,380,380,375,376.7,6,2800,1062300
8 FEB 2011,380,380,376,378,12,3500,1325800
7 FEB 2011,389,389,380,382,3,10200,3880700
3 FEB 2011,380,380.9,380,380,19,6200,2356270
2 FEB 2011,376,390,376,376,10,3900,1481270
1 FEB 2011,368,375,367.9,375,34,66100,24485290
31 JAN 2011,355,360,351,358.3,4,1400,501600
28 JAN 2011,355.2,360,355.2,360,7,2100,755410
27 JAN 2011,360,360,355,355.2,8,3700,1316780
26 JAN 2011,355,360,355,360,18,101500,36037500
25 JAN 2011,355,355.1,355,355.1,4,1300,461600
21 JAN 2011,355,360,354,354,9,6000,2144610
20 JAN 2011,350,352.3,350,352,10,2200,774190
13 JAN 2011,352,365,350,365,4,600,211900
12 JAN 2011,368,368,365,366,3,300,109800
10 JAN 2011,370,370,370,370,6,4000,1480000
7 JAN 2011,365.1,370,365.1,369.2,8,2800,1029690
6 JAN 2011,365,365.1,365,365.1,3,700,255550
5 JAN 2011,364.9,364.9,364.9,364.9,2,1000,364900
4 JAN 2011,361,361,351,361,4,2100,748100
31 DEC 2010,350,355,350,355,3,1500,525500
30 DEC 2010,350.1,359.9,350.1,351.7,8,34600,12114440
29 DEC 2010,352,352,352,352,1,100,35200
28 DEC 2010,354,355,354,354.9,2,700,248400
27 DEC 2010,360,360,350,359.9,3,10100,3635000
24 DEC 2010,359.9,360,359.9,360,4,800,287970
21 DEC 2010,359,359,359,359,1,100,35900
16 DEC 2010,351,351,351,351,1,1000,351000
15 DEC 2010,350,350.5,350,350.4,10,2200,770560
14 DEC 2010,365,365,365,365,1,1000,365000
13 DEC 2010,365,365,365,365,1,100,36500
10 DEC 2010,365,365,365,365,5,4400,1606000
9 DEC 2010,360,361.5,360,361.5,4,1700,614100
8 DEC 2010,360,360,360,360,2,101200,36932000
7 DEC 2010,360,360,360,360,3,2300,828000
6 DEC 2010,354,360,354,360,9,20700,7444100
1 DEC 2010,352,355,352,353,2,300,105900
30 NOV 2010,355,355,355,355,1,300,106500
29 NOV 2010,330,350,329.9,350,20,10600,3665340
26 NOV 2010,340,340,340,340,1,300,102000
23 NOV 2010,358.2,358.2,350,350.6,4,2800,981640
22 NOV 2010,370,370,272,327.2,9,2000,654420
16 NOV 2010,368,368,368,368,2,400,147200
12 NOV 2010,366.1,368,366.1,368,3,700,257410
11 NOV 2010,365,365,365,365,1,100,36500
10 NOV 2010,370,370,368,368,5,2500,922000
9 NOV 2010,368,370,368,368.7,11,44900,16554800
8 NOV 2010,365,368,365,368,7,12200,4480310
4 NOV 2010,368,368,365,366.9,4,3300,1210800
2 NOV 2010,368,368,365,368,9,21000,7727700
29 OCT 2010,368,368,365,365,11,11300,4156600
28 OCT 2010,368,368,368,368,4,2500,920000
27 OCT 2010,370,370,368,368,3,500,184400
26 OCT 2010,361,361,360,360.3,8,900,324250
25 OCT 2010,365,365,365,365,3,500,182500
21 OCT 2010,360.5,365,365,365,3,500,182500
19 OCT 2010,360.1,360.1,360,360.1,3,500,180020
18 OCT 2010,360,360,360,360,3,1200,432000
14 OCT 2010,360,360,360,360,4,2800,1008000
13 OCT 2010,360,370,360,360,16,11600,4230150
12 OCT 2010,370,370,360,360,3,1400,505000
11 OCT 2010,379,379,370,370,4,5300,1961900
8 OCT 2010,368,370,368,370,5,1800,663400
7 OCT 2010,370,370,369,369.9,4,1200,443900
6 OCT 2010,375,375,375,375,10,16000,6000000
5 OCT 2010,365,375,365,374.8,9,25600,9595900
4 OCT 2010,365,365,365,365,4,400,146000
1 OCT 2010,361,368,361,363.5,6,1600,580200
30 SEP 2010,361,361,360,361,5,600,216500
29 SEP 2010,379.9,379.9,361,361.6,4,1100,399600
28 SEP 2010,357.1,360.5,356,360.1,7,1100,394470
27 SEP 2010,363,373,357,364.4,8,1800,654410
24 SEP 2010,375,375,372,373.7,5,1300,486300
23 SEP 2010,380,385,375,375,4,3800,1429000
21 SEP 2010,365,370,365,370,7,5400,1995270
20 SEP 2010,370,372,370,370,6,1200,444460
17 SEP 2010,380,380,380,380,2,1300,494000
15 SEP 2010,375,380,375,380,4,400,150500
9 SEP 2010,377,377,375,375,13,8100,3051810
8 SEP 2010,376,376,375,375.5,2,200,75100
7 SEP 2010,389,389,389,389,1,100,38900
6 SEP 2010,390,390,389,389.6,4,1000,389600
3 SEP 2010,390,390,390,390,1,100,39000
2 SEP 2010,380,399.9,380,397,9,5700,2258960
1 SEP 2010,360,380,359.9,380,14,21200,7766990
31 AUG 2010,350,350,350,350,13,105400,36890000
30 AUG 2010,338.9,342,330,340,18,15800,5357660
27 AUG 2010,330,335,330,335,6,8700,2871500
26 AUG 2010,331.9,340,331.9,340,6,5100,1730760
25 AUG 2010,330.6,336,330,331.8,13,10600,3516910
20 AUG 2010,337.2,339,330,336,3,400,134520
19 AUG 2010,330,337,330,336.2,13,5100,1690470
18 AUG 2010,329.9,330,329.9,330,6,2200,725970
17 AUG 2010,320,327,320,327,3,300,96850
16 AUG 2010,330,330,330,330,3,400,132000
13 AUG 2010,322,325,322,325,5,1200,389700
12 AUG 2010,325,325,325,325,2,700,227500
11 AUG 2010,332,335,329,329,5,1800,598800
10 AUG 2010,325,329.8,320,329.8,13,33200,10785520
9 AUG 2010,315,325,315,325,6,1300,411120
5 AUG 2010,310.2,325,310,325,8,8400,2674640
3 AUG 2010,329.5,329.5,329.5,329.5,4,400,131800
2 AUG 2010,326,326,325,325.1,6,2100,682770
29 JUL 2010,325,327.5,325,326,6,5000,1626000
28 JUL 2010,321.25,330,320,328.5,20,20600,6762100
27 JUL 2010,321.25,321.25,321.25,321.25,1,100,32125
26 JUL 2010,319,320.5,319,320.5,4,1300,415950
23 JUL 2010,324.75,324.75,312.5,318.75,2,400,127450
22 JUL 2010,310,310,310,310,2,2100,651000
20 JUL 2010,321,321,321,321,1,100,32100
19 JUL 2010,320,320,320,320,5,4500,1440000
16 JUL 2010,325,325,320,321,10,19500,6261800
15 JUL 2010,320,327.5,320,325,6,103600,33669750
14 JUL 2010,306,315,306,314.25,8,15200,4776800
13 JUL 2010,310,310,307,307,2,200,61700
12 JUL 2010,300,310,300,310,7,5700,1745500
9 JUL 2010,304.75,305,304.75,305,7,12600,3842975
8 JUL 2010,300,305,300,305,4,500,151000
7 JUL 2010,305.25,306.5,305,305.25,15,10600,3234800
6 JUL 2010,305.5,305.5,305.5,305.5,2,700,213850
5 JUL 2010,305,305,305,305,1,1000,305000
2 JUL 2010,310.25,310.25,310.25,310.25,4,3200,992800
1 JUL 2010,305,310,305,310,9,4700,1456000
30 JUN 2010,302.75,302.75,302.75,302.75,1,200,60550
29 JUN 2010,302.75,302.75,302.75,302.75,1,10000,3027500
28 JUN 2010,310,310.5,310,310.5,10,12400,3846600
24 JUN 2010,302.25,310,302,310,12,7800,2397000
23 JUN 2010,301.25,301.25,301.25,301.25,2,2100,632625
22 JUN 2010,301.25,301.25,301,301,4,1100,331225
21 JUN 2010,300,300,300,300,2,500,150000
17 JUN 2010,300,300,300,300,2,300,90000
14 JUN 2010,310,310,310,310,1,100,31000
11 JUN 2010,300,300,300,300,3,1200,360000
10 JUN 2010,296.5,300,296.5,300,9,4400,1319050
9 JUN 2010,295,296.5,295,296,10,3500,1033575
8 JUN 2010,300,300,295,297,10,2900,862000
7 JUN 2010,304,304,304,304,2,2100,638400
4 JUN 2010,308,308,305,305,4,1100,336700
3 JUN 2010,310,310,310,310,2,1000,310000
2 JUN 2010,310,310,305,305.25,6,3000,923300
1 JUN 2010,310,310,310,310,5,113500,35298000
31 MAY 2010,311,312,310,310.5,7,1100,341800
26 MAY 2010,308,311,308,310.75,12,6400,1985500
25 MAY 2010,310,310,306.5,308.25,2,400,123300
24 MAY 2010,310,310,310,310,9,8200,2542000
21 MAY 2010,314,314,310,310,7,1300,403800
20 MAY 2010,310.25,310.25,310,310,3,400,124025
19 MAY 2010,310,312,310,310.25,9,8000,2481450
18 MAY 2010,310,315,310,314.5,19,18600,5848100
17 MAY 2010,310,310,310,310,3,1100,341000
14 MAY 2010,311.5,311.5,311,311.25,2,300,93350
13 MAY 2010,314,314,314,314,5,1600,502400
12 MAY 2010,315,315,314,314,4,3000,944000
11 MAY 2010,312.25,314,312.25,312.25,3,1000,312425
10 MAY 2010,315,315,315,315,2,300,94500
7 MAY 2010,310,317.75,310,312.25,6,3500,1087675
6 MAY 2010,310,310,310,310,6,1300,403000
5 MAY 2010,310,310,310,310,3,1600,496000
4 MAY 2010,306,310,306,307,5,2300,705800
3 MAY 2010,310,316,310,316,13,7600,2375350
30 APR 2010,310,310.25,310,310.25,3,1200,372050
29 APR 2010,310,310,310,310,5,1700,527000
27 APR 2010,315,315.75,309,310,19,3000,932975
26 APR 2010,317.75,317.75,312,315.25,5,500,158150
23 APR 2010,320,329.5,311,315,28,9500,3072625
22 APR 2010,280,335,279.75,319.75,81,35400,11317325
21 APR 2010,272,274,272,274,7,3400,925100
20 APR 2010,262.5,272,262.5,269,17,44100,11713775
19 APR 2010,253,258,253,257.5,9,27400,7055150
16 APR 2010,253,253,253,253,2,1000,253000
15 APR 2010,258,258,258,258,1,200,51600
12 APR 2010,258.5,261.25,258.5,261.25,5,2200,569225
8 APR 2010,257.25,257.25,257,257,2,1200,308450
7 APR 2010,251,257.25,251,254.25,3,1000,254125
6 APR 2010,254.5,254.5,250.25,250.25,3,6100,1527550
5 APR 2010,250,250,249,249.75,9,2000,499500
1 APR 2010,250,253,250,250.25,22,44100,11029325
31 MAR 2010,251,251,250,250,8,26700,6675450
30 MAR 2010,250,250,241,250,32,149000,37231525
26 MAR 2010,245,245,245,245,5,2000,490000
25 MAR 2010,245,245,245,245,1,2000,490000
24 MAR 2010,245,246,245,245.75,8,5800,1423000
23 MAR 2010,245,245,245,245,13,7600,1862000
22 MAR 2010,241,241,240,240,3,800,192500
19 MAR 2010,245,245,242,243.25,5,800,194800
18 MAR 2010,249,249,245,245.75,5,2700,667600
17 MAR 2010,245,248,245,248,9,2900,716100
16 MAR 2010,240,240,240,240,2,50000,12000000
15 MAR 2010,241,245,241,245,2,200,48600
12 MAR 2010,249,249,249,249,3,400,99600
11 MAR 2010,245,245.25,245,245.25,3,2200,539025
10 MAR 2010,243,245,243,245,4,700,170300
9 MAR 2010,249,249,245,245,5,1800,446350
8 MAR 2010,242,250,240,243.25,27,4900,1188900
5 MAR 2010,241,242,240.25,242,4,2400,580525
4 MAR 2010,241,241,241,241,4,1300,313300
3 MAR 2010,241,241,240,240.25,7,1100,264550
2 MAR 2010,241,241.25,241,241,4,3700,891950
1 MAR 2010,240,242,240,241,7,16100,3878900
26 FEB 2010,239,240,239,240,3,1400,335000
25 FEB 2010,240,240,240,240,3,300,72000
24 FEB 2010,240,240,240,240,11,7500,1800000
23 FEB 2010,239.25,239.25,239.25,239.25,4,5700,1363725
22 FEB 2010,239,243,230,240.25,20,4600,1082250
19 FEB 2010,239.75,239.75,239,239.5,5,5900,1412650
18 FEB 2010,237,240,237,238.25,8,1800,428950
17 FEB 2010,240,240,235,235,8,2100,496700
16 FEB 2010,242,242,236,236,10,8300,1991850
15 FEB 2010,245,245.25,243,244,25,6100,1490825
12 FEB 2010,250,251,245,245,13,4400,1095800
11 FEB 2010,259,259,250,250,11,3300,830725
10 FEB 2010,257,265,257,259,24,16500,4293050
9 FEB 2010,260,269.75,250,255,38,13800,3558175
8 FEB 2010,220,270,220,265.75,44,27800,6915250
5 FEB 2010,219.5,220,219.25,220,13,7100,1558975
3 FEB 2010,220,220,218,219.25,9,4500,988400
2 FEB 2010,212.25,222,212,216.25,39,40300,8721425
1 FEB 2010,201.5,201.5,200,201,8,6300,1265100
28 JAN 2010,200,202,200,201.5,13,9800,1970850
26 JAN 2010,205,205,203,204.25,4,1500,306500
25 JAN 2010,203,203,200,202,14,3600,722450
22 JAN 2010,201,203.5,200.75,201.5,17,10300,2083550
21 JAN 2010,154,202,110,201,16,13400,1870650
20 JAN 2010,200,200.5,200,200.5,3,1400,280550
19 JAN 2010,200,200,200,200,21,10400,2080000
18 JAN 2010,202,203.5,200,201,8,4500,906050
13 JAN 2010,200,200,199,200,10,8300,1658550
12 JAN 2010,200,200,199,199.75,16,10400,2079400
11 JAN 2010,207,209.75,205,205.75,23,18200,3744950
8 JAN 2010,205,210,204.5,206.5,14,14700,3027025
7 JAN 2010,205,206,205,205.25,7,6300,1292550
6 JAN 2010,210,210,209,209.25,15,12600,2634600
5 JAN 2010,203,216,202,209.75,61,20700,4328875
4 JAN 2010,191,201,191,200,57,21000,4131725
30 DEC 2009,185,185.25,185,185,10,75900,13691525
29 DEC 2009,185,185,185,185,7,101500,18277500
28 DEC 2009,185,185,185,185,6,3100,573500
24 DEC 2009,184,184,184,184,1,100,18400
23 DEC 2009,184.75,185,184.75,185,3,700,129475
22 DEC 2009,185,185,181,185,14,14700,2719100
21 DEC 2009,183,184,182,184,11,17300,3162600
18 DEC 2009,182,182,182,182,3,5100,928200
17 DEC 2009,180,185,180,182,13,6500,1174125
16 DEC 2009,180,180,180,180,9,17300,3114000
15 DEC 2009,180,180,180,180,10,17000,3060000
14 DEC 2009,180,180,179,180,6,2500,448800
11 DEC 2009,179,179,179,179,1,500,89500
10 DEC 2009,179.5,179.5,179.5,179.5,1,500,89750
9 DEC 2009,180.75,180.75,180,180,16,4300,776250
8 DEC 2009,180,181,180,180.75,20,20300,3657400
7 DEC 2009,179.5,180,179.5,180,5,1000,179950
4 DEC 2009,174.75,175,174.75,175,5,2100,367400
3 DEC 2009,175,175,172,175,4,16600,2857000
2 DEC 2009,175,175,172,175,7,2200,384700
30 NOV 2009,175,175,175,175,1,100,17500
27 NOV 2009,172,172,171.75,171.75,2,1200,206150
26 NOV 2009,170.25,172,170,172,10,4500,766225
25 NOV 2009,174,174,170,172,11,11100,1889000
24 NOV 2009,172,172,171.5,171.5,3,600,102950
23 NOV 2009,172,172,172,172,1,200,34400
20 NOV 2009,170.25,170.25,170.25,170.25,2,200,34050
17 NOV 2009,180,180,180,180,1,100,18000
16 NOV 2009,180,180,180,180,10,2300,414000
13 NOV 2009,180,180,180,180,8,2200,396000
12 NOV 2009,175,175,175,175,1,200,35000
11 NOV 2009,175,175,175,175,1,100,17500
10 NOV 2009,174,174,173,173,7,1500,259600
9 NOV 2009,173.75,174,170.25,170.25,6,2800,481800
6 NOV 2009,170,170,170,170,2,4400,748000
5 NOV 2009,174,174,171,171.5,8,1900,326975
4 NOV 2009,177,177,174,174.75,17,10800,1897700
30 OCT 2009,175,177,175,177,2,600,105800
27 OCT 2009,178,170,170,170,1,100,17000
26 OCT 2009,181,181,181,181,1,500,90500
23 OCT 2009,180,181,180,181,15,25900,4673900
22 OCT 2009,179.5,180,179.5,180,5,9800,1763750
21 OCT 2009,174,179.5,170,179.5,11,2200,383600
20 OCT 2009,178.75,180,172.5,172.5,12,16000,2878725
19 OCT 2009,178.5,178.75,178,178.75,9,6000,1068300
16 OCT 2009,180,180,179,179,8,10500,1880300
15 OCT 2009,181,181,179,180,8,21600,3887900
14 OCT 2009,180,180,179,180,8,9600,1727800
13 OCT 2009,181,182,179,181,6,1900,343800
12 OCT 2009,180,180.25,180,180,6,6500,1170500
9 OCT 2009,181,181,180,180,4,800,144175
8 OCT 2009,182.5,186,182.5,186,12,25000,4646550
7 OCT 2009,182,183,182,183,9,4000,731900
6 OCT 2009,182,182,182,182,3,1100,200200
5 OCT 2009,183,183,183,183,1,100,18300
2 OCT 2009,185,187,184.5,185,21,29900,5531650
1 OCT 2009,182,185,181.5,182.5,15,4400,803375
30 SEP 2009,172,180,172,180,17,324000,58299600
29 SEP 2009,170,170.25,170,170.25,3,2600,442625
28 SEP 2009,170.25,170.25,170.25,170.25,1,600,102150
25 SEP 2009,170.25,170.25,170.25,170.25,1,100,17025
24 SEP 2009,170.25,170.25,170.25,170.25,3,3000,510750
23 SEP 2009,170,170,170,170,11,54100,9197000
22 SEP 2009,170,170,170,170,7,4200,714000
18 SEP 2009,171,171,171,171,8,5000,855000
17 SEP 2009,172,178,170,170.5,14,12700,2166600
16 SEP 2009,170,170,170,170,5,3300,561000
15 SEP 2009,170,170,170,170,12,5400,918000
14 SEP 2009,170,170,170,170,2,400,68000
11 SEP 2009,170,170.25,170,170,5,3300,561025
10 SEP 2009,174,175,174,174,6,5600,975000
9 SEP 2009,170,177.5,170,175.25,14,4800,833000
8 SEP 2009,172,172.25,172,172.25,23,35700,6141850
7 SEP 2009,170,172,170,171,15,7100,1209125
3 SEP 2009,170,170,168,168,16,5700,962250
2 SEP 2009,169.75,170,169.75,170,10,11700,1988975
1 SEP 2009,170.5,172,170,170.25,28,16100,2749125
31 AUG 2009,175,175,170.5,173,15,56700,9814600
28 AUG 2009,175,175,172,173,21,17000,2955875
27 AUG 2009,185,185,174,175.5,52,18000,3231125
26 AUG 2009,178,193,178,183.25,126,51100,9458025
25 AUG 2009,166,177,166,175.75,101,50700,8839675
24 AUG 2009,159,165,159,163,39,19100,3098950
21 AUG 2009,155,159,155,156.75,23,8700,1357125
20 AUG 2009,153,155,153,155,10,2500,385100
19 AUG 2009,146,152,146,151,26,40600,6086150
18 AUG 2009,143,145,143,144.5,6,2500,360400
17 AUG 2009,141,142.5,141,142,7,22300,3168000
13 AUG 2009,140,142,140,142,4,10100,1432800
12 AUG 2009,140,140,140,140,1,100,14000
11 AUG 2009,140,141.75,140,141.25,19,9600,1349575
10 AUG 2009,140,140.25,140,140,17,19000,2660125
7 AUG 2009,136,140,136,139.75,21,48300,6755200
6 AUG 2009,140,140,136,138.25,22,35800,5005375
4 AUG 2009,132,140,132,139,34,28100,3866825
3 AUG 2009,130,133,129.75,133,16,15900,2076625
31 JUL 2009,128,129.75,128,128.25,9,1900,243375
30 JUL 2009,125,125.5,125,125.25,22,20200,2531325
29 JUL 2009,127,127,125,125,9,11000,1377100
28 JUL 2009,125,125,120.25,120.25,13,13700,1711550
27 JUL 2009,122,124,122,124,10,48400,6000125
24 JUL 2009,122,122,120,121,8,220200,26864000
23 JUL 2009,122,122,120,122,21,60400,7365725
22 JUL 2009,121,122,121,122,11,87500,10673875
21 JUL 2009,118,120,118,120,7,22900,2722450
20 JUL 2009,117.75,118.25,117.5,117.75,3,600,70600
17 JUL 2009,115,117,115,117,8,12600,1451200
16 JUL 2009,115,115,115,115,1,400,46000
15 JUL 2009,115.25,115.25,115,115,2,1100,126750
14 JUL 2009,115,116,115,115.25,5,1100,126600
13 JUL 2009,115,115,115,115,6,1500,172500
10 JUL 2009,114,144,113.5,131.25,14,5100,669350
9 JUL 2009,115,115,114,114.25,8,8400,959600
8 JUL 2009,114,114.25,114,114.25,3,1500,171175
3 JUL 2009,114,114,114,114,1,100,11400
2 JUL 2009,112.5,114,112.5,114,6,15200,1732650
1 JUL 2009,114,114,113,114,9,10600,1208000
30 JUN 2009,112.5,114,112.5,114,4,1800,205050
29 JUN 2009,114,114,113.75,114,5,5000,569775
26 JUN 2009,112,112,112,112,1,200,22400
25 JUN 2009,114,114,112,112,3,300,34000
23 JUN 2009,112.5,112.5,112.5,112.5,1,900,101250
22 JUN 2009,114,115,114,114.75,5,2100,240100
19 JUN 2009,114,114,112,112,6,2600,292200
18 JUN 2009,113,114,113,114,4,2700,305300
17 JUN 2009,113,113,113,113,8,3000,339000
16 JUN 2009,112,112.5,111.75,112.5,8,5100,571675
15 JUN 2009,111,111,111,111,1,100,11100
12 JUN 2009,112,113,112,113,8,2200,246800
11 JUN 2009,112,112,112,112,5,2900,324800
10 JUN 2009,112,112,112,112,1,100,11200
9 JUN 2009,111.5,112,111.5,112,3,1000,111950
8 JUN 2009,111.5,111.5,111.5,111.5,12,2900,323350
5 JUN 2009,111,111.75,111,111.5,12,3200,356575
4 JUN 2009,111.25,111.25,111,111,9,5800,644000
3 JUN 2009,110,111.25,110,111.25,13,2600,287925
2 JUN 2009,110.5,110.75,110.5,110.5,16,8400,928375
1 JUN 2009,110.25,110.75,110.25,110.75,4,900,99525
29 MAY 2009,112.75,112.75,110,110.25,15,18300,2019075
28 MAY 2009,113,113,110.25,112.75,13,4000,449150
27 MAY 2009,110.5,117.5,110.25,112.75,5,800,90200
25 MAY 2009,115,115,115,115,13,11300,1299500
22 MAY 2009,116.5,116.5,116.5,116.5,2,300,34950
19 MAY 2009,117,118,117,117.75,2,1000,117800
18 MAY 2009,117,118,117,118,4,2300,271200
15 MAY 2009,117.75,117.75,114,115.25,7,800,92175
14 MAY 2009,115.25,115.25,115.25,115.25,2,500,57625
12 MAY 2009,116.5,117.75,114,115.25,8,1900,220200
11 MAY 2009,119.5,119.5,119,119,3,1600,190450
7 MAY 2009,120,122,116,116,14,5000,595000
6 MAY 2009,122,123,119.75,120,26,282700,32822700
5 MAY 2009,115,120,115,120,16,153100,17618575
4 MAY 2009,115,117,115,116,4,1300,150800
30 APR 2009,114.75,115,114.75,115,3,4300,493750
29 APR 2009,111,114.5,111,114.25,16,2500,281900
28 APR 2009,112,115,112,115,10,2500,284900
27 APR 2009,110,112,109.75,110.25,45,284600,31328025
24 APR 2009,104.5,110,104.5,109.75,10,1800,194900
23 APR 2009,102.75,105,102.75,104.5,4,2800,288975
22 APR 2009,102.5,102.5,102.5,102.5,2,300,30750
21 APR 2009,102.5,102.5,102.5,102.5,6,1400,143500
20 APR 2009,103,105,102,102.25,9,3500,358200
17 APR 2009,101,102,101,102,3,2100,213175
16 APR 2009,100.5,100.5,100,100.5,2,400,40150
15 APR 2009,100,100,100,100,2,200,20000
8 APR 2009,100,101,100,100,11,3700,371700
6 APR 2009,96.25,100,96.25,100,14,2700,268500
3 APR 2009,96,96,96,96,1,500,48000
2 APR 2009,96.75,97,96.75,96.75,4,1400,135700
1 APR 2009,96,96.5,96,96.5,4,83200,7987550
31 MAR 2009,96,96,96,96,1,300,28800
30 MAR 2009,92,95,92,95,13,34700,3293500
27 MAR 2009,94,95,94,94,16,9600,903475
26 MAR 2009,90.75,92,90.75,91.75,4,1400,128425
25 MAR 2009,94,94,94,94,2,700,65800
24 MAR 2009,93,95,93,94,4,7200,671900
23 MAR 2009,97,97,97,97,3,1700,164900
20 MAR 2009,100,100,96.25,97,4,8600,829625
19 MAR 2009,95,95,95,95,1,200,19000
18 MAR 2009,95.5,95.5,95,95,11,17500,1663550
17 MAR 2009,95,96,95,95.25,10,3400,323125
16 MAR 2009,93,95,93,95,17,10000,949000
13 MAR 2009,92.5,94,92.5,93.5,8,6100,570050
12 MAR 2009,93,93,93,93,6,1900,176700
9 MAR 2009,92,94,92,93.25,9,1900,177300
6 MAR 2009,90,90,90,90,1,500,45000
5 MAR 2009,90,90,90,90,4,5800,522000
4 MAR 2009,90,90,90,90,5,900,81000
3 MAR 2009,87,87,86,86,3,2100,180750
2 MAR 2009,88,88,88,88,1,200,17600
27 FEB 2009,90,90,90,90,1,3300,297000
26 FEB 2009,94.75,94.75,94.75,94.75,2,400,37900
25 FEB 2009,90,95,90,95,9,3300,310200
24 FEB 2009,89,90,89,90,21,24400,2195200
20 FEB 2009,86.5,86.5,86,86,5,10900,937500
19 FEB 2009,87.5,87.5,87.5,87.5,1,300,26250
18 FEB 2009,86,87.75,86,87.5,8,4300,375275
17 FEB 2009,86,86,86,86,2,400,34400
16 FEB 2009,85,85,85,85,5,1600,136000
13 FEB 2009,85,85.25,85,85.25,3,2900,246850
12 FEB 2009,85,85.75,85,85,6,2000,170150
11 FEB 2009,86,86,85,85,2,500,42700
10 FEB 2009,84,88,84,87,15,9500,808350
6 FEB 2009,83,84,83,83.25,8,2200,182800
5 FEB 2009,89,89,82,85,9,1400,120275
3 FEB 2009,82.25,90,80.25,83,46,216700,17751475
2 FEB 2009,84,84,81,82.25,24,107200,8788750
30 JAN 2009,81.5,81.75,81,81,11,34200,2770650
29 JAN 2009,78.5,81.75,78.5,81.25,32,29000,2333925
28 JAN 2009,76,78.5,76,77.75,21,12000,922450
27 JAN 2009,75,76,75,76,8,65400,4969400
23 JAN 2009,74,76,74,75,6,9400,706100
22 JAN 2009,73,74.75,73,74,5,6800,499475
21 JAN 2009,73,73.5,73,73,21,174900,12767875
20 JAN 2009,73,73,73,73,23,134400,9811200
19 JAN 2009,73,73,72,72,4,1900,137200
16 JAN 2009,70,71,70,71,4,1500,106300
15 JAN 2009,69.5,70,69.5,70,3,700,48800
13 JAN 2009,70,70,69,69.5,6,900,62700
9 JAN 2009,74,74,74,74,1,100,7400
8 JAN 2009,73.5,73.5,73.25,73.25,5,1500,109975
7 JAN 2009,73.5,73.5,73.5,73.5,1,200,14700
6 JAN 2009,73,73,72.75,73,9,3000,218750
5 JAN 2009,73,73,72.5,72.75,8,1100,79950
2 JAN 2009,70,72,70,72,10,2400,169200
29 DEC 2008,66,66,65.5,66,5,1100,72550
24 DEC 2008,67,67,67,67,1,700,46900
23 DEC 2008,66.25,66.25,66.25,66.25,1,100,6625
22 DEC 2008,66.25,66.25,66.25,66.25,2,600,39750
19 DEC 2008,65.5,66.25,65.5,66.25,3,1200,78750
18 DEC 2008,65,65.25,65,65.25,2,3800,247025
17 DEC 2008,65,66.25,64.5,64.5,4,500,32625
16 DEC 2008,64.25,65,64.25,64.5,3,500,32300
15 DEC 2008,65.5,65.5,65,65.5,2,2100,137500
11 DEC 2008,66.5,66.5,66.5,66.5,1,100,6650
8 DEC 2008,66,66,63,63,10,122000,7686950
5 DEC 2008,66,66,66,66,4,400,26400
3 DEC 2008,65.5,66,65.5,66,4,3500,230750
2 DEC 2008,65,65,65,65,1,2500,162500
1 DEC 2008,65,66,65,65,3,300,19600
28 NOV 2008,65,65,65,65,2,300,19500
27 NOV 2008,63.5,65,63.5,65,2,300,19350
26 NOV 2008,67,67,64,64.75,10,2900,187775
25 NOV 2008,69,69,68.5,68.5,2,600,41350
24 NOV 2008,69.5,69.5,69,69,3,400,27700
21 NOV 2008,69,69,68.5,69,4,1800,123600
20 NOV 2008,69.75,69.75,69.5,69.75,11,89600,6249475
19 NOV 2008,70,70,69.5,69.5,8,16500,1154250
18 NOV 2008,70,70,69,70,15,19000,1329100
17 NOV 2008,67.5,67.5,67.5,67.5,1,100,6750
14 NOV 2008,67.25,67.5,67.25,67.5,5,1100,74000
13 NOV 2008,68,69,67,67,10,12700,860700
11 NOV 2008,68.25,68.25,68,68,16,21200,1441650
10 NOV 2008,68.5,68.5,68,68.25,4,10400,709800
7 NOV 2008,69,69,69,69,8,9400,648600
6 NOV 2008,69.75,70,69.5,70,3,500,34875
5 NOV 2008,69.75,70,69.75,69.75,10,4900,341950
4 NOV 2008,69,69.75,69,69.25,16,11800,817600
3 NOV 2008,68,68.5,67.75,68.25,8,52100,3543225
31 OCT 2008,68.75,68.75,66,68.75,4,10600,710450
30 OCT 2008,65.25,65.25,65.25,65.25,7,3600,234900
29 OCT 2008,65,65.5,65,65.25,5,1100,71600
28 OCT 2008,65.5,65.5,65,65,10,1500,97650
24 OCT 2008,65,65.75,65,65.5,7,2800,183475
23 OCT 2008,67,67,65,65,25,32900,2142575
22 OCT 2008,67.25,69,67,68.75,7,10600,727925
21 OCT 2008,68,68,68,68,1,500,34000
17 OCT 2008,66,69,66,68,5,500,33500
16 OCT 2008,69,69.75,65,68.25,10,2500,166125
15 OCT 2008,70,70,69,69,22,6300,437100
13 OCT 2008,69.25,69.5,69.25,69.5,2,2000,138975
10 OCT 2008,66.25,69.5,65,69.5,23,23800,1553750
9 OCT 2008,65,67.5,65,67,68,823100,53520375
8 OCT 2008,72,72,68.25,68.25,45,56100,3931925
7 OCT 2008,74.5,74.5,74.5,74.5,1,500,37250
6 OCT 2008,74.5,74.5,74,74,7,6000,444550
3 OCT 2008,75,75,75,75,11,38900,2917500
2 OCT 2008,75,75,74.5,75,6,5900,442400
30 SEP 2008,75,75,75,75,8,4700,352500
29 SEP 2008,77,77,77,77,1,100,7700
25 SEP 2008,77.5,77.5,77.5,77.5,3,1100,85250
24 SEP 2008,77.5,77.5,77.5,77.5,2,1000,77500
23 SEP 2008,76.25,78.5,76,77.5,9,4700,363175
22 SEP 2008,76,76,76,76,1,900,68400
19 SEP 2008,79.75,79.75,79.75,79.75,1,100,7975
17 SEP 2008,80,80,80,80,7,9900,792000
16 SEP 2008,80,80,80,80,1,500,40000
15 SEP 2008,79.5,80,79.25,80,13,16000,1277900
10 SEP 2008,79.5,79.5,79.5,79.5,8,130600,10687700
9 SEP 2008,79,79.5,79,79.5,8,14800,1176350
5 SEP 2008,79,79.5,79,79,10,6300,497750
3 SEP 2008,79,79.5,79,79.5,2,600,47650
2 SEP 2008,77.5,80,77.5,78.75,8,11000,865400
1 SEP 2008,77.5,77.5,77.5,77.5,3,2400,186000
28 AUG 2008,76,80,76,78.75,14,6000,466600
27 AUG 2008,76,76,76,76,5,5000,380000
26 AUG 2008,78,80,78,78,15,124600,9735450
25 AUG 2008,73,80,73,75.25,15,18200,1364150
22 AUG 2008,73,73,73,73,11,73200,5343600
21 AUG 2008,73,73,73,73,29,59200,4321600
19 AUG 2008,73,73,73,73,7,6700,489100
18 AUG 2008,73,73,73,73,1,500,36500
14 AUG 2008,74,74,73,73,10,3400,248500
13 AUG 2008,74,74,74,74,2,200,14800
12 AUG 2008,74,74,73.25,73.75,4,2500,184250
8 AUG 2008,75,75,75,75,5,6900,517500
7 AUG 2008,74.75,75,71.25,75,23,19100,1423850
6 AUG 2008,74,74.75,74,74.75,11,4200,312225
5 AUG 2008,75,75,73,75,20,9700,725550
4 AUG 2008,76,76,75.25,75.75,6,2500,189650
1 AUG 2008,76,78.75,75,78.25,16,5900,460450
31 JUL 2008,72.5,76,72.5,76,4,1400,105950
30 JUL 2008,74.5,75,72,74,8,7500,561000
29 JUL 2008,72,74,72,74,13,7500,551900
28 JUL 2008,71.5,71.5,71.5,71.5,1,100,7150
25 JUL 2008,70.75,70.75,70.75,70.75,2,200,14150
24 JUL 2008,70.75,71,70.75,71,2,200,14175
23 JUL 2008,70,70.75,70,70.75,7,11300,794475
22 JUL 2008,70.5,70.5,70.5,70.5,3,1200,84600
21 JUL 2008,70.75,70.75,70.75,70.75,1,200,14150
18 JUL 2008,72.25,72.25,71.5,71.5,5,4000,288775
16 JUL 2008,71,72,71,72,12,4700,336350
15 JUL 2008,70,70.75,70,70.75,12,6500,456750
14 JUL 2008,70,70,70,70,3,1200,84000
11 JUL 2008,70,70,70,70,3,4400,308000
10 JUL 2008,70,70,70,70,1,1100,77000
9 JUL 2008,70,70,70,70,2,2000,140000
8 JUL 2008,70,70.5,70,70,6,7700,539750
7 JUL 2008,70,70,70,70,4,800,56000
4 JUL 2008,69.75,70,69.75,70,5,5700,398650
3 JUL 2008,68,70,68,70,15,53400,3716775
2 JUL 2008,67,68,67,67.75,12,19900,1341575
1 JUL 2008,65.75,67,65.75,67,5,1500,100325
30 JUN 2008,65.5,65.5,65.25,65.25,4,3800,247975
27 JUN 2008,65.5,65.5,65,65.25,16,6600,431050
25 JUN 2008,65.5,65.5,65.5,65.5,2,400,26200
24 JUN 2008,65.25,67.25,65.25,65.5,2,600,39350
23 JUN 2008,65,65,65,65,1,600,39000
20 JUN 2008,65,65,65,65,1,5000,325000
19 JUN 2008,65,65,65,65,19,10600,689000
17 JUN 2008,66.75,67,66.5,66.75,5,1500,100150
16 JUN 2008,66,67.5,66,66.75,4,500,33400
13 JUN 2008,65,65.25,65,65.25,10,3300,214725
12 JUN 2008,65,65,65,65,3,1000,65000
11 JUN 2008,67,67,67,67,1,300,20100
10 JUN 2008,66,66,66,66,3,800,52800
9 JUN 2008,65.75,67.75,65.75,66,4,1600,106650
6 JUN 2008,65.5,65.5,65,65.25,3,1000,65200
5 JUN 2008,65,70,65,68,10,3400,225700
4 JUN 2008,65,65.25,65,65.25,4,4800,312750
3 JUN 2008,65,65.5,65,65,9,3600,235450
2 JUN 2008,64.75,65.25,64.75,65,2,1000,65000
30 MAY 2008,65.5,65.5,65,65.25,6,3100,202450
29 MAY 2008,65,65.25,65,65.25,6,1900,123750
28 MAY 2008,64.5,65,64.5,65,8,5300,344200
27 MAY 2008,65,65,64.5,64.75,3,400,25900
26 MAY 2008,64.5,65.5,64.5,65.5,9,3100,200475
23 MAY 2008,65,65,64.5,64.5,3,3000,194850
22 MAY 2008,65.25,65.25,64.5,64.5,3,1900,122700
16 MAY 2008,65.25,66,65.25,66,3,300,19675
15 MAY 2008,65.5,65.5,65.5,65.5,1,100,6550
9 MAY 2008,68.5,68.5,68,68.25,3,1000,68250
8 MAY 2008,69.75,70,69.25,69.25,14,16100,1121075
7 MAY 2008,68.75,69.5,68.75,69.5,30,10300,713050
6 MAY 2008,68,68,68,68,4,5500,374000
5 MAY 2008,68,68,67.25,67.75,22,13000,881100
2 MAY 2008,66.75,68,66.75,67.25,8,3200,214475
30 APR 2008,65,66,65,65,7,5000,325300
29 APR 2008,64.5,65.5,64,64.75,14,327000,20930900
28 APR 2008,64,64,64,64,3,700,44800
25 APR 2008,64,64,63.5,64,5,4700,300700
24 APR 2008,64,64,64,64,12,32500,2080000
23 APR 2008,64,64.25,64,64.25,5,7900,505625
22 APR 2008,64,64.5,64,64,6,3800,243300
21 APR 2008,64,64,64,64,7,35300,2259200
17 APR 2008,64,64,63,63,7,77500,4884750
16 APR 2008,64,64,64,64,2,300,19200
15 APR 2008,64,64,63.5,64,2,8100,518250
10 APR 2008,64,64.25,64,64,7,1800,115300
9 APR 2008,64,64,64,64,5,1400,89600
8 APR 2008,64,64,64,64,16,54000,3456000
4 APR 2008,64,64.75,63,64,9,2800,178475
3 APR 2008,64,64,62.75,64,12,10800,681600
2 APR 2008,63.75,64,63,64,42,607800,38890500
1 APR 2008,63,65,63,63,15,8800,558700
31 MAR 2008,61.5,63,61.5,62.75,5,1200,75250
28 MAR 2008,62,62,62,62,1,2300,142600
27 MAR 2008,61,61,61,61,2,300,18300
26 MAR 2008,61,61,61,61,5,2700,164700
25 MAR 2008,61,61,61,61,2,500,30500
19 MAR 2008,62,62,60.75,60.75,3,300,18475
18 MAR 2008,61.5,62,61.5,62,9,37100,2300050
17 MAR 2008,61,61.5,61,61.25,6,4000,244750
14 MAR 2008,61,61.25,61,61,10,6800,415175
13 MAR 2008,63,63,62.5,62.5,5,5200,325100
12 MAR 2008,61.5,64,61,61.25,19,7500,464125
11 MAR 2008,63,63,61.75,61.75,4,1500,93750
10 MAR 2008,61.75,61.75,61.25,61.5,10,2600,159825
7 MAR 2008,63.75,64,63,63,6,1700,107925
5 MAR 2008,63.5,63.5,63,63.25,4,1000,63325
4 MAR 2008,62,62,61,61.25,6,1800,110500
3 MAR 2008,63.5,63.5,62,62.25,15,5200,323000
29 FEB 2008,63.75,63.75,63.25,63.5,5,1300,82575
28 FEB 2008,62.75,64,62.75,63.75,19,5700,360675
27 FEB 2008,62,62,62,62,1,3000,186000
26 FEB 2008,63,63,63,63,3,2100,132300
25 FEB 2008,61.25,64,61,64,4,600,37525
22 FEB 2008,64,64,64,64,7,9200,588800
21 FEB 2008,63.5,64.75,60,64,31,47300,3002875
19 FEB 2008,63.25,63.25,60,61.25,9,2800,174550
18 FEB 2008,62,63.75,62,63.5,5,1400,88825
15 FEB 2008,63,63,61.25,61.75,4,1600,99350
14 FEB 2008,62,64.75,62,63.75,10,2000,127900
13 FEB 2008,60,64.75,60,63,35,14100,884350
12 FEB 2008,59.5,61,59,60,9,3700,221100
11 FEB 2008,59.5,60,59.5,60,26,17400,1042675
8 FEB 2008,59.75,59.75,59.5,59.5,7,2600,154850
7 FEB 2008,60,60,59.5,59.5,11,3500,209000
6 FEB 2008,59.75,60,59.75,59.75,10,1900,113750
1 FEB 2008,59.75,60,59.75,59.75,4,700,41850
31 JAN 2008,59.75,59.75,59,59,10,10400,620275
30 JAN 2008,59.75,60,59.75,59.75,11,3400,203200
29 JAN 2008,59.5,59.75,59,59.75,20,10200,608525
28 JAN 2008,58,60,58,59.5,26,7400,439000
25 JAN 2008,57,57,56.75,56.75,5,1000,56850
24 JAN 2008,55,56,54.25,56,13,2400,131325
23 JAN 2008,55,55,54.5,55,12,7900,433575
18 JAN 2008,54,54,53,53.25,9,2800,149700
17 JAN 2008,57,59.75,57,59.5,30,8600,501625
16 JAN 2008,57,57.75,57,57.25,17,3300,188275
14 JAN 2008,57.75,57.75,56.75,57,9,4700,268275
11 JAN 2008,58,58,57,57.5,11,1700,97925
10 JAN 2008,57,57.75,57,57.5,7,2500,143750
9 JAN 2008,57,57,55.5,56.75,17,4300,242300
8 JAN 2008,56,57,56,56.75,7,2200,123600
4 JAN 2008,58,57,55.25,56,17,5000,279975
3 JAN 2008,58,58,57.25,57.5,15,6700,384900
2 JAN 2008,54,57.5,54,57.25,25,9800,544650
31 DEC 2007,53.25,53.25,53,53.25,3,900,47850
28 DEC 2007,53.25,53.75,53,53.5,5,3800,202200
27 DEC 2007,53.5,53.75,53.5,53.5,3,1700,91000
26 DEC 2007,53.5,53.75,53.5,53.75,4,1200,64375
24 DEC 2007,53.25,54,53.25,53.75,2,200,10725
20 DEC 2007,53.75,53.75,53.75,53.75,1,100,5375
19 DEC 2007,53.5,53.5,53.5,53.5,8,11000,588500
18 DEC 2007,53,53,53,53,1,100,5300
14 DEC 2007,53,53,53,53,1,500,26500
12 DEC 2007,52.25,52.25,52,52,2,500,26025
10 DEC 2007,53.25,53.25,52.5,52.5,4,2300,120925
7 DEC 2007,53,53,53,53,2,1000,53000
6 DEC 2007,52.75,52.75,52.75,52.75,2,200,10550
4 DEC 2007,52,52,52,52,1,200,10400
3 DEC 2007,52,52,52,52,4,2700,140400
30 NOV 2007,52.5,52.75,52,52.25,10,4100,213700
29 NOV 2007,52.5,52.5,52,52,6,2500,130900
28 NOV 2007,52.25,52.5,52,52,9,4400,229975
27 NOV 2007,52,52.25,52,52.25,3,2600,135450
26 NOV 2007,52.75,52.75,52,52.5,15,8900,465550
23 NOV 2007,53,53,53,53,7,5800,307400
22 NOV 2007,54,54,54,54,2,500,27000
21 NOV 2007,54,54,53.25,53.25,3,1900,102100
20 NOV 2007,53.75,53.75,53.25,53.25,4,700,37375
19 NOV 2007,54,54,53,53,7,5800,308350
16 NOV 2007,55,55,54,54,9,3700,200825
15 NOV 2007,56,56,56,56,5,3100,173600
13 NOV 2007,55.5,55.5,55,55,30,19200,1056200
12 NOV 2007,55.25,56,55,55.25,23,15400,852950
9 NOV 2007,55,55,55,55,1,7500,412500
7 NOV 2007,55.5,55.5,55,55,18,24700,1359100
6 NOV 2007,55.5,55.5,55.5,55.5,1,400,22200
5 NOV 2007,55.75,55.75,55.5,55.5,2,600,33325
1 NOV 2007,55.5,55.5,55.5,55.5,1,100,5550
30 OCT 2007,55,55,55,55,12,8700,478500
29 OCT 2007,55,56,55,55.25,3,3300,181600
26 OCT 2007,56,56,56,56,1,100,5600
23 OCT 2007,55,55.25,55,55.25,8,9200,507500
22 OCT 2007,55.25,55.25,55.25,55.25,2,6000,331500
19 OCT 2007,55.25,55.25,55.25,55.25,1,200,11050
18 OCT 2007,56,56,55.5,55.5,4,1800,100250
17 OCT 2007,56,56,56,56,1,100,5600
16 OCT 2007,55.25,55.5,55.25,55.5,4,1900,105075
15 OCT 2007,55.75,56,55.5,55.5,7,2000,111700
12 OCT 2007,55.75,55.75,55,55,8,10600,583525
11 OCT 2007,55.5,55.75,55.5,55.75,2,200,11125
10 OCT 2007,55,55.25,55,55,16,12500,687525
9 OCT 2007,55.5,55.75,55,55.25,7,3800,209525
8 OCT 2007,56.5,56.5,56.5,56.5,1,100,5650
4 OCT 2007,55.25,55.25,55.25,55.25,2,300,16575
3 OCT 2007,55.5,55.75,55.5,55.75,4,1100,61150
2 OCT 2007,55.5,55.5,55.25,55.5,2,600,33225
1 OCT 2007,56,56,56,56,1,1000,56000
28 SEP 2007,56.5,56.5,55,55,15,14200,783025
27 SEP 2007,57,57,57,57,1,100,5700
25 SEP 2007,56.75,57,56.25,56.75,9,3400,192125
24 SEP 2007,55.75,55.75,55.75,55.75,1,100,5575
21 SEP 2007,55.25,55.5,55.25,55.25,6,2500,138150
20 SEP 2007,55.5,55.5,55,55.25,2,200,11050
18 SEP 2007,55.25,55.5,55,55,10,9200,507800
17 SEP 2007,56.25,56.25,55,55,32,69900,3851825
14 SEP 2007,56,56,56,56,4,1400,78400
13 SEP 2007,56,56.75,56,56,4,2400,134475
12 SEP 2007,55.5,56.75,55.5,56,4,900,50450
11 SEP 2007,55.5,55.5,55.25,55.5,10,3200,176925
10 SEP 2007,55.5,55.5,55.5,55.5,2,200,11100
7 SEP 2007,56,56,56,56,2,700,39200
6 SEP 2007,55.5,55.5,55.5,55.5,6,3000,166500
5 SEP 2007,55.75,55.75,55.75,55.75,1,100,5575
4 SEP 2007,56,56.25,55,56.25,26,76100,4187825
3 SEP 2007,55.5,56.75,55.25,55.5,5,3700,205475
30 AUG 2007,56,56,55,55,8,2600,143275
29 AUG 2007,56.25,56.25,56.25,56.25,3,1000,56250
27 AUG 2007,56.5,56.5,56.5,56.5,1,600,33900
24 AUG 2007,55.5,55.5,55.5,55.5,3,3600,199800
23 AUG 2007,55.25,55.5,55.25,55.25,13,2300,127125
22 AUG 2007,55.25,56,55.25,56,3,1300,71900
21 AUG 2007,55.25,55.25,55,55,6,2500,137575
20 AUG 2007,55.25,55.25,55,55,5,2500,137575
17 AUG 2007,55,55,55,55,2,300,16500
16 AUG 2007,55.5,55.5,55,55,10,9800,539050
15 AUG 2007,55,55,55,55,7,7300,401500
14 AUG 2007,55,55,54.75,54.75,9,12800,701150
13 AUG 2007,55,55,55,55,3,600,33000
10 AUG 2007,54.5,55,54.5,55,4,800,43900
9 AUG 2007,55,55,55,55,14,1400,77000
8 AUG 2007,55,55,55,55,19,50700,2788500
7 AUG 2007,55,55,55,55,3,600,33000
6 AUG 2007,54,55,54,55,6,1100,60000
3 AUG 2007,57,57,55,55,25,19100,1052550
2 AUG 2007,57.25,57.25,57.25,57.25,4,600,34350
1 AUG 2007,56.75,56.75,56.5,56.5,6,1800,101825
31 JUL 2007,56.5,56.75,56.5,56.75,13,8100,458075
30 JUL 2007,57,57,56.5,56.75,8,2500,142025
27 JUL 2007,55.5,57.25,55.5,56.5,15,4600,260325
26 JUL 2007,57,57,54.5,55.5,156,135700,7468800
24 JUL 2007,58,58,58,58,5,500,29000
19 JUL 2007,58,58,58,58,1,200,11600
18 JUL 2007,56.5,56.5,55,55,10,3900,215575
17 JUL 2007,57,57,56,56.5,5,800,45250
16 JUL 2007,57.25,57.25,57.25,57.25,5,1800,103050
12 JUL 2007,57.75,57.75,57.25,57.75,3,8000,461925
11 JUL 2007,57,57.5,57,57.5,3,500,28650
10 JUL 2007,58,58,57,58,3,2200,127500
9 JUL 2007,58,58,58,58,5,4400,255200
6 JUL 2007,59,59,58,58.25,8,2800,163875
5 JUL 2007,58.5,58.5,58.5,58.5,2,200,11700
4 JUL 2007,59,59,59,59,1,1000,59000
3 JUL 2007,60,60,60,60,1,500,30000
29 JUN 2007,58,58,58,58,2,700,40600
28 JUN 2007,60,60,58,59.25,8,2100,124650
27 JUN 2007,61,61,60,60,2,600,36500
26 JUN 2007,60,61.5,60,61.25,9,6700,410525
22 JUN 2007,59,59,59,59,2,2300,135700
21 JUN 2007,60,60,59.5,60,3,1200,71900
20 JUN 2007,60,60,60,60,4,1400,84000
19 JUN 2007,59.25,60,59.25,60,5,15500,929625
18 JUN 2007,59.75,60,59.25,59.25,5,3000,178575
15 JUN 2007,61,61,59.75,60,8,4200,252500
14 JUN 2007,60,60,60,60,1,2000,120000
13 JUN 2007,59.25,62,59.25,62,12,25200,1559750
12 JUN 2007,58,60,58,60,2,10100,605800
11 JUN 2007,58,60,58,59.75,5,1600,95550
7 JUN 2007,62,62,60,60,6,25800,1548550
6 JUN 2007,61,61.5,61,61.5,33,270800,16639450
5 JUN 2007,58,62,58,61,34,492000,30008775
4 JUN 2007,58.5,58.5,56,57.25,2,200,11450
1 JUN 2007,58.5,58.5,58.5,58.5,11,8000,468000
30 MAY 2007,58.5,58.5,58.5,58.5,5,2400,140400
29 MAY 2007,58.5,58.5,58.5,58.5,1,400,23400
28 MAY 2007,58.5,58.5,58.5,58.5,1,100,5850
22 MAY 2007,58.75,58.75,58.75,58.75,1,100,5875
21 MAY 2007,57,60,57,60,10,6000,358200
18 MAY 2007,55,57,55,56.5,9,3900,215850
17 MAY 2007,55,55.25,55,55,6,3800,209075
16 MAY 2007,55,55.5,55,55.25,10,2000,110425
15 MAY 2007,56,56,55,55.5,7,900,49875
14 MAY 2007,57,59,55,57.25,12,4400,248650
11 MAY 2007,57,58.25,57,58,4,500,28725
10 MAY 2007,58,58,58,58,7,8300,481400
9 MAY 2007,58.25,58.25,58.25,58.25,5,800,46600
8 MAY 2007,58,58.25,58,58,7,3500,203025
7 MAY 2007,58,58,58,58,3,1200,69600
4 MAY 2007,59,59,59,59,1,100,5900
30 APR 2007,59,59,59,59,5,700,41300
26 APR 2007,59,59,59,59,1,10000,590000
24 APR 2007,59,60,59,59.25,6,800,47300
23 APR 2007,59,60,59,60,10,9200,551800
20 APR 2007,59.5,60,59.5,60,6,900,53600
19 APR 2007,59.5,59.5,59.5,59.5,2,200,11900
17 APR 2007,60.25,60.25,59,60,6,900,53925
16 APR 2007,60.5,60.5,60.5,60.5,3,1000,60500
10 APR 2007,60,60,59.75,60,7,2600,155950
9 APR 2007,60,60,60,60,3,700,42000
5 APR 2007,60,60,60,60,3,400,24000
4 APR 2007,60,60,59,59,9,5200,311900
3 APR 2007,60,60,60,60,1,2000,120000
30 MAR 2007,59.75,70,59,63,13,7200,449225
29 MAR 2007,60,60,59,59,4,1300,77050
28 MAR 2007,60,60,59,60,23,83900,5033600
27 MAR 2007,59,60,59,60,31,123200,7390850
26 MAR 2007,59,59,55.25,59,14,2700,152725
23 MAR 2007,58,61,57,59,4,600,35000
22 MAR 2007,60,60,60,60,15,60600,3636000
21 MAR 2007,60,60,59,60,16,12800,766700
20 MAR 2007,60,60,60,60,2,1000,60000
19 MAR 2007,59.75,59.75,59.75,59.75,1,200,11950
16 MAR 2007,59.75,60,59.75,60,3,20200,1211975
15 MAR 2007,57.25,60,57,60,11,206400,12383150
14 MAR 2007,60.25,60.25,55.25,58.25,14,14100,843450
13 MAR 2007,60.25,60.25,60,60,5,11600,696500
12 MAR 2007,61,61,60,60.25,16,17600,1061475
9 MAR 2007,61,61,61,61,4,600,36600
8 MAR 2007,60,60,60,60,4,500,30000
7 MAR 2007,60.25,60.25,60.25,60.25,1,1000,60250
6 MAR 2007,60,62,60,62,4,600,36200
5 MAR 2007,59,60,59,60,12,12500,749900
2 MAR 2007,60,60.5,59,60,30,33000,1977200
1 MAR 2007,62,62,60.25,60.5,5,600,36325
28 FEB 2007,60.25,60.5,60,60,34,29300,1758725
27 FEB 2007,63,63,60,61,64,71300,4318725
26 FEB 2007,63.75,63.75,62.75,63,9,6200,393350
23 FEB 2007,63.75,63.75,63.75,63.75,4,2200,140250
22 FEB 2007,64,64,63.75,63.75,3,900,57400
21 FEB 2007,64.25,64.5,64,64,7,2900,185675
20 FEB 2007,62.25,64.5,62,64.25,14,10000,637600
19 FEB 2007,64.75,64.75,61,62,20,30400,1964425
15 FEB 2007,65.25,65.25,64.75,64.75,33,31800,2065425
14 FEB 2007,66.5,66.5,65.5,65.5,6,2500,165800
13 FEB 2007,67,67,66,66,21,60400,3996450
12 FEB 2007,67,67,67,67,1,100,6700
9 FEB 2007,66.5,67,65,65.75,21,14000,919700
8 FEB 2007,67,67,67,67,12,8000,536000
7 FEB 2007,68,68,68,68,5,2500,170000
6 FEB 2007,69,69,67.25,68.5,7,1300,88825
2 FEB 2007,69.5,69.5,69.5,69.5,2,2000,139000
31 JAN 2007,69.75,69.75,69.75,69.75,1,100,6975
30 JAN 2007,65.5,66.25,65.5,66,3,5100,336575
29 JAN 2007,66.5,66.5,65.75,66,8,2800,185800
26 JAN 2007,66.5,66.5,66,66,9,4900,324600
25 JAN 2007,66.75,66.75,66.25,66.5,8,1100,73175
24 JAN 2007,67.25,67.25,65,65,29,29900,1945800
23 JAN 2007,68,68,67.75,67.75,8,17800,1205975
22 JAN 2007,67,68,67,67.75,26,376100,25517700
19 JAN 2007,70,70,68,68,6,1200,82550
18 JAN 2007,70,70,69.75,70,13,6900,482575
17 JAN 2007,69.75,70,69.75,70,12,37400,2617800
16 JAN 2007,69.75,70,69.75,69.75,13,3700,258600
12 JAN 2007,70,70,68,68.25,12,6400,436300
11 JAN 2007,70,70,69,69.75,14,5600,390850
10 JAN 2007,70,70,70,70,10,2700,189000
9 JAN 2007,70,70,69.75,70,3,900,62975
8 JAN 2007,70,70,70,70,6,4300,301000
5 JAN 2007,70,70,69.5,70,15,11300,789400
4 JAN 2007,70,70,69.5,70,17,8100,566750
2 JAN 2007,70,70,69.5,70,7,1300,90700
28 DEC 2006,69.75,69.75,69,69,4,8500,586875
26 DEC 2006,69.75,69.75,69.75,69.75,1,5000,348750
22 DEC 2006,69,69,68.5,69,6,3200,220750
21 DEC 2006,69,69,69,69,1,1000,69000
20 DEC 2006,68.5,68.5,68,68.25,5,11200,764150
19 DEC 2006,69,69.5,69,69.5,5,1500,104100
14 DEC 2006,70,70,70,70,2,200,14000
13 DEC 2006,69,69,69,69,1,600,41400
12 DEC 2006,68.25,69,66.5,69,33,279900,18893475
11 DEC 2006,70,70,69,69,5,800,55300
8 DEC 2006,70,71,69,69.25,7,1600,110700
7 DEC 2006,69.75,69.75,69.75,69.75,2,200,13950
5 DEC 2006,69.5,69.5,69,69,8,1400,96750
1 DEC 2006,70,70,70,70,19,7300,511000
30 NOV 2006,71,71,71,71,1,200,14200
29 NOV 2006,71,71,71,71,1,2100,149100
28 NOV 2006,71.25,72,71,71,20,80000,5682800
27 NOV 2006,72,72,70,70.75,10,9700,687100
24 NOV 2006,71,73.75,71,73,4,1900,139250
23 NOV 2006,71,71,71,71,3,700,49700
22 NOV 2006,74,74,71,71,2,200,14500
21 NOV 2006,71,72,70.5,70.75,8,3900,276350
20 NOV 2006,68.25,73,68.25,73,5,900,62850
16 NOV 2006,71,80,71,75,28,10300,761075
15 NOV 2006,69.75,71,69.75,70,13,5900,412975
14 NOV 2006,70,70,70,70,5,800,56000
13 NOV 2006,70,70,70,70,5,10100,707000
10 NOV 2006,69,70,68,69.75,18,24100,1668825
9 NOV 2006,69,69.5,69,69,17,25400,1757050
8 NOV 2006,68.25,69,68,68.5,13,9300,635825
7 NOV 2006,68,68,68,68,10,9500,646000
6 NOV 2006,68,68,68,68,1,500,34000
2 NOV 2006,69,69.5,69,69.5,5,2200,152100
1 NOV 2006,68.5,68.75,68.5,68.5,11,14200,973825
31 OCT 2006,69.5,69.5,68,68.75,18,23100,1581775
30 OCT 2006,70,70,69,69.5,5,2700,187600
27 OCT 2006,68,68.25,68,68,7,6300,428425
26 OCT 2006,68,68,68,68,1,400,27200
25 OCT 2006,68,68,68,68,2,1000,68000
20 OCT 2006,68.5,68.5,68,68.25,8,1900,130000
19 OCT 2006,68.5,69,68.5,68.5,4,500,34300
18 OCT 2006,68.5,68.5,67.75,68,7,1200,81800
17 OCT 2006,69,69.5,69,69.25,10,3500,242725
16 OCT 2006,69.5,70,69.5,69.5,18,7800,543950
13 OCT 2006,67.5,68,67,67.75,24,16200,1094900
12 OCT 2006,68,68,66.75,67,18,5400,361975
11 OCT 2006,69.5,69.5,68,68,16,10000,680175
10 OCT 2006,66,69.75,66,66.75,14,6600,440100
9 OCT 2006,67,67,66,66.25,17,10900,725525
5 OCT 2006,65,66,65,65.25,7,5100,332700
4 OCT 2006,65,65,65,65,13,10100,656500
3 OCT 2006,63,64.5,63,63.5,3,700,44400
2 OCT 2006,64.75,64.75,64.5,64.5,4,1500,96775
29 SEP 2006,65,65,64.75,64.75,2,900,58375
28 SEP 2006,63.75,64,63.75,64,5,4100,262225
27 SEP 2006,63.5,63.75,61,63.75,8,2500,156000
26 SEP 2006,63,63.75,63,63.75,4,1000,63075
25 SEP 2006,64.75,64.75,63.75,63.75,5,800,51300
22 SEP 2006,64,64,63.5,63.75,2,200,12750
19 SEP 2006,64,64,63,63.5,4,600,38175
18 SEP 2006,64.75,65,64.75,65,2,600,38975
15 SEP 2006,65,65,64.5,64.5,6,2700,174250
14 SEP 2006,64,64.5,64,64.5,13,6200,397700
13 SEP 2006,64,64,63.75,64,9,3800,243000
12 SEP 2006,64,64,63.75,63.75,2,2600,165775
11 SEP 2006,62.5,64,62.5,63.75,3,600,38250
6 SEP 2006,64,64,64,64,3,900,57600
5 SEP 2006,64,64,64,64,5,1600,102400
4 SEP 2006,64,64,64,64,5,4200,268800
1 SEP 2006,64,64.25,64,64,4,700,44825
31 AUG 2006,63,64.5,63,64,16,17700,1121025
30 AUG 2006,61,61.5,61,61.25,2,200,12250
28 AUG 2006,60.5,60.5,60.5,60.5,1,500,30250
25 AUG 2006,63,63,63,63,1,100,6300
24 AUG 2006,62.75,62.75,60,60,8,88300,5298275
23 AUG 2006,62.5,62.5,62.5,62.5,1,100,6250
21 AUG 2006,62.5,62.5,62,62.25,2,700,43500
18 AUG 2006,63,63,63,63,1,100,6300
17 AUG 2006,63,63,62.25,62.5,8,3400,212525
16 AUG 2006,63,63.5,63,63.25,17,6200,390800
15 AUG 2006,63,63,63,63,2,600,37800
10 AUG 2006,63.25,63.5,63,63,8,4000,253100
7 AUG 2006,63.75,63.75,63.5,63.5,4,1100,69975
4 AUG 2006,59.75,60,59.75,60,10,5800,347875
3 AUG 2006,60,60,59.75,60,4,5100,305700
1 AUG 2006,60,60,60,60,2,600,36000
31 JUL 2006,59,62.5,59,60.25,5,1200,71750
28 JUL 2006,58,61,58,60,11,8300,497300
27 JUL 2006,57.5,59.5,57.5,59.5,3,600,35500
25 JUL 2006,59.5,59.5,59.5,59.5,2,300,17850
24 JUL 2006,59.5,59.5,59.5,59.5,1,100,5950
21 JUL 2006,59.75,59.75,59.75,59.75,3,800,47800
19 JUL 2006,59.5,59.5,59,59.25,2,300,17750
18 JUL 2006,59.75,60,59.5,60,17,14500,869575
17 JUL 2006,60,60,60,60,1,100,6000
14 JUL 2006,59.75,60,59.75,59.75,9,1400,83700
13 JUL 2006,60,60,59.75,59.75,3,1100,65750
12 JUL 2006,59.5,60,59.5,60,4,1700,101250
11 JUL 2006,60,60,60,60,1,100,6000
7 JUL 2006,60,60,60,60,1,2000,120000
6 JUL 2006,59,59.75,59,59.5,3,4400,259800
5 JUL 2006,58.25,58.25,58.25,58.25,1,200,11650
4 JUL 2006,59,59,59,59,5,4000,236000
3 JUL 2006,59,59,59,59,3,400,23600
30 JUN 2006,59,59,59,59,1,100,5900
29 JUN 2006,59,59,59,59,1,300,17700
28 JUN 2006,58,58,58,58,3,800,46400
27 JUN 2006,59,59,58.25,58.25,2,200,11725
26 JUN 2006,58.75,58.75,58,58,3,1200,69675
23 JUN 2006,58.25,58.25,58.25,58.25,1,500,29125
22 JUN 2006,59,59,56,58.75,12,27300,1610400
21 JUN 2006,57.5,57.5,57.5,57.5,1,2500,143750
20 JUN 2006,59,59,57,57.25,7,4100,234650
19 JUN 2006,59,59,57,58,5,5200,301500
16 JUN 2006,57,57,57,57,2,1000,57000
15 JUN 2006,57,57,57,57,6,5600,319200
14 JUN 2006,57.5,57.5,57.25,57.25,9,5600,321175
13 JUN 2006,59,59,57.25,57.5,5,2100,122150
12 JUN 2006,59,59,59,59,2,500,29500
9 JUN 2006,59.5,59.5,59.5,59.5,1,200,11900
8 JUN 2006,59,59,59,59,3,1500,88500
7 JUN 2006,59.25,59.25,59,59,7,3300,194950
6 JUN 2006,59.5,59.5,59,59.25,3,500,29650
5 JUN 2006,59.5,59.5,59.5,59.5,3,800,47600
2 JUN 2006,59.5,59.5,59,59,4,500,29625
1 JUN 2006,59,59,59,59,2,1500,88500
31 MAY 2006,59.25,59.25,59.25,59.25,4,800,47400
30 MAY 2006,59.5,59.5,59.5,59.5,1,200,11900
29 MAY 2006,59,59.25,59,59.25,3,1100,64950
26 MAY 2006,59.75,59.75,59,59,3,700,41375
25 MAY 2006,59,59,59,59,2,500,29500
24 MAY 2006,59.5,59.5,59.5,59.5,1,400,23800
22 MAY 2006,59.5,59.5,59.5,59.5,1,100,5950
19 MAY 2006,58.25,58.25,58.25,58.25,1,200,11650
18 MAY 2006,58.25,58.25,58,58.25,3,700,40725
17 MAY 2006,58.5,58.5,58.5,58.5,1,200,11700
16 MAY 2006,58.25,58.5,58,58.5,8,5800,338650
15 MAY 2006,59.5,59.5,58.5,58.5,7,1600,94700
10 MAY 2006,59.75,59.75,59.5,59.5,3,300,17875
9 MAY 2006,59.5,59.5,59.5,59.5,5,800,47600
8 MAY 2006,59.5,59.5,59.5,59.5,4,500,29750
5 MAY 2006,59.75,59.75,59.75,59.75,2,200,11950
4 MAY 2006,59.5,59.5,59,59,2,400,23750
3 MAY 2006,58.5,58.5,58.5,58.5,1,100,5850
2 MAY 2006,60,60,59,59.25,9,4800,284050
28 APR 2006,59,59.75,59,59,7,3400,201200
27 APR 2006,59,59,59,59,3,700,41300
26 APR 2006,58.25,59.25,58,58,17,4200,245950
25 APR 2006,58.75,59,58.5,59,6,2200,129250
24 APR 2006,58.75,58.75,58.5,58.5,2,300,17575
21 APR 2006,59.75,59.75,58.25,58.5,5,700,41100
20 APR 2006,58,59,58,59,4,500,29200
19 APR 2006,60,60,60,60,2,900,54000
18 APR 2006,60,60,60,60,1,100,6000
17 APR 2006,60,60,60,60,7,3000,180000
10 APR 2006,61,61,60.75,60.75,6,1700,103650
7 APR 2006,61,61,60.5,60.5,15,4600,279175
6 APR 2006,61.25,61.25,60.5,60.75,5,1600,97350
5 APR 2006,60.25,60.5,60.25,60.5,5,800,48325
4 APR 2006,60,60,60,60,5,3100,186000
3 APR 2006,59,60.5,59,60.25,3,1100,66400
31 MAR 2006,60,60,59,59,9,3100,183000
30 MAR 2006,60,60,58.5,59,13,4000,236150
29 MAR 2006,59.75,59.75,59.75,59.75,1,100,5975
28 MAR 2006,60,60,60,60,1,100,6000
27 MAR 2006,59.25,60,59,59.25,8,1500,89150
24 MAR 2006,60.5,60.5,60,60,8,10000,600500
23 MAR 2006,60.5,60.5,59.5,60,9,7400,444225
22 MAR 2006,60.75,60.75,60.5,60.5,4,2600,157450
21 MAR 2006,61,61,60,60.75,4,1300,78375
20 MAR 2006,61,61,60.5,60.5,6,2300,139775
17 MAR 2006,61,61,61,61,3,700,42700
15 MAR 2006,61,61,60,61,7,8600,524400
13 MAR 2006,61.25,61.25,61,61,2,300,18325
10 MAR 2006,60,60,60,60,1,2000,120000
9 MAR 2006,61,61,60,60.75,2,300,18200
8 MAR 2006,63,63,61.25,61.25,5,800,49525
7 MAR 2006,60,65,60,62.25,36,11500,730625
6 MAR 2006,59.25,60,59.25,60,9,16300,973500
3 MAR 2006,57,60.5,57,60,24,157200,9034100
2 MAR 2006,58,58.5,57,58.25,16,7300,419750
1 MAR 2006,60,60,60,60,1,100,6000
28 FEB 2006,58.5,58.5,58.5,58.5,2,300,17550
27 FEB 2006,60.5,60.5,58,58.25,9,13100,770800
24 FEB 2006,59,61,59,60,9,1700,101500
23 FEB 2006,59,60,59,59,17,22300,1331150
22 FEB 2006,58.75,59,58.75,59,9,1800,105925
21 FEB 2006,57,59,57,59,6,1900,111450
20 FEB 2006,58,58,57.5,57.75,6,2300,132800
17 FEB 2006,58,59,58,59,7,2800,163200
16 FEB 2006,59.5,59.5,59,59,3,1700,100900
15 FEB 2006,59.5,59.5,59.25,59.5,2,300,17825
14 FEB 2006,59.25,59.25,59.25,59.25,1,100,5925
13 FEB 2006,58.5,59.5,58.5,59.25,13,6200,363875
10 FEB 2006,58.75,59,58.75,58.75,6,8200,481775
9 FEB 2006,60,60,59,59.5,4,500,29825
8 FEB 2006,57,57.25,57,57.25,2,600,34225
7 FEB 2006,60,60,60,60,1,100,6000
6 FEB 2006,58,58,57,57,3,400,22900
2 FEB 2006,58,58,58,58,4,2000,116000
1 FEB 2006,57,60,57,57.25,4,3500,200375
31 JAN 2006,57,57,57,57,1,500,28500
30 JAN 2006,57,57,57,57,2,1100,62700
27 JAN 2006,58,58,57,57,5,3900,224100
26 JAN 2006,56.5,60,56.5,58,9,3000,174650
25 JAN 2006,56.5,57,56.5,56.75,9,4400,249900
24 JAN 2006,57,57,57,57,3,2400,136800
23 JAN 2006,57,60,57,57.5,8,2300,132200
20 JAN 2006,57,57,57,57,1,100,5700
19 JAN 2006,55,56,55,56,2,400,22200
18 JAN 2006,55,55,55,55,1,100,5500
17 JAN 2006,55.75,55.75,52,52,13,4000,215925
16 JAN 2006,56,57.75,56,57,7,1800,102725
10 JAN 2006,59,59,59,59,2,400,23600
9 JAN 2006,55.5,59.25,55,58.25,9,4900,272200
6 JAN 2006,60,60,59.5,59.75,6,900,53800
5 JAN 2006,55.75,60,55.75,59.75,41,45300,2700400
4 JAN 2006,60,60,60,60,2,500,30000
3 JAN 2006,60,60,58,58,5,10200,607550
2 JAN 2006,58,58.25,58,58,10,2600,150825
30 DEC 2005,58.5,58.5,57.75,57.75,2,600,34725
29 DEC 2005,52,53,52,52,8,3000,156200
28 DEC 2005,52,52,45.25,49.5,29,8500,416975
27 DEC 2005,53,53,49,50,22,13100,659375
23 DEC 2005,53,54,53,54,5,900,48500
22 DEC 2005,53,54.75,52.75,53.25,20,11600,621775
21 DEC 2005,53,53.75,53,53.75,4,2000,107400
20 DEC 2005,52,53.75,50.25,53.75,9,3500,182075
19 DEC 2005,52.25,52.75,52.25,52.75,6,2200,115450
16 DEC 2005,54,54,52,52.75,4,1400,73850
14 DEC 2005,54,54,54,54,4,2200,118800
13 DEC 2005,55,55,55,55,1,500,27500
12 DEC 2005,55,55,54.75,55,7,2300,126325
9 DEC 2005,55,56,51,54.75,18,12800,666575
8 DEC 2005,56,56,56,56,5,1500,84000
7 DEC 2005,50.5,56.75,50.5,56.5,11,2300,124975
6 DEC 2005,57,57,50,53.5,13,7000,369075
5 DEC 2005,57,57,55,55.75,4,1200,66900
2 DEC 2005,57,57,57,57,2,200,11400
1 DEC 2005,57.75,57.75,57,57.5,4,800,46025
30 NOV 2005,58,59.5,57.75,57.75,7,2500,145525
29 NOV 2005,59.5,59.5,59.5,59.5,4,2100,124950
28 NOV 2005,57.5,57.5,57.5,57.5,1,100,5750
25 NOV 2005,56,56,55,55.25,8,3100,171350
24 NOV 2005,60,60,56,56.25,7,1400,80200
23 NOV 2005,55,58.5,55,55,11,5100,283350
22 NOV 2005,55,55,50,55,11,5400,277825
21 NOV 2005,60,60,53,53.25,20,10600,580450
18 NOV 2005,58,61,58,59.5,7,1900,112575
17 NOV 2005,60.25,60.25,60,60,5,30100,1811000
16 NOV 2005,60,60,60,60,20,38600,2316000
11 NOV 2005,59.25,60,59,59.25,8,7000,414550
10 NOV 2005,60,60,59,59,12,3200,189125
9 NOV 2005,60,60,59.5,59.5,4,1300,77500
8 NOV 2005,60,60,59,59.5,16,3500,209350
7 NOV 2005,61,61.75,60,60,18,126000,7563575
3 NOV 2005,61,61,60.25,60.5,12,6500,394725
2 NOV 2005,60.5,62,60,60.5,7,2700,163500
31 OCT 2005,61.5,61.5,61.5,61.5,2,1000,61500
28 OCT 2005,60.5,60.5,60.5,60.5,1,500,30250
26 OCT 2005,61.25,62,61.25,62,5,2700,166950
25 OCT 2005,61,61,61,61,1,100,6100
24 OCT 2005,60.5,61,60.5,61,8,8600,524500
21 OCT 2005,60,61,60,61,16,6300,380900
20 OCT 2005,60,60,60,60,2,200,12000
19 OCT 2005,61.5,61.5,60,61.25,8,1700,104275
18 OCT 2005,63,63,62,62.5,6,1600,100200
14 OCT 2005,62,62.75,62,62.5,21,8000,499125
13 OCT 2005,60.5,61.25,60.5,61.25,6,22300,1365250
12 OCT 2005,61,61,61,61,3,2000,122000
11 OCT 2005,61,61.25,61,61.25,2,1700,104050
10 OCT 2005,60.25,62.75,60.25,62.75,7,2200,133525
7 OCT 2005,61,62.75,60,62.25,6,1600,98175
6 OCT 2005,60,61,59.75,60,10,4300,258675
5 OCT 2005,61,61,60,60,3,1500,90500
4 OCT 2005,63,63,61,61,2,600,37000
3 OCT 2005,61.75,63,61.25,62,10,2900,179300
30 SEP 2005,59,65,59,60.5,24,19600,1189925
29 SEP 2005,56,59,56,59,11,4900,281425
28 SEP 2005,56,56,55.5,55.5,3,1600,89550
27 SEP 2005,56,56,56,56,1,500,28000
23 SEP 2005,56.5,56.5,56.5,56.5,5,800,45200
22 SEP 2005,56,56,55,56,10,10100,560075
21 SEP 2005,55,55,55,55,2,300,16500
20 SEP 2005,54.75,55,54,55,5,1400,76875
19 SEP 2005,54,54.5,53,54.5,8,6200,334400
15 SEP 2005,55,55,55,55,2,1000,55000
14 SEP 2005,55,55,55,55,1,100,5500
13 SEP 2005,56,56,55,55,3,2300,127800
12 SEP 2005,55,56,54,54.75,9,3600,197550
8 SEP 2005,54.5,55,54.5,54.75,6,1800,98325
7 SEP 2005,54.5,54.5,54.5,54.5,3,3500,190750
6 SEP 2005,54.5,54.5,54,54.5,4,1400,76150
5 SEP 2005,55,55.5,55,55.25,2,1400,77200
2 SEP 2005,53.25,55.25,53.25,55.25,2,200,10850
31 AUG 2005,54.75,54.75,54.75,54.75,1,200,10950
30 AUG 2005,56.5,56.5,54.75,55.25,7,1500,83925
29 AUG 2005,56.5,56.5,56.5,56.5,3,300,16950
26 AUG 2005,56,60,56,56.75,8,5200,294550
25 AUG 2005,54.75,55,54.75,55,4,500,27475
24 AUG 2005,55,55,54.75,55,2,200,10975
23 AUG 2005,55,56,54.5,54.75,14,55400,3026850
22 AUG 2005,55,55,55,55,4,1200,66000
18 AUG 2005,56,56,56,56,1,200,11200
17 AUG 2005,55,56.5,55,56.25,11,7000,385650
16 AUG 2005,55,55.5,55,55,10,3400,187300
15 AUG 2005,55.75,55.75,55.75,55.75,1,100,5575
12 AUG 2005,55.75,55.75,55.75,55.75,1,200,11150
11 AUG 2005,55,55,55,55,6,8400,462000
10 AUG 2005,55,55,55,55,7,31300,1721500
9 AUG 2005,54.75,55,54,54.75,9,2800,152750
8 AUG 2005,55.5,56,55,55.5,9,4600,253525
5 AUG 2005,56,56,55,55,4,5100,280600
4 AUG 2005,55.25,55.25,54.25,54.75,4,1300,71575
3 AUG 2005,56,56,56,56,2,200,11200
2 AUG 2005,56,56,53.75,56,16,4600,251775
29 JUL 2005,54.5,54.5,53.75,53.75,14,4900,264175
28 JUL 2005,54.5,54.5,54.5,54.5,3,600,32700
27 JUL 2005,54.5,54.5,54,54.5,11,4900,266750
26 JUL 2005,54.5,54.5,54.5,54.5,2,300,16350
25 JUL 2005,54,54.5,54,54.25,14,82200,4445150
22 JUL 2005,52.75,53.5,52.75,53.5,2,400,21175
20 JUL 2005,53.5,53.5,53.5,53.5,1,300,16050
18 JUL 2005,53.5,54,53.5,54,17,75000,4037600
15 JUL 2005,53.5,55,53.5,54,13,35000,1874600
14 JUL 2005,53.5,53.5,53,53.5,16,175900,9407950
13 JUL 2005,54,54,53.5,53.5,4,2800,149850
12 JUL 2005,55,55,53,53,25,251000,13313050
11 JUL 2005,55,55,55,55,2,1300,71500
8 JUL 2005,54,54,54,54,1,100,5400
6 JUL 2005,52.5,52.5,52.5,52.5,1,1700,89250
5 JUL 2005,52,52.5,52,52.25,8,1100,57425
4 JUL 2005,52.25,52.25,52.25,52.25,2,500,26125
1 JUL 2005,52.5,52.5,52.5,52.5,2,500,26250
30 JUN 2005,52,52.25,52,52.25,5,2900,150975
29 JUN 2005,52,52,52,52,6,7600,395200
27 JUN 2005,52,52.5,52,52.5,2,3600,187500
24 JUN 2005,52,52,52,52,5,47900,2490800
23 JUN 2005,52,52,52,52,1,100,5200
22 JUN 2005,52,52.5,52,52.5,8,2700,140650
20 JUN 2005,53,53,52.5,52.5,3,400,21150
17 JUN 2005,52,52,52,52,1,200,10400
16 JUN 2005,52,52,51,51,9,4800,248700
15 JUN 2005,52,52,51.75,52,8,8400,436775
14 JUN 2005,51,52,51,52,4,3400,176600
13 JUN 2005,51,51,51,51,2,200,10200
10 JUN 2005,55,55,52,52,7,6500,339875
9 JUN 2005,52,55,52,52.25,27,42200,2199100
8 JUN 2005,58,58,52,52,2,5100,265800
7 JUN 2005,52,52,50,50,11,9500,480125
6 JUN 2005,52.5,52.5,52,52,6,2600,135250
3 JUN 2005,52,52,51.75,52,4,7700,398850
2 JUN 2005,52,52,52,52,4,3900,202800
1 JUN 2005,52,52,52,52,4,2900,150800
31 MAY 2005,53,53,52,52,5,2100,111100
30 MAY 2005,54,54,53.5,53.5,7,4300,230975
27 MAY 2005,54,54.25,54,54,16,16400,885675
26 MAY 2005,53,54,53,54,10,17500,943050
25 MAY 2005,52.25,54,52,54,17,14700,791500
20 MAY 2005,52,52,52,52,1,500,26000
19 MAY 2005,52,52,51,52,8,5700,295400
18 MAY 2005,52,52,52,52,5,1200,62400
17 MAY 2005,52,52,52,52,7,10000,520000
16 MAY 2005,54,54,54,54,6,7400,399600
13 MAY 2005,52,55,52,54,27,49200,2651475
12 MAY 2005,51.75,53,51.75,52,24,34600,1800725
11 MAY 2005,50,51.75,50,51.5,13,29300,1506625
10 MAY 2005,51,51,50,50,6,1700,85350
9 MAY 2005,50.75,51.25,50.5,51.25,3,1100,55650
6 MAY 2005,51,51.5,51,51.25,7,2200,112250
5 MAY 2005,49,54,49,50,38,90100,4466650
4 MAY 2005,48,48.5,48,48,8,4000,192350
3 MAY 2005,48.5,48.5,48.5,48.5,1,100,4850
29 APR 2005,48,48,48,48,5,15400,739200
28 APR 2005,47.5,47.5,47.5,47.5,1,13200,627000
27 APR 2005,47,48,47,48,21,221700,10528825
25 APR 2005,46.75,47,46.75,47,7,27800,1306100
21 APR 2005,46,46.5,46,46.5,14,37300,1727750
20 APR 2005,46,46,46,46,6,28100,1292600
19 APR 2005,45,46.5,45,46,5,48700,2239900
18 APR 2005,46,46,46,46,3,300,13800
15 APR 2005,47,47,47,47,5,136700,6424900
12 APR 2005,45,47.25,45,47,23,65400,3062775
8 APR 2005,44.25,45,44.25,45,2,1200,53850
7 APR 2005,45,45,44.5,45,6,4900,220400
6 APR 2005,45,45,45,45,1,500,22500
5 APR 2005,45,45,45,45,10,4200,189000
4 APR 2005,45,45,45,45,1,100,4500
1 APR 2005,45,45,45,45,1,200,9000
31 MAR 2005,45.75,45.75,45.5,45.5,5,14800,673425
30 MAR 2005,45.5,45.5,45.5,45.5,2,700,31850
28 MAR 2005,45.5,45.5,45.5,45.5,2,900,40950
24 MAR 2005,45,45.5,45,45.5,4,2300,104550
23 MAR 2005,45.25,45.25,45.25,45.25,1,1000,45250
22 MAR 2005,45,45.5,45,45.5,5,3600,163000
21 MAR 2005,45.5,45.5,45,45,11,9000,407850
18 MAR 2005,46,46,45.5,45.75,9,6600,303275
17 MAR 2005,46,46,46,46,2,1000,46000
16 MAR 2005,46,46,46,46,1,1000,46000
15 MAR 2005,47,47,46.5,46.5,5,1200,56050
14 MAR 2005,46.5,46.5,46.25,46.25,3,700,32425
11 MAR 2005,46.5,46.5,46.25,46.25,3,2400,111100
10 MAR 2005,46.5,46.5,46.5,46.5,1,200,9300
9 MAR 2005,46.5,46.5,46.5,46.5,1,300,13950
7 MAR 2005,47,47,46.25,46.75,8,3900,182150
4 MAR 2005,47,47,47,47,1,100,4700
3 MAR 2005,46.75,47,46.75,47,4,6000,281950
2 MAR 2005,45.25,46.75,45,46.75,10,4900,223800
1 MAR 2005,45,45,45,45,3,1000,45000
28 FEB 2005,45,45.25,45,45.25,5,1400,63225
25 FEB 2005,45.25,45.25,45.25,45.25,6,3200,144800
24 FEB 2005,44.75,45,44.75,45,4,800,35975
22 FEB 2005,45,45,44.5,44.75,7,7400,331225
21 FEB 2005,45,45,44.5,44.75,4,1200,53725
18 FEB 2005,45,45,45,45,1,1000,45000
17 FEB 2005,45,45,45,45,7,3000,135000
16 FEB 2005,45,45,44.5,44.5,2,300,13400
15 FEB 2005,45,45,45,45,9,3500,157500
14 FEB 2005,44.5,44.5,44.5,44.5,1,1300,57850
11 FEB 2005,44.5,44.5,44.5,44.5,9,2700,120150
10 FEB 2005,44,44.25,44,44,4,1700,74925
9 FEB 2005,44.5,44.5,44.5,44.5,1,100,4450
8 FEB 2005,45.5,45.5,44.5,44.75,6,1600,72400
7 FEB 2005,45,46.5,45,45.75,12,9400,424250
3 FEB 2005,44,45,44,44.5,10,10900,489200
2 FEB 2005,43.5,44,43.5,44,4,500,21875
1 FEB 2005,43.5,43.5,43.5,43.5,4,900,39150
31 JAN 2005,43,43,43,43,6,9200,395600
28 JAN 2005,43.25,43.5,43.25,43.5,2,800,34625
27 JAN 2005,42.75,43.25,42.75,43,14,11600,499825
26 JAN 2005,43,43,42.5,43,5,7100,305000
25 JAN 2005,42,43,42,43,3,600,25300
20 JAN 2005,42.25,42.25,42,42,5,3000,126025
19 JAN 2005,42,42.25,42,42,5,2600,109325
18 JAN 2005,42,42,42,42,1,100,4200
17 JAN 2005,42,42,42,42,5,1800,75600
13 JAN 2005,42,42,42,42,3,8200,344400
12 JAN 2005,45,45,43.5,44,20,10100,445900
11 JAN 2005,45,45,44.75,44.75,5,5000,224000
10 JAN 2005,46,46,44.5,45.75,5,2400,110050
7 JAN 2005,45.25,46,45,46,10,3300,149075
6 JAN 2005,45,45.5,45,45,11,8300,373800
5 JAN 2005,44.75,45,44.25,45,14,14700,660125
4 JAN 2005,43,44.5,43,44.25,12,12600,550225
3 JAN 2005,42,43,42,43,2,3900,166800
31 DEC 2004,41.5,44,41.5,43,4,2100,88900
30 DEC 2004,41.5,41.5,41.5,41.5,2,200,8300
22 DEC 2004,41.25,41.5,41.25,41.5,3,2600,107825
21 DEC 2004,41.25,41.25,41.25,41.25,4,4400,181500
20 DEC 2004,41.25,41.25,41.25,41.25,1,200,8250
17 DEC 2004,41,41.5,41,41,7,1900,78175
15 DEC 2004,41,41,41,41,3,8000,328000
14 DEC 2004,41,41,41,41,1,100,4100
10 DEC 2004,41,41,41,41,6,14300,586300
8 DEC 2004,41,41,40.25,40.5,4,1200,48825
7 DEC 2004,40.75,42.25,40.75,41,3,600,24600
3 DEC 2004,41,41,41,41,1,100,4100
2 DEC 2004,40.75,40.75,40.75,40.75,2,200,8150
1 DEC 2004,40,40.5,40,40.5,2,1000,40250
30 NOV 2004,40,40,40,40,1,800,32000
25 NOV 2004,40,40,40,40,2,4700,188000
24 NOV 2004,40,40,40,40,4,1400,56000
23 NOV 2004,40,40,40,40,3,600,24000
22 NOV 2004,39.75,40,39.5,39.75,4,3200,126825
19 NOV 2004,40,40,40,40,2,6800,272000
18 NOV 2004,39.5,40,39.5,40,2,2100,83300
16 NOV 2004,39.5,39.5,39.25,39.5,10,5600,220950
15 NOV 2004,40,40,40,40,1,1000,40000
12 NOV 2004,40,40,39.5,39.5,2,2000,79500
10 NOV 2004,40,40,40,40,2,200,8000
9 NOV 2004,39.5,39.75,39.5,39.75,2,700,27700
8 NOV 2004,40,40,39.5,40,5,5200,207950
5 NOV 2004,40.5,40.5,40,40,4,1300,52600
4 NOV 2004,40.5,40.5,40.5,40.5,2,200,8100
3 NOV 2004,40.5,40.5,40,40.5,3,500,20200
2 NOV 2004,40,40,40,40,3,1200,48000
1 NOV 2004,40.75,40.75,40,40,11,29000,1172800
29 OCT 2004,40.5,40.75,40.5,40.75,8,23700,964850
28 OCT 2004,40.75,41,40.5,40.5,9,13200,535575
26 OCT 2004,40.5,40.5,40.5,40.5,1,200,8100
25 OCT 2004,40.5,40.75,40.5,40.5,4,5600,227050
22 OCT 2004,40.5,40.5,40.5,40.5,4,1700,68850
20 OCT 2004,40.25,40.25,40.25,40.25,5,1700,68425
19 OCT 2004,41,41,41,41,10,63300,2595300
18 OCT 2004,41,41,41,41,1,100,4100
15 OCT 2004,42,42,42,42,17,12500,525000
14 OCT 2004,42,42,42,42,2,1300,54600
13 OCT 2004,42,42.5,42,42.5,5,2400,101400
12 OCT 2004,41,42,41,42,11,11400,478700
11 OCT 2004,42,42,41.75,42,9,2500,104825
8 OCT 2004,41.5,42,41.5,42,7,6000,249750
7 OCT 2004,42,42,42,42,10,7100,298200
6 OCT 2004,42,42,42,42,13,13800,579600
4 OCT 2004,41,41,41,41,1,100,4100
29 SEP 2004,40,40.5,40,40,12,27600,1104725
27 SEP 2004,39.75,40,39.75,40,2,800,31875
24 SEP 2004,39.5,40,39.5,40,4,4200,166000
23 SEP 2004,40,40,40,40,3,1200,48000
22 SEP 2004,40.25,40.25,40,40,3,1400,56025
21 SEP 2004,40,40,40,40,11,23600,944000
20 SEP 2004,40,40,40,40,1,2000,80000
17 SEP 2004,40,40,40,40,2,800,32000
16 SEP 2004,39.5,39.5,39,39,13,51100,1994550
15 SEP 2004,40,40,39.5,39.5,8,9000,355650
13 SEP 2004,39.75,40,39.75,40,3,500,19950
10 SEP 2004,40,40,39.5,40,3,1600,63900
9 SEP 2004,40,40,39.75,40,2,700,27950
8 SEP 2004,40.5,40.5,40,40.5,3,700,28300
6 SEP 2004,40,40,40,40,3,600,24000
3 SEP 2004,39.25,39.25,39.25,39.25,1,200,7850
2 SEP 2004,40,40,40,40,1,500,20000
1 SEP 2004,40,40,40,40,3,400,16000
31 AUG 2004,40,40,40,40,6,6800,272000
30 AUG 2004,40,42,40,40,7,2300,92800
27 AUG 2004,41,41,41,41,5,3400,139400
26 AUG 2004,40,40.75,40,40.75,6,1300,52150
25 AUG 2004,40,40,40,40,2,700,28000
24 AUG 2004,40.25,40.25,40,40,6,2400,96075
23 AUG 2004,40.5,40.5,40.5,40.5,1,1000,40500
20 AUG 2004,40,40,39,40,7,3700,144700
19 AUG 2004,40,40.5,40,40,10,13300,532550
18 AUG 2004,40,40,40,40,1,200,8000
17 AUG 2004,40.75,40.75,40.75,40.75,4,7100,289325
16 AUG 2004,40.75,41,40.75,40.75,3,2100,85600
13 AUG 2004,40.25,41,40.25,40.75,4,11100,454525
12 AUG 2004,40.5,40.75,40.5,40.75,2,900,36525
11 AUG 2004,41,41.25,40.5,41,12,19700,808050
10 AUG 2004,41,41,40.5,40.75,11,6600,269600
9 AUG 2004,40,41,40,40.25,12,23900,962800
6 AUG 2004,39.25,40,39.25,40,2,4100,163925
5 AUG 2004,39.5,40,39,39.5,5,5100,200400
4 AUG 2004,40,41,40,40,11,12600,505250
3 AUG 2004,40,40,40,40,2,1000,40000
2 AUG 2004,40,40,40,40,5,5700,228000
30 JUL 2004,40,40,40,40,1,500,20000
29 JUL 2004,40,40,40,40,5,8400,336000
28 JUL 2004,40,40,40,40,8,56700,2268000
27 JUL 2004,40,40,40,40,7,4300,172000
26 JUL 2004,40,40,40,40,5,505000,20200000
23 JUL 2004,40.75,40.75,40,40.25,5,1800,72325
21 JUL 2004,40,40.75,40,40.75,3,800,32150
20 JUL 2004,41,41,41,41,3,2600,106600
19 JUL 2004,41.5,41.5,41.5,41.5,1,200,8300
16 JUL 2004,42,42,41.5,41.5,17,9100,378700
15 JUL 2004,42,42,42,42,1,100,4200
14 JUL 2004,41.25,41.25,41.25,41.25,4,12600,519750
13 JUL 2004,42.25,42.25,42.25,42.25,3,500,21125
9 JUL 2004,42,42.5,42,42.25,4,2700,113500
8 JUL 2004,41.5,41.5,41.5,41.5,1,400,16600
7 JUL 2004,41,41,40.5,40.75,7,4400,180025
6 JUL 2004,40.5,40.5,40.5,40.5,5,12200,494100
5 JUL 2004,40.5,41,40.5,41,7,29400,1201700
1 JUL 2004,40.5,40.5,40.5,40.5,2,1000,40500
30 JUN 2004,41,41,40.5,41,5,3700,151650
29 JUN 2004,40.75,41,40.75,41,3,2000,81750
28 JUN 2004,41,41,40.5,40.5,4,1200,48650
25 JUN 2004,41.25,41.25,41.25,41.25,2,600,24750
24 JUN 2004,40.5,40.5,40.5,40.5,1,400,16200
21 JUN 2004,40.75,40.75,40.75,40.75,3,600,24450
16 JUN 2004,41,41,41,41,4,50000,2050000
15 JUN 2004,41,41,41,41,4,75000,3075000
11 JUN 2004,40,40,39.5,39.5,8,7800,308350
10 JUN 2004,40,40,40,40,1,1000,40000
9 JUN 2004,40,40,40,40,3,25200,1008000
8 JUN 2004,40.5,40.5,40,40,2,900,36250
7 JUN 2004,40,40,40,40,1,100,4000
4 JUN 2004,40.25,40.25,40.25,40.25,1,1600,64400
3 JUN 2004,41,41,41,41,2,1100,45100
31 MAY 2004,40.75,41,40.75,41,2,600,24575
28 MAY 2004,41,41,41,41,3,700,28700
27 MAY 2004,41,41,41,41,4,2600,106600
26 MAY 2004,41,41.25,41,41,15,26900,1102925
25 MAY 2004,40,41.5,40,41,18,8800,356875
24 MAY 2004,40,40,40,40,5,3200,128000
19 MAY 2004,40,40,40,40,6,12000,480000
18 MAY 2004,39.5,39.5,39.5,39.5,5,12000,474000
17 MAY 2004,39.75,39.75,39.5,39.5,8,5100,201550
14 MAY 2004,39.75,39.75,39.5,39.5,3,500,19775
13 MAY 2004,39.5,40,39.5,39.75,4,800,31850
12 MAY 2004,39,39,39,39,12,26500,1033500
11 MAY 2004,39,39,39,39,3,1600,62400
10 MAY 2004,39,39,39,39,7,5700,222300
6 MAY 2004,38.5,38.5,38,38,22,14800,564850
3 MAY 2004,39,39,39,39,1,100,3900
29 APR 2004,38.75,38.75,38.75,38.75,2,1500,58125
28 APR 2004,39,39,38.75,38.75,4,1600,62050
27 APR 2004,39,39.5,39,39,7,2000,78350
26 APR 2004,39,39.5,39,39,6,8500,331675
22 APR 2004,39,39,39,39,2,900,35100
21 APR 2004,38.25,38.75,38,38.75,7,25200,957775
20 APR 2004,39,39,38.75,39,3,4800,187150
19 APR 2004,39.5,39.5,39,39.25,3,1600,63000
16 APR 2004,39.5,39.5,39.5,39.5,2,400,15800
15 APR 2004,39.25,40,39.25,40,3,800,31925
14 APR 2004,39.25,39.25,39.25,39.25,3,2000,78500
8 APR 2004,39,40,39,39,7,4000,156900
7 APR 2004,38,38.75,38,38.75,6,3800,144550
6 APR 2004,35,38,35,38,19,28500,1049750
2 APR 2004,41.25,41.75,41,41.25,12,3800,157225
1 APR 2004,41.5,41.5,41.25,41.25,8,28300,1168200
31 MAR 2004,41.5,41.5,41,41,11,52000,2132250
30 MAR 2004,41,41.5,41,41.5,6,2600,107750
29 MAR 2004,40.5,40.5,40.5,40.5,3,500,20250
26 MAR 2004,40,41,40,40.5,7,2100,84800
25 MAR 2004,40,40,40,40,8,12000,480000
23 MAR 2004,39.5,40,39.5,40,4,600,23950
22 MAR 2004,40,40,40,40,4,1600,64000
19 MAR 2004,40,40,40,40,4,3000,120000
18 MAR 2004,40,40,40,40,1,900,36000
17 MAR 2004,40,40,40,40,1,100,4000
16 MAR 2004,39.5,40,39.5,40,7,6400,255400
15 MAR 2004,39.25,39.25,39.25,39.25,1,200,7850
12 MAR 2004,41.75,42,41.75,42,8,60000,2519875
11 MAR 2004,41,42,41,42,18,185600,7759100
10 MAR 2004,39.25,41,39.25,40.75,25,76000,3093650
9 MAR 2004,39,39,39,39,1,2000,78000
8 MAR 2004,39,39,39,39,1,500,19500
5 MAR 2004,38.25,39.5,38,39,11,21100,822425
4 MAR 2004,39.75,39.75,39.75,39.75,2,300,11925
3 MAR 2004,39.75,39.75,39.75,39.75,3,1000,39750
2 MAR 2004,40,40,40,40,7,5100,204000
1 MAR 2004,41,41,40,40,6,3500,140400
27 FEB 2004,41,41,41,41,4,1700,69700
26 FEB 2004,40,40.5,40,40.5,4,1200,48150
25 FEB 2004,39.5,40.5,39.5,40.5,6,1700,68100
24 FEB 2004,39.5,39.5,39,39,3,1600,62650
23 FEB 2004,39.5,39.5,39,39.5,2,1200,47300
20 FEB 2004,39,39,39,39,3,1400,54600
19 FEB 2004,38.75,39,38.75,39,8,2500,97375
17 FEB 2004,38.5,38.5,38.5,38.5,4,2700,103950
16 FEB 2004,37.5,37.5,37.5,37.5,2,300,11250
13 FEB 2004,37.75,38,37,37.5,7,3100,116400
12 FEB 2004,36.25,37.75,36.25,36.75,7,1500,55225
10 FEB 2004,35.5,35.5,35,35.25,17,9700,342625
9 FEB 2004,37.5,37.5,35,35.5,12,6400,233500
6 FEB 2004,40,40,39.5,39.5,2,1000,39750
3 FEB 2004,38.25,38.25,38.25,38.25,1,200,7650
30 JAN 2004,38.5,39,38.5,39,3,1200,46550
29 JAN 2004,38.5,38.5,38,38,2,1100,41850
28 JAN 2004,38.5,38.5,38.5,38.5,2,2000,77000
27 JAN 2004,38,38.5,38,38.5,4,47100,1812000
23 JAN 2004,38,38,37.5,37.5,4,600,22600
22 JAN 2004,38,38,38,38,4,45000,1710000
21 JAN 2004,38,38.25,38,38,11,4500,171375
20 JAN 2004,38.25,38.25,38,38,2,4700,178625
19 JAN 2004,38.75,38.75,37.25,38.25,7,11500,442575
16 JAN 2004,40,40.25,40,40,6,2500,100250
14 JAN 2004,40,40,40,40,8,6900,276000
13 JAN 2004,40,40,40,40,2,200,8000
12 JAN 2004,40,40,40,40,2,1000,40000
9 JAN 2004,40,40,40,40,9,17100,684000
8 JAN 2004,39.25,40,39.25,40,11,50000,1993750
6 JAN 2004,40,40.5,40,40.5,5,25600,1024275
5 JAN 2004,39.5,39.5,39.5,39.5,1,100,3950
2 JAN 2004,38.5,39,38,38,32,26200,998000
31 DEC 2003,38.5,38.5,38.5,38.5,1,200,7700
30 DEC 2003,37.75,37.75,37.75,37.75,1,100,3775
29 DEC 2003,39,39,38,38.25,4,500,19125
26 DEC 2003,39,39,39,39,1,1000,39000
24 DEC 2003,39,39,39,39,6,3400,132600
23 DEC 2003,39,39,39,39,2,200,7800
22 DEC 2003,39,39,39,39,1,100,3900
19 DEC 2003,38.5,38.5,38.5,38.5,2,500,19250
18 DEC 2003,37.25,37.25,35,36.75,5,1500,55650
17 DEC 2003,37.5,37.5,37.25,37.25,4,26000,968750
16 DEC 2003,37.5,37.5,37.5,37.5,2,400,15000
15 DEC 2003,39,39,37.25,37.25,8,8700,324850
12 DEC 2003,38,39,38,39,7,31300,1220550
11 DEC 2003,40,40,38.5,39,5,40200,1567850
10 DEC 2003,37.25,37.25,37.25,37.25,1,200,7450
9 DEC 2003,37.25,37.25,37.25,37.25,1,200,7450
5 DEC 2003,38,38,38,38,1,200,7600
4 DEC 2003,37.25,38,36.5,37,20,24600,922200
3 DEC 2003,36.5,38,36.5,37.25,6,6800,253150
2 DEC 2003,36.5,37,36.5,36.5,6,2900,106600
1 DEC 2003,38,38,38,38,2,1400,53200
27 NOV 2003,39,39,39,39,2,700,27300
25 NOV 2003,39.25,39.25,39.25,39.25,1,200,7850
24 NOV 2003,38,38,38,38,1,10000,380000
21 NOV 2003,40,40,39,39,3,10700,427300
20 NOV 2003,40,40,40,40,2,1500,60000
19 NOV 2003,40,40,40,40,4,1900,76000
18 NOV 2003,38.25,38.25,37,38,4,1200,45450
17 NOV 2003,39,39,39,39,2,1500,58500
14 NOV 2003,40,40,38.5,38.5,3,300,11850
12 NOV 2003,38.5,40,38,38.5,7,2800,107500
11 NOV 2003,36,36,36,36,4,2300,82800
10 NOV 2003,38,38,38,38,1,200,7600
7 NOV 2003,40,40,39.5,40,5,4000,159750
6 NOV 2003,36,38,36,38,8,11500,425500
5 NOV 2003,39,39,35,36.25,6,3600,130900
4 NOV 2003,41.5,41.5,40.25,40.75,9,2600,105950
3 NOV 2003,41.25,41.25,41.25,41.25,2,400,16500
31 OCT 2003,41.5,41.5,41.25,41.25,3,1500,62200
30 OCT 2003,41.5,41.5,41.5,41.5,3,3300,136950
29 OCT 2003,42,42,41.75,42,4,2100,87950
28 OCT 2003,42,42.25,41,42,15,30600,1272700
27 OCT 2003,42,42,41.75,41.75,5,60800,2539100
23 OCT 2003,41,42.5,41,42,7,8500,356600
22 OCT 2003,41,41,41,41,8,4500,184500
21 OCT 2003,42,42,41,41.75,3,900,37500
20 OCT 2003,42,42,41.5,41.5,3,1200,49900
17 OCT 2003,43,43,42,42.25,14,12300,522500
16 OCT 2003,43,43,42.5,43,6,5500,236250
15 OCT 2003,42.75,43,42.75,42.75,4,1100,47050
14 OCT 2003,42.75,43,42.75,43,9,35500,1526425
13 OCT 2003,43,43,42.5,43,6,8100,348250
10 OCT 2003,43,43,42.75,43,11,16100,691800
8 OCT 2003,42,42,42,42,1,200,8400
7 OCT 2003,42,42,41.5,42,4,1500,62900
6 OCT 2003,42,42,42,42,3,2000,84000
3 OCT 2003,43,43,43,43,8,23600,1014800
2 OCT 2003,42,43,42,42.5,9,11200,476900
1 OCT 2003,43,43,43,43,1,100,4300
30 SEP 2003,42,44,42,43,7,11400,491600
29 SEP 2003,42,42,42,42,1,7000,294000
26 SEP 2003,42,42,42,42,4,4600,193200
25 SEP 2003,42,42,42,42,8,10200,428400
24 SEP 2003,42,42,42,42,8,5800,243600
23 SEP 2003,42,42,42,42,7,6100,256200
22 SEP 2003,40.75,40.75,40.5,40.5,2,3700,149975
19 SEP 2003,42,42,42,42,1,500,21000
18 SEP 2003,41,41,41,41,1,100,4100
17 SEP 2003,41.75,42,41.5,41.75,8,91000,3794275
16 SEP 2003,41.5,42.5,41.5,42.5,11,22300,944125
15 SEP 2003,41,41,41,41,4,2700,110700
12 SEP 2003,40.5,41,40.5,41,10,9800,400900
11 SEP 2003,40.5,40.5,40.5,40.5,4,10500,425250
9 SEP 2003,40.5,40.5,40,40.25,12,4800,193300
8 SEP 2003,40.5,40.5,40.5,40.5,5,4000,162000
5 SEP 2003,41.5,41.5,40,40.5,24,21600,877450
4 SEP 2003,42,42,42,42,1,3000,126000
3 SEP 2003,42.25,42.25,42,42,11,32100,1348350
2 SEP 2003,42.25,42.25,42.25,42.25,4,1100,46475
1 SEP 2003,43.5,43.5,43,43.25,2,2000,86300
29 AUG 2003,42.25,43,42,42,7,4800,202125
27 AUG 2003,43.5,43.5,42,42.25,15,26700,1128400
26 AUG 2003,43.5,43.5,43.5,43.5,2,2200,95700
25 AUG 2003,43.5,43.5,43.5,43.5,2,900,39150
22 AUG 2003,43.5,43.5,43.5,43.5,2,2500,108750
21 AUG 2003,44,44,43.5,43.5,3,800,34950
20 AUG 2003,44,44,43.5,44,2,1600,70350
18 AUG 2003,44,44,44,44,1,1300,57200
15 AUG 2003,43.25,43.25,43.25,43.25,3,13000,562250
14 AUG 2003,43.25,43.25,43,43.25,8,2800,121025
13 AUG 2003,43.5,44,42,43.25,10,6700,290500
8 AUG 2003,44,44,44,44,3,1700,74800
7 AUG 2003,44,45,44,44.5,2,1700,75800
6 AUG 2003,44,44,44,44,1,100,4400
5 AUG 2003,44,44,44,44,2,300,13200
4 AUG 2003,45,45,45,45,3,3600,162000
1 AUG 2003,44,44,44,44,1,300,13200
31 JUL 2003,43.25,43.25,43.25,43.25,1,100,4325
30 JUL 2003,45,45,45,45,1,1000,45000
29 JUL 2003,45,45,45,45,1,100,4500
28 JUL 2003,42.5,42.5,42.5,42.5,3,1500,63750
23 JUL 2003,46,46,46,46,14,35000,1610000
22 JUL 2003,46,46,46,46,4,2600,119600
21 JUL 2003,45,46.5,45,46,20,41300,1898700
18 JUL 2003,45,46,45,46,6,3900,179200
17 JUL 2003,46,46,46,46,1,200,9200
16 JUL 2003,46,46.5,46,46.5,5,5900,273150
15 JUL 2003,46.5,46.5,46.5,46.5,1,100,4650
14 JUL 2003,42.5,43.25,42.5,43.25,3,800,34225
9 JUL 2003,42.5,42.5,42,42,9,5300,223000
8 JUL 2003,42.75,42.75,42.5,42.75,5,6800,290650
4 JUL 2003,42,44,42,43.25,7,1600,67900
3 JUL 2003,42.5,42.5,42.5,42.5,1,100,4250
2 JUL 2003,43,43,43,43,1,300,12900
1 JUL 2003,44,44,44,44,2,300,13200
30 JUN 2003,45,46,45,45,2,1400,63100
27 JUN 2003,44,46,44,44.75,6,900,40350
26 JUN 2003,46.5,46.5,46,46.25,7,3200,148025
25 JUN 2003,48,48,47.25,47.25,5,1600,76425
24 JUN 2003,48,48,48,48,13,11700,561600
23 JUN 2003,46,48,46,46.25,21,32300,1493925
20 JUN 2003,44.25,45.5,44.25,45.5,4,600,26675
19 JUN 2003,45,45.5,44.5,44.5,10,19200,856375
18 JUN 2003,44.75,45,44.75,44.75,6,10100,452750
17 JUN 2003,44.5,44.5,44.5,44.5,6,1200,53400
16 JUN 2003,44.25,44.25,44.25,44.25,3,1400,61950
13 JUN 2003,45,45.5,45,45.25,6,1800,81150
12 JUN 2003,45,45,45,45,1,2000,90000
11 JUN 2003,44.25,44.25,44,44.25,4,1100,48650
10 JUN 2003,45.75,45.75,45,45.5,10,2300,104500
9 JUN 2003,45,45.5,45,45.5,9,3300,149550
6 JUN 2003,44.75,45,44.75,45,13,17300,778475
5 JUN 2003,45,45,45,45,3,3000,135000
4 JUN 2003,44.75,44.75,44.75,44.75,1,2000,89500
3 JUN 2003,44,44,44,44,1,700,30800
2 JUN 2003,45,45,44,44,2,1500,66500
29 MAY 2003,45,45,44.75,44.75,2,11700,523750
27 MAY 2003,44,44.5,44,44.5,3,11300,502200
23 MAY 2003,44,44,44,44,4,1300,57200
22 MAY 2003,45,45,45,45,9,180000,8100000
21 MAY 2003,45,45,45,45,1,500,22500
20 MAY 2003,45,45,45,45,8,15000,675000
19 MAY 2003,44,44,44,44,1,1000,44000
9 MAY 2003,44,44,44,44,1,1200,52800
8 MAY 2003,44.5,45,44.5,44.75,11,26100,1166450
7 MAY 2003,44,44.5,44,44,15,132700,5838900
6 MAY 2003,45,45,45,45,1,2000,90000
2 MAY 2003,45,45,45,45,7,12700,571500
30 APR 2003,45,45,45,45,22,59100,2659500
29 APR 2003,44.25,45,44.25,45,29,68000,3056675
28 APR 2003,44,44,44,44,4,1300,57200
25 APR 2003,44,44,43.5,44,5,1100,48350
24 APR 2003,43.5,43.5,43.5,43.5,1,100,4350
23 APR 2003,44.5,44.5,44,44,13,38900,1711700
22 APR 2003,43.5,44,43,43.25,9,22000,952000
17 APR 2003,43.5,44,43.5,44,6,4600,202350
11 APR 2003,43.5,43.5,43.5,43.5,4,4700,204450
10 APR 2003,42.5,43,42.5,42.75,3,400,17050
9 APR 2003,43,43,43,43,4,11000,473000
8 APR 2003,42.25,42.75,42,42,13,35800,1510825
7 APR 2003,42,42.5,42,42.5,14,17800,756000
4 APR 2003,46,46,41.75,42,5,12500,526925
3 APR 2003,41.5,41.75,41.5,41.5,3,500,20775
28 MAR 2003,40.5,40.5,40,40,5,1500,60200
25 MAR 2003,40.5,40.5,40,40.25,3,1000,40250
24 MAR 2003,41,41.5,41,41,2,5500,225750
21 MAR 2003,39.75,41,39.75,40.75,9,20800,845075
19 MAR 2003,39.5,39.5,39.5,39.5,6,2900,114550
17 MAR 2003,39.5,39.5,39.5,39.5,8,5000,197500
14 MAR 2003,39.5,39.5,39.5,39.5,1,1000,39500
13 MAR 2003,39.5,39.5,39.5,39.5,4,5000,197500
12 MAR 2003,39,39,38.5,39,6,15100,586400
11 MAR 2003,39,39,39,39,8,13900,542100
10 MAR 2003,39.5,39.75,39,39.25,20,42600,1665600
6 MAR 2003,40,40,40,40,3,5100,204000
5 MAR 2003,40,40,39.75,39.75,6,3200,127800
4 MAR 2003,40,40,40,40,8,30600,1224000
3 MAR 2003,40,40,40,40,7,21600,864000
28 FEB 2003,40,40,40,40,8,27100,1084000
27 FEB 2003,40,40,40,40,13,23000,920000
26 FEB 2003,41.25,41.25,39.5,39.5,10,2300,93250
25 FEB 2003,41.5,41.5,41.25,41.25,6,10300,425900
24 FEB 2003,41.5,41.5,41.5,41.5,1,200,8300
21 FEB 2003,41.5,41.5,41,41,6,10900,451900
20 FEB 2003,41.25,41.5,41.25,41.5,7,10100,419125
19 FEB 2003,41,41.5,41,41,4,10200,418300
18 FEB 2003,41.25,41.25,41,41,13,11800,484275
17 FEB 2003,41.25,41.25,41.25,41.25,2,200,8250
14 FEB 2003,41.5,41.5,41,41,6,3000,123350
13 FEB 2003,41.5,41.5,41.5,41.5,6,7100,294650
10 FEB 2003,42,42.5,42,42,8,10600,445250
7 FEB 2003,42.5,42.5,42.5,42.5,3,1700,72250
6 FEB 2003,42.5,42.5,42.5,42.5,1,2000,85000
5 FEB 2003,42.5,42.5,42.5,42.5,1,100,4250
3 FEB 2003,42.5,42.5,42.5,42.5,1,500,21250
31 JAN 2003,43,43,43,43,1,500,21500
30 JAN 2003,41.5,42.5,41.5,42.5,24,28700,1204425
29 JAN 2003,42,42,42,42,6,7600,319200
28 JAN 2003,42,42.5,42,42,8,2500,105150
27 JAN 2003,42.5,42.5,42,42,7,12400,525800
24 JAN 2003,42,42.5,42,42.5,6,7900,335700
23 JAN 2003,42.5,42.5,42,42,3,1900,79900
22 JAN 2003,43.5,43.5,42.5,42.5,8,25900,1110850
21 JAN 2003,43.5,43.5,43.5,43.5,2,500,21750
20 JAN 2003,43.5,43.5,43.5,43.5,7,3400,147900
16 JAN 2003,43.5,43.5,43.5,43.5,1,400,17400
14 JAN 2003,44,44,44,44,3,400,17600
13 JAN 2003,45,45,45,45,1,400,18000
10 JAN 2003,45,45,45,45,9,8000,360000
9 JAN 2003,45,45,44.75,45,4,4700,211425
7 JAN 2003,44,45,44,45,7,7100,319400
6 JAN 2003,45,45,44.75,44.75,7,10100,454475
3 JAN 2003,44.75,45,44,45,16,27600,1237000
2 JAN 2003,44,45,44,44.75,5,7400,329850
31 DEC 2002,42.5,44,42.5,44,5,27200,1184200
27 DEC 2002,42.5,42.5,42.5,42.5,2,15000,637500
26 DEC 2002,42.5,42.5,42.5,42.5,3,800,34000
24 DEC 2002,41.5,41.5,41.25,41.25,3,7800,321875
20 DEC 2002,42.5,42.5,42.5,42.5,2,1100,46750
18 DEC 2002,40.75,42.5,40.75,42.5,5,15000,632150
17 DEC 2002,41,41,41,41,2,200,8200
12 DEC 2002,41.25,41.25,41,41,5,8000,328025
11 DEC 2002,41.25,41.25,41,41,7,150000,6150250
10 DEC 2002,42.5,42.5,41,41,10,114500,4724200
9 DEC 2002,41.75,42,41.75,42,8,4300,180575
5 DEC 2002,41,41.5,41,41.5,6,2300,94650
4 DEC 2002,41,41.5,41,41.5,2,1100,45600
2 DEC 2002,42,42,41,41,4,15100,634100
29 NOV 2002,42,42,42,42,1,200,8400
28 NOV 2002,42.5,42.5,42.5,42.5,2,500,21250
27 NOV 2002,42.5,42.75,42.5,42.75,8,2400,102325
26 NOV 2002,42.5,42.5,42,42,9,2600,109950
25 NOV 2002,42.5,42.5,42.5,42.5,3,1200,51000
22 NOV 2002,42.25,42.5,42.25,42.5,5,1600,67675
21 NOV 2002,40,40,40,40,2,200,8000
20 NOV 2002,40,40.25,40,40.25,4,2600,104600
18 NOV 2002,40,41,40,41,6,40100,1644000
15 NOV 2002,40.25,40.25,40.25,40.25,1,100,4025
14 NOV 2002,40,40,39.75,39.75,5,20400,811050
13 NOV 2002,40.5,40.5,39,39,11,8700,348575
12 NOV 2002,40.25,40.5,40.25,40.5,6,11300,457625
11 NOV 2002,41.25,41.25,40.5,40.5,11,11500,470250
7 NOV 2002,41.25,42,41.25,42,5,2100,86825
6 NOV 2002,43.75,43.75,43,43.25,25,284400,12270275
5 NOV 2002,42.25,43.5,42.25,43.5,30,171600,7399875
1 NOV 2002,41.25,42,41.25,41.5,3,1100,45675
31 OCT 2002,42.5,42.5,40,42.25,14,7700,314775
30 OCT 2002,42.5,42.5,41.75,41.75,8,18100,759750
29 OCT 2002,42.5,42.5,41,42.5,6,7200,305850
28 OCT 2002,42.5,43,42.25,42.5,6,2000,85475
25 OCT 2002,42.25,42.25,42.25,42.25,2,1500,63375
24 OCT 2002,42.75,42.75,42.75,42.75,1,100,4275
23 OCT 2002,43,44,43,43.75,17,23900,1036175
22 OCT 2002,41.75,43,40.75,42.5,15,6300,264750
21 OCT 2002,38.25,38.5,38,38.5,11,4900,186775
18 OCT 2002,40,40,39,39,7,24100,962800
17 OCT 2002,41,42.25,39,42.25,6,2400,97125
16 OCT 2002,43,43,43,43,1,4400,189200
15 OCT 2002,43.5,43.5,43,43.5,4,6900,298200
14 OCT 2002,43.5,43.5,43.5,43.5,1,100,4350
11 OCT 2002,43,45,43,45,29,38100,1699475
10 OCT 2002,43,43,43,43,1,8000,344000
8 OCT 2002,43,44.75,42,44.75,13,8400,364150
7 OCT 2002,41,41,41,41,4,39300,1611300
4 OCT 2002,43,43,42,42,4,3200,137400
3 OCT 2002,40.5,43,40.25,43,7,3900,159125
2 OCT 2002,43,43,43,43,2,1100,47300
1 OCT 2002,44,44,44,44,1,300,13200
30 SEP 2002,44,44,44,44,3,1000,44000
27 SEP 2002,43.5,44.25,43.5,44.25,4,8500,374500
26 SEP 2002,45,45,44.5,45,3,3000,134000
25 SEP 2002,45,45,43,43,11,3500,155500
24 SEP 2002,45,45,45,45,4,1000,45000
23 SEP 2002,45,45,42.75,45,7,3900,173250
19 SEP 2002,45,45.5,42.5,45,25,83400,3740050
18 SEP 2002,43.25,44,43,44,8,31400,1378850
17 SEP 2002,43,44,42,43.25,18,86000,3779975
16 SEP 2002,41,42.5,41,42,15,11000,460725
13 SEP 2002,40,40.5,40,40,5,3800,152200
12 SEP 2002,40,40,40,40,13,18100,724000
11 SEP 2002,40,40,40,40,5,1200,48000
10 SEP 2002,39.5,39.5,39.25,39.25,4,4800,189475
9 SEP 2002,39,39.5,39,39.5,3,1400,55100
6 SEP 2002,39.5,40,39,39,16,24800,974750
5 SEP 2002,39,39,39,39,5,6400,249600
4 SEP 2002,39,39,39,39,2,5100,198900
3 SEP 2002,39,39,37.25,38,5,500,18950
2 SEP 2002,39,39,39,39,4,700,27300
30 AUG 2002,38,39,38,39,4,400,15450
28 AUG 2002,38.5,38.5,38,38,15,75900,2884725
27 AUG 2002,38,38,38,38,3,1200,45600
26 AUG 2002,38.5,38.5,38,38,5,20900,794450
23 AUG 2002,38.75,38.75,38.75,38.75,1,100,3875
21 AUG 2002,38.75,39,37.75,38,7,4000,153525
20 AUG 2002,37,39,37,38.75,11,14900,580275
19 AUG 2002,36.5,37,36.5,37,2,22500,832250
16 AUG 2002,36,36,36,36,5,7500,270000
14 AUG 2002,35.5,36,35.5,36,9,3500,125300
12 AUG 2002,35.5,35.5,35.5,35.5,1,100,3550
9 AUG 2002,34.5,35,34.5,35,2,2500,87400
8 AUG 2002,35,35,35,35,1,1000,35000
7 AUG 2002,33,35,33,35,5,9200,317600
6 AUG 2002,33,34,33,34,10,2800,92850
5 AUG 2002,34,34,34,34,2,1900,64600
2 AUG 2002,35.25,35.25,35,35,6,12000,421500
30 JUL 2002,35.25,35.25,35.25,35.25,1,100,3525
29 JUL 2002,37.5,37.5,37,37,3,3000,111750
26 JUL 2002,38,38,37.75,37.75,7,2500,94750
25 JUL 2002,38.25,39.5,38.25,38.75,7,14100,552200
24 JUL 2002,37.5,38,37.5,38,13,14600,552300
22 JUL 2002,37,37.5,37,37.5,13,24600,918550
19 JUL 2002,36.5,36.5,36.5,36.5,1,200,7300
18 JUL 2002,36,36,36,36,2,3500,126000
17 JUL 2002,36,36,36,36,4,3700,133200
16 JUL 2002,37,37,36,36,13,12900,465300
15 JUL 2002,37.5,37.5,37.5,37.5,3,4800,180000
12 JUL 2002,37,38,37,38,7,12700,482500
10 JUL 2002,37,37,37,37,2,1700,62900
9 JUL 2002,38.25,38.25,38,38,7,7300,277625
8 JUL 2002,38.25,38.5,38.25,38.5,4,2300,88275
5 JUL 2002,37,38.25,36.5,38,27,55400,2105050
4 JUL 2002,36.5,37,36.5,37,6,2600,95650
3 JUL 2002,36,36,36,36,3,1300,46800
2 JUL 2002,35.5,36,35.5,36,5,5200,186400
1 JUL 2002,35,35,35,35,2,200,7000
28 JUN 2002,35,35,35,35,3,2800,98000
27 JUN 2002,35.5,35.5,35.5,35.5,7,1400,49700
26 JUN 2002,35.5,35.5,35.5,35.5,1,200,7100
25 JUN 2002,36,36,35.5,35.5,4,3800,135400
21 JUN 2002,35.75,36,35.75,36,7,45200,1623300
20 JUN 2002,35.25,35.75,35.25,35.75,10,12700,450675
19 JUN 2002,35.5,36,35.5,36,5,3500,125750
18 JUN 2002,36,36,35.5,35.5,8,11000,390550
13 JUN 2002,36.5,37.5,36,37.5,13,65600,2394000
12 JUN 2002,36,36.5,36,36,9,10700,385400
11 JUN 2002,36,36,36,36,3,10000,360000
10 JUN 2002,36,36,35.25,36,5,3500,125925
7 JUN 2002,37,37,36,36,20,14900,547375
6 JUN 2002,37,37,36.75,36.75,7,4700,173525
5 JUN 2002,37,37,36,36.75,29,87700,3242850
4 JUN 2002,36.25,37,36.25,37,24,50200,1853200
3 JUN 2002,35.5,36,35.5,36,5,3200,114075
31 MAY 2002,35,35.25,35,35.25,2,1100,38750
30 MAY 2002,37,37,36,36.25,17,17300,632550
29 MAY 2002,37.25,38,36.75,37,17,30200,1123575
28 MAY 2002,37,37.5,36.75,37,39,212900,7879000
23 MAY 2002,34.5,37,34.5,36.75,56,162100,5893075
22 MAY 2002,33.25,34,33.25,34,11,57000,1934825
21 MAY 2002,32.75,34.25,32.75,34.25,12,60400,1988775
20 MAY 2002,32,32.5,32,32.5,11,66100,2129025
17 MAY 2002,32.25,32.25,32,32,9,3300,105900
16 MAY 2002,32.75,32.75,32.5,32.5,9,13800,448750
15 MAY 2002,32.5,32.75,32.5,32.5,4,2800,91025
14 MAY 2002,32,32.25,32,32.25,2,300,9625
13 MAY 2002,31.5,31.5,31.5,31.5,3,3600,113400
10 MAY 2002,31,31.25,31,31.25,3,2200,68700
9 MAY 2002,31,31,31,31,2,400,12400
8 MAY 2002,31,31,31,31,5,2300,71300
7 MAY 2002,31.5,31.5,31.5,31.5,2,2000,63000
3 MAY 2002,31.25,31.25,31.25,31.25,1,100,3125
2 MAY 2002,31.25,31.25,31.25,31.25,1,100,3125
30 APR 2002,31,31,31,31,1,200,6200
25 APR 2002,31,31,31,31,1,100,3100
24 APR 2002,32.25,32.25,32.25,32.25,2,600,19350
18 APR 2002,32,33,32,33,6,34000,1119300
17 APR 2002,32,32,32,32,2,200,6400
11 APR 2002,32,32,32,32,2,200,6400
9 APR 2002,31.75,32,31.75,32,4,1000,31975
5 APR 2002,32,32,31.75,31.75,3,50700,1622250
4 APR 2002,31.25,32,31.25,32,7,19000,606875
3 APR 2002,31,31.25,31,31.25,2,2000,62250
2 APR 2002,31,31,31,31,2,2500,77500
1 APR 2002,30.5,30.5,30,30,2,500,15150
27 MAR 2002,32.5,32.5,31,31,5,11900,369050
26 MAR 2002,32.75,33,32.75,32.75,20,9700,317725
25 MAR 2002,32,34,32,32.75,40,204300,6719450
22 MAR 2002,31,31.5,31,31.5,16,163200,5060100
20 MAR 2002,29,30,29,30,23,115000,3448300
19 MAR 2002,28.25,28.25,28.25,28.25,1,100,2825
18 MAR 2002,28,28,28,28,3,1000,28000
15 MAR 2002,29.5,29.5,28,28,7,6900,193800
14 MAR 2002,29.75,29.75,29.75,29.75,2,800,23800
13 MAR 2002,29.75,29.75,29.75,29.75,1,200,5950
11 MAR 2002,29.5,29.75,29.5,29.75,2,4400,130875
7 MAR 2002,29.5,29.5,29,29.5,6,25800,748750
6 MAR 2002,29.5,29.5,29.5,29.5,3,800,23600
28 FEB 2002,30,30,29.75,29.75,7,2500,74625
25 FEB 2002,31,31,30,30,4,1600,48600
22 FEB 2002,29,30,29,30,3,800,23400
21 FEB 2002,29,29,29,29,4,7500,217500
20 FEB 2002,29,29,28.5,29,5,3300,95650
19 FEB 2002,29,29,29,29,2,900,26100
18 FEB 2002,29,29,28.5,29,6,2800,81150
15 FEB 2002,29,29,29,29,6,29000,841000
14 FEB 2002,29,29,29,29,3,1500,43500
13 FEB 2002,29,29,29,29,7,16600,481400
12 FEB 2002,29,30.5,29,30.5,5,2000,60300
11 FEB 2002,28.75,28.75,28.75,28.75,4,10800,310500
8 FEB 2002,28.25,28.25,28.25,28.25,1,100,2825
7 FEB 2002,28,28,28,28,2,1500,42000
6 FEB 2002,28,28,28,28,1,2000,56000
5 FEB 2002,29,29,28,28,6,9700,275950
1 FEB 2002,28,28,28,28,2,1200,33600
30 JAN 2002,27.5,28,27.5,28,2,2000,55050
29 JAN 2002,27.25,27.25,27,27,2,500,13550
25 JAN 2002,30,30,30,30,1,100,3000
23 JAN 2002,27.5,27.5,27.5,27.5,4,4200,115500
22 JAN 2002,27.75,27.75,27.5,27.5,4,4700,129300
21 JAN 2002,28,28,28,28,4,2600,72800
18 JAN 2002,27,27,27,27,1,100,2700
17 JAN 2002,27,27,27,27,3,400,10800
16 JAN 2002,27.25,27.25,27,27,10,6900,187625
15 JAN 2002,28.75,28.75,27.25,27.25,7,2800,78525
11 JAN 2002,29.25,29.25,29,29,4,1500,43600
10 JAN 2002,29.25,29.25,29.25,29.25,1,200,5850
9 JAN 2002,30,30,29.5,29.5,2,200,5950
8 JAN 2002,30,30,30,30,2,400,12000
7 JAN 2002,30.5,30.5,30,30,7,2300,69050
4 JAN 2002,30.5,30.5,30.5,30.5,6,1300,39650
3 JAN 2002,31,31,31,31,1,100,3100
2 JAN 2002,31,31,31,31,3,500,15500
31 DEC 2001,32,32,31,31,5,1100,34300
28 DEC 2001,30.5,31,30.5,31,5,2200,67200
21 DEC 2001,30,30.75,29,30.75,5,3100,91500
20 DEC 2001,30,30,30,30,6,4300,129000
19 DEC 2001,30,30,29,29,6,2600,77000
18 DEC 2001,31.5,31.5,30,30,5,3400,103575
17 DEC 2001,31.5,31.5,31,31.5,4,3100,96500
14 DEC 2001,30,32,30,32,15,6300,200650
13 DEC 2001,30,31,30,30,15,13300,400300
12 DEC 2001,34,34,30,32.5,15,13600,454275
11 DEC 2001,36,36,31.5,33,27,26000,874450
10 DEC 2001,33,40,33,36,32,76400,2796075
7 DEC 2001,31,40,31,31.75,7,6500,206575
5 DEC 2001,26.25,27.75,26.25,27.5,7,4100,111700
4 DEC 2001,28,28,26.25,26.25,8,3000,83575
3 DEC 2001,28.25,28.25,28,28,6,2300,64800
29 NOV 2001,28.25,28.5,28,28,8,4300,121500
28 NOV 2001,28.25,28.25,28.25,28.25,2,300,8475
27 NOV 2001,28.25,28.25,28,28.25,8,6700,188975
26 NOV 2001,28.25,28.25,28.25,28.25,2,400,11300
23 NOV 2001,28.25,28.25,28.25,28.25,1,100,2825
22 NOV 2001,28.75,28.75,28,28,7,2300,64675
21 NOV 2001,28.5,29,28.25,29,5,2600,73950
20 NOV 2001,29,29,28,29,6,2400,69500
19 NOV 2001,29,29,29,29,9,3100,89900
16 NOV 2001,28,29,28,29,3,3700,104100
15 NOV 2001,28,28,28,28,5,5400,151200
14 NOV 2001,28,28,28,28,1,200,5600
12 NOV 2001,28.25,28.25,28,28,2,1200,33650
9 NOV 2001,28,28.5,28,28.25,17,14400,406275
8 NOV 2001,28.5,28.5,28.5,28.5,2,3400,96900
7 NOV 2001,28,28.5,28,28.5,3,44200,1259650
6 NOV 2001,28,28,27.75,27.75,11,19500,545950
5 NOV 2001,28,28,28,28,1,100,2800
2 NOV 2001,27.5,27.5,27.5,27.5,8,6100,167750
1 NOV 2001,27.5,27.5,27.5,27.5,1,1000,27500
30 OCT 2001,27,27.5,27,27.5,7,12700,344800
29 OCT 2001,27.5,27.5,27,27.25,13,9800,268900
26 OCT 2001,27,27,26,27,6,1100,29150
25 OCT 2001,27.75,27.75,27.25,27.25,6,5600,153400
24 OCT 2001,28,29.5,28,29.5,18,47000,1379050
23 OCT 2001,28,28,27.5,27.5,7,2100,57800
22 OCT 2001,27.5,27.5,27.5,27.5,2,300,8250
19 OCT 2001,27,27,27,27,6,8600,232200
18 OCT 2001,27,27,27,27,1,400,10800
17 OCT 2001,27,27,27,27,3,400,10800
16 OCT 2001,27,27.5,27,27.5,5,8100,222300
15 OCT 2001,28.75,29.5,28.75,28.75,20,14800,431225
12 OCT 2001,25.5,30,25.5,28.75,10,36900,1081875
11 OCT 2001,25,25.5,25,25.25,7,12800,320300
10 OCT 2001,22.5,23.5,22.5,23.5,12,9400,217000
9 OCT 2001,22,22.5,22,22.5,5,5900,130250
8 OCT 2001,22,22.5,22,22.5,3,400,8850
4 OCT 2001,23,23,23,23,3,600,13800
28 SEP 2001,23.5,23.5,23.5,23.5,7,9800,230300
27 SEP 2001,23,23.5,23,23.5,3,11800,276800
26 SEP 2001,22,23,22,23,6,6200,142400
25 SEP 2001,22,22,22,22,6,5200,114400
20 SEP 2001,22,22,22,22,2,300,6600
18 SEP 2001,22,22,22,22,1,100,2200
13 SEP 2001,22.5,22.5,22.5,22.5,1,100,2250
12 SEP 2001,23.5,23.5,23.5,23.5,1,100,2350
7 SEP 2001,21,22.5,21,22.5,5,5100,107250
6 SEP 2001,21,21,21,21,7,14500,304500
5 SEP 2001,21,21,21,21,6,20500,430500
4 SEP 2001,21,21,21,21,5,13200,277200
3 SEP 2001,20.5,21,19.5,21,35,571200,11154650
30 AUG 2001,23,23,23,23,1,100,2300
28 AUG 2001,21.5,22,21.5,22,3,2500,53800
24 AUG 2001,21.5,21.5,21.5,21.5,6,1900,40850
23 AUG 2001,21.5,21.5,21.5,21.5,1,200,4300
22 AUG 2001,22,22,22,22,5,1600,35200
21 AUG 2001,22,22,22,22,2,1100,24200
20 AUG 2001,20.5,21,20.5,21,3,1800,37050
17 AUG 2001,21.5,21.5,21,21,9,5000,105475
16 AUG 2001,21.75,22,21.75,22,7,2800,60925
15 AUG 2001,22.25,22.25,21.75,21.75,5,2700,59175
13 AUG 2001,22.75,22.75,22.75,22.75,5,2000,45500
9 AUG 2001,22.75,23,22.75,23,3,3100,71000
2 AUG 2001,23,23,23,23,5,10100,232300
1 AUG 2001,23,23,23,23,7,9700,223100
31 JUL 2001,23,23,23,23,2,2600,59800
30 JUL 2001,23,23,23,23,5,400000,9200000
24 JUL 2001,22.5,22.5,22.5,22.5,1,1300,29250
23 JUL 2001,22.5,22.5,22.5,22.5,1,1000,22500
20 JUL 2001,23,23,23,23,1,4600,105800
19 JUL 2001,23,23,22.5,22.5,6,1800,40700
18 JUL 2001,23,23,23,23,3,700,16100
17 JUL 2001,23.75,23.75,23,23,4,500,11575
16 JUL 2001,24,25,24,25,3,3000,72100
11 JUL 2001,23,23,23,23,1,200,4600
10 JUL 2001,25,25,25,25,5,4600,115000
9 JUL 2001,22.25,25,22.25,25,2,400,9175
4 JUL 2001,22.5,23,22.5,23,6,7200,165200
3 JUL 2001,22.75,22.75,22.25,22.25,6,4400,98975
2 JUL 2001,23,23,23,23,1,300,6900
29 JUN 2001,23,23,23,23,4,900,20700
28 JUN 2001,23.25,23.25,23.25,23.25,1,100,2325
27 JUN 2001,23.5,23.5,23.5,23.5,2,5200,122200
25 JUN 2001,24.5,24.5,23.25,23.25,2,700,16900
22 JUN 2001,25,25,25,25,1,100,2500
21 JUN 2001,23,23.25,23,23.25,11,13700,315375
20 JUN 2001,23,23,23,23,5,1400,32200
19 JUN 2001,23,23,23,23,2,300,6900
18 JUN 2001,23,23,23,23,1,100,2300
15 JUN 2001,23,23,23,23,2,3000,69000
11 JUN 2001,24.75,24.75,24.75,24.75,1,100,2475
7 JUN 2001,23,23,23,23,3,2600,59800
4 JUN 2001,23,23,23,23,1,100,2300
1 JUN 2001,23.5,23.5,23.5,23.5,1,200,4700
31 MAY 2001,23.5,23.5,23.5,23.5,1,100,2350
30 MAY 2001,23.5,23.5,23.5,23.5,3,500,11750
29 MAY 2001,23.5,23.5,23.5,23.5,2,500,11750
28 MAY 2001,23.5,23.5,23.5,23.5,1,400,9400
25 MAY 2001,23.5,23.5,23.5,23.5,3,300,7050
24 MAY 2001,24,24,23.5,23.5,6,3300,78650
23 MAY 2001,24,24,24,24,2,1200,28800
22 MAY 2001,24,24,24,24,5,2700,64800
21 MAY 2001,24.5,24.5,24,24,10,5600,134550
17 MAY 2001,24.75,24.75,24.75,24.75,2,900,22275
16 MAY 2001,24.75,24.75,24,24,5,2100,51125
15 MAY 2001,24.75,24.75,24.75,24.75,2,600,14850
14 MAY 2001,25,25,25,25,1,400,10000
4 MAY 2001,26,26,26,26,1,100,2600
3 MAY 2001,25.5,25.5,25,25,6,1300,32875
2 MAY 2001,25.75,25.75,25.75,25.75,1,100,2575
30 APR 2001,26,26,26,26,3,400,10400
26 APR 2001,26,26,26,26,5,2400,62400
24 APR 2001,26.5,26.5,26.5,26.5,1,500,13250
20 APR 2001,26,26,26,26,2,1300,33800
19 APR 2001,26,26,26,26,1,200,5200
18 APR 2001,26.5,26.5,26.5,26.5,1,1000,26500
17 APR 2001,26.75,26.75,26.75,26.75,1,100,2675
11 APR 2001,26.5,26.75,26.5,26.75,2,300,7975
10 APR 2001,26.25,26.5,26,26.5,4,2900,75925
9 APR 2001,26.75,26.75,26.75,26.75,1,1100,29425
6 APR 2001,26.75,26.75,26.75,26.75,1,900,24075
5 APR 2001,26.75,26.75,26.75,26.75,2,200,5350
3 APR 2001,26.5,26.75,26.5,26.75,2,1000,26550
2 APR 2001,26.5,26.5,26.5,26.5,2,400,10600
30 MAR 2001,26,26.5,26,26.5,10,2500,65075
29 MAR 2001,26,26,26,26,4,2500,65000
28 MAR 2001,26,26,26,26,2,1000,26000
27 MAR 2001,26,26,26,26,1,5000,130000
26 MAR 2001,26.5,26.5,26.5,26.5,2,500,13250
23 MAR 2001,26.5,26.5,26.5,26.5,4,1700,45050
22 MAR 2001,26.5,26.5,26.5,26.5,1,100,2650
21 MAR 2001,26.5,26.5,26.5,26.5,1,100,2650
20 MAR 2001,27,27,26.75,26.75,4,1100,29450
19 MAR 2001,26.75,26.75,26.75,26.75,2,300,8025
16 MAR 2001,27,27,27,27,3,1400,37800
15 MAR 2001,27,27,27,27,1,100,2700
14 MAR 2001,27,27,27,27,1,300,8100
13 MAR 2001,27,27,26.5,27,5,2600,69900
12 MAR 2001,27.5,27.5,27,27,4,600,16400
6 MAR 2001,27.5,27.5,27,27.5,8,1900,51525
5 MAR 2001,28,28,27.5,27.5,7,1900,53150
2 MAR 2001,28,28,28,28,7,1300,36400
1 MAR 2001,28.5,28.5,28,28,6,2500,70600
27 FEB 2001,29.25,29.25,29.25,29.25,1,100,2925
26 FEB 2001,30,30,30,30,2,900,27000
22 FEB 2001,29.5,30,29.5,30,2,200,5950
20 FEB 2001,29.75,29.75,29.75,29.75,1,1000,29750
19 FEB 2001,29.5,29.5,29.5,29.5,2,1400,41300
16 FEB 2001,29.5,29.5,29.5,29.5,2,300,8850
14 FEB 2001,30.25,30.25,30,30,7,11100,334750
13 FEB 2001,30.25,30.25,30,30,2,1000,30025
12 FEB 2001,30,30,30,30,3,3200,96000
9 FEB 2001,30.25,30.25,30.25,30.25,2,300,9075
8 FEB 2001,30,30,30,30,1,700,21000
6 FEB 2001,30.25,30.25,30.25,30.25,1,200,6050
2 FEB 2001,30,30,30,30,1,100,3000
30 JAN 2001,30,30,30,30,1,100,3000
29 JAN 2001,29.5,29.5,29.5,29.5,1,100,2950
26 JAN 2001,30,30,30,30,1,500,15000
25 JAN 2001,30,30,30,30,6,800,24000
24 JAN 2001,30.25,30.25,30.25,30.25,2,200,6050
23 JAN 2001,30,30.5,30,30.5,5,4100,123225
22 JAN 2001,29.75,29.75,29.75,29.75,1,1000,29750
19 JAN 2001,29.5,30,29.5,29.5,7,2200,65550
18 JAN 2001,29.5,29.5,29.5,29.5,2,1100,32450
16 JAN 2001,29.25,29.25,29.25,29.25,3,1500,43875
12 JAN 2001,30,30,29.5,30,6,1500,44700
11 JAN 2001,30,30,30,30,3,1200,36000
10 JAN 2001,30,30,30,30,6,3800,114000
8 JAN 2001,30,30,30,30,1,1900,57000
5 JAN 2001,29.5,29.5,29.5,29.5,1,2000,59000
4 JAN 2001,29,29.5,29,29.5,2,1000,29050
3 JAN 2001,29,29,29,29,1,1900,55100
2 JAN 2001,29,29,29,29,1,100,2900
29 DEC 2000,30,30,29.5,29.5,5,3100,92000
22 DEC 2000,30.75,30.75,30,30,2,700,21075
20 DEC 2000,30,30,30,30,5,1100,33000
19 DEC 2000,29.5,29.5,29.5,29.5,1,300,8850
18 DEC 2000,30,30,29.5,29.5,5,1100,32800
15 DEC 2000,30,30,30,30,2,900,27000
12 DEC 2000,30,30,30,30,3,1900,57000
11 DEC 2000,30,30,29.5,29.5,3,700,20750
8 DEC 2000,30,30,30,30,4,800,24000
7 DEC 2000,30,30,30,30,1,100,3000
6 DEC 2000,30.5,30.5,29.75,29.75,12,64900,1947675
5 DEC 2000,31,31,30.75,31,5,6900,213625
1 DEC 2000,29.5,31,29.5,30,8,4700,140675
30 NOV 2000,29,29,29,29,3,1000,29000
29 NOV 2000,29.5,29.5,29.5,29.5,4,600,17700
28 NOV 2000,29.5,29.5,29.5,29.5,3,500,14750
27 NOV 2000,30,30,30,30,2,400,12000
24 NOV 2000,31,31,31,31,3,1600,49600
23 NOV 2000,32.25,32.25,31,31,7,1600,51025
22 NOV 2000,32.25,32.25,32.25,32.25,3,400,12900
21 NOV 2000,32.25,32.25,32.25,32.25,2,300,9675
20 NOV 2000,32.25,32.25,32.25,32.25,1,100,3225
15 NOV 2000,32,32.25,32,32,4,2300,73700
14 NOV 2000,32,32,32,32,5,2300,73600
13 NOV 2000,32,32,32,32,6,5000,160000
10 NOV 2000,32,32,32,32,1,200,6400
9 NOV 2000,32,32,32,32,1,1000,32000
8 NOV 2000,32.5,32.5,32,32,12,5800,186350
3 NOV 2000,32,32.25,32,32.25,5,1600,51250
2 NOV 2000,32.25,32.25,32,32,10,2600,83425
1 NOV 2000,32,32,32,32,2,200,6400
31 OCT 2000,32,32,32,32,6,1100,35200
27 OCT 2000,32.25,32.25,32,32,3,300,9650
26 OCT 2000,32.5,32.5,32,32,9,3000,96475
24 OCT 2000,33.5,33.5,32.5,32.5,6,1200,39100
23 OCT 2000,33,33,33,33,14,50500,1666500
20 OCT 2000,33,33,33,33,4,3500,115500
19 OCT 2000,33,33,33,33,5,3500,115500
18 OCT 2000,33,33,33,33,3,1500,49500
17 OCT 2000,33,33,32.5,32.5,4,800,26100
16 OCT 2000,32,33,32,33,4,1100,35300
13 OCT 2000,32,32,32,32,8,4700,150400
11 OCT 2000,32,32,32,32,1,1000,32000
10 OCT 2000,34,34,33,33,16,26900,888500
9 OCT 2000,34,34,34,34,29,79500,2703000
6 OCT 2000,34,34.25,34,34,14,43500,1479175
5 OCT 2000,33.5,33.5,33.25,33.5,8,4900,164125
4 OCT 2000,33.5,33.5,33.5,33.5,4,1200,40200
3 OCT 2000,33.5,33.5,33.5,33.5,4,2200,73700
2 OCT 2000,33,33.5,33,33.5,9,3800,125575
29 SEP 2000,33,33,33,33,7,8300,273900
28 SEP 2000,32.5,32.5,32.5,32.5,2,500,16250
27 SEP 2000,32,32.5,32,32.5,3,500,16100
26 SEP 2000,32,32,32,32,6,4600,147200
25 SEP 2000,32,32,32,32,1,1000,32000
22 SEP 2000,32,32,32,32,6,9200,294400
21 SEP 2000,31.75,32,31.75,31.75,12,8100,257725
20 SEP 2000,31.5,31.5,31.5,31.5,2,300,9450
19 SEP 2000,31,31,31,31,7,2800,86800
18 SEP 2000,31,31,31,31,4,3000,93000
15 SEP 2000,31,31,31,31,3,1400,43400
14 SEP 2000,31.75,31.75,31.5,31.5,4,3900,123000
12 SEP 2000,32.25,32.25,32.25,32.25,2,400,12900
11 SEP 2000,33,33.25,33,33.25,7,2300,76125
8 SEP 2000,32.75,33.25,32.75,33,15,7900,260825
7 SEP 2000,32.25,32.75,32.25,32.75,9,26000,850500
5 SEP 2000,31,31,31,31,7,30400,942400
31 AUG 2000,31,31,30.75,30.75,3,700,21675
30 AUG 2000,31,31.25,31,31.25,5,1500,46800
28 AUG 2000,31,31,30.75,31,4,1900,58875
25 AUG 2000,31,31,31,31,1,1400,43400
24 AUG 2000,30.75,31,30.75,31,3,6200,191900
23 AUG 2000,30.5,30.75,30.5,30.75,5,2500,76625
22 AUG 2000,30.5,30.5,30.25,30.25,6,3300,100600
21 AUG 2000,30.5,30.5,30.5,30.5,4,800,24400
18 AUG 2000,31,31,31,31,4,1200,37200
17 AUG 2000,31,31,31,31,9,8900,275900
16 AUG 2000,31,31.5,31,31,17,9500,294550
15 AUG 2000,31.25,31.5,31.25,31.5,4,600,18825
11 AUG 2000,31.5,31.5,31,31,4,2500,77900
10 AUG 2000,31.25,31.25,31.25,31.25,2,300,9375
9 AUG 2000,31.25,31.25,31.25,31.25,4,1600,50000
8 AUG 2000,31.5,31.5,31.5,31.5,1,300,9450
7 AUG 2000,31.25,31.5,31.25,31.5,4,2400,75350
4 AUG 2000,30.5,31,30.5,31,11,13600,421050
3 AUG 2000,30.75,30.75,30.5,30.5,7,1400,42725
2 AUG 2000,30.75,31,30.75,31,7,3500,108450
1 AUG 2000,31,31,31,31,4,2000,62000
31 JUL 2000,30.75,30.75,30.75,30.75,7,1500,46125
28 JUL 2000,31,31,30.75,30.75,10,3900,120825
27 JUL 2000,32,32,31,31,11,6300,196775
26 JUL 2000,30.75,31.75,30.75,31.75,16,10800,332675
25 JUL 2000,30,31,30,30,11,5000,150600
24 JUL 2000,43,43.25,42,43.25,26,28500,1206825
21 JUL 2000,43,43,42.75,42.75,8,6000,257900
20 JUL 2000,43,43,43,43,3,600,25800
19 JUL 2000,43.25,43.25,43,43,6,1800,77650
18 JUL 2000,43.5,43.5,43,43,15,9200,396350
17 JUL 2000,43.5,43.5,43,43,10,4000,172050
14 JUL 2000,43,43,43,43,2,500,21500
13 JUL 2000,42.75,42.75,42.75,42.75,2,700,29925
12 JUL 2000,43,43,43,43,5,2200,94600
11 JUL 2000,43,43,43,43,4,8200,352600
10 JUL 2000,42.5,43,42.5,43,7,4900,210650
7 JUL 2000,42.5,42.75,42.5,42.5,4,1500,63800
6 JUL 2000,42.75,42.75,42.75,42.75,3,1000,42750
5 JUL 2000,42.25,42.5,42.25,42.25,7,3400,143675
4 JUL 2000,42.5,42.5,42.5,42.5,3,500,21250
3 JUL 2000,43,43,42.5,42.5,7,11300,480350
30 JUN 2000,42.75,42.75,42.5,42.5,3,11100,474450
29 JUN 2000,42.5,42.75,42.5,42.5,7,21400,914625
28 JUN 2000,42.5,42.5,42.5,42.5,3,7400,314500
27 JUN 2000,43,43,42.5,42.5,6,8700,370050
26 JUN 2000,42.75,42.75,42.5,42.75,7,8600,367525
23 JUN 2000,42.5,42.75,42.5,42.75,7,10700,456350
22 JUN 2000,42,42,42,42,11,8100,340200
21 JUN 2000,43,43,42,42,34,99300,4179150
20 JUN 2000,42,42.25,42,42.25,6,22500,945100
19 JUN 2000,41.25,42,41.25,42,12,7800,326850
14 JUN 2000,41,41,41,41,1,100,4100
13 JUN 2000,41,41,41,41,1,300,12300
12 JUN 2000,40.5,40.5,40.5,40.5,7,1600,64800
9 JUN 2000,42,42,40.5,40.5,4,2600,105600
8 JUN 2000,43,43,42.75,42.75,16,13400,575225
7 JUN 2000,43.25,43.25,43,43,13,5700,245525
6 JUN 2000,43,43.25,43,43.25,16,69100,2971425
5 JUN 2000,43.5,43.5,43,43,13,28400,1221450
2 JUN 2000,43,43,42.75,42.75,7,1800,77375
1 JUN 2000,43,43,42.5,42.5,11,6900,294600
31 MAY 2000,43,43.75,43,43.5,9,54500,2380125
30 MAY 2000,43,43,42.5,42.5,23,8500,364100
29 MAY 2000,45,45,42,42.25,34,31800,1345325
26 MAY 2000,38,38,38,38,3,1500,57000
25 MAY 2000,37,37,37,37,4,1800,66600
24 MAY 2000,36.5,37,36.5,37,3,300,11050
23 MAY 2000,36.5,36.5,36.5,36.5,2,500,18250
22 MAY 2000,36.5,36.5,36.5,36.5,1,300,10950
19 MAY 2000,38,38,36.5,36.5,8,6100,230600
16 MAY 2000,36,36,36,36,1,100,3600
15 MAY 2000,35.25,35.25,35.25,35.25,1,100,3525
12 MAY 2000,35.25,35.25,35.25,35.25,1,200,7050
10 MAY 2000,35.5,35.5,35,35,8,91400,3199550
9 MAY 2000,34.5,38,34.5,38,7,5600,196050
8 MAY 2000,35.25,35.25,35,35,12,88400,3094625
5 MAY 2000,35.25,35.25,35.25,35.25,2,200,7050
4 MAY 2000,35,35,35,35,3,700,24500
3 MAY 2000,35,35,35,35,3,600,21000
2 MAY 2000,37.5,37.5,37.5,37.5,1,100,3750
28 APR 2000,38,38,38,38,7,1600,60800
27 APR 2000,38,38,38,38,1,100,3800
26 APR 2000,38,38.25,38,38.25,4,11200,428325
24 APR 2000,38.5,38.5,38.5,38.5,4,25000,962500
20 APR 2000,38.5,38.5,38.5,38.5,2,110000,4235000
19 APR 2000,38.5,38.5,38.5,38.5,1,100,3850
11 APR 2000,38.5,38.5,38.5,38.5,1,300,11550
10 APR 2000,39,39,39,39,1,200,7800
7 APR 2000,39,39,39,39,1,100,3900
5 APR 2000,38.5,39,38.5,39,7,11500,447950
4 APR 2000,39,39,38,38,9,8500,325575
31 MAR 2000,39,39,39,39,3,7200,280800
29 MAR 2000,39,40,39,39,3,2200,87800
28 MAR 2000,39,39,39,39,2,300,11700
24 MAR 2000,38.25,39,38,39,14,40000,1559075
23 MAR 2000,38,38.25,38,38.25,5,1500,57100
22 MAR 2000,38,38.5,38,38,4,1200,45975
21 MAR 2000,38.5,38.5,38.5,38.5,1,100,3850
20 MAR 2000,38.75,38.75,38.75,38.75,5,700,27125
17 MAR 2000,38.75,38.75,38,38.25,5,500,19250
16 MAR 2000,38.5,38.75,38.5,38.75,4,4300,166575
15 MAR 2000,38.5,38.5,38,38,6,4400,169250
14 MAR 2000,37.5,38.5,37.5,38.5,4,700,26600
13 MAR 2000,38,38,38,38,6,3000,114000
10 MAR 2000,38.5,38.5,38.5,38.5,2,400,15400
9 MAR 2000,38.75,38.75,38.75,38.75,1,100,3875
8 MAR 2000,40,40,40,40,2,200,8000
7 MAR 2000,40.5,41.5,40.5,41.5,8,14600,594700
6 MAR 2000,40.5,40.5,40.5,40.5,5,2300,93150
3 MAR 2000,40.25,41,40.25,41,7,38500,1550375
2 MAR 2000,40.5,40.5,40.25,40.25,3,10200,410600
29 FEB 2000,40.5,40.75,40.25,40.25,20,140800,5668575
28 FEB 2000,41.5,41.5,40.5,40.5,6,1100,45100
24 FEB 2000,42,42,40.5,40.5,4,1900,77100
23 FEB 2000,41.25,42,40.5,42,6,900,36925
22 FEB 2000,41.5,41.5,41.25,41.5,3,700,28975
21 FEB 2000,42,42,41.5,41.5,9,12500,518800
18 FEB 2000,41.75,42,41.75,42,22,207500,8714075
17 FEB 2000,41.5,41.5,41.5,41.5,5,2400,99600
16 FEB 2000,41,41.25,40.75,41.25,23,14300,586300
15 FEB 2000,40.25,41.75,40.25,41.75,9,4000,165550
14 FEB 2000,40,40,40,40,6,4400,176000
11 FEB 2000,40,40,40,40,7,3000,120000
10 FEB 2000,40,40,40,40,1,400,16000
9 FEB 2000,41,41,41,41,1,300,12300
8 FEB 2000,40,40,40,40,3,2700,108000
7 FEB 2000,40,40,40,40,6,1000,40000
3 FEB 2000,40.5,40.5,40,40,12,5000,200800
2 FEB 2000,40.5,40.5,40.5,40.5,1,100,4050
1 FEB 2000,40.25,40.25,40,40,7,164000,6560300
31 JAN 2000,40.25,40.25,40.25,40.25,2,1000,40250
28 JAN 2000,40,40,40,40,2,200,8000
26 JAN 2000,39.75,39.75,39.75,39.75,1,100,3975
25 JAN 2000,39.75,39.75,39.75,39.75,2,500,19875
19 JAN 2000,39.75,39.75,39.75,39.75,2,500,19875
18 JAN 2000,39.75,39.75,39.75,39.75,6,3100,123225
14 JAN 2000,39.75,39.75,39.75,39.75,1,200,7950
13 JAN 2000,39.75,39.75,39.75,39.75,1,500,19875
12 JAN 2000,40,40,40,40,1,500,20000
10 JAN 2000,39.25,39.25,38.75,38.75,5,151400,5904600
6 JAN 2000,39,39,39,39,1,2000,78000
5 JAN 2000,39.5,39.5,39,39,20,59200,2310050
3 JAN 2000,40,40,39.75,39.75,3,1500,59925