Date,Open,High (Rs.),Low (Rs.),Close (Rs.),Trade Volume,Share Volume,Turnover (Rs.)
8 MAY 2026,119.75,121,117,120.25,101,60170,7194864
7 MAY 2026,120,120,119,119.75,75,77347,9272525
6 MAY 2026,116,121,116,119.5,42,12963,1544331.75
5 MAY 2026,119.5,119.5,116,116.5,102,31549,3690173.25
4 MAY 2026,117,121,117,120,49,8440,1011300
30 APR 2026,119.75,119.75,116.75,118.75,88,17339,2042725
29 APR 2026,121.25,121.25,118,119.5,93,43510,5169326.25
28 APR 2026,114.5,123.25,110.25,121.75,341,454991,53524214.75
27 APR 2026,115,115,113.5,114,81,54040,6168561
24 APR 2026,115,115,114,115,39,25316,2907956
23 APR 2026,115.5,117,114,114.75,100,177632,20420736.5
22 APR 2026,115.5,116,115,115.5,93,58632,6772102
21 APR 2026,113.25,117.5,112.75,115.25,86,66530,7654500.25
20 APR 2026,117,117,113,114.5,249,248640,28500848.25
17 APR 2026,114.75,117.5,114,116.75,240,272606,31364497.5
16 APR 2026,109.5,115,109.25,113.75,332,419618,46724863.75
15 APR 2026,110,111.75,109,109.25,139,243293,26744489.5
10 APR 2026,109.5,109.5,107.5,107.75,131,97020,10547654.25
9 APR 2026,110,110,106.5,107,105,307791,32574525.25
8 APR 2026,107,114,107,109.5,236,509410,55455322.75
7 APR 2026,104.5,104.5,102,103.5,63,15838,1636466
6 APR 2026,102.5,104.5,99,104,201,130362,13137495.75
2 APR 2026,104,105,102,102.5,66,19670,2026918.25
31 MAR 2026,100,104.75,100,102.5,138,37652,3788186.75
30 MAR 2026,102.75,102.75,100,100.25,198,105064,10557354.5
27 MAR 2026,104.75,106.75,104.75,105,45,11942,1260921.25
26 MAR 2026,105.5,105.5,102,103.25,146,62176,6458458.25
25 MAR 2026,105,111,105,106.5,325,355181,38223715
24 MAR 2026,101,109.5,100,102.75,334,370142,37584468
23 MAR 2026,100,103.5,98,100,168,75525,7557877.4
20 MAR 2026,98.5,109.5,98.5,106.75,181,218517,22433919.75
19 MAR 2026,100.25,101.75,97.9,98.3,185,124630,12343053.7
18 MAR 2026,98.2,105,98,102,154,61519,6170570.25
17 MAR 2026,101,108.75,96,98.2,266,105184,10638108.15
16 MAR 2026,104.75,107,100,100.5,357,178100,18070592.5
13 MAR 2026,114,114,108,108.5,375,240924,26518383
12 MAR 2026,117.5,118,114,114.5,91,18841,2165776.75
11 MAR 2026,120,121,116,118,80,48628,5778511.75
10 MAR 2026,115,120,115,118,90,25696,3051019.75
9 MAR 2026,115,116.75,110,112.75,283,346090,38598588
6 MAR 2026,120,120,115.5,117.75,277,169096,19831142.5
5 MAR 2026,122,124.75,118,119.25,438,394969,47187184
4 MAR 2026,122,125,119,120.75,325,221755,27307388.25
3 MAR 2026,131,131,121.25,122,287,138401,17334633
27 FEB 2026,132,134.25,131.25,133.25,28,5661,750325.5
26 FEB 2026,131.5,134,130.75,132,77,222634,29376723
25 FEB 2026,134,134,130,131.5,127,64130,8381738.5
24 FEB 2026,136,136,134,135,46,18734,2526553.75
23 FEB 2026,135.75,137,135.25,135.5,52,13182,1792766.25
20 FEB 2026,137.25,137.25,132,135.25,80,43226,5798352.25
19 FEB 2026,139.75,139.75,137.25,137.5,75,25606,3541932.25
18 FEB 2026,135,139,134.25,137.25,141,110988,15082580.75
17 FEB 2026,130.5,135,128,134.75,113,125603,16416624.25
16 FEB 2026,128.5,129.5,127,128.5,167,164651,21073282.25
13 FEB 2026,131,131,128,129,232,127283,16479068.25
12 FEB 2026,131.25,133,130.25,131,77,23146,3037258.75
11 FEB 2026,132,133.5,130.5,131.25,73,24603,3226089.25
10 FEB 2026,131.5,132,130.75,131.75,62,15309,2012393.25
9 FEB 2026,132,133.75,130.5,131,104,36107,4773133
6 FEB 2026,134,134,130,131.25,242,115659,15136647
5 FEB 2026,138,138,132,132.5,277,95337,12731887.75
3 FEB 2026,138,140,133.5,136.25,245,113392,15413109.5
2 FEB 2026,140,143,136,137.25,202,39079,5389058.25
30 JAN 2026,144,144,139,139.75,116,21820,3070288.75
29 JAN 2026,144,144.25,140,141.75,123,21324,3005077.5
28 JAN 2026,143.25,144,141,143.5,50,7373,1056281
27 JAN 2026,145,145,140,141.75,177,32320,4579665.75
26 JAN 2026,147,147,144.75,145,119,34242,4990282.75
23 JAN 2026,149.75,149.75,146.5,147,140,89505,13246232.5
22 JAN 2026,146,149,146,148.25,120,148493,21979103.5
21 JAN 2026,148,149.5,145,146.75,166,71539,10530755
20 JAN 2026,140.25,153,140,147.5,417,311335,46000360.5
19 JAN 2026,141.5,145,140,140.25,127,44539,6292987.25
16 JAN 2026,142.75,145,140,142.75,241,253900,36146895.75
14 JAN 2026,145,145.5,142.75,143,152,125988,18156513.25
13 JAN 2026,144,145,142.25,144,132,130072,18753696.5
12 JAN 2026,146,146.25,142,142.75,296,202871,29231933
9 JAN 2026,146,147,143,146,264,428068,62393523
8 JAN 2026,144,147,142.25,145.25,301,413225,59608021.5
6 JAN 2026,147,148,142,143.75,332,294298,42454010.25
5 JAN 2026,148,149,140,144.75,1009,970907,140625643.75
2 JAN 2026,128,148,128,144.25,1533,1903870,265934321.5
31 DEC 2025,121,129.5,119,127.25,421,342595,43106510.75
30 DEC 2025,123.75,123.75,115,118.75,258,77578,9191727.75
29 DEC 2025,130,130,115,119,355,81943,9894349.25
18 DEC 2025,1215,1225,1200,1203.75,79,8255,10022113.25
17 DEC 2025,1229.75,1229.75,1215,1220,41,3292,4015042.75
16 DEC 2025,1229,1230,1210,1221.5,62,6211,7540472.25
15 DEC 2025,1235,1240,1200,1206.75,92,6550,8008130
12 DEC 2025,1268,1268,1235,1236.5,41,4972,6192644.75
11 DEC 2025,1245,1250,1215,1238.75,103,35871,43984746.25
10 DEC 2025,1240,1245,1200,1242.5,130,39920,48634418.75
9 DEC 2025,1160,1230,1160,1223.75,163,38297,46263008.25
8 DEC 2025,1180,1199,1160,1161,59,2031,2382993
5 DEC 2025,1199.75,1200,1160,1162,71,4712,5518733.75
3 DEC 2025,1188,1200,1160,1193.5,187,25093,29898272.25
2 DEC 2025,1150,1198,1130,1178.75,79,8164,9575417.75
1 DEC 2025,1100,1210,1080,1139.5,131,9728,11262012.75
28 NOV 2025,1089,1180,1089,1105.5,75,13554,14931827.5
27 NOV 2025,1085,1089,1065,1075.5,29,2832,3036468.25
26 NOV 2025,1100,1100,1078,1080.25,30,1656,1807320.5
25 NOV 2025,1073,1100,1073,1077.5,39,3116,3352924.75
24 NOV 2025,1125,1125,1075,1079.25,32,945,1020103.5
21 NOV 2025,1125,1125,1070,1078,67,3539,3846473.75
20 NOV 2025,1110,1125,1080,1097.5,55,3815,4188783.25
19 NOV 2025,1101.25,1120,1086.25,1103,69,5689,6266192.5
18 NOV 2025,1124.25,1149.75,1110,1110.25,49,21825,24242858.25
17 NOV 2025,1123,1124,1100,1104,66,3665,4050134.75
14 NOV 2025,1115,1115,1100,1106.5,76,7650,8493313.25
13 NOV 2025,1128.75,1128.75,1110,1110.5,50,4485,4983230.5
12 NOV 2025,1111,1129.5,1108.25,1110,65,11014,12232041
11 NOV 2025,1148,1150,1107,1110,64,8387,9390462.75
10 NOV 2025,1139,1150,1106,1125.25,84,30821,34434367.5
7 NOV 2025,1125,1125,1100,1106.25,138,19963,22263858.75
6 NOV 2025,1163,1163,1115.5,1122.75,117,3632,4124396.5
4 NOV 2025,1165,1165,1140,1161.5,47,1943,2239955.75
3 NOV 2025,1163,1175,1162.5,1164.5,47,3553,4143432
31 OCT 2025,1160,1170,1146,1162.5,56,2063,2380853.25
30 OCT 2025,1160.25,1175,1160,1168.5,62,10038,11687455.25
29 OCT 2025,1188,1188,1130.5,1169.75,75,33805,39000339
28 OCT 2025,1130,1189.75,1110,1130.25,98,4850,5449534
27 OCT 2025,1160,1160,1120,1129.5,103,6050,6840232.5
24 OCT 2025,1180,1180,1140,1145.25,125,21229,24463762.5
23 OCT 2025,1135,1170,1135,1146.5,86,25999,30122235.75
22 OCT 2025,1130,1189,1120.25,1155.25,120,31221,35951136.75
21 OCT 2025,1130.25,1133,1120,1130,168,35296,39873736
17 OCT 2025,1133,1133,1115,1130,113,38788,43532127.5
16 OCT 2025,1164.25,1180,1125.25,1133,157,6897,7865839
15 OCT 2025,1195,1195,1145,1164.25,191,6325,7362674
14 OCT 2025,1229,1229,1188.25,1193.75,215,41545,49862661.5
13 OCT 2025,1260,1260,1213,1226.75,173,7562,9383998
10 OCT 2025,1350,1380,1236,1242.75,710,74470,96410246.75
9 OCT 2025,1196,1200,1166.5,1179,76,2305,2725766.75
8 OCT 2025,1210,1210,1180.25,1193.75,81,8049,9644189.75
7 OCT 2025,1244,1244,1176.5,1202.5,105,7694,9422262
3 OCT 2025,1234.75,1250,1230,1244,82,22777,28346764.75
2 OCT 2025,1239.5,1250,1224,1227.25,79,21350,26653177.5
1 OCT 2025,1210,1250,1170.25,1221,157,14094,17339787
30 SEP 2025,1163.5,1220,1163.5,1207,182,29158,34779322.5
29 SEP 2025,1140,1180,1139,1163.5,154,27450,31680129
26 SEP 2025,1012,1180,1000,1153.75,256,58352,64262325.25
25 SEP 2025,1009.5,1020,1009.5,1012,30,941,952396
24 SEP 2025,1035,1035,1000,1000.5,79,23180,23247088.25
23 SEP 2025,1073,1073,1000,1014.25,76,4136,4209488.5
22 SEP 2025,1060,1100,1028,1037.5,88,11618,12478661
19 SEP 2025,1065,1080,1025,1059.75,91,17589,18753355.5
18 SEP 2025,1000,1085,1000,1075.25,203,39887,41777458
17 SEP 2025,999.75,1040,990.5,1000,205,71788,72013544.25
16 SEP 2025,885,1013,885,991.5,214,35641,34714922.75
15 SEP 2025,881,907.5,875,890.5,61,8990,7945067.25
12 SEP 2025,893,920,890,899.25,69,18105,16306863.75
11 SEP 2025,903.75,920,900,900,61,11321,10271933
10 SEP 2025,875,915,875,903.75,84,18406,16421700.25
9 SEP 2025,896,940,875,880.75,144,26475,24060594.5
8 SEP 2025,824.25,935,824.25,913.5,440,97587,87595955.75
4 SEP 2025,762,835,760,826,241,129417,103248382.25
3 SEP 2025,760,773.5,760,770,45,24700,19099008
2 SEP 2025,764.25,773,755,755.5,51,37161,28064269.25
1 SEP 2025,755,764.25,755,756.25,44,5908,4480797.5
29 AUG 2025,773,773,755.75,765,49,3924,3001122
28 AUG 2025,773.75,773.75,753,753.25,57,18121,13649805.75
27 AUG 2025,777,777,753,774,28,5497,4196390.5
26 AUG 2025,753,770,753,764.75,22,3324,2539816
25 AUG 2025,599.75,780,599.75,758.75,57,8318,6267724.25
22 AUG 2025,765,782,765,771.75,38,13827,10766598
21 AUG 2025,785,785,763,770,24,1697,1307489.5
20 AUG 2025,778,799,778,790.75,88,49958,39302640.25
19 AUG 2025,751,780,745,775,63,10966,8440806
18 AUG 2025,799,799,772.25,778.5,76,31725,24715628.25
15 AUG 2025,745,799.5,744,780,222,114990,88169891.75
14 AUG 2025,749,750,745,745.75,50,8112,6051029.25
13 AUG 2025,740.5,749,740,745,48,26409,19630192.5
12 AUG 2025,742,745,738,740,49,16055,11883130.5
11 AUG 2025,745,748.75,739.75,740,102,57640,42678131.25
7 AUG 2025,740,750,735,743,186,12465,9249159.5
6 AUG 2025,730,747,730,738.5,49,34413,25320399
5 AUG 2025,736,740,725,725.5,62,5272,3844770.75
4 AUG 2025,755,755,736,742,66,6370,4763849.75
1 AUG 2025,760,765,747.75,755,56,8424,6361752.25
31 JUL 2025,753.5,767.5,747.5,750.25,135,63958,48296090.25
30 JUL 2025,742,762,741,752.5,141,50498,37986514.25
29 JUL 2025,709,740,697,731.5,122,13183,9500228.5
28 JUL 2025,698,718,695.5,699.5,164,18539,13067999.5
25 JUL 2025,655,697,650,690.75,219,48980,32842658.25
24 JUL 2025,650,659,649,654.5,99,31543,20573496.25
23 JUL 2025,627.75,655,627.75,648.25,156,49015,31604674.75
22 JUL 2025,625,628.25,620,627.5,59,31120,19525745
21 JUL 2025,628.5,629,620,625,34,11179,6985356.25
18 JUL 2025,620,620,615,618.5,49,36644,22667885.5
17 JUL 2025,620,620,611.5,615,30,3794,2332902.25
16 JUL 2025,620,627,615.75,616.5,40,1539,956036.25
15 JUL 2025,622,629,617.25,620,54,7331,4548146.75
14 JUL 2025,625,629,620,625,55,32479,20297984.75
11 JUL 2025,621.5,627,614.75,620,119,39908,24754671
9 JUL 2025,623,629.75,615.25,621,58,6395,4000953.25
8 JUL 2025,615,623,607,612.75,46,2497,1527413.75
7 JUL 2025,611.25,625,610,615,20,1752,1083956.25
4 JUL 2025,625,625,610,611,39,13385,8186660.25
3 JUL 2025,630,630,610,610,79,11463,7029221.5
2 JUL 2025,624,640,624,629,142,61116,38627252
1 JUL 2025,624,624,610,617,49,13283,8198461
30 JUN 2025,610,625,610,619.75,73,27655,17135149.25
27 JUN 2025,605,628,605,607.25,34,1842,1136142.25
26 JUN 2025,599,630,596,601.25,124,60222,36171582
25 JUN 2025,585,599.5,585,598.5,39,5239,3095697
24 JUN 2025,580,600,580,587.25,64,13780,8139474.5
23 JUN 2025,582.25,588,570,571.25,40,2958,1701294.75
20 JUN 2025,565,594.5,565,582.25,50,7494,4338959.25
19 JUN 2025,594.75,595,570,573.25,67,6940,4021041
18 JUN 2025,603.25,610,582,589.5,90,11171,6648157
17 JUN 2025,608.25,617,600,604,34,1596,974200.25
16 JUN 2025,615,616,608.25,608.25,61,5528,3378112.75
13 JUN 2025,615,619.75,612,616.25,38,3545,2179502.75
12 JUN 2025,615,629.75,612,618,82,11858,7348374.25
11 JUN 2025,614,615,613,615,55,10094,6204402
9 JUN 2025,611,615,610,614,48,5950,3646738
6 JUN 2025,615,616,610,611,146,51111,31363598.5
5 JUN 2025,608.25,617,608.25,616,30,6128,3773359.75
4 JUN 2025,604.75,620,603,616.5,206,110106,67470285.75
3 JUN 2025,600,605,595,603,108,71258,42919328
2 JUN 2025,609.75,609.75,590.25,599.75,41,5107,3063250
30 MAY 2025,599,610,597,604.5,109,49416,29821365.5
29 MAY 2025,584.5,598,580,591.75,123,160013,94337009.5
28 MAY 2025,584.75,584.75,575,584.5,35,15707,9168789
27 MAY 2025,575.5,585,570,585,109,56229,32584557
26 MAY 2025,556,585,556,576.5,102,41568,23844490.5
23 MAY 2025,540,560,540,554.75,281,164730,91370479.75
22 MAY 2025,530.75,534,522,529.5,35,39137,20720016.5
21 MAY 2025,525.25,525.25,521.75,522.5,8,384,200626.75
20 MAY 2025,530,530,527,527,6,147,77490
19 MAY 2025,537.5,537.5,536.5,533.5,3,5,2684.5
16 MAY 2025,538,538,525,533.5,16,1189,634683
15 MAY 2025,530,539,527,534.75,46,23391,12448343.25
14 MAY 2025,529,530,523,530,34,12727,6738211.25
9 MAY 2025,517,534.75,516,520,20,558,289481.75
8 MAY 2025,535,537.5,500,528.25,27,787,411198
7 MAY 2025,540.25,540.25,530,535.25,17,939,501476.75
6 MAY 2025,543,543,530.25,535.5,5,18,9604
5 MAY 2025,540,540,530.5,535.5,31,5004,2691068.5
2 MAY 2025,545,545,539,539.5,10,616,333463
30 APR 2025,521,550,520,545.25,54,18799,9960641.75
29 APR 2025,516.75,528,510,527.75,69,116556,60104506.25
28 APR 2025,515,515,500,514,43,14290,7355460
25 APR 2025,512,515,510,514,13,2359,1212606.75
24 APR 2025,500,505,500,502,3,31,15560
23 APR 2025,501,502,501,502,17,481,241213
22 APR 2025,515,515,513.75,515,5,695,357875
21 APR 2025,509,510,500,500.5,35,5656,2851053.5
17 APR 2025,510,510,500,500.25,6,1044,522328
16 APR 2025,510,510,500,500.25,15,1290,646178
11 APR 2025,509,509,490,492.75,48,4070,2027979.75
10 APR 2025,502,519,500,510,40,34789,17763854.25
9 APR 2025,500,500,476,486,51,8764,4216114.75
8 APR 2025,495,515,490,500,25,7162,3574123.25
7 APR 2025,521.25,521.25,475,484.75,93,15927,7668926.25
4 APR 2025,529,529,510,510.25,25,6769,3453562.25
3 APR 2025,523,535,509,522.5,31,19234,10245066
2 APR 2025,528,559.75,528,544.5,27,10126,5371762
1 APR 2025,520,528,520,520.5,15,2309,1209890
28 MAR 2025,510.25,520,508.75,519.5,21,5460,2832355.25
27 MAR 2025,513,513,510,510,21,2869,1463590.75
26 MAR 2025,521,521,512.5,512.75,42,3442,1771383
25 MAR 2025,525,530,522,523.75,8,2064,1083560
24 MAR 2025,520,525.5,520,525,10,1047,549592
21 MAR 2025,525,535,525,527,37,6034,3198996.25
20 MAR 2025,524,538,512,534,26,1691,890134.5
19 MAR 2025,510,520,490,512.5,91,52488,26719782.25
18 MAR 2025,512,525,507,507.25,45,8708,4424591
17 MAR 2025,539,539,513,515,28,4119,2141746
14 MAR 2025,537.75,550,520,524,23,10725,5609620
12 MAR 2025,515,538,515,526.75,24,1736,902167.5
11 MAR 2025,522.5,522.5,515,515.25,51,5196,2684064.5
10 MAR 2025,540.75,540.75,520,522.5,51,2815,1473698.25
7 MAR 2025,541,541,532,532.5,9,146,77735.75
6 MAR 2025,543,544.5,541,543.5,9,377,204924
5 MAR 2025,523,543,523,542.75,22,2255,1190244
4 MAR 2025,531.25,531.5,520,523,72,8278,4348264.75
3 MAR 2025,549,549,531.5,536,33,600,327071.75
28 FEB 2025,550,550,547,549,24,9991,5489057
27 FEB 2025,542,560,531.5,550.5,42,8389,4579782.75
25 FEB 2025,556,556,540,544.25,55,7913,4335723
24 FEB 2025,553.75,560,550,558.25,36,3591,1979458
21 FEB 2025,565,575,555,561.25,32,4247,2394988.25
20 FEB 2025,569.25,569.25,555.25,562.25,37,4581,2562946.75
19 FEB 2025,580,580,566.5,569.25,33,47083,27267889
18 FEB 2025,590,605,580,584.75,73,16259,9627083
17 FEB 2025,588.25,597.5,585.25,597,21,3513,2096383.25
14 FEB 2025,542,588.25,542,584.25,65,31806,18425603
13 FEB 2025,550,558.5,540.75,553.25,53,6877,3800393.5
11 FEB 2025,568,568,540,542.5,106,14829,8260385
10 FEB 2025,580.5,580.5,565,569.75,34,4307,2452703.75
7 FEB 2025,580,590,575,580.25,22,12826,7438366
6 FEB 2025,579,590,552,580,103,59508,34617176.25
5 FEB 2025,590,590,575.25,580,154,70910,41129156
3 FEB 2025,583,600.5,577,600,88,22064,13019218.25
31 JAN 2025,599,599,580,588.75,88,8517,5020817.5
30 JAN 2025,600,610,590,600,98,26946,16188899.5
29 JAN 2025,548.25,600,548.25,595.25,274,133600,77830806.25
28 JAN 2025,520,545,520,541.75,146,76087,40168624.75
27 JAN 2025,521,525,515,516.5,51,27885,14556305
24 JAN 2025,515.25,525,510,519.75,102,78943,41040134
23 JAN 2025,505,522,500.25,520.75,128,68501,35189473.5
22 JAN 2025,490,517,490,503,271,130636,65642645.5
21 JAN 2025,479.75,495,479.75,484,84,28945,14091415.25
20 JAN 2025,475,479,468.5,477,68,93066,44168893.75
17 JAN 2025,475,475,463.25,469.5,59,18186,8518645.75
16 JAN 2025,464.75,475,461.5,469.25,79,24441,11479671.25
15 JAN 2025,458,469.75,458,464.75,31,1073,498585.5
10 JAN 2025,463,470,458,465,28,3622,1666752.5
9 JAN 2025,470,485,462,469,167,31909,15197489
8 JAN 2025,460,474,455,461.25,65,8943,4157043.25
7 JAN 2025,439,469,439,469,97,66807,31046256.5
6 JAN 2025,450.25,465,435,455.25,209,43746,19722373
3 JAN 2025,466.75,471,435,454.5,174,39216,18170003.25
2 JAN 2025,466.75,471,466.5,466.75,142,36165,16968566
31 DEC 2024,474,474,466.5,467.25,117,19535,9179674
30 DEC 2024,490,490,471,473.75,135,24052,11483886
27 DEC 2024,498,499,475,488.75,66,20481,9826892
26 DEC 2024,475,499,473,488.25,127,66279,32341288.25
24 DEC 2024,475,485,475,475.25,91,38016,18074256.5
23 DEC 2024,480,485,466,473.25,182,31076,14832910
20 DEC 2024,476,494.75,476,488.25,147,52245,25468847
19 DEC 2024,478,480,465.5,477.5,98,22569,10777668
18 DEC 2024,453,485,444,478,276,100432,47124471.5
17 DEC 2024,440,458,435,453,190,102162,45593007.25
16 DEC 2024,420,448.5,420,446.75,245,85069,37088662.25
13 DEC 2024,415,430,415,423.75,121,34462,14613204.75
12 DEC 2024,417,439.25,411.75,415.75,269,133867,56373761.25
11 DEC 2024,400,423,400,415.5,253,77646,32126968
10 DEC 2024,380.25,400,380.25,394.75,152,100068,39212547.25
9 DEC 2024,375.25,394.75,375.25,390,50,15380,5999142
6 DEC 2024,375.25,399,375.25,391.25,125,76443,30306279.25
5 DEC 2024,382,395,380.5,387.5,121,54694,21209616.25
4 DEC 2024,376.75,388,373.25,382.25,133,51612,19612359.75
3 DEC 2024,365,376.75,360,374.25,152,95546,35129128
2 DEC 2024,355,374.75,355,363.5,125,32313,11697370.25
29 NOV 2024,344,358,344,352.25,91,78476,27529278.5
28 NOV 2024,342,349,340,345,72,38581,13272258.5
27 NOV 2024,340.25,349.75,339,343,77,39608,13561617.5
26 NOV 2024,343,343,333,339,43,5307,1793096
25 NOV 2024,339.75,339.75,334,334,63,7927,2661862.5
22 NOV 2024,345,345,340,341.25,43,4715,1612166.25
21 NOV 2024,346.25,348,337,340.5,76,25915,8895581.75
20 NOV 2024,340,350,340,347.25,58,13313,4636868.25
19 NOV 2024,359.5,359.5,346.5,350,41,8243,2872566.5
18 NOV 2024,357,360,352,354.5,88,38979,13858645.5
14 NOV 2024,352,354.75,352,352.5,34,16235,5723012.5
13 NOV 2024,357.75,359.5,352,357.75,82,15604,5572300
12 NOV 2024,358,358,351,356.25,39,2986,1050886
11 NOV 2024,350.25,360,350,357.75,88,57150,20273890
8 NOV 2024,352.75,352.75,345,350,29,7844,2746194.75
7 NOV 2024,354,354,345,345.25,46,16493,5756267.25
6 NOV 2024,350,353,335,348.75,62,6468,2233583.75
5 NOV 2024,352.75,354.75,347.25,354,42,7650,2703596.25
4 NOV 2024,357.75,358,346.5,355,81,17296,6078496.25
1 NOV 2024,335,357.75,335,356.75,261,114919,39957044.5
30 OCT 2024,339,342,331.5,341.25,114,115431,39330767.5
29 OCT 2024,333,339.25,331,338.25,86,28779,9614914.5
28 OCT 2024,332.75,335,329,330.5,35,3215,1063209
25 OCT 2024,333.75,333.75,328.25,330,32,5213,1724364.75
24 OCT 2024,333.75,333.75,326.5,330,33,8853,2920871.5
23 OCT 2024,328,333,325.5,332.75,56,9452,3111336
22 OCT 2024,326,340,326,330.25,105,47285,15840519.5
21 OCT 2024,315,335,315,334,257,195604,64543464.25
18 OCT 2024,311,317.5,308.75,314.5,73,54706,17164565.75
16 OCT 2024,312.5,312.75,307,308.75,29,8558,2664432.25
15 OCT 2024,310,313,308.75,309,13,1787,554965.25
14 OCT 2024,311,311,308.25,309.75,17,1307,404325
11 OCT 2024,308,313,308,308.25,10,1338,412319.5
10 OCT 2024,313.5,313.5,308,311.5,28,6641,2056885
9 OCT 2024,309.75,314.5,309.75,310,21,10853,3384383
8 OCT 2024,307,313.75,307,308.5,66,25849,7994993.75
7 OCT 2024,308.5,308.5,303,305.25,27,3246,999641.5
4 OCT 2024,303.5,308,303.25,304,20,793,240895.75
3 OCT 2024,310,310,303.25,303.5,39,7334,2264264.25
2 OCT 2024,310,310,305,305,24,2033,622766.75
1 OCT 2024,308,309,305,308.5,38,2902,890696.5
30 SEP 2024,310,310,308,308,21,3173,982250.25
27 SEP 2024,303.5,309.75,303.5,307.75,35,3407,1048529.75
26 SEP 2024,313,314,302,305,38,12074,3702181.5
25 SEP 2024,304,315,304,311.25,47,5517,1719738.25
24 SEP 2024,293.75,304,290.75,304,59,6960,2063106.25
23 SEP 2024,285.75,293,283,292.5,17,1367,391200
20 SEP 2024,290,290,286,286,20,3773,1086460
19 SEP 2024,290,294,285,292,19,1546,447199
18 SEP 2024,284,288,279,280.25,49,8695,2454635.25
13 SEP 2024,280,284.75,279.75,280,19,966,270876.5
12 SEP 2024,284,284,280,280.5,11,116,32574.5
11 SEP 2024,280,284,280,280,6,77,21856
10 SEP 2024,285,285,279.25,280,9,1163,330809
9 SEP 2024,285.25,285.25,279,284.25,7,141,40082.75
6 SEP 2024,280,283,279,280.5,18,7071,1975270
5 SEP 2024,284,284,278.5,280.75,27,826,232399.5
4 SEP 2024,279,284,278.75,284,17,2203,617568.25
3 SEP 2024,275,275,272,274.25,9,241,66079
2 SEP 2024,280,280,270,270.75,53,11151,3033068
30 AUG 2024,276,280,275,280,33,5657,1578953.75
29 AUG 2024,280,280,275.75,280,6,123,34435.75
28 AUG 2024,280.5,281,271,275.75,59,6447,1789896
27 AUG 2024,285,285,280,280,27,7423,2078900.25
26 AUG 2024,286.25,289,283,284.25,45,6459,1847299
23 AUG 2024,292.25,294,285,287.5,39,3067,884381.5
22 AUG 2024,293,296,292.25,292.75,29,5187,1519520.75
21 AUG 2024,293,300,292,293,56,14149,4187589.5
20 AUG 2024,299,299,293,293.75,20,914,268619.25
16 AUG 2024,295,300,290,294.25,36,5016,1467800.25
15 AUG 2024,293,307.75,293,294.5,65,29681,8817868.5
14 AUG 2024,292,292,285.5,286,7,264,75517
13 AUG 2024,293,293,285,285.25,9,75,21668.25
12 AUG 2024,288,293,285,285.25,23,2001,570723
9 AUG 2024,289.5,289.5,288.25,288.25,14,1666,481904
8 AUG 2024,289,297.5,286.5,288.25,12,1281,369298.25
7 AUG 2024,284,289,284,285,14,116,33056.25
6 AUG 2024,285,290,283.5,285.25,33,3046,868383.75
5 AUG 2024,293,293,285.5,285.5,16,1778,507895
2 AUG 2024,294,294,285.5,286,15,1678,481605.25
1 AUG 2024,290,294,285.5,286,38,9958,2848958.75
31 JUL 2024,300,302,293.25,294,24,1201,353790
30 JUL 2024,300,302,298,299,17,505,151220.25
29 JUL 2024,298,305,298,300.25,14,270,81513.5
26 JUL 2024,301,305,298,303,29,1924,582562.5
25 JUL 2024,304.5,304.5,296.5,297.5,29,1239,371137.75
24 JUL 2024,297.25,305,292,300,66,6503,1944996.75
23 JUL 2024,284,299,284,287.75,8,203,58030.25
22 JUL 2024,289.25,290,281,284,82,8278,2352753.25
19 JUL 2024,295.25,295.25,286.5,290,43,3845,1114819.5
18 JUL 2024,296,296,295.25,296,16,562,166328.5
17 JUL 2024,298.75,298.75,295.75,296,16,797,236034.5
16 JUL 2024,296,298.75,295.25,296,3,502,148594
15 JUL 2024,299.5,300,295,295.5,28,670,198106.5
12 JUL 2024,299.75,299.75,299.75,299.75,5,460,137885
11 JUL 2024,300,300,295,295,16,9146,2718071
10 JUL 2024,296.5,300,296.5,300,6,1830,544558
9 JUL 2024,298,300,291,293.25,29,4747,1392459.25
8 JUL 2024,302,302,296.25,297,13,307,91401.25
5 JUL 2024,302,303,298.25,298.75,22,1544,462346.75
4 JUL 2024,307,307,298,299.75,31,2074,622480.25
3 JUL 2024,302.25,307.75,300,300.5,48,4681,1409358.5
2 JUL 2024,303.75,308.25,302.25,307.75,25,1566,475834.5
1 JUL 2024,308.5,308.5,304,304,20,3624,1102048.25
28 JUN 2024,304.25,308.5,304,304.75,13,1603,489789.75
27 JUN 2024,308.75,308.75,303.5,304,39,9736,2966657.25
26 JUN 2024,308,309,306,308.75,17,1701,522114.5
25 JUN 2024,309.5,309.75,306,306.25,14,1369,421169.5
24 JUN 2024,310.25,311.25,308.25,308.75,27,4600,1420914.25
20 JUN 2024,309,314.75,309,312.25,8,379,117996.75
19 JUN 2024,310,310,309,309,14,692,214096.25
18 JUN 2024,310.25,310.5,309.25,309.75,19,764,236882.25
14 JUN 2024,309.5,314,309.5,310.25,10,1889,587386
13 JUN 2024,308.25,314.75,308,308.25,15,3570,1100070.5
12 JUN 2024,317,317,308,308.75,45,14691,4561218.75
11 JUN 2024,309.75,318,308,317,48,27368,8473690.5
11 JUN 2024,309.75,318,308,317,48,27368,8473690.5
10 JUN 2024,318,318,310,310.75,23,1172,365742
7 JUN 2024,316,316.75,309,309.25,37,9210,2851719
6 JUN 2024,312,319,310.25,318.5,56,4528,1425061
5 JUN 2024,313.75,313.75,309,311.75,19,907,283537.75
4 JUN 2024,307.5,314.75,306.25,307,50,3661,1132753.75
3 JUN 2024,309.5,313.75,306.25,307,49,4325,1339390
31 MAY 2024,317,320.75,309,310.75,63,5262,1644619.75
30 MAY 2024,319,323,319,319.75,23,2852,918014.25
29 MAY 2024,319,323,318,320.5,27,1640,524329.75
28 MAY 2024,321,324,317,321,23,2753,882785
27 MAY 2024,320,329,319.5,321.25,33,2940,947933.75
22 MAY 2024,319.5,320,319.5,319.5,32,7330,2342869.25
21 MAY 2024,315,319,311,319,29,2947,928263.5
20 MAY 2024,322,322,304,311.75,87,14305,4436961.75
17 MAY 2024,326.75,328,321,327,41,4967,1620775.5
16 MAY 2024,334.5,334.5,323,327.75,38,7679,2492585.25
15 MAY 2024,327,333.75,324.25,326.75,62,12512,4077294
14 MAY 2024,331,334,324,325.5,50,5361,1750485.5
13 MAY 2024,336.75,337.25,327.25,329.5,37,7821,2582077.75
10 MAY 2024,338,339.5,335,335.5,39,6684,2256952
9 MAY 2024,332,342,324.75,336,84,52235,17489110.75
8 MAY 2024,329,335,325,331,39,9365,3114641.75
7 MAY 2024,332.75,334.5,329.5,331.5,36,22189,7344884
6 MAY 2024,330,334.5,327,330,36,5957,1957308
3 MAY 2024,329.25,334.5,329.25,331.5,32,6746,2234703.25
2 MAY 2024,345,345,333,333,56,10503,3519575.25
30 APR 2024,334.75,347.75,327,339.25,114,24296,8221241.25
29 APR 2024,333,337,330,333,45,12424,4133274.75
26 APR 2024,327.5,340,327.5,334,100,49960,16671261.75
25 APR 2024,330,335,327.25,328,76,13955,4593150
24 APR 2024,314.5,330,314.5,326,231,66619,21526641.75
22 APR 2024,309.5,314.5,306,313.25,80,12832,4017655
19 APR 2024,300,314.5,297.5,309.5,102,32719,9963697.5
18 APR 2024,309,309,300,301.5,50,41858,12745080.5
17 APR 2024,300.75,314.5,292.75,303.75,107,55430,16818977
16 APR 2024,312,314.75,299,300.75,302,68674,20924950.75
15 APR 2024,300,319.5,300,316.25,147,23172,7207067
10 APR 2024,297,306,297,303.25,171,28697,8644506
9 APR 2024,289,297,282.75,295,80,9953,2894872
8 APR 2024,284.75,288,280,287.25,61,7962,2280236.5
5 APR 2024,286.25,286.25,280,282,24,1737,488826
4 APR 2024,284,285.75,279,280,41,9705,2732656.25
3 APR 2024,284,285.75,280,284,52,4380,1245098
2 APR 2024,282.5,284,280,281.75,37,10362,2920958
1 APR 2024,282.75,282.75,277,279.25,24,880,245582.5
28 MAR 2024,279.75,284,277.5,280,41,6633,1870600.5
27 MAR 2024,282,283.75,274,279.75,37,1073,298128.75
26 MAR 2024,279.5,284,274,275.25,27,1030,287822.5
25 MAR 2024,278.75,279.5,271,277,24,1293,358402.5
22 MAR 2024,271,279,266.5,275.75,50,5451,1477487
21 MAR 2024,273.5,277.75,265.25,269,70,23900,6406170.25
20 MAR 2024,278.75,279.75,274,278,12,2988,830663.5
19 MAR 2024,282,282,274,279.5,4,1109,310080
18 MAR 2024,278.5,286,275,281.25,51,9258,2612872.5
15 MAR 2024,283.5,283.5,276,278.5,24,4153,1158288.5
14 MAR 2024,269,285,265.25,279,100,13660,3794241.75
13 MAR 2024,272,272,265,267.25,26,5079,1362139.5
12 MAR 2024,273,273,262.25,268.25,12,1020,272268.75
11 MAR 2024,274,274.5,261,268,66,11319,3043896.75
7 MAR 2024,274.5,274.5,270,272,31,2875,784297
6 MAR 2024,272.5,275,263,274.25,45,3754,1022767.25
5 MAR 2024,275,277.25,266,268,20,3380,904807.75
4 MAR 2024,267.5,278,260,267.25,110,7075,1906228.5
1 MAR 2024,262.5,269,248,252.5,35,1126,285139.25
29 FEB 2024,260,269,259.5,267,63,4927,1303127
28 FEB 2024,244.5,262,241,250.25,122,24232,6055139.25
27 FEB 2024,241,245,239,239.25,49,3477,834277
26 FEB 2024,245,246,241,241.5,21,2225,536953.25
22 FEB 2024,246,246,245,245,10,545,133735
21 FEB 2024,246.75,247,241,246,14,1947,477147.75
20 FEB 2024,246.75,246.75,240,246.75,11,134,32882
19 FEB 2024,240,246.75,240,244.25,18,617,149601.75
16 FEB 2024,240,242,239.25,239.5,17,2193,525210.25
15 FEB 2024,243.75,247.5,239,240,57,11508,2800699.75
14 FEB 2024,247,247,238,238.5,30,662,158332
13 FEB 2024,248,248,245,245.75,18,1119,276711
12 FEB 2024,249.75,249.75,242,247.75,10,427,105803.25
9 FEB 2024,249.75,249.75,240,240.75,20,841,202497.75
8 FEB 2024,243.75,245,241.25,245,41,8829,2161453.5
7 FEB 2024,253,254,241.5,242.5,39,1823,451110.25
6 FEB 2024,240,254,240,242.5,47,4118,1023004
2 FEB 2024,229.25,235,228.75,229.75,31,6367,1460113
1 FEB 2024,230,230,228.75,229.75,52,13878,3189253.25
31 JAN 2024,230,230,229,230,31,8302,1908465
30 JAN 2024,235,235,230,230,75,12129,2810130.5
29 JAN 2024,238.75,238.75,233,234.25,22,6285,1474580
26 JAN 2024,235,238.75,232,237.5,19,5821,1381304.75
24 JAN 2024,235.5,235.5,226,235,46,10132,2367719.25
23 JAN 2024,241,241,225,236,59,6239,1476485.75
22 JAN 2024,243.75,246.5,240.25,240.25,19,2953,710622.5
19 JAN 2024,246.75,246.75,240.25,244,4,330,80602.5
18 JAN 2024,243.25,247,240,241,30,6012,1450751
17 JAN 2024,246.75,250,243.25,243.25,17,1673,407080.25
16 JAN 2024,247,247,243,243,15,5946,1454573
12 JAN 2024,252,252,252,244.25,2,4,1008
11 JAN 2024,252.5,252.5,243.5,244.25,20,501,122313.25
10 JAN 2024,245,254,244.5,247,20,2544,625830.25
9 JAN 2024,254,254,243.25,244.75,29,1549,380322
8 JAN 2024,250.25,255,250,251.25,13,782,195884.75
5 JAN 2024,255.75,255.75,255,249.5,4,49,12514.75
4 JAN 2024,255.75,255.75,249,249.5,7,246,61414.75
3 JAN 2024,257.5,257.5,249,251.5,24,867,217853.25
2 JAN 2024,251.75,258,248,248.25,34,6684,1662715
29 DEC 2023,251.75,251.75,243,244,58,12105,2951285.25
28 DEC 2023,251.75,256.25,243,245.25,43,4767,1175942.25
27 DEC 2023,244.25,252,243,247,35,1882,458785
22 DEC 2023,255.75,255.75,243,244.5,68,3187,785624
21 DEC 2023,255,258,249,249.75,27,1703,427178.25
20 DEC 2023,256,256,250,250,39,6277,1570638.75
19 DEC 2023,260,261.5,256,256.25,10,256,66180.5
18 DEC 2023,260,260,250,250.5,19,2027,508512
15 DEC 2023,258.5,263,255,256.5,15,1443,368482
14 DEC 2023,255.75,264,255,255,12,3063,781616.25
13 DEC 2023,260,260.5,255.25,260,12,1181,306820.75
12 DEC 2023,256,260,255.25,260,23,6188,1608381.5
11 DEC 2023,260,260,256,258.25,14,1316,341832
8 DEC 2023,252,259,252,251,4,57,14556
7 DEC 2023,257,261,250,251,27,1651,417647.75
6 DEC 2023,258,260,256.5,257.75,9,195,50251.5
5 DEC 2023,260.5,260.75,256.5,258.25,12,1040,268696.5
4 DEC 2023,260,260,259,260,5,220,57180
1 DEC 2023,256,262,254,255.5,12,191,48785
30 NOV 2023,262,262.25,255,256.75,8,236,60670.5
29 NOV 2023,260,260,253.25,254,19,4781,1214547.5
28 NOV 2023,252.25,259.75,250,251.75,19,1326,333877.25
27 NOV 2023,263,263,257.25,257.25,22,4183,1078840
24 NOV 2023,260,263.5,258.5,259.5,10,490,127765.75
23 NOV 2023,260,263,259,259.25,8,445,115546
22 NOV 2023,260,263,257.25,257.25,9,1118,287635.75
21 NOV 2023,255,261,251.25,258.25,61,7101,1813899.75
20 NOV 2023,257.5,257.5,255,255.25,11,2635,673935
17 NOV 2023,260,260,253,254.25,22,1775,452277.25
16 NOV 2023,257.75,266,253.75,255.25,34,3543,903526
15 NOV 2023,268.5,268.5,258,259.75,19,3207,828417.5
14 NOV 2023,264.75,264.75,256.25,260.25,17,2055,533396.5
13 NOV 2023,264.75,264.75,255,255,54,15967,4078869.75
10 NOV 2023,260.75,270,257,260.5,38,5423,1412332
9 NOV 2023,260.5,269,260.25,260.5,4,131,34141.25
8 NOV 2023,268.5,279,260,262,112,23339,6165578.25
7 NOV 2023,258.5,260,256,260,23,832,215840.75
6 NOV 2023,259,283.5,258.25,259.5,13,190,49301.25
3 NOV 2023,260,262,258,258.5,17,1612,418830.25
2 NOV 2023,263,285,255,259,74,22757,5897053.5
1 NOV 2023,256,258.75,254.25,258,17,1355,348777
31 OCT 2023,261.75,261.75,254,254.5,17,322,81989.25
27 OCT 2023,254,262,254,262,10,1111,289020.25
26 OCT 2023,259,260,251,251.75,50,9836,2493176.25
25 OCT 2023,264.75,264.75,257,257.25,39,7002,1808524.5
24 OCT 2023,262,264.75,261.25,264.5,9,1102,291223.75
23 OCT 2023,268.75,273,260,261,25,1568,409942
20 OCT 2023,269,269,260,265,22,2676,705915.25
19 OCT 2023,260.5,267,255,255.5,44,4544,1167986
18 OCT 2023,264,270,260,261,47,3138,823140.25
17 OCT 2023,265,266,264,265,14,1535,406894.75
16 OCT 2023,265,270,264.25,264.25,28,1878,497727.25
13 OCT 2023,270,274,260,265.25,51,6818,1807930.25
12 OCT 2023,270.25,277.5,269,270,29,2535,684665.5
11 OCT 2023,277.25,277.25,271.5,271.75,17,525,142686
10 OCT 2023,286,286,270,271.5,31,3609,980021.25
9 OCT 2023,285.75,285.75,266.25,271.25,24,966,264131.25
6 OCT 2023,286,286,286,286.5,1,2,572
5 OCT 2023,289,289,281.5,286.5,10,187,53586.5
4 OCT 2023,281.25,288.75,281.25,288,16,3415,961271.25
3 OCT 2023,285,285,281.25,282,31,3232,914101.25
2 OCT 2023,286,289,283.75,286,31,5846,1667033.25
27 SEP 2023,284,291.5,283.75,290,31,5350,1543279.75
26 SEP 2023,285,287,283,286.75,24,1873,534587.75
25 SEP 2023,287,289.75,285,285.5,51,10743,3068875.5
22 SEP 2023,289.5,289.5,287,287,3,73,20963.5
21 SEP 2023,290,290,286,287,27,2069,593736.75
20 SEP 2023,285,292.5,285,290,6,964,279066.5
19 SEP 2023,293,293,284,285,21,1598,463583.75
18 SEP 2023,298,299.75,285.5,288.75,28,744,216247.5
15 SEP 2023,300,300.25,291,298.75,49,12642,3774310.25
14 SEP 2023,293.25,304,289,298.75,161,43952,13161146.25
13 SEP 2023,282,293,282,288,23,5482,1577873
12 SEP 2023,283.75,287.5,280.25,287.5,20,4428,1243425.25
11 SEP 2023,283,288,280.25,286.5,37,10759,3038710.25
8 SEP 2023,280,284.25,280,282.5,30,867,244357.5
7 SEP 2023,275,283,275,280,33,6540,1827651.5
6 SEP 2023,276.25,280,275,275,42,3715,1023085.25
5 SEP 2023,280,281.75,275.25,279,67,8689,2418446.75
4 SEP 2023,275,282,275,277,20,3042,837127.25
1 SEP 2023,281.5,281.5,271.75,276,16,2466,676101.25
31 AUG 2023,280,281,271.75,280,12,608,170232.25
29 AUG 2023,278.75,278.75,269,271.5,23,3004,817088.5
28 AUG 2023,282,282,269,271.5,57,6003,1636022.5
25 AUG 2023,276,286,270,271.25,35,5460,1481263.25
24 AUG 2023,282.75,284.75,276,280,42,6491,1817452
23 AUG 2023,270,283,266,279.5,86,16344,4448297.5
22 AUG 2023,268,277,264.5,269,43,2873,773107.25
21 AUG 2023,276.25,278,265,268,138,18380,4945543.5
18 AUG 2023,285.25,285.25,257,278,75,5660,1540450.25
17 AUG 2023,285,290,279,284.5,126,20035,5675447.5
16 AUG 2023,289,291,284,285,90,11326,3246759.5
15 AUG 2023,291,305,287,290,65,5195,1537515.5
14 AUG 2023,303,303,287.25,288.75,92,14798,4306175.25
11 AUG 2023,299.75,304.75,293.5,295,59,2687,799095
10 AUG 2023,300,305,290.25,292,76,7993,2372472
9 AUG 2023,303,306,296.75,298.75,103,12521,3771807.5
8 AUG 2023,315,324.75,306,306.75,81,8552,2673830.5
7 AUG 2023,310,315,302,303.75,71,4915,1498614
4 AUG 2023,317,317,305,306.75,129,21411,6630812
3 AUG 2023,324,325,316.25,318.5,81,8203,2625722.5
2 AUG 2023,328.5,328.5,323,324,48,5054,1643737.25
31 JUL 2023,329,330,324.75,327,92,16543,5412751.75
28 JUL 2023,329,330,321,324,45,3523,1138295.75
27 JUL 2023,325,332.75,320,322.75,85,8656,2795412
26 JUL 2023,332.75,333,320,321.25,38,1602,519129
25 JUL 2023,333,333,319.75,328,104,9366,3023003.5
24 JUL 2023,340.75,340.75,330,331.25,88,13101,4355661
21 JUL 2023,338,342,336.75,338.25,38,4866,1649049.25
20 JUL 2023,347,348.5,334.25,339,57,9309,3123298
19 JUL 2023,350,350,334,338.25,74,5930,2013183
18 JUL 2023,349,356,340.25,351.25,71,14051,4922126.5
17 JUL 2023,343.75,355,335,345.75,135,25091,8709050.5
14 JUL 2023,341.25,345,335,341.75,61,16647,5671232.25
13 JUL 2023,335,347.75,334,335.25,76,5894,1988407.25
12 JUL 2023,346,352,340.25,346.75,118,9283,3222584.75
11 JUL 2023,345,350,332.75,342.75,122,19885,6753830.5
10 JUL 2023,324.75,358,324.75,345,438,66849,22942272.5
7 JUL 2023,302,324.75,296,316.75,244,44766,13908252.25
6 JUL 2023,297,309,295,299.5,42,5398,1627200.25
5 JUL 2023,296.25,305,290,296.5,132,26950,8068003.75
4 JUL 2023,278,305,278,296.25,161,28254,8341433.5
28 JUN 2023,281,282,280,280,38,12592,3529098.75
27 JUN 2023,277.25,282,277.25,280,48,16897,4729944.5
26 JUN 2023,275.5,281.25,275,277,65,28820,7971709.5
23 JUN 2023,280,282,273.5,280,15,2647,741254.75
22 JUN 2023,280,285,270,279.25,80,14340,4028414
21 JUN 2023,268,280,268,278.25,92,12992,3592951.25
20 JUN 2023,265.5,265.5,265,265,13,651,172525.25
19 JUN 2023,274.25,274.25,265,265,8,204,54078.25
16 JUN 2023,275,275,274,270,3,11,3019
15 JUN 2023,265.25,274,265,270,34,2244,600089.25
14 JUN 2023,270,275,262.5,271,38,3678,996487.75
13 JUN 2023,273.75,277,261,268.5,71,13605,3657728
12 JUN 2023,274,274,264.25,269.5,24,2815,753290.5
9 JUN 2023,264.5,273,264,270.75,35,3773,1017072.75
8 JUN 2023,272,272,263,267,8,4560,1217286
7 JUN 2023,272,274,260.25,261.5,14,1054,275753.25
6 JUN 2023,275,275,263.25,264,15,212,56050.5
5 JUN 2023,263.25,277.5,261.5,262,29,2811,749159.25
2 JUN 2023,270,285,270,270.25,71,7097,1952898.75
1 JUN 2023,247,270,247,267.25,178,59701,15722481.5
31 MAY 2023,233.75,234.25,233,234,40,8826,2062336
30 MAY 2023,240,240,231,232,39,3366,789897.25
29 MAY 2023,250,250,235,235.5,46,4111,978284.25
26 MAY 2023,240,249,238.25,240.75,44,3491,838117.25
25 MAY 2023,252.5,252.5,240,240.5,14,406,98194
24 MAY 2023,242,250,242,244.5,24,2651,651082
23 MAY 2023,237,250,237,245,21,485,119099.75
22 MAY 2023,249,250,240,241,24,1738,426233
19 MAY 2023,249.75,249.75,242,242.25,22,1441,348961.75
18 MAY 2023,243,250,242.25,249.5,15,10508,2619046.75
17 MAY 2023,241,249,241,244.5,21,557,137305.75
16 MAY 2023,257.5,257.5,241,241.25,38,6291,1518992.25
15 MAY 2023,264,264,241,245,25,1825,449312.75
12 MAY 2023,255.75,262.75,245,247.5,24,1216,300951.5
11 MAY 2023,251.5,253,251.5,252,14,919,231601
10 MAY 2023,251.75,261,251.5,252,4,385,97056.75
9 MAY 2023,263,263,263,263,3,201,52863
8 MAY 2023,258.5,269,250,252.5,47,9622,2432011.5
4 MAY 2023,258.5,258.5,258.5,256.25,1,1,258.5
3 MAY 2023,247,259,247,256.25,15,2205,550408.5
2 MAY 2023,253,259,247,248.25,54,2644,663799.75
28 APR 2023,256,257,253,255.5,21,995,254345.5
27 APR 2023,266.5,266.5,253,254.75,30,1188,303897
26 APR 2023,272,276,260,262.25,27,807,212160.25
25 APR 2023,270,270,265,266.25,17,1766,474529.75
24 APR 2023,272,272,270,270,25,7249,1969458
21 APR 2023,272,273,270,272,26,3344,903536.75
20 APR 2023,272.25,279,271.75,272,9,568,154571.5
19 APR 2023,279.5,279.5,270,270.75,19,7361,1993666.25
18 APR 2023,275.25,277,273,275,22,5120,1405321.25
17 APR 2023,285,285,275,279.5,27,3103,865705.75
12 APR 2023,285,285,279.5,284,21,1370,389299.75
11 APR 2023,274.25,285,274,284,57,22342,6202299.75
10 APR 2023,274,281,273.75,274.5,26,4135,1145179.75
6 APR 2023,273.75,278,273.5,275.25,25,6129,1689106
4 APR 2023,270,275,270,273.25,20,4322,1175337.75
3 APR 2023,270.5,271,270,270.75,16,1385,374863.75
31 MAR 2023,263,270.5,263,268.75,33,2464,655641.25
30 MAR 2023,269.5,270.5,261,263.75,26,4623,1239115.75
29 MAR 2023,265.5,272,265.5,270.5,25,3951,1066283
28 MAR 2023,270,271,265,268.5,34,5009,1349233
27 MAR 2023,275,275,270,270.25,41,6319,1708727.25
24 MAR 2023,274,276,270,272,63,35295,9616385.25
23 MAR 2023,270.25,279.75,270,272.5,53,9917,2690136.75
22 MAR 2023,277.5,288,270,270.75,61,12091,3273961.25
21 MAR 2023,288,288,277.5,278.75,39,8341,2336316.5
20 MAR 2023,278.5,284,278,281.75,47,8105,2271844.25
17 MAR 2023,288.75,288.75,277.5,278.5,11,147,40974.25
16 MAR 2023,286,286,280,282,52,7346,2077707
15 MAR 2023,283.5,289.75,280,282.75,142,41566,11896749
14 MAR 2023,283,287,275,280.75,111,28423,8023437.25
13 MAR 2023,281,283.75,272.75,275.25,50,5955,1639955.5
10 MAR 2023,280,289.75,273,276.25,70,15656,4317228.5
9 MAR 2023,274,290,272.25,281.75,195,50869,14370523.5
8 MAR 2023,275,279.5,270,273,177,68506,18791514.25
7 MAR 2023,263,275,260,265.25,233,105229,28165768.75
3 MAR 2023,250,259,240,255,80,108011,27506698.5
2 MAR 2023,255,255,245,246.25,19,774,191058.25
1 MAR 2023,250,255,243,246,50,7223,1788537
28 FEB 2023,256.75,256.75,250,255,6,1031,262869.75
27 FEB 2023,251,251,245,246.5,33,1998,494329
24 FEB 2023,249,258.75,249,253.25,16,10911,2751503
23 FEB 2023,260,260,248.25,250.5,24,1300,325119
22 FEB 2023,261,261,248,248.5,37,2933,746350.5
21 FEB 2023,245,262.75,241,251.5,61,7126,1777596.25
20 FEB 2023,245,248.75,241,245,50,3404,834463
17 FEB 2023,251,251,235,237.5,98,8964,2132832.5
16 FEB 2023,254.25,257,245,246.75,65,11539,2890504.75
15 FEB 2023,254.5,254.5,241.25,251,28,6857,1665527.5
14 FEB 2023,250.25,254.5,240.25,249.75,45,7304,1827444
13 FEB 2023,252.75,258,250,251,33,6326,1587794
10 FEB 2023,259,259,253,257.5,31,2402,618965.5
9 FEB 2023,252.25,259,252,252.5,32,2104,531660.25
8 FEB 2023,252.75,260.75,251,259.5,27,593,152958.25
7 FEB 2023,252.5,263,251,259.5,48,3592,915218.5
6 FEB 2023,265.5,265.5,251,251.5,52,6653,1698441.25
3 FEB 2023,257.5,265,252.5,260.5,38,4439,1149748.5
2 FEB 2023,257.5,257.5,255,256.25,24,1796,458867.75
1 FEB 2023,257.75,257.75,250,253.25,28,10440,2614111.25
31 JAN 2023,250,258,248.5,250.75,71,5166,1302380.75
30 JAN 2023,202.25,260,202.25,254.75,47,3302,767159.5
27 JAN 2023,266,269.75,262,264.5,32,7183,1909425.25
26 JAN 2023,269,276,265.5,267.5,54,4892,1323000.5
25 JAN 2023,266,277,265.5,269.5,47,8473,2287472.25
24 JAN 2023,281.75,283,265.5,270.5,107,16587,4591734.25
23 JAN 2023,263.5,280,255,274.5,162,42594,11217360.5
20 JAN 2023,258,264,245,261,97,12142,3166273.75
19 JAN 2023,256,256,243,247,40,4106,1012849.25
18 JAN 2023,249.75,264,242,247.75,59,4661,1160172.25
17 JAN 2023,239,250,239,244.75,60,8835,2160900.25
13 JAN 2023,249,249,238,238.75,7,275,65729.75
12 JAN 2023,242.75,250,236,238.5,95,6404,1534989.5
11 JAN 2023,243,252,243,243.5,31,1343,326661
10 JAN 2023,247,249.5,242,244,35,2092,512479.25
9 JAN 2023,254.5,254.5,240,246.5,95,16488,4073582.5
5 JAN 2023,252,262,251.5,253,34,1801,455101
4 JAN 2023,252.25,259.75,250,255.25,25,7218,1839246.25
3 JAN 2023,261.5,267,250,256,91,8321,2141295.25
2 JAN 2023,264,268.5,259.5,262.5,39,6070,1582407.5
30 DEC 2022,260,265,259.75,259.75,25,1900,496326.25
29 DEC 2022,262,262.75,250,251.25,69,13650,3424900.25
28 DEC 2022,260,260,255,256.75,61,5657,1465787.75
27 DEC 2022,260,277,255,259,77,10542,2758070
23 DEC 2022,260,268,253,257,50,3276,841641.75
22 DEC 2022,263,269.25,254.5,258.25,79,3673,946621.5
21 DEC 2022,261,272,260,263.5,27,2053,540202.5
20 DEC 2022,272,272.5,261,262.5,42,3872,1023526.75
19 DEC 2022,265,270,260,265.5,71,7838,2073753.25
16 DEC 2022,279.25,279.25,265.75,270.25,82,6136,1666269.5
15 DEC 2022,288,288,279.5,279.75,47,3877,1086566.75
14 DEC 2022,285,287,279.5,280.5,61,4094,1155832
13 DEC 2022,290,290,282,285,26,713,204221.25
12 DEC 2022,285,294,285,289.5,40,1582,458409.25
9 DEC 2022,282,292,280,281.25,82,9366,2647706.5
8 DEC 2022,288,294.5,285,287,70,5119,1471524.25
6 DEC 2022,295,295,286,288.5,52,2365,682126.25
5 DEC 2022,300,300,285,291.25,46,3244,934271.5
2 DEC 2022,290,308.75,285,287.25,98,14096,4074244.5
1 DEC 2022,304.5,310,294,299.25,102,9972,3025778.75
30 NOV 2022,282,304.75,282,299.25,146,18644,5510206.25
29 NOV 2022,289,297.75,270,274.75,205,24118,6712935.5
28 NOV 2022,278,289,269,283.75,209,20592,5703958.25
25 NOV 2022,256,278,251,271.25,88,13270,3546206
24 NOV 2022,268,268,255,257.75,95,13183,3429242.75
23 NOV 2022,260,268,253,265.5,182,22621,5919040.5
22 NOV 2022,244,259,242,253.25,122,31854,7970266.75
21 NOV 2022,255,258,235.5,244.75,103,19547,4752731
18 NOV 2022,275,275,235,243.25,257,22077,5444827.5
17 NOV 2022,281,290,274,275.5,110,6939,1928542.5
16 NOV 2022,286.5,297.75,281,281.5,70,4022,1133585.5
15 NOV 2022,313,313,286.25,298.5,54,2714,814182.75
14 NOV 2022,290.5,307,290,296.75,53,4030,1200248.75
11 NOV 2022,292,309.25,281.5,293.25,135,8980,2708667
10 NOV 2022,300,300,280,293.75,74,6078,1758254
9 NOV 2022,294.5,307,280,299.75,78,5970,1722412.75
8 NOV 2022,312,312,290,294.5,164,9342,2789846.5
4 NOV 2022,318,320,310,311.5,79,6219,1967282.25
3 NOV 2022,329,329,310,314.25,83,7110,2253835.75
2 NOV 2022,330,335,319,323,63,2902,939346.5
1 NOV 2022,338,339,322,324.75,21,463,150388
31 OCT 2022,340,340,320,328.5,86,9177,3032027.25
28 OCT 2022,347.75,348.75,340,344,49,2804,967526.75
27 OCT 2022,348,359,348,350,81,4205,1472280.25
26 OCT 2022,325,348.75,324.75,339.5,92,9107,3057659.5
25 OCT 2022,358.75,358.75,315,324.5,147,5832,1914775.25
21 OCT 2022,337.25,362,335,338,100,8469,2872229.5
20 OCT 2022,364,364,340,341.25,127,7493,2585509
19 OCT 2022,352,379.75,349.5,351.5,113,8535,3015682.5
18 OCT 2022,355,360,345,351.75,133,12850,4492020.5
17 OCT 2022,375,384.5,355.5,360.25,111,12586,4581751.75
14 OCT 2022,395,399,365.25,371.25,189,19883,7489579.5
13 OCT 2022,349.25,394.25,340,389.75,448,50732,19151083.25
12 OCT 2022,290,344.5,277.5,331,527,67326,20730772.5
11 OCT 2022,368,368,321,328.25,443,46743,15949222.5
7 OCT 2022,376,389,361,370,349,31966,11857950.25
6 OCT 2022,410.25,414.75,385.5,391.25,178,13339,5286294
5 OCT 2022,397.5,429,390,401,287,36336,14667259.75
4 OCT 2022,402,407,368,380.25,659,85638,33276766.5
3 OCT 2022,435,436,402,409.25,320,39988,16689262
30 SEP 2022,438,440,434,434.5,103,9075,3950249.5
29 SEP 2022,446,449,432,438,260,40215,17676412.75
28 SEP 2022,438.5,458,438.5,446.5,520,76243,34224272
27 SEP 2022,424,435,402,428,382,72029,30625515.75
26 SEP 2022,429.75,429.75,413,414.5,153,13588,5663091.25
23 SEP 2022,432,432,415,416.25,166,18926,7975338
22 SEP 2022,430,439.75,419.5,423.5,747,114406,49218260.5
21 SEP 2022,394.25,427,382,412.25,484,58682,23942901.5
20 SEP 2022,413,414,390,398.75,356,52615,21114007.75
19 SEP 2022,432,434,412,414,269,39557,16638699
16 SEP 2022,410,434,400,420.5,620,147696,62171800.75
15 SEP 2022,390,418,375.5,408.25,535,101187,40881395.75
14 SEP 2022,425,425,380,387.5,569,58061,22995501.5
13 SEP 2022,398,445,363,417,1349,202462,82924349.5
12 SEP 2022,319,370.5,319,370,885,206951,74655804.5
9 SEP 2022,285,309,282,296.5,259,62701,18453129.75
8 SEP 2022,278,285,270,279,133,27176,7569049.75
7 SEP 2022,263,276.75,263,273.5,138,23608,6429611
6 SEP 2022,264.75,265,260,263.25,104,28533,7487737.25
5 SEP 2022,270,270,260,264.75,104,23249,6125191.25
2 SEP 2022,275,275.75,259,264,67,8192,2188973
1 SEP 2022,259.75,268,252.75,265.25,164,36040,9449526.25
31 AUG 2022,252.5,253,239.5,242.75,94,18152,4458244
30 AUG 2022,239,249,230,245.75,73,11144,2694139.5
29 AUG 2022,240,245,230,239,83,15963,3828362.5
26 AUG 2022,248.75,249.5,225,245,149,47301,11164059.25
25 AUG 2022,260,260,240.75,248.75,195,50540,12612303.75
24 AUG 2022,269.75,269.75,251.5,258.75,181,41837,10763592
23 AUG 2022,265,273.75,250,261,197,52201,13876604.75
22 AUG 2022,280,280,264,267.5,149,36718,9902416.25
19 AUG 2022,278,285,271,271.5,96,20682,5730268
18 AUG 2022,290,290,271.25,275.5,167,35267,9815219.5
17 AUG 2022,295.5,299.5,270,277.5,326,55380,15562604.75
16 AUG 2022,285,316.5,274.75,288.5,732,210027,60566999.75
15 AUG 2022,255,270,250,253.25,328,73010,18903901.75
12 AUG 2022,232,249.5,221.5,245.5,308,74701,17905311.25
10 AUG 2022,210,235,210,230,270,80697,18501246
9 AUG 2022,225,225,205,213.25,278,54965,11905968.5
8 AUG 2022,222,235,221.25,227.75,138,18211,4183093.5
5 AUG 2022,235,239.25,225,228.75,167,26550,6166665.75
4 AUG 2022,239.75,249.75,230,233.5,194,53480,12608090
3 AUG 2022,215.25,237.5,215.25,232.5,404,103284,23464239.25
2 AUG 2022,191.25,210,191,201.25,294,101125,20105410
1 AUG 2022,172,200,172,182.5,115,24213,4421791
29 JUL 2022,161.25,172,160,168.5,135,59931,9786989.75
28 JUL 2022,165,165,160.75,161.5,30,5705,920679.25
27 JUL 2022,168,168,162,165.75,32,2034,331362.5
27 JUL 2022,168,168,162,165.75,32,2034,331362.5
26 JUL 2022,169,169,165,166.25,24,2898,483101.5
25 JUL 2022,167,169,163.5,168,9,354,59210
22 JUL 2022,165,170.75,164.75,165,60,14615,2414442.5
21 JUL 2022,168.5,171,165,166.75,43,4882,817391.5
20 JUL 2022,171,171,168.5,169,41,7118,1205809.5
19 JUL 2022,169,172.25,165,168.5,49,3579,604922.25
18 JUL 2022,173.5,173.5,165,171,31,4881,826044.75
15 JUL 2022,178,178,160,166.25,174,185894,29866248.75
14 JUL 2022,175.75,175.75,173,174.75,18,1467,255996.5
12 JUL 2022,179,179,170,174,51,17702,3049627.25
11 JUL 2022,175,179,175,175.25,31,6827,1195124.75
8 JUL 2022,170,170,169.5,170,9,4389,746125
7 JUL 2022,174,174,165.25,167.75,43,12902,2182415.5
6 JUL 2022,175,175,169,171.75,27,3433,587715.5
5 JUL 2022,174,182,172,175.5,45,7136,1253679.25
4 JUL 2022,175.75,183.5,172.5,178.25,34,6093,1081366.75
1 JUL 2022,175,180,175,179.25,21,2215,392050
30 JUN 2022,179,179.5,177,178.5,14,4763,850089
29 JUN 2022,175,181.5,175,179.25,16,3632,658835.5
28 JUN 2022,176.25,183.75,175,182.25,33,5462,963636
27 JUN 2022,184.75,184.75,178.5,181.75,61,14500,2634385.5
24 JUN 2022,180,188.5,180,184.75,46,5983,1089423.25
23 JUN 2022,184,184,180,180,57,17838,3222036.75
22 JUN 2022,186,186,179.25,184,40,7833,1424576
21 JUN 2022,194,194,185,186.25,37,5591,1043636.5
20 JUN 2022,180,194.75,180,184.25,33,4208,766997.75
17 JUN 2022,194,194,178.5,186.25,43,7467,1388886.75
16 JUN 2022,196,207.75,190,194.25,43,6319,1232159.25
15 JUN 2022,198,203.5,195,203.25,24,2788,564195
13 JUN 2022,212,212,198,202.75,22,7023,1420417.75
10 JUN 2022,200,211.75,195.25,202,37,8505,1712919.75
9 JUN 2022,206.5,206.5,200,202.25,55,17510,3541507.25
8 JUN 2022,196.25,206.25,196.25,201,27,1638,328955.75
7 JUN 2022,198,198,184,196.25,34,6241,1200900
6 JUN 2022,210,210,190,193.5,80,23598,4626626
3 JUN 2022,216.75,216.75,205,208.75,34,13991,2911943.5
2 JUN 2022,205.75,216.75,205.25,212.5,35,8606,1818654.5
1 JUN 2022,207,213.5,203.5,207,33,4991,1023600
31 MAY 2022,229.75,229.75,204,215.5,112,16636,3606293.5
30 MAY 2022,212.25,218,202,203.5,46,5801,1206020.5
27 MAY 2022,222,222,210,210,22,3038,638487.5
26 MAY 2022,222.25,222.5,207.5,209,13,1693,354169.5
25 MAY 2022,216,238,201,217,64,5046,1095164.5
24 MAY 2022,227,227,215.75,218.75,53,9264,2056452.5
23 MAY 2022,223.5,240,220,226.5,65,10444,2363315.5
20 MAY 2022,214.75,224.75,204.25,219.75,17,1417,307845.25
19 MAY 2022,234,234,202.25,211.5,47,3698,784458.25
18 MAY 2022,240,240,215,219.25,55,8435,1895869.75
17 MAY 2022,201,230,201,222.75,46,4145,908635.5
13 MAY 2022,211.75,214.5,207,210.5,78,30228,6341975
12 MAY 2022,197,209,190,206.25,26,6758,1376865.75
9 MAY 2022,207,207,200,205.75,31,14000,2885708.5
6 MAY 2022,176,211.5,170,189,119,33766,6091252.25
5 MAY 2022,179,194,175,176,28,22346,3934138.75
4 MAY 2022,183,183,170,177.5,32,4291,752826.25
29 APR 2022,189,190,170,179.25,41,5136,938324.5
28 APR 2022,194,194,160,175,36,3180,545595.25
27 APR 2022,98.1,195,98.1,159.25,59,15527,1948352.45
26 APR 2022,143,143,128,130.75,9,231,30773
25 APR 2022,160,160,160,160,19,774,123840
8 APR 2022,220,220,195.5,206.75,46,10352,2126651.25
7 APR 2022,223,223,217.5,219.25,14,701,153547.25
6 APR 2022,234.5,248,216.25,219.25,48,11347,2654976.75
5 APR 2022,244,249.75,205,235,50,4486,1064661.5
4 APR 2022,210,245,201,210.25,30,7954,1672747.5
1 APR 2022,218,284,218,218.5,17,1130,247000
31 MAR 2022,287.5,328,250,290.75,58,5249,1506439.75
30 MAR 2022,295,295,265,290,40,2985,841747
29 MAR 2022,330,330,300,300,60,8887,2717302.5
28 MAR 2022,337.25,337.25,310,319.5,84,12671,4108686.75
25 MAR 2022,348,368,340,340,27,1557,534864.5
24 MAR 2022,348,348,336,340,35,3788,1293844
23 MAR 2022,359.5,359.5,348,348,28,1966,685515.5
22 MAR 2022,366,419,350,355.25,102,26695,9805452.75
21 MAR 2022,350,367,349.75,350.75,63,16014,5629904.25
18 MAR 2022,369,372,344,346.5,63,3325,1167394.5
16 MAR 2022,346.25,372,316,337,116,24160,7977067.25
15 MAR 2022,385.5,385.5,345,352,66,4483,1601066.75
14 MAR 2022,376,410,375,385.5,44,8355,3219715.25
11 MAR 2022,449.75,449.75,375,419.75,58,3912,1631373.5
10 MAR 2022,330,417.5,330,416.5,210,23059,9016055
9 MAR 2022,420.75,429.75,320,334,206,25001,8925187.75
8 MAR 2022,495,495,399.5,404,204,26351,10923903.25
7 MAR 2022,550,550,491,495,100,18750,9368359.5
4 MAR 2022,519,530,506,512.75,76,4677,2407911.25
3 MAR 2022,551.75,556.75,517,522.75,66,3751,2003361
2 MAR 2022,590,590,545,556.75,55,5723,3206258.5
28 FEB 2022,584.75,591,540.25,580,60,4956,2824530.25
25 FEB 2022,515,585,515,584.75,60,8717,4724386.75
24 FEB 2022,526,545,512.75,514,38,1872,979941
23 FEB 2022,555,555,512,533.25,105,8653,4594613.5
22 FEB 2022,540,589,538,558.25,90,10684,5897471.75
21 FEB 2022,610.75,610.75,540,550.5,221,23969,13628386.75
18 FEB 2022,630.25,640,620,624.5,42,4110,2564860.25
17 FEB 2022,651,651,630,637.5,44,4605,2952343.25
15 FEB 2022,683,683,650,656,64,10328,6830135.25
14 FEB 2022,690,692,680,682.75,63,5919,4063528.25
11 FEB 2022,694,715,675,700,89,12095,8440606.75
10 FEB 2022,675,690,650,670.25,95,6495,4369253.5
9 FEB 2022,740,750,652.5,668.75,416,65028,45487226.75
8 FEB 2022,685,709,514,700.5,222,37698,25212458.5
7 FEB 2022,700,709,685,685.25,91,22482,15667390.25
3 FEB 2022,700,709,680,696,112,18300,12684222.75
2 FEB 2022,699.75,707,690.5,701,96,11745,8233384.25
1 FEB 2022,710,710,683,699.75,82,21476,15058748.75
31 JAN 2022,700,729.75,690,695.25,130,38231,26742499.75
28 JAN 2022,671,700,650,687,124,11773,8056610.5
27 JAN 2022,693,772,660.5,693,148,24112,16730382.5
26 JAN 2022,735,750,700,723,239,52464,38491221.25
25 JAN 2022,712,770,708,732.5,522,109028,79931413.75
24 JAN 2022,640,719,640,712,666,300821,192535615
21 JAN 2022,600,640,575,617.25,299,132584,78193022
20 JAN 2022,625,625,575,578,87,24134,14071314
19 JAN 2022,566.25,619.75,565,584,186,54791,32385219.75
18 JAN 2022,563,598,560.5,570,40,15404,8897074
13 JAN 2022,580,580,546,579.5,150,20600,11687181.25
12 JAN 2022,530,670,530,588.75,331,43764,26366564
11 JAN 2022,510,520,490.25,518,55,24330,12494384.5
10 JAN 2022,545,549.75,526.5,528,41,4126,2194355.25
7 JAN 2022,499,545,499,538.75,170,34694,18607309.25
6 JAN 2022,503.25,530,497.25,516.5,44,6522,3371688.25
5 JAN 2022,505.25,540,499,503.25,96,43270,22323136
4 JAN 2022,495,519.25,495,514.75,46,8265,4237352
3 JAN 2022,490.5,521,475,489.75,177,54778,27089504.5
31 DEC 2021,510,510,489,489.75,54,14536,7139543.75
30 DEC 2021,496.75,510,490,494.75,61,10800,5348969.5
29 DEC 2021,500.25,524.75,497.5,506,98,51377,25740162.75
28 DEC 2021,525,525,500,501,67,10205,5144931
27 DEC 2021,535,535,505,520.75,38,3746,1965949.5
24 DEC 2021,529.25,533,529,532.25,16,4133,2199916.25
23 DEC 2021,495,540,493,526.25,62,14261,7508840.25
22 DEC 2021,515,520,491.5,499,46,7965,3968773.75
21 DEC 2021,507.5,510,490,499.5,71,17707,8928108.25
20 DEC 2021,500,520,494,507.5,102,111375,55356613.5
17 DEC 2021,525,525,500.25,509.5,75,7299,3764158.75
16 DEC 2021,540,540,518,522.25,109,20089,10517149.5
15 DEC 2021,545,545,525,537.75,78,33808,18109143.25
14 DEC 2021,540,550,530,539.5,198,61431,33343744.5
13 DEC 2021,435,540,435,525,300,93881,47684719
10 DEC 2021,410,448,410,432.25,169,98539,42264032.5
9 DEC 2021,423,423,400,417.25,77,31323,13104674.25
8 DEC 2021,440,440,411,424.25,59,4420,1886188.25
7 DEC 2021,388.5,448,388.5,436.75,196,146965,58661607.75
6 DEC 2021,380,394,378.25,388.5,44,19500,7563914.5
3 DEC 2021,382.25,390,378.25,380.25,38,18964,7225627.25
2 DEC 2021,393,393,384.25,390.5,42,16416,6322838.75
1 DEC 2021,381.5,399.75,381,393,152,92096,36454974
30 NOV 2021,399,399,375,378.5,55,23378,8878536.25
29 NOV 2021,397,403,381,387.5,134,23949,9542044
26 NOV 2021,360.25,405,360.25,398.75,262,110670,43083766.5
25 NOV 2021,374.75,379,350,360,195,99601,36137640.25
24 NOV 2021,385,385,330,359.25,212,67469,24543742.75
23 NOV 2021,303,375,300.25,374,629,236814,80688864.75
22 NOV 2021,285,304,285,300,125,67222,20149752.25
19 NOV 2021,279.75,305,275,281,326,169434,49085707.5
17 NOV 2021,274,277,263,275.25,69,104976,28288015.25
16 NOV 2021,279.5,282.5,271.5,273.75,81,41440,11408977.5
15 NOV 2021,243.5,278,243.5,271.5,180,211839,55848262.25
12 NOV 2021,259.75,259.75,240,246.25,102,120511,29681293
11 NOV 2021,260,274.5,250,253.75,263,251034,64612926
10 NOV 2021,220,250,212,237.25,109,89709,20468414.5
9 NOV 2021,240,240,222,224.5,47,23857,5418978.25
8 NOV 2021,243.5,243.5,226,229.75,70,28602,6663309.75
5 NOV 2021,265,270,230.5,235.5,118,46515,11369907.25
3 NOV 2021,281.25,287,250.75,256.25,471,272043,74413302.5
2 NOV 2021,232.25,265,218,254.25,400,236872,59193732.25
1 NOV 2021,221,239,221,234.25,331,173202,40092030.75
29 OCT 2021,201.25,221,201.25,215.25,213,144998,30638226.25
28 OCT 2021,224,224,200.25,208.5,86,23118,4908209.25
27 OCT 2021,223,224,195.5,217,174,68356,14685346.25
26 OCT 2021,192,223,187,211.25,572,382116,78994937
25 OCT 2021,161,194,161,191.75,647,693541,120632495.5
22 OCT 2021,152.5,160.25,149,155.25,282,378149,58261324.5
21 OCT 2021,152,153.5,149.5,151.75,90,70636,10736350.5
18 OCT 2021,146.75,153.5,146,150,183,151920,22828914
15 OCT 2021,140,148,140,145.75,186,105308,15167899
14 OCT 2021,137,139.75,137,139.25,12,7147,994935.5
13 OCT 2021,137,137,135,135.75,28,9457,1283825.25
12 OCT 2021,137.25,137.5,137,137.25,19,3615,495635.5
11 OCT 2021,136.5,140,136.5,137.25,7,426,58494
8 OCT 2021,137,137,135,135,10,10313,1392479.5
7 OCT 2021,133.25,139,133,136,37,8458,1152900.5
6 OCT 2021,129,133.5,129,133.25,7,1252,166632.5
5 OCT 2021,131,132.75,131,132.25,7,1263,167063.5
4 OCT 2021,132.5,132.5,130,130,17,19619,2550813.5
1 OCT 2021,132.75,132.75,130,130,9,2221,288785.75
30 SEP 2021,130,133,130,130,8,1191,154834.5
29 SEP 2021,132,133,129.5,129.5,14,1072,139570.5
28 SEP 2021,131.5,133,130,132,14,3643,473934.5
27 SEP 2021,129.25,133,129,131,29,20031,2590709.25
24 SEP 2021,130.75,130.75,129,130,11,828,107640.5
23 SEP 2021,131,131,130.25,130.25,4,1161,151228.5
22 SEP 2021,128,131.25,128,131.25,11,2082,271812.25
21 SEP 2021,128.5,128.5,127,128,19,6303,806705
17 SEP 2021,128.5,130,128.5,130,9,9002,1170257
16 SEP 2021,132,132,130,130,10,8840,1150204
15 SEP 2021,132.25,132.25,131,132,9,469,61872
14 SEP 2021,128,132.75,126.25,129.75,32,8079,1039231.25
13 SEP 2021,129,129,126,126.75,44,18383,2336548.25
10 SEP 2021,133,133,128.25,129,23,5116,665729.5
9 SEP 2021,133,133,129.25,132,22,6938,911919.5
8 SEP 2021,136,136,123.25,127.75,54,11326,1459042
7 SEP 2021,137.75,138.75,134.75,135,20,3218,434711
6 SEP 2021,140,140,137.5,138,19,1756,243731.5
3 SEP 2021,144,144,135,137,82,22008,3031605
2 SEP 2021,138.75,146,138.5,141.25,97,39567,5636657.25
1 SEP 2021,129.5,144,129.5,140.25,164,173184,24258450
31 AUG 2021,132,132,129.75,130.5,56,27748,3617644
30 AUG 2021,131.5,136,129.5,130.25,80,28357,3728353.25
27 AUG 2021,132,133,128,130.25,61,18224,2382955.5
26 AUG 2021,132,133.75,131,131.75,20,851,112376.25
25 AUG 2021,135.5,136,130.75,133.25,36,6168,816807.75
24 AUG 2021,138,138,130.75,132.75,61,17396,2299565.5
23 AUG 2021,137,137,130,135,59,6516,869915.25
20 AUG 2021,138,138,134.5,137.25,32,959,131617.75
19 AUG 2021,135.25,138,134,135,35,6116,825023.5
18 AUG 2021,140,140,136.75,136.75,34,10615,1456350
17 AUG 2021,140,140,138.5,139.5,18,644,89891
16 AUG 2021,138,142,136.25,138.5,7,896,123877.25
13 AUG 2021,135.5,138,133.25,137,16,845,115549.75
12 AUG 2021,139,139,134,135.75,20,2585,351485.75
11 AUG 2021,136.75,138.75,136.5,136.5,6,252,34415
10 AUG 2021,140,140,135,136.25,35,2701,371078.5
9 AUG 2021,140,140,138,138.5,25,2773,384376
6 AUG 2021,139,142.5,138,141,31,3698,520619
5 AUG 2021,141,141,139,139,54,4676,654051.25
4 AUG 2021,145.25,145.25,136,141.25,76,15049,2130466
3 AUG 2021,146,150,144.75,147,73,32607,4765310.25
2 AUG 2021,149.75,149.75,145.5,145.75,34,11286,1648097.25
30 JUL 2021,148.25,148.25,145,145.5,60,9520,1397922.75
29 JUL 2021,150,150,148,148.25,38,8086,1204417
28 JUL 2021,149,150,147,148.75,33,9306,1383609
27 JUL 2021,150,150,145,148,280,98256,14531492
26 JUL 2021,149.75,150,148,148.25,37,29838,4423726.75
22 JUL 2021,148.75,150,143,148.75,22,5619,837474.75
20 JUL 2021,147,149.75,142,149,52,17153,2454534.5
19 JUL 2021,149.75,149.75,144,148,24,3817,558263
16 JUL 2021,148,150,147.25,148.75,23,3523,524123.25
15 JUL 2021,150,150,149,149.5,35,11381,1699983
14 JUL 2021,149,150,142,147.75,31,2915,432333
13 JUL 2021,149.75,150,148.5,150,42,25424,3811780
12 JUL 2021,148,151.75,145.5,149.75,55,15194,2276684.75
9 JUL 2021,144.75,150,143.5,148.5,101,26246,3874033.75
8 JUL 2021,140,148,140,143.5,46,13264,1908611.75
7 JUL 2021,139,140,138.5,139,17,2062,286365
6 JUL 2021,140.25,143,139,139,21,4407,613472
5 JUL 2021,141,141,140.25,141,10,3420,482035
2 JUL 2021,144.25,145,140,144.75,15,2362,332419
1 JUL 2021,142,142,139,140.25,9,234,32796
30 JUN 2021,144.25,144.25,138,138.25,16,3535,488846.5
29 JUN 2021,141.75,146,140,140.25,42,10126,1427324.25
28 JUN 2021,146.25,146.5,140.5,142.75,32,7462,1073859.25
25 JUN 2021,143,146,143,145.5,40,12892,1874938.25
23 JUN 2021,139,144.25,135,141.5,31,3133,429072.75
22 JUN 2021,144.5,144.5,138,139.5,36,5776,806023.5
21 JUN 2021,143,144.5,139,144.5,34,7698,1084327
18 JUN 2021,143.75,146,140,143.5,39,7662,1105157.75
17 JUN 2021,140,144,139,143.5,21,2241,317129.75
16 JUN 2021,146.75,146.75,133.5,136.25,18,421,57353.25
15 JUN 2021,145.75,145.75,130,142,78,9312,1314961.75
14 JUN 2021,148,148,140,145.75,33,6355,896225
11 JUN 2021,149.5,149.5,142.5,145.75,19,1025,152383.5
10 JUN 2021,144.75,149.5,144,148.75,65,11128,1648105.25
9 JUN 2021,147,147.75,140.5,141.25,31,2446,349431.75
8 JUN 2021,149.75,149.75,140,145.5,84,7702,1095840.75
7 JUN 2021,153,158,147.5,150.5,122,48881,7430296.75
4 JUN 2021,151,159.25,140,153.5,273,99426,15437315
3 JUN 2021,125,153,124.5,150,666,285186,41009579
2 JUN 2021,122.25,124,121.75,122.5,35,13899,1703367.5
1 JUN 2021,123,123.5,121,122.25,71,24773,3033361.75
31 MAY 2021,117.25,117.25,115.5,117,51,24936,2916875.25
28 MAY 2021,117,117,117,117,4,1026,120042
25 MAY 2021,117,117,115.25,115.75,14,5568,646416
24 MAY 2021,116,118.25,116,117.5,14,906,106506.25
21 MAY 2021,119.5,119.5,118.25,119.5,9,182,21727.5
20 MAY 2021,114.5,119,114,115.75,20,6766,779217
19 MAY 2021,115,119.5,114,114,7,1726,196820.5
18 MAY 2021,113,119,113,119,5,300,35613.75
17 MAY 2021,114.75,119,114.75,117.75,15,2369,276564
13 MAY 2021,114.75,114.75,111.5,114.75,16,5555,637338.75
12 MAY 2021,115,115,114.75,115,3,511,58762.5
11 MAY 2021,110.25,115,110.25,110.25,3,100,11029.75
10 MAY 2021,118,118,112,112.75,11,1295,147580
7 MAY 2021,116.75,116.75,115,115.5,19,2015,233814.75
6 MAY 2021,116.75,116.75,116.75,114.25,4,32,3736
5 MAY 2021,114,116.75,114,114.25,8,293,33488.75
4 MAY 2021,117,117,115,115.25,13,2670,307920
3 MAY 2021,116.75,116.75,116.5,117,3,80,9322.5
30 APR 2021,117,117,117,117,4,306,35802
29 APR 2021,116.25,121,116.25,117,5,601,70246
28 APR 2021,115,123,114,114.5,9,1293,149537.25
27 APR 2021,115,115.5,114,115.25,17,3835,441965
23 APR 2021,113,128.5,113,116.25,13,1023,119519.75
22 APR 2021,124.25,125,112,112,7,879,105345
21 APR 2021,126,126,124,124.25,17,657,81728.75
20 APR 2021,130,130,124,125,12,2472,309063.75
19 APR 2021,131.25,131.25,125,129,7,613,77103.5
16 APR 2021,131.25,131.25,125,125.5,31,4659,585572.75
15 APR 2021,129.25,131.75,126,129.75,29,6290,805758.25
12 APR 2021,127,129.75,127,129.75,10,1531,195889.25
9 APR 2021,126,130,125,125.5,46,22882,2876757.25
8 APR 2021,121.5,131,121,126.75,75,47364,6060606.5
7 APR 2021,124,130,118,121,61,27405,3357615.25
6 APR 2021,119.75,130,113.25,121,30,14089,1705802.5
5 APR 2021,113.5,119,113,115,10,2393,271757.5
1 APR 2021,113.5,113.5,113,113.25,7,672,76247
31 MAR 2021,110.75,113.5,110.75,111.75,6,307,34303.25
30 MAR 2021,110.5,112,110.5,111,7,569,63174
29 MAR 2021,112,114,110,110,9,5671,624289
26 MAR 2021,114.75,114.75,114.5,112.25,4,31,3553.5
25 MAR 2021,115,115,109.25,112.25,8,1168,131443.25
24 MAR 2021,111,115.75,108.5,112.25,13,665,74480.25
23 MAR 2021,113,113,105,112,9,1208,129850
22 MAR 2021,115.75,115.75,113,113.5,4,251,28565.75
19 MAR 2021,114.75,115.75,105.5,114.25,12,439,48370
18 MAR 2021,117,117,103,111,4,4,453
17 MAR 2021,119.5,119.5,110,111,15,1948,216341
16 MAR 2021,119.75,119.75,111.5,112.5,9,1236,139159.25
15 MAR 2021,118,119.75,110.5,111.25,12,1263,140735.25
12 MAR 2021,120,120,114,114,15,4436,510105.5
10 MAR 2021,117.5,117.75,116,114,6,66,7725.25
9 MAR 2021,116,117.25,114,114,40,12294,1424579
8 MAR 2021,116,116,114,115,14,2310,265552.5
5 MAR 2021,113.75,113.75,111,113,10,2451,277021
4 MAR 2021,114,114,110.5,112,20,1673,187475.75
3 MAR 2021,115,115,113.5,113.75,15,3219,367378.75
2 MAR 2021,125,127.5,115,115.5,17,2726,331247.5
1 MAR 2021,120,125,120,120,4,153,18365
25 FEB 2021,124.5,125.25,122,125,19,24890,3104828.5
24 FEB 2021,124.25,124.5,124.25,124.5,5,409,50898
23 FEB 2021,123,127,122.25,122.25,9,411,50354
22 FEB 2021,128,128,125,125,5,203,25380
19 FEB 2021,127,129.25,124,127.75,30,4665,585493.25
18 FEB 2021,122.5,129.25,122.5,127.25,21,3182,401522.75
17 FEB 2021,123.5,123.5,115,117.5,15,4371,513132
16 FEB 2021,123.25,123.25,123,123,10,1696,208633
15 FEB 2021,127,129.75,123,123,30,6742,833008
12 FEB 2021,125,125,123.5,124.25,85,38353,4777239.25
11 FEB 2021,130,130,120,124.25,72,19826,2456874
10 FEB 2021,140,143,140,142.75,20,4289,612985.5
9 FEB 2021,150,150,144,145.25,17,135,19724
8 FEB 2021,153,153,150,150.75,22,6122,930961.25
5 FEB 2021,150,155,150,153.25,17,2173,326545.25
3 FEB 2021,149,160,143.5,153.25,40,17311,2576944.25
2 FEB 2021,160,168,140,150.75,22,2365,357060
1 FEB 2021,165,165,160,164,15,411,67355.5
29 JAN 2021,171.5,172,163,165.75,40,7571,1286756.75
27 JAN 2021,177.25,177.25,170,174.5,29,2292,400086.25
26 JAN 2021,184,184,172,172,40,6775,1185292.75
25 JAN 2021,178,183.5,176,180,33,3662,658698
22 JAN 2021,182,184.5,177,180.75,39,3912,704359
21 JAN 2021,182.25,187,175.5,180.25,61,207474,37413434
20 JAN 2021,180.25,187,180.25,182.25,38,18789,3427116.5
19 JAN 2021,189.75,190,183.5,186.25,72,123960,23304762.25
18 JAN 2021,190,190,178.75,187.75,106,563932,104070235.25
15 JAN 2021,169.75,195,169,189.5,158,395267,72928195
13 JAN 2021,147,175,147,171.5,223,244190,40589351
12 JAN 2021,140.25,147,140.25,146.75,55,186515,27262393.25
11 JAN 2021,144,144,139,140.75,44,27720,3892579.25
8 JAN 2021,148,148,140.5,142.5,33,44364,6380201.5
7 JAN 2021,149.8,150,143,143.6,75,84917,12291995.4
6 JAN 2021,135,152,129,147.9,226,163123,23393811.1
5 JAN 2021,125,138,118.5,134.4,327,1109422,136028314.5
4 JAN 2021,115.1,125.5,115.1,119.5,121,150543,17881385.3
31 DEC 2020,116.5,116.5,115,116.5,24,18060,2079668.5
30 DEC 2020,117.4,117.4,115,115,14,7268,839940.9
28 DEC 2020,115,115,113.5,113.7,18,7123,811172.2
24 DEC 2020,115,115,114.6,114.8,9,428,49140
23 DEC 2020,114.5,115,114,114.6,7,441,50539.5
22 DEC 2020,113.3,114.7,113,113.2,24,2248,255949.8
21 DEC 2020,113.7,113.7,113.3,113.4,7,216,24498.6
18 DEC 2020,114.9,114.9,113.6,113.7,9,1855,210986
17 DEC 2020,115,115,113.8,113.8,6,233,26544
16 DEC 2020,115.8,115.8,114,114.3,15,7236,832582.5
15 DEC 2020,115,118.5,115,114,6,45,5251.5
14 DEC 2020,115,115,114,114,10,4167,475189.7
11 DEC 2020,115,115,113.5,113.5,5,10650,1209050
10 DEC 2020,115,115,113.5,113.5,18,12382,1405750
9 DEC 2020,115,115,113.5,114.3,11,847,96379
8 DEC 2020,114,115,113.3,113.6,32,6653,755831.6
7 DEC 2020,115,115,113.2,113.5,22,9032,1024843.2
4 DEC 2020,115,119,114,115,24,12012,1378000.5
3 DEC 2020,120,120,115,115.2,21,9392,1096473
2 DEC 2020,115,120.1,115,116,67,161180,18767123.1
1 DEC 2020,113,117.5,111,114.8,28,28364,3159643.4
30 NOV 2020,113,113,110.8,110.8,5,318,35260.2
27 NOV 2020,112,112,110.6,112,11,5806,649720.6
26 NOV 2020,112.7,117,112,112,37,6865,780098.5
25 NOV 2020,109,112.4,109,111.7,32,20277,2263505
24 NOV 2020,110,110,107.8,108,14,3635,392555
23 NOV 2020,112,112,108,108,5,1753,191364
20 NOV 2020,112.5,112.5,107.8,112.4,7,383,42936.5
19 NOV 2020,112.5,114,107,107.9,17,576,62186.1
18 NOV 2020,112.5,112.5,109,109.4,17,1129,123955.8
17 NOV 2020,109,114.5,105.5,112,51,12047,1319412.8
16 NOV 2020,115.9,115.9,115.9,114.9,1,1,115.9
13 NOV 2020,116,116,114.9,114.9,5,303,34818
12 NOV 2020,113,114.9,105,108.2,12,3652,395674.8
11 NOV 2020,115,115,114,114.2,15,3516,403694.9
10 NOV 2020,114,120,114,118.9,28,27782,3325327
9 NOV 2020,118,120,115,118,29,14109,1646145.3
6 NOV 2020,102.7,118,102.7,115.2,61,34396,3952967
5 NOV 2020,104.9,112,104.9,109.5,19,13426,1445379.1
4 NOV 2020,104,107,103.9,105,40,36978,3866644.5
3 NOV 2020,101,103.9,101,104,3,33,3338.8
2 NOV 2020,104,104,103.9,104,2,2,207.9
29 OCT 2020,99.7,104,99.7,104,26,10316,1071469
28 OCT 2020,99.9,103.9,99.7,99.7,16,2267,226074.6
27 OCT 2020,104,104.9,102,104,7,209,21733.4
26 OCT 2020,99.5,99.5,95.2,99.5,6,950,94520.7
23 OCT 2020,108,108,102.7,103.2,12,691,73898.3
22 OCT 2020,100,108,99,104,55,38178,3824074.7
21 OCT 2020,107,109.2,100,100.4,51,11527,1179841
20 OCT 2020,109.5,112.5,104.9,111.2,49,16641,1835548.9
19 OCT 2020,112,112,105,107.4,30,28593,3085995.5
16 OCT 2020,100,112.5,100,110.8,123,94823,10243458.5
15 OCT 2020,97,99.5,95,99.5,26,19654,1907204.7
14 OCT 2020,94,100,93.5,95.8,19,11950,1143855.5
13 OCT 2020,92.1,93,92.1,93,8,2055,191065.5
12 OCT 2020,90.6,93,90.6,93,7,12729,1183355.3
9 OCT 2020,93.9,93.9,90.6,93.8,4,310,29076
8 OCT 2020,93.5,93.6,90.5,92.3,4,175,16153
7 OCT 2020,89,93.8,89,92.3,15,10502,955594.6
6 OCT 2020,90.5,99,90,91.3,14,6826,618790
5 OCT 2020,95.2,95.2,89.1,90.5,28,26848,2464617.7
2 OCT 2020,95,100,95,99.5,33,23203,2314549.8
30 SEP 2020,98.6,98.6,94.5,95,4,524,49850
29 SEP 2020,94.7,98.9,92,93,25,14336,1322234.1
28 SEP 2020,95,99,94.7,97.5,14,8745,842618.2
25 SEP 2020,99,99,95,95,7,1504,142899.7
24 SEP 2020,94.5,95,94.5,95,4,5129,487213
23 SEP 2020,99,100,97,97,16,16393,1629389.6
22 SEP 2020,99,99,99,99,3,105,10395
21 SEP 2020,98,99,92,99,28,39983,3935481.5
18 SEP 2020,96,99,90,97.4,32,24517,2390075.9
17 SEP 2020,93.7,98,91,95.2,40,24195,2296227.5
16 SEP 2020,87.8,93.8,87.8,93,71,35446,3212196.7
15 SEP 2020,88,88,85.9,87.8,9,3557,312744.8
14 SEP 2020,87.8,88,87.8,87.9,21,5069,445680
11 SEP 2020,85,87.8,85,86.7,13,3899,336580.9
10 SEP 2020,83.7,85,83.7,85,7,608,51550
9 SEP 2020,87.7,87.7,85,85.4,6,1680,143387.2
8 SEP 2020,87.9,87.9,87.9,86.6,1,1,87.9
7 SEP 2020,81,87,81,86.6,11,5316,456146
4 SEP 2020,80.5,87.8,80.5,85.8,29,9381,792024.3
3 SEP 2020,87.5,87.5,85,86.7,22,2962,256554.8
2 SEP 2020,85.9,86.5,85,86,49,11625,997345.9
31 AUG 2020,82.5,85.8,82.4,84.2,40,8404,707106.8
28 AUG 2020,81,81.8,81,81,5,210,17017.8
27 AUG 2020,80,81.9,80,80.9,9,2496,200381.9
26 AUG 2020,80,81,79.5,80,7,1716,137185
25 AUG 2020,79.9,79.9,79.9,79.9,2,925,73907.5
24 AUG 2020,81,81,80,80,13,6527,522632
21 AUG 2020,79.9,81,79.9,80,10,564,45117.5
20 AUG 2020,81,81,80.1,80.1,2,500,40320
19 AUG 2020,80,80.9,80,80,10,2273,181884
18 AUG 2020,80,80.5,80,80,9,6292,503375
17 AUG 2020,80,80,80,80,7,3768,301440
14 AUG 2020,79.9,81,79.9,80.7,11,1776,143006
13 AUG 2020,80,81.3,79.9,79.9,18,5952,475737.2
12 AUG 2020,81.9,81.9,80,80,13,3225,258011.9
11 AUG 2020,82.5,82.5,80.1,81.9,11,2365,193552.5
10 AUG 2020,81.1,82,80.1,81,13,5181,415367.7
7 AUG 2020,80.1,82,80.1,81.2,10,4546,365342.5
6 AUG 2020,80.1,81.9,80,81,6,551,44351.9
5 AUG 2020,80,81,80,80.1,8,1360,108820
4 AUG 2020,82.9,82.9,80,80.1,85,14694,1182965.9
31 JUL 2020,84.8,85,84.7,85,24,11509,977680.8
30 JUL 2020,84.9,85,84,84.3,32,5906,498040
29 JUL 2020,85,85,84.5,84.5,17,938,79280.1
28 JUL 2020,84.4,85.9,83.8,84.1,59,9405,792215.1
27 JUL 2020,86.9,86.9,84,84.4,40,13217,1115839.2
24 JUL 2020,77,88,76,83.6,198,52108,4277717.7
23 JUL 2020,72,73.7,72,72,16,5718,412152.5
22 JUL 2020,71,72,70.5,71,8,6927,496373.1
21 JUL 2020,70.4,70.5,70.4,70.7,4,43,3027.4
20 JUL 2020,70,70.9,70,70.7,22,1200,84645.7
17 JUL 2020,70,70.6,70,70.5,7,414,29085.9
16 JUL 2020,69.5,70,67.2,69.2,3,130,8994
15 JUL 2020,69,69,67.1,67.2,11,5000,337014
14 JUL 2020,69.5,69.9,69.5,69.6,4,160,11141.5
13 JUL 2020,67,67,65,66.9,10,4714,315318
10 JUL 2020,73.9,73.9,70,70.5,8,1289,92243.7
9 JUL 2020,72.7,72.7,72.7,72.7,3,240,17448
8 JUL 2020,72.7,73,72.7,72.8,3,138,10051.4
7 JUL 2020,73.9,73.9,73,73,3,5050,368965
6 JUL 2020,73.5,73.5,72.5,72.6,5,1496,108580
3 JUL 2020,74,74,74,74.5,1,50,3700
2 JUL 2020,75,75,73.5,74.5,25,1208,90000.5
1 JUL 2020,73.2,73.2,72.7,72.7,5,380,27765.9
30 JUN 2020,73.5,73.5,72.9,72.9,5,2346,171092.4
29 JUN 2020,71.5,73,71.1,72.9,14,734,53237.8
26 JUN 2020,73.9,74.7,73.9,74.3,32,5927,439339.9
25 JUN 2020,72.5,74,72.1,73.9,8,751,55364.2
24 JUN 2020,74.4,74.7,73,74,9,2563,190251
23 JUN 2020,70.1,70.1,70.1,74.8,2,10,701
22 JUN 2020,71,74.9,68.5,74.8,13,16036,1195480
19 JUN 2020,70,70.6,70,70.4,7,415,29139
18 JUN 2020,69.2,70,69.2,69.6,3,195,13570
17 JUN 2020,69.1,69.1,69.1,68.2,1,1,69.1
15 JUN 2020,68,71,68,68.2,10,360,24558
12 JUN 2020,67.1,69.9,67.1,70,4,55,3819.3
11 JUN 2020,72,72,71,70,3,95,6751
10 JUN 2020,70.1,71.8,70,70,6,111,7773.7
9 JUN 2020,69.2,69.2,69.2,69.2,2,1000,69200
8 JUN 2020,69.2,79.9,69.2,70.1,9,271,18916.1
4 JUN 2020,69.5,69.5,69.5,65,1,1,69.5
3 JUN 2020,65.1,65.1,65,65,5,1849,120206.4
2 JUN 2020,66.2,66.2,66,66,12,1900,125448
29 MAY 2020,70,72.1,70,70.2,9,385,26981.5
28 MAY 2020,65.9,72.8,65.9,66,4,335,22120.7
26 MAY 2020,66,67,66,66,5,2065,136355
22 MAY 2020,68,68,64.2,66,7,1243,81997.2
21 MAY 2020,66,68,66,66.3,4,1300,86160
20 MAY 2020,66.1,66.1,65,65.3,11,14722,971497.4
19 MAY 2020,66.1,66.1,66.1,66,1,1,66.1
18 MAY 2020,65.9,66,65.9,66,7,977,64480.5
15 MAY 2020,62,62,62,62,3,252,15624
14 MAY 2020,55,62,51.6,62,8,14064,870477
13 MAY 2020,66.1,66.1,53.1,59.8,8,660,39481
12 MAY 2020,50,57,50,57,7,735,38871
11 MAY 2020,50,50,50,50,4,211,10550
20 MAR 2020,57,57,52,52,11,2478,135977
13 MAR 2020,66.5,66.5,59,62.9,33,18414,1153326.9
12 MAR 2020,73,73,66.5,66.5,26,11761,792420.5
11 MAR 2020,71,74,70,73,20,5862,420277.5
10 MAR 2020,71,71,71,71,7,1805,128155
6 MAR 2020,78,79,70,70.2,13,9036,680946.5
5 MAR 2020,80.1,84,78,78.1,15,4651,365721
4 MAR 2020,83.8,83.8,80.1,80.1,10,304,24473.8
3 MAR 2020,85.5,85.5,83.8,83.9,3,292,24706
2 MAR 2020,84,84,84,84,2,1200,100800
28 FEB 2020,86,86,78.1,81.8,8,141,11532.4
27 FEB 2020,80,86,80,80,13,1550,124021
26 FEB 2020,83,83,80,80,7,4006,320495
25 FEB 2020,86,86,83,83,7,7498,640004
24 FEB 2020,86.1,86.1,86.1,86.1,2,1000,86100
20 FEB 2020,86,86,86,86,4,1610,138460
19 FEB 2020,89,89,86,86,6,2534,217961.9
18 FEB 2020,86.5,86.5,86,86,6,2730,235102.5
17 FEB 2020,88,89,86.5,87.3,10,1326,116077.5
14 FEB 2020,88,90,86.4,86.4,4,420,36640
13 FEB 2020,89.6,89.6,86.6,88.5,8,199,17602.8
12 FEB 2020,87,87,87,86,3,41,3567
11 FEB 2020,86.3,86.3,86,86,5,721,62157
10 FEB 2020,88.5,90,88.3,88.5,29,7643,679193.2
7 FEB 2020,86,88.5,86,88.1,69,17726,1544800.1
6 FEB 2020,86,86,83.1,86,4,527,45319.1
3 FEB 2020,86,86,86,86,1,2,172
31 JAN 2020,85.9,85.9,85.9,86,1,1,85.9
30 JAN 2020,85,86,85,86,4,4796,412235.8
29 JAN 2020,86,86,85.8,85.9,4,120,10307.8
28 JAN 2020,82,85,82,82,11,6967,577864
27 JAN 2020,80.8,85.5,80.6,85.5,8,625,51769.1
23 JAN 2020,84.3,86.4,81,84.3,7,106,8937.7
22 JAN 2020,83,88.2,83,84.7,5,1518,127524.7
21 JAN 2020,88.5,88.5,88.5,80.3,1,1,88.5
20 JAN 2020,80.5,80.5,80.5,80.3,1,3,241.5
17 JAN 2020,80.3,83.9,80.3,80.3,5,109,8756.9
16 JAN 2020,83.4,83.9,80.6,81.7,4,501,41273.9
14 JAN 2020,84,84,81,84,5,355,29518.3
13 JAN 2020,80.2,84,80.2,80.4,14,1227,98954.3
9 JAN 2020,84,86.9,83.5,83.5,5,571,47722.7
8 JAN 2020,84.6,84.6,80,80.9,7,1670,136033.1
7 JAN 2020,85,87,84.6,84.6,8,2941,249675.8
6 JAN 2020,89.5,89.5,85.3,85.5,6,152,13001.5
3 JAN 2020,88.3,89.5,88.3,88.9,16,1584,140665.4
2 JAN 2020,84.6,88.5,84.6,87.5,5,261,22824
31 DEC 2019,88,88,85,85,14,3670,311959
30 DEC 2019,88.7,88.7,85,85,13,6121,529060.5
27 DEC 2019,88.8,88.8,86,87.9,8,1511,132658.8
26 DEC 2019,88,88.9,86,86.5,5,3385,292689
24 DEC 2019,85,95,83.2,86.2,25,25700,2146365.6
23 DEC 2019,83,83,83,83,1,300,24900
20 DEC 2019,84,85,82.8,83,42,22820,1895246.2
19 DEC 2019,83,85,82.6,83,40,23485,1949705
18 DEC 2019,83,84,82.8,83.4,19,3022,251360
17 DEC 2019,84,85,84,84.5,8,6011,509935
16 DEC 2019,86,86,83,83.1,19,7375,622877.5
13 DEC 2019,88,88,87,87.1,2,108,9404
12 DEC 2019,88,88,87.8,84.3,2,51,4478
10 DEC 2019,86.4,86.4,84,84.3,19,893,76758.6
9 DEC 2019,89.4,89.4,86.4,86.8,10,1544,133876.1
6 DEC 2019,87,89.5,87,89,5,150,13258.9
5 DEC 2019,91,91,86,88.8,59,41024,3535466.6
4 DEC 2019,91.9,92,90,90.7,11,7695,698295.7
3 DEC 2019,92.6,92.6,90.1,90.8,15,3707,341097.7
2 DEC 2019,89.6,93,89.6,90,8,3055,282459
29 NOV 2019,93,94,92.9,93,27,5727,533694.7
28 NOV 2019,92,93.5,91.1,92.8,96,63879,5908757.5
27 NOV 2019,88.7,91,87.9,89.6,126,81806,7280377
26 NOV 2019,86,86,86,86,2,200,17200
25 NOV 2019,86.5,88,83,87.8,7,723,62743.5
22 NOV 2019,88,88,88,88,8,13085,1151480
21 NOV 2019,88.4,90.5,88,88,76,48504,4352578.6
20 NOV 2019,83.5,88.5,81.6,85.7,38,69730,5939204.9
19 NOV 2019,83,84.8,83,83.5,12,19311,1632063
18 NOV 2019,83.8,85,83,83,20,10325,862589
15 NOV 2019,80.2,82.5,80.2,82.5,2,173,14104.6
14 NOV 2019,80.2,82.9,80.2,82.5,2,10,826.3
13 NOV 2019,82,82.5,82,82.5,2,301,24832
8 NOV 2019,83,83,80.1,81.7,5,74,6011.5
7 NOV 2019,81.1,83,81,81.7,12,2020,166055
6 NOV 2019,82,82,82,83,2,73,5986
5 NOV 2019,82,83,82,83,8,8007,657403
4 NOV 2019,84.5,84.5,82,82.3,11,17529,1442720
1 NOV 2019,83.8,84.4,83,83.1,28,11308,941698.8
31 OCT 2019,83.4,83.9,83,83.8,16,2121,177127.9
29 OCT 2019,82.9,83,82.9,83,8,1037,86060
28 OCT 2019,82.8,83,82.8,83,9,1330,110323
25 OCT 2019,80,82.8,80,82.5,17,6191,502199.9
24 OCT 2019,80,82.8,80,80.7,14,5268,421748
23 OCT 2019,80,80,80,80,9,1105,88400
22 OCT 2019,80,80,79.1,79.3,3,51,4079.1
21 OCT 2019,80,80,80,79.3,1,25,2000
17 OCT 2019,79.2,80,79.2,79.3,3,228,18080
15 OCT 2019,80,80,79.1,80,6,2020,161582
14 OCT 2019,80,80,80,80,14,15000,1200000
11 OCT 2019,80,83,80,81.7,30,22619,1834897
10 OCT 2019,80,80,80,80,1,500,40000
9 OCT 2019,81,81,80,80,3,975,78075
8 OCT 2019,81,81,78.8,73.2,2,20,1578.2
3 OCT 2019,78,78,78,73.2,1,12,936
27 SEP 2019,78,80,78,73.2,4,70,5560
25 SEP 2019,78,78,72.1,73.2,7,1242,93190.1
24 SEP 2019,78,78,76,76,7,3132,238314.2
23 SEP 2019,78,78,78,78,1,199,15522
19 SEP 2019,80,80,80,80,8,9500,760000
18 SEP 2019,77.8,77.8,77.8,77.8,2,180,14004
17 SEP 2019,78,78,77.8,77.8,5,527,41015.6
11 SEP 2019,79,79,79,79,2,509,40211
6 SEP 2019,78,78,78,78,1,100,7800
5 SEP 2019,78,78,78,78,1,700,54600
4 SEP 2019,79.9,79.9,79.9,77.1,2,11,878.9
3 SEP 2019,80.8,80.8,80.8,77.1,1,1,80.8
2 SEP 2019,77.1,77.1,77.1,77.1,3,103,7941.3
30 AUG 2019,78.1,79,78,78,9,1595,124429.8
28 AUG 2019,79.9,80,79.1,79.1,4,600,47636.6
26 AUG 2019,78,78,77,77.6,4,100,7763.5
22 AUG 2019,79.9,80,76.1,80,19,1260,98763.2
21 AUG 2019,80,80,80,80,3,104,8320
20 AUG 2019,80,80,80,80,5,565,45200
19 AUG 2019,80,80,80,80,3,208,16640
16 AUG 2019,82.9,83.3,79.2,80,13,1859,149931
13 AUG 2019,80,81,80,80,11,2556,204530
9 AUG 2019,80.2,81,80,80,11,4862,389079.1
8 AUG 2019,81,81,80.1,80,5,9,727.6
7 AUG 2019,80,80,79.9,80,6,643,51435
6 AUG 2019,80,80,80,80,3,7,560
2 AUG 2019,83,83,79.1,80,14,2560,205715.6
1 AUG 2019,83.8,85.9,83.1,83.2,9,1463,123311.7
31 JUL 2019,86.4,86.4,83.8,84,15,1760,150903.8
30 JUL 2019,85,86.5,81,82,16,6363,531443.5
29 JUL 2019,82,85,82,84.4,50,32137,2697637.5
26 JUL 2019,78.5,82.7,78.5,79.6,66,45496,3632138.5
25 JUL 2019,79,79,77,78.4,49,7996,625001
24 JUL 2019,76,78.5,76,78.5,25,10033,771400.2
23 JUL 2019,73.1,73.5,73.1,73.1,20,2501,182843.1
22 JUL 2019,78,78,73.1,73.1,13,7648,561278.9
19 JUL 2019,73,78,73,75.4,16,9607,723896
18 JUL 2019,74.7,74.7,74,74,2,15,1113.5
17 JUL 2019,74,74.7,71.8,74,11,346,25602.5
15 JUL 2019,73.9,74.5,73.9,74,11,4009,296557.1
12 JUL 2019,73.9,73.9,73.8,73.9,3,7,517.2
11 JUL 2019,73.9,73.9,73.9,73.9,2,2,147.8
10 JUL 2019,73.9,73.9,73,73.9,4,4,294.7
5 JUL 2019,72.6,74,72.6,73.9,2,110,8126
5 JUL 2019,72.6,74,72.6,73.9,2,110,8126
4 JUL 2019,71.9,75,71.5,73.2,14,804,58830.2
3 JUL 2019,68.1,68.1,68,68,10,20700,1407671.5
2 JUL 2019,69,69,68,68.2,22,9810,669327.5
1 JUL 2019,69,69.4,69,69,13,2028,139942
28 JUN 2019,69.5,69.5,69,69.5,5,1904,131798
27 JUN 2019,69,70,69,69.6,16,9708,672653
26 JUN 2019,69.5,69.5,69,69,5,600,41426
25 JUN 2019,69,69,69,69,1,521,35949
24 JUN 2019,70.5,70.5,70,70,10,2686,189220
21 JUN 2019,70.5,70.5,70.5,70.5,1,300,21150
20 JUN 2019,70.1,70.1,70.1,70,2,9,630.9
17 JUN 2019,72.9,72.9,72.9,70,1,1,72.9
14 JUN 2019,72.1,72.1,70,70,54,8326,585932.3
12 JUN 2019,75.8,75.8,71.2,74.2,2,4,294
6 JUN 2019,76.4,76.4,74.1,74.2,2,105,7792
31 MAY 2019,71.5,76.4,71.5,72,2,31,2226.3
30 MAY 2019,76,76.5,72,72,8,403,29474.8
29 MAY 2019,74.1,76,74.1,74.1,2,6,446.5
28 MAY 2019,74.1,74.1,74.1,74.1,1,5,370.5
27 MAY 2019,74.2,74.2,74.1,74.1,2,300,22240
24 MAY 2019,76,76,76,73.8,1,1,76
22 MAY 2019,71.4,74,71.4,73.8,4,500,36901.2
15 MAY 2019,71.9,71.9,70,71.7,7,415,29770
13 MAY 2019,69.9,70,69.9,70,5,4000,279989.7
9 MAY 2019,65.2,70,65.2,70,4,103,7200.5
6 MAY 2019,68.2,68.5,68.2,68.3,3,302,20626.4
30 APR 2019,68.2,72.5,68.2,73,3,52,3555
24 APR 2019,71.1,71.1,71.1,73,1,15,1066.5
23 APR 2019,73,73,73,73,2,500,36500
18 APR 2019,73.5,74,73,73.5,4,210,15430
17 APR 2019,73.5,73.5,73.5,73.5,1,100,7350
16 APR 2019,73,73.7,73,73.2,4,339,24824
11 APR 2019,73,73.4,73,72.9,2,55,4017
9 APR 2019,72.9,73,72.9,72.9,5,153,11154.3
3 APR 2019,68.2,68.2,68.1,68.1,3,100,6814.5
2 APR 2019,68,68,68,68,1,100,6800
1 APR 2019,72.8,73,72.8,72.9,8,600,43720
29 MAR 2019,67.8,67.8,67.3,67.4,4,735,49560
28 MAR 2019,67.5,72.4,67.2,67.5,11,647,43681.7
27 MAR 2019,67.5,67.5,67.2,67.5,6,221,14911.5
22 MAR 2019,67.3,67.7,67.1,67.1,8,502,33700.8
19 MAR 2019,68.1,68.1,68.1,68.1,4,305,20770.5
18 MAR 2019,68.2,68.2,68.2,68.2,2,1100,75020
15 MAR 2019,68.1,68.1,68.1,68.1,1,99,6741.9
14 MAR 2019,68.1,68.2,68.1,68.1,2,100,6810.1
13 MAR 2019,68,67.2,67.2,68,2,35,2352
12 MAR 2019,68,68.3,67.1,68,9,351,23852.6
11 MAR 2019,69,69,69,69,2,179,12351
8 MAR 2019,72,72,72,72,1,1200,86400
6 MAR 2019,69,68.1,68.1,69,1,1,68.1
28 FEB 2019,69,71,71,69,1,2,142
27 FEB 2019,69,69.4,69,69,5,374,25889.6
26 FEB 2019,71,68.8,68.8,71,1,1,68.8
22 FEB 2019,71,71,71,71,1,90,6390
20 FEB 2019,71,72.5,70,71,7,2824,200601.5
15 FEB 2019,72.5,72.5,71.2,72.5,4,3013,218438.6
14 FEB 2019,71.1,75.9,75.9,71.1,1,2,151.8
13 FEB 2019,71.1,71.1,71.1,71.1,9,3809,270819.9
12 FEB 2019,71.1,71.1,71.1,71.1,7,237,16850.7
11 FEB 2019,71,77.3,70.5,71,3,104,7388.8
8 FEB 2019,72,77.2,77.2,72,1,1,77.2
7 FEB 2019,72,77.2,77.2,72,1,1,77.2
6 FEB 2019,72,72.5,72,72,6,6096,439032
5 FEB 2019,72,77.4,77.4,72,1,1,77.4
31 JAN 2019,72,73.7,73.7,72,1,2,147.4
25 JAN 2019,72,72,71,72,4,385,27715
24 JAN 2019,72.7,73,70.6,72.7,3,52,3788.6
23 JAN 2019,72.7,72.9,72.9,72.7,1,5,364.5
22 JAN 2019,72.7,72.7,72.7,72.7,4,500,36350
21 JAN 2019,70,74.4,74.4,70,1,1,74.4
17 JAN 2019,70,70,70,70,1,200,14000
16 JAN 2019,70.1,70.4,70,70.1,8,762,53471.2
14 JAN 2019,71.3,73,71,71.3,13,766,54658
8 JAN 2019,71.2,71.3,71,71.2,5,101,7192
4 JAN 2019,71.1,75.9,71,71.1,11,600,42878.5
3 JAN 2019,71,71,71,71,2,300,21300
28 DEC 2018,75.8,70.5,70.5,75.8,1,10,705
27 DEC 2018,75.8,75.9,75.8,75.8,6,659,49963.7
24 DEC 2018,75,75,75,75,6,3000,225000
14 DEC 2018,72,70.6,70.6,72,1,1,70.6
13 DEC 2018,72,72.9,72.9,72,1,10,729
12 DEC 2018,72,72.9,71,72,3,198,14246.1
11 DEC 2018,70,72.8,72.8,70,1,20,1456
10 DEC 2018,70,70.6,70,70,8,2500,175110
7 DEC 2018,72.3,72.9,72.1,72.3,7,100,7227
5 DEC 2018,71.9,72,71.9,71.9,14,742,53358.8
3 DEC 2018,71,71.9,68.7,71,3,102,7240.6
30 NOV 2018,69.2,72,68,69.2,31,3658,252935.1
29 NOV 2018,70.5,73,70.3,70.5,20,4235,300369.3
28 NOV 2018,72.5,73.5,72.5,72.5,6,671,48727.9
27 NOV 2018,70.9,75.6,70,70.9,39,15040,1066339
26 NOV 2018,75.6,82,82,75.6,1,1,82
23 NOV 2018,75.6,83,75.6,75.6,2,101,7643
21 NOV 2018,79.9,80,78,79.9,18,55223,4411998.6
19 NOV 2018,78,78,78,78,7,2587,201786
16 NOV 2018,78.3,78.5,78,78.3,6,1210,94935
15 NOV 2018,76,79,79,76,1,1,79
14 NOV 2018,76,79.4,79.4,76,1,1,79.4
13 NOV 2018,76,79.4,75,76,5,1208,91618.4
12 NOV 2018,76.5,77.1,77.1,76.5,1,10,771
7 NOV 2018,76.5,76.6,76.4,76.5,3,27,2064.8
2 NOV 2018,76.5,78,76.4,76.5,4,707,54091.2
1 NOV 2018,78,78,78,78,8,2703,210834
31 OCT 2018,78,77.1,77.1,78,1,20,1542
30 OCT 2018,78,78,78,78,2,1193,93054
29 OCT 2018,78.9,78.9,75.9,78.9,16,3363,262437.1
22 OCT 2018,72.2,72.2,72.1,72.2,6,2288,165173.8
19 OCT 2018,77,77.3,77,77,2,200,15430
18 OCT 2018,77.9,77.9,77.9,77.9,2,100,7790
17 OCT 2018,77.9,77.9,77.9,77.9,2,121,9425.9
16 OCT 2018,74.8,77,74.2,74.8,8,476,36054.2
15 OCT 2018,74.2,74.3,74.2,74.2,3,100,7420.9
12 OCT 2018,74.5,77,77,74.5,1,1,77
11 OCT 2018,74.5,79,74.5,74.5,14,2910,229159.5
5 OCT 2018,74,74,74,74,4,2010,148740
4 OCT 2018,79.9,79.9,79.9,79.9,1,100,7990
3 OCT 2018,74,74,74,74,11,863,63862
28 SEP 2018,76,83.5,76,81.9,13,2400,196581
26 SEP 2018,76,77.6,76,77.1,9,262,20149
25 SEP 2018,74,87,74,84.1,11,2314,194660.4
21 SEP 2018,71,71,69.6,69.7,2,9,633.4
20 SEP 2018,69.6,69.7,69.6,69.7,4,400,27850
19 SEP 2018,71.4,71.4,70.5,70.7,6,456,32226.9
18 SEP 2018,72,72,72,72,2,401,28872
17 SEP 2018,72,72,72,72,2,101,7272
14 SEP 2018,77.2,77.2,70,70.7,17,581,41787.1
12 SEP 2018,77.5,77.5,77.5,78.1,1,25,1937.5
21 AUG 2018,78.2,78.2,78,78.1,2,115,8980
16 AUG 2018,78,82.4,78,83.5,3,89,7294
8 AUG 2018,82,83.8,82,83.5,2,120,10020
7 AUG 2018,75.6,83.9,75.6,76.1,15,1114,89438.5
3 AUG 2018,82.5,84.9,75.2,83.5,6,190,15862.8
31 JUL 2018,80,80,80,80,2,201,16080
30 JUL 2018,81,81,80,80,4,214,17130.4
25 JUL 2018,83,83,80,80,3,501,40083.1
23 JUL 2018,83.9,83.9,81,83.5,7,357,29799.4
20 JUL 2018,83,83,83,80,4,72,5976
19 JUL 2018,79.1,83,79.1,80,5,17053,1361518.2
18 JUL 2018,79.8,79.8,79.8,79.8,3,900,71820
17 JUL 2018,78.4,79.9,78.4,79.9,2,104,8303.6
16 JUL 2018,80,80,80,80,1,32,2560
13 JUL 2018,80,80,80,80,4,705,56400
12 JUL 2018,80,80,80,80,1,100,8000
11 JUL 2018,79.8,79.8,79.8,80.4,4,42,3351.6
6 JUL 2018,81,81,80,80.4,5,880,70830
5 JUL 2018,82,82,81,81,7,2471,200931
4 JUL 2018,82.9,82.9,82,82.9,3,61099,5065093.6
3 JUL 2018,82,84.9,80,83.4,10,8509,709924.1
2 JUL 2018,82.1,82.1,82,82.1,3,212,17395.5
29 JUN 2018,80,95,80,82,19,31904,2615062.1
28 JUN 2018,81.7,81.7,80,80,5,510,40980
22 JUN 2018,78.5,86.5,76.7,81.7,8,3551,289251.7
19 JUN 2018,80,80,78,79,2,400,31600
13 JUN 2018,81.3,81.3,81,81,4,241,19527
12 JUN 2018,82,82,82,82.6,1,2,164
11 JUN 2018,82,82,82,82.6,3,21,1722
6 JUN 2018,82.7,82.7,82.5,82.6,2,400,33040
5 JUN 2018,83,83,83,83,11,9066,752478
4 JUN 2018,83,83,83,84,1,1,83
31 MAY 2018,84,84,84,84,1,15,1260
28 MAY 2018,84,84,84,84,6,5011,420924
25 MAY 2018,83.9,84,82.6,84,8,4203,353037.8
24 MAY 2018,84.3,84.3,84,84.1,5,503,42312.5
22 MAY 2018,84.1,84.1,84.1,84,1,22,1850.2
16 MAY 2018,89.9,89.9,84,84,18,2010,169296.1
15 MAY 2018,90,90,88.7,88.8,11,541,48037
8 MAY 2018,94,94,94,98,1,10,940
27 APR 2018,90.4,100,90.4,98,23,10315,974201.2
23 APR 2018,90.5,90.5,90.5,88.5,1,50,4525
18 APR 2018,88.5,88.5,88.5,88.5,3,293,25930.5
17 APR 2018,88.5,88.5,88.5,88.5,3,500,44250
11 APR 2018,88.5,88.5,88.5,88.5,1,100,8850
5 APR 2018,91,91,91,92,1,10,910
3 APR 2018,95,95,92,92,2,1010,92950
29 MAR 2018,89.9,99,89.9,93,21,13103,1208100.9
28 MAR 2018,88,90,88,90,4,850000,76499000
27 MAR 2018,86,86,86,86,1,200,17200
20 MAR 2018,88,88,88,88,2,15,1320
19 MAR 2018,88,88,88,88,1,10,880
16 MAR 2018,88,88,88,88,1,200,17600
15 MAR 2018,88,88,88,88,3,1218,107184
14 MAR 2018,89.5,89.5,89.5,90,1,15,1342.5
13 MAR 2018,90,90,90,90,1,300,27000
7 MAR 2018,87.2,89.9,87.2,89.9,7,280,24738.5
6 MAR 2018,90,90,90,90,1,177,15930
2 MAR 2018,90,90,90,90,3,135,12150
28 FEB 2018,89.9,90,87.1,87.1,5,48,4225.2
27 FEB 2018,87.1,87.1,87.1,87.1,2,100,8710
22 FEB 2018,88,88,87,87.2,4,916,79834.3
21 FEB 2018,88,88,88,88,2,188,16544
20 FEB 2018,88,88,88,88,2,510,44880
14 FEB 2018,90,90,88,88,7,782,68831.3
12 FEB 2018,90,90,90,90,3,108,9720
9 FEB 2018,90,90,87,89.1,4,1000,89100.3
8 FEB 2018,90.2,90.2,90,90.1,5,456,41065.2
6 FEB 2018,92,92,92,92,1,200,18400
2 FEB 2018,92,92,92,92,4,256,23552
30 JAN 2018,93.6,93.6,93,93,4,3659,340303
23 JAN 2018,94,94,93,93.5,3,200,18700.3
9 JAN 2018,94,94,94,94,1,15648,1470912
8 JAN 2018,99,99,95,95,5,529,50359.2
2 JAN 2018,98,98,98,90.4,1,4,392
28 DEC 2017,99,99,99,90.4,1,20,1980
26 DEC 2017,93.4,93.4,93.4,90.4,4,73,6818.2
22 DEC 2017,90.6,90.6,89.3,90.4,4,146,13199.1
15 DEC 2017,99,99,99,99,3,200,19800
14 DEC 2017,100,100,99.5,100.8,3,34,3384
13 DEC 2017,99.5,99.5,99.5,100.8,1,3,298.5
7 DEC 2017,99.1,99.1,99.1,100.8,1,3,297.3
30 NOV 2017,100.8,100.8,100.8,100.8,1,1695,170856
28 NOV 2017,96.3,96.3,96.3,96.3,2,8,770.4
24 NOV 2017,96.4,96.4,96.3,96.3,3,400,38520.6
22 NOV 2017,98.5,98.5,98.5,98.5,1,200,19700
17 NOV 2017,96.1,98.5,96.1,98.5,5,2268,221673.6
16 NOV 2017,99.5,99.5,97.5,97.5,6,1105,109046.5
15 NOV 2017,102,102,102,99.5,1,1,102
14 NOV 2017,99.8,99.8,99.3,99.5,7,406,40380.4
9 NOV 2017,100.1,100.1,99.2,99.8,8,297,29626.9
8 NOV 2017,103,103,103,104,1,3,309
6 NOV 2017,104,104,104,104,1,300,31200
2 NOV 2017,105,105,105,104,2,2,210
27 OCT 2017,110.9,110.9,110.9,104,1,10,1109
26 OCT 2017,102.3,104,102,104,10,10750,1111450
25 OCT 2017,104,104.5,104,104,35,30382,3159948
23 OCT 2017,104,104,104,104,2,2,208
20 OCT 2017,104,104.1,104,104,8,11018,1145972.3
19 OCT 2017,100.1,104,100.1,104,4,65,6709.3
17 OCT 2017,104,104,104,104,2,40,4160
16 OCT 2017,104,104,104,104,2,173,17992
13 OCT 2017,107,107,104,104.4,13,1474,153903.1
12 OCT 2017,107,107,107,107,3,402,43014
10 OCT 2017,107,107,107,107,4,150,16050
6 OCT 2017,114.9,114.9,114.9,110.2,2,25,2872.5
29 SEP 2017,114.8,115,110,110.2,11,3302,373469.5
28 SEP 2017,108,108,108,108,2,103,11124
26 SEP 2017,104.1,104.1,104.1,104.3,1,8,832.8
25 SEP 2017,104.5,104.5,104.5,104.3,1,1,104.5
21 SEP 2017,104.3,104.3,104.3,104.3,2,1256,131000.8
20 SEP 2017,114,114,114,114.8,3,9,1026
18 SEP 2017,115,115,115,114.8,1,3,345
31 AUG 2017,105.2,114.8,105.2,114.8,5,3011,345557.2
30 AUG 2017,114.9,115,114.9,115,5,3000,344899.6
29 AUG 2017,114.8,114.8,114.8,114.8,2,4845,556206
24 AUG 2017,106.1,106.1,106,106,6,1200,127202
22 AUG 2017,106,106,106,106,4,5021,532226
18 AUG 2017,113,113,113,114.1,1,1,113
17 AUG 2017,106.2,114.9,105.2,114.1,12,6031,688108.6
16 AUG 2017,105.2,106.1,105.2,106.1,5,6200,653430
14 AUG 2017,111.3,111.3,110,112.7,2,34,3741.3
9 AUG 2017,112.2,115,112,112.7,3,21,2355.2
8 AUG 2017,115,115,112.7,112.7,3,6250,704379.6
4 AUG 2017,112,112,112,119,1,20,2240
3 AUG 2017,118,118,118,119,1,2,236
2 AUG 2017,118,118,118,119,1,1,118
1 AUG 2017,118,118,118,119,2,2,236
27 JUL 2017,118.9,119,118.9,119,5,1500,178497.3
26 JUL 2017,112.2,112.2,112,115,3,5,560.7
25 JUL 2017,112.1,112.1,112,115,2,50,5600.1
24 JUL 2017,119,119,115,115,9,1001,115142.5
21 JUL 2017,120,120,120,115.4,1,2,240
20 JUL 2017,119.9,119.9,119.9,115.4,1,20,2398
18 JUL 2017,116.5,116.5,115,115.4,7,1000,115394.1
17 JUL 2017,119,119,119,119,8,29128,3466232
14 JUL 2017,119,119,119,119,3,1001,119119
13 JUL 2017,119.9,119.9,119,119,4,5023,597739.7
12 JUL 2017,119.5,119.5,118.9,119,14,5659,673386
11 JUL 2017,115,115,115,115,1,200,23000
6 JUL 2017,118.9,119,118.9,118.9,2,1420,168880
5 JUL 2017,119,119,119,120,1,80,9520
4 JUL 2017,119.9,119.9,119.9,120,1,1,119.9
3 JUL 2017,117,119.9,117,120,4,91,10908
30 JUN 2017,120,120,120,120,1,8,960
29 JUN 2017,120,120,118,120,7,4697,556629.2
28 JUN 2017,114,114,110,110.2,3,968,106680
16 JUN 2017,117,117,117,117,1,9000,1053000
13 JUN 2017,117.1,117.1,116,116,9,18890,2191241.1
12 JUN 2017,116,116,116,119,3,8,928
9 JUN 2017,119,119,119,119,2,10,1190
7 JUN 2017,119,119,119,119,3,10200,1213800
6 JUN 2017,118,119,115.1,119,8,10417,1238225.8
5 JUN 2017,118,118,118,115.2,3,21,2478
2 JUN 2017,115.5,115.5,115.2,115.2,2,143,16475.1
31 MAY 2017,119,120,110,118.3,55,42511,4958142.2
30 MAY 2017,119.2,119.2,119.1,119.2,8,155,18473.9
29 MAY 2017,124.9,124.9,119.2,119.2,2,301,35884.9
25 MAY 2017,119.1,119.1,119,119,2,270,32132.9
24 MAY 2017,119,119.5,119,119.5,5,3032,361811.6
23 MAY 2017,120,120,119,119,6,907,108048
22 MAY 2017,120,124.9,120,120.1,2,11,1324.9
16 MAY 2017,120,124,120,120.1,2,6100,732400
9 MAY 2017,120,120,117.5,117.5,3,6000,705007.5
8 MAY 2017,118.3,118.3,117,117.1,5,1254,146833
3 MAY 2017,117.1,120,117.1,120,6,245002,29400234.2
28 APR 2017,129,129,129,119.5,1,10,1290
27 APR 2017,120,122,115.5,119.5,7,1000,119469.7
26 APR 2017,115.6,120,115.3,115.3,5,3001,346045.5
21 APR 2017,115,120,115,120,5,80,9250
12 APR 2017,126.5,126.5,126.5,120,1,1,126.5
11 APR 2017,120,120,120,120,1,2885,346200
7 APR 2017,111,120,110,120,8,8968,1016550.4
5 APR 2017,119.8,119.8,119.8,117.5,1,3,359.4
4 APR 2017,106.5,119.8,106.5,117.5,2,6,705.5
31 MAR 2017,115,124.7,115,117.5,8,7952,929389.7
29 MAR 2017,112,112,112,112,1,3730,417760
24 MAR 2017,112,115,112,115,7,112617,12950570
15 MAR 2017,112,112,112,112,1,102,11424
14 MAR 2017,115,115,112,112,4,101,11315
13 MAR 2017,115,115,115,115,1,5,575
9 MAR 2017,112,112,112,115,1,4,448
8 MAR 2017,119,119,119,115,1,1,119
7 MAR 2017,115,115,115,115,1,2,230
3 MAR 2017,116,116,115,115,8,7737,889756
28 FEB 2017,120,120,110,114.6,17,5648,663393
27 FEB 2017,120,120,120,120,1,20,2400
20 FEB 2017,120,120,120,120,1,125,15000
16 FEB 2017,115,115,115,115,2,2200,253000
15 FEB 2017,121.8,121.8,121.8,121.8,2,1000,121800
7 FEB 2017,116,116,115,115,3,500,57501
3 FEB 2017,101,101,101,101,1,1000,101000
2 FEB 2017,120,120,120,120,2,50000,6000000
1 FEB 2017,120,120,120,123.8,1,5,600
31 JAN 2017,120,125,120,123.8,4,1070,132439.5
30 JAN 2017,116.5,116.6,116.5,120,2,70,8161.5
26 JAN 2017,120,120,120,120,1,1,120
25 JAN 2017,119.9,120,119.9,120,4,8900,1067900
23 JAN 2017,120,120,120,120,3,200,24000
20 JAN 2017,115.1,115.1,115,115,2,500,57510
19 JAN 2017,124.5,124.5,123.5,123.7,4,2815,348152.5
18 JAN 2017,125,125,123.5,124.5,3,2300,286300
30 DEC 2016,129.9,130,129.8,130,9,10200,1325926.7
29 DEC 2016,130,130,130,130,3,4690,609700
28 DEC 2016,128,128,128,127.9,2,8,1024
19 DEC 2016,129.9,130,129.9,127.9,5,50,6499.2
14 DEC 2016,127.9,127.9,127.9,127.9,1,2500,319750
9 DEC 2016,127.9,127.9,127.9,123,1,5,639.5
8 DEC 2016,128,128,128,123,1,1,128
5 DEC 2016,123,124,123,123,7,2005,246629
30 NOV 2016,125,130,125,129.4,13,10108,1300573.6
29 NOV 2016,125,128,125,128,4,1402,176756
24 NOV 2016,125,126,125,125.8,2,213,26803
23 NOV 2016,124,124,120.1,128,3,7,846.5
22 NOV 2016,126,126,126,128,1,1,126
21 NOV 2016,128.1,128.1,128.1,128,1,3,384.3
18 NOV 2016,128.1,128.1,128.1,128,1,2,256.2
17 NOV 2016,128,128,128,128,1,1500,192000
16 NOV 2016,128,128,127.6,128,10,3260,417276.8
11 NOV 2016,130.1,130.1,130.1,130.1,1,100,13010
9 NOV 2016,130,130,130,132,1,1,130
7 NOV 2016,131.1,132,131,132,11,603,79526.9
4 NOV 2016,131.1,131.1,131.1,130.1,2,35,4588.5
1 NOV 2016,130.1,130.1,130,130.1,2,200,26010
31 OCT 2016,130,132,130,132,14,3438,447546
28 OCT 2016,131,131,130,130,5,6738,876015
27 OCT 2016,126.1,126.1,126.1,126.1,2,100,12610
26 OCT 2016,127,127,127,125.2,1,10,1270
25 OCT 2016,125.1,126,125.1,125.2,11,1397,174882.9
14 OCT 2016,141.6,141.6,140,141.2,6,105,14824.9
10 OCT 2016,143,143,143,143,1,34,4862
5 OCT 2016,143,143,143,143,2,250,35750
4 OCT 2016,135.2,143,135.2,143,3,221,31431.4
3 OCT 2016,143.7,143.7,143.5,143.5,3,1063,152550.5
30 SEP 2016,140.8,145,140.8,143.7,11,15696,2260735.7
29 SEP 2016,139.9,140,138.5,140,33,70986,9937300
27 SEP 2016,137,137,135,135,4,14307,1945544
26 SEP 2016,138,138,137,137.1,5,205,28099
23 SEP 2016,139,139,139,139,3,8515,1183585
21 SEP 2016,137,140,137,140,8,50500,7065999
20 SEP 2016,137,137,137,137,6,4393,601841
19 SEP 2016,136,137,136,137,2,1224,166764
15 SEP 2016,137,137,136,136.9,6,2560,350520
13 SEP 2016,136,139.9,136,139,3,144,20009.1
8 SEP 2016,135.5,135.5,135,135.3,8,2474,334677
7 SEP 2016,135.1,135.1,135.1,135.1,2,200,27020
6 SEP 2016,136,136,135.5,135.5,4,3300,448250
5 SEP 2016,135.2,137,135.2,136,3,1011,137505.2
2 SEP 2016,143,143,140,137.1,2,60,8430
1 SEP 2016,140,142.5,135.2,137.1,52,131460,18401246.7
31 AUG 2016,139,140,138,139.8,30,21355,2987212.5
26 AUG 2016,135,135,135,135,1,1000,135000
25 AUG 2016,143.5,143.5,140,140,5,6010,841435
24 AUG 2016,136,140,135,140,59,119187,16673295.8
23 AUG 2016,130,136,130,135.1,18,8056,1075168
22 AUG 2016,130,130,130,130,5,1585,206050
18 AUG 2016,126,126,126,126,5,410,51660
11 AUG 2016,127,130,127,130,3,640,83170
10 AUG 2016,130,134.8,130,130.2,14,10629,1384118
9 AUG 2016,129,130,129,129.7,6,2398,310934
8 AUG 2016,127,127.1,127,127,7,3154,400559.9
5 AUG 2016,127.2,127.2,127.2,129,1,1,127.2
4 AUG 2016,130,130,130,129,1,1,130
3 AUG 2016,129,129,129,129,2,118,15222
2 AUG 2016,129,130.9,129,129,12,7022,906028
1 AUG 2016,127.2,130,127.2,128.4,3,178,22860
29 JUL 2016,130,131,128,130.3,8,3504,452024
28 JUL 2016,131.2,131.2,128,128,3,201,26051.1
27 JUL 2016,130,131.5,130,130,12,7992,1039113
26 JUL 2016,129.9,129.9,129.9,130,1,3,389.7
22 JUL 2016,130,130,130,130,1,1,130
21 JUL 2016,130,130,130,130,4,301,39130
20 JUL 2016,130,130,130,127,8,15,1950
18 JUL 2016,127,130,127,127,8,2402,305060
15 JUL 2016,127,130,127,128,11,3575,457521
14 JUL 2016,127,127,122.6,127,5,892,112888
13 JUL 2016,122.6,127,122.6,125.9,14,4729,594868.7
11 JUL 2016,126.9,130,126.9,128.5,13,6666,856882
8 JUL 2016,122,124,122,124,10,3203,393122
7 JUL 2016,123,123.3,122,122,17,10191,1250709.8
5 JUL 2016,125,125,123,124.4,6,2808,349400
4 JUL 2016,127,127,127,127,2,525,66675
1 JUL 2016,124.5,127,124.5,124.6,5,490,61030
30 JUN 2016,120.2,125,120,124.5,6,5921,711090
29 JUN 2016,125.3,125.5,122.6,125.2,9,4020,503463.6
28 JUN 2016,126,128,125,125.3,15,5271,660397.2
24 JUN 2016,125,125,125,129,1,2,250
23 JUN 2016,125,125,125,129,1,8,1000
21 JUN 2016,131.9,131.9,129,129,5,5004,645527.6
20 JUN 2016,122.5,132,122.5,132,2,200,25450
16 JUN 2016,128,132,128,132,2,801,105728
8 JUN 2016,133.9,133.9,133.9,133.9,3,5000,669500
7 JUN 2016,135,135,128,128,4,10082,1290566
31 MAY 2016,135.8,135.9,135.8,135.8,4,2531,343759.8
30 MAY 2016,138,138,138,136,1,10,1380
27 MAY 2016,138,138,136,136,6,2017,274324
26 MAY 2016,138,138,138,135,1,10,1380
25 MAY 2016,137,139,135,135,18,6816,926719.6
24 MAY 2016,140,140,137,138,8,5579,770840
20 MAY 2016,139.1,144,137,138.2,24,26314,3668824.3
19 MAY 2016,142,142.9,138,141.6,30,21954,3102631.9
18 MAY 2016,133,145,133,140.5,70,85733,12368799.4
17 MAY 2016,139.9,144.8,136,143.6,22,16010,2251484
16 MAY 2016,139.9,140,136,137,11,6200,848499.4
13 MAY 2016,134.9,138.5,134.9,136.5,18,14020,1913854
12 MAY 2016,134.8,139.9,134,134,10,2978,401083
11 MAY 2016,134.5,134.9,129,130,22,38088,4953401.5
10 MAY 2016,127,128,127,128,4,6200,793400
9 MAY 2016,132,132,130,128.1,4,5,652
6 MAY 2016,134,134,128,128.1,6,5210,669728
5 MAY 2016,130,134.9,129,133.7,8,517,69023.7
4 MAY 2016,134.9,134.9,128.5,129,4,1452,187897
3 MAY 2016,128,134.9,127.5,128.3,11,4865,624003
29 APR 2016,126,128,126,127.8,6,445,56874
28 APR 2016,128.5,130,127,129.8,17,24031,3117717
27 APR 2016,124.9,129.9,124.9,128,19,29297,3678574.3
26 APR 2016,117,125,117,125,4,2003,250358.8
25 APR 2016,120,120,120,120.5,1,9,1080
22 APR 2016,116,122.8,116,120.5,4,53,6361.6
20 APR 2016,120,120.5,120,120.5,4,1842,221452.5
19 APR 2016,120,120,120,122.5,1,5,600
18 APR 2016,122.9,122.9,122.9,122.5,1,10,1229
15 APR 2016,119.8,124.8,119.8,122.5,6,950,116419.5
11 APR 2016,119,119.9,119,119.2,11,127,15132.8
8 APR 2016,119,119,119,116,10,25,2975
6 APR 2016,119.9,120,119.9,116,2,10,1199.8
4 APR 2016,115,120,115,116,5,11863,1365147.8
1 APR 2016,115,115,115,115,15,17000,1955000
31 MAR 2016,112.5,112.5,112.5,112.5,1,1000,112500
28 MAR 2016,112.5,112.5,112.5,112.5,4,17300,1946250
23 MAR 2016,112.5,112.5,112.5,112.5,2,10000,1125000
18 MAR 2016,112.5,112.5,112,112,3,2500,280002.6
17 MAR 2016,112,112,112,112,1,1400,156800
16 MAR 2016,112.2,112.2,112,112,3,2202,246644.4
15 MAR 2016,115,115,115,114.9,1,10,1150
11 MAR 2016,117.5,117.5,117.5,114.9,2,15,1762.5
9 MAR 2016,115,115,114,114.9,5,1957,224705
8 MAR 2016,115,115,115,115,5,4993,574195
4 MAR 2016,118.5,118.5,118.5,118.4,2,11,1303.5
3 MAR 2016,116,118.4,116,118.4,6,5085,595250
29 FEB 2016,118,118,118,118,2,101,11918
26 FEB 2016,120,120,118,118,4,1003,118360
24 FEB 2016,118,118,118,118,2,201,23718
23 FEB 2016,118,118,118,118,1,300,35400
19 FEB 2016,118.5,118.5,118.5,118.5,2,5000,592500
18 FEB 2016,119.9,120,119,119.5,6,2250,268950
16 FEB 2016,120,120,120,120,1,100,12000
15 FEB 2016,120.1,120.1,120.1,120.1,3,308,36990.8
11 FEB 2016,120.2,120.4,120.2,120.6,4,32,3849.6
9 FEB 2016,121,121,120.2,120.6,3,100,12060.2
3 FEB 2016,123.7,123.7,123.7,123.7,1,600,74220
2 FEB 2016,123.5,128.2,123.5,126.5,6,1967,248896.1
1 FEB 2016,123.5,123.5,123.5,120.5,2,30,3705
29 JAN 2016,120,120,120,120.5,1,50,6000
28 JAN 2016,120.5,120.5,120,120.5,6,4500,540750
27 JAN 2016,116.7,120,116.7,120,19,34102,4092069.2
26 JAN 2016,120,120,120,120,4,1000,120000
25 JAN 2016,116.6,116.6,116.6,121.5,1,50,5830
22 JAN 2016,122.4,124.1,122.4,121.5,3,30,3689
21 JAN 2016,121.5,122,120,121.5,19,21164,2569357.5
20 JAN 2016,121.4,121.4,121,121.4,4,4000,485599.6
19 JAN 2016,120.1,120.1,120,120,14,10802,1296243.8
18 JAN 2016,122,122.1,122,122.1,20,15340,1871980
14 JAN 2016,123.1,123.1,122,122.1,10,6743,822945.2
13 JAN 2016,122.3,127.5,122.3,127.1,5,1450,184247.5
12 JAN 2016,128,128,122.1,122.2,7,5076,620217.1
11 JAN 2016,128,128,128,128.2,1,50,6400
7 JAN 2016,130,130,130,128.2,1,50,6500
5 JAN 2016,128.4,128.4,128.2,128.2,3,460,58982.2
31 DEC 2015,128.4,128.4,128.4,128.2,1,5,642
30 DEC 2015,128.2,128.2,128.2,128.2,2,1601,205248.2
29 DEC 2015,128.3,128.3,128.3,128.3,4,2100,269430
28 DEC 2015,132,132,132,132,1,150,19800
18 DEC 2015,129.9,130,129.9,130,7,6151,799580
17 DEC 2015,128,130,128,129.9,8,4885,634688
16 DEC 2015,127,127,127,127,3,7000,889000
15 DEC 2015,130,130,129.8,129.9,3,1001,130079.8
14 DEC 2015,129.5,130,129.5,130,5,9140,1187830
11 DEC 2015,128.5,130,128.5,129.9,4,1500,194798.9
7 DEC 2015,128.3,128.3,128.1,128.1,2,100,12811
4 DEC 2015,129.5,129.8,129.5,129.8,4,2602,336989.6
3 DEC 2015,130,130,130,130,6,1237,160810
2 DEC 2015,130,130,130,130,4,4000,520000
1 DEC 2015,127.5,131,127.5,130,36,28068,3643087.6
30 NOV 2015,126,127.5,124,127.2,59,78636,9951311
27 NOV 2015,119.6,126,119.6,124.5,23,34742,4250463.9
26 NOV 2015,118.7,122,118.6,121,5,1872,225361.7
24 NOV 2015,123,123,120.2,120.3,5,138,16603
23 NOV 2015,126,126,124,124,12,5699,711136
20 NOV 2015,123,125,123,124.4,63,39957,4986250.8
19 NOV 2015,119.9,123,118.7,122.5,35,18462,2241638.6
18 NOV 2015,118,120,118,119.4,8,4516,533569.1
17 NOV 2015,119,120,117,119,27,34095,4014685.5
16 NOV 2015,120.1,120.1,119.1,120.1,9,8520,1022878.5
13 NOV 2015,120,120,120,116,1,6,720
12 NOV 2015,116,116,115,116,9,19580,2270580
11 NOV 2015,114,114,114,114,3,2027,231078
9 NOV 2015,116,116,116,116,1,5000,580000
6 NOV 2015,117,117,117,114.1,1,1,117
5 NOV 2015,117,117,117,114.1,1,10,1170
4 NOV 2015,115,115,114,114.1,9,8974,1024840
3 NOV 2015,116,116,115,115.8,6,2909,337034
2 NOV 2015,115,115,115,117,1,1,115
30 OCT 2015,117,117,117,117,2,5011,586287
29 OCT 2015,116,116,116,116,3,4089,474324
26 OCT 2015,118,118,118,118,1,200,23600
23 OCT 2015,115,117,115,116.8,8,4757,555293
22 OCT 2015,116,116,115,115.9,5,8493,984695
21 OCT 2015,117,117,117,117,2,1000,117000
20 OCT 2015,115.1,117.5,115,115.4,3,234,26998
16 OCT 2015,118,118,118,119.2,1,1,118
15 OCT 2015,119,119,119,119.2,1,34,4046
14 OCT 2015,120,120,119,119.2,5,910,108490
13 OCT 2015,122,124,122,123.6,3,3100,383200
12 OCT 2015,121.5,121.5,121.5,121.5,1,750,91125
9 OCT 2015,119.9,125,119.9,121.1,32,19561,2380212
8 OCT 2015,115,117,115,116.3,4,3261,377193
7 OCT 2015,115.1,115.1,114.1,115,6,2986,343391.4
6 OCT 2015,117,119.9,115,115,7,12468,1438933.9
5 OCT 2015,115.9,117,115.9,117,18,7647,891348.5
2 OCT 2015,115,115.1,115,115,13,12104,1391970
30 SEP 2015,110,116.5,110,115.2,6,6371,728995
29 SEP 2015,110,112,110,112,3,6300,705400
25 SEP 2015,113.5,113.5,113.5,113.5,2,24800,2814800
23 SEP 2015,113,115,113,114,11,9990,1138861.6
22 SEP 2015,110,110,110,110,2,100,11000
21 SEP 2015,110,110,110,110,4,4000,440000
17 SEP 2015,109,113.4,109,109,2,100,10904.4
16 SEP 2015,109.2,109.2,109.2,109.2,2,100,10920
14 SEP 2015,115.5,115.5,115.5,115.5,1,1000,115500
11 SEP 2015,108,110,108,110,6,3584,394238
10 SEP 2015,110,110,110,115.5,1,40,4400
9 SEP 2015,106,115.8,106,115.5,7,3002,346661.8
4 SEP 2015,114,114,114,114.1,2,10,1140
3 SEP 2015,114.2,114.2,114,114.1,2,800,91260
2 SEP 2015,114.1,114.1,114,114,2,100,11400.2
1 SEP 2015,114.1,117.9,114.1,117.9,3,1910,225185.2
31 AUG 2015,116,116,116,116,1,300,34800
28 AUG 2015,115,118.5,115,118.5,6,17000,1979550
27 AUG 2015,116.8,118,116.8,119,4,65,7652
26 AUG 2015,118,118,118,119,1,1,118
24 AUG 2015,119,119,119,119,2,291,34629
21 AUG 2015,120,121,120,120,6,8259,991711
20 AUG 2015,118,121,118,120,6,15011,1801301
19 AUG 2015,121,121,119,120.2,28,33200,3997325
18 AUG 2015,121.9,123,119,119.2,13,6771,828417.9
17 AUG 2015,121,121,119.9,120.1,18,16120,1937389
14 AUG 2015,120,122,118,120,20,32722,3925602
13 AUG 2015,120.7,120.7,118,118,7,11661,1390696.6
12 AUG 2015,123,123,120.6,120.9,9,4599,555856.6
11 AUG 2015,119.8,123.8,119.8,123.5,33,78436,9653901.3
10 AUG 2015,115,115,115,115,1,230,26450
7 AUG 2015,119.8,119.8,119.8,119.8,1,2000,239600
6 AUG 2015,119.5,120,115.1,119.7,22,12056,1424451.1
5 AUG 2015,116.5,120.9,116.5,118.5,24,53734,6416277.7
4 AUG 2015,114,114,114,114,6,12097,1379058
3 AUG 2015,117.5,117.5,113,113.1,7,16834,1914942
30 JUL 2015,120,120,120,117,1,1,120
29 JUL 2015,115,118,115,117,7,9000,1053300
28 JUL 2015,114,116,114,115.3,15,11572,1331913.4
27 JUL 2015,108.1,114,108.1,113.9,55,58861,6648288.2
24 JUL 2015,108.1,109.5,108,109,6,8320,899410
23 JUL 2015,108,108.2,108,108.1,6,2108,227764.1
22 JUL 2015,108,109,108,108,8,10504,1134435
21 JUL 2015,108,108.5,108,108.2,35,26335,2845551.5
20 JUL 2015,108.6,108.6,108,108,5,4978,540010.8
17 JUL 2015,108,108.6,106,108.6,11,16487,1781219.6
16 JUL 2015,108,108.9,106,108,9,5198,558040.9
15 JUL 2015,106,108.4,106,108,10,3051,325210.4
14 JUL 2015,109.4,109.4,105.2,108.3,7,402,42921.4
13 JUL 2015,105,110,105,105,13,5271,553776
10 JUL 2015,105,105,105,104,1,1,105
9 JUL 2015,104.9,105,103.5,104,14,9031,939788.5
8 JUL 2015,103,104,103,103.9,10,9032,938487
7 JUL 2015,104.5,104.5,104.1,104.1,3,300,31234
6 JUL 2015,105,105,105,104.2,4,10,1050
3 JUL 2015,105,105,104,104.2,16,7335,765011.7
2 JUL 2015,105.5,106,105.5,106,10,15910,1686060
30 JUN 2015,108,108,106,106,11,4362,466287
29 JUN 2015,107,107.9,106,107.3,38,20406,2175406.5
26 JUN 2015,106,106,105,105,2,1100,115600
25 JUN 2015,107.5,108,104.6,104.6,18,14560,1562939
24 JUN 2015,104,107.5,104,107.1,63,49720,5312928
23 JUN 2015,100,105.9,100,103.8,35,178230,18410648.2
22 JUN 2015,99.5,101,99.5,100,7,24040,2403986
19 JUN 2015,101.9,101.9,98.9,99.5,6,4202,417983.8
18 JUN 2015,101.9,101.9,100,98.5,4,4,403.8
16 JUN 2015,102,102,98.5,98.5,6,641,63196.5
15 JUN 2015,101.9,101.9,101.9,101.9,1,1,101.9
12 JUN 2015,98,102,98,98.6,10,6260,619195
11 JUN 2015,98.2,102,98,98.6,17,8448,835649.2
10 JUN 2015,96,99.5,96,98,27,65521,6416337
9 JUN 2015,95,96,95,96,6,1181,112713.2
8 JUN 2015,97,98,97,97.4,12,23435,2280295
5 JUN 2015,97,98,97,97.1,8,10005,971585
3 JUN 2015,104,104,98,98.8,44,84235,8408402
1 JUN 2015,99,104.5,95,101,214,312816,31325814.6
29 MAY 2015,93,93,93,93,2,7,651
28 MAY 2015,93,93,93,93,2,60,5580
19 MAY 2015,86,94.7,86,87.5,2,6,524.7
14 MAY 2015,85.7,85.7,85.5,85.6,3,6000,513500
13 MAY 2015,85.2,85.2,85.2,85.2,2,71,6049.2
11 MAY 2015,80.1,80.1,80.1,80.1,1,50,4005
7 MAY 2015,95,95,95,95,1,1,95
6 MAY 2015,94.5,94.9,94.5,94.9,5,10250,968925
30 APR 2015,94.9,94.9,94.5,94.9,13,11493,1090589.5
29 APR 2015,82.5,91,82.5,86.4,13,27700,2393580
27 APR 2015,89,89,89,89,1,10,890
20 APR 2015,87.5,87.5,87.5,87.5,5,500,43750
17 APR 2015,87.6,87.6,87.5,87.5,3,12,1050.7
16 APR 2015,86,87,86,86.1,3,534,45954
10 APR 2015,84.4,87,84.4,86.8,6,9016,782321.5
9 APR 2015,84,84,84,84,1,500,42000
6 APR 2015,82,82,82,82,1,2,164
1 APR 2015,84.8,84.8,84.8,84.8,1,4,339.2
31 MAR 2015,89.2,89.2,75.2,80,12,2014,158809.2
27 MAR 2015,78,78,78,78,4,300,23400
26 MAR 2015,78.5,78.5,78,78.3,4,200,15669.5
18 MAR 2015,78.1,78.1,78.1,78.1,1,1,78.1
17 MAR 2015,78,78,78,78,1,50,3900
6 MAR 2015,85.2,85.2,85.2,85.2,1,68,5793.6
2 MAR 2015,85,85,85,85,3,499,42415
27 FEB 2015,83.5,83.5,83.5,83.5,1,10,835
25 FEB 2015,81.1,81.1,81.1,81.1,1,50,4055
24 FEB 2015,93.8,93.8,93.8,93.8,1,1,93.8
16 FEB 2015,94,94,94,94,4,1000,94000
13 FEB 2015,93,93,93,93,1,1000,93000
12 FEB 2015,92,92,92,92,2,2000,184000
11 FEB 2015,90.1,90.1,90.1,90.1,1,100,9010
10 FEB 2015,96.9,96.9,82.1,91.4,10,12102,1106694.3
9 FEB 2015,90,90,90,90,9,13400,1206000
2 FEB 2015,90,90,90,90,2,101,9090
29 JAN 2015,92,92.8,92,92.1,6,1700,156480
28 JAN 2015,92,93,92,92.2,2,500,46100
26 JAN 2015,92,92,92,92,1,2,184
23 JAN 2015,85,85,85,85,2,500,42500
22 JAN 2015,86.1,86.1,85,85.5,4,1100,93746.9
21 JAN 2015,86.3,92,86.1,86.2,5,1001,86270.5
20 JAN 2015,86.1,86.1,86.1,86.1,1,65,5596.5
19 JAN 2015,92.1,92.1,90,91,7,3205,292660.5
16 JAN 2015,92,92,92,92,1,100,9200
12 JAN 2015,92,92.5,92,92.5,5,212,19555
9 JAN 2015,99,99,98.9,98.9,3,35,3464
8 JAN 2015,94.9,95,94.9,94.9,4,310,29430
2 JAN 2015,90,90,89.6,89.7,2,400,35880
31 DEC 2014,89.4,89.4,89.4,89.4,1,1,89.4
30 DEC 2014,90.1,90.1,90,90.1,2,575,51787.5
26 DEC 2014,91.9,91.9,91.9,91.9,2,10,919
24 DEC 2014,91.8,91.8,91.8,91.8,1,2,183.6
22 DEC 2014,90,90,90,90,1,10,900
16 DEC 2014,89,89,89,89,2,101,8989
15 DEC 2014,89,89,89,89,1,24,2136
12 DEC 2014,92,92,92,92,2,800,73600
11 DEC 2014,94.9,94.9,92,93,3,201,18694.9
10 DEC 2014,91,91,91,91,2,100,9100
8 DEC 2014,92.5,92.5,92.5,92.5,1,200,18500
5 DEC 2014,88,97.9,88,97.9,2,8,713.9
3 DEC 2014,92,92,92,92,1,200,18400
1 DEC 2014,92,92.5,92,92.5,12,19000,1755400
27 NOV 2014,87.9,87.9,85,85,2,1500,130400
26 NOV 2014,88.5,88.5,88.5,88.5,4,202,17877
25 NOV 2014,88.6,88.6,88.5,88.5,11,14485,1281940.6
24 NOV 2014,88,88,87.7,87.9,8,1285,112947.7
21 NOV 2014,89.1,90,87.5,90,5,1900,168570
19 NOV 2014,96,96,95,95.1,5,4300,409800
17 NOV 2014,99,99,99,99,2,500,49500
14 NOV 2014,98.2,99.3,92,98.5,6,88,8652.9
13 NOV 2014,94.9,101.9,94.9,99.3,39,44506,4334586.8
12 NOV 2014,94,94,94,94,4,400,37600
11 NOV 2014,90.2,90.2,90.2,90.2,1,448,40409.6
10 NOV 2014,92.2,92.2,90.2,90.3,3,510,46052
7 NOV 2014,90.1,94.9,90.1,94.1,9,4546,419205.4
5 NOV 2014,90.2,90.2,90.2,90.2,2,300,27060
4 NOV 2014,90.1,90.1,90.1,90.1,3,648,58384.8
3 NOV 2014,92.5,92.5,90.1,90.1,3,2050,187225
31 OCT 2014,90,90,90,90,1,14610,1314900
30 OCT 2014,90,92,90,90.1,37,92815,8356550
27 OCT 2014,94.4,94.4,94.4,94.4,1,4,377.6
24 OCT 2014,94.5,94.5,94.5,94.5,1,1,94.5
23 OCT 2014,90.1,94,90,94,7,13509,1233816
21 OCT 2014,90.1,90.2,90.1,90.2,3,1440,129844
20 OCT 2014,90,90.1,90,90.1,2,156,14050
16 OCT 2014,92,95,92,94.1,9,8800,828344
14 OCT 2014,87.5,93.8,87.5,92.8,46,77081,7118129.6
13 OCT 2014,90,90,90,90,7,4301,387090
10 OCT 2014,94.8,94.8,91.2,91.3,8,6002,548041.7
9 OCT 2014,95.2,95.5,94.8,94.8,11,10030,954353.6
7 OCT 2014,95.1,97,95.1,95.2,7,829,79818.3
3 OCT 2014,94,95.5,94,95.1,7,3604,342517
2 OCT 2014,95,95,92.6,92.6,3,240,22680.1
1 OCT 2014,94,94.2,94,94,5,1750,164570
30 SEP 2014,95,97.4,95,95,15,10470,1001067
29 SEP 2014,96.9,96.9,95,95,7,4193,401111.7
26 SEP 2014,95.9,97.9,95.9,97,18,31205,3042363.6
25 SEP 2014,93,93,93,93,1,100,9300
24 SEP 2014,96,96.1,96,96,15,3349,321804
23 SEP 2014,95.4,97,95,96.2,69,42692,4101235.5
22 SEP 2014,94,97,92.5,94.7,44,27919,2649397.7
19 SEP 2014,90,93,87.2,91.4,52,116900,10462034.8
18 SEP 2014,89.9,90,89.9,90,2,160,14394
17 SEP 2014,85.6,89.5,85.6,89.4,11,2602,231238
16 SEP 2014,85.6,87,85.6,87,5,400,34520
15 SEP 2014,85.6,85.6,85.6,85.6,2,550,47080
12 SEP 2014,87.8,90,85.6,85.6,5,127,11161.6
11 SEP 2014,85.1,87,85.1,87,3,601,51335.1
10 SEP 2014,87,87,87,87,2,100,8700
5 SEP 2014,86.9,86.9,86.9,86.9,1,5,434.5
4 SEP 2014,85,86.5,85,86.5,10,7111,604600
3 SEP 2014,85.1,85.1,85,85,6,900,76520
2 SEP 2014,86.5,86.5,85,85.1,3,600,51200
1 SEP 2014,86.5,86.5,86.5,86.5,1,100,8650
29 AUG 2014,86.5,86.5,86.5,86.5,1,4000,346000
25 AUG 2014,86.5,86.5,86.5,86.5,2,210,18165
21 AUG 2014,85.9,85.9,85.9,85.9,1,600,51540
20 AUG 2014,85.9,85.9,85.9,85.9,1,100,8590
18 AUG 2014,87.5,87.5,86,86,4,3200,278200
15 AUG 2014,87.5,87.5,87.5,87.5,1,5,437.5
14 AUG 2014,86.5,86.5,86.5,86.5,1,190,16435
13 AUG 2014,86,86.1,86,86,3,400,34410
7 AUG 2014,87.5,87.5,86,86,6,5190,453990
6 AUG 2014,87.9,88,87.8,87.9,3,236,20745.8
4 AUG 2014,92.9,92.9,88,88,5,5763,507304.9
1 AUG 2014,90,90.1,90,90,6,1200,108000.8
31 JUL 2014,94.5,94.5,94.5,94.5,1,4701,444244.5
30 JUL 2014,87.6,88,87.5,87.5,6,5703,499113.5
24 JUL 2014,88,88,87.9,87.9,3,201,17668
22 JUL 2014,86.5,86.5,86.5,86.5,2,500,43250
21 JUL 2014,85.5,85.5,85.5,85.5,1,4,342
16 JUL 2014,90,93.9,90,90.7,5,582,52770
15 JUL 2014,81,88,81,86.4,11,21411,1850521
11 JUL 2014,85.8,85.8,85.8,85.8,2,100,8580
10 JUL 2014,85,86,85,86,15,11831,1015225
9 JUL 2014,84.4,84.5,83,83,3,8800,732320
4 JUL 2014,83.5,85,83,84.3,8,9049,758842
3 JUL 2014,82.5,83,82.5,82.8,10,28000,2311000
1 JUL 2014,84.3,84.3,81.5,81.5,5,4001,326084.3
30 JUN 2014,81,82,81,81.8,3,899,73141
26 JUN 2014,80,84.5,80,80.9,16,2494,201637.5
20 JUN 2014,86,86,86,86,1,1,86
13 JUN 2014,82,86.5,82,86.5,7,301,25299.5
9 JUN 2014,83,83.5,80,83.2,12,6274,521722
5 JUN 2014,87,87,80.1,80.1,4,6001,480687
2 JUN 2014,87.1,88,87,87,4,175,15231
30 MAY 2014,87,89,87,88.7,20,80960,7182946.8
29 MAY 2014,86.4,87.8,86.4,87,10,23108,1999022.4
27 MAY 2014,85,87,85,86.1,9,6300,541585.3
23 MAY 2014,87.5,87.5,85.2,85.2,2,101,8607.5
22 MAY 2014,84.5,87.8,84.5,87.8,12,5267,457658.1
21 MAY 2014,85,85.5,84,84.5,8,1150,97710
20 MAY 2014,84,84.5,84,84.2,3,2400,202050
19 MAY 2014,84,84.5,84,84.1,10,1850,155713
13 MAY 2014,83.8,83.8,82,82,9,6824,559717.4
9 MAY 2014,80.7,84,80.7,83.8,9,2658,222740.6
8 MAY 2014,83.7,83.7,83.7,83.7,1,100,8370
7 MAY 2014,84,84,84,84,1,100,8400
6 MAY 2014,84.4,84.9,84.4,84.4,15,13500,1140365
5 MAY 2014,80.8,84.8,80.8,82.3,34,22971,1888544.6
2 MAY 2014,80,80.8,80,80.8,2,30,2423.2
30 APR 2014,78,78,78,78,5,1850,144300
28 APR 2014,78,78,78,78,1,100,7800
25 APR 2014,78,78,78,78,2,300,23400
24 APR 2014,80.5,80.5,78,78,5,1326,105698
23 APR 2014,80.9,80.9,80.9,80.9,1,100,8090
22 APR 2014,81,81,80.1,81,12,4730,382955
16 APR 2014,80.1,80.1,80.1,80.1,2,106,8490.6
10 APR 2014,82,82,82,82,5,3626,297332
9 APR 2014,81.6,81.6,81.6,81.6,1,1,81.6
8 APR 2014,80,80,80,80,2,2994,239520
7 APR 2014,80,80,80,80,2,425,34000
2 APR 2014,80,80,80,80,4,4700,376000
1 APR 2014,79,79,79,79,1,10,790
31 MAR 2014,80,80,80,80,1,100,8000
26 MAR 2014,82.8,82.8,80,80,2,601,48082.8
25 MAR 2014,79,80,79,80,4,720,57580
24 MAR 2014,83,83,79,79,4,1120,88665
20 MAR 2014,79,80,79,80,4,3400,271500
6 MAR 2014,79,79,79,79,2,1100,86900
5 MAR 2014,79,79,79,79,7,536,42344
4 MAR 2014,79,82.9,79,79,6,89,7034.9
28 FEB 2014,83.5,83.5,83.5,83.5,1,100,8350
26 FEB 2014,80,80.5,80,80.1,7,6304,504642
25 FEB 2014,80.6,80.6,80.5,80.6,2,104,8381.9
24 FEB 2014,80.6,80.6,80.6,80.6,1,1,80.6
21 FEB 2014,80,80.1,80,80,3,3004,240322.5
19 FEB 2014,80.1,80.1,80.1,80.1,1,25,2002.5
18 FEB 2014,80.1,80.1,80,80,4,6097,487810
17 FEB 2014,80.5,80.5,80.5,80.5,1,2649,213244.5
13 FEB 2014,84,84,84,84,1,1,84
11 FEB 2014,80.2,82,80.2,82,3,4301,352680.2
10 FEB 2014,80.2,80.2,80.2,80.2,10,10681,856616.2
7 FEB 2014,80.2,80.2,80.2,80.2,1,1,80.2
6 FEB 2014,86,88.4,86,88.4,2,2020,178520
5 FEB 2014,82,82.1,82,82,8,5030,412461
29 JAN 2014,81.5,81.5,81.5,81.5,4,1004,81826
27 JAN 2014,86.5,86.5,82,82,4,115,9925
23 JAN 2014,83.8,87.5,82.6,86.5,16,7838,667624
22 JAN 2014,82,83,82,82.6,30,43234,3562064
21 JAN 2014,82,82,82,82,1,100,8200
20 JAN 2014,82,82,82,82,1,1,82
17 JAN 2014,82.9,82.9,82,82,3,54,4473
13 JAN 2014,78.1,78.1,78,78,2,1000,78005
10 JAN 2014,81,84,81,83.9,13,8026,673414
9 JAN 2014,77,78.9,77,78,23,17718,1381549
8 JAN 2014,74,75.4,74,75.4,4,5002,370150.8
6 JAN 2014,74,74.2,73,73.1,8,5194,379730.6
2 JAN 2014,72,72,72,72,2,758,54576
31 DEC 2013,74,74,74,74,1,120,8880
30 DEC 2013,73.8,73.8,73.8,73.8,3,4500,332100
27 DEC 2013,73.8,73.8,73.8,73.8,2,2000,147600
20 DEC 2013,72,72,72,72,1,1000,72000
19 DEC 2013,70,71,70,70,4,2100,147002
13 DEC 2013,74,74,70,70,3,3281,229674
12 DEC 2013,72,72,72,72,7,3209,231048
6 DEC 2013,72,72,72,72,2,6484,466848
5 DEC 2013,71.9,72,71.9,72,8,5360,385876.8
4 DEC 2013,69,69,69,69,1,5,345
2 DEC 2013,70,70,69,69.5,2,2000,139000
29 NOV 2013,71,72,70,72,4,20000,1418100
28 NOV 2013,70,70,70,70,1,8,560
26 NOV 2013,71,71,71,71,2,160,11360
25 NOV 2013,73.5,73.5,73.5,73.5,1,100,7350
21 NOV 2013,71,74,71,73.3,3,199,14531
19 NOV 2013,70,70,70,70,4,720,50400
18 NOV 2013,70,70,70,70,4,984,68880
14 NOV 2013,70,70,70,70,1,1,70
13 NOV 2013,70,70,70,70,1,10,700
11 NOV 2013,71,71,71,71,1,500,35500
8 NOV 2013,71.9,71.9,71.9,71.9,1,340,24446
4 NOV 2013,73,73,72,72.9,5,7,510
1 NOV 2013,67.5,72.9,67.5,72.9,3,742,54081
31 OCT 2013,71,71,71,71,1,100,7100
29 OCT 2013,67.5,67.5,67.5,67.5,1,16,1080
28 OCT 2013,69.8,71.8,69.8,70.6,3,495,34789
23 OCT 2013,69,69.2,69,69,8,631,43559.1
22 OCT 2013,69,69,69,69,5,409,28221
21 OCT 2013,69,69,69,69,3,550,37950
17 OCT 2013,67.1,67.1,67,67.1,3,100,6705.1
15 OCT 2013,67,67,67,67,1,100,6700
11 OCT 2013,67,67,67,67,2,1030,69010
9 OCT 2013,66,66,66,66,4,250,16500
8 OCT 2013,66.1,66.1,66,66,3,2800,184850
7 OCT 2013,67,67,66,66,5,1700,112502.5
4 OCT 2013,66,67.9,66,67.9,2,152,10317
3 OCT 2013,66,66,66,66,1,2,132
2 OCT 2013,66,66,66,66,1,11,726
1 OCT 2013,69,69,69,69,1,1400,96600
30 SEP 2013,67,69,67,68.7,3,285,19571
23 SEP 2013,65.2,70.4,65.2,70.4,3,501,32670.4
20 SEP 2013,69.4,69.4,65,65,3,22,1478.4
17 SEP 2013,69.5,69.5,69.5,69.5,1,1,69.5
16 SEP 2013,63.1,69.5,63.1,66.8,5,104,6577
12 SEP 2013,76.4,76.4,65,65.1,4,725,47182
11 SEP 2013,74.8,74.8,73,73.5,2,7,514.6
5 SEP 2013,65.1,65.1,65,65,3,220,14302
4 SEP 2013,71.9,71.9,71.9,71.9,1,5,359.5
3 SEP 2013,67,71.9,66.2,67.7,5,302,20450.2
2 SEP 2013,68,68,68,68,1,130,8840
29 AUG 2013,66,66,66,66,1,1000,66000
28 AUG 2013,66.1,66.1,66.1,66.1,1,1000,66100
27 AUG 2013,71.5,71.5,71.1,71.4,4,5530,394795
26 AUG 2013,72.5,72.5,72.5,72.5,5,920,66700
23 AUG 2013,73,73,73,73,1,1000,73000
21 AUG 2013,73.9,73.9,73.9,73.9,1,1,73.9
19 AUG 2013,71.5,71.5,71.5,71.5,4,396,28314
15 AUG 2013,71.1,71.1,71,71.1,3,29,2061.6
14 AUG 2013,72.1,72.1,71,71.9,5,391,28189
13 AUG 2013,72,72.1,72,72.1,3,250,18010
12 AUG 2013,72.7,72.7,72.7,72.7,1,50,3635
7 AUG 2013,72.6,72.7,72.6,72.7,2,2015,146450.5
5 AUG 2013,72.6,72.6,72.5,72.5,2,100,7251
2 AUG 2013,72.5,72.5,72.5,72.5,6,800,58000
1 AUG 2013,74.1,74.1,74.1,74.1,1,3,222.3
31 JUL 2013,75,75,75,75,1,100,7500
30 JUL 2013,77,77,77,77,1,1,77
26 JUL 2013,77.5,77.9,77,77.9,4,2610,203225
25 JUL 2013,75,77.9,75,75,8,12500,953250
24 JUL 2013,73,73,73,73,1,4984,363832
19 JUL 2013,79.9,79.9,79.9,79.9,1,6,479.4
17 JUL 2013,74,75,74,74.7,2,375,28025
16 JUL 2013,75,75,75,75,1,20,1500
15 JUL 2013,75.6,75.6,75.6,75.6,3,200,15120
12 JUL 2013,69,79.9,69,75.5,13,190,13720.4
4 JUL 2013,82.9,82.9,82.9,82.9,1,5,414.5
2 JUL 2013,80,84,80,80.1,2,2581,206804
27 JUN 2013,78,80,78,80,6,968,77223.4
26 JUN 2013,77,78,77,78,3,1050,81850
25 JUN 2013,78,78,78,78,1,3000,234000
21 JUN 2013,80,80,80,80,5,9715,777200
20 JUN 2013,81,81,80,80,4,201,16083
18 JUN 2013,84.5,89,84.5,84.5,12,10020,885974.5
17 JUN 2013,84.5,84.5,84.5,84.5,1,10,845
14 JUN 2013,85,85,85,85,2,36,3060
13 JUN 2013,80,90,80,89.1,26,24000,2119418
10 JUN 2013,81.2,86.5,81.2,85.4,23,25700,2195272.3
7 JUN 2013,84,84.1,84,84,23,11750,987020
6 JUN 2013,84,84,84,84,2,132,11088
5 JUN 2013,85.9,85.9,83,83,7,2691,223378.9
4 JUN 2013,79,87,79,85.9,77,45683,3804580.2
3 JUN 2013,78,78,77,78,9,11625,906575
31 MAY 2013,77.9,77.9,75,75,4,1995,149915
28 MAY 2013,75,76,75,76,5,10261,779791
27 MAY 2013,74,75,74,75,5,4714,353540
23 MAY 2013,76.9,77,76.9,77,5,4700,361890
22 MAY 2013,77,77,77,77,1,100,7700
21 MAY 2013,77.9,84,77.9,79.9,11,776,62023
20 MAY 2013,75,77.9,75,77,9,30325,2335025
17 MAY 2013,76.5,78,76,76.8,12,11079,851082
16 MAY 2013,75,75,75,75,2,100,7500
15 MAY 2013,77,77,76,76,4,52,3954
14 MAY 2013,77,77,77,77,1,1,77
10 MAY 2013,79.9,85,72,78.9,23,5637,453037
9 MAY 2013,77.8,79.5,77.8,78.9,13,1741,136041.3
8 MAY 2013,72.5,77.8,72,77.2,34,20748,1542349.5
7 MAY 2013,71,73.8,71,72,24,16935,1218781.2
6 MAY 2013,67,71,67,71,7,2443,171053.2
3 MAY 2013,65,66,65,65,6,6654,433010
2 MAY 2013,65.1,65.1,65,65,4,338,21990
30 APR 2013,67.4,67.4,65,65.2,8,1009,67987
29 APR 2013,64.5,65.5,64.5,65.1,2,18,1171
26 APR 2013,65,65,64.2,65,8,1709,111080.2
23 APR 2013,64,64,64,64,3,500,32000
18 APR 2013,68.5,68.5,68.5,68.5,3,200,13700
10 APR 2013,63.3,64,63,64,4,2200,138830
9 APR 2013,63.5,63.5,63.5,63.5,5,4407,279844.5
8 APR 2013,64,64,64,64,7,2510,160640
5 APR 2013,69,69,63.1,63.1,2,605,41739.1
4 APR 2013,64,64.4,62.1,64,4,1600,102410
2 APR 2013,62.5,62.8,62.5,62.6,7,2363,147789.5
1 APR 2013,64.3,64.3,62,62.7,8,3199,202011.1
28 MAR 2013,65,65,64.1,64.1,3,501,32295
27 MAR 2013,64,65,64,65,2,16,1034
25 MAR 2013,64.5,64.5,64.5,64.5,1,900,58050
20 MAR 2013,64.1,68.4,63,68.4,11,3737,235569.7
18 MAR 2013,65,65,63.1,63.1,5,200,12812
15 MAR 2013,65.5,65.5,65.5,65.5,1,30,1965
13 MAR 2013,65,65,65,65,2,25,1625
12 MAR 2013,65,65,65,65,2,100,6500
11 MAR 2013,65,65,65,65,2,1001,65065
7 MAR 2013,65.2,67,65,65.1,5,702,46844.5
6 MAR 2013,67,67,67,67,5,3000,201000
5 MAR 2013,66.8,67,66.8,67,2,120,8036
4 MAR 2013,65,65,65,65,9,4000,260000
1 MAR 2013,64.1,65.5,64.1,65.5,6,2100,134759.8
28 FEB 2013,65,67.1,64.5,64.6,4,1001,64617.6
26 FEB 2013,65.5,65.5,65.5,65.5,1,20,1310
22 FEB 2013,65,65,65,65,1,75,4875
21 FEB 2013,64.9,65,64.9,65,5,5370,348989.7
20 FEB 2013,66,66,65,65,8,4065,264242
19 FEB 2013,65,66,65,65.3,3,2331,151815
18 FEB 2013,67.1,67.1,65,65,8,9927,646289.5
14 FEB 2013,65,69.7,65,69.7,5,561,36469.7
12 FEB 2013,69.5,69.5,69.5,69.5,1,10,695
31 JAN 2013,68.5,68.5,68.1,68.1,4,200,13624
28 JAN 2013,71.1,71.1,71,71,2,11,781.1
24 JAN 2013,72,72,72,72,2,504,36288
23 JAN 2013,72,72,72,72,1,60,4320
21 JAN 2013,71,72,71,72,6,5214,370199.4
18 JAN 2013,72,72,72,72,2,95,6840
17 JAN 2013,70,74,70,74,9,3525,249778.3
16 JAN 2013,71,71,70,70.2,8,10015,704065
11 JAN 2013,70,72,70,71,5,22002,1542144
10 JAN 2013,71,71,71,71,2,3174,225354
9 JAN 2013,71,71,69,71,7,6050,426450
8 JAN 2013,71,71,70.1,70.1,4,300,21210
7 JAN 2013,70.7,70.7,70.7,70.7,4,2824,199656.8
3 JAN 2013,71.1,71.1,70,70.8,5,6175,437350
2 JAN 2013,71,71,70,71,4,2528,177163
31 DEC 2012,70,70.1,70,70.1,6,1558,109160
28 DEC 2012,67.5,70,67.5,70,5,853,59478.5
26 DEC 2012,68,68,68,68,1,100,6800
24 DEC 2012,70,70,70,70,1,200,14000
19 DEC 2012,69.9,69.9,69.9,69.9,1,1,69.9
18 DEC 2012,67.1,67.1,66,66.8,4,100,6675
17 DEC 2012,70,70,70,70,1,240,16800
14 DEC 2012,70,70,69,70,7,1500,104700
13 DEC 2012,75,75,75,75,1,2,150
11 DEC 2012,69,69,69,69,1,1,69
10 DEC 2012,65.1,65.1,64.1,64.2,7,1000,64212
7 DEC 2012,66,69.9,66,66,2,301,19869.9
5 DEC 2012,64.2,69.9,64.2,69.9,2,6,390.9
4 DEC 2012,64.2,75,64.2,64.3,2,101,6495
3 DEC 2012,68,68,68,68,4,2806,190808
30 NOV 2012,68,68,64,64.2,10,932,61941.4
29 NOV 2012,67.5,68.1,67.5,68,8,2693,182933.3
26 NOV 2012,68.2,68.2,68.1,68.1,5,134,9130.4
23 NOV 2012,70.3,70.3,70,70,4,407,28491.6
21 NOV 2012,70,70,70,70,7,320,22400
20 NOV 2012,70.5,79,70.5,78,6,1600,124800
19 NOV 2012,70.6,74,70.6,70.6,5,1460,103110
15 NOV 2012,70,70,70,70,1,10,700
12 NOV 2012,72.7,72.7,70.3,72.1,3,40,2884
7 NOV 2012,73.1,73.1,72.7,72.8,2,90,6551
6 NOV 2012,73.1,75,73.1,73.9,5,610,45020
5 NOV 2012,72.6,72.6,72.6,72.6,1,24,1742.4
2 NOV 2012,72.1,73,72.1,72.1,5,4302,310264.2
1 NOV 2012,72.9,72.9,72.2,72.2,3,110,7952
31 OCT 2012,72.9,72.9,72.7,72.9,3,7,510
30 OCT 2012,73,73,73,73,1,1000,73000
26 OCT 2012,74.1,74.1,73,73.7,5,886,65318
25 OCT 2012,74.9,75,74.9,75,2,614,46038.6
24 OCT 2012,73,73,73,73,2,1000,73000
23 OCT 2012,74.1,74.1,74.1,74.1,4,1000,74100
22 OCT 2012,75.1,75.1,75.1,75.1,1,100,7510
19 OCT 2012,78,78,77.5,77.8,5,312,24286
18 OCT 2012,79,79,78,78,2,550,42950
17 OCT 2012,79.9,79.9,79.9,79.9,2,50,3995
16 OCT 2012,75.6,75.6,75.6,75.6,1,70,5292
15 OCT 2012,80,80,80,80,3,285,22800
11 OCT 2012,79.1,79.1,79.1,79.1,1,100,7910
10 OCT 2012,79.1,79.1,79.1,79.1,1,100,7910
9 OCT 2012,79.2,79.2,79.2,79.2,1,8,633.6
8 OCT 2012,85,85,84,85,6,10009,850756
5 OCT 2012,87.6,87.6,87.6,87.6,1,210,18396
4 OCT 2012,88.5,88.5,88.5,88.5,2,5500,486750
3 OCT 2012,88,88,88,88,9,15617,1374296
2 OCT 2012,84,88,84,87.3,6,2857,250675
1 OCT 2012,88.9,89,88,88.2,8,4288,378453.1
28 SEP 2012,89,89,89,89,1,1,89
27 SEP 2012,84,89,84,86,5,15416,1324949
26 SEP 2012,89.5,89.5,80,87,12,10522,911853
25 SEP 2012,87,89.4,83.5,87,16,18403,1598204.2
24 SEP 2012,87,87,85.8,86,4,1560,134420
21 SEP 2012,87,87,86.5,86.5,6,1095,95253
20 SEP 2012,85.5,86.5,85.5,86,15,13276,1140968
18 SEP 2012,85,85,85,85,5,3841,326485
17 SEP 2012,90.5,90.5,90,90,4,980,88340
14 SEP 2012,90,92,88,90.5,27,37649,3396695
13 SEP 2012,86.5,90,85.1,90,30,14751,1311834.5
12 SEP 2012,82.5,86.5,82,85,23,10705,913932.5
11 SEP 2012,81,83.1,81,82.1,31,89970,7386277.1
10 SEP 2012,78.5,82.6,78.5,81.9,6,683,55285.7
7 SEP 2012,76.5,77,76,76,10,5030,383980
6 SEP 2012,74,76,74,76,5,590,43680
5 SEP 2012,74,74.5,74,74.2,5,631,46794
4 SEP 2012,76.6,76.6,75,76.5,10,1600,120926.9
3 SEP 2012,73.5,76.6,72,74.4,13,3435,253730
30 AUG 2012,71.1,73.5,71.1,73.5,4,403,29613.3
29 AUG 2012,73.5,73.5,71.5,71.5,5,1016,73676
28 AUG 2012,71.5,74,71.5,74,7,1020,73717.5
27 AUG 2012,69.6,71.4,69.6,70,9,610,43099.9
24 AUG 2012,69.9,69.9,69,69.6,6,119,8226.9
23 AUG 2012,69,71.5,69,71.5,4,8,559.5
22 AUG 2012,69.7,69.8,69.7,69.8,5,298,20800.3
21 AUG 2012,70,70,66,69.9,10,3503,239267.9
20 AUG 2012,71.9,71.9,70,70,3,9,635.7
17 AUG 2012,72,72,68,72,5,22,1511
15 AUG 2012,72,72,71.5,71.5,4,5,358.4
14 AUG 2012,71.5,72,71.5,71.9,3,515,37029.8
9 AUG 2012,69,72,69,71.9,4,1888,130280.8
8 AUG 2012,72,73,72,72,5,1615,116595
6 AUG 2012,68.5,72.9,68.5,72.9,4,23,1663.5
2 AUG 2012,68,73,68,68.3,2,16,1093
30 JUL 2012,75.7,75.7,75.7,75.7,1,1,75.7
26 JUL 2012,64,64,64,64,2,475,30400
25 JUL 2012,63,68,63,68,2,3,194
24 JUL 2012,63.1,63.1,63,63,2,100,6303
19 JUL 2012,68.1,68.1,68.1,68.1,2,15,1021.5
17 JUL 2012,68.1,68.1,68.1,68.1,1,10,681
16 JUL 2012,68.4,68.4,68.4,68.4,1,1,68.4
12 JUL 2012,68.4,68.4,68.4,68.4,1,1,68.4
11 JUL 2012,68.4,68.4,68.4,68.4,1,5,342
5 JUL 2012,69.9,69.9,69.9,69.9,1,1,69.9
4 JUL 2012,69.9,69.9,69.9,69.9,2,10,699
29 JUN 2012,68,68,68,68,1,1,68
27 JUN 2012,63,66,62.5,62.5,5,507,31938.5
26 JUN 2012,66,66,65,65.1,5,1100,71710
25 JUN 2012,68.9,68.9,68.9,68.9,1,1,68.9
21 JUN 2012,68,68,68,68,1,497,33796
20 JUN 2012,68.5,83.1,68.5,70,11,6923,480447
19 JUN 2012,69.5,69.5,66,66,4,851,57044.5
18 JUN 2012,61.4,69.4,61.4,69.4,4,2000,130750
15 JUN 2012,66.5,70,66,70,10,2526,170217.9
14 JUN 2012,64.1,66.1,60.1,65,14,8059,523696
13 JUN 2012,62.9,63.8,62.9,63.7,5,1200,76410
12 JUN 2012,62,62,60.1,62,5,1199,73960.3
11 JUN 2012,60,61.9,60,61,11,10550,643095
7 JUN 2012,58,63,58,63,2,401,23263
6 JUN 2012,59,59,59,59,1,200,11800
5 JUN 2012,59,59,59,59,3,500,29500
31 MAY 2012,59.2,60,59,59.5,8,5925,352047.5
30 MAY 2012,59.5,59.5,59.5,59.5,1,1000,59500
29 MAY 2012,61.2,61.2,59,59.4,14,6918,413931.8
28 MAY 2012,67,67,61.1,61.3,5,549,33669.8
25 MAY 2012,63,63,61,62.4,3,2100,131100
24 MAY 2012,67.9,68.5,67.9,68.4,4,2000,136720
23 MAY 2012,62.1,62.1,60,60.7,10,5110,310020
22 MAY 2012,62.7,62.7,62.7,62.7,1,100,6270
17 MAY 2012,67,68,65.7,65.7,17,4685,314120
16 MAY 2012,62,62,60.1,62,12,4562,282500.1
14 MAY 2012,60.2,60.2,60.1,60.1,4,900,54110
9 MAY 2012,61.3,61.3,61.3,61.3,1,999,61238.7
4 MAY 2012,62.1,63,62.1,62.9,7,1400,88040
3 MAY 2012,63,63,63,63,4,131,8253
2 MAY 2012,63,63,63,63,1,8000,504000
30 APR 2012,65,75,61,67.4,7,13947,940008.2
27 APR 2012,64,65,61,61.1,21,9200,565675
26 APR 2012,61.2,61.2,61,61,5,15500,945540
25 APR 2012,61.2,63.9,61,62,7,1059,65595.9
24 APR 2012,62.1,62.1,61,61.1,8,7090,439210.9
20 APR 2012,63,63,63,63,2,520,32760
19 APR 2012,62,62,62,62,4,500,31000
16 APR 2012,61.5,65,61.5,64.8,10,2060,130177.5
11 APR 2012,64.5,64.5,64.5,64.5,4,15,967.5
10 APR 2012,60.4,65,60.4,65,3,450,28780
9 APR 2012,62.5,64.9,60.4,61.9,5,600,37130
3 APR 2012,65,65,65,65,1,100,6500
30 MAR 2012,67,67,67,67,1,100,6700
29 MAR 2012,67,68.5,67,67,2,2001,134068.5
28 MAR 2012,67,67,67,67,1,475,31825
27 MAR 2012,70,70,67,67,4,1100,74900
26 MAR 2012,67,67,67,67,2,400,26800
21 MAR 2012,69,69,62.4,62.4,5,1403,87617
19 MAR 2012,69,69,66.8,66.8,5,6101,407759
16 MAR 2012,69,69,65,66.8,3,300,20250
9 MAR 2012,64.2,70,64.2,70,3,221,14890
8 MAR 2012,66,66,66,66,1,22,1452
6 MAR 2012,66.1,69,66,69,5,700,46520
1 MAR 2012,65.9,65.9,65.9,65.9,2,300,19770
29 FEB 2012,68,68,68,68,1,2200,149600
28 FEB 2012,68.2,69.1,68,68.6,10,1406,96392.7
27 FEB 2012,65.8,70,65.8,70,2,400,27160
21 FEB 2012,77,77,77,77,2,300,23100
14 FEB 2012,70.1,70.1,65.1,69.6,8,8000,557100
6 FEB 2012,78,78,78,78,1,200,15600
2 FEB 2012,78,78,78,78,2,2100,163800
1 FEB 2012,78.3,78.3,78.3,78.3,1,100,7830
31 JAN 2012,78.5,78.5,78.2,78.3,6,5000,391550
30 JAN 2012,78.1,78.1,78,78,3,8200,639650
25 JAN 2012,78,78.5,78,78.5,4,2400,188350
23 JAN 2012,77,77,77,77,7,2600,200200
18 JAN 2012,78,78,78,78,2,1300,101400
17 JAN 2012,85,85,79,79,5,1100,87500
13 JAN 2012,78.1,78.1,77,77,6,4700,362110
12 JAN 2012,80,80,80,80,1,100,8000
11 JAN 2012,80,80,80,80,1,100,8000
6 JAN 2012,78.6,78.6,78.6,78.6,2,300,23580
4 JAN 2012,80,80,80,80,2,300,24000
30 DEC 2011,80.5,80.5,80,80.3,2,200,16050
29 DEC 2011,80,86,78,78.6,10,13100,1030090
28 DEC 2011,85,85,85,85,1,1000,85000
27 DEC 2011,81,81,81,81,1,100,8100
22 DEC 2011,80,80,80,80,3,800,64000
21 DEC 2011,78,78.3,78,78.3,4,500,39100
20 DEC 2011,80,80,80,80,1,200,16000
19 DEC 2011,80,80,80,80,1,200,16000
16 DEC 2011,79.1,79.1,78.5,78.7,4,800,63020
12 DEC 2011,81,81,81,81,1,100,8100
9 DEC 2011,81.1,81.1,81,81,4,1200,97210
8 DEC 2011,82.5,82.5,80,81.3,2,200,16250
6 DEC 2011,82,82,79,80.2,8,1900,153710
5 DEC 2011,83,83,82,82.2,4,800,65840
29 NOV 2011,80,87,80,82.2,6,4400,361580
28 NOV 2011,78,79,78,79,6,4000,313400
25 NOV 2011,78.2,78.2,78.2,78.2,2,300,23460
24 NOV 2011,78.2,78.2,78.2,78.2,1,100,7820
21 NOV 2011,81,81,81,81,1,100,8100
18 NOV 2011,85,85,85,85,1,100,8500
17 NOV 2011,84,84,83,84,8,4300,359700
16 NOV 2011,84,84,84,84,1,100,8400
15 NOV 2011,78.3,78.3,78.3,78.3,1,200,15660
11 NOV 2011,88,88,85,85,2,1300,114100
9 NOV 2011,82,82,79.8,79.9,4,1100,88140
8 NOV 2011,82,82,82,82,2,300,24600
3 NOV 2011,82,82,82,82,2,1400,114800
24 OCT 2011,83,83,82,82.7,2,300,24800
21 OCT 2011,80.1,93.4,80.1,88.2,8,800,65700
20 OCT 2011,81.1,81.1,80.7,80.9,2,200,16180
19 OCT 2011,82,82,80.6,80.7,2,1000,80740
18 OCT 2011,88.4,97.9,80.1,90.6,10,3200,272800
14 OCT 2011,88.2,88.2,88.2,88.2,1,300,26460
13 OCT 2011,91,91,91,91,5,4300,391300
12 OCT 2011,91,91,91,91,1,2000,182000
5 OCT 2011,91,91,91,91,1,200,18200
4 OCT 2011,91,91,91,91,1,200,18200
30 SEP 2011,101,101,101,101,1,100,10100
29 SEP 2011,90,90.1,90,90,6,47200,4248020
28 SEP 2011,90.1,90.1,90,90,7,3500,315110
27 SEP 2011,91.5,91.5,91.5,91.5,2,400,36600
26 SEP 2011,93.5,93.5,92,92,5,3900,360350
23 SEP 2011,93.5,93.5,93.5,93.5,1,300,28050
22 SEP 2011,94,94,94,94,2,500,47000
20 SEP 2011,94.1,94.1,94.1,94.1,1,400,37640
13 SEP 2011,95.1,99,95.1,97.1,2,200,19410
9 SEP 2011,96,96,95,95.2,2,500,47600
8 SEP 2011,98,98,98,98,1,200,19600
7 SEP 2011,95,95,95,95,1,100,9500
1 SEP 2011,104,104.4,104,104,9,2200,228840
30 AUG 2011,93.1,105,93,100.2,15,8000,801730
29 AUG 2011,91.7,91.7,91.3,91.3,2,1800,164980
26 AUG 2011,90.5,92.5,90,92.1,7,1700,156300
25 AUG 2011,93.6,93.6,93.6,93.6,1,400,37440
24 AUG 2011,94,94,94,94,1,800,75200
22 AUG 2011,99,100,99,99.3,4,400,39700
18 AUG 2011,101,101,99.5,99.5,3,900,89850
17 AUG 2011,102,102,101,101,2,200,20300
16 AUG 2011,92.5,92.5,92.5,92.5,1,200,18500
11 AUG 2011,90.1,90.1,90.1,90.1,2,700,63070
4 AUG 2011,91,104,91,104,4,700,65500
3 AUG 2011,95.9,95.9,92,92,4,3100,287150
2 AUG 2011,92,92,92,92,2,400,36800
1 AUG 2011,93,93,93,93,1,100,9300
29 JUL 2011,96,98,96,96.6,2,1000,96600
28 JUL 2011,90,90,90,90,2,500,45000
22 JUL 2011,85,85,84,84.5,2,200,16900
21 JUL 2011,84,84,84,84,1,100,8400
20 JUL 2011,82.6,85,82.6,85,2,4100,348260
19 JUL 2011,89,89,79.8,84.4,2,200,16880
13 JUL 2011,90.5,90.6,90.5,90.6,3,900,81490
12 JUL 2011,94,94,92,92,3,700,64700
11 JUL 2011,94,95,94,95,3,600,56500
7 JUL 2011,95.4,95.4,94.1,94.1,2,400,37770
1 JUL 2011,92.4,92.8,92.3,92.5,7,1200,110940
28 JUN 2011,92.6,101,92.6,97.5,15,2300,222820
27 JUN 2011,92.3,95.5,92.3,95.5,3,300,28010
24 JUN 2011,93,95.5,93,94.3,2,200,18850
23 JUN 2011,95,95.5,95,95.5,2,500,47600
16 JUN 2011,98,98.5,98,98.3,2,200,19650
14 JUN 2011,98.5,98.5,98.5,98.5,1,100,9850
8 JUN 2011,102.9,107.9,100,100,4,3400,357240
7 JUN 2011,99,102,98,99,6,2200,217730
6 JUN 2011,99.5,99.5,99.1,99.1,4,1500,148730
3 JUN 2011,100,100,100,100,1,100,10000
2 JUN 2011,100.1,100.2,99.5,100,8,800,80010
1 JUN 2011,100,100.3,99,100,8,2700,269960
31 MAY 2011,100,100,100,100,2,300,30000
30 MAY 2011,100,100,100,100,1,300,30000
25 MAY 2011,100,100.1,100,100.1,2,300,30020
24 MAY 2011,100.5,100.5,100,100.4,2,600,60250
20 MAY 2011,101,101,101,101,2,1500,151500
19 MAY 2011,103.2,103.2,101,102.7,9,15300,1551100
16 MAY 2011,101,101,101,101,1,500,50500
12 MAY 2011,104.5,104.5,100.5,101.2,4,600,61050
11 MAY 2011,106,106,106,106,1,300,31800
10 MAY 2011,107.5,108,107.5,107.9,4,600,64710
9 MAY 2011,99.5,117,99.5,107.5,60,18200,1916250
5 MAY 2011,98,98,98,98,1,100,9800
4 MAY 2011,98.1,98.1,90.1,92.8,3,1500,139150
3 MAY 2011,98,98,97,97,2,600,58600
29 APR 2011,99.5,99.5,98,98.9,5,5100,507100
27 APR 2011,100.1,100.1,99.2,99.9,8,3700,369890
26 APR 2011,102,102,100.2,100.2,4,1500,152140
25 APR 2011,104,104,104,104,3,300,31200
21 APR 2011,104.1,104.9,104.1,104.3,4,400,41730
20 APR 2011,102,102,102,102,1,400,40800
19 APR 2011,101,101,100,100.1,19,121000,12145350
18 APR 2011,102,102,101,102,8,4200,428300
12 APR 2011,100,106,100,105,32,31800,3230540
11 APR 2011,100,100,100,100,3,1500,150000
8 APR 2011,104,104,100,100,4,900,90400
5 APR 2011,104.5,104.5,104.5,104.5,1,100,10450
4 APR 2011,96,104,96,103.7,13,9200,929390
1 APR 2011,94.5,95,91,95,5,1000,94120
31 MAR 2011,95.3,95.3,95.3,95.3,2,1000,95300
30 MAR 2011,95.2,95.2,95.2,95.2,1,400,38080
29 MAR 2011,96.5,96.5,95.2,95.2,6,1500,143200
28 MAR 2011,97,97,97,97,1,3000,291000
25 MAR 2011,96,96,96,96,1,200,19200
24 MAR 2011,97.5,100,97.5,98.6,4,1500,147900
22 MAR 2011,95,95,95,95,1,200,19000
21 MAR 2011,95,95,95,95,4,2800,266000
18 MAR 2011,95,95,95,95,9,5100,484500
17 MAR 2011,95.6,95.6,95.1,95.1,13,11000,1046580
15 MAR 2011,98,98,95,95.1,13,7500,713600
14 MAR 2011,100,100,98,98,7,4400,431500
10 MAR 2011,100.2,100.2,100,100,13,26800,2680500
9 MAR 2011,102,102,102,102,3,3900,397800
8 MAR 2011,102,102,100,102,9,4200,426650
7 MAR 2011,102,102,102,102,1,200,20400
1 MAR 2011,102,105,100.5,100.6,8,4500,461000
28 FEB 2011,106,106,102,102.1,9,4400,456700
25 FEB 2011,102.1,102.1,102,102,2,1000,102020
24 FEB 2011,102,102,102,102,2,700,71400
23 FEB 2011,102.4,102.4,102.4,102.4,1,1000,102400
22 FEB 2011,107,107,102,102.4,12,8700,901000
21 FEB 2011,108,108.9,103,107.9,16,7700,828880
18 FEB 2011,105,108,105,105.6,3,1000,105300
14 FEB 2011,102.2,105,102,102,12,23800,2461440
11 FEB 2011,105,105,100,100,26,24800,2504400
10 FEB 2011,105.1,105.1,105.1,105.1,4,6400,672640
9 FEB 2011,105.1,108,105,105.3,16,14100,1482220
8 FEB 2011,105,106,105,105.2,4,1200,126250
7 FEB 2011,112.1,112.1,111.9,112,6,4300,481610
3 FEB 2011,110,112,110,110.3,9,3800,418200
2 FEB 2011,105,105,105,105,2,1500,157500
1 FEB 2011,110,110,110,110,1,4600,506000
27 JAN 2011,113,113,113,113,3,7800,881400
26 JAN 2011,105,113,105,113,3,1200,130000
25 JAN 2011,112.9,113,112.9,113,5,21800,2463190
21 JAN 2011,111,113.3,113,113,3,9600,1084830
20 JAN 2011,111.9,111.9,108.1,110,11,3500,381810
18 JAN 2011,111,111.9,110,110.8,10,9900,1098710
17 JAN 2011,113,113,112.9,112.9,4,900,101670
12 JAN 2011,114,114,113,113,3,4200,475100
11 JAN 2011,114.5,115,113,113,15,24800,2825000
10 JAN 2011,114.9,114.9,110,112.5,6,5600,617740
6 JAN 2011,112.8,112.8,112.8,112.8,1,100,11280
5 JAN 2011,109.1,109.1,109.1,109.1,2,2000,218200
4 JAN 2011,109.9,110,109.9,109.9,2,1400,153900
29 DEC 2010,105,105,105,105,1,1900,199500
27 DEC 2010,105,105,105,105,1,100,10500
24 DEC 2010,109,109,109,109,1,100,10900
23 DEC 2010,104,104,104,104,1,100,10400
17 DEC 2010,99.1,99.1,99,99.1,2,1000,99050
10 DEC 2010,101,101,99,100.8,3,1000,100800
9 DEC 2010,100,100,99,99.9,3,2100,209900
8 DEC 2010,101,101,99,99.6,4,700,69900
2 DEC 2010,104.9,104.9,100,100.3,3,2000,200490
30 NOV 2010,102,108,102,104.9,8,4900,514100
29 NOV 2010,108,108,108,108,1,100,10800
25 NOV 2010,104,104,104,104,3,3700,384800
24 NOV 2010,103,104,103,104,4,1200,124520
23 NOV 2010,103.1,103.1,103,103,6,700,72120
22 NOV 2010,104,104,104,104,4,3100,322400
18 NOV 2010,106,106,104,106,4,9000,953800
16 NOV 2010,103.1,103.1,103.1,103.1,5,5000,515500
15 NOV 2010,109,109,109,109,1,5000,545000
12 NOV 2010,111.6,111.6,111.6,111.6,3,2200,245520
11 NOV 2010,107.7,107.7,107.5,107.5,4,2000,215030
10 NOV 2010,107.6,111.9,107.6,110.2,4,1500,162690
9 NOV 2010,107.6,107.6,107.6,107.6,1,100,10760
8 NOV 2010,108,108,108,108,14,5800,626400
4 NOV 2010,110,110,108,108.1,4,700,76010
2 NOV 2010,110,110,110,110,4,10000,1100000
1 NOV 2010,111.5,112,111.5,111.7,2,1500,167500
29 OCT 2010,115,115,109,109.1,6,4200,462240
28 OCT 2010,112,112,108,108,6,1500,166000
27 OCT 2010,110,111.9,110,111,2,200,22190
26 OCT 2010,111.1,111.1,107,108,17,21100,2272040
25 OCT 2010,115,115,115,115,1,100,11500
21 OCT 2010,115,115,115,115,1,100,11500
20 OCT 2010,115,115,115,115,1,1000,115000
19 OCT 2010,115,115,114.9,115,4,17100,1966490
18 OCT 2010,110.1,111,110,110.2,5,2700,297550
15 OCT 2010,111,111,111,111,1,100,11100
14 OCT 2010,115,115,115,115,1,100,11500
13 OCT 2010,115,115,110,115,9,4100,464940
12 OCT 2010,115,115,115,115,1,200,23000
11 OCT 2010,118,118,118,118,5,3000,354000
8 OCT 2010,118.1,118.1,118,118,3,1000,118020
7 OCT 2010,119.9,119.9,119.9,119.9,2,600,71940
5 OCT 2010,122,122,122,122,3,300,36600
4 OCT 2010,122.1,122.1,122.1,122.1,1,200,24420
1 OCT 2010,125,129.9,125,129.9,10,22000,2752530
30 SEP 2010,125,129,125,129,4,1200,151600
28 SEP 2010,124,124,124,124,1,300,37200
27 SEP 2010,128,128,128,128,4,1000,128000
24 SEP 2010,128,128,128,128,4,1500,192000
23 SEP 2010,130,0,127,127,8,10200,1324400
21 SEP 2010,129.5,130,128,128.8,6,6800,880750
20 SEP 2010,131,131.1,129.5,130.9,7,1600,209440
17 SEP 2010,130,139,130,134,71,69500,9366900
16 SEP 2010,126.9,130,126.9,129.8,18,40000,5167700
15 SEP 2010,122.7,122.7,122,122.4,5,2000,244700
14 SEP 2010,130,130,126.5,128,19,10400,1330500
13 SEP 2010,127,127,125,125.9,25,31900,4017880
9 SEP 2010,121.9,129,121.9,126.1,26,23500,2952950
8 SEP 2010,120,122,120,120.1,8,6600,792600
7 SEP 2010,120.4,120.5,120.4,120.5,5,1000,120430
6 SEP 2010,121,122,120,120.4,4,1600,193200
3 SEP 2010,122,122,118,118,9,5200,614400
30 AUG 2010,124,124,120,120.1,9,6200,752500
27 AUG 2010,125,125,120,120.1,8,7200,868710
26 AUG 2010,119,120,118.1,120,3,3100,370950
25 AUG 2010,118.1,120,118,118.3,3,800,94610
23 AUG 2010,118.1,118.1,118.1,118.1,1,100,11810
20 AUG 2010,120.1,120.1,118,118,5,2800,335450
19 AUG 2010,120,122,120,121.9,10,5000,603110
18 AUG 2010,120,120,120,120,1,500,60000
17 AUG 2010,120,120,120,120,3,108900,13068000
16 AUG 2010,120,120,120,120,1,500,60000
11 AUG 2010,120,122,118,118,8,9400,1127200
10 AUG 2010,115,119.9,115,119.9,4,1800,207490
9 AUG 2010,116,116,115.1,115.1,9,1400,161370
6 AUG 2010,125,125,125,124.9,2,2100,262500
5 AUG 2010,118.5,118.9,116,116.3,5,5100,594300
4 AUG 2010,118.1,118.1,118.1,118.1,1,100,11810
3 AUG 2010,121,121,121,121,1,15000,1815000
2 AUG 2010,122,126,122,125.4,11,25100,3143600
30 JUL 2010,125,125,124,124,5,12900,1611600
29 JUL 2010,126,127,125,125.25,13,21900,2748650
28 JUL 2010,125,126,125,126,3,4000,503000
27 JUL 2010,126,126,125.5,126,14,10800,1360200
26 JUL 2010,123,126.25,123,125.25,19,30500,3829000
22 JUL 2010,125.75,125.75,125.75,125.75,1,500,62875
21 JUL 2010,120,126,120,126,2,700,86400
19 JUL 2010,122,129.25,122,124.5,3,1300,159325
16 JUL 2010,125.5,126,125.5,125.75,2,300,37700
15 JUL 2010,126,126,126,126,1,300,37800
14 JUL 2010,123,126,123,124.75,4,1900,237200
13 JUL 2010,122,125,121,125,11,23400,2838600
12 JUL 2010,117,127.5,117,120,33,153400,18179575
9 JUL 2010,115,125,115,124.75,7,3400,423350
8 JUL 2010,123,128,123,128,4,2400,301700
7 JUL 2010,127.5,127.5,125,125,5,900,112750
6 JUL 2010,127,127,127,127,2,1600,203200
5 JUL 2010,130,130,125,127.5,14,28700,3727200
2 JUL 2010,129.75,130,129.75,130,4,6900,895750
1 JUL 2010,130,131,125.25,130.25,17,29700,3835175
30 JUN 2010,130,131,130,130.75,3,3600,470900
23 JUN 2010,130,130,129.75,129.75,2,1100,142975
22 JUN 2010,132.75,132.75,131,131.25,16,27000,3561750
21 JUN 2010,133,133.5,132,132.5,25,24200,3214825
17 JUN 2010,123.5,133,123.5,132.5,84,166800,21752650
16 JUN 2010,122.25,126.75,122.25,125.25,46,140300,17541775
15 JUN 2010,132,133,122.25,123,52,44900,5805550
14 JUN 2010,119,129,118,128,126,217400,27062150
11 JUN 2010,118,118,117.25,118,5,20900,2456125
10 JUN 2010,117,117.25,117,117,8,86000,10067000
9 JUN 2010,117,117.5,116.5,117,11,124400,14554350
8 JUN 2010,115.5,115.75,115.5,115.75,3,6700,774200
7 JUN 2010,115.25,115.25,115,115,11,32400,3728900
4 JUN 2010,115.25,115.25,115.25,115.25,2,1400,161350
3 JUN 2010,115,115,115,115,4,3200,368000
2 JUN 2010,115,115,115,115,4,5000,575000
1 JUN 2010,115,115,115,115,2,1500,172500
31 MAY 2010,120,120,115,115.25,7,6900,797850
26 MAY 2010,120,120,110,114,8,4200,480550
25 MAY 2010,123,123,120,121.75,6,3000,366300
24 MAY 2010,120,124,120,124,19,34100,4227250
21 MAY 2010,124,124,120,120,7,1500,185200
20 MAY 2010,124,124,124,124,7,5600,694400
19 MAY 2010,122,124,122,124,18,6100,750700
18 MAY 2010,121,122,121,122,27,17800,2170600
17 MAY 2010,114,121.5,114,120.5,53,38600,4557550
14 MAY 2010,114,114,112.25,114,8,9400,1071350
13 MAY 2010,113.75,114,113,113.75,16,10000,1137050
12 MAY 2010,115,115.75,113,113.5,24,34000,3881400
11 MAY 2010,113.75,114,113.75,114,8,11800,1344900
10 MAY 2010,114,114,114,114,4,1000,114000
7 MAY 2010,114.5,114.75,114,114,9,2600,296725
6 MAY 2010,114,115.5,114,114,31,22900,2632450
4 MAY 2010,114,114,114,114,1,300,34200
3 MAY 2010,114,114,114,114,1,500,57000
29 APR 2010,115,115,114,114,2,300,34300
27 APR 2010,116,116,115.5,115.5,6,3700,428525
26 APR 2010,115,116,115,116,19,13500,1564700
23 APR 2010,107,112,107,111.75,33,31800,3451650
22 APR 2010,106,106,106,106,7,1700,180200
21 APR 2010,107.5,107.5,106,107,10,5700,611000
20 APR 2010,107.5,108,107.5,107.5,8,5300,570000
19 APR 2010,109.75,109.75,107.5,107.5,10,7000,752925
16 APR 2010,107,107,106,106.5,2,2000,213000
15 APR 2010,107,110,107,110,4,2100,225000
12 APR 2010,106.5,107,106.5,107,7,3100,331650
7 APR 2010,106.5,106.5,106.5,106.5,9,1600,170400
6 APR 2010,106.5,106.5,106,106.25,2,200,21250
5 APR 2010,105,109.5,105,109.25,8,2600,278350
1 APR 2010,106,107.5,103,105.5,4,400,42150
31 MAR 2010,114.25,115,114.25,114.5,2,300,34350
22 MAR 2010,215,222,215,222,6,3100,669650
19 MAR 2010,220,220,216,216,5,1200,259725
18 MAR 2010,225,225,220,220,5,1900,421000
17 MAR 2010,220,224.75,218,221.5,5,8700,1914275
16 MAR 2010,220,220,220,220,2,500,110000
15 MAR 2010,214,224.5,214,220.75,6,2600,571850
12 MAR 2010,207.5,213,207.5,213,6,3700,771575
11 MAR 2010,209,209,207,207,9,20500,4244175
10 MAR 2010,210,210,210,210,1,100,21000
9 MAR 2010,209.5,209.5,209.5,209.5,4,500,104750
8 MAR 2010,210,210,210,210,15,6800,1428000
5 MAR 2010,204,208,204,208,4,900,185200
4 MAR 2010,206,206,203,203.5,6,4700,958200
3 MAR 2010,206,206,203,203,9,2200,448425
2 MAR 2010,206,206,206,206,13,14300,2945800
1 MAR 2010,206,206.25,205,206,24,11000,2265250
26 FEB 2010,206.25,206.25,202,203.25,11,27700,5630175
25 FEB 2010,206,206.5,206,206,10,3900,803500
24 FEB 2010,206,206,206,206,5,900,185400
23 FEB 2010,209,209,206,206.5,7,1900,392500
22 FEB 2010,210.5,210.5,206,206,6,800,166450
19 FEB 2010,210,210,200,205.25,5,500,102600
18 FEB 2010,210,218,210,210,18,5700,1204200
17 FEB 2010,210,210,210,210,2,800,168000
16 FEB 2010,210,210,210,210,2,1000,210000
15 FEB 2010,216,216,215,215.75,3,400,86300
11 FEB 2010,222,223.5,220,220,7,2900,641725
9 FEB 2010,225,225,224.25,224.5,4,1100,247350
8 FEB 2010,224,225,224,224.75,22,8000,1797250
5 FEB 2010,224,224,224,224,9,2300,515200
3 FEB 2010,222,226,220,220.25,48,38000,8487975
2 FEB 2010,190,230,190,219.25,146,79500,17025125
1 FEB 2010,177,177,177,177,3,3000,531000
28 JAN 2010,176,178,176,176.25,5,9000,1585500
26 JAN 2010,180,180,180,180,4,3300,594000
25 JAN 2010,175,180,175,177.25,4,6600,1158725
22 JAN 2010,177,180,175,175,7,4100,730975
21 JAN 2010,170.25,178,170.25,177,7,1500,262625
20 JAN 2010,170,175,170,170.25,6,2500,434575
19 JAN 2010,175,175,171,171,2,200,34600
15 JAN 2010,175,175,175,175,4,9200,1610000
13 JAN 2010,175,175,175,175,1,1000,175000
12 JAN 2010,175,175,173,174.75,3,1300,227300
11 JAN 2010,173,173,173,173,2,1000,173000
8 JAN 2010,172,173,172,172.75,2,700,120900
6 JAN 2010,176.75,176.75,176.75,176.75,1,200,35350
5 JAN 2010,183,183,178,180,7,2600,469975
4 JAN 2010,178.75,180,178.75,180,6,1600,287875
23 DEC 2009,175,179,175,179,5,900,160225
22 DEC 2009,172,179.75,170,175.25,15,5800,1010225
21 DEC 2009,170,170,170,170,1,800,136000
18 DEC 2009,168,175,168,175,2,300,51100
17 DEC 2009,153,168,153,165,17,7300,1187025
4 DEC 2009,168,168,168,168,1,100,16800
3 DEC 2009,160,160,160,160,1,500,80000
27 NOV 2009,156.25,156.25,156,156,2,500,78025
25 NOV 2009,155,155,155,155,1,100,15500
23 NOV 2009,163.5,165,163.5,164,4,13300,2176300
19 NOV 2009,164,164,164,164,1,4400,721600
18 NOV 2009,169,169,165,165,5,1600,264400
17 NOV 2009,169.75,169.75,169.75,169.75,1,100,16975
16 NOV 2009,150.5,150.5,150.25,150.25,2,300,45100
12 NOV 2009,150,150,150,150,2,300,45000
11 NOV 2009,149.5,150,149.5,150,2,800,119950
10 NOV 2009,150,150,145,149.5,5,4700,702900
9 NOV 2009,150,155,150,154.5,4,1400,214000
5 NOV 2009,155,155,155,155,2,500,77500
4 NOV 2009,158,158,155,155,4,700,110300
30 OCT 2009,158,158,158,158,1,100,15800
29 OCT 2009,158,158,158,158,1,100,15800
26 OCT 2009,165,165,165,165,6,25100,4141500
23 OCT 2009,165,167,165,167,7,11000,1835950
22 OCT 2009,160,160.25,160,160.25,2,400,64050
21 OCT 2009,156.25,167,156.25,167,22,36000,5988375
20 OCT 2009,164,164,160,160.25,3,500,80475
19 OCT 2009,154,165,154,165,3,400,64900
12 OCT 2009,177,177,177,177,1,100,17700
7 OCT 2009,178,180,178,179.75,9,3000,539350
6 OCT 2009,170,180,170,177.5,13,3000,529275
5 OCT 2009,170,170,170,170,1,800,136000
1 OCT 2009,170,170,170,170,3,600,102000
29 SEP 2009,170,170,170,170,1,100,17000
28 SEP 2009,170,170,170,170,1,500,85000
24 SEP 2009,177,177,175,175,20,35400,6195650
23 SEP 2009,170,175,170,175,9,75200,13158675
18 SEP 2009,167,174.25,166,170.75,12,7100,1206300
17 SEP 2009,165,165,165,165,3,500,82500
16 SEP 2009,157.75,174.75,157.75,165,21,14600,2334625
15 SEP 2009,155,156,155,156,7,17400,2705000
14 SEP 2009,149.75,156,149.75,156,9,4600,703625
11 SEP 2009,145,148,140,147.75,7,8800,1282725
10 SEP 2009,148.5,148.5,148,148,2,6800,1008900
9 SEP 2009,142.75,150,140,148.5,12,7500,1101250
2 SEP 2009,135,140,135,137.75,8,3900,537600
1 SEP 2009,135.25,135.25,135,135.25,2,200,27025
31 AUG 2009,135.25,135.25,135.25,135.25,2,600,81150
28 AUG 2009,135.25,135.25,135,135.25,2,200,27025
27 AUG 2009,136,136,135,135,3,300,40700
26 AUG 2009,136,136,136,136,1,500,68000
20 AUG 2009,135,135,135,135,1,1000,135000
19 AUG 2009,135,137,135,137,3,2500,338500
18 AUG 2009,135,135,135,135,1,1000,135000
17 AUG 2009,135,135,135,135,4,1700,229500
14 AUG 2009,135,135,135,135,2,600,81000
13 AUG 2009,135,135,135,135,4,800,108000
12 AUG 2009,135,135,135,135,3,300,40500
11 AUG 2009,135,135,135,135,1,100,13500
10 AUG 2009,135,135,135,135,6,1400,189000
7 AUG 2009,137,137,135,135,5,1300,176900
6 AUG 2009,135.75,135.75,135.75,135.75,3,2200,298650
4 AUG 2009,132,136,132,135.75,9,2500,335975
3 AUG 2009,130.5,132,130,131,5,500,65350
31 JUL 2009,130,130,130,130,3,600,78000
30 JUL 2009,130,131,130,130.25,6,1200,156450
29 JUL 2009,130,130,130,130,2,300,39000
28 JUL 2009,131,134.25,130,130,6,1700,224125
27 JUL 2009,131,131,130.75,130.75,2,300,39250
24 JUL 2009,130,130,130,130,2,400,52000
22 JUL 2009,128.5,130,128.5,130,20,13200,1715850
21 JUL 2009,122,130,122,125,10,2200,275000
20 JUL 2009,120,120,120,120,6,1800,216000
16 JUL 2009,117,117.5,117,117.25,5,3800,445600
10 JUL 2009,118,118,117.75,117.75,2,300,35375
9 JUL 2009,118.25,118.25,118,118.25,2,200,23625
8 JUL 2009,120,120,120,120,9,3000,360000
7 JUL 2009,118.5,121,118.5,120.25,10,11900,1430225
3 JUL 2009,115,121,115,120,8,3500,419300
2 JUL 2009,119.75,120,119.75,120,7,11200,1343875
1 JUL 2009,115,117,115,117,7,2000,233400
26 JUN 2009,118,120,118,120,2,1800,213600
23 JUN 2009,120,120,120,120,6,2500,300000
22 JUN 2009,120,120,117,117.75,10,3900,461150
19 JUN 2009,112,116,111.25,116,10,2900,333050
18 JUN 2009,114,114,113,113,3,2300,260100
17 JUN 2009,113,113,113,113,2,1200,135600
15 JUN 2009,110,116,110,113,12,2400,267125
12 JUN 2009,103,108,103,107.5,11,40600,4274400
11 JUN 2009,101,101,101,101,1,100,10100
3 JUN 2009,99.75,105,99,104.75,5,4200,421600
2 JUN 2009,104,105,104,104.25,6,2100,219000
1 JUN 2009,103,104.25,103,104,4,2500,257925
28 MAY 2009,101.75,102,101.75,102,5,1300,132475
26 MAY 2009,100,100,100,100,2,700,70000
25 MAY 2009,97,97,97,97,1,200,19400
22 MAY 2009,103.75,107,103.75,105.5,14,5600,587750
21 MAY 2009,102,103.75,102,103.75,10,4700,480200
19 MAY 2009,102,102,100,101.5,2,700,71000
18 MAY 2009,99.5,108,99.5,102.5,24,8100,827625
13 MAY 2009,95,95,95,95,1,100,9500
12 MAY 2009,96,96,96,96,4,800,76800
11 MAY 2009,97,101,97,100,24,8000,798000
7 MAY 2009,99,99,99,99,3,300,29700
6 MAY 2009,90,102,90,100.5,52,16100,1580775
5 MAY 2009,79,90.5,79,89.75,55,43800,3878900
4 MAY 2009,80,80,77.25,77.25,8,1500,118675
30 APR 2009,74.5,79.75,74.5,76.75,10,3200,245400
29 APR 2009,73,73.25,73,73.25,4,1300,94925
28 APR 2009,70,71.25,70,70.75,17,16900,1191875
27 APR 2009,71,71,70,70,14,13200,924750
24 APR 2009,64,72,64,71,32,22300,1549200
23 APR 2009,60,62,60,62,4,1200,74200
21 APR 2009,60,61,57.5,58.75,6,3600,212000
20 APR 2009,54,58,54,55.75,5,600,33500
8 APR 2009,50,51.75,50,51.75,6,2100,105175
7 APR 2009,50,50,50,50,4,1200,60000
3 APR 2009,50.25,50.25,50,50,5,1200,60025
1 APR 2009,50,50,50,50,1,4600,230000
27 MAR 2009,50.5,50.5,49.75,49.75,5,1300,64800
26 MAR 2009,50,50,50,50,1,100,5000
25 MAR 2009,54,54,50,50,4,1800,90800
24 MAR 2009,50,50,50,50,13,25200,1260000
23 MAR 2009,50,50,50,50,2,200,10000
19 MAR 2009,50,50,50,50,3,500,25000
18 MAR 2009,50,50,50,50,10,9300,465000
17 MAR 2009,50,50,50,50,2,700,35000
16 MAR 2009,50,50,50,50,10,38600,1930000
13 MAR 2009,50,50,50,50,1,400,20000
11 MAR 2009,50.5,50.5,50,50.25,2,200,10050
9 MAR 2009,51,51,50.75,50.75,6,2100,106950
6 MAR 2009,50.25,50.25,50.25,50.25,5,3400,170850
5 MAR 2009,57.75,57.75,49.25,49.75,2,2200,109200
4 MAR 2009,58,58,58,58,4,900,52200
3 MAR 2009,60,60,60,60,1,300,18000
27 FEB 2009,63,63,63,63,1,200,12600
26 FEB 2009,60,60,60,60,1,100,6000
25 FEB 2009,60,60,60,60,2,400,24000
24 FEB 2009,60,60,60,60,1,200,12000
19 FEB 2009,63,63,63,63,6,700,44100
16 FEB 2009,63,63,63,63,5,1500,94500
12 FEB 2009,63,63,63,63,1,200,12600
10 FEB 2009,61,64,61,64,2,400,24700
6 FEB 2009,61,61,61,61,1,200,12200
3 FEB 2009,63,66,63,65,5,600,38600
2 FEB 2009,66,66,66,66,7,1500,99000
30 JAN 2009,65,66,65,65.25,4,3800,247800
29 JAN 2009,60.25,65,60.25,64.75,8,4400,284350
28 JAN 2009,60,60,60,60,1,100,6000
27 JAN 2009,63,63,63,63,1,1000,63000
26 JAN 2009,64,64,64,64,2,200,12800
22 JAN 2009,59,60,59,60,8,2300,135800
21 JAN 2009,61,61.25,61,61.25,3,700,42825
20 JAN 2009,64.75,64.75,64,64,4,1800,115950
19 JAN 2009,59,62,59,62,9,2500,148800
16 JAN 2009,57.25,59,57.25,59,4,1500,87975
15 JAN 2009,59,59,59,59,4,2600,153400
13 JAN 2009,57,60,57,59.25,8,2000,118500
12 JAN 2009,59,59,59,59,1,500,29500
5 JAN 2009,65,65,65,65,1,500,32500
2 JAN 2009,67,67,67,67,1,200,13400
30 DEC 2008,59,59,59,59,1,300,17700
29 DEC 2008,59,59,59,59,1,100,5900
22 DEC 2008,60,60,59,59,11,7100,420325
18 DEC 2008,61,61,61,61,1,100,6100
16 DEC 2008,59,60,59,60,4,600,35600
15 DEC 2008,59,59,59,59,3,900,53100
11 DEC 2008,60.25,60.25,60.25,60.25,1,100,6025
10 DEC 2008,62,62,62,62,2,200,12400
8 DEC 2008,63,63,62,62,3,400,24900
5 DEC 2008,62,62,62,62,1,2600,161200
4 DEC 2008,62,64.25,62,62,21,19100,1184650
3 DEC 2008,62,62,62,62,10,8100,502200
28 NOV 2008,62,63,62,62.75,7,1500,94000
21 NOV 2008,65.5,65.5,65.5,65.5,1,100,6550
20 NOV 2008,66.5,66.5,65,66,4,1000,65900
19 NOV 2008,70,76,70,72,3,400,28600
18 NOV 2008,70.5,70.5,70.25,70.25,2,500,35175
13 NOV 2008,76,76,76,76,1,100,7600
11 NOV 2008,80,80,80,80,1,200,16000
6 NOV 2008,82,82,82,82,1,200,16400
3 NOV 2008,80,80,80,80,1,100,8000
29 OCT 2008,71,77.5,71,77.5,2,300,21950
24 OCT 2008,72,83.75,70,71.25,4,1400,99800
23 OCT 2008,77,77,72,72.25,4,1300,94375
22 OCT 2008,85,88,85,87.25,3,500,43600
20 OCT 2008,88,88,88,88,1,100,8800
10 OCT 2008,77.5,77.5,72,72,8,2400,179200
9 OCT 2008,80,80,78.25,79.25,6,1100,87225
8 OCT 2008,80.25,80.25,80,80,6,700,56025
7 OCT 2008,81.25,82.5,81.25,81.5,6,1600,130250
30 SEP 2008,82,83,82,83,3,400,33000
29 SEP 2008,83,83,83,83,4,500,41500
26 SEP 2008,83,83,83,83,1,100,8300
25 SEP 2008,82.75,82.75,82.75,82.75,1,500,41375
18 SEP 2008,85.25,85.25,85,85,3,1000,85025
15 SEP 2008,88.25,88.25,88.25,88.25,1,300,26475
12 SEP 2008,88.75,88.75,88.75,88.75,4,2000,177500
10 SEP 2008,88.75,88.75,88.75,88.75,1,100,8875
2 SEP 2008,89,90,88,89.25,9,2500,223300
1 SEP 2008,90,94.5,90,90,7,2000,181325
28 AUG 2008,90.5,90.5,90,90,3,900,81050
27 AUG 2008,86,88,86,88,2,800,70200
26 AUG 2008,88.25,88.25,88,88,9,2400,211250
25 AUG 2008,90,90,89.75,89.75,2,300,26975
22 AUG 2008,88,89.75,88,89,11,2700,238775
20 AUG 2008,90,90,90,90,2,200,18000
19 AUG 2008,91,91,91,91,2,400,36400
18 AUG 2008,92,92,92,92,1,100,9200
13 AUG 2008,90.25,90.25,90,90.25,4,400,36075
8 AUG 2008,95.75,96,95.5,95.75,3,900,86175
7 AUG 2008,94.5,96,94.5,95.5,4,400,38075
6 AUG 2008,90,91.5,90,90,5,2700,243300
5 AUG 2008,87,87,87,87,2,27600,2401200
4 AUG 2008,87,87,87,87,2,200,17400
1 AUG 2008,87,87,87,87,3,2500,217500
31 JUL 2008,86.5,87,85.5,87,22,28800,2504875
30 JUL 2008,87,87,87,87,3,2600,226200
28 JUL 2008,85.75,85.75,85.75,85.75,1,100,8575
25 JUL 2008,87,87,87,87,1,500,43500
24 JUL 2008,86,95,86,89.75,3,3300,296500
21 JUL 2008,89,89,89,89,1,500,44500
11 JUL 2008,91.75,91.75,91.75,91.75,1,100,9175
10 JUL 2008,89.25,89.25,89,89.25,2,400,35675
9 JUL 2008,91.75,91.75,91.75,91.75,1,100,9175
27 JUN 2008,92,92,92,92,3,700,64400
26 JUN 2008,92.75,93,92.75,93,2,300,27875
25 JUN 2008,96.5,98,96,96.75,7,1600,154850
24 JUN 2008,90,97.5,90,93.5,10,2500,233475
23 JUN 2008,88,88,88,88,1,100,8800
16 JUN 2008,87.5,95,87.5,90.5,6,5500,497250
13 JUN 2008,99,99,97.75,98,4,700,68625
12 JUN 2008,91,91,91,91,1,200,18200
9 JUN 2008,89,89,89,89,1,100,8900
5 JUN 2008,91,91,90,90.5,2,200,18100
4 JUN 2008,92,93,92,93,5,3400,313400
3 JUN 2008,93.25,93.25,92.75,93,10,2300,213800
2 JUN 2008,93,93,93,93,1,1400,130200
30 MAY 2008,94.75,97,94.75,95.75,3,7300,699775
28 MAY 2008,96,96,94.5,94.5,4,2100,200950
27 MAY 2008,96.25,96.25,96,96,4,1200,115225
14 MAY 2008,96,96,96,96,2,400,38400
9 MAY 2008,95.75,95.75,95,95.5,5,1500,143200
6 MAY 2008,100,100,100,100,3,10600,1060000
30 APR 2008,94.5,94.5,94.5,94.5,1,100,9450
29 APR 2008,101,101,101,101,4,30400,3070400
25 APR 2008,100,100.25,100,100.25,2,300,30050
24 APR 2008,101,101,100,100.5,5,1000,100575
23 APR 2008,103,103,101,101.75,2,300,30500
22 APR 2008,104.75,104.75,104.5,104.5,7,900,94175
21 APR 2008,100,100,100,100,1,400,40000
17 APR 2008,100,100,99,99.75,7,2900,289550
16 APR 2008,99,99,99,99,8,17300,1712700
15 APR 2008,97,101.5,97,101.5,2,700,70600
10 APR 2008,95.25,99.25,95,99.25,8,4500,440100
9 APR 2008,96,96,96,96,3,1900,182400
7 APR 2008,96.5,96.5,95,96,7,1600,152875
3 APR 2008,98,100,98,100,6,1600,159000
2 APR 2008,100,100,100,100,1,100,10000
1 APR 2008,98,104,98,100,33,9100,911025
31 MAR 2008,98,100,94,95.25,60,18300,1748900
27 MAR 2008,104,104,104,104,2,300,31200
26 MAR 2008,101,101,101,101,5,5400,545400
24 MAR 2008,104,104,104,104,2,1000,104000
19 MAR 2008,105,105.25,105,105,2,600,63025
18 MAR 2008,109,109,107,107,5,4500,485500
13 MAR 2008,104.75,109.75,104.75,109,6,1400,147900
12 MAR 2008,105,105,104.75,104.75,3,500,52400
11 MAR 2008,104,105,104,104.75,3,1200,125800
10 MAR 2008,101,104.75,101,102.5,5,800,81550
7 MAR 2008,103,103,103,103,6,900,92700
5 MAR 2008,102,102,102,102,1,100,10200
4 MAR 2008,103,103,98.5,103,15,5700,577125
3 MAR 2008,108,108,105.5,105.75,12,2300,244150
28 FEB 2008,113,113,113,113,1,200,22600
25 FEB 2008,114.75,114.75,114.75,114.75,1,400,45900
22 FEB 2008,116,116,116,116,1,200,23200
21 FEB 2008,115,115,115,115,1,200,23000
19 FEB 2008,116,116,116,116,1,100,11600
15 FEB 2008,116.75,116.75,116.75,116.75,1,200,23350
14 FEB 2008,116.75,116.75,116.75,116.75,1,100,11675
13 FEB 2008,110,115,110,113.5,10,2200,245875
11 FEB 2008,112.25,112.25,112,112.25,2,1000,112125
7 FEB 2008,116,116,116,116,1,100,11600
6 FEB 2008,123,130,120,120,4,2300,277600
5 FEB 2008,113,123,112,120,12,1600,186000
1 FEB 2008,98.25,130,98.25,123,20,3600,428375
31 JAN 2008,107.75,107.75,107.75,107.75,1,200,21550
29 JAN 2008,99,100,99,100,2,1300,129000
23 JAN 2008,93,99,93,99,4,600,57100
21 JAN 2008,93,93,93,93,2,1100,102300
18 JAN 2008,93,93,93,93,1,100,9300
16 JAN 2008,97,97,97,97,1,100,9700
14 JAN 2008,91.5,95,91.5,93.25,2,200,18650
11 JAN 2008,98,102,98,100.75,7,1300,129400
10 JAN 2008,91,109,91,95.25,15,8900,840975
8 JAN 2008,93,93,91,91,5,1400,127700
4 JAN 2008,96.5,94,94,94,3,500,47000
3 JAN 2008,97.5,97.5,97.5,97.5,1,5100,497250
31 DEC 2007,99,99,98.5,98.5,9,3700,365000
28 DEC 2007,98,98,98,98,2,300,29400
27 DEC 2007,98,98,98,98,3,600,58800
26 DEC 2007,98.75,100,98.75,99.75,6,1000,99375
24 DEC 2007,98.75,98.75,98.75,98.75,1,100,9875
20 DEC 2007,99.25,99.25,98,98.75,7,1600,158125
19 DEC 2007,100,100,99.5,100,10,3100,309875
14 DEC 2007,99,100,99,99.75,4,1100,109600
5 DEC 2007,100,100,99,99,2,300,29800
4 DEC 2007,100,100,100,100,1,5000,500000
30 NOV 2007,105,105,105,105,1,100,10500
29 NOV 2007,105,105,105,105,3,800,84000
28 NOV 2007,105,105.75,105,105.5,4,500,52700
27 NOV 2007,113.25,113.25,113.25,113.25,1,100,11325
26 NOV 2007,115,115,115,115,2,200,23000
23 NOV 2007,117.25,117.25,115,115.5,2,600,69225
22 NOV 2007,117.5,117.5,117.5,117.5,1,100,11750
21 NOV 2007,117.5,117.5,117.5,117.5,1,200,23500
20 NOV 2007,121,124,121,123,4,2800,344500
15 NOV 2007,120,120,120,120,1,200,24000
13 NOV 2007,121,121,121,121,1,100,12100
6 NOV 2007,125,125,125,125,1,100,12500
2 NOV 2007,121,125,121,123,2,200,24600
1 NOV 2007,120,120,120,120,2,200,24000
31 OCT 2007,120,120,120,120,7,2300,276350
30 OCT 2007,120.25,120.25,120,120,5,3300,396025
29 OCT 2007,122,122,122,122,1,2000,244000
26 OCT 2007,122,122,122,122,1,400,48800
24 OCT 2007,122,122,122,122,1,100,12200
23 OCT 2007,120,121,120,120.75,5,1300,156400
22 OCT 2007,120,120,120,120,2,200,24000
18 OCT 2007,120,120,120,120,6,2000,240000
17 OCT 2007,120,120,120,120,2,300,36000
16 OCT 2007,120.25,120.25,120.25,120.25,1,500,60125
15 OCT 2007,120,120,118.5,119.5,4,1800,215550
12 OCT 2007,120,120,120,120,1,100,12000
11 OCT 2007,120,120,120,120,1,100,12000
10 OCT 2007,119,119,117,117.25,7,1200,141700
9 OCT 2007,120,120,120,120,3,600,72000
8 OCT 2007,120.75,120.75,120.25,120.5,4,1000,120475
4 OCT 2007,121.25,121.25,120.25,120.5,5,1100,132650
3 OCT 2007,122,122,122,122,3,700,85400
2 OCT 2007,124,124,123,123,8,3300,406900
28 SEP 2007,122,122,122,122,1,100,12200
27 SEP 2007,124,124.25,123,123.5,5,1000,123625
25 SEP 2007,121,121,121,121,1,100,12100
24 SEP 2007,121,121,120.5,121,4,700,84650
21 SEP 2007,122,122,120.5,121,2,500,60550
20 SEP 2007,124,124,124,124,1,500,62000
19 SEP 2007,122.25,122.25,120.25,121.25,4,500,60875
14 SEP 2007,126,126,123.75,124,10,1900,235875
13 SEP 2007,127,127,126.5,126.75,8,3300,418500
12 SEP 2007,127,127,127,127,5,2000,254000
11 SEP 2007,128,128,127.75,127.75,2,1000,127875
7 SEP 2007,127.5,127.5,126.5,126.5,7,1900,241150
6 SEP 2007,128,128,125.5,127.5,4,1400,178850
5 SEP 2007,128.5,128.5,128,128.25,4,1600,205000
4 SEP 2007,130,130,130,130,7,3000,390000
3 SEP 2007,132.5,132.5,130.5,132.25,11,2300,304125
31 AUG 2007,133,133,132.5,133,8,1300,172800
30 AUG 2007,135,135,135,135,1,100,13500
27 AUG 2007,134.75,139.5,132,135.25,11,3200,432100
24 AUG 2007,130,134.5,130,132,7,1400,184900
22 AUG 2007,130,130,130,130,6,800,104000
21 AUG 2007,130,130,130,130,3,300,39000
20 AUG 2007,130,130,130,130,2,400,52000
17 AUG 2007,128,128,128,128,1,100,12800
16 AUG 2007,128,128,128,128,1,100,12800
14 AUG 2007,130.25,130.25,130.25,130.25,1,2000,260500
8 AUG 2007,135,135,130,130.25,5,1000,132325
7 AUG 2007,134.25,134.5,134.25,134.5,2,800,107575
3 AUG 2007,134,134.5,134,134.5,10,3600,484000
1 AUG 2007,131.5,134,131.5,134,3,400,53075
31 JUL 2007,134,134,134,134,1,100,13400
30 JUL 2007,134,134,134,134,1,100,13400
27 JUL 2007,135,135,135,135,2,1200,162000
26 JUL 2007,135,135,135,135,2,300,40500
25 JUL 2007,136.25,136.75,135,135,4,800,108975
23 JUL 2007,136.25,136.25,136.25,136.25,1,100,13625
20 JUL 2007,135,136.25,135,136.25,2,200,27125
19 JUL 2007,130,132,130,130.75,12,1700,221975
18 JUL 2007,132,132,132,132,4,600,79200
17 JUL 2007,136,136,136,136,1,100,13600
16 JUL 2007,135,135,135,135,3,400,54000
13 JUL 2007,135,135,135,135,1,100,13500
12 JUL 2007,140,140,140,140,3,3200,448000
10 JUL 2007,145,145,144.75,144.75,5,3500,507450
6 JUL 2007,145.5,145.5,145.5,145.5,7,1000,145500
4 JUL 2007,150,150,150,150,2,4200,630000
3 JUL 2007,146,153.25,146,149.75,2,200,29925
29 JUN 2007,154,154,154,154,2,200,30800
28 JUN 2007,154,154,154,154,2,200,30800
25 JUN 2007,156,158,156,156.75,5,1000,156750
21 JUN 2007,160,160,155.25,155.75,6,10600,1652100
20 JUN 2007,147.5,165,147.5,159,65,23800,3654975
19 JUN 2007,144,145,144,145,22,6800,981200
18 JUN 2007,141.75,144,141.75,142.25,12,5300,753550
15 JUN 2007,141,141,141,141,7,8300,1170300
14 JUN 2007,142,142,142,142,4,3000,426000
13 JUN 2007,140,141,140,141,5,7700,1080700
11 JUN 2007,140,140,140,140,3,5000,700000
8 JUN 2007,144.75,144.75,140,140,8,15100,2117275
7 JUN 2007,140,144,140,140.25,3,2100,294400
5 JUN 2007,136.25,137,135,135.5,7,1200,163000
4 JUN 2007,140,140,136.25,136.25,10,3400,472825
1 JUN 2007,151,151,145.75,146,17,20300,3004975
30 MAY 2007,150.5,153,150.5,152.5,8,1700,258975
29 MAY 2007,160,160,150.25,150.25,4,5000,775775
28 MAY 2007,163,168,163,164.75,3,600,98875
24 MAY 2007,160,174,160,163.25,3,600,97900
21 MAY 2007,150,155,150,154.75,12,6300,955500
18 MAY 2007,143.75,146,143.75,146,4,400,57725
17 MAY 2007,150,150,138,139.5,16,4700,655475
16 MAY 2007,150,150,148,149,3,1800,268400
14 MAY 2007,165.5,165.5,165.5,165.5,2,200,33100
11 MAY 2007,168.5,168.5,165,166,6,900,150675
10 MAY 2007,173.25,173.25,172,173.25,7,2900,502225
9 MAY 2007,175,175,174,175,7,2400,419000
8 MAY 2007,181,181,175,176,15,12200,2173600
7 MAY 2007,181,181,181,181,8,2200,398200
4 MAY 2007,185,185,181,181,3,500,91300
30 APR 2007,180,180,180,180,1,300,54000
27 APR 2007,185,185,185,185,3,400,74000
26 APR 2007,184,189,184,185.75,11,10900,2025500
24 APR 2007,183,185,183,184,8,2200,404800
23 APR 2007,184.75,185,184.75,185,4,1100,203475
20 APR 2007,183.25,183.25,182,182.5,10,3600,657975
19 APR 2007,183.5,185,183.5,183.5,7,1100,202900
17 APR 2007,185,185,184,184.5,2,200,36900
16 APR 2007,182,184,182,184,2,900,164600
11 APR 2007,180,182,180,182,8,1500,272250
10 APR 2007,180,180.25,180,180.25,4,20400,3672100
9 APR 2007,180.25,180.25,180,180,10,2600,468125
5 APR 2007,180,180,177,180,9,1300,232625
4 APR 2007,177,180.25,177,180,46,19100,3436200
3 APR 2007,176,177.75,176,176.25,7,1100,193825
30 MAR 2007,176,177,176,177,10,8100,1432100
29 MAR 2007,178,178,177.75,178,5,2900,516175
28 MAR 2007,180,180,179.75,179.75,3,1900,341750
27 MAR 2007,179.25,180,179,180,10,5000,898625
26 MAR 2007,180,180,180,180,14,11200,2016000
23 MAR 2007,180.5,181,178,180,29,22700,4086250
22 MAR 2007,183.25,184,180,181.5,48,35200,6420375
21 MAR 2007,188.75,188.75,182,183,34,10700,1982425
20 MAR 2007,186,194.5,185,185.75,165,91900,17279625
19 MAR 2007,169,176.25,169,175,29,6700,1167625
16 MAR 2007,169,172.75,168,169.5,37,11600,1974825
15 MAR 2007,162,169.5,162,165.5,10,4100,678950
14 MAR 2007,170,174,165,168.75,42,15500,2614350
13 MAR 2007,165.25,174,165,169.75,11,3300,546625
12 MAR 2007,172,172,167.25,167.25,20,8300,1395650
9 MAR 2007,176,179.5,172,173,34,6600,1155825
8 MAR 2007,175,175,170.25,174.5,56,25800,4434925
7 MAR 2007,180,186.25,177,177.75,10,2300,410600
6 MAR 2007,176,182.75,176,180.5,36,13600,2426875
5 MAR 2007,183,183,181,181.5,13,2400,437400
2 MAR 2007,182.5,183,182.5,182.75,16,3700,675850
1 MAR 2007,184.5,184.5,183,183.25,11,3200,587650
28 FEB 2007,186,186,183.5,184.5,23,7700,1420100
27 FEB 2007,195,195,185,186,10,6900,1282025
26 FEB 2007,190,192,188,189,10,2100,399975
23 FEB 2007,189,190,185,186,13,3200,598300
22 FEB 2007,181,191.75,181,189,28,9600,1814725
21 FEB 2007,186,186,184,184.5,25,17700,3289475
20 FEB 2007,188,188,185,186,6,1000,186975
19 FEB 2007,192,193,187,187.75,39,24900,4705350
15 FEB 2007,191,193,191,191.75,21,9600,1840050
14 FEB 2007,196.5,199,190,190.75,53,50700,9752325
13 FEB 2007,190,198,190,194.75,104,82900,16113400
12 FEB 2007,179,189.25,179,187.75,140,90200,16623000
9 FEB 2007,172,179,172,176.5,88,58000,10163325
8 FEB 2007,165.25,170.75,165,170,49,30200,5104725
7 FEB 2007,169,169,167,167.75,24,30500,5143175
6 FEB 2007,165,172,165,169,73,81900,13828100
2 FEB 2007,163,165,163,164.25,21,15700,2574025
31 JAN 2007,165,165,164,164,9,4300,709300
30 JAN 2007,163,164.75,162,164.75,3,1100,178975
29 JAN 2007,166.25,166.5,165,165,18,7000,1159775
26 JAN 2007,164,166.75,164,165,18,6400,1056925
25 JAN 2007,161,165.75,161,163.25,24,7200,1183675
24 JAN 2007,167,167,167,167,4,400,66800
23 JAN 2007,169,169.75,165,166.25,10,7200,1202775
22 JAN 2007,172,172,167.75,167.75,10,4400,739550
19 JAN 2007,172,172,168,168,11,2800,473375
18 JAN 2007,165,170,165,169.5,50,50000,8435650
17 JAN 2007,168,168,162.25,163.25,11,15000,2470875
16 JAN 2007,162,170,162,167.75,123,87800,14677925
12 JAN 2007,152.5,163,152.5,159,132,115600,18391000
11 JAN 2007,151.75,152.5,151.75,151.75,10,4700,714225
10 JAN 2007,150,151.75,150,150,10,11300,1695175
9 JAN 2007,148,150,148,150,3,300,44800
8 JAN 2007,152.25,153,150,150,15,8700,1308550
5 JAN 2007,154,154,152.25,152.25,3,300,46025
4 JAN 2007,154,156,154,154,9,3800,589600
2 JAN 2007,156,156,154,154,11,7300,1133675
29 DEC 2006,150,155,150,152.5,22,9600,1460800
28 DEC 2006,150,150,149.5,150,5,1800,269850
27 DEC 2006,149,150,149,149.5,3,1300,194100
26 DEC 2006,150,150.25,150,150,8,3400,510125
22 DEC 2006,150,151,150,150.25,12,7400,1110275
21 DEC 2006,155,155,150,150,13,5100,765525
20 DEC 2006,155,155,150,150,10,2000,301575
19 DEC 2006,154,154,151,151,8,6100,921975
18 DEC 2006,152,152,150,150.75,6,1700,256275
15 DEC 2006,155,155,149.25,151.5,10,7100,1077375
14 DEC 2006,150.75,153.5,150,152.75,20,5600,842100
13 DEC 2006,152.25,152.25,150,150.75,17,6600,994425
12 DEC 2006,160,160,152.25,154.5,38,15400,2399175
11 DEC 2006,163,163,155.5,156.5,66,15300,2414050
8 DEC 2006,151,162,151,161.25,286,131900,20699100
7 DEC 2006,153,154,148,148.75,18,5700,859750
6 DEC 2006,150,153,148.5,151,71,38400,5779000
5 DEC 2006,151.5,153,142,144.75,89,56300,8227475
1 DEC 2006,145,156,145,151.25,499,263200,39620100
30 NOV 2006,135,145,135,141.5,418,247300,34162125
29 NOV 2006,123,131,121,129,206,122400,15616475
28 NOV 2006,117,121.5,117,120.5,50,34300,4096850
27 NOV 2006,119.75,119.75,117,117.5,21,5500,648225
24 NOV 2006,134,134,117,120,152,75400,9202000
23 NOV 2006,109,136,109,132.5,488,316900,38778950
22 NOV 2006,104.5,106,104,105,12,1500,157050
21 NOV 2006,105.5,105.5,105,105.25,4,500,52650
20 NOV 2006,104.25,104.25,104.25,104.25,1,100,10425
17 NOV 2006,107,107,107,107,4,700,74900
16 NOV 2006,108.75,108.75,105,107.5,17,22100,2387350
15 NOV 2006,105,109,105,108,51,27600,2981625
14 NOV 2006,104,104,102.25,103,5,2800,288350
13 NOV 2006,104.5,104.5,104,104.25,6,2600,270950
9 NOV 2006,104.75,106,104.75,106,21,14100,1485300
8 NOV 2006,103.5,104,102,102,7,29300,2989750
7 NOV 2006,104,104,103.5,103.75,6,8900,925100
6 NOV 2006,105,105,105,105,6,12600,1323000
3 NOV 2006,105,105.75,104,105.25,13,6800,715675
2 NOV 2006,105,105.75,103,105,10,6900,724050
1 NOV 2006,103,103.5,103,103.5,3,1100,113800
31 OCT 2006,103,103.25,103,103.25,4,3100,319550
30 OCT 2006,104.75,104.75,104.75,104.75,2,300,31425
27 OCT 2006,105,106.5,105,105.75,23,33900,3563250
26 OCT 2006,105,105,102,102,2,600,62700
25 OCT 2006,106.5,106.75,105,105.25,26,30400,3211575
23 OCT 2006,100,106.5,100,105.25,94,69200,7269475
20 OCT 2006,100,100,100,100,7,1300,130000
19 OCT 2006,98.25,98.25,98.25,98.25,2,200,19650
18 OCT 2006,97,100,97,100,8,5300,526900
17 OCT 2006,97.25,100,97.25,100,7,4100,409725
12 OCT 2006,100,103.75,100,101.75,17,33600,3420900
11 OCT 2006,101,102,100,100,17,8000,801975
10 OCT 2006,100,100,98,98,10,7600,758975
9 OCT 2006,100,100.25,100,100,11,12200,1220075
5 OCT 2006,100.5,100.5,100,100,10,15900,1591450
4 OCT 2006,101,101,100,100,16,14900,1501900
3 OCT 2006,100.75,101,100,100,19,17100,1714400
2 OCT 2006,101.75,102,100.25,100.75,25,17800,1813275
29 SEP 2006,100.75,102.25,100,102.25,5,900,91275
28 SEP 2006,103.5,105,103,103,56,80300,8361775
27 SEP 2006,99.5,103,99.5,102.5,55,36900,3764675
26 SEP 2006,98,100,97,98.5,8,1400,137875
25 SEP 2006,99,102,99,101.25,42,41200,4141300
22 SEP 2006,100,100,99,99.5,6,900,89900
21 SEP 2006,102,102,98.5,98.75,10,4800,484250
20 SEP 2006,97,103,97,101.5,209,240900,24117075
19 SEP 2006,95,95,93.5,95,28,9800,924625
18 SEP 2006,95,95,95,95,6,2700,256500
15 SEP 2006,97.5,100,97.5,98,92,42000,4159175
14 SEP 2006,94.5,99.25,94,96,119,133000,12852250
13 SEP 2006,87,95,87,92.25,137,124800,11396825
12 SEP 2006,82.75,86.5,82.75,85.5,38,23400,1995175
11 SEP 2006,81.5,82.5,81,82.5,17,48000,3935825
8 SEP 2006,81.5,81.75,81.5,81.75,5,600,48950
6 SEP 2006,82,82,80,80.25,12,3200,257650
5 SEP 2006,81,82,81,82,6,12700,1040400
4 SEP 2006,81,81,80,80,14,7100,571100
1 SEP 2006,80,81.5,80,81,29,9000,730425
31 AUG 2006,80,80,79,79.75,5,900,71800
30 AUG 2006,76,82,76,78,61,47200,3744500
29 AUG 2006,71,78,71,75.5,7,6500,479100
24 AUG 2006,70.5,72,70.25,71,7,5500,388375
23 AUG 2006,70,71,70,71,2,300,21100
21 AUG 2006,70,70,70,70,1,100,7000
16 AUG 2006,69,69,69,69,1,500,34500
14 AUG 2006,70,70,68.5,68.5,12,4900,340450
10 AUG 2006,74,75,70.5,70.5,16,24400,1723625
8 AUG 2006,72.5,76,72.5,74.25,12,22200,1610550
7 AUG 2006,71.25,71.25,70.5,70.5,4,20000,1410075
4 AUG 2006,73,73,73,73,2,1000,73000
3 AUG 2006,76.75,76.75,72.5,73,2,1100,80175
2 AUG 2006,72,72.75,68.75,70,4,500,35100
1 AUG 2006,73,73,72.5,72.75,6,4400,320700
27 JUL 2006,73,73,73,73,4,1000,73000
26 JUL 2006,73.25,73.25,73.25,73.25,2,2000,146500
24 JUL 2006,73,73,72.5,72.5,8,2600,188950
19 JUL 2006,72,77.5,72,73.5,11,3000,220250
18 JUL 2006,72.25,72.25,72,72,3,1000,72050
14 JUL 2006,72,72,72,72,1,500,36000
13 JUL 2006,72,72,71.75,72,3,300,21575
12 JUL 2006,72,72,72,72,2,200,14400
6 JUL 2006,73,75,73,75,7,10000,749375
30 JUN 2006,75,75,75,75,1,100,7500
29 JUN 2006,70,70,70,70,2,300,21000
28 JUN 2006,71,71,70,70.5,7,1800,127300
26 JUN 2006,71,72,71,71.5,7,2100,150050
21 JUN 2006,68.5,70,68.5,69,2,300,20700
20 JUN 2006,72.5,72.5,70,70,10,2000,140700
16 JUN 2006,72.5,72.5,72.5,72.5,7,1100,79750
15 JUN 2006,70.25,71,70.25,71,4,1100,77425
14 JUN 2006,73,75,73,73.25,4,2100,153500
13 JUN 2006,75,75,73,73,8,9000,664400
9 JUN 2006,76.25,76.25,76.25,76.25,1,100,7625
8 JUN 2006,79.5,80,79.5,80,10,33100,2647550
7 JUN 2006,80,80,79,79.5,5,1600,127400
6 JUN 2006,79.5,79.5,79.5,79.5,2,1000,79500
5 JUN 2006,78,81,78,80.5,12,2700,217700
2 JUN 2006,74.75,80,74.75,79.5,36,25600,2000100
1 JUN 2006,68,73,68,73,3,300,21375
30 MAY 2006,70.5,72.75,67.25,68.75,36,9600,661750
26 MAY 2006,72.75,72.75,72.5,72.75,2,200,14525
25 MAY 2006,73.5,73.5,73.5,73.5,1,1000,73500
19 MAY 2006,71.75,78,71,75.25,30,12400,914200
18 MAY 2006,71.5,71.5,71.5,71.5,1,200,14300
17 MAY 2006,71,71,71,71,1,100,7100
16 MAY 2006,66,70,65,66.75,4,500,33400
15 MAY 2006,69.75,70,69.75,70,3,400,27950
5 MAY 2006,80,80,80,80,1,100,8000
2 MAY 2006,81.75,81.75,81.75,81.75,1,100,8175
28 APR 2006,77,77,76,77,7,2000,153425
27 APR 2006,79,79.25,79,79,4,1100,87100
26 APR 2006,75,75,68,69.5,5,1500,104700
25 APR 2006,76.5,76.5,71,75.5,3,1200,90700
24 APR 2006,78.5,78.5,78.25,78.25,8,5200,408150
21 APR 2006,79.75,79.75,79.75,79.75,1,200,15950
20 APR 2006,80,80,79,79,3,1500,119200
19 APR 2006,80,80,79,79,21,5800,463100
18 APR 2006,80,82,80,82,11,2400,194400
17 APR 2006,80,80,80,80,1,100,8000
10 APR 2006,80.5,82,80,82,9,2900,234175
6 APR 2006,83.5,83.5,83.25,83.25,2,1200,99950
5 APR 2006,85,85,83.25,83.5,12,4800,406925
31 MAR 2006,80.5,80.5,80,80,16,4700,376325
30 MAR 2006,80.5,81,80.5,80.75,2,600,48500
29 MAR 2006,80,81,80,80,10,2800,224100
28 MAR 2006,80,81,80,80.25,2,600,48100
27 MAR 2006,80,80,80,80,1,400,32000
24 MAR 2006,81,81,81,81,1,1000,81000
23 MAR 2006,81,81.5,80,80,16,16700,1342650
22 MAR 2006,83,83,81,81.25,5,6000,497150
21 MAR 2006,84,84,83,83,10,7600,631700
20 MAR 2006,84,84,84,84,3,700,58800
17 MAR 2006,85,85.75,85,85,6,1500,127875
16 MAR 2006,87,87.75,85.5,85.5,3,700,60450
15 MAR 2006,86.25,86.25,84,84,20,11700,994150
13 MAR 2006,87.25,87.25,87.25,87.25,2,200,17450
10 MAR 2006,90,90,87,87.25,17,8600,757525
9 MAR 2006,87.25,92,87,90,71,53500,4806050
8 MAR 2006,80.5,88.75,80.5,87.25,74,38400,3361325
6 MAR 2006,83.25,85,83.25,85,3,1300,108725
3 MAR 2006,83.25,83.25,83.25,83.25,3,400,33300
2 MAR 2006,86,86,84,84.25,12,7500,639650
1 MAR 2006,85,85.5,85,85.5,3,800,68350
28 FEB 2006,85,85.5,85,85.5,3,300,25550
27 FEB 2006,88,89,87,87.25,29,26400,2334300
24 FEB 2006,89.5,89.5,87,87.5,15,31800,2804600
23 FEB 2006,88,89.25,86,87.5,30,13900,1223325
22 FEB 2006,80.25,86.75,80.25,85,37,65300,5538000
21 FEB 2006,81,81,80,80,18,20400,1643150
20 FEB 2006,81,81,80,80,13,7500,602000
17 FEB 2006,80,82,80,81.75,4,1300,106200
16 FEB 2006,83,84,83,84,32,44800,3758900
15 FEB 2006,78,84,78,83,10,27000,2222000
14 FEB 2006,73,73,73,73,1,100,7300
10 FEB 2006,80,80,80,80,2,200,16000
9 FEB 2006,80,80,80,80,4,1300,104000
8 FEB 2006,81,81,80.5,80.5,4,1200,97100
7 FEB 2006,80.5,80.5,80,80,8,1200,96100
6 FEB 2006,81,81.5,81,81.5,5,1300,105725
2 FEB 2006,82,82,81.5,81.5,5,1700,138600
1 FEB 2006,85,85,82,82.5,13,4700,389225
31 JAN 2006,79,85,79,84.25,38,44600,3579800
30 JAN 2006,76,79,76,77.25,17,4700,361975
27 JAN 2006,77,77,74,74.75,29,18100,1373625
26 JAN 2006,68,77,68,76.75,47,27000,1997000
25 JAN 2006,64,64,64,64,1,100,6400
24 JAN 2006,65,65,60.5,61,7,3600,220050
23 JAN 2006,65,65,64.5,64.75,8,5400,350500
20 JAN 2006,62,64.5,62,64,23,5100,323800
19 JAN 2006,62,62,61.75,61.75,2,400,24725
18 JAN 2006,59,62,59,61,12,4800,290500
17 JAN 2006,59,59,59,59,2,2000,118000
16 JAN 2006,60,60,60,60,3,2600,156000
10 JAN 2006,60,63.5,60,63.5,28,8300,500650
9 JAN 2006,60,60.25,60,60,4,1200,72025
6 JAN 2006,68,68,68,68,3,300,20400
5 JAN 2006,68,68,68,68,2,400,27200
4 JAN 2006,68.25,68.25,68,68,4,600,40850
3 JAN 2006,68.5,70.25,68.5,70.25,16,5400,377800
2 JAN 2006,68,68,68,68,1,500,34000
30 DEC 2005,67.25,72,67,69.75,29,5900,411800
29 DEC 2005,60,67,60,67,24,9200,598075
28 DEC 2005,60,60,50,58,7,1400,73600
27 DEC 2005,68,68,65,66,9,2400,160650
23 DEC 2005,70,70,70,70,1,100,7000
22 DEC 2005,75,75,72,74.5,9,1400,104500
21 DEC 2005,75,77,75,77,4,4900,368975
20 DEC 2005,80,80,73,74.75,20,5600,422900
19 DEC 2005,83,83,80,80.5,6,1300,105500
16 DEC 2005,84,84,83,83,12,2500,208150
14 DEC 2005,85,85,82.5,83,19,3500,291750
13 DEC 2005,88,88,85,85.25,6,1800,156150
12 DEC 2005,85,85.25,85,85,8,1900,161525
9 DEC 2005,89,90,85,89.75,37,12700,1137500
5 DEC 2005,90.5,90.5,90.5,90.5,1,100,9050
1 DEC 2005,90.75,91,90.75,90.75,3,1100,99850
30 NOV 2005,94.25,94.25,90.75,90.75,2,300,27575
29 NOV 2005,95,95,94.25,94.5,13,3100,293575
28 NOV 2005,90,95,90,95,22,10600,1002125
25 NOV 2005,89,90,89,89.75,14,5100,458000
24 NOV 2005,90,90,90,90,7,2100,189000
23 NOV 2005,91.5,92,90,90.75,15,3900,355800
22 NOV 2005,92.25,92.25,75,90.75,26,35500,3212450
21 NOV 2005,92,95,85,87,26,9500,870875
18 NOV 2005,97,97,90,91.5,39,20800,1929625
17 NOV 2005,100.25,100.25,97,100,7,7600,759650
16 NOV 2005,97,103,97,102.25,44,19200,1926850
14 NOV 2005,95.75,97.75,95,96,15,7200,690825
11 NOV 2005,95,95.75,95,95.5,12,2600,247325
10 NOV 2005,96.75,97,94,94,9,2100,199250
9 NOV 2005,99.5,99.5,94.5,95.25,18,4800,458150
8 NOV 2005,101,101.5,95,95.25,13,4400,437100
7 NOV 2005,103,103,102,102.75,16,5800,597200
3 NOV 2005,104,104,103.25,103.25,24,9900,1025525
2 NOV 2005,103,103.5,103,103.5,35,31800,3286450
31 OCT 2005,104,104.5,102.75,102.75,18,11300,1171375
28 OCT 2005,104,104.25,103,104,25,21200,2201375
27 OCT 2005,100,103.75,100,103,67,55200,5643225
26 OCT 2005,97,102,97,99,59,35300,3547700
25 OCT 2005,97,97,95,96.25,22,10000,960425
24 OCT 2005,98,99,97,97,11,3200,313800
21 OCT 2005,96,99.75,95,97,70,47000,4552925
20 OCT 2005,92.5,96,92.5,94.5,49,12800,1205125
19 OCT 2005,93.25,93.25,90,90.75,28,10000,922525
18 OCT 2005,89,93.75,89,93.25,62,83500,7531650
14 OCT 2005,156,156,87.25,88.25,64,27200,2430125
13 OCT 2005,160,175,160,171.5,126,61100,10222250
12 OCT 2005,160,160,159,160,6,1700,271350
11 OCT 2005,159.75,160,157.5,160,20,4900,783150
10 OCT 2005,158,159,158,159,7,1300,206300
7 OCT 2005,158,160,157.25,157.5,3,2200,346875
6 OCT 2005,158,158,158,158,1,100,15800
5 OCT 2005,160,160,158,159.5,9,1400,223450
4 OCT 2005,161,161,158,158.75,11,3600,574200
3 OCT 2005,164,164,161,161.5,12,3800,615100
30 SEP 2005,160,164,160,162.25,30,13900,2241175
29 SEP 2005,160,162,156.5,160.75,45,44600,7150650
28 SEP 2005,153,165,153,159.75,127,39600,6370175
27 SEP 2005,153,153,151,153,25,9100,1387850
26 SEP 2005,152.75,153,152.75,153,5,800,122325
23 SEP 2005,153,153,151,152.75,13,4000,607725
22 SEP 2005,153,154,152,153,16,6800,1043350
21 SEP 2005,153,153,152.5,152.5,6,1800,274750
20 SEP 2005,151,152.75,151,152.25,3,700,106375
19 SEP 2005,153,153,152,153,16,7800,1192700
16 SEP 2005,150,154.75,150,152.25,10,3900,592675
15 SEP 2005,151,151,150,151,16,5100,767600
14 SEP 2005,152,153,150.25,150.5,14,5300,802625
13 SEP 2005,149,155,148,151.75,55,25700,3862325
12 SEP 2005,148.75,149.75,148.75,149.25,6,1400,209325
9 SEP 2005,149,149,148.5,148.75,6,2200,327300
8 SEP 2005,150,150,148,149,18,2800,419125
7 SEP 2005,150,150.5,149.25,149.75,27,9400,1409850
6 SEP 2005,151,151,149,149.25,27,13200,1977075
5 SEP 2005,155,161,150,151.25,182,85800,13265975
2 SEP 2005,130,167,130,162.5,0,0,0
1 SEP 2005,120,120,117,118.75,8,3500,415500
30 AUG 2005,120,120,120,120,2,300,36000
29 AUG 2005,120,120,120,120,3,900,108000
25 AUG 2005,119,119,119,119,1,500,59500
24 AUG 2005,119.5,119.5,119,119,6,1200,142900
16 AUG 2005,113.75,113.75,113.75,113.75,1,100,11375
12 AUG 2005,120,120,120,120,2,300,36000
10 AUG 2005,118,118,118,118,1,1500,177000
26 JUL 2005,117,117,117,117,1,200,23400
22 JUL 2005,116.25,116.25,116.25,116.25,1,500,58125
20 JUL 2005,116.25,116.25,116.25,116.25,1,8000,930000
14 JUL 2005,115,120,115,119.75,4,1100,127425
13 JUL 2005,120,120,120,120,2,2000,240000
29 JUN 2005,121,121,121,121,1,100,12100
23 JUN 2005,121,121,121,121,2,400,48400
22 JUN 2005,125,125,125,125,1,100,12500
17 JUN 2005,127.5,129,127.5,128.25,4,1600,205000
16 JUN 2005,120.25,125,120.25,120.5,4,1300,156800
15 JUN 2005,120,120,120,120,2,1400,168000
14 JUN 2005,120,120,120,120,2,2000,240000
13 JUN 2005,120,120,120,120,2,1200,144000
10 JUN 2005,115,118,115,117.25,7,1600,187000
9 JUN 2005,115,115,115,115,5,40600,4669000
8 JUN 2005,116.25,116.25,116.25,116.25,1,100,11625
6 JUN 2005,123,123,120,120,16,33600,4035900
3 JUN 2005,124.75,124.75,124.75,124.75,1,200,24950
2 JUN 2005,121.25,121.25,121,121,2,500,60525
1 JUN 2005,121,121,121,121,1,100,12100
31 MAY 2005,125,125,125,125,2,200,25000
30 MAY 2005,128.75,128.75,128.5,128.5,5,800,102825
25 MAY 2005,129,130,129,129.25,5,1500,193900
19 MAY 2005,125,128.75,125,128.25,4,1400,177825
18 MAY 2005,125,125,125,125,1,1000,125000
16 MAY 2005,125,129,125,125.75,2,600,75400
13 MAY 2005,120.25,145,120.25,125,36,30300,3943850
12 MAY 2005,120.25,120.25,120,120,2,500,60025
11 MAY 2005,120,120,120,120,3,35700,4284000
9 MAY 2005,120,120,120,120,3,1300,156000
6 MAY 2005,120,120.5,120,120,11,3700,444050
5 MAY 2005,124.75,124.75,124.75,124.75,3,1000,124750
3 MAY 2005,124.75,124.75,124.75,124.75,2,800,99800
29 APR 2005,125,125.25,125,125.25,5,2400,300100
28 APR 2005,125.25,125.25,125.25,125.25,3,2500,313125
26 APR 2005,124,129.75,124,126.75,6,1400,177575
25 APR 2005,125,125,125,125,2,2900,362500
21 APR 2005,128,128,128,128,1,200,25600
18 APR 2005,130,130,130,130,1,200,26000
12 APR 2005,126,135,126,133.25,4,3500,452000
11 APR 2005,125,125,125,125,1,100,12500
6 APR 2005,130,130,125,125,9,15800,2051475
5 APR 2005,130.5,130.5,130.5,130.5,1,500,65250
4 APR 2005,135,135,130,130.5,4,20500,2670250
1 APR 2005,130,134,130,130.25,5,20900,2719800
31 MAR 2005,127,130,127,129,9,4100,528725
29 MAR 2005,121.25,121.25,121,121.25,2,200,24225
24 MAR 2005,120,130,120,128.5,23,12700,1631750
23 MAR 2005,120,120,120,120,2,500,60000
22 MAR 2005,121,121,120,120,8,14000,1681000
21 MAR 2005,127.75,127.75,120.25,124,4,900,111975
18 MAR 2005,129.75,130,128.5,129.75,18,13400,1741200
17 MAR 2005,129,130,129,130,18,12000,1559300
16 MAR 2005,128.25,130,128,129,6,1100,141650
14 MAR 2005,135,135,135,135,2,1000,135000
11 MAR 2005,139.75,140,130,133.75,21,11600,1595775
10 MAR 2005,129.75,137,129.75,135,52,39900,5368525
9 MAR 2005,120,132,120,128.5,46,36800,4627675
7 MAR 2005,115,120,113,119.75,102,127200,15066100
4 MAR 2005,105,115,105,109,30,33200,3577725
3 MAR 2005,95,103,95,102,85,91900,9135600
2 MAR 2005,90,94.75,90,92.5,111,151600,13766325
1 MAR 2005,88.5,88.5,88.5,88.5,1,100,8850
28 FEB 2005,89,89,89,89,2,600,53400
25 FEB 2005,89,89,89,89,2,10600,943400
24 FEB 2005,91,91,90,90,8,2400,216100
22 FEB 2005,90,93.25,90,90.25,9,10600,962775
21 FEB 2005,90,90,90,90,2,200,18000
18 FEB 2005,90,94,87,88.25,5,2100,189750
15 FEB 2005,90,90,90,90,1,500,45000
14 FEB 2005,90,92,90,92,3,400,36575
10 FEB 2005,90,90,90,90,2,400,36000
9 FEB 2005,90.5,91,90,90.25,15,11400,1029800
8 FEB 2005,89.5,92.75,89.5,91.5,68,86200,7857875
7 FEB 2005,90,90,87,89,6,40200,3501700
3 FEB 2005,86.5,87.5,86.5,87,10,20100,1742900
2 FEB 2005,88.5,89,86.25,86.25,6,10000,884250
1 FEB 2005,86.5,91,86.5,88.5,24,13400,1202850
31 JAN 2005,85,86.5,85,85,13,6500,555500
28 JAN 2005,86.5,86.5,85,85,3,1600,138250
27 JAN 2005,85,86.5,85,86,20,21800,1871650
26 JAN 2005,82.25,84,82.25,83.5,4,1400,116625
25 JAN 2005,82,83,82,82,10,56900,4666200
20 JAN 2005,80,82,80,80.5,11,9800,787600
19 JAN 2005,81,81,80.5,81,2,600,48550
18 JAN 2005,80.5,80.5,80.5,80.5,5,1000,80500
17 JAN 2005,82,82,81.25,81.75,4,1800,147225
13 JAN 2005,84,84,81.25,81.25,27,27200,2257775
12 JAN 2005,80,84,80,81.25,14,67000,5419975
11 JAN 2005,78.5,80,77.25,80,12,51200,4088875
10 JAN 2005,80,81,79.75,79.75,26,14800,1191450
7 JAN 2005,80,82,76,80,36,63000,5053200
6 JAN 2005,78.75,80,78,78.75,42,35000,2776750
5 JAN 2005,74,78,74,76.75,81,130900,9918625
4 JAN 2005,73.5,74.5,70,71,20,27100,1928625
3 JAN 2005,67.5,75,67.5,68.75,19,9900,681050
31 DEC 2004,67.75,67.75,67.75,67.75,1,1000,67750
30 DEC 2004,69,69,68,68,13,15000,1026900
20 DEC 2004,66,68,66,67.25,8,4500,299925
17 DEC 2004,66.5,66.5,66.5,66.5,2,900,59850
16 DEC 2004,66,66.25,66,66,5,18800,1241125
14 DEC 2004,64.75,65,64.75,65,2,400,25950
9 DEC 2004,60.5,60.5,60.5,60.5,2,1800,108900
3 DEC 2004,60,60,60,60,1,700,42000
24 NOV 2004,58,58,58,58,3,500,29000
23 NOV 2004,60,60,60,60,7,1900,114000
15 NOV 2004,64,64.5,64,64.5,2,7000,451250
3 NOV 2004,60,60,60,60,1,200,12000
2 NOV 2004,60,60,60,60,1,100,6000
1 NOV 2004,60,60,60,60,1,200,12000
29 OCT 2004,65,65,65,65,2,500,32500
25 OCT 2004,65,65,65,65,2,10400,676000
21 OCT 2004,66.25,66.25,66,66,2,1100,72650
19 OCT 2004,60,60,60,60,1,900,54000
18 OCT 2004,66.25,66.25,66.25,66.25,1,100,6625
15 OCT 2004,65,65,65,65,1,10000,650000
12 OCT 2004,65,65,65,65,1,700,45500
6 OCT 2004,67.25,67.25,67.25,67.25,2,2000,134500
4 OCT 2004,67.5,67.75,67.5,67.75,5,5400,365800
30 SEP 2004,65,65,65,65,19,3800,247000
29 SEP 2004,64.75,64.75,64.75,64.75,1,100,6475
27 SEP 2004,62.5,62.5,62.25,62.5,3,1200,74950
24 SEP 2004,64.5,64.5,64.5,64.5,1,300,19350
23 SEP 2004,60.5,64.5,60.5,64.5,2,400,24600
22 SEP 2004,62,62,62,62,1,200,12400
20 SEP 2004,65,65,65,65,5,2600,169000
17 SEP 2004,65,65,65,65,1,100,6500
15 SEP 2004,64,64,64,64,1,1500,96000
14 SEP 2004,63,63,63,63,1,900,56700
9 SEP 2004,65,65,65,65,2,1200,78000
8 SEP 2004,66,67,66,66.75,6,3000,200000
7 SEP 2004,65,65.75,65,65,3,1900,123575
3 SEP 2004,64,66,64,65.5,17,10600,695100
1 SEP 2004,60,65,60,60.25,11,24400,1469000
30 AUG 2004,56,56,56,56,2,1200,67200
23 AUG 2004,69.5,69.5,69.5,69.5,2,1000,69500
20 AUG 2004,65,67.75,65,65.25,8,2900,188775
19 AUG 2004,65,65,65,65,2,600,39000
18 AUG 2004,65,68,65,65,8,9400,623600
17 AUG 2004,64,70,64,65,16,8000,532300
13 AUG 2004,64,66,64,65,27,165800,10775550
12 AUG 2004,56,56,56,56,2,200,11200
11 AUG 2004,55,55,55,55,1,1000,55000
9 AUG 2004,55.75,56,55.75,56,5,1600,89500
4 AUG 2004,55,55,55,55,1,200,11000
3 AUG 2004,55,56,55,55.25,2,300,16600
2 AUG 2004,55,55,55,55,7,2000,110000
29 JUL 2004,54,54,54,54,1,900,48600
28 JUL 2004,55,55,55,55,5,500,27500
23 JUL 2004,56.25,56.25,56.25,56.25,2,1000,56250
19 JUL 2004,56,56,56,56,3,700,39200
16 JUL 2004,58,58,58,58,1,500,29000
14 JUL 2004,59.25,60,59.25,59.5,5,2700,160775
13 JUL 2004,58,59.5,58,58.25,5,1200,69750
12 JUL 2004,59.75,59.75,59.75,59.75,1,100,5975
9 JUL 2004,55,55,55,55,4,6200,341000
7 JUL 2004,57,61,53,56,16,9900,562050
6 JUL 2004,53,66,53,57,55,35500,2153025
5 JUL 2004,49,55,49,54.25,18,18000,951700
28 JUN 2004,49.25,49.25,49.25,49.25,3,4500,221625
25 JUN 2004,49.5,49.5,49.5,49.5,1,100,4950
24 JUN 2004,49.5,49.5,49.5,49.5,1,100,4950
22 JUN 2004,46.75,48,46.75,48,6,2600,123975
18 JUN 2004,43.25,43.25,43.25,43.25,1,1700,73525
17 JUN 2004,45,45,45,45,1,200,9000
16 JUN 2004,45,45,45,45,2,1000,45000
14 JUN 2004,46.5,46.5,46.5,46.5,1,100,4650
11 JUN 2004,45,47.5,45,47.5,4,4200,193350
10 JUN 2004,49,52.5,48,49,16,14300,710775
4 JUN 2004,39,39,39,39,1,500,19500
1 JUN 2004,40,40,40,40,1,200,8000
27 MAY 2004,40,40,40,40,1,1000,40000
26 MAY 2004,40,40,40,40,1,100,4000
24 MAY 2004,43.5,43.5,40,40.75,2,1100,44700
21 MAY 2004,43,43,43,43,1,200,8600
20 MAY 2004,44,44,44,44,1,500,22000
18 MAY 2004,38,38,38,38,2,1900,72200
17 MAY 2004,40,40,38.5,38.75,2,1100,42650
14 MAY 2004,38,38,38,38,1,200,7600
8 APR 2004,38,38,38,38,3,1000,38000
2 APR 2004,38,38.5,38,38.5,2,500,19150
1 APR 2004,36,36,36,36,2,800,28800
31 MAR 2004,36,36,36,36,2,400,14400
30 MAR 2004,45,45,45,45,2,2000,90000
26 MAR 2004,35,35,35,35,2,2000,70000
23 MAR 2004,35.75,35.75,35,35,6,1800,63750
22 MAR 2004,36,36,36,36,1,700,25200
19 MAR 2004,36,36,36,36,1,300,10800
17 MAR 2004,36,36,36,36,2,2000,72000
9 MAR 2004,36,36,36,36,3,1200,43200
8 MAR 2004,36,36,36,36,1,500,18000
9 FEB 2004,35,35,35,35,2,600,21000
3 FEB 2004,42,42,42,42,5,4700,197400
30 JAN 2004,35,35,35,35,1,4000,140000
28 JAN 2004,42.75,42.75,42.75,42.75,1,100,4275
27 JAN 2004,40.25,40.25,40,40,3,600,24025
23 JAN 2004,40,40,40,40,1,500,20000
12 JAN 2004,43.5,43.5,43,43,4,4100,178300
9 JAN 2004,35,43.75,34.75,39.25,9,12600,494500
8 JAN 2004,32.25,32.25,32.25,32.25,2,5000,161250
6 JAN 2004,32.25,32.25,32.25,32.25,1,400,12900
16 DEC 2003,31,31,31,31,3,1000,31000
12 DEC 2003,30.25,30.25,30.25,30.25,1,200,6050
28 NOV 2003,40,40,40,40,1,400,16000
10 NOV 2003,40,40.25,40,40.25,3,1500,60125
5 NOV 2003,40,40,40,40,1,500,20000
4 NOV 2003,45,45.5,44,44.25,8,2400,107650
3 NOV 2003,47,47,47,47,2,400,18800
30 OCT 2003,45,45,45,45,1,100,4500
29 OCT 2003,45,45,45,45,2,1000,45000
28 OCT 2003,45,45,45,45,2,600,27000
27 OCT 2003,47,47,47,47,2,600,28200
23 OCT 2003,47.25,47.25,47,47.25,2,400,18850
20 OCT 2003,48,48,48,48,2,1000,48000
16 OCT 2003,48,53,48,53,2,1000,50500
14 OCT 2003,53.5,53.5,53.25,53.5,3,2000,106900
13 OCT 2003,53.75,53.75,53.75,53.75,1,100,5375
6 OCT 2003,50,50,50,50,1,100,5000
2 OCT 2003,51,51,50,50.75,4,1500,76300
30 SEP 2003,51,51,50,50.75,2,1500,76000
25 SEP 2003,51,51,51,51,2,2200,112200
24 SEP 2003,53,53,50,50,4,1700,85600
23 SEP 2003,53,53,53,53,2,1400,74200
17 SEP 2003,50,50,50,50,1,4000,200000
15 SEP 2003,50,50,50,50,4,1200,60000
8 SEP 2003,52,52,52,52,1,100,5200
2 SEP 2003,53.75,53.75,53.75,53.75,1,4000,215000
1 SEP 2003,52,52,52,52,2,4900,254800
29 AUG 2003,51,51,51,51,2,500,25500
26 AUG 2003,51,51,51,51,4,900,45900
25 AUG 2003,51,51,51,51,2,600,30600
21 AUG 2003,51.5,51.5,51,51,2,2200,112450
20 AUG 2003,51,51,51,51,2,1000,51000
18 AUG 2003,55,55,55,55,1,500,27500
17 JUL 2003,48,48,48,48,2,400,19200
16 JUL 2003,48,48,48,48,1,200,9600
15 JUL 2003,47.5,47.5,47.5,47.5,1,1000,47500
11 JUL 2003,46,46,46,46,1,1900,87400
9 JUL 2003,45,45,45,45,2,400,18000
8 JUL 2003,46,46,45,45.25,2,3500,158500
4 JUL 2003,45,45,45,45,1,500,22500
1 JUL 2003,50,50,50,50,1,1000,50000
30 JUN 2003,50,50,50,50,1,1000,50000
27 JUN 2003,50.25,50.25,50,50,6,4700,235500
26 JUN 2003,50,52,50,50.5,5,1800,90700
25 JUN 2003,51,51,51,51,2,900,45900
24 JUN 2003,49,50,49,50,3,2100,103000
23 JUN 2003,50,50,48,48.75,5,2600,127400
20 JUN 2003,50,50,50,50,1,100,5000
17 JUN 2003,49.5,50,49.5,50,9,5500,274725
13 JUN 2003,49.75,49.75,49.75,49.75,1,900,44775
12 JUN 2003,47,47,47,47,1,1000,47000
11 JUN 2003,46,46,45.75,45.75,2,1000,45775
10 JUN 2003,47,47,46,46.5,3,900,41900
4 JUN 2003,44,45,44,44.25,2,600,26500
3 JUN 2003,42,42,41,41,3,1200,49300
23 MAY 2003,45,45,45,45,3,1100,49500
22 MAY 2003,45.25,45.25,45.25,45.25,1,500,22625
21 MAY 2003,45.25,45.25,45.25,45.25,2,300,13575
20 MAY 2003,45.5,45.5,45.5,45.5,1,200,9100
19 MAY 2003,45,45,45,45,2,500,22500
12 MAY 2003,45,45,45,45,2,200,9000
9 MAY 2003,45.25,45.25,45.25,45.25,3,2100,95025
8 MAY 2003,45.25,45.25,45.25,45.25,2,500,22625
6 MAY 2003,45,45,45,45,7,13400,603000
24 APR 2003,45,45,45,45,3,2000,90000
23 APR 2003,41,41,41,41,1,1500,61500
17 APR 2003,45,45,45,45,1,100,4500
27 MAR 2003,38.5,38.5,38.5,38.5,1,100,3850
17 MAR 2003,38,38.5,38,38.25,3,1800,68800
14 MAR 2003,34.75,37.75,34.75,35,2,2200,77050
12 MAR 2003,34.25,34.25,34.25,34.25,2,1000,34250
5 MAR 2003,37,37,36,36.5,2,200,7300
27 FEB 2003,40,40,40,40,1,100,4000
26 FEB 2003,40,40,35,39.75,2,3900,155000
3 FEB 2003,42,42,42,42,1,100,4200
28 JAN 2003,42,42,42,42,2,1100,46200
23 JAN 2003,43.25,43.25,43.25,43.25,1,200,8650
22 JAN 2003,43.25,43.25,43.25,43.25,1,300,12975
16 JAN 2003,46,46,46,46,3,900,41400
14 JAN 2003,46,46,46,46,1,100,4600
13 JAN 2003,46,46,46,46,6,2900,133400
9 JAN 2003,42,42,42,42,1,2900,121800
27 DEC 2002,40.25,40.25,40.25,40.25,1,200,8050
5 DEC 2002,40,40,40,40,2,200,8000
4 DEC 2002,42,42,42,42,2,600,25200
3 DEC 2002,42,42,42,42,1,1000,42000
11 NOV 2002,50,50,50,50,2,900,45000
7 NOV 2002,52,52,52,52,1,200,10400
22 OCT 2002,50,50,50,50,1,300,15000
21 OCT 2002,45,45,45,45,5,700,31500
17 OCT 2002,52,52,50,50,3,1300,66600
14 OCT 2002,53,53,53,53,1,400,21200
11 OCT 2002,53,53,53,53,1,100,5300
10 OCT 2002,53,53,53,53,1,500,26500
3 OCT 2002,50,50,50,50,1,300,15000
2 OCT 2002,54,54,54,54,1,100,5400
30 SEP 2002,54,54,54,54,1,100,5400
25 SEP 2002,55,55,55,55,1,100,5500
24 SEP 2002,54,54,54,54,1,300,16200
23 SEP 2002,53,53,53,53,1,100,5300
18 SEP 2002,55,55,55,55,2,300,16500
17 SEP 2002,55,55,55,55,1,500,27500
16 SEP 2002,55,55,55,55,2,1000,55000
13 SEP 2002,55,60,55,59.5,7,1700,95400
12 SEP 2002,48.25,50,48.25,50,2,700,34650
9 SEP 2002,47.25,47.25,47.25,47.25,1,2000,94500
6 SEP 2002,50,50,47,47,3,1000,48800
5 SEP 2002,48.5,49,48.5,49,2,400,19500
3 SEP 2002,45.25,45.25,45.25,45.25,2,600,27150
14 AUG 2002,44.25,44.25,44.25,44.25,1,100,4425
7 AUG 2002,39,39,39,39,1,200,7800
6 AUG 2002,42.5,42.5,42.5,42.5,1,900,38250
5 AUG 2002,45,45,45,45,1,100,4500
2 AUG 2002,45,45,45,45,1,500,22500
25 JUL 2002,45,45,45,45,1,600,27000
19 JUL 2002,45,45,45,45,1,500,22500
18 JUL 2002,45,45,45,45,1,1000,45000
17 JUL 2002,45,45,45,45,1,1000,45000
28 JUN 2002,45,45,45,45,1,300,13500
27 JUN 2002,46,46,46,46,1,500,23000
26 JUN 2002,45,45,45,45,3,600,27000
21 JUN 2002,45,45,45,45,1,500,22500
19 JUN 2002,45,45,45,45,4,500,22500
12 JUN 2002,46,46,46,46,1,100,4600
11 JUN 2002,46,46,46,46,2,200,9200
6 JUN 2002,47.5,47.5,47.5,47.5,2,600,28500
31 MAY 2002,40,40,40,40,1,500,20000
22 MAY 2002,40,40,40,40,1,800,32000
13 MAY 2002,36,36,36,36,3,1000,36000
9 MAY 2002,36,36,36,36,1,200,7200
27 MAR 2002,40,40,40,40,2,300,12000
6 MAR 2002,42,42,42,42,1,100,4200
22 FEB 2002,42,42,42,42,1,200,8400
13 FEB 2002,40,40,40,40,1,200,8000
8 FEB 2002,38,38,38,38,1,100,3800
6 FEB 2002,37,37,37,37,1,400,14800
30 JAN 2002,33.25,33.25,33.25,33.25,1,200,6650
11 JAN 2002,33,33,33,33,1,700,23100
8 JAN 2002,36,36,31,35,8,3500,121975
3 JAN 2002,40,41,40,41,2,200,8100
14 DEC 2001,45,45,45,45,1,600,27000
12 DEC 2001,45,45,45,45,1,1000,45000
11 DEC 2001,44,44,44,44,5,1700,74800
10 DEC 2001,45,45,44,44,2,1700,75500
3 DEC 2001,38,40,38,40,3,6500,258000
29 NOV 2001,36.25,36.5,36.25,36.5,2,400,14525
27 NOV 2001,35.5,35.5,35.5,35.5,1,300,10650
26 NOV 2001,36,36,36,36,3,800,28800
23 NOV 2001,36,36,36,36,1,200,7200
19 NOV 2001,35.5,35.5,35.5,35.5,1,900,31950
16 NOV 2001,35,35,35,35,3,10000,350000
14 NOV 2001,34.5,34.5,34.5,34.5,1,100,3450
13 NOV 2001,34.5,34.5,34.5,34.5,1,500,17250
29 OCT 2001,30,35.5,30,35.5,5,6000,184150
8 OCT 2001,29,29,29,29,1,200,5800
26 SEP 2001,27,27,27,27,1,300,8100
19 SEP 2001,27,27,27,27,1,100,2700
18 SEP 2001,28,29,27.25,29,3,5300,144675
14 SEP 2001,28,28,28,28,1,200,5600
13 SEP 2001,27,27,27,27,2,5400,145800
7 SEP 2001,28,28,28,28,1,100,2800
31 AUG 2001,28,28,28,28,1,400,11200
29 AUG 2001,25,25,25,25,1,500,12500
25 JUN 2001,30,30,29,29,3,300,8800
18 JUN 2001,28,28,28,28,1,200,5600
29 MAY 2001,22.5,26.25,22.5,26.25,2,3500,91125
21 MAY 2001,22.5,22.5,22.5,22.5,1,200,4500
14 MAY 2001,22.25,22.25,22.25,22.25,1,200,4450
9 MAY 2001,22.25,22.25,22.25,22.25,1,200,4450
30 APR 2001,22,22,22,22,1,200,4400
25 APR 2001,22,22,22,22,1,1700,37400
24 APR 2001,22,22,22,22,2,400,8800
23 APR 2001,21,22.25,21,22.25,3,400,8750
16 APR 2001,22.25,22.25,22.25,22.25,1,200,4450
9 APR 2001,22.25,22.25,22.25,22.25,1,200,4450
4 APR 2001,25,25,22,22,3,500,11300
2 APR 2001,24,24,24,24,1,200,4800
29 MAR 2001,24,24,24,24,1,200,4800
19 MAR 2001,24,24,24,24,1,200,4800
16 MAR 2001,24,24,24,24,1,500,12000
14 MAR 2001,24,24,24,24,3,700,16800
5 MAR 2001,25,25,25,25,1,200,5000
27 FEB 2001,25,25,25,25,1,200,5000
20 FEB 2001,25,25,25,25,1,200,5000
6 FEB 2001,24,25,24,25,2,300,7300
2 FEB 2001,24,24,24,24,1,100,2400
29 JAN 2001,25,25,25,25,1,100,2500
22 JAN 2001,25,25,25,25,1,200,5000
17 JAN 2001,28,28,28,28,1,200,5600
3 NOV 2000,33,33,33,33,2,400,13200
20 OCT 2000,33,33,33,33,1,100,3300
27 SEP 2000,31,31,31,31,2,800,24800
14 SEP 2000,31,31,31,31,2,3000,93000
7 SEP 2000,31,31,31,31,1,200,6200
6 SEP 2000,28,28,28,28,1,100,2800
31 AUG 2000,28,28,28,28,1,500,14000
9 AUG 2000,28,28,28,28,2,400,11200
4 AUG 2000,30,30,30,30,1,100,3000
31 JUL 2000,30,30,30,30,1,100,3000
25 JUL 2000,30.25,30.25,30.25,30.25,2,600,18150
14 JUL 2000,34.5,34.5,34.5,34.5,1,700,24150
7 JUL 2000,35,35,35,35,1,200,7000
5 JUL 2000,35,35,35,35,1,100,3500
30 MAY 2000,35,35,35,35,1,100,3500
6 APR 2000,35,35,35,35,1,200,7000
6 MAR 2000,42,42,42,42,1,1000,42000
18 FEB 2000,35.25,35.25,35,35,2,400,14025
17 FEB 2000,37,37,35,35,3,300,10800
31 JAN 2000,40,40,40,40,1,100,4000
26 JAN 2000,40,40,40,40,1,100,4000