Date,Open,High (Rs.),Low (Rs.),Close (Rs.),Trade Volume,Share Volume,Turnover (Rs.)
8 MAY 2026,236,244,235,242.25,309,106975,25642274
7 MAY 2026,233.5,235.75,233.5,235,221,111610,26220699
6 MAY 2026,231,234,231,233.5,208,79816,18562648.25
5 MAY 2026,230,232.25,229.5,230.5,166,41760,9626048.75
4 MAY 2026,231.5,233,229.75,233,254,90468,20980099.75
30 APR 2026,232,232.5,230.5,231.5,162,61741,14299310
29 APR 2026,231.5,232,229.5,231.75,176,63315,14631925
28 APR 2026,233,233,230.25,230.75,90,55232,12752737.5
27 APR 2026,230,232,229.25,230.75,140,147509,34011501.5
24 APR 2026,230,231,229.5,230.5,125,47933,11032863.25
23 APR 2026,231,231,228.5,230,120,25455,5845391.25
22 APR 2026,233,233,229,231,184,44896,10339072.75
21 APR 2026,233.5,234.25,231,233,120,49542,11518518.75
20 APR 2026,234.5,235.25,230,233.5,183,68650,16067756.75
17 APR 2026,231,236,231,235,337,500693,117613867.5
16 APR 2026,223.5,231,223.5,230,293,385069,87085635.25
15 APR 2026,221,224,219.5,223.25,216,189075,42036212.5
10 APR 2026,223,223,220.5,221.5,195,188338,41669423
9 APR 2026,224,224,220.5,221.25,127,70116,15515565
8 APR 2026,220.5,229.75,220.5,223.75,219,143276,32172860.5
7 APR 2026,218,219,216,216.75,108,35050,7592017.25
6 APR 2026,217,218.75,214.25,215.5,262,326746,70269951.75
2 APR 2026,216,220,214,215,343,202753,43894393
31 MAR 2026,219.75,219.75,213,215,145,540988,116477533.75
30 MAR 2026,220,220,210,217,326,268540,57853922.25
27 MAR 2026,225,226.5,222.5,223,125,36996,8302540
26 MAR 2026,228,228,218.25,224.25,220,326491,73537205.5
25 MAR 2026,219,227,218.5,225,360,516383,115910197
24 MAR 2026,208,220,208,215.75,313,462677,98571553.25
23 MAR 2026,205,207,199,205.25,299,691518,141494480.25
20 MAR 2026,198.5,208,198.5,207.5,282,558616,113617744
19 MAR 2026,203.5,203.5,197.5,198.25,624,348519,69342121.5
18 MAR 2026,203,210,201,203,437,456031,92610689
17 MAR 2026,213,213,204,205,636,224947,47382023
16 MAR 2026,217,217,209,213.5,622,196712,41833022.25
13 MAR 2026,224.25,224.25,218.75,219.5,550,296129,65130265
12 MAR 2026,230,230,221.5,225,284,59682,13527400.25
11 MAR 2026,230,233.5,229.75,230,163,116174,26746064.5
10 MAR 2026,225,230,225,229.25,209,108860,24818492.5
9 MAR 2026,232,232,223.5,224.75,696,627991,141733291.25
6 MAR 2026,235,235,233,233.25,185,59803,13948784.5
5 MAR 2026,233.75,236,233,236,253,74499,17440500.5
4 MAR 2026,230,240,228,233.75,459,173940,40454069.75
3 MAR 2026,234.5,240,230,230.25,872,798727,186786274.75
27 FEB 2026,245,246,243,244.75,149,44616,10919223.75
26 FEB 2026,240,246.5,238.5,244.75,256,208234,50687878
25 FEB 2026,239,240,238.5,239,158,238904,56696868.75
24 FEB 2026,240,240,239,239,145,71048,16996727.75
23 FEB 2026,242,242,239,239.5,141,31371,7515071
20 FEB 2026,240,241.75,238.5,239.25,188,125266,29949430
19 FEB 2026,239.5,241,238.75,240.25,224,742959,178309210.25
18 FEB 2026,239,239.5,238.5,239,148,68040,16259365.75
17 FEB 2026,239.75,240,239,239,137,59172,14144747.25
16 FEB 2026,239,239.75,238.25,239,197,62572,14957472.25
13 FEB 2026,239.5,239.5,238.5,238.75,187,640632,153044412.5
12 FEB 2026,239,239.75,238.25,239.25,122,21327,5100456.25
11 FEB 2026,239.25,239.5,238,239,147,95372,22792800
10 FEB 2026,239,239.5,239,239,190,149009,35616790.25
9 FEB 2026,239,239.75,239,239,190,69446,16606496.25
6 FEB 2026,240,240,239,239.5,205,249631,59714258.25
5 FEB 2026,240.5,240.5,238.75,239.25,234,191105,45810179.5
3 FEB 2026,240,242,238.5,240.25,333,1688115,403869929.5
2 FEB 2026,240,240.5,238,239.75,229,36537,8751891
30 JAN 2026,244,244,238,240.75,419,336973,81011231.75
29 JAN 2026,244.75,245,243.25,244.25,524,452637,110510129
28 JAN 2026,244.75,247,241,243,504,698397,170973069.25
27 JAN 2026,236,245,236,240.5,548,377023,90557887.25
26 JAN 2026,234.75,238,232,237,453,257512,60686808.75
23 JAN 2026,235,235,231.25,232.5,655,204667,47898921.25
22 JAN 2026,242,244.75,229.5,232.75,2376,1261707,294824254.25
21 JAN 2026,219,260,219,248.5,2295,2846008,680100876.25
20 JAN 2026,213,219,212.75,218,413,607088,130513234.5
19 JAN 2026,211,213,211,212,343,768701,162992503.5
16 JAN 2026,210.25,212.5,210.25,211,296,220223,46562104
14 JAN 2026,207,212.75,207,210.25,290,724434,150726127.25
13 JAN 2026,207,209,205,207,203,141163,29022550.75
12 JAN 2026,209.5,209.75,206,206.5,264,125085,25871702.5
9 JAN 2026,206,209,206,207.75,223,346253,71506154.25
8 JAN 2026,206,206.75,204,206,260,189036,38785873.5
6 JAN 2026,202,206.5,200.25,205.75,425,495523,101688181.25
5 JAN 2026,198,202,197.75,199.75,295,162784,32399702.75
2 JAN 2026,196,198,196,197.25,190,144062,28332973.25
31 DEC 2025,194.25,196,194.25,195.75,159,123632,24090448.25
30 DEC 2025,194,194,193,194,154,522173,101033157.5
29 DEC 2025,193,194,193,193.5,98,30751,5946654
26 DEC 2025,193,193.25,192.25,193,137,139523,26925521.5
24 DEC 2025,193,193,192.5,192.5,138,217447,41866203.25
23 DEC 2025,192,193,192,192.5,135,374484,71955287
22 DEC 2025,193,193.5,192,192.5,168,270949,52258228
19 DEC 2025,193.75,193.75,192.75,193,118,381482,73626746.25
18 DEC 2025,193.25,194.75,193,194,126,372879,72319707.25
17 DEC 2025,194.5,194.5,193,194,100,269963,52355272.5
16 DEC 2025,193,194.5,193,194,105,75729,14651526.25
15 DEC 2025,195,195,192,193,225,297873,57484087.5
12 DEC 2025,192,194,190,193.75,155,180275,34791568.25
11 DEC 2025,189,192,189,190.75,188,224284,42632085
10 DEC 2025,190,190,187,188.25,202,98564,18553456.75
9 DEC 2025,184,185,182.5,183.25,266,78842,14444102
8 DEC 2025,182,185,180.5,183,265,373116,68501030
5 DEC 2025,184.5,187.5,181,181.75,294,168986,31103604.5
3 DEC 2025,190,193,184,184.5,362,300458,56118425.25
2 DEC 2025,185,194,185,189,193,203959,38770583.75
1 DEC 2025,188,190,178,187.5,552,567904,106536795
28 NOV 2025,193,195,191.5,192.5,110,36542,7034629.25
27 NOV 2025,196.25,196.25,192,192.5,150,43656,8461650.75
26 NOV 2025,195,196,194,194,138,176291,34361021.25
25 NOV 2025,193.25,195.5,193.25,194.75,141,462614,90235528.25
24 NOV 2025,195.5,196,193.25,193.5,201,412201,80282081
21 NOV 2025,194,196.5,190,195.5,196,431071,84296282.75
20 NOV 2025,195.25,195.5,194,195,129,124038,24171357.75
19 NOV 2025,195.25,195.25,192.75,195,219,690847,134111888
18 NOV 2025,196,196,193.25,195,273,1911591,372888283
17 NOV 2025,193,195.5,193,195,183,169521,33018488.75
14 NOV 2025,197.75,197.75,193,194.75,330,86120,16783577.25
13 NOV 2025,198.25,199,197.75,197.75,131,75545,15008333.5
12 NOV 2025,198,199,197.25,198.5,188,314775,62455108.75
11 NOV 2025,197,198,197,198,226,427688,84636043.25
10 NOV 2025,197,197.5,196,197,210,159218,31359388.5
7 NOV 2025,196,196.75,195.75,196.5,176,72066,14147846
6 NOV 2025,195.25,197,195,196,191,75647,14861781
4 NOV 2025,197,197.5,195,195.25,186,118644,23258947.5
3 NOV 2025,194.5,197,194.5,196.75,209,183978,36086264.25
31 OCT 2025,195,195.75,193.75,194.25,272,1369508,266462730.25
30 OCT 2025,195.5,195.5,194,195,165,1100317,214045122.75
29 OCT 2025,196,196,193,194.75,218,67803,13204836
28 OCT 2025,196.75,197,194,195.25,349,619444,120847972.25
27 OCT 2025,197,198,195.25,195.5,362,142970,28086188.25
24 OCT 2025,198,198,195.25,196.25,457,242797,47731538.5
23 OCT 2025,195,200,195,197.25,1298,897490,177493227.25
22 OCT 2025,191,192,190.25,191,183,304989,58148351.75
21 OCT 2025,192,192.5,190.25,191,230,122115,23401518
17 OCT 2025,190.25,191.25,186,191,185,352315,66971718
16 OCT 2025,190,191.25,189.5,190,110,89883,17093738.5
15 OCT 2025,190,192,190,190,138,257127,48880850.75
14 OCT 2025,190.75,191.75,190,190.25,157,456687,86791853.75
13 OCT 2025,192.25,193,190.5,191.25,127,194936,37133842.5
10 OCT 2025,190.75,194,190,192.25,257,141456,27081328
9 OCT 2025,192.25,192.25,189.75,190.5,157,372466,71004256.5
8 OCT 2025,191.75,192,190,190,227,584513,111125611.5
7 OCT 2025,191.25,193.5,190,191.5,357,319232,61147204.25
3 OCT 2025,188.5,192,186,191.5,357,754767,142631985.75
2 OCT 2025,187.5,188.5,185.5,187.75,181,587637,109540930.5
1 OCT 2025,185.25,188,185,186.25,191,258487,48174906.5
30 SEP 2025,188,188,184,186,233,499885,93148099.25
29 SEP 2025,187.75,188.5,186,187.5,153,211479,39644117
26 SEP 2025,186.5,188,186,187.75,192,504634,94669194.5
25 SEP 2025,188.5,189,186,186.5,227,362516,67943257.5
24 SEP 2025,186,189.75,184,188,349,1310666,243399560.25
23 SEP 2025,177.25,186,177.25,184.75,398,309013,56354178.5
22 SEP 2025,180,180,176.5,177,261,597092,106323008
19 SEP 2025,176,178.5,176,178.5,175,362350,64417573.25
18 SEP 2025,174,176,174,175.5,296,721273,126478728.5
17 SEP 2025,174,175,171.75,172.5,401,330754,57409882
16 SEP 2025,172.75,174.5,172.25,174.25,235,714391,123775854.75
15 SEP 2025,174,175,172.25,172.75,211,86050,14890961.75
12 SEP 2025,173.75,175,172.5,174,182,64916,11290898.5
11 SEP 2025,177.25,179,174,174.25,155,80228,14051437.5
10 SEP 2025,174.5,179.75,174,175.25,188,134467,23588887
9 SEP 2025,178,180,174,174.5,256,215339,37859431.5
8 SEP 2025,175,179,173.5,177.25,249,141653,24977060.25
4 SEP 2025,173,175,172,174.5,214,73387,12697170.25
3 SEP 2025,174,176,172.5,173.5,186,76120,13186857.75
2 SEP 2025,176,176.5,173,174,257,453065,79395291.75
1 SEP 2025,176,176.5,174.5,175,276,573498,100484705.5
29 AUG 2025,176,176.5,175,175,277,324580,56986237
28 AUG 2025,176.25,176.5,175,175.25,250,266865,46877003.75
27 AUG 2025,175.25,177,174,176.25,283,199270,34956976.75
26 AUG 2025,174,178,174,175.5,138,43438,7642466.25
25 AUG 2025,177.25,177.75,170.25,175,422,202061,35496936.25
22 AUG 2025,179,180,178,179,149,638710,114543891.25
21 AUG 2025,179.75,180,177.75,179.75,127,120696,21666481.75
20 AUG 2025,179,179.75,177.75,179,163,471432,84376772.5
19 AUG 2025,177.5,180,176.5,178,214,124432,22198824.25
18 AUG 2025,176.5,178,174.75,177.75,351,479335,84462120.75
15 AUG 2025,177.5,177.5,175.5,176.5,423,461258,81386661.5
14 AUG 2025,182,186.5,175,177.75,740,738756,131118398
13 AUG 2025,188,188,185,185,201,202811,37649798
12 AUG 2025,189.5,189.75,187.5,187.5,145,100106,18831618.25
11 AUG 2025,190,192,189.5,189.75,110,139647,26529721.75
7 AUG 2025,192,194.25,188,189,157,85866,16301851
6 AUG 2025,192.25,193,190.5,191.75,219,230813,44269067.25
5 AUG 2025,193.5,194.25,189.75,193.75,225,362558,70025890.75
4 AUG 2025,194,197.75,193.5,194,285,268928,52393984.5
1 AUG 2025,190.25,198,190,194,579,774549,149441067
31 JUL 2025,180,188,178,187.5,445,354895,65761059.5
30 JUL 2025,179.75,182,175,179.75,293,634173,114196201.5
29 JUL 2025,177.25,180,176.75,179.75,129,188781,33840730.75
28 JUL 2025,179.75,179.75,177,177.5,124,135579,24057551.75
25 JUL 2025,177.75,179.75,177,178.5,161,125507,22358764.25
24 JUL 2025,176,177.75,175.25,176.75,164,481868,84870789.75
23 JUL 2025,175,177.75,173.5,175,154,438439,76727713
22 JUL 2025,177.5,178,174,175,167,341389,59779655.25
21 JUL 2025,178.5,179,176,177,181,344261,60869763
18 JUL 2025,176,179,176,178.5,165,244495,43500162
17 JUL 2025,176,176,174,175.5,186,684832,119728838
16 JUL 2025,179.25,180.25,176,176.75,212,226390,40181458.25
15 JUL 2025,174,182,174,179.25,587,1869277,329806825.75
14 JUL 2025,170,174,170,173,243,539583,92980795.75
11 JUL 2025,169,170.5,164.75,170,285,1219762,206760100.75
9 JUL 2025,167,170.5,167,169,143,141694,23961592.5
8 JUL 2025,167,167.5,164.5,167,278,247330,40909005
7 JUL 2025,167,169,166.5,167,211,288456,48135657.25
4 JUL 2025,168.25,172,166,167.75,220,701784,117662213.75
3 JUL 2025,171,171.75,168,168.25,280,293167,49797196.5
2 JUL 2025,172.75,173.5,171.25,171.75,204,624178,107823044
1 JUL 2025,173.5,173.75,170.75,172,235,180339,31066846.25
30 JUN 2025,173,174.25,173,173.5,235,731638,127172967
27 JUN 2025,173.5,174.25,172,172.75,156,186488,32310769.25
26 JUN 2025,172,174.25,170,173.25,328,836137,144653815.25
25 JUN 2025,167,174.75,167,172,651,1022673,174523384
24 JUN 2025,161,167.25,160,164.25,550,879379,144370955.25
23 JUN 2025,159.75,160.75,156,156.75,262,147636,23249939.5
20 JUN 2025,157,163.75,157,161.25,204,128815,20635715
19 JUN 2025,157.5,162,156.25,156.5,341,464256,73457000.75
18 JUN 2025,160,166,158,159.25,334,378661,61226940.75
17 JUN 2025,159.5,168.5,159.5,164.5,829,9257137,1529185523.5
16 JUN 2025,157,160,154.25,159.5,297,241871,38292647.5
13 JUN 2025,162.75,164,156.25,161.5,336,404522,65276648.75
12 JUN 2025,164,165.5,161.75,162.75,205,192567,31480152.5
11 JUN 2025,163.5,167.5,163.25,164.5,329,725496,119267113.5
9 JUN 2025,154.75,164.5,153.75,163.5,399,413679,66128354
6 JUN 2025,157.25,158,155,155.25,212,218455,34384380.5
5 JUN 2025,157.75,158,156.25,158,204,321547,50646947.25
4 JUN 2025,158,159,157.25,157.75,298,811710,128151269.25
3 JUN 2025,159,159,156.75,158,292,584198,92446892.5
2 JUN 2025,155.75,159,155.25,156,371,708525,111148348
30 MAY 2025,149.5,157,149.5,155.25,475,636532,97795400.25
29 MAY 2025,147.75,151,147,150,491,1106495,164984022.75
28 MAY 2025,147.25,148.25,146,146.5,156,270285,39824028.75
27 MAY 2025,147,148.5,145.5,147.25,298,465987,68511688.75
26 MAY 2025,143,147.5,142,145.75,383,959502,138554197.5
23 MAY 2025,142.5,143.75,142,143,96,94351,13477953.5
22 MAY 2025,141,142.75,140.75,142,112,216577,30661805.5
21 MAY 2025,141,142,140.5,141.25,91,83847,11837919
20 MAY 2025,143,143.75,140.75,141,229,538172,75980075.5
19 MAY 2025,143,143,140.5,140.75,137,53581,7560302.75
16 MAY 2025,144.25,145,142.5,143.5,144,178391,25592645
15 MAY 2025,139.25,144.25,138.75,143,420,721202,101884893
14 MAY 2025,139,139.5,137,139,228,279771,38822761.25
9 MAY 2025,134.5,136.5,134.5,135.75,148,114943,15585159.25
8 MAY 2025,133.5,134.5,133.5,134,80,33768,4516987.5
7 MAY 2025,134.5,135,133,134,109,113082,15073411.5
6 MAY 2025,134,134.25,133,133.25,91,63604,8483165
5 MAY 2025,134.5,134.5,132.75,133,147,323144,43284826
2 MAY 2025,134.75,134.75,133.5,134,83,88933,11919608
30 APR 2025,134.5,134.5,133.5,133.75,123,121317,16254047.75
29 APR 2025,134.75,134.75,134,134.25,82,126115,16932418.25
28 APR 2025,134,135,133.5,134,112,249889,33501245.25
25 APR 2025,133,134.5,132,133.5,101,192142,25700077.75
24 APR 2025,133,133,131,132.5,74,36032,4766250.75
23 APR 2025,133,133,130,130,103,371639,48355434.25
22 APR 2025,133,134.5,129.75,130,289,137766,17961533
21 APR 2025,134.5,134.75,132.5,132.75,189,61980,8262057.75
17 APR 2025,135,136.5,134.5,134.75,114,106066,14347713.5
16 APR 2025,135.75,135.75,134,135,85,33886,4574699.5
11 APR 2025,136,136,132.75,134.5,131,198643,26848433
10 APR 2025,135,139,134.5,136,355,797683,109013869.25
9 APR 2025,135,135,128.75,129.75,498,332458,43451610.25
8 APR 2025,130.5,139,130.5,138,388,382416,52133470.25
7 APR 2025,135,135,127,130,755,725032,94593080.5
4 APR 2025,137,138.75,134,137.5,639,1441521,195354188.5
3 APR 2025,142,143,137,140,859,1271426,178391651.25
2 APR 2025,143.75,149.25,143,147.75,522,1202052,176368797.25
1 APR 2025,138,144,137.75,143.5,457,872797,123785253.5
28 MAR 2025,136,138,136,137,95,133397,18281712
27 MAR 2025,136.25,137,135.75,136,80,13252,1805990
26 MAR 2025,138.25,138.25,136.75,137,50,8375,1152826.75
25 MAR 2025,138,138.25,137,138,99,225540,31071117.5
24 MAR 2025,138,138.5,137,137,111,193624,26696490
21 MAR 2025,136.25,137.75,136.25,137.75,123,224592,30828094.25
20 MAR 2025,133.75,136.5,133,135.75,97,95737,12967917
19 MAR 2025,132.5,134,130.25,133.5,168,165351,21962549.75
18 MAR 2025,134,135.25,132.75,133,111,47296,6322021
17 MAR 2025,136.5,137,134.5,135,221,714727,96770980
14 MAR 2025,136.75,138.5,136.5,137.5,103,513332,70578150.5
12 MAR 2025,138.5,138.5,132,136.5,135,650407,87999185
11 MAR 2025,136.25,136.25,130,133,296,451646,60759673.5
10 MAR 2025,135,140,135,138,95,102719,14175357.5
7 MAR 2025,140,140.25,138,140,123,774888,108437559.25
6 MAR 2025,138.5,142,138,140.5,209,410792,57519676.75
5 MAR 2025,131.5,138,131.25,137.25,209,694674,95222449.25
4 MAR 2025,133,133.5,130.25,132.75,212,148447,19634325
3 MAR 2025,137,137.5,132.5,133,246,61668,8329057
28 FEB 2025,137.5,138,137,137.5,86,53303,7320518.75
27 FEB 2025,136,138.5,136,137,136,168527,23050359.75
25 FEB 2025,139.25,139.5,136,136.25,248,303384,41446369
24 FEB 2025,140.25,141,138,139.5,182,171098,23840340.5
21 FEB 2025,141.25,144,140,140.5,165,143910,20330726.5
20 FEB 2025,143,143,141,141.5,186,352110,49952856.25
19 FEB 2025,145.5,146.5,141.5,143,208,206037,29580822.75
18 FEB 2025,149,149.25,144,145.5,361,516615,75716184.25
17 FEB 2025,141.5,148,141.5,147,409,901088,130925881.75
14 FEB 2025,137.75,142.75,137.75,141.75,519,1303253,182862102.25
13 FEB 2025,133,136,133,135.75,135,525964,70932672.25
11 FEB 2025,135.75,135.75,132,134,256,365755,49143215.5
10 FEB 2025,138.5,139,135,135.75,173,231724,31473047.25
7 FEB 2025,138.5,139,135,138.5,195,209086,28632581.75
6 FEB 2025,135,139.5,134.75,138,304,615465,84764898.75
5 FEB 2025,140,140,135,137.25,450,895800,123410786.75
3 FEB 2025,142,142.5,139.5,140,204,382157,53660323
31 JAN 2025,141,144,140,142,180,228373,32425886.25
30 JAN 2025,143.25,143.75,141.75,142,165,162826,23221263.25
29 JAN 2025,140,146,140,143.25,427,488976,70380337.5
28 JAN 2025,142,142.5,139.75,140.25,217,266856,37727714.75
27 JAN 2025,138.5,142.5,136.5,142,317,474924,66783258.75
24 JAN 2025,140,142,136,139.25,299,194806,27166739.5
23 JAN 2025,134.75,142.75,134,141,684,1336768,186247416.5
22 JAN 2025,134,136.5,131.25,135,391,876640,118386706.25
21 JAN 2025,131,135,129.5,132,318,303319,40038484.75
20 JAN 2025,130,131,129,129.5,222,295195,38282161.25
17 JAN 2025,129.25,130,128.75,129,239,426840,55117713.25
16 JAN 2025,131,131,129.25,130.25,180,285126,37139856.5
15 JAN 2025,128,131,126.75,130,202,396281,51474948.75
10 JAN 2025,127.5,130,122.25,128,341,324730,40791200.75
9 JAN 2025,129.75,132,127.5,128.25,220,269261,34995646
8 JAN 2025,126.5,132.5,126.5,129.5,258,410677,53564004.25
7 JAN 2025,129.5,130,125,129.25,382,438142,55890870.5
6 JAN 2025,132.5,132.5,125,129.75,727,976637,124251731
3 JAN 2025,133.5,137,125,128.5,820,1126407,148945447.75
2 JAN 2025,130.75,134.5,130,134,493,485730,64143940
31 DEC 2024,128.25,132,128,131.25,667,1037017,134744153.75
30 DEC 2024,126,128.75,125.25,128,429,808753,103320347.5
27 DEC 2024,126,126.75,124,125.25,327,559343,70078495.75
26 DEC 2024,123.5,128.5,123.5,126,554,735246,92952746.5
24 DEC 2024,117.25,125,116,123.75,826,1312849,157665890.25
23 DEC 2024,118.5,119,117.25,118,335,551272,65131983.5
20 DEC 2024,118.5,119,118,118.5,223,272887,32292528.75
19 DEC 2024,118.5,118.75,117,118,163,130409,15364932
18 DEC 2024,117,119.25,117,118.5,269,425612,50294772
17 DEC 2024,118,119.25,116,118.25,314,696991,82147764.75
16 DEC 2024,118,119,116.5,118.75,336,858182,101440269.75
13 DEC 2024,118,118.75,117,118,299,576730,68113774.5
12 DEC 2024,117,118.25,117,118,258,356547,41939691.75
11 DEC 2024,117,117.5,116,117,301,635555,74376996.5
10 DEC 2024,115.5,118.25,115,117,529,715177,83257993.5
9 DEC 2024,110,116.25,109.75,115.25,972,3069109,347856977.5
6 DEC 2024,105,110.25,105,109,387,657312,71583018.5
5 DEC 2024,108,108,106,106,190,146367,15679154
4 DEC 2024,105,107.5,104.25,107,287,730276,77836834.75
3 DEC 2024,102.5,105.5,102.5,105.25,142,228965,24050003.25
2 DEC 2024,102,105,101.75,104.75,133,327282,34133076.25
29 NOV 2024,104,105,102,102.75,142,47987,4947532.25
28 NOV 2024,102.5,105.25,102.5,104.75,168,294951,30907256.5
27 NOV 2024,103,104,102.5,103.75,85,62149,6423435
26 NOV 2024,101.75,103,101.5,102,91,104103,10627885.25
25 NOV 2024,102.75,103.5,101.25,101.5,164,326564,33230646
22 NOV 2024,102,103,102,102.5,118,155733,15999159.75
21 NOV 2024,104,104,102,102,195,141642,14468303.25
20 NOV 2024,103.75,104,103,103.75,76,61791,6396878
19 NOV 2024,104.5,105,103.5,103.75,117,115003,11962332
18 NOV 2024,105.5,107.5,104,104.5,259,484148,51103089.75
14 NOV 2024,106,106.5,104.25,105,149,213056,22476535.25
13 NOV 2024,104,104.75,103.25,104,158,235713,24520187
12 NOV 2024,101.75,104,101.75,103.75,128,204367,21032759.75
11 NOV 2024,103,103,101.75,102,150,78506,8022558.75
8 NOV 2024,102.5,104,102.5,103,144,84570,8729147.25
7 NOV 2024,104,104,102.5,103.25,132,95062,9806276.25
6 NOV 2024,103.5,104.75,103,104,133,100462,10390204.25
5 NOV 2024,105,105.5,103,104,128,137248,14313384.5
4 NOV 2024,105,105.5,104,105,138,184431,19352033.25
1 NOV 2024,106.25,106.25,105,105.25,147,177600,18698792.75
30 OCT 2024,104.25,106.5,103.75,106,278,5044643,534284221.25
29 OCT 2024,105,106,103.5,104,192,159360,16589828.5
28 OCT 2024,106,106.25,104,105,161,1447208,153372590
25 OCT 2024,105.5,107.25,105.25,106,319,729896,77532680.25
24 OCT 2024,102,106.25,102,105.5,355,8530425,903925041.5
23 OCT 2024,102.75,104,101.25,103,123,772367,79971706
22 OCT 2024,101.25,103.5,100.75,102,144,140155,14254477.25
21 OCT 2024,103.75,103.75,101.25,101.5,139,48124,4914278.5
18 OCT 2024,103.75,103.75,102.75,103.5,87,56213,5805600.25
16 OCT 2024,103,104,102.75,103.5,108,216031,22352845
15 OCT 2024,105,105,103,103,145,204566,21151982
14 OCT 2024,105,105.25,103.5,103.75,145,186410,19387228.25
11 OCT 2024,106.25,107.5,104,105.25,266,275822,29170370
10 OCT 2024,102.5,106.5,102.5,105.75,365,1302786,136305991.25
9 OCT 2024,105.5,106.75,102,102.75,361,487580,51018286.5
8 OCT 2024,99.6,105.5,99,104.75,569,1168331,121216028.05
7 OCT 2024,99.6,101,98.5,100.25,222,475060,47521108.8
4 OCT 2024,98.2,100,98,99.4,150,544692,53797637.9
3 OCT 2024,98.5,99.9,98.1,98.4,164,322181,31831826.5
2 OCT 2024,101.75,101.75,99,99.8,179,501501,50123251.4
1 OCT 2024,100,102.5,99,101.75,249,800125,81085754.25
30 SEP 2024,100,102,99.1,99.8,244,514780,51639454.7
27 SEP 2024,98,103.75,96.8,99.8,291,723223,72010268.7
26 SEP 2024,97.5,100,95.3,96.7,372,557608,54705863.7
25 SEP 2024,94.9,97.4,94.4,96.5,316,503257,48296710.3
24 SEP 2024,93,94.9,93,94.4,264,402260,37690431
23 SEP 2024,90.9,93.4,89,93,166,291952,26995729.7
20 SEP 2024,92,92,91,91.4,160,149872,13689899.9
19 SEP 2024,91,92.5,90.7,91.5,147,167325,15324141.2
18 SEP 2024,88.5,91.3,88.5,91,152,380531,34307216.6
13 SEP 2024,87.7,88.6,86.8,88.3,260,794889,70150088.6
12 SEP 2024,88.5,88.6,87.6,88,155,136726,12049949.3
11 SEP 2024,88.9,89,88,88.1,95,183030,16142171.6
10 SEP 2024,90,90,88,88.1,122,47055,4159836.7
9 SEP 2024,90.5,92.8,89.7,89.9,97,107595,9689264.6
6 SEP 2024,92.9,92.9,90.7,91.9,22,8726,799977.7
5 SEP 2024,92,94.5,90,92.9,160,269708,24651648.6
4 SEP 2024,88.4,92,88.4,91.5,158,160210,14384451.4
3 SEP 2024,88,88.4,86,87.9,222,272436,23697039.5
2 SEP 2024,89.3,89.3,88,88,254,692027,60942213.5
30 AUG 2024,89.9,90.5,89.4,89.9,142,195291,17551687.8
29 AUG 2024,90.8,90.8,89.6,90,179,1671915,148275276.7
28 AUG 2024,92.9,92.9,89.9,90,251,191471,17264734
27 AUG 2024,94,94,91.5,91.9,190,100009,9233251.3
26 AUG 2024,94.1,94.1,93,93.1,155,572300,53750310.5
23 AUG 2024,94.8,95,94,94,101,346261,32556217
22 AUG 2024,95,95,94.5,94.6,72,45188,4275812.2
21 AUG 2024,94.8,95.6,94.6,95,89,137998,13103824.5
20 AUG 2024,96,96,94.8,94.8,106,46576,4424342.1
16 AUG 2024,96.5,96.5,95,95.8,109,51009,4865664.5
15 AUG 2024,95,96.8,95,95.9,116,137743,13217601.7
14 AUG 2024,94.9,94.9,93.7,94.1,183,729812,68622313.6
13 AUG 2024,93.6,94.9,93.6,94.2,122,231338,21789763.7
12 AUG 2024,96,96,93.5,94,143,36962,3487453.9
9 AUG 2024,95,96,94.2,95.8,93,71983,6856508.9
8 AUG 2024,96,96,95,95,139,215937,20561950.5
7 AUG 2024,96.5,96.5,95.6,95.7,96,55731,5350226.9
6 AUG 2024,95.9,97.5,95.9,96.5,77,192762,18600207.6
5 AUG 2024,99.2,99.2,95.3,95.6,212,432133,41431975.2
2 AUG 2024,99.3,99.5,99,99.2,72,44054,4370113.1
1 AUG 2024,100,100,99,99.2,44,33919,3364482.2
31 JUL 2024,99.1,99.8,98.6,99,101,303694,30068412
30 JUL 2024,100.25,102,100,100,127,434832,43565360
29 JUL 2024,102,102,100.5,101,100,267473,27075234.75
26 JUL 2024,102,102.5,100.5,102,62,63469,6463021.75
25 JUL 2024,100.5,102,100.25,101,84,286728,28974156.5
24 JUL 2024,100.75,101.75,100,101.5,76,65070,6591461.25
23 JUL 2024,99.8,101,99.5,100.75,169,228198,22812703.65
22 JUL 2024,101,101,99.8,100,245,924600,92478106
19 JUL 2024,102,102,100,101,140,2844800,288818475.75
18 JUL 2024,101.5,102.5,100,100.25,130,761177,76938490.75
17 JUL 2024,101.5,102,100.25,101.5,139,1551498,156742492.5
16 JUL 2024,102,102,100.25,101.25,136,659279,66586582.25
15 JUL 2024,100,102.25,100,101.25,106,84477,8542338
12 JUL 2024,98.2,101.25,98.2,101,235,510503,51047860.8
11 JUL 2024,100,100,98.5,99,119,78618,7785169.4
10 JUL 2024,98.8,100,98.8,99.9,138,190082,18852507.2
9 JUL 2024,99.1,99.1,97.8,98.4,313,321201,31565095.6
8 JUL 2024,102,102,99.2,99.4,225,190755,19072382
5 JUL 2024,101.25,102.5,100.75,102,159,189327,19198576.75
4 JUL 2024,101.5,103,100.75,101.25,334,609349,62037429.25
3 JUL 2024,105.25,105.25,101.5,102,430,807790,83262280.25
2 JUL 2024,105,106.25,105,105.5,148,210967,22300996.75
1 JUL 2024,106.5,106.5,104,105,220,1339485,140616302.5
28 JUN 2024,105.5,107,104.5,106.25,205,907836,95919148.25
27 JUN 2024,106.25,106.5,104.25,105.5,234,537267,56454994
26 JUN 2024,106,108.25,106,106.5,374,2058737,220978014.25
25 JUN 2024,106,106.5,105.25,106,162,651957,68695055.75
24 JUN 2024,105,107.5,105,105.75,350,835950,88602280
20 JUN 2024,103.75,105.75,103.75,105,278,383086,40142943.5
19 JUN 2024,103.25,104.5,102.5,103.75,228,894202,92219544.25
18 JUN 2024,104.75,104.75,103.25,103.5,265,355726,37019020
14 JUN 2024,106,106,103.5,104.75,509,736683,77001998.75
13 JUN 2024,109,109,105.25,106,534,950535,101950447.25
12 JUN 2024,105.25,108.75,105,108,1171,1759497,188799418.25
11 JUN 2024,101.25,106.75,101,105.25,1674,10089197,1056809647.25
11 JUN 2024,101.25,106.75,101,105.25,1674,10089197,1056809647.25
10 JUN 2024,96.6,101.5,96.6,100.25,1008,1854589,184171105.9
7 JUN 2024,95.1,96.7,95,96.1,356,464134,44374043.8
6 JUN 2024,95,95.5,94.5,95,260,867573,82435565.5
5 JUN 2024,95,95.3,94.1,94.6,99,45614,4309945.9
4 JUN 2024,94.4,95.4,93.9,94.6,325,902374,85594993.4
3 JUN 2024,93.1,94.4,93,94,197,375366,35052266.5
31 MAY 2024,93,93.8,92.5,93.1,146,319814,29768175.2
30 MAY 2024,91.6,93.8,91.6,92.9,86,113405,10480794.5
29 MAY 2024,92.7,92.7,91.5,92,115,130169,11963037.5
28 MAY 2024,93.5,93.9,91.8,92.5,129,135112,12475692.2
27 MAY 2024,94.5,94.7,93,93.6,107,65107,6115891.3
22 MAY 2024,92.9,94.9,92,93.8,264,633119,59302914.9
21 MAY 2024,92.7,93,90.6,92.6,157,296933,27302184.3
20 MAY 2024,93,94,90.5,92.7,351,794716,73464259.8
17 MAY 2024,91.8,92.8,91.5,92.4,194,218823,20126159.5
16 MAY 2024,91,92.5,91,91.2,148,342722,31232090.8
15 MAY 2024,91.7,93,91,91.1,235,372361,34128002.1
14 MAY 2024,93.4,93.6,91.2,91.9,302,230551,21211901.1
13 MAY 2024,94.1,94.1,92.5,93.3,185,530927,49312305.4
10 MAY 2024,93,94.4,93,94.1,192,827466,77654745
9 MAY 2024,94.5,94.5,92.1,93.5,349,390536,36352923.3
8 MAY 2024,93.2,96.9,93.2,94.8,485,1124780,107219988.2
7 MAY 2024,93,93.4,92.8,93.1,235,192408,17900706.1
6 MAY 2024,93.9,94.5,92,92.9,479,376456,34908792.6
3 MAY 2024,94.7,94.9,93.3,94.1,436,359204,33827172.3
2 MAY 2024,91,95.7,91,93.9,1023,4462778,417834990.6
30 APR 2024,90,91.5,88,91,518,507707,45881520.1
29 APR 2024,86,90.7,86,90,945,2180775,191911540.9
26 APR 2024,85,86.5,83,83.3,412,6112755,508499821.9
25 APR 2024,84.9,86,83.5,85,267,470032,39897754
24 APR 2024,82.5,85,82.5,84.9,372,434875,36597765.5
22 APR 2024,81.5,81.9,81,81.1,155,90426,7341603.2
19 APR 2024,80.7,81,80,80.5,250,219565,17619570.4
18 APR 2024,82.4,83,81.1,81.2,237,207418,16851187.2
17 APR 2024,82,84,81,82.7,226,113171,9290794.5
16 APR 2024,83.5,84,82,82.5,341,406459,33713035.1
15 APR 2024,85.5,85.5,83,83.4,302,179556,15093203.3
10 APR 2024,86,86.2,84.6,85.7,341,214855,18383464.7
9 APR 2024,88.9,89.9,87.9,89.3,463,1230503,109034268.2
8 APR 2024,88.5,89.4,88,88.6,262,506814,44893186.9
5 APR 2024,87,89,86.8,88.5,266,612932,53943166.8
4 APR 2024,86.2,88,86,87.2,257,364420,31769564.6
3 APR 2024,85.8,86.2,85,86,233,2679978,228066585.1
2 APR 2024,85.4,86,85.2,85.6,327,1092122,93209622.5
1 APR 2024,83,85.9,83,85.1,552,718368,61141915.5
28 MAR 2024,82.6,83,82,82.1,249,286624,23599554.4
27 MAR 2024,83,83.2,82,82.2,243,292637,24192372.4
26 MAR 2024,83.5,84,82.5,82.7,197,834098,68542189.4
25 MAR 2024,84,84.4,82.6,83,186,298094,24764633.7
22 MAR 2024,82.6,84,82.4,83.8,216,2535950,210639570.3
21 MAR 2024,83.9,83.9,82,82.3,315,261854,21600327
20 MAR 2024,83.2,84.4,83,83.9,106,162578,13519653.5
19 MAR 2024,85.8,85.8,83.2,83.3,153,361938,30538837.4
18 MAR 2024,86,86,84,85,149,115798,9841789
15 MAR 2024,85.6,86.2,85,85.5,107,111562,9542560
14 MAR 2024,85.5,86.5,85.4,85.6,116,71405,6152092.2
13 MAR 2024,83,86.4,82.9,85.3,327,2136456,179643064.9
12 MAR 2024,84.5,84.5,82.9,83.1,204,183256,15294263.5
11 MAR 2024,84.4,85,83.8,83.9,167,180268,15213413.3
7 MAR 2024,83,84.9,83,84.6,195,392063,32985072.7
6 MAR 2024,83,84,82.5,83.7,145,84089,6988374.3
5 MAR 2024,84.3,85,82.6,83.1,167,163828,13816996.8
4 MAR 2024,81.6,84.5,81,83.8,242,546100,44996817.9
1 MAR 2024,81.6,81.6,80,81.4,81,72349,5869420.6
29 FEB 2024,82,82,80.4,81.1,110,76327,6209062.5
28 FEB 2024,79.5,83,79.5,82,390,958892,78122166.7
27 FEB 2024,76.5,79.8,76.5,78.6,146,1262946,97278903.2
26 FEB 2024,77,77,76,76.5,104,1068647,82248803.8
22 FEB 2024,76.3,77.2,76.3,76.6,48,20969,1603641.1
21 FEB 2024,76.9,77.2,76,77.1,89,83359,6413541.8
20 FEB 2024,77,77,76,76.5,64,774082,59214807.8
19 FEB 2024,76.5,77.1,76,76.9,85,205422,15621983.8
16 FEB 2024,76.8,77,76.2,76.9,40,29229,2249190.8
15 FEB 2024,76.5,77,75.5,76.2,59,68338,5247469
14 FEB 2024,75.1,77.3,75.1,76.5,86,48166,3701220.9
13 FEB 2024,75.2,76,75,75.1,76,52356,3936029.2
12 FEB 2024,76.4,76.5,75,75.2,89,93164,6995179.6
9 FEB 2024,77.5,77.5,76.4,76.5,44,9923,761219.1
8 FEB 2024,75.6,78,75.6,77.5,153,96116,7453149
7 FEB 2024,75,75.6,74.9,75,94,217464,16316168.5
6 FEB 2024,74,75.5,73.6,75,109,87399,6513534.9
2 FEB 2024,73.9,73.9,73,73.1,94,83212,6085784.4
1 FEB 2024,73,73.9,72.9,73.5,78,278212,20415918.9
31 JAN 2024,73.5,73.8,72.7,73.2,63,14956,1095786.9
30 JAN 2024,74,74,72.8,73.1,55,45776,3342813
29 JAN 2024,74.5,74.5,72.8,73,73,53465,3913815.4
26 JAN 2024,73,74.5,73,73.1,79,57058,4190829.9
24 JAN 2024,72.5,73.6,72.5,73,71,42721,3115998
23 JAN 2024,73,73.6,72.7,73,94,78483,5714343.4
22 JAN 2024,73.5,73.7,73,73.4,80,144545,10601494.1
19 JAN 2024,74,74,73.5,73.5,52,23501,1728154.6
18 JAN 2024,73.5,74,73,73.8,67,26119,1919558.6
17 JAN 2024,74.5,74.5,73.5,73.5,66,70172,5163931.2
16 JAN 2024,74.7,74.9,74,74.3,61,110111,8174970.9
12 JAN 2024,74.5,76,74.5,74.9,41,25478,1924941.5
11 JAN 2024,75.5,75.5,74,74,77,83736,6202821.5
10 JAN 2024,76,76,74.2,74.5,67,131561,9828191.5
9 JAN 2024,76,76.6,75.5,76,87,321231,24414379.8
8 JAN 2024,76.5,77.3,75.5,75.7,122,336749,25617936.4
5 JAN 2024,74.5,77,74.5,76.7,139,125627,9517871.9
4 JAN 2024,74.9,74.9,74.2,74.5,78,308162,22969105.7
3 JAN 2024,74.5,74.9,73.7,74.6,119,91918,6810509.7
2 JAN 2024,71.6,74.5,71.6,73.4,96,42284,3096993.6
29 DEC 2023,71.5,71.5,71,71.4,169,761281,54058924.3
28 DEC 2023,71,72,70.9,71.5,105,86938,6233500.2
27 DEC 2023,72,72,71,71,180,44141,3158474.2
22 DEC 2023,73,73,71.7,71.9,157,58885,4244350.1
21 DEC 2023,72.6,74,72.6,73.1,44,16613,1217251.1
20 DEC 2023,71.8,73,71.8,72.5,84,30454,2208261.5
19 DEC 2023,74.5,74.5,71,71.8,262,97271,7067364.5
18 DEC 2023,74.8,74.8,73.8,74.1,64,25004,1852502.7
15 DEC 2023,74.4,74.5,73.9,74.2,65,68781,5107356.9
14 DEC 2023,74.8,74.8,73.8,74,81,48318,3594200.9
13 DEC 2023,74,75.5,73.5,74.2,154,90071,6655209.7
12 DEC 2023,75.5,75.5,73.8,74.3,185,221223,16480607
11 DEC 2023,75,75.5,73.9,75,168,259203,19371366.8
8 DEC 2023,74,75,73.9,74,235,614486,45492585.2
7 DEC 2023,75,75,73.5,73.8,130,59121,4377459.2
6 DEC 2023,74.9,75,74,74.3,95,18839,1399590.4
5 DEC 2023,75.5,75.5,74.2,74.4,135,155190,11570383.5
4 DEC 2023,75,75.5,74.7,74.7,198,186072,13949643.4
1 DEC 2023,75.3,76,74.7,75,124,83186,6238730.6
30 NOV 2023,75,75.4,74.8,75,120,96913,7271494
29 NOV 2023,75.2,75.2,74.9,75,90,59518,4463284.8
28 NOV 2023,75.2,76,74.8,74.9,151,91124,6845444.1
27 NOV 2023,76,76,75.3,75.5,81,119292,9021229.9
24 NOV 2023,76.9,76.9,74.8,75,135,356364,26818801.7
23 NOV 2023,75.5,76,74.9,75,176,124209,9320758.2
22 NOV 2023,76.9,79,75,75.9,129,211148,16012467.6
21 NOV 2023,75.9,76.9,75,75.1,166,518121,39141621.5
20 NOV 2023,76,76.9,75.4,75.7,119,46163,3508972.3
17 NOV 2023,75.5,77,75.5,76,128,88890,6754000.9
16 NOV 2023,77,77,74.5,75.5,332,305443,23006020.3
15 NOV 2023,78.6,79,76.7,76.9,429,399937,31016212.7
14 NOV 2023,80.9,80.9,78.5,78.8,379,359837,28585679.7
13 NOV 2023,81.4,81.8,80.1,80.4,337,272978,22006385.5
10 NOV 2023,83.8,83.8,81.4,81.8,198,154793,12671934.3
9 NOV 2023,84.4,84.4,81.5,82.3,154,38778,3201682.7
8 NOV 2023,85,85.9,83,84.4,101,100107,8403262.6
7 NOV 2023,84.9,86,84,84.2,152,253339,21476335.8
6 NOV 2023,85,86,84.5,85.1,79,83296,7081528.1
3 NOV 2023,86.4,86.5,84,84.9,67,96516,8250845.6
2 NOV 2023,84,87,83.5,86,155,320260,27462231.1
1 NOV 2023,82,83.5,82,83.5,63,43679,3626473.4
31 OCT 2023,84.1,84.3,82,82.7,114,105079,8670445.4
30 OCT 2023,85.8,85.8,83.5,83.7,68,49323,4126076.7
27 OCT 2023,84,85.6,82.9,85.1,95,207527,17581929.5
26 OCT 2023,82.4,82.6,81,81.9,132,68014,5552446.5
25 OCT 2023,83.5,84,81.5,81.6,236,263807,21552756.7
24 OCT 2023,86.9,86.9,83.5,83.6,165,428442,35659347.7
23 OCT 2023,88,88,85,85.3,112,93840,8094516
20 OCT 2023,82.6,85.7,82.6,85,166,145837,12376221.5
19 OCT 2023,82,83.6,81,83,210,140183,11479712.3
18 OCT 2023,85,85,82,82.3,257,151950,12617814.8
17 OCT 2023,86.2,86.9,84.5,85,152,200148,17117604.4
16 OCT 2023,88.1,88.7,86.3,86.5,143,165247,14365204.7
13 OCT 2023,88.6,89,88,88.1,112,162336,14348856.8
12 OCT 2023,86.5,89,86,88.5,105,362486,32097332.5
11 OCT 2023,89,89,86.5,87,141,70668,6159267.9
10 OCT 2023,89,90,88,88.1,170,501543,44280815.5
9 OCT 2023,89.3,89.9,85.5,88,283,1248548,109664662.8
6 OCT 2023,89.5,90,89,89.5,92,186354,16643404.6
5 OCT 2023,91,91.5,89.2,89.5,132,191214,17277570.5
4 OCT 2023,90,91.3,88,90.9,201,144704,12915527.7
3 OCT 2023,91.5,91.8,89.5,89.8,260,218212,19683748
2 OCT 2023,92.9,92.9,91,91.5,161,95985,8807547
27 SEP 2023,93.5,93.8,92.9,93,96,579624,54062319.1
26 SEP 2023,92,93.5,92,93.5,86,44091,4110363.9
25 SEP 2023,93,93.4,92,93,90,98585,9142784.8
22 SEP 2023,92.2,93,92,92.8,132,260491,24157297.9
21 SEP 2023,94,94.4,92.1,92.5,160,102470,9537335.7
20 SEP 2023,93.3,94.1,93,93.4,69,53961,5042552.7
19 SEP 2023,94.2,94.2,93,93.4,192,163353,15289596.6
18 SEP 2023,95.7,96.9,94,94.3,150,182278,17291837.5
15 SEP 2023,97.3,97.6,95.5,96.6,209,261366,25471591.4
14 SEP 2023,95.1,97.9,95,97.2,482,1072437,103653982.9
13 SEP 2023,93.5,95.4,93.5,95,271,1222141,116098935.2
12 SEP 2023,94.5,95.4,93.5,93.8,194,583137,55149344.7
11 SEP 2023,94,94.5,93.4,94.4,159,405514,38116120.8
8 SEP 2023,93.3,94.3,92.5,94,171,148564,13946420.1
7 SEP 2023,92.5,94,92,93.8,148,207930,19395705.3
6 SEP 2023,94.4,94.4,92,92.6,329,353327,32746183.8
5 SEP 2023,96.3,96.3,93.6,94.1,358,257113,24380061.8
4 SEP 2023,95,96.5,94.6,96,751,1110920,106577174.8
1 SEP 2023,90.2,95.9,90,94.9,1310,3337477,310713984
31 AUG 2023,88.5,90.8,88.5,90.2,297,662633,59558565.7
29 AUG 2023,88.5,90,88.1,88.4,109,60117,5325190.2
28 AUG 2023,90.8,91.7,88,88.8,371,256958,23268081.4
25 AUG 2023,86.5,91.1,86.4,90.6,447,1003630,90263817.3
24 AUG 2023,87,87.5,86,86.9,72,34520,2991093.6
23 AUG 2023,86,87.7,85.5,86.7,200,775697,66932966.5
22 AUG 2023,86,86.9,85.5,86,161,288202,24802710.1
21 AUG 2023,88.4,88.4,85.9,86,250,367791,31832436.5
18 AUG 2023,88,88,86.2,87.5,214,418284,36415422.5
17 AUG 2023,89.1,89.1,86.6,88,220,454706,39765618.8
16 AUG 2023,88,89.2,87.2,89.1,223,318108,28212256.1
15 AUG 2023,89.4,89.4,87.5,88.4,223,453815,40118246.5
14 AUG 2023,88.5,90.2,85.1,89.7,921,1719572,152027900
11 AUG 2023,88.5,91.7,88,90.6,666,1216249,109854956.5
10 AUG 2023,87,89.6,86.6,88.8,281,472493,41546583.1
9 AUG 2023,87.5,88,86.3,87.6,233,181327,15811122.6
8 AUG 2023,88,88,85.5,86.1,303,260002,22376274.4
7 AUG 2023,86.5,88.5,85.9,87.5,323,409673,35759506.9
4 AUG 2023,87.6,87.6,86.1,86.5,293,442560,38282653.2
3 AUG 2023,87.6,88,86.6,87,454,984606,85692587.7
2 AUG 2023,88.8,89.8,87,87.6,339,532393,46909764.1
31 JUL 2023,87.5,89.9,86.5,89.2,507,1119518,97726099
28 JUL 2023,87,88.4,86.5,87.9,227,296760,26071485.6
27 JUL 2023,85.7,88.5,85.4,86.8,357,417122,36484627.6
26 JUL 2023,89,89,85.9,86,442,588703,50818474.7
25 JUL 2023,88,90.3,86,88.3,497,471946,41639744.8
24 JUL 2023,89.4,90.4,87.8,88.1,446,342971,30566016.5
21 JUL 2023,90.5,91,89.1,90.2,565,492016,44378732.2
20 JUL 2023,92,92.2,90.5,91,432,605855,55333320.9
19 JUL 2023,93.3,93.3,91.5,91.9,531,780178,71736240.1
18 JUL 2023,94.8,95.4,93,93.6,422,548446,51469013.5
17 JUL 2023,94,95.5,93,94.9,894,2110565,200271803.2
14 JUL 2023,90.5,94.4,89.8,94,841,2013126,186005426.4
13 JUL 2023,91.5,91.7,89.3,90.4,426,808070,72804144.4
12 JUL 2023,89,92,88.1,91.5,935,2373832,215098397.1
11 JUL 2023,85.5,89.2,84.7,88.9,811,3042436,266069763.3
10 JUL 2023,87.8,88.2,85.5,85.9,471,323246,27982059.6
7 JUL 2023,88,89.2,86.7,87.8,482,477242,41755074.2
6 JUL 2023,90,90,86.4,88.8,924,2172501,192808943.3
5 JUL 2023,85.8,89.8,85,88.9,1441,3693716,322184851.1
4 JUL 2023,80.1,85.5,80.1,84.2,1096,4287301,353833764
28 JUN 2023,75.5,78.3,75.5,77.6,290,606054,47023550.8
27 JUN 2023,78,78.1,76,76.1,226,376561,28761169.7
26 JUN 2023,75.5,78.1,73,77.8,487,731727,56380411.3
23 JUN 2023,73.8,75.9,73.8,75.5,307,571165,42901673.6
22 JUN 2023,73.6,74.3,73.6,74.1,204,218352,16164048.2
21 JUN 2023,72,74,72,73.5,224,379569,27765302.1
20 JUN 2023,72,72.5,71.5,72,171,639752,46061656.3
19 JUN 2023,71.7,72.5,71,72,219,848803,61054443.2
16 JUN 2023,73,73,71.5,72,205,394584,28377293.6
15 JUN 2023,72.1,73.2,72,73,251,750868,54543854.3
14 JUN 2023,71.9,73,71.5,72,352,1494978,107871145.3
13 JUN 2023,72,72,71.5,71.6,203,514561,36890572.3
12 JUN 2023,71.9,72.5,71.2,71.9,253,517209,37224900.6
9 JUN 2023,70,71.8,70,71.1,218,5284572,375216961.5
8 JUN 2023,69.5,70.5,69.5,70.1,205,828102,57974787.3
7 JUN 2023,69.3,69.6,68.5,69.4,191,475655,32804607.4
6 JUN 2023,69,69.7,68.5,69.2,60,44877,3095547.2
5 JUN 2023,69.3,70.4,68.9,69.2,162,218833,15198020.5
2 JUN 2023,70.1,72,69.2,69.4,198,414953,29084137.6
1 JUN 2023,66,70.6,66,68.6,208,558496,38098701
31 MAY 2023,66.7,66.7,65.8,66.1,138,64256,4247800.5
30 MAY 2023,66.6,67.5,65.6,66,197,130410,8645927.5
29 MAY 2023,68,68,66.1,66.8,179,95571,6402010.3
26 MAY 2023,67,69.9,66.9,68.5,147,144452,9831603.1
25 MAY 2023,67,67,66.4,67,144,200194,13396883.5
24 MAY 2023,66.6,68,66.5,66.9,186,172582,11555756.8
23 MAY 2023,67.5,67.5,66,66.9,245,206217,13718489
22 MAY 2023,67.8,67.8,66.5,66.8,323,248892,16661508.9
19 MAY 2023,68,68.4,67.3,67.8,206,254299,17180109.1
18 MAY 2023,68,68.5,67.6,67.8,122,74707,5069598.7
17 MAY 2023,67.1,68.9,67.1,68.1,55,28944,1966274.3
16 MAY 2023,68.6,69.9,66.9,67.5,281,115302,7800873.6
15 MAY 2023,69.9,70,68.5,69,137,231869,16024480.5
12 MAY 2023,68.6,69.9,68.5,69.7,136,321793,22208065.4
11 MAY 2023,67.9,69,67.6,68.6,159,176852,12065723
10 MAY 2023,67.7,68.2,67.7,68,144,120213,8174272.7
9 MAY 2023,68.1,68.2,67.8,68,215,181759,12357874.6
8 MAY 2023,69,69,67.9,68,223,154636,10526854
4 MAY 2023,67.7,69,67.7,68.3,101,57556,3931239.9
3 MAY 2023,68,69.7,66,67.9,237,152312,10377342.6
2 MAY 2023,68.5,69,66.6,67.1,353,165192,11142340
28 APR 2023,69,70,67.6,69,218,185568,12732582
27 APR 2023,69.3,70,68,68.6,345,196692,13493406.1
26 APR 2023,70,71.3,69.5,69.6,234,269492,18833649.2
25 APR 2023,71.3,71.3,69.9,70,278,104008,7291956.8
24 APR 2023,72,72,70.7,70.9,172,55095,3917137.1
21 APR 2023,73.1,73.1,71,71.8,234,69590,5016042.5
20 APR 2023,72.3,74,72.2,73.1,146,444679,32245366.2
19 APR 2023,72.9,74,72,72.4,133,609071,43929434.3
18 APR 2023,74,74,72.8,72.8,105,35904,2620167.1
17 APR 2023,72,74,72,73.5,126,96387,7002435.9
12 APR 2023,73,73,72,72.1,385,365785,26574956.6
11 APR 2023,73.7,73.9,72.5,73,337,895480,65389182.5
10 APR 2023,73.2,73.7,72.8,73.3,173,704671,50987336.8
6 APR 2023,73,73,72.1,72.4,134,127543,9233653.9
4 APR 2023,73.3,73.3,72,72.4,110,78476,5681256.1
3 APR 2023,72.8,73.3,72.5,72.5,101,63780,4626006
31 MAR 2023,73.3,73.3,71.7,72,120,419668,30238527.3
30 MAR 2023,74,74,70,71.8,272,77936,5588550.2
29 MAR 2023,74.9,74.9,72.6,73.6,147,55635,4100736.7
28 MAR 2023,73.1,74.8,72.6,73.9,203,123166,9052512.4
27 MAR 2023,74.5,74.8,73,73.1,267,93313,6843554.7
24 MAR 2023,74,75.5,73.1,75,525,802217,59866634.8
23 MAR 2023,79.3,80.4,79,79.7,607,1823740,145723357.1
22 MAR 2023,80.6,80.6,79.2,79.6,443,242173,19303955.4
21 MAR 2023,81.9,82.5,79.8,80.2,510,674048,54934520.3
20 MAR 2023,82,82,80.8,81,420,1159644,94065002.7
17 MAR 2023,80,81,79.5,81,558,1737556,140022874.6
16 MAR 2023,80,81,78.8,79.2,927,865468,69061478.2
15 MAR 2023,78,78.2,77,77.4,204,195173,15151283.8
14 MAR 2023,77.5,78,77,77.8,206,1180433,92023650.4
13 MAR 2023,78,78,76.5,77.7,199,171260,13241434.9
10 MAR 2023,78,78.9,77.7,78,335,686839,53620965.9
9 MAR 2023,78,78.9,77.4,78.2,478,3661729,285757235.3
8 MAR 2023,77,79,76,77.4,661,5488790,424028722.4
7 MAR 2023,76.2,77.5,76,77,350,708871,54570223.8
3 MAR 2023,76,77,75.5,75.8,270,334455,25388461.4
2 MAR 2023,76.6,77,75.3,76.1,155,81508,6195706.9
1 MAR 2023,75.6,78.2,75.6,76.6,280,337150,26162445.9
28 FEB 2023,75.5,75.5,73.9,75.1,235,133323,9977876.2
27 FEB 2023,78.5,78.8,75.5,75.7,364,547292,41934744.1
24 FEB 2023,77.5,78.9,77,78.2,686,2095865,163710052.6
23 FEB 2023,73.3,78,72.7,76.9,1081,2427380,186160652.6
22 FEB 2023,73.9,74.4,72.4,73.5,364,564569,41375769.4
21 FEB 2023,70.6,73.9,70,73.2,354,449724,32445583.7
20 FEB 2023,70,71.7,69.7,70.6,210,167130,11758728.9
17 FEB 2023,70,70.1,68.2,68.9,119,103546,7168887.1
16 FEB 2023,67.9,70.4,67.9,70,184,261637,18185235.8
15 FEB 2023,68.3,68.3,66.5,68,145,86549,5840753.3
14 FEB 2023,68.5,68.5,65,66.9,428,290327,19457690.5
13 FEB 2023,69.9,69.9,68,68.3,266,192539,13206634.8
10 FEB 2023,70,70.5,69,69.7,183,133913,9326560
9 FEB 2023,70,70,69.3,69.7,133,239409,16655815.8
8 FEB 2023,70,70,68.7,69.5,302,283871,19698328.1
7 FEB 2023,71.2,71.2,69.9,70.3,282,485544,34028190.4
6 FEB 2023,72,72.9,70.2,71.2,393,216308,15395866
3 FEB 2023,72.2,73,71.5,71.9,136,71800,5165734.9
2 FEB 2023,71,74,70.6,72,226,189732,13752201.8
1 FEB 2023,70,71.8,69,70.9,385,295634,20802513.5
31 JAN 2023,73.3,73.3,69,69.9,502,352407,24855450.3
30 JAN 2023,70.8,74,70.2,71.3,289,155716,11148415.1
27 JAN 2023,73,73.4,71.5,72.1,288,178971,12929911.2
26 JAN 2023,73.3,73.5,72,72.8,211,73841,5364254
25 JAN 2023,73,74.5,72,73.3,342,317655,23178940.1
24 JAN 2023,74.9,75.8,71.5,72.2,654,484646,35551148.4
23 JAN 2023,76,76.5,74.3,74.6,723,709961,53277615
20 JAN 2023,76.4,78,73.8,74.1,1471,2949247,221114283.6
19 JAN 2023,64.6,75.9,64.3,70.6,1481,3770004,262216540.2
18 JAN 2023,64,65.7,64,64.3,223,267806,17248382.3
17 JAN 2023,63.8,65,63.5,64,239,93931,6005309.6
13 JAN 2023,66,66,63.8,64,259,126682,8122820.1
12 JAN 2023,65,66,64.8,64.9,174,295096,19189507.8
11 JAN 2023,65.2,66,64.9,65.1,286,212685,13833428
10 JAN 2023,66.6,67,65.4,65.6,265,86529,5708706.7
9 JAN 2023,67,67.2,65.7,66.4,256,69510,4610507.3
5 JAN 2023,67.5,67.9,66.9,67,171,67072,4497642.7
4 JAN 2023,67.5,68.5,67,68,121,41678,2811935
3 JAN 2023,68.6,68.6,67,67.4,205,86075,5813562
2 JAN 2023,68.9,68.9,67.4,67.8,214,164619,11201944.9
30 DEC 2022,68,69,67.6,68,242,130833,8932731.9
29 DEC 2022,67.8,68,66.8,67.3,171,114964,7767892.1
28 DEC 2022,69.5,69.5,66.3,66.8,261,138549,9323100.6
27 DEC 2022,69.5,69.7,68,68.1,153,120561,8258464.3
23 DEC 2022,68,68,66.2,67.5,208,71403,4781254
22 DEC 2022,68.5,69.4,67.6,67.7,146,38364,2603915.4
21 DEC 2022,68,69,67.9,68.6,89,29037,1988126.9
20 DEC 2022,69.1,70,67.5,68.5,191,114676,7897975.9
19 DEC 2022,70.8,70.8,69,69.1,200,71715,4971269.8
16 DEC 2022,70,71,70,70.6,139,89122,6252581.5
15 DEC 2022,71.5,71.5,69.6,70.2,307,248325,17461011
14 DEC 2022,70.9,71.5,70.9,71,150,88229,6267665.2
13 DEC 2022,73,73,70.6,71.2,260,193862,13791955.6
12 DEC 2022,73.9,73.9,71.7,72.1,341,231325,16802261.1
9 DEC 2022,74.8,74.9,73.2,73.9,167,66730,4936544.7
8 DEC 2022,74,75.8,73.6,74.8,283,336611,25206575.3
6 DEC 2022,74,74.4,72.7,73.6,255,115854,8502522.7
5 DEC 2022,75,75,73.3,73.9,184,248293,18447714.7
2 DEC 2022,76.2,76.2,71,74,230,250665,18543443.5
1 DEC 2022,76,76.9,74,75.1,232,146904,11159287.1
30 NOV 2022,72.5,74.9,69.7,74,329,288364,21035929.7
29 NOV 2022,71.5,72.3,69.6,70,299,123993,8760505.2
28 NOV 2022,69.8,71.9,69.3,71.1,303,218555,15453665.7
25 NOV 2022,68.5,69.6,66.9,69,197,206846,13941748.3
24 NOV 2022,70,70,65,68.1,310,373555,25629240.2
23 NOV 2022,67.9,72.4,67.8,71.9,290,312183,21949366.5
22 NOV 2022,65,68,64.9,67.3,350,333264,22245054.3
21 NOV 2022,66,66.9,63.8,64,289,165045,10659938.3
18 NOV 2022,67.5,67.5,64,64.6,445,291053,19017269.2
17 NOV 2022,67,68.6,66.5,66.9,227,154720,10433730.8
16 NOV 2022,69,69,66,66.6,345,186564,12479613.2
15 NOV 2022,73.7,73.7,68,68.8,501,267531,18614824.3
14 NOV 2022,74,74,70.6,71.4,211,90211,6554868.1
11 NOV 2022,72,73.5,71.9,72.3,344,307747,22342965.6
10 NOV 2022,72,72,70,70.4,179,79627,5609960.7
9 NOV 2022,71,73,69,70.2,284,134549,9410603.7
8 NOV 2022,76.1,76.1,70,71,423,196224,13969746.9
4 NOV 2022,75.7,77.7,74.5,75.1,307,181521,13655682.6
3 NOV 2022,77,78.5,75.5,76.5,195,73464,5599849.5
2 NOV 2022,78,79.3,77,77.2,263,133856,10414152.2
1 NOV 2022,78,79.4,76.6,77,247,382454,29530971.8
31 OCT 2022,76,78.4,75.1,76.6,271,87115,6631073.7
28 OCT 2022,79,79.5,75.5,76.6,467,173584,13357700.5
27 OCT 2022,77.5,80,77.5,78.4,401,375853,29659086.3
26 OCT 2022,76.8,79.3,76,77.2,406,207001,15976801
25 OCT 2022,78.5,80,75.1,76.7,424,160952,12466772.2
21 OCT 2022,78.9,79.9,77.5,77.9,323,100076,7828168.1
20 OCT 2022,81.5,81.5,78.1,78.6,465,205385,16209011.7
19 OCT 2022,81,83,80.5,80.9,609,841689,68196924.3
18 OCT 2022,82.1,83,80.2,80.9,466,246464,19975867.4
17 OCT 2022,85.9,86.6,82.8,83.2,397,140935,11850679.8
14 OCT 2022,89,89.8,84.5,84.9,508,365951,31367432.8
13 OCT 2022,86,89.9,84.8,88.2,553,352555,30794020.7
12 OCT 2022,78,85.9,76.6,82.2,626,464123,37515964
11 OCT 2022,86,86,78,79.9,928,534061,43074517.1
7 OCT 2022,88,88.9,84,86.4,512,359228,30929427.3
6 OCT 2022,92.9,92.9,87.1,88,728,436061,38698845
5 OCT 2022,90,94.8,89.6,91,555,406274,37060517.9
4 OCT 2022,95,95.4,85,89.6,990,683029,62216641.2
3 OCT 2022,99.8,99.8,95,95.4,538,298222,28593359.4
30 SEP 2022,97,99,96.5,98.2,347,460526,45144039.1
29 SEP 2022,97.9,98.2,96.5,97,413,234008,22697465.3
28 SEP 2022,97.8,98,96.9,97.4,398,506335,49286653.7
27 SEP 2022,99,99,96.8,97.2,503,451137,43905074.8
26 SEP 2022,99.3,99.5,97.7,98,451,432326,42443836
23 SEP 2022,100,100,98.5,99,417,571566,56687098.1
22 SEP 2022,97.5,100,96.5,99.2,577,613236,60587668.8
21 SEP 2022,100,100,96.4,97,1388,1278826,124985074.7
20 SEP 2022,102,103.5,99,99.5,923,1254574,126169650.3
19 SEP 2022,100,102.25,99.3,101.5,804,777440,78579693.1
16 SEP 2022,100,101,99.5,99.7,598,360342,35996430.4
15 SEP 2022,102.5,103,99.8,100.25,704,667237,67523885.2
14 SEP 2022,103,103,99.9,100.75,478,410673,41414441.25
13 SEP 2022,105.25,106.5,100.75,101.75,492,284925,29344258.75
12 SEP 2022,104.5,106,104.25,105.25,475,383447,40320868.25
9 SEP 2022,102,104.5,101.75,102.75,370,290563,29839256
8 SEP 2022,103,103,100,101,441,359206,36403136.25
7 SEP 2022,101,104,100,100.75,487,580077,58613375.25
6 SEP 2022,102.5,102.5,100,100.75,472,312453,31332444
5 SEP 2022,104,104,100.5,101.25,431,377626,38345995
2 SEP 2022,107,107,102,103.5,513,347265,35910785.25
1 SEP 2022,109.5,110,106,106.75,473,535827,57747989.75
31 AUG 2022,102,107,102,106,719,1161871,122127107.5
30 AUG 2022,98.9,99.9,97,98.9,535,196333,19308076.1
29 AUG 2022,99,101,98.2,98.9,337,147385,14642368.2
26 AUG 2022,98,98.2,94.5,97.8,1062,963103,93492931.4
25 AUG 2022,105,105,100,100.5,738,523092,52979488.25
24 AUG 2022,109,109,104.75,105.75,347,218486,23095303.75
23 AUG 2022,111,113.75,106.25,108.5,679,571325,62891110
22 AUG 2022,106,112,104.5,107.75,858,731833,78097068.75
19 AUG 2022,105,107,103,104.25,413,367787,38431524.75
18 AUG 2022,105,107,101,104.25,688,396573,41250801.5
17 AUG 2022,110,110,102,105,939,965274,102072312.75
16 AUG 2022,115,116,107,108.75,1217,1067484,117134938
15 AUG 2022,123.25,125,110,114.25,2465,4007196,474680889
12 AUG 2022,112.75,120,110,118,1405,3033905,348622518.25
10 AUG 2022,93,113,93,106.25,1569,2022545,210663324.65
9 AUG 2022,92,92.5,89.7,90.4,516,448482,40757394.1
8 AUG 2022,94.9,94.9,90.5,92.7,415,286604,26506801.3
5 AUG 2022,87,97,87,94.8,1119,1638159,153051480.8
4 AUG 2022,86.7,87.9,83,86,404,388342,33288885
3 AUG 2022,85,87.9,84.9,86.1,528,752876,64704936.9
2 AUG 2022,78,84.3,78,82.2,638,883679,72050000.4
1 AUG 2022,73,79.9,73,78.4,640,627431,48527517
29 JUL 2022,72,74,71.3,72.9,227,417010,30333577.5
28 JUL 2022,71,71.9,70,71.7,106,98684,7052521.5
27 JUL 2022,71,72,70.5,71.9,125,202827,14517585.6
27 JUL 2022,71,72,70.5,71.9,125,202827,14517585.6
26 JUL 2022,71.5,72.5,70.8,71.6,176,602461,43150254.7
25 JUL 2022,73.1,73.5,71,72.3,148,795768,57396659.4
22 JUL 2022,73,74.1,70.5,73.8,222,437147,32144069.9
21 JUL 2022,73.3,73.7,71.5,73,315,634344,46117375.6
20 JUL 2022,71.3,74.5,71.3,73,475,883562,64636490.9
19 JUL 2022,70,71.5,69.5,70.7,326,742581,52153489.5
18 JUL 2022,69.5,70,68.5,69.6,515,5148279,357303947.9
15 JUL 2022,64.9,69,64.8,67.4,388,1748689,116274331.9
14 JUL 2022,62.5,64,62,62.9,60,36554,2289992.5
12 JUL 2022,63.7,64.4,62,62.7,135,79793,5070942.5
11 JUL 2022,62.5,63.7,60,62.7,133,49452,3059171.4
8 JUL 2022,62,62,61,61.6,94,58954,3636799.3
7 JUL 2022,61,62.5,59,61.6,177,129485,7878353.3
6 JUL 2022,64.5,64.5,61.1,62.1,181,147045,9254928.8
5 JUL 2022,66,66,63.2,64.2,179,117189,7612050.1
4 JUL 2022,67,67.5,65,66,175,697627,46491851.3
1 JUL 2022,64,67,64,66.2,152,373769,24461742.3
30 JUN 2022,64.8,65,63.3,63.8,167,236612,15104611.9
29 JUN 2022,66,66.9,64,64.8,133,171744,11165770.5
28 JUN 2022,62.2,66,61.5,65,231,291399,18675916.8
27 JUN 2022,63,64.5,63,64,194,340461,21726636.1
24 JUN 2022,62.1,65.7,62.1,65.2,269,420403,26913924.9
23 JUN 2022,61.5,62.5,61.5,62,105,109684,6802123.8
22 JUN 2022,62,63.9,61.5,62,154,109749,6855723.6
21 JUN 2022,62,62.4,60.5,61.2,168,120727,7424263.4
20 JUN 2022,60,62.5,56.1,60.4,284,230268,13724677.7
17 JUN 2022,65,65,58,60.6,461,500598,30878899.7
16 JUN 2022,68,68,65,65.4,183,125872,8265451.7
15 JUN 2022,68.4,68.4,65.5,66.3,138,61256,4065391.7
13 JUN 2022,69.4,70,67.3,68.6,206,490069,33612887.2
10 JUN 2022,69.1,69.1,66,68,295,204201,13886048.5
9 JUN 2022,68,72,67,69.1,454,599490,41274037.2
8 JUN 2022,65,65.9,62,64.8,161,260248,16476713.3
7 JUN 2022,63.5,66,61.5,62.2,256,469847,29224098.3
6 JUN 2022,66.9,66.9,63,63.7,244,957276,61419175.4
3 JUN 2022,67,68,66,66.4,138,71189,4774830.4
2 JUN 2022,68.9,68.9,65.8,66.4,213,85292,5674683.3
1 JUN 2022,66.5,69,66,66.6,256,274943,18337456.2
31 MAY 2022,69,69,66.1,67.8,263,156800,10622133.1
30 MAY 2022,69,70.9,68.5,68.9,205,129501,8937942.7
27 MAY 2022,73,73,68.4,69.6,405,210452,14779239.6
26 MAY 2022,73,73,69.9,71.6,269,242685,17129998.9
25 MAY 2022,74.2,74.2,71.5,72.3,341,154635,11259380.5
24 MAY 2022,75,75,73,74.2,280,339762,25183544.8
23 MAY 2022,75,75,72.5,74.8,666,809882,60294761
20 MAY 2022,74,75,70,72.8,396,817019,59544192.7
19 MAY 2022,74,75,70,70.6,247,166389,11944096.8
18 MAY 2022,76,76,71,73.6,596,596919,44799080.9
17 MAY 2022,74,76,74,75.3,505,522555,39284505.3
13 MAY 2022,70,74,70,73.3,714,824599,59604959.3
12 MAY 2022,65.1,70,65.1,69.8,282,229265,15704359.5
9 MAY 2022,65,66,64,64.4,189,198445,12875386.5
6 MAY 2022,65.8,65.8,59.8,61.5,318,448944,27564496.3
5 MAY 2022,69.1,70,65,65.8,238,189794,12611991
4 MAY 2022,70,70,65,69.2,245,189747,12742219.9
29 APR 2022,70,71.5,68,69.1,579,696020,48536084.5
28 APR 2022,64,71,59.6,69.5,695,696248,46613134
27 APR 2022,50,66,50,62.3,576,562709,32568243.7
26 APR 2022,55,55,51.1,51.6,199,196562,10367805.1
25 APR 2022,63,63,56.3,61.9,183,311782,19299438.7
8 APR 2022,74,74,69.5,70.6,481,1031466,72649801.3
7 APR 2022,74,74,70.1,71.3,305,391347,28013572.2
6 APR 2022,79,79,73.5,74,517,684908,51820865.2
5 APR 2022,78,80,73,78.5,565,720142,54839419.1
4 APR 2022,71,80,65.5,70.3,523,1283774,89988869.7
1 APR 2022,75,75.1,72.7,72.9,98,585549,43617229.5
31 MAR 2022,79,79.1,75,76.9,353,595323,45708991.6
30 MAR 2022,88,88,74,80.2,939,1668913,129382262.6
29 MAR 2022,97.5,97.5,87.1,88.6,779,853099,77316546.4
28 MAR 2022,101,101,96.1,96.5,551,377477,36822509.15
25 MAR 2022,101,104.5,100.75,103.75,444,782187,80857892.25
24 MAR 2022,100,101.75,99.2,100,278,734773,73383246.1
23 MAR 2022,101,101,98.6,99.7,324,324528,32244455
22 MAR 2022,101,103.5,99,99,572,913142,91630204.3
21 MAR 2022,99,100,98.2,99,391,407705,40331041.2
18 MAR 2022,99.6,102,97.7,98.6,575,628930,62424649.6
16 MAR 2022,100,100,94.9,98.4,1027,1236023,119793740.8
15 MAR 2022,100,100.25,96.5,97,504,510016,50087226.25
14 MAR 2022,102.5,104.75,100,100.25,385,656222,66820117
11 MAR 2022,110,110,100,102,484,647676,67398938
10 MAR 2022,95,110,95,107.5,640,813158,84214828.4
9 MAR 2022,96,99.8,93,94.5,675,740382,70079286.5
8 MAR 2022,103.5,105,95,95.9,797,636916,63083865.25
7 MAR 2022,105.5,106,99.5,99.9,505,647390,66110819.75
4 MAR 2022,100.25,105,99,104.25,348,733281,75036238.45
3 MAR 2022,104,104,100,100.25,520,275893,27990979.75
2 MAR 2022,107,108,102,103.75,584,405743,42424883.5
28 FEB 2022,103.75,108,101.5,106.5,935,1352045,140664257.5
25 FEB 2022,98,103,97.9,102,808,1141029,115080086.6
24 FEB 2022,102,105,96.5,97.4,1273,1586683,157448258.9
23 FEB 2022,111.25,111.25,97.5,105,1498,1471743,150124901.85
22 FEB 2022,112,115,110,110.75,748,588849,66008822
21 FEB 2022,121,121,110.5,112.25,950,528201,60177835.75
18 FEB 2022,125,125,120.25,121.25,298,126010,15376895
17 FEB 2022,126,126,121.75,123.5,227,146461,18124237.75
15 FEB 2022,127,127,123,125,410,424620,53227732.75
14 FEB 2022,124,126,121,124.5,297,159595,19727665.5
11 FEB 2022,124,124,119.25,122.75,444,452124,55289676.75
10 FEB 2022,120,123,115,119.25,847,979336,117199438
9 FEB 2022,125,127,115,118.25,1091,987418,119306154.25
8 FEB 2022,130,130,123.5,125.25,941,965085,121182551.5
7 FEB 2022,134.75,136,129,130.25,465,345702,45563588.75
3 FEB 2022,130,135,125.75,133.5,772,1367001,179094884.5
2 FEB 2022,134,134,128.25,130,754,1136531,149120696
1 FEB 2022,139,139,132.75,133.75,651,674762,90503489
31 JAN 2022,138,139,135.75,136.75,418,453977,62255019
28 JAN 2022,139.5,140,131.75,137,736,643653,87423806.5
27 JAN 2022,139.25,142.5,133,138.5,968,1556085,215891886.5
26 JAN 2022,144,144,138,141.5,488,635506,89291641.75
25 JAN 2022,147,147.5,141,142.25,565,1017284,146000685.75
24 JAN 2022,138.5,147.5,135,145.25,1133,1566777,221993683.5
21 JAN 2022,140,141.75,138,139.25,599,851382,118843240.75
20 JAN 2022,142.75,143,139.25,139.75,445,668774,93893299.75
19 JAN 2022,146,146,139.75,142.75,682,768605,109052115.25
18 JAN 2022,139.5,146.75,139.5,144.75,883,1661530,240685271
13 JAN 2022,139,140.5,136.5,139.75,731,975466,135371424.5
12 JAN 2022,141,143.5,139,139.5,649,952294,133301110.25
11 JAN 2022,140.75,144.5,138,140.5,1297,2077417,292817727
10 JAN 2022,148.5,149,140,142,1516,1831814,263184291.75
7 JAN 2022,145,151.5,144,147.75,2039,3629039,537980022.25
6 JAN 2022,136,143.75,136,142.75,1902,3196460,446918865.25
5 JAN 2022,132,138.75,132,136.5,1634,2303128,313082555.5
4 JAN 2022,130,132.25,129.25,131,882,1424719,185797636.75
3 JAN 2022,130,132,128.75,129.25,872,828978,107616927.25
31 DEC 2021,131,131.5,129,130,686,1042494,135648849.5
30 DEC 2021,133.25,134,129.75,130.25,600,750847,98382065.25
29 DEC 2021,128,132.75,128,132,889,1358779,177290969.25
28 DEC 2021,129,130,126,126.75,685,392979,50021829.75
27 DEC 2021,129.75,132,128.5,129,688,956867,124211804.5
24 DEC 2021,129.75,129.75,127.75,128.5,425,660481,84826899.75
23 DEC 2021,128,130,125,127.25,1024,1153158,146960232.5
22 DEC 2021,130,131,127.25,128,752,682765,87851516
21 DEC 2021,130.5,130.5,124.5,128.25,1473,2226097,281950323
20 DEC 2021,135,135,130,130.5,1533,1563721,206893289.75
17 DEC 2021,134.25,138,131.25,134,3084,5768037,772280583.75
16 DEC 2021,128,132,126,128.75,3960,31668896,3990572642.5
15 DEC 2021,119.5,127,117,124.25,1879,3611427,439939918.25
14 DEC 2021,116,119,116,118,1038,2854118,335349095
13 DEC 2021,113,116.75,112,115.25,1259,2530162,290812259.5
10 DEC 2021,105.75,113.75,105.5,110.75,1057,2299135,254905626.25
9 DEC 2021,105.5,108,105,106.25,326,807512,85750374.5
8 DEC 2021,107.5,108,104.5,105.25,297,371127,39193543
7 DEC 2021,107.5,109.75,105.5,106.75,347,633705,68306386.75
6 DEC 2021,105,108,103.75,106.5,376,587720,62234403.5
3 DEC 2021,107,107,103.5,104.5,493,653883,68721100
2 DEC 2021,107,110,106.25,106.75,501,669667,72083581.5
1 DEC 2021,111,113.75,107,108,1257,1937529,213433451.75
30 NOV 2021,109,113,107,110,1968,3313568,366793614
29 NOV 2021,103,106,102,105,825,1386342,144728749.75
26 NOV 2021,99,103,98,102.25,591,725373,73356923.3
25 NOV 2021,96,99,94.9,97.9,356,435627,42171500.1
24 NOV 2021,96,97,95,95.2,655,654018,62538748.4
23 NOV 2021,98.2,98.2,95.9,96.3,608,576071,55672254.8
22 NOV 2021,99.2,99.2,97.1,97.6,442,356673,35076785.2
19 NOV 2021,99.5,102.5,98,99.2,419,621342,62492357.2
17 NOV 2021,96.5,100,95.5,99.3,491,1427311,138626265
16 NOV 2021,97,97,94.5,95.8,610,725242,69264338.4
15 NOV 2021,97.9,98.8,96.5,96.7,552,678638,65992816.8
12 NOV 2021,100,103,98,98.7,681,1049893,104677804.1
11 NOV 2021,100,100,96.1,97.1,613,882881,86503566.4
10 NOV 2021,97.9,100,97,99.7,189,91131,8961673.2
9 NOV 2021,98.9,99.9,97.5,97.8,495,373672,36636270.6
8 NOV 2021,100,100,98.7,98.9,646,588921,58369186
5 NOV 2021,100,101.75,99.4,99.8,604,859492,85661555.3
3 NOV 2021,102.25,103,99.9,100.5,311,556956,56236375.25
2 NOV 2021,102,103.5,99.9,101.75,433,700727,70895976.5
1 NOV 2021,106.5,107,101.5,102.25,281,241523,25061608
29 OCT 2021,105.5,106.5,103.5,105,222,253485,26612405.25
28 OCT 2021,108,108,104.5,105.5,315,1015252,107749853.5
27 OCT 2021,109.75,109.75,105,107,393,306324,32881234.5
26 OCT 2021,104,110.5,103.5,107.5,997,2147429,231190479.5
25 OCT 2021,103,104.5,102.5,103.5,427,1468526,151476606.25
22 OCT 2021,100,104.75,99.6,102.75,453,642318,66073272.4
21 OCT 2021,101,102,99.4,99.8,316,261333,26167856.8
18 OCT 2021,99.4,101.5,99.4,101,252,699594,70117111.05
15 OCT 2021,100,100,99,99.3,798,715858,71290605.1
14 OCT 2021,100.5,102,99.1,99.7,482,785174,78803051.4
13 OCT 2021,102,102,99.5,99.7,901,1119633,111853139.65
12 OCT 2021,102.5,104.5,101.5,102,192,252670,25848820.25
11 OCT 2021,104,105,102,102.25,225,245469,25138556.75
8 OCT 2021,103,105.75,102,104.5,266,507164,51887418
7 OCT 2021,103,103.5,100.5,100.75,498,814668,82262492.25
6 OCT 2021,104,104.5,99.9,101,553,984753,99902474.85
5 OCT 2021,106.75,106.75,103,103.25,298,367306,38173591.75
4 OCT 2021,105.25,107,103,105.25,238,188443,19722572.75
1 OCT 2021,108,108,105,105.25,295,443575,47131245.5
30 SEP 2021,108,108.5,106.5,107.5,340,403512,43330867.25
29 SEP 2021,107.25,109,106.75,107.5,466,920730,99196636.5
28 SEP 2021,107.25,109,106,106.75,641,1497205,161178839.5
27 SEP 2021,103.25,107,102.25,106.5,809,1395548,147583161.5
24 SEP 2021,100.25,103,99.8,101.5,343,658765,66412764.75
23 SEP 2021,99.8,103.5,99,99.9,310,268026,26927781.4
22 SEP 2021,99,99,97,97.4,567,1712592,166751114.7
21 SEP 2021,99.5,99.5,97,97.5,806,856565,83967447.6
17 SEP 2021,102.5,102.5,98.8,99.9,1529,2044527,204097037.8
16 SEP 2021,106.5,107,102.75,103.25,289,306868,32097081.25
15 SEP 2021,104,107,104,105.5,768,2535983,267855385.75
14 SEP 2021,100.5,106.5,100.5,102.5,546,600723,61808528.5
13 SEP 2021,105,105,99.1,100,1070,3649261,368711436.85
10 SEP 2021,109,110,103.75,104.75,621,870399,92163049
9 SEP 2021,105.25,109.75,102,108.25,1126,2085961,221712941.75
8 SEP 2021,110.5,112.25,99.1,103.25,2331,4810545,508821473.2
7 SEP 2021,114,117,110,112.75,1167,2322130,262161515.75
6 SEP 2021,119.5,119.5,115.25,116.25,801,1839152,215908002.25
3 SEP 2021,121,121.25,118,119.75,963,3862630,462158665
2 SEP 2021,121.5,124.75,118.5,119,1407,3142418,381441802
1 SEP 2021,112,124.75,112,119.5,2814,8389743,996534831.5
31 AUG 2021,107,113.5,106.5,110.25,1449,4167824,458753621.25
30 AUG 2021,120,120,107,109.5,2126,5204867,584557614
27 AUG 2021,110.5,119.5,110.5,113.75,4005,14907292,1722178271.25
26 AUG 2021,95,110,93.5,105.75,4090,11996086,1208551898.35
25 AUG 2021,92,96.4,89.1,92.3,2917,8183421,763355826.6
24 AUG 2021,82.5,92.5,82.5,88.7,3349,10893702,956868131.6
23 AUG 2021,80,82.4,77.5,81.7,901,3115353,250822682.6
20 AUG 2021,78.6,80.5,77.6,79,474,1103015,87659566
19 AUG 2021,79.5,79.5,77.5,78.2,328,962790,75375484
18 AUG 2021,77.5,81,76.5,79.6,560,2134602,167139728.6
17 AUG 2021,75,77.4,75,77,194,539851,41461353.6
16 AUG 2021,75,76,74,74.7,106,87331,6523183.9
13 AUG 2021,75,77.4,74.8,75.6,295,812738,61348789.9
12 AUG 2021,76,77,73.8,74.4,528,795979,59484725.1
11 AUG 2021,77.2,77.5,76.6,77.2,109,241185,18555389.1
10 AUG 2021,78.5,79,76.5,77,404,1302886,100560131.8
9 AUG 2021,79,79.5,77.8,78.2,234,1280631,100281181.8
6 AUG 2021,78.5,80,77,79.4,319,1051749,82994183.8
5 AUG 2021,81.5,81.5,78.1,79,461,1888961,151145032.9
4 AUG 2021,83,83.9,81.2,82.1,496,1785056,148016909.3
3 AUG 2021,81.1,83,81,82.3,394,2217998,181249616.2
2 AUG 2021,81,81.4,80,80.5,393,1335007,107908286.6
30 JUL 2021,82,82,81,81.3,227,884126,71913138.1
29 JUL 2021,81.8,82.1,81,82,170,433145,35466844.7
28 JUL 2021,81.3,82,81,81.5,269,673794,55035790.9
27 JUL 2021,81.5,82.1,81,81.5,239,436889,35510560.6
26 JUL 2021,84,84.5,81.8,82.1,590,886549,73388132.6
22 JUL 2021,82.2,84.3,82.2,83.9,818,5247220,437714026.4
20 JUL 2021,80,83.3,78.9,82.4,1207,3916927,318748859.2
19 JUL 2021,77.5,79.5,76.9,79.2,437,1659287,130684433.7
16 JUL 2021,77.6,78.2,77,77.4,126,70557,5468203.7
15 JUL 2021,77.9,78.7,77.5,77.6,176,273811,21352877.1
14 JUL 2021,78.6,78.9,77.1,77.8,135,162687,12648955.4
13 JUL 2021,78,78.9,77.5,78.6,246,421842,33064890
12 JUL 2021,76.8,78.1,76.1,78,206,393966,30503310.2
9 JUL 2021,75.6,76.8,75.6,76.6,105,142866,10912252.3
8 JUL 2021,75.5,76,75.5,76,79,121406,9224653.8
7 JUL 2021,75,75.9,75,75.5,59,42213,3181039.1
6 JUL 2021,75.7,76,74.9,75.4,132,238327,17954729
5 JUL 2021,76,76.4,75.5,75.7,121,171533,13006665
2 JUL 2021,75,76,74.4,76,193,291299,21824947.8
1 JUL 2021,74.5,75,74.4,74.5,231,202819,15122408
30 JUN 2021,75.1,76,74.5,74.9,226,837473,62786256.8
29 JUN 2021,76,76.1,75,75.2,262,1445712,108901795.6
28 JUN 2021,77,77,75.5,76.1,126,101111,7691313.6
25 JUN 2021,76.3,77.2,76.2,76.5,110,202311,15561072.9
23 JUN 2021,76,76.9,75.1,76.3,134,121206,9214035.1
22 JUN 2021,77.7,77.7,76,76.6,120,63527,4875763.8
21 JUN 2021,79.2,79.2,77.4,77.6,132,59197,4613944.9
18 JUN 2021,79.8,80.4,78.8,79.3,450,633379,50492461.3
17 JUN 2021,77.9,79.8,77.5,78.8,633,1165066,91453407.9
16 JUN 2021,75.3,78.3,75.3,77.6,267,528800,40977616.3
15 JUN 2021,75,75.6,74.9,75.1,292,730999,54873509.3
14 JUN 2021,76.5,76.5,74.5,75.2,346,1014957,76137774.1
11 JUN 2021,77,78,75.5,75.8,369,787261,60086269.8
10 JUN 2021,76.4,78,76.2,77.3,259,742378,57466907.2
9 JUN 2021,76.8,76.8,76.2,76.5,190,352970,26977662.3
8 JUN 2021,77.1,77.5,76.1,76.3,290,352570,26982761.4
7 JUN 2021,77.9,77.9,76.8,77,249,411417,31717571.3
4 JUN 2021,78.3,79.5,77.4,77.6,196,344339,26869972.5
3 JUN 2021,76,78.7,75.9,78.3,377,706029,54956223
2 JUN 2021,76.9,77,75.5,75.9,198,261325,19858681.1
1 JUN 2021,75.5,77,74.9,76.9,346,1254560,94839569.5
31 MAY 2021,76.5,77,75,75.2,438,508779,38425435.3
28 MAY 2021,76.8,76.8,75.4,75.9,230,204139,15468686.4
25 MAY 2021,76,76,74.9,75,253,214367,16087723.1
24 MAY 2021,76,77,74.3,75,513,655232,49264088.3
21 MAY 2021,78.1,78.1,74.7,75.7,645,763608,57842275.7
20 MAY 2021,79.9,79.9,77.5,78,625,1286295,100973193.7
19 MAY 2021,80.6,80.8,77.8,78.4,368,837810,66622072.4
18 MAY 2021,81,81,79.2,79.9,394,1215357,97235931
17 MAY 2021,79.1,80.9,79.1,80.4,605,2012800,161350966.7
13 MAY 2021,77,79.3,77,78.8,171,211671,16614610.4
12 MAY 2021,77.6,79.2,77.3,77.8,271,352430,27630164.6
11 MAY 2021,78,79.1,77.6,78,235,388056,30298751.5
10 MAY 2021,80,80.5,76.1,77.2,717,2301293,181233691.9
7 MAY 2021,76.3,80,75.5,79.6,826,2081544,164146462.8
6 MAY 2021,75.3,76.8,75.1,75.7,305,492430,37408775.7
5 MAY 2021,73.8,75.4,73.8,74.9,123,130186,9704470.9
4 MAY 2021,75.2,75.2,73.5,73.8,297,554940,41328208.9
3 MAY 2021,76,76,74.5,75.1,258,538519,40399828.1
30 APR 2021,75.5,76.6,74.7,76.3,156,170923,12932498.5
29 APR 2021,77.6,78.2,74.5,76.1,321,536425,40834404.2
28 APR 2021,72.2,78.2,72.2,77.4,784,1464933,110212485.1
27 APR 2021,72.7,74.9,72.3,72.5,676,1011584,73805869.5
23 APR 2021,73,76.5,71.6,73.7,662,946704,69987596.1
22 APR 2021,78.5,78.5,75,76.2,830,1474431,112696063.9
21 APR 2021,76,79.5,74.9,78.4,1278,3594985,277478801.2
20 APR 2021,82.9,82.9,75.6,76.7,2009,4989167,391843362.5
19 APR 2021,84.7,84.7,82,83.1,810,2050001,170501456.2
16 APR 2021,84.5,85.3,81.5,84.8,1705,5613799,469493570.7
15 APR 2021,82.5,85.4,82.5,84.2,1555,5043649,426024372.3
12 APR 2021,76.5,82.1,76.5,81.4,1863,4504441,359942790.8
9 APR 2021,73.5,77.7,73.5,75.9,975,3377177,257091722.1
8 APR 2021,71,74.6,70.5,73.9,654,1143019,83718547.8
7 APR 2021,75,76,72,73.2,1329,3822882,283307328.1
6 APR 2021,68,75,67.9,74,1879,5348196,385571765.5
5 APR 2021,64.7,69.4,64.2,67.4,1141,2773511,186192686.1
1 APR 2021,61.6,64.3,61.1,63.4,610,1208041,75984293.8
31 MAR 2021,59,61.5,58,60.8,477,1107321,66549712.4
30 MAR 2021,59.5,59.5,58.1,58.7,233,825779,50130025.1
29 MAR 2021,58.2,59.8,57.7,59.3,239,750354,44481255.4
26 MAR 2021,56,59.5,56,58.6,344,3126840,186166670.4
25 MAR 2021,59,59,56,57.1,306,658679,38042900.4
24 MAR 2021,54.5,59,54.1,58.3,531,1301528,74698645.1
23 MAR 2021,55,55.7,54,55.1,277,341542,18754205.6
22 MAR 2021,53,55.3,53,54.5,311,524462,28630893.7
19 MAR 2021,53.6,54,52.1,52.9,283,401412,21239528.6
18 MAR 2021,56,56,53.4,53.6,427,1467283,79007708.1
17 MAR 2021,57,57,54.6,55,401,1119151,61610827.8
16 MAR 2021,59,59,54.2,56.3,572,619447,34520070.7
15 MAR 2021,60.9,60.9,58,58.7,334,490587,29135028.3
12 MAR 2021,60,62,60,60.7,281,400686,24402828.4
10 MAR 2021,60.1,61,58.5,59.3,262,280226,16652369.5
9 MAR 2021,62.3,65,58.7,60.5,828,2516546,157117951.6
8 MAR 2021,56,61.2,54.9,60.4,948,2344516,138132322.1
5 MAR 2021,53.6,55.5,52,54.5,595,1625088,87692522.8
4 MAR 2021,55.2,57.4,52,52.5,613,2171484,117478464.4
3 MAR 2021,57,58,52.2,54.6,699,1666792,91651970
2 MAR 2021,61,61,57,57.7,787,1306121,75891758.6
1 MAR 2021,61.8,63.1,60.1,60.6,379,583558,35972378.3
25 FEB 2021,64,64,60,62,485,989490,61234042.6
24 FEB 2021,60,65.4,59,61.3,559,1204036,75722782.7
23 FEB 2021,65,65,57,60.5,842,1201078,73834920.4
22 FEB 2021,70,70,65.7,66,583,961304,64111748.7
19 FEB 2021,73.5,74,66,70.1,690,675775,48001594.7
18 FEB 2021,72.1,74.8,70.5,73.1,1130,1955138,142181096.5
17 FEB 2021,65.5,71,62,68.8,1150,2989810,200678911.3
16 FEB 2021,70,73,64.3,65.5,1927,3688484,249694149.7
10 FEB 2021,740,740,650.25,680.5,1021,350977,244852357
9 FEB 2021,780,780,730,746.5,572,149470,111096911.25
8 FEB 2021,791,805,770,776,965,268159,211484144.75
5 FEB 2021,749,790,735,781.75,577,285188,217730212.5
3 FEB 2021,730,755,700,734.5,613,206289,151468035.5
2 FEB 2021,772,799,650,711.25,934,426133,314565257
1 FEB 2021,772,772,731,741.5,678,326743,244830858
29 JAN 2021,810,815,755.5,772,600,298588,234709721.25
27 JAN 2021,795,820,780,802.25,724,341165,272565062.5
26 JAN 2021,798.75,839,789,792,1254,585754,470438749.75
25 JAN 2021,749,799.75,720,793,1330,731703,566062407.25
22 JAN 2021,800,810,735,752,1642,524195,399967523
21 JAN 2021,720,860,630,780,2941,1833706,1307248420.25
20 JAN 2021,499.75,600,495,577.5,1425,1095413,586630443.25
19 JAN 2021,500,510,480.25,497.5,317,371424,185262763.25
18 JAN 2021,500,514.75,491.25,498.25,462,508894,254377112
15 JAN 2021,471,499.5,471,491.25,581,559479,273242288.25
13 JAN 2021,455,490,455,470.25,426,374957,177870800.75
12 JAN 2021,430,456,430,452.5,701,1065481,472196122.25
11 JAN 2021,420,427.75,415.25,425.75,344,717851,304779576.5
8 JAN 2021,419,419,415,416.75,81,26420,11004677.25
7 JAN 2021,425,425,415,417.9,266,153871,64423754.6
6 JAN 2021,425,430,421,426,356,483880,206381287.8
5 JAN 2021,416,420.5,414,419.2,233,237896,99407115.6
4 JAN 2021,415,416.9,410.1,415.2,259,146804,60944744
31 DEC 2020,419.1,420,413.9,414.5,393,138841,57656114.7
30 DEC 2020,423,425.5,415,418.5,389,151733,63614430.9
28 DEC 2020,410,425,408,422.8,513,213031,88380048.7
24 DEC 2020,390,410,390,407.3,773,2289325,908154278.6
23 DEC 2020,385,390,382,386,39,13011,5036913.9
22 DEC 2020,389.3,390,385,388,48,13561,5257285.9
21 DEC 2020,381.3,391,378,385.5,78,36746,14301656.8
18 DEC 2020,389.5,389.5,381.1,385.1,42,22499,8676267.3
17 DEC 2020,390.1,392,385,388.2,89,48714,18943738
16 DEC 2020,391.5,392,387.9,390,106,58636,22900446
15 DEC 2020,389,393,388.5,391.5,142,57045,22292160.8
14 DEC 2020,370,397,368,388.7,308,296770,112892288.3
11 DEC 2020,375,375,370,373,128,46608,17357003.8
10 DEC 2020,377.5,378,372,373,125,41833,15674623.6
9 DEC 2020,376.5,382,372,373.8,197,87708,33019980.9
8 DEC 2020,375,378,375,376.2,113,33425,12578106.5
7 DEC 2020,382.1,383,371,377.7,118,35894,13625403.8
4 DEC 2020,387,387,380,380.9,167,165954,63407136.3
3 DEC 2020,387.2,387.3,380.1,383.4,148,41438,15937880.7
2 DEC 2020,387.5,389,385,387,119,57434,22242276.2
1 DEC 2020,385,388,385,387.7,180,128457,49776361.1
30 NOV 2020,388,388,383.5,385,195,56336,21736430.1
27 NOV 2020,387,387.9,385,385.3,143,31680,12246752.8
26 NOV 2020,385,390,380,384.6,235,119800,46242300
25 NOV 2020,369.5,395,369.5,383.5,353,95481,36639106.3
24 NOV 2020,360,369.5,359.2,360.3,170,66041,23781157.3
23 NOV 2020,365,365,358.1,359.2,86,40258,14500778.5
20 NOV 2020,365,365,362,364,58,6806,2473338.2
19 NOV 2020,370,370,361,362.4,104,59686,21607355
18 NOV 2020,375,378,360.2,365.8,134,19981,7382150.2
17 NOV 2020,365,374,365,373.4,171,72971,26972458.6
16 NOV 2020,369.5,370,360,364.9,113,38722,14005231.7
13 NOV 2020,380,380,368,370.7,167,40660,15061619.5
12 NOV 2020,385,385,374,378,160,30077,11409058.5
11 NOV 2020,390,391,356,383.5,696,477913,180359979.8
10 NOV 2020,448,448,379,384.6,1237,484047,195274604.5
9 NOV 2020,450,450,421,439.5,724,497563,218852725.5
6 NOV 2020,410,445,410,427.7,1166,1046294,444515139.7
5 NOV 2020,340,395,340,378.4,979,1175121,438159736.4
4 NOV 2020,339.9,340,330,335.2,96,45157,15194277.1
3 NOV 2020,310,335,309.5,331.1,188,96744,31421918.1
2 NOV 2020,305,313.3,300,308.9,53,23860,7356339.6
29 OCT 2020,299.5,317.5,299.5,313.7,92,37242,11563470.2
28 OCT 2020,308,308,290,292.5,109,30509,9053487.1
27 OCT 2020,304.1,305,300,300.7,75,25349,7635241.2
26 OCT 2020,298,306.3,290,300.7,116,67306,20064318.4
23 OCT 2020,320,320,304,308.7,105,25153,7792474.6
22 OCT 2020,290,320,281,310.5,254,87889,27237293.1
21 OCT 2020,325,326,290,294.8,431,176212,53415645.5
20 OCT 2020,329.9,333.8,310,325.7,237,78521,25221907.8
19 OCT 2020,343.3,345,300,327.3,160,35034,11729341.2
16 OCT 2020,351.7,351.7,332,343.3,184,59260,20265051.1
15 OCT 2020,350,375,340,351.7,475,192033,69040280.8
14 OCT 2020,273,335,273,319.5,485,241283,74204103.7
13 OCT 2020,270,273.9,267,271.5,84,46589,12593674.7
12 OCT 2020,269.9,272,265,269.9,56,38598,10422445.8
9 OCT 2020,260,269.9,260,260.9,76,29719,7796842.1
8 OCT 2020,260,266.9,259,260.1,88,22786,5947446.8
7 OCT 2020,249,264.8,244,254.3,128,43396,11133116
6 OCT 2020,250,279,242,249.1,198,49523,12422874.4
5 OCT 2020,270,274,251,255.4,219,151259,39752025.6
2 OCT 2020,280,288.9,277.8,284.5,59,19804,5600654.9
30 SEP 2020,280,290,275,279.9,99,41921,11747441.8
29 SEP 2020,294.9,294.9,275,288.4,102,26752,7731294
28 SEP 2020,270,294.9,270,286.8,174,45743,12867322.4
25 SEP 2020,269.9,270,265.4,268.7,60,14257,3835250
24 SEP 2020,264.9,270,263.6,267.8,87,37005,9895128.3
23 SEP 2020,261,265,250,259.4,115,59453,15186672.1
22 SEP 2020,239,270,239,259.9,338,133750,34306763.2
21 SEP 2020,230,236.4,224.3,234.8,92,2031566,467322858.9
18 SEP 2020,230,230,222,224.3,59,15827,3564418.6
17 SEP 2020,235,235,222,227.8,63,17614,4032326.2
16 SEP 2020,235,237,230,232.4,58,9696,2268035.3
15 SEP 2020,214.4,230,214.4,227.1,176,123580,27699237.5
14 SEP 2020,207.5,214,207.5,213.6,70,59201,12474674
11 SEP 2020,205,209.5,205,207.6,29,22117,4574391.4
10 SEP 2020,205,207.8,204,207,43,81963,16947999.5
9 SEP 2020,196,206,196,203.8,91,125913,25415341.7
8 SEP 2020,190.1,205,190.1,199.9,82,56240,11237478.5
7 SEP 2020,190,193,189.9,192.7,29,30824,5931803.9
4 SEP 2020,189.9,193,189.1,192.3,26,6839,1305581.2
3 SEP 2020,193,193,189,189.6,20,5525,1046654
2 SEP 2020,193,193,188,190.2,17,8978,1706495.4
31 AUG 2020,185.1,194.8,185.1,187.5,27,7959,1490924.3
28 AUG 2020,183,186.4,183,185,38,17186,3174858.5
27 AUG 2020,184.9,184.9,183,183.7,29,8313,1526671.5
26 AUG 2020,183.5,185,182.9,184.1,36,9324,1709095.4
25 AUG 2020,188,188,185,186,21,9366,1733803
24 AUG 2020,186.6,188,185,185.7,31,5187,963248.9
21 AUG 2020,183,187.5,183,186.6,37,13252,2460064
20 AUG 2020,182,192,179,187.2,107,50935,9244729.7
19 AUG 2020,190,190,177,181.5,83,15005,2782505
18 AUG 2020,194,194,189,189.9,42,26738,5095928.2
17 AUG 2020,200,200.1,189.9,193,170,157958,31377759.8
14 AUG 2020,200,202.5,193,200.8,194,130851,26052359
13 AUG 2020,175.1,199,175.1,192.6,196,80624,15122528.2
12 AUG 2020,167,174.9,165,172.1,66,41655,7094303
11 AUG 2020,166,166.8,162.5,165.6,27,4250,704112.5
10 AUG 2020,162,167,162,166.2,41,34045,5617389.1
7 AUG 2020,162.9,167,162.9,166.2,68,53009,8708023.7
6 AUG 2020,158.2,162.9,158.1,162.2,29,17446,2767086.5
5 AUG 2020,158.9,162,158.9,160,22,30253,4812997.9
4 AUG 2020,158.5,159.9,158,158.8,42,36692,5822091.7
31 JUL 2020,158.4,159,156,157.9,18,2704,428219.9
30 JUL 2020,160,160,156,156.5,31,1814,286402.4
29 JUL 2020,159.9,160,157,157,10,4155,660321.1
28 JUL 2020,156.1,160,155.2,159.2,18,654,104065
27 JUL 2020,160.1,161,157,158,63,28976,4594807.5
24 JUL 2020,162,165,160,162.1,66,47916,7726613
23 JUL 2020,150,164.4,150,161.1,112,40000,6198258
22 JUL 2020,142,150,142,150,119,30872,4590993.9
21 JUL 2020,145,145,137,139.9,42,68113,9523071.1
20 JUL 2020,136,140,135,138.5,22,11630,1590650.5
17 JUL 2020,135,135.2,135,135.2,5,2950,398340
16 JUL 2020,133.5,134.9,131,134.8,13,39305,5250585.5
15 JUL 2020,133,134.5,130.5,133.5,20,15205,2029122.8
14 JUL 2020,130.3,134.5,130.3,134.5,10,6845,917898.6
13 JUL 2020,131.1,132,130,130.1,20,5408,705201.1
10 JUL 2020,135,135,130,132.8,38,29650,3861276.4
9 JUL 2020,136,136,135,135,8,1092,148131.7
8 JUL 2020,135,135,132,132.6,39,57579,7637690.5
7 JUL 2020,134,135,134,135,9,40111,5409985
6 JUL 2020,131,133,130,131.3,47,33608,4392724
3 JUL 2020,133,133,131.5,132,27,15289,2019515.7
2 JUL 2020,133.1,138.9,132,133,45,20361,2691181
1 JUL 2020,139,139,136,137.5,9,1480,203658.5
30 JUN 2020,137,138.9,135,135,19,53085,7174245.4
29 JUN 2020,139,139,136.2,137.9,6,580,79957.7
26 JUN 2020,136.2,138.9,136.2,138.7,6,441,60677.6
25 JUN 2020,139.4,139.4,137.5,137.5,30,9518,1321072.1
24 JUN 2020,137.9,140,136.5,137.3,18,1650,229924.5
23 JUN 2020,129.8,135.1,129.8,134.8,60,104228,13619605
22 JUN 2020,129.8,129.8,128.2,128.6,47,10771,1386398.1
19 JUN 2020,129.5,129.5,128.1,128.2,46,8174,1052490.4
18 JUN 2020,129,129,128.9,128.9,55,7471,963728.5
17 JUN 2020,127.5,129.5,127.5,128.1,42,28509,3674776
16 JUN 2020,129,129,128,129,22,2024,260346
15 JUN 2020,128.8,129,128.8,129,10,242,31217.8
12 JUN 2020,129.8,129.8,127,129,41,7786,998959.9
11 JUN 2020,129.8,129.8,129.8,129.8,16,925,120065
10 JUN 2020,130,130,129,129.4,37,3899,504975.3
9 JUN 2020,130,130,128.2,129.8,63,70747,9196772.9
8 JUN 2020,130,130,128.1,130,14,396,51394.5
4 JUN 2020,130,130,130,130,19,29248,3802240
3 JUN 2020,130,130,129.7,130,6,4241,551327
2 JUN 2020,130,130,129.6,130,33,6119,795326.9
1 JUN 2020,130.4,130.4,130,130,22,1392,181112.3
29 MAY 2020,134,134,130.1,130.4,24,4215,550771.5
28 MAY 2020,134,134,133,133,15,1487,197785
27 MAY 2020,130.1,130.1,130,130,32,10260,1333911
26 MAY 2020,133,134,130,131.2,34,3506,459434
22 MAY 2020,135,135,134.8,134.9,11,2040,275247.3
21 MAY 2020,137,137,134,134.4,19,1719,233050.7
20 MAY 2020,136,138,130,130.2,18,2822,373764.9
19 MAY 2020,134,135,130,131.4,25,5392,711937.6
18 MAY 2020,131,135,130,130.9,34,4908,646344.1
15 MAY 2020,130,133,126,129.8,38,3869,502825.1
14 MAY 2020,125,130,123,125,29,31558,3942739.3
13 MAY 2020,120,130,119,124.3,13,231,28436.5
12 MAY 2020,115,115,107,109.7,49,20043,2247232.1
11 MAY 2020,120,120,120,120,8,470,56400
20 MAR 2020,124,124,123,123.6,11,3350,414163.2
13 MAR 2020,131.5,139.5,123.5,134,71,5342,694555.1
12 MAR 2020,133,140,131,132.8,50,7883,1043543
11 MAR 2020,135.1,165,135.1,140,19,9322,1306768.9
10 MAR 2020,143,143,131,135.1,53,17540,2398787.1
6 MAR 2020,150,150,142,142.7,39,6767,983565
5 MAR 2020,153,155,150,150,28,6473,971750.7
4 MAR 2020,155,155,153,153.7,13,1251,192681.2
3 MAR 2020,157.5,157.5,156,156.2,17,3219,505517
2 MAR 2020,155,157.5,155,155.1,6,465,72110.4
28 FEB 2020,154.9,154.9,154.9,154.9,2,210,32529
27 FEB 2020,158.6,158.6,157.5,157.5,3,3410,537086
26 FEB 2020,158.6,160,157.1,158.7,12,212,33634.8
25 FEB 2020,159.6,159.6,158,158.6,10,250,39602.6
24 FEB 2020,N/A,N/A,N/A,160,1,307051,49128160
20 FEB 2020,161,162,160,160,18,5061,809970
19 FEB 2020,160,161,160,161,8,313,50261.3
18 FEB 2020,161.8,169,160,160,38,1780,287733.5
17 FEB 2020,160,161,159,159.6,13,1021,163089.5
14 FEB 2020,162,163,160,160,23,1334,214147
13 FEB 2020,160,160,156.5,156.6,7,4981,794422
12 FEB 2020,160,160.5,157,160,11,5247,839462.6
11 FEB 2020,157,160,157,160,10,958,153268
10 FEB 2020,162,162,159,159.3,23,782,125297.1
7 FEB 2020,161.5,162,160.3,161.2,6,210,33847.1
6 FEB 2020,163.7,165,161.5,164.6,12,1834,302423.5
5 FEB 2020,163.7,163.7,163.7,163.1,2,95,15551.5
3 FEB 2020,160,163.7,160,163.1,5,55,8875.5
31 JAN 2020,160.2,163.5,160,163.1,8,1989,324387
29 JAN 2020,157,163.6,157,163.6,7,532,86907.6
28 JAN 2020,157,164.9,156,156.2,15,2907,453964.5
27 JAN 2020,163,163,155,158.1,22,9548,1495704
24 JAN 2020,164.8,165,163,164.5,9,1255,206940.1
23 JAN 2020,162.2,164.9,162.2,164.8,3,308,50767.6
22 JAN 2020,169.8,169.8,162.2,162.3,12,1140,186076.8
21 JAN 2020,165,169.7,165,165.4,3,115,19017.3
20 JAN 2020,162,162,162,162.1,2,12,1944
14 JAN 2020,163,169.8,162,162.1,3,104,16858.8
13 JAN 2020,169.9,169.9,169.9,163.7,1,2,339.8
9 JAN 2020,160,164.9,160,163.7,11,8860,1450395
8 JAN 2020,165.5,165.5,160,160,31,14787,2369582.8
7 JAN 2020,166.6,166.6,166.5,166.5,13,4802,799533.2
6 JAN 2020,169.8,169.8,169.8,170.7,1,5,849
3 JAN 2020,170.5,171,170,170.7,31,9903,1690389
2 JAN 2020,173.9,173.9,173.9,174.9,1,30,5217
31 DEC 2019,170.2,175,170.2,174.9,3,240,41836
30 DEC 2019,175,175,174.9,175,2,135,23621.5
27 DEC 2019,174.9,174.9,170,174.8,10,2911,496848.4
26 DEC 2019,170,174.9,150,169.6,26,3770,609697
24 DEC 2019,174.7,177,170,170,22,8836,1535442
23 DEC 2019,170,173.9,170,170,9,656,111526.9
20 DEC 2019,171.5,174.7,170,170,16,39385,6715709.4
19 DEC 2019,172.5,174.9,172.5,174.1,2,3,522.3
18 DEC 2019,173,175,173,174.1,7,656,114028
17 DEC 2019,173.9,173.9,170,170.1,6,108,18383.4
16 DEC 2019,174,174,168.2,170,17,1051,178998.7
13 DEC 2019,171.3,174.9,170.1,170.9,7,503,85965.1
12 DEC 2019,175,175,171.1,171.8,3,68,11642.6
10 DEC 2019,172,172,171.8,171.8,3,187,32131.6
9 DEC 2019,177,177,170.2,171.3,9,359,61456
6 DEC 2019,175,176.8,170,170.5,16,9746,1661899.1
5 DEC 2019,179,179,174,174.5,22,21113,3736283.3
4 DEC 2019,180,180,170.1,175.1,11,5807,1040999.2
3 DEC 2019,180.1,180.1,177.3,179.3,19,7899,1416710.4
2 DEC 2019,183,183,182,182.1,37,53486,9781778.4
29 NOV 2019,184.9,184.9,180.1,182.9,25,19018,3480115.1
28 NOV 2019,182,188.2,180,182.8,67,71340,12912906.3
27 NOV 2019,178,180,178,180,18,62853,11309128.4
26 NOV 2019,177.3,180,177.3,178,27,52091,9276174.4
25 NOV 2019,182.9,182.9,177.1,177.1,34,23851,4287263
22 NOV 2019,181,182.9,178.5,181,53,32275,5813053.4
21 NOV 2019,172,183,172,180,92,490955,88376040.3
20 NOV 2019,166.9,180,166.8,170,56,43403,7409429.2
19 NOV 2019,164.9,170.1,164,165.1,66,95235,15744389.8
18 NOV 2019,165,165,160,163.8,32,18894,3095577.4
15 NOV 2019,159,160,158,158.3,28,10644,1690203
14 NOV 2019,160,160,157.1,158.9,13,2170,346765
13 NOV 2019,159.9,160,159,160,25,15224,2433920
8 NOV 2019,156.5,159.5,156.5,156.5,3,5003,782975.6
7 NOV 2019,156.8,156.8,156.1,156.3,16,1602,250435.6
6 NOV 2019,160,160,156.7,156.8,17,2909,458018
5 NOV 2019,160,160,160,160,2,30,4800
4 NOV 2019,160,160,159,160,15,2771,443321
1 NOV 2019,159.9,175,159.9,160.2,59,31683,5087415.5
31 OCT 2019,157,159,156.1,156.6,8,124,19416.5
30 OCT 2019,159,159,157.2,158.7,6,400,63514
29 OCT 2019,160,160,159,159.5,9,445,70967.5
28 OCT 2019,160,160,159.5,159.5,8,1237,197670.5
25 OCT 2019,162.5,163.9,160,160,15,8014,1282293.9
24 OCT 2019,155.4,162,155.3,160,26,20475,3270610.5
23 OCT 2019,160,160,160,155.6,2,22,3520
22 OCT 2019,160,160,155.5,155.6,4,1002,155869.9
21 OCT 2019,160,160,160,157.9,1,1,160
18 OCT 2019,155,159,155,157.9,2,11,1709
17 OCT 2019,154.7,159,154,157.9,22,1860,291974.5
16 OCT 2019,153.1,154.7,153.1,154.7,9,257,39732.5
15 OCT 2019,154.7,154.7,153.2,153.5,13,1480,228666.8
14 OCT 2019,155,155,154.7,154.7,17,1188,184074.2
11 OCT 2019,150,154,150,154,10,6046,929412
10 OCT 2019,149.9,154.9,149.9,150.6,37,60646,9102502.2
9 OCT 2019,150,150.1,149.9,150,42,31206,4680864.7
8 OCT 2019,149.9,150,149.9,150,13,1028,154141.8
7 OCT 2019,150,150,149.9,149.9,8,749,112289.7
4 OCT 2019,148.8,148.8,148,148,8,221,32728
3 OCT 2019,149.9,150,145.1,149.9,8,795,119163.9
2 OCT 2019,151,151,145,146,32,4460,652578.3
1 OCT 2019,150,150,149.1,150,26,27404,4110500.3
30 SEP 2019,155,155,149,150.3,15,3145,472727.5
27 SEP 2019,150,154.9,150,150.5,6,612,93113.4
26 SEP 2019,149,149,149,149,8,1750,260750
24 SEP 2019,150,150,148,148.5,20,1297,193511
23 SEP 2019,149.1,152.5,149,149.1,8,463,69018.8
20 SEP 2019,155,155,150,150,15,12213,1833454.9
19 SEP 2019,155.2,155.2,155,148.9,3,87,13487
18 SEP 2019,155,155,155,148.9,2,3,465
17 SEP 2019,150,150,148,148.9,16,481,71675
16 SEP 2019,152,152,150,150.5,21,969,146164.5
12 SEP 2019,152,152,152,152,3,335,50920
11 SEP 2019,150.8,151,150.4,151,8,3087,466093.2
10 SEP 2019,154,154,150.2,151.1,30,3955,600437.6
9 SEP 2019,156.8,156.8,154,154,10,38,5893.5
6 SEP 2019,153.5,157,153.5,154,9,2356,366288.5
5 SEP 2019,157,157,153.3,153.3,5,1275,196423.5
4 SEP 2019,157.5,157.5,153.4,154.2,4,301,46562.5
3 SEP 2019,155.2,157.5,153,153.4,9,1156,177354.4
2 SEP 2019,157,157.5,155.1,155.2,5,277,43143
30 AUG 2019,156.9,157.4,156.9,157.4,8,164,25788.4
29 AUG 2019,158,158,157,157.2,13,912,143493
28 AUG 2019,159.9,159.9,157.5,158,6,124,19596.2
27 AUG 2019,158,158,157.5,157.6,10,800,126063
26 AUG 2019,159.7,159.7,158,158,8,1271,201162.5
23 AUG 2019,159.8,159.9,158,158,28,2393,380085
22 AUG 2019,158.4,158.4,158.4,158.4,2,500,79200
21 AUG 2019,160,160,158.2,158.4,15,5231,834166.8
20 AUG 2019,160,160,158.2,158.9,17,1400,223843
19 AUG 2019,160.1,163,160,161,11,1905,306337
16 AUG 2019,162,162.9,160,160.5,8,669,107394.3
15 AUG 2019,163.2,165,163,163,21,4435,728367.7
13 AUG 2019,167,167,162.1,165,20,17461,2894382.4
9 AUG 2019,163,167,161,165.5,38,3785,625942.7
8 AUG 2019,161,162,161,161.7,7,144,23279.1
7 AUG 2019,169.9,169.9,165,165.6,19,1260,209014.4
6 AUG 2019,170,170,161.2,162,27,5805,940537.1
5 AUG 2019,172,172,167,168,27,3306,556709.9
2 AUG 2019,166.6,167.8,166,166.4,17,829,137716.8
1 AUG 2019,171,171.5,166,168.2,29,2192,368420.7
31 JUL 2019,172.9,172.9,166,171.1,26,2135,364885.3
30 JUL 2019,165,180,163,172,140,38192,6580547.6
29 JUL 2019,154,165,154,160.5,122,190419,29699010
26 JUL 2019,154,155,152,154,23,4768,732041.4
25 JUL 2019,155,155,150,154.9,34,5891,897869
24 JUL 2019,155,155,150,150.6,14,2346,357559.6
23 JUL 2019,154,154,148.3,150,28,8517,1284603.6
22 JUL 2019,159.8,159.8,152,152,15,3792,586285.9
19 JUL 2019,154.6,155,154.6,155,75,84268,13058326.1
18 JUL 2019,152,155,152,152.6,26,22100,3375274
17 JUL 2019,147,150,146,150,117,61074,8956280.5
15 JUL 2019,148,149.9,146.1,146.6,14,577,84593.8
12 JUL 2019,147.5,154.9,147,148,57,5705,844080.9
11 JUL 2019,156.8,156.8,155,147.4,2,30,4668
10 JUL 2019,147.1,148,147,147.4,19,4439,652879
9 JUL 2019,149,149,148,148,8,421,62354
8 JUL 2019,150,150,148,148,8,236,35064
5 JUL 2019,153.8,153.8,150,150,9,1230,185613.8
5 JUL 2019,153.8,153.8,150,150,9,1230,185613.8
4 JUL 2019,147,170,147,153.7,21,2142,323766
3 JUL 2019,145,147,145,146,8,852,124160
2 JUL 2019,146,146,144.5,145,17,869,126168.8
1 JUL 2019,146.5,146.5,145,145,26,5015,728404.8
28 JUN 2019,148,148,146,147.6,13,1227,180708.8
27 JUN 2019,148,148,147,147.8,13,673,99464
26 JUN 2019,149,149,147.1,148.5,9,396,58820.2
25 JUN 2019,145.2,149,145.2,145.3,4,101,14680.2
24 JUN 2019,148,148,145.2,145.3,7,4063,590498.8
21 JUN 2019,150,150,150,150,1,5,750
20 JUN 2019,150,150,148.5,150,8,1004,150300
19 JUN 2019,150,174,148.5,148.7,34,4082,629655.1
18 JUN 2019,148,150,148,150,3,631,94510
17 JUN 2019,148,148,146,147.9,2,155,22930
14 JUN 2019,148,148,146,147.8,5,856,126516
13 JUN 2019,148,148,148,148,2,3,444
12 JUN 2019,148,149,145,148,10,831,123092.5
11 JUN 2019,145,145.1,145,145,5,701,101645.5
10 JUN 2019,145,145,144.2,144.2,10,705,102093.6
7 JUN 2019,145.1,145.1,145,145,8,628,91110
6 JUN 2019,145.5,145.5,145,145,19,1200,174099
4 JUN 2019,145.5,150,145.5,150,3,401,59700
3 JUN 2019,150,150,150,150,6,168,25200
30 MAY 2019,145.1,145.1,144.2,145,16,1476,214020.5
29 MAY 2019,150,150,150,145,1,20,3000
28 MAY 2019,145,150,144.1,145,22,5686,824284.2
27 MAY 2019,150,150,145,145.2,16,583,84780.2
24 MAY 2019,151.9,151.9,146,149.2,8,1306,195076
23 MAY 2019,148,148,145.8,146,70,34588,5049847.8
22 MAY 2019,148,148,148,148,21,18431,2727788
21 MAY 2019,148.1,150,148.1,150,5,867,129100
17 MAY 2019,148,148,148,148,6,303,44844
16 MAY 2019,148,155,148,148,28,16479,2439117.2
15 MAY 2019,148,148,146,146.1,21,3884,572507.5
14 MAY 2019,150,150,148,148,16,1008,150443
13 MAY 2019,150.1,150.5,150,150.6,5,51,7652.1
10 MAY 2019,152,152,150.1,150.6,7,330,49713
9 MAY 2019,154,154,152,152,24,4623,703182.8
8 MAY 2019,156,160,155,156.3,11,1049,163804
7 MAY 2019,156,156,155,155.5,27,1838,285874.7
6 MAY 2019,157,160,156,156.1,18,22364,3502893.1
3 MAY 2019,157,159.8,157,157.1,7,826,129691.8
2 MAY 2019,159.9,159.9,157,158.1,9,511,80524.5
30 APR 2019,159.9,159.9,157,157.1,8,765,120309.8
29 APR 2019,160,160,158,159.9,15,4202,671600.2
26 APR 2019,160,160,160,160,13,1659,265440
25 APR 2019,160,160,159.9,160,12,684,109437.1
24 APR 2019,160,160,159.9,160,4,731,116931.5
23 APR 2019,165,165,155,160,40,9163,1453562.9
18 APR 2019,165,165,164,164.1,16,2236,368779
17 APR 2019,171,171,165,165,28,8401,1388704.4
16 APR 2019,168.5,169,165.8,169,8,1306,220677.3
12 APR 2019,168.5,168.5,165.6,167.9,8,154,25859.2
11 APR 2019,168,168,167,167,8,283,47269
10 APR 2019,169,169,168.5,169,3,21,3543.5
9 APR 2019,169,169,169,169,13,1236,208884
8 APR 2019,169.9,169.9,169.9,169.9,10,538,91406.2
5 APR 2019,169.9,169.9,169,169,24,3423,580417
4 APR 2019,170,175,169.5,169.9,55,98120,16682385.7
3 APR 2019,170,170,170,170,6,6203,1054510
2 APR 2019,170,170,170,170,20,22678,3855260
1 APR 2019,175,175,170.1,170.5,11,6167,1059919
29 MAR 2019,169.5,169.5,168,168,6,703,118854
28 MAR 2019,167,167.1,167,167,13,3692,616564.5
27 MAR 2019,167.8,167.8,167.8,167.8,7,769,129038.2
26 MAR 2019,168.2,168.2,167,167.8,21,1617,271498
25 MAR 2019,169.3,169.3,168.5,168.5,11,724,122047.5
22 MAR 2019,170.2,170.2,169,169.2,14,872,148191.6
21 MAR 2019,170.2,170.2,169.9,170.1,18,1152,195936.2
19 MAR 2019,170.2,170.2,170.2,170.2,11,923,157094.6
18 MAR 2019,170.7,180,170.1,170.7,8,166,28304.5
15 MAR 2019,171.7,172.1,170.1,171.7,9,341,58551.1
14 MAR 2019,170.4,184.2,184.2,170.4,1,1,184.2
13 MAR 2019,170.4,170.2,170.2,170.4,2,79,13445.8
12 MAR 2019,170.4,173,170,170.4,22,3718,637885.1
11 MAR 2019,175,175,172.1,175,9,1530,263676
6 MAR 2019,172,194.8,173.1,172,4,11,1925.8
5 MAR 2019,172,172.1,172,172,5,606,104243.3
1 MAR 2019,173,175,172,173,11,3470,603607
28 FEB 2019,173.2,179.9,173,173.2,10,75727,13611671
26 FEB 2019,175,175.1,175,175,29,11069,1937075.7
25 FEB 2019,175,175,175,175,6,2957,517475
22 FEB 2019,175.1,176,175,175.1,15,2351,411583
21 FEB 2019,176.8,180,175,176.8,38,6597,1169703.3
20 FEB 2019,180.5,183,180,180.5,19,652,117706.2
18 FEB 2019,185,183.5,183.1,185,5,90,16507
15 FEB 2019,185,186.5,185,185,8,5402,999404.5
14 FEB 2019,185,189.9,185,185,2,33,6119.7
13 FEB 2019,185,185.2,185,185,20,1016,187996.5
12 FEB 2019,190,190,185,190,10,1638,306540
11 FEB 2019,185,185.1,184.6,185,4,95,17570
8 FEB 2019,185,185,185,185,9,287,53095
7 FEB 2019,185,186.2,185,185,15,380,70314.2
6 FEB 2019,186.3,190,186.2,186.3,8,120,22353.8
5 FEB 2019,187.9,190,186.2,187.9,10,1487,279678.4
1 FEB 2019,189.3,190,188.5,189.3,10,302,57182.8
31 JAN 2019,190,190,190,190,5,2121,402990
30 JAN 2019,190,190,190,190,4,3216,611040
29 JAN 2019,188.3,190,186.5,188.3,29,16620,3145319
28 JAN 2019,190.3,191,190,190.3,9,1124,213901
25 JAN 2019,196.2,209.9,196,196.2,89,20020,4033942
24 JAN 2019,194.7,197,190.1,194.7,19,5678,1105559
23 JAN 2019,189.3,195.5,185,189.3,26,14594,2757334.2
22 JAN 2019,185.5,185.5,185,185.5,11,3200,592820
21 JAN 2019,185,188,184,185,10,2074,384650.8
18 JAN 2019,184.7,185,184,184.7,15,4872,900570
17 JAN 2019,184.5,185,184,184.5,13,5200,960001
16 JAN 2019,185,185.2,185,185,17,2432,449962
14 JAN 2019,187,195,185.8,187,15,3081,578397.4
10 JAN 2019,184,184,184,184,3,1500,276000
9 JAN 2019,185,185,184,185,10,3186,589409
8 JAN 2019,185,185,185,185,6,1325,245125
7 JAN 2019,185,187,185,185,6,1003,185561.5
4 JAN 2019,187,187,184,187,3,106,19819
3 JAN 2019,185,187,184,185,17,6061,1121206
2 JAN 2019,185,187,185,185,5,581,107885
31 DEC 2018,187,193,185,187,15,2376,440788
28 DEC 2018,185,189,185,185,8,1023,189286.5
27 DEC 2018,185.5,186,185,185.5,9,2845,527601.9
26 DEC 2018,185.2,185.2,184.5,185.2,2,4967,919887
24 DEC 2018,185.2,184.5,184.5,185.2,1,1,184.5
21 DEC 2018,185.2,185.2,184.1,185.2,8,2820,522262.9
20 DEC 2018,185.2,185.2,185.1,185.2,12,2222,411487.9
19 DEC 2018,185.2,185.3,185.2,185.2,6,1000,185205
18 DEC 2018,193,189.9,189.9,193,1,5,949.5
17 DEC 2018,193,193,192.9,193,4,201,38783
14 DEC 2018,185.2,185.2,185.2,185.2,9,311,57597.2
13 DEC 2018,185.2,189.9,189.9,185.2,1,52,9874.8
12 DEC 2018,185.2,189.9,185,185.2,3,805,149049.5
11 DEC 2018,185,185,185,185,9,1000,185000
10 DEC 2018,185,189.9,185,185,21,4127,765525.9
7 DEC 2018,186,186,185,186,17,10313,1916128
6 DEC 2018,185.2,190,185,185.2,14,1505,278780.8
5 DEC 2018,186.3,189,189,186.3,1,5,945
4 DEC 2018,186.3,190,185,186.3,16,1058,197082.5
3 DEC 2018,191.6,193,188,191.6,7,141,27013
30 NOV 2018,188,188,188,188,10,4796,901648
29 NOV 2018,188,188,188,188,13,1441,270908
28 NOV 2018,188,189,187.7,188,23,2116,397905
27 NOV 2018,188,188,188,188,24,1031,193828
23 NOV 2018,190.6,192,190,190.6,7,336,64040
21 NOV 2018,190,195,190,190,4,1012,192285
16 NOV 2018,192,199.5,192,192,2,201,38599.5
15 NOV 2018,190,200,190,190,8,5132,975943.1
14 NOV 2018,195,199.5,189,195,8,376,72877.1
13 NOV 2018,189.6,195,189,189.6,18,1110,210794
12 NOV 2018,195,199.5,195,195,5,171,33349.5
9 NOV 2018,199.5,200,191,199.5,9,637,124710.5
7 NOV 2018,200,197.1,195,200,4,55,10765.5
5 NOV 2018,200,200,199.9,200,12,14247,2849197.6
2 NOV 2018,199.8,205,199,199.8,13,1605,323810
1 NOV 2018,200.4,207.5,190.5,200.4,29,12865,2578356
30 OCT 2018,191.5,202,191.5,191.5,17,3885,773086.7
29 OCT 2018,200,225,187.5,200,8,949,185044.6
26 OCT 2018,185.8,185.9,184.7,185.8,9,927,172259.9
25 OCT 2018,180,184,180,180,30,1438,259569.6
23 OCT 2018,184.9,187,184.7,184.9,15,3406,633099
19 OCT 2018,191,185,181.6,191,7,85,15472
18 OCT 2018,191,191,191,191,1,100,19100
17 OCT 2018,190,190,190,190,1,2,380
16 OCT 2018,190,191,189,190,4,200,38000
15 OCT 2018,188.1,190,188,188.1,13,692,130387.5
12 OCT 2018,192.4,191.1,190,192.4,5,42,7984.4
10 OCT 2018,192.4,195,191,192.4,14,709,137043.5
9 OCT 2018,191.7,195,191,191.7,7,155,29727.9
8 OCT 2018,196.1,191,191,196.1,1,80,15280
5 OCT 2018,196.1,197,190,196.1,8,1154,225620.5
4 OCT 2018,188.2,191,187.1,188.2,5,138,25968
3 OCT 2018,191,191,186,191,4,120,22820
1 OCT 2018,190.7,191,188,190.7,3,157,29790
28 SEP 2018,191,191,186,186.7,32,4829,920882.6
27 SEP 2018,192,192,191,191,9,765,146195.6
26 SEP 2018,194,198,194,194.1,4,1700,329904
25 SEP 2018,197,197,190.1,192.2,9,47,9015.4
21 SEP 2018,196.8,197,175,192.2,10,189,36322.2
20 SEP 2018,196.8,198,196.8,197.9,6,402,79466.4
19 SEP 2018,199,200,197,198.3,9,1842,367468.9
18 SEP 2018,199.9,200,197,198.7,19,6671,1331906.4
17 SEP 2018,200,200,198.9,199,2,10,1998.9
14 SEP 2018,197,197,197,199,1,10,1970
13 SEP 2018,198,200,198,199,7,1366,271844.2
11 SEP 2018,198.2,198.2,197,198,11,798,158024.2
10 SEP 2018,198.2,198.2,198,198,5,4968,983685
6 SEP 2018,200,200,200,200,3,211,42200
5 SEP 2018,200,200,200,200.4,1,74,14800
4 SEP 2018,200.4,200.4,200,200.4,3,405,81160
3 SEP 2018,201,201,200,200.4,5,756,151437.4
31 AUG 2018,206,206,206,200,1,1,206
30 AUG 2018,200.1,200.1,200,200,5,3267,653420
29 AUG 2018,200,207.5,200,200,25,50731,10146473.3
28 AUG 2018,199,199,199,199,5,266,52934
27 AUG 2018,200,200,199,200,3,23,4598
24 AUG 2018,200,200,199.1,200,3,133,26598.2
23 AUG 2018,200.1,204,200,200,36,12158,2432454.2
21 AUG 2018,200,203.5,198.5,200.1,4,228,45614.5
20 AUG 2018,199.5,200,199.5,199.9,3,2588,517417.9
17 AUG 2018,200,200,200,200,4,42712,8542400
16 AUG 2018,200,200,195.2,199.9,2,304,60780.8
15 AUG 2018,198,200,198,199.6,6,3214,641469
14 AUG 2018,196,199,195,195.7,8,396,77656.2
13 AUG 2018,198,198,198,198,3,121,23958
10 AUG 2018,200.1,200.1,199.5,199.9,27,37761,7550592.4
9 AUG 2018,201.5,201.5,200,200.1,9,10354,2070904.6
8 AUG 2018,201,202,200,200,21,44175,8835539.2
7 AUG 2018,201,201,201,201,3,121,24321
3 AUG 2018,200.1,202.5,200,200.6,16,5424,1087537.5
2 AUG 2018,202.5,205,200,200.1,26,19291,3900967.9
1 AUG 2018,202.5,205,202.5,205,2,510,104525
31 JUL 2018,206,206,205.1,203,2,12,2463
30 JUL 2018,203,206,202.5,203,18,3029,615195.6
26 JUL 2018,204.5,206,204.5,204.6,3,105,21480
25 JUL 2018,205,205,204.5,202.4,2,37,7576.5
24 JUL 2018,209,209,202.1,202.4,17,2443,501614.1
23 JUL 2018,209,209.5,209,209.5,4,230,48170
20 JUL 2018,209.9,209.9,209,209,7,907,190199.3
19 JUL 2018,209.5,209.5,202,208.9,13,1200,250663.9
18 JUL 2018,210,210,209.9,210,6,176,36959
17 JUL 2018,209,210,209,209.9,18,1513,317590.4
13 JUL 2018,210,210,210,210,4,1005,211050
12 JUL 2018,201,210,200.5,205.3,6,201,41264.9
11 JUL 2018,210,210,210,210,3,340,71400
10 JUL 2018,205,215,205,210,14,984,205975
9 JUL 2018,206,219,205.9,206.4,9,1341,276778
6 JUL 2018,201,201,200,200.1,19,4758,951697
5 JUL 2018,204.9,204.9,204.9,200,1,13,2663.7
4 JUL 2018,200.1,200.1,200,200,28,34752,6950473.4
3 JUL 2018,204,204,200,200.1,36,5210,1042823
2 JUL 2018,209,209,205,205.1,7,3364,690505.5
29 JUN 2018,214,214,214,213.8,1,5,1070
28 JUN 2018,214.2,214.2,210,213.8,3,110,23520
26 JUN 2018,203.1,220,203.1,215,13,8648,1852671
25 JUN 2018,210,210,204.9,205,11,1983,406889.5
22 JUN 2018,205,210,205,209,6,635,132737
21 JUN 2018,207,207,207,207,8,1128,233496
20 JUN 2018,212.5,212.5,212.4,212.5,4,582,123670
19 JUN 2018,212.7,212.7,212.5,212.5,4,510,108384
18 JUN 2018,215,215,213.2,215,3,12,2560.2
14 JUN 2018,214.1,215,214.1,215,6,75,16058.4
13 JUN 2018,215,215,214.1,215,7,16125,3466861.5
12 JUN 2018,216.5,216.5,215,215,5,1251,268980
8 JUN 2018,215,215,214,215,7,3496,751600
7 JUN 2018,215,215,215,215,5,1420,305300
6 JUN 2018,215.1,217,215,215.1,15,2533,544904
5 JUN 2018,215,215,215,215,7,1069,229835
4 JUN 2018,218.5,218.5,215,215,5,791,170327.6
1 JUN 2018,215,215,215,215,3,1173,252195
31 MAY 2018,215,215,212,212.5,9,500,106240.5
30 MAY 2018,219.5,219.5,215,215,6,1818,391432.5
28 MAY 2018,215,215,215,215,10,4707,1012005
25 MAY 2018,215.1,215.1,211.1,214.9,13,3706,796506.5
24 MAY 2018,220,220,215,216.5,17,927,201331.6
23 MAY 2018,225,225,220,218,2,15,3315
22 MAY 2018,215,227,215,218,70,41000,9193430
21 MAY 2018,216,216,215,215,13,10716,2303985
18 MAY 2018,215.7,218,215.7,217.6,8,4419,959478
17 MAY 2018,215,215.1,215,215,3,981,210915.1
16 MAY 2018,215.5,216,215.5,215.7,10,2624,565802
15 MAY 2018,218,218,215,215.6,9,1710,369471.5
14 MAY 2018,216.1,216.5,215,216.5,14,4488,970249
11 MAY 2018,217,217,216,216.1,7,2450,529976
10 MAY 2018,213.1,217.9,213,216.9,5,51,10869.4
9 MAY 2018,217,217,216.9,216.9,4,671,145549.5
8 MAY 2018,217,217,216.9,216.9,4,1200,260295
4 MAY 2018,217.6,218,216.1,218,14,1925,419000.6
3 MAY 2018,219,219,217.5,217.6,9,1052,228932
2 MAY 2018,217,225,217,218,25,12247,2696967.2
1 MAY 2018,215.5,216.5,215.5,215.5,8,31647,6820088.4
27 APR 2018,215,216.5,215,215.5,13,3488,752460
26 APR 2018,217,217,215,216,12,1405,303875.4
25 APR 2018,215.7,220,215.7,216,14,17405,3759363.4
24 APR 2018,215.5,215.5,215,215.1,12,1848,397360
23 APR 2018,215.2,216,215,215.1,16,3242,697261
20 APR 2018,215.1,216.9,215,215.2,18,16648,3580225.9
19 APR 2018,215,217,214.9,215,26,47054,10119313.5
18 APR 2018,214.1,215,214.1,215,15,12932,2777539
17 APR 2018,214,216.9,214,214.1,32,40302,8633638.4
16 APR 2018,213.8,215,213.8,214,14,323,69119.7
12 APR 2018,213.8,213.8,210,210,4,577,121201.3
11 APR 2018,208,210,208,209.8,7,5973,1251079
10 APR 2018,210,214,210,210.6,15,2259,475564.5
9 APR 2018,205.1,205.1,205.1,205.1,6,1981,406303.1
6 APR 2018,205.1,205.1,205,205.1,2,1808,370740
5 APR 2018,204,207,204,204.2,19,6090,1243467
4 APR 2018,202.5,204,202.5,202.5,5,2016,408264
3 APR 2018,201.6,201.6,201,201.1,10,2052,412652.6
2 APR 2018,200.2,203,200,202.3,39,18853,3772318.9
29 MAR 2018,203,204,200.1,200.7,24,5115,1026141.5
28 MAR 2018,205,205,201,201.1,3,820,164910
27 MAR 2018,202.5,202.5,200,200.7,27,5917,1191837.5
26 MAR 2018,205,205,202,202.2,6,3633,741980
23 MAR 2018,205.3,206,202.1,204.9,26,6586,1350242.9
22 MAR 2018,205,206,200.1,206,27,8590,1761124.8
21 MAR 2018,205,205,205,205,2,510,104550
20 MAR 2018,209,209,199.1,200,39,12678,2535720
19 MAR 2018,200,211,200,200.1,103,25470,5102015.7
16 MAR 2018,210,214.5,191,200.3,221,73133,14850847
15 MAR 2018,215,217.9,210,210.7,97,18739,3971917
14 MAR 2018,218.9,218.9,215,215,74,14049,3043574.4
13 MAR 2018,220,220,218.6,219,21,51503,11279240.3
12 MAR 2018,229,229,219,219,54,24644,5418334.5
9 MAR 2018,219.5,220,219,219,40,14464,3172480.1
8 MAR 2018,220,221,219.5,220,31,7883,1733848.5
7 MAR 2018,222.2,222.2,220,220.8,25,2358,520611
6 MAR 2018,226,226,222.3,222.5,20,3059,684404
5 MAR 2018,228,228,225,225,29,9478,2140505
2 MAR 2018,227,227,226,227,6,1136,257821
28 FEB 2018,228.9,228.9,227,227,5,360,81824.5
27 FEB 2018,225,229,225,225.6,22,2851,642888.1
26 FEB 2018,229,229,225,225.4,25,3887,880490
23 FEB 2018,227,228,227,227,6,767,174129
22 FEB 2018,229.9,229.9,226.5,227.5,20,1264,287613.8
21 FEB 2018,227.5,230,227,228.4,14,2367,538436
20 FEB 2018,227,227,227,227,13,1782,404514
19 FEB 2018,228.2,228.2,227,227,20,2804,637089
16 FEB 2018,229,230,227,228.2,7,247,56446
15 FEB 2018,230,230,228,230,8,1700,390000
14 FEB 2018,232.4,232.4,230,230,30,13509,3111466
12 FEB 2018,232.3,235,232.3,235,12,591,138397.7
9 FEB 2018,236,236,235,235,5,241,56645
8 FEB 2018,236,236,236,231.2,1,5,1180
7 FEB 2018,231.5,231.5,231.1,231.2,10,1983,458314
6 FEB 2018,230.6,231,230.6,231,2,5010,1157306
2 FEB 2018,232,232,231,232,5,499,115758
1 FEB 2018,231,232,230,230,12,2823,649671
30 JAN 2018,230.4,230.4,230,230,30,6164,1418120.2
29 JAN 2018,234.9,234.9,230,231.4,34,1697,393837.4
26 JAN 2018,235.1,235.1,235,235,15,486,114224.4
25 JAN 2018,235.6,235.6,235.1,235.2,5,201,47275.6
24 JAN 2018,237,237,236,236,17,35480,8373946.2
23 JAN 2018,237,237.4,237,237.4,6,839,198923.4
22 JAN 2018,237,237.5,237,237,6,940,222802.5
19 JAN 2018,237.9,237.9,237,237.5,6,7823,1857962
18 JAN 2018,236,237.9,235,235.3,15,520,122366.8
17 JAN 2018,237,237,236,236,15,20749,4897750
16 JAN 2018,237,237,236.5,236.5,6,276,65328
12 JAN 2018,238,238,237,237,6,338,80206.7
11 JAN 2018,238,238.3,236.5,237.8,15,2654,630415.5
10 JAN 2018,238,238.4,238,238,21,18625,4432790.4
9 JAN 2018,238,238.1,238,238,10,161,38319
8 JAN 2018,238,238,238,238,19,13766,3276308
5 JAN 2018,239,239,237,238.2,41,3671,876440.2
4 JAN 2018,239,239,239,239,13,774,184986
3 JAN 2018,240,240,239,239,23,2270,543241.1
2 JAN 2018,240,240,239.1,239.9,8,129,30952.8
29 DEC 2017,243,243,240,241,18,131,31575
28 DEC 2017,241,243,240.5,241,15,746,179868.5
27 DEC 2017,240.1,241,240,240,7,70,16810.4
22 DEC 2017,240.5,240.5,240,240,10,1070,256833
21 DEC 2017,241,241,240,240.1,16,331,79512.3
20 DEC 2017,245,245,245,245.2,1,10,2450
19 DEC 2017,242,248,240.6,245.2,11,2758,669762
18 DEC 2017,249,249,240.2,244.8,17,1506,368702
15 DEC 2017,249,249,245.5,245.5,5,312,76648
14 DEC 2017,245.1,245.1,245,245,11,1675,410380.3
13 DEC 2017,245.1,245.1,245.1,245,1,28,6862.8
12 DEC 2017,245.2,245.2,245,245,16,1299,318264.4
11 DEC 2017,254,254,250,250.1,22,3606,901990.6
8 DEC 2017,255,255,254,255,5,1019,259835
7 DEC 2017,256,256,255,255,8,517,131970.2
6 DEC 2017,258,258,256,256.1,16,1193,306160.2
5 DEC 2017,258,258,258,258.6,4,25,6450
4 DEC 2017,258.3,259,258.2,258.6,12,353,91273.8
30 NOV 2017,259.6,259.6,259.6,259.6,5,209,54256.4
29 NOV 2017,259.9,259.9,259.5,259.8,2,52,13494.8
28 NOV 2017,260,260,259,259.8,17,11962,3108801.5
27 NOV 2017,262,262,260,260,10,8988,2336890
24 NOV 2017,260,260,260,260,6,1246,323960
23 NOV 2017,260,260,260,260,2,10,2600
22 NOV 2017,261,261,259,260,24,13929,3621431
21 NOV 2017,265,265,263,259.9,4,46,12104
20 NOV 2017,260,261,259,259.9,19,1023,265961
17 NOV 2017,260.5,260.5,260,260.1,11,1010,262661.4
16 NOV 2017,261.1,269.9,261.1,265,4,1489,390784.5
14 NOV 2017,261.1,261.5,260,260.3,20,543,141333.1
13 NOV 2017,265.1,270,261.1,266.9,8,946,252031
10 NOV 2017,267.9,290,265.1,267.9,21,2186514,709747256.6
9 NOV 2017,261.1,261.1,261.1,261.1,2,100,26110
8 NOV 2017,265,265.5,260.1,260.6,35,2165,571934.2
7 NOV 2017,270,270,267.3,267.4,8,102,27273.4
6 NOV 2017,275,275,270,270.1,21,3399,918458.4
2 NOV 2017,270.2,275,270,270,17,2064,557387.4
1 NOV 2017,272,273,272,272.6,2,500,136296
31 OCT 2017,273,273,271.1,271.8,10,1267,344514.3
30 OCT 2017,272,273,272,272.5,11,2096,570472
27 OCT 2017,270.3,272.2,270,272.1,10,2161,586765.9
26 OCT 2017,270,274.9,270,273.9,9,907,248010.4
25 OCT 2017,271,273,269.5,270,17,2466,666296.9
24 OCT 2017,273.6,273.6,269,269.5,10,535,145807.1
23 OCT 2017,273.6,273.7,273.6,273.6,5,580,158688.1
20 OCT 2017,273.9,273.9,273.5,273.6,13,3679,1006778.9
19 OCT 2017,273.6,273.7,273.5,273.5,8,2446,668992.8
17 OCT 2017,273.6,275,273.5,274.2,5,1179,323242.1
16 OCT 2017,275,275,273,274,7,3441,941293.2
13 OCT 2017,273.9,275,272.5,275,8,2038,558160.5
12 OCT 2017,272.6,273.8,272,272.5,10,2080,566781.6
11 OCT 2017,273,273,272,272.5,7,2382,649486
9 OCT 2017,273.1,273.1,273,273,11,3692,1007971.3
6 OCT 2017,274,274.9,273,274.5,6,623,170926
4 OCT 2017,275,275,273,275,6,1848,508198
3 OCT 2017,273,273,272,272,2,200,54401
2 OCT 2017,265.6,279.9,265.6,270,3,12,3277.5
29 SEP 2017,270,270,270,270,2,100,27000
28 SEP 2017,270.1,270.1,270,270,4,85,22955
27 SEP 2017,273.5,273.5,270,270,7,628,169598
26 SEP 2017,273.9,275,270,273.5,36,6393,1736232.4
25 SEP 2017,274.5,274.5,273.5,273.9,3,116,31777
22 SEP 2017,274,274,274,274.5,1,2,548
21 SEP 2017,270.2,274.5,270.2,274.5,7,401,109231.7
20 SEP 2017,275,275,270.1,271.9,12,1473,402036.5
19 SEP 2017,275.5,276,271,274.2,17,994,272577
18 SEP 2017,280,280,276,279.8,11,1090,302277.5
15 SEP 2017,280,280,279.5,279.9,15,2142,599489.5
14 SEP 2017,276,282,275,280,79,43867,12261574.8
12 SEP 2017,276,276,270,274.6,13,1917,528375
11 SEP 2017,285,285,276,277,9,122,33864
8 SEP 2017,276,280,276,277.1,4,187,51814
7 SEP 2017,276,276,276,276,3,1019,281244
6 SEP 2017,280,280,275.1,278.4,14,1405,391271.1
4 SEP 2017,280,280,275.4,275.8,6,229,63164.2
31 AUG 2017,288.7,288.7,280,280,2,20006,5601732.2
30 AUG 2017,289.9,289.9,275.2,275.6,10,459,126519.1
29 AUG 2017,280,285,280,280.1,41,41339,11580180
28 AUG 2017,275.3,277.6,275.3,277.5,8,4248,1178824.6
25 AUG 2017,277.5,277.5,275.2,275.2,10,6732,1867511.7
24 AUG 2017,277.5,277.5,277.5,277.5,5,2778,770895
23 AUG 2017,277,277.5,277,277.2,5,196,54340
22 AUG 2017,277,277,277,277,1,250,69250
21 AUG 2017,280,280,280,280,5,4696,1314880
18 AUG 2017,278,278,278,280.1,1,86,23908
17 AUG 2017,280.2,280.2,280.1,280.1,6,200,56020.5
16 AUG 2017,283.5,283.5,281,281,20,100866,28544667.4
15 AUG 2017,285,286,283.1,284,43,33595,9541321.8
14 AUG 2017,290,290,285,288.9,6,1503,434405
11 AUG 2017,290,290,290,290,4,302,87580
10 AUG 2017,293,293,289.9,295.2,7,37,10747.4
9 AUG 2017,294,294,294,295.2,2,9,2646
8 AUG 2017,295.2,296,295,295.2,8,1306,385525
4 AUG 2017,296,297,296,296.6,8,1173,347873
3 AUG 2017,296,297,296,296.5,11,10296,3048355
2 AUG 2017,295.9,296,295.3,296,21,18449,5459413.5
1 AUG 2017,295.2,297,295.2,296,18,14431,4269720.9
31 JUL 2017,296,296,295,295.2,9,4520,1335132.5
28 JUL 2017,295,295,295,295,9,4713,1390335
27 JUL 2017,295,295,295,295,2,402,118590
26 JUL 2017,295,296,295,295.3,24,17416,5143232.5
25 JUL 2017,295,296,295,295,20,22082,6514209
24 JUL 2017,292,295,292,295,16,17840,5259800
21 JUL 2017,295,295,295,295,5,4721,1392695
20 JUL 2017,294,296,294,295,12,7846,2314633
19 JUL 2017,292.1,295,292.1,294.6,6,3238,950252.5
18 JUL 2017,292.1,292.1,292,292,4,1636,477712.5
17 JUL 2017,292,296,292,292.4,9,663,193716.5
14 JUL 2017,292.1,296,292.1,296,7,2526,747692.1
13 JUL 2017,296,298,295,295.1,23,18772,5577457
12 JUL 2017,292,296,292,295.1,25,7673,2265279.1
11 JUL 2017,292,296,292,295.9,15,7762,2294924
10 JUL 2017,292,295,292,295,16,5957,1739774.7
7 JUL 2017,292,297,292,292,3,18,5300
6 JUL 2017,292.5,296.9,292,292,5,2889,844772.1
5 JUL 2017,290.1,297.9,290,291.1,9,520,151085
4 JUL 2017,296.5,299,295.5,297,17,10192,3031249
3 JUL 2017,296.2,296.2,295,295,4,1132,334687.5
30 JUN 2017,300,302.8,296.1,296.1,18,8058,2417096.9
29 JUN 2017,295,300,291.6,299.4,59,37306,11127590.5
28 JUN 2017,290,295,290,291.6,20,125785,36487720
27 JUN 2017,292,292,290,291,15,8650,2512128
23 JUN 2017,290,290,290,290,3,202,58580
22 JUN 2017,290,292,290,290,7,364,105760
21 JUN 2017,292.4,292.5,292.4,292.5,6,6890,2015074.9
20 JUN 2017,285.1,292.6,285,292.5,35,81959,23915538.1
19 JUN 2017,290,290,289,290,2,1009,292566
16 JUN 2017,283,295,283,290,18,17100,4965953.1
15 JUN 2017,280.5,285,280.5,283.4,26,10101,2856823.3
14 JUN 2017,280.5,280.5,280.5,280.5,2,229,64234.5
13 JUN 2017,281.1,282,280.1,281.7,8,1656,466350.8
12 JUN 2017,280.2,282,280,281,26,13907,3894402.8
9 JUN 2017,283,283,280,280.6,16,7102,1988869
7 JUN 2017,283,283,283,280.6,1,5,1415
6 JUN 2017,283.5,283.5,280,280.6,10,1504,422024.1
5 JUN 2017,282,285,282,283.9,9,1225,348877
2 JUN 2017,287,287,280,281,13,546,153543.5
1 JUN 2017,287,287,282,282,16,1777,501146.9
31 MAY 2017,288,288,286,287,14,1945,558086.5
30 MAY 2017,290,294,290,290.9,20,6931,2011913.6
29 MAY 2017,290.1,292,290,290,37,9410,2728960
26 MAY 2017,292,292,290,291,40,14436,4202107.2
25 MAY 2017,295.1,295.1,292,293.8,10,2355,691826.3
24 MAY 2017,299.9,299.9,290,290.5,11,622,180683.4
23 MAY 2017,295,299.9,294,297,57,19899,5884542.4
22 MAY 2017,290,295,289,293.9,26,13701,4010426
19 MAY 2017,282,288.9,282,287.1,40,41217,11745785.5
18 MAY 2017,285,285,281,281,14,6433,1807924.5
17 MAY 2017,280.2,280.5,280,280,11,32148,9001709.5
16 MAY 2017,280.1,280.1,280,280,16,9271,2595979.4
15 MAY 2017,280,282.5,280,280.8,22,8683,2441668.5
9 MAY 2017,280,280,280,280,4,1827,511560
8 MAY 2017,282.5,282.5,280,280.2,14,1843,516685.5
5 MAY 2017,281.1,285,281,284.8,10,1750,495752
4 MAY 2017,282,286.5,281,286,17,7098,2029211
3 MAY 2017,285,288,285,287.9,19,6701,1926493.8
2 MAY 2017,285,287.5,285,287.5,14,24239,6915627.5
28 APR 2017,275.1,289.9,275,285.9,13,1799,509402.1
27 APR 2017,280,282.5,280,281.6,7,3528,993175.3
26 APR 2017,280,280,280,280,10,12256,3431680
25 APR 2017,280,282,280,280,6,1222,342174
24 APR 2017,275.1,282.5,275,280.3,21,44001,12314649.3
21 APR 2017,280,281,279.5,280,17,4503,1261322.5
20 APR 2017,277,280,277,280,6,2209,617956
19 APR 2017,275,279.9,275,275.8,6,1270,350240
18 APR 2017,277,280,277,280,8,2056,575641
17 APR 2017,279.8,280,270,275,17,18221,4996939.3
12 APR 2017,279.8,280,278.9,280,12,6942,1943439.8
11 APR 2017,270,272.5,270,270,5,1132,305765
7 APR 2017,267.9,270,266,267,10,10071,2696620.1
6 APR 2017,265,268,265,267.6,6,6103,1619053.9
5 APR 2017,265,265,262.1,265,6,1122,297321.3
4 APR 2017,264,265,264,265,12,1758,464728
3 APR 2017,265,265,262,262,12,951,249807.3
31 MAR 2017,264.8,265,264.8,265,11,6225,1649078.6
30 MAR 2017,261.1,265,261.1,262,8,3021,791809.1
29 MAR 2017,262,265,262,265,8,3207,845625
28 MAR 2017,265,265,261.1,261.2,5,754,196997.5
27 MAR 2017,261.2,265,261.1,262.7,8,14543,3819998.6
24 MAR 2017,261,265,261,261.9,7,5199,1358237
23 MAR 2017,260.6,265,260.6,261,6,2244,585308.4
22 MAR 2017,261,262,259,260.6,14,4842,1262279.2
21 MAR 2017,262,262,262,261,2,35,9170
20 MAR 2017,261,261.1,261,261,12,2458,641541
17 MAR 2017,261,261,260,260.4,17,3754,978129
16 MAR 2017,261,261,260,260,9,2297,598722.5
15 MAR 2017,261,261,260,260.9,10,3443,898187
14 MAR 2017,260,261,260,260.1,6,2995,778915.5
13 MAR 2017,262,262,260,261,11,251,65510.2
10 MAR 2017,262,262,262,262,3,12223,3202426
9 MAR 2017,266,270,262,262,6,1114,291897
8 MAR 2017,262,270,262,262.1,23,118300,31888249.5
7 MAR 2017,263,264.9,262,262.8,12,6658,1745776
6 MAR 2017,264,264,264,265.7,2,35,9240
3 MAR 2017,265,266,265,265.7,10,6452,1710780
2 MAR 2017,265,265,265,265,8,1225,324625
1 MAR 2017,265.1,269,265,265,6,10035,2659438.3
28 FEB 2017,266,266,265,265,15,6597,1748611
27 FEB 2017,266.1,269,266,266,8,1961,521752
23 FEB 2017,266,266,266,266,2,514,136724
22 FEB 2017,265,266,265,266,9,2485,659030
21 FEB 2017,266.1,266.1,265,265,14,4268,1133468.5
20 FEB 2017,266.1,268,266.1,266.1,13,2947,784198.6
17 FEB 2017,266.1,266.1,266.1,269,2,58,15433.8
16 FEB 2017,270,270,269,269,4,525,141345
15 FEB 2017,269,269,269,269,2,500,134500
14 FEB 2017,269,271.5,269,269,10,6327,1706814.2
13 FEB 2017,268,270,265,270,10,3856,1030905.5
9 FEB 2017,264,265,264,265,6,1303,344993
8 FEB 2017,272,272,264,264,3,501,132272
7 FEB 2017,263,264,263,264,9,1426,375314
6 FEB 2017,279.5,279.5,263,263.1,16,524,138286.8
3 FEB 2017,270,270,270,270,3,14122,3812940
2 FEB 2017,265,265,265,265,9,3698,979970
1 FEB 2017,265,265,265,265,2,324,85860
31 JAN 2017,265,265,265,265,3,1956,518340
30 JAN 2017,263,265,263,264.9,11,4478,1182664
27 JAN 2017,262.1,263,262.1,263,4,1375,361400
26 JAN 2017,261.3,263,261.1,262.9,7,1694,443540.4
25 JAN 2017,263,263,260,261.1,15,3073,802419.4
24 JAN 2017,264,264,264,264,4,137,36168
23 JAN 2017,263,264,263,264,12,3614,951799
20 JAN 2017,263.1,263.1,263,263,2,100,26300.4
19 JAN 2017,263,264,263,264,9,2970,782610
18 JAN 2017,263,263,263,263,2,10,2630
17 JAN 2017,263,263,262,263,6,1629,428375
16 JAN 2017,263,264,263,264,23,38799,10238119.9
13 JAN 2017,265,265,262,264.9,23,18002,4726234.8
11 JAN 2017,262,264,262,263.9,8,4514,1189454
10 JAN 2017,262.1,262.1,262,262,10,1032,270384.2
9 JAN 2017,264.1,264.1,261.9,262,13,6186,1631420.9
6 JAN 2017,265,266,265,265.7,5,1045,277670
4 JAN 2017,274.9,274.9,274.9,270,1,3,824.7
3 JAN 2017,272,272,268,270,4,1111,300168
2 JAN 2017,270,270,270,270,1,200,54000
30 DEC 2016,263,270,263,270,12,3187,860371
29 DEC 2016,263,263,263,266.8,1,2,526
28 DEC 2016,269.8,270,265,266.8,11,13396,3577891.4
27 DEC 2016,260.1,266,260.1,266,8,5230,1390003
23 DEC 2016,260,260,260,260,2,3,780
22 DEC 2016,260,260,260,260,1,240,62400
21 DEC 2016,261,261,260,260,6,1050,273005
20 DEC 2016,259,259.5,259,259,5,339,87803.5
19 DEC 2016,265,265,258.1,259.7,15,1909,496555.4
16 DEC 2016,258,260,258,260,14,2187,568348
15 DEC 2016,256.5,260,256.5,256.8,2,1100,282500
14 DEC 2016,256.5,256.5,256,256,5,1135,290560.5
9 DEC 2016,256,256,255.2,255.2,11,1195,304995.8
8 DEC 2016,260,260,255,256.8,14,1089,279989.7
7 DEC 2016,265,265,260,260,14,6160,1601605
6 DEC 2016,265.5,266,265,265.1,13,1280,339293.6
5 DEC 2016,265.1,273.9,265.1,266.2,8,150,40256.8
2 DEC 2016,265,274,265,265,3,2201,583274
1 DEC 2016,265,265,265,256,1,4,1060
30 NOV 2016,255.2,257,255.2,256,5,650,166327
29 NOV 2016,255.2,262,255,255.1,8,2823,719912.5
28 NOV 2016,258,258,255,255.2,19,1867,476476.6
25 NOV 2016,259,259.2,258,259,19,3779,978678.1
24 NOV 2016,262.1,262.1,260,260.1,15,919,239720.4
23 NOV 2016,264,265,262,263.4,11,5449,1443153
22 NOV 2016,265,265,261,264.1,14,2220,585941.2
21 NOV 2016,268.1,268.1,265,265,6,216,57272
18 NOV 2016,268.1,270,268,268.2,8,161,43175
17 NOV 2016,270.2,270.2,270.1,272.6,9,50,13505.5
16 NOV 2016,273,273,272,272.6,7,477,130047
15 NOV 2016,273,274,273,273,13,1422,388306
11 NOV 2016,274,274,273,273.2,13,245,66930.1
10 NOV 2016,276,276,272,272.2,5,299,81820.4
9 NOV 2016,276,276,275,275,11,5871,1614580
8 NOV 2016,275,276,275,275,4,608,167300
7 NOV 2016,278.1,280,275,275,18,2707,750545.8
4 NOV 2016,280,280,280,280,3,201,56280
3 NOV 2016,280,280,278,280,3,297,82976
2 NOV 2016,275,280,275,279.2,8,765,211266
1 NOV 2016,280,280,280,280,7,8790,2461200
31 OCT 2016,275,283,275,278.3,13,6336,1766380
28 OCT 2016,280,280,280,280,4,2934,821520
27 OCT 2016,275,275,275,280,1,60,16500
26 OCT 2016,280,284,280,280,6,21281,5959480
25 OCT 2016,280,280,275,277.2,7,1919,532845
24 OCT 2016,275,275,273,274.2,6,206,56489.5
21 OCT 2016,275,275,275,275,4,265,72875
20 OCT 2016,275,280,275,280,5,1027,286993.2
19 OCT 2016,279.9,280,276,276.1,10,2505,694348.9
18 OCT 2016,278,279.9,275,279.9,14,4016,1108061
17 OCT 2016,278,278,278,280.1,1,10,2780
13 OCT 2016,284,284,280,280.1,19,14766,4135028.1
12 OCT 2016,275,280,275,276.6,2,133,36790
11 OCT 2016,282,285,282,284,15,11238,3198250
10 OCT 2016,285,288.5,280,285,19,5843,1665210.5
7 OCT 2016,285,286,285,285,13,1640,467424
6 OCT 2016,285,285,285,285,1,227,64695
5 OCT 2016,285.1,285.1,285,285,11,1941,553186.7
4 OCT 2016,285,285.1,285,285,18,5686,1620511.7
3 OCT 2016,285,285,285,285,9,2903,827355
30 SEP 2016,285.1,285.1,285,285,19,10143,2890765
29 SEP 2016,285,285,285,285,13,2767,788595
28 SEP 2016,285,285,285,285,5,7130,2032050
27 SEP 2016,280.5,285,280.4,284.8,10,2157,614231.7
26 SEP 2016,285,289.8,285,285.4,7,3888,1109592
23 SEP 2016,285,285,285,285,10,18094,5156790
22 SEP 2016,284.9,285,284.9,285,6,1563,445355
21 SEP 2016,289.8,289.9,284,284,7,2221,634072.1
20 SEP 2016,284,285,280,285,19,2663,753701.8
19 SEP 2016,284.9,285,284.9,285,17,17718,5049609.1
15 SEP 2016,289,289,285,287.3,6,175,50278.5
14 SEP 2016,289.5,289.5,285,288.2,3,694,200040
13 SEP 2016,285,290,285,285.4,15,15896,4536410.9
9 SEP 2016,283.2,290,283,285,17,20975,5975148.2
8 SEP 2016,285,285,285,285,6,943,268755
7 SEP 2016,285,285,285,285,11,3100,883500
6 SEP 2016,290,290,285,285,16,9222,2631258.1
5 SEP 2016,285,285,285,285,6,231,65835
2 SEP 2016,295,295,285,285,21,4480,1277249.4
1 SEP 2016,285.1,285.1,285,285,4,159,45320.5
31 AUG 2016,290,290,283.1,283.3,10,1850,524587.7
30 AUG 2016,285,285.2,285,285,16,15276,4353806
29 AUG 2016,290,300,290,299.3,16,3151,943164.8
26 AUG 2016,287,287,285,285,2,1243,354883
25 AUG 2016,285,285,285,285,3,130,37050
24 AUG 2016,285,285,285,285,19,34356,9791460
23 AUG 2016,283,285,283,283,6,5651,1599259
22 AUG 2016,287,287,281,281.8,8,2967,836029.1
19 AUG 2016,285.1,285.1,285,285,9,2484,707946
18 AUG 2016,285.1,285.5,285,285.2,8,7615,2170317.5
16 AUG 2016,290.1,290.1,285,286.4,27,1948,562844.7
15 AUG 2016,295,295,295,295,7,1600,472000
12 AUG 2016,295,295,295,295,9,2678,790010
11 AUG 2016,295,297,295,295,7,3685,1087085
10 AUG 2016,300,300,295,295,25,16049,4812545.3
9 AUG 2016,296.1,300.1,290.3,300,42,26739,8005235
8 AUG 2016,300,301,300,300.4,17,6303,1891902.5
5 AUG 2016,305,308,300,300,26,7547,2301502
4 AUG 2016,301,309,301,305.1,37,21408,6527736
3 AUG 2016,300,302,300,300.7,12,15371,4614112
2 AUG 2016,290.2,305,290.2,301.8,35,55968,16868318
1 AUG 2016,290,292.5,290,290.1,31,16234,4708230.5
29 JUL 2016,292,292,290,290,10,2689,780071
28 JUL 2016,290,295,290,290.6,8,6193,1799553
27 JUL 2016,286,290.1,286,290,13,7884,2286387.1
26 JUL 2016,280,300,280,290,40,28965,8366055.8
25 JUL 2016,276.2,276.3,276.2,276.3,5,2319,640629.5
22 JUL 2016,279,284.9,279,279.9,17,4289,1198222.2
21 JUL 2016,279.9,279.9,279,279,6,1219,340136.1
20 JUL 2016,273,280,273,273.2,11,2898,791727
15 JUL 2016,271.7,273,271.7,273,3,500,136487
14 JUL 2016,271.5,271.7,271.1,271.1,4,207,56126.3
13 JUL 2016,271.5,273.1,270.1,271.3,13,2642,717184.9
12 JUL 2016,271,272,270,271.5,11,3166,857731
11 JUL 2016,271,271,269,269,4,505,135929
8 JUL 2016,269,270,269,270,4,368,99192
7 JUL 2016,270,270,266,268.5,11,5392,1449046
5 JUL 2016,265.5,265.6,265,265.6,14,4872,1292403.3
4 JUL 2016,266.1,270,265,265.6,16,1215,323109.5
1 JUL 2016,266,266.1,266,266.1,7,8958,2382872.8
30 JUN 2016,270,270,268,268,10,17384,4678912
29 JUN 2016,270.1,274,270,270.1,9,3835,1035607
28 JUN 2016,272.8,274,270,273.5,11,2167,585617.7
27 JUN 2016,270.3,274,270,270,34,13997,3779244.3
24 JUN 2016,274.5,274.5,274,274.5,8,887,243471.5
23 JUN 2016,270.1,274.5,270,274.5,5,677,185046
22 JUN 2016,276.8,276.8,274,274,27,13463,3701307.5
21 JUN 2016,275.3,276.9,275.2,276.3,5,501,138223
20 JUN 2016,278,278,277,277,4,1456,403322
17 JUN 2016,275,278,275,278,4,3119,867067
16 JUN 2016,279,279,275,275,40,2265,627816
15 JUN 2016,280,280,280,280,15,2635,737800
14 JUN 2016,280,282,280,281.8,12,16482,4643088
13 JUN 2016,282,282,280,280,16,777,217673.2
10 JUN 2016,285.1,285.1,282.5,282.5,29,2375,673830.5
9 JUN 2016,288,288,285,285,14,2533,722771.4
8 JUN 2016,290,290,286.2,287.3,15,859,248726
7 JUN 2016,290,290,288,289.9,14,1099,318610
6 JUN 2016,290.1,292,290,290,16,2215,642486
3 JUN 2016,290,290,288.1,290,12,2977,862943.9
2 JUN 2016,290,290,290,290,3,760,220400
1 JUN 2016,290,290,288,289.7,18,3040,881440
31 MAY 2016,290,290,288,290,10,6768,1962520
30 MAY 2016,290.1,290.1,290,290,12,2671,774656.9
27 MAY 2016,290,290.5,290,290.4,18,1248,361985
26 MAY 2016,291,291,290,290,8,1306,378990
25 MAY 2016,288,291,285,289.7,37,18214,5264705.1
24 MAY 2016,290,290,283,285.3,16,5311,1515177.7
20 MAY 2016,290,290,290,290,2,100,29000
19 MAY 2016,287,290.2,287,290,26,11780,3415773.1
18 MAY 2016,285,286,285,285.1,17,6856,1954125.6
17 MAY 2016,281,285,280,285,15,6149,1751748
16 MAY 2016,285,285,280,285,15,12085,3433228.5
13 MAY 2016,284.9,285,280,280,11,836,234159.5
12 MAY 2016,290,290,280,280,17,1617,453012.5
11 MAY 2016,280,290,280,290,17,18131,5256014
10 MAY 2016,280,282,280,280,8,2577,721620
9 MAY 2016,276.7,280,276.7,280,3,150,41835
6 MAY 2016,276,281.2,276,281,7,614,171763
5 MAY 2016,275,285,275,285,28,20824,5881601
4 MAY 2016,275.1,285,275,275,14,4273,1175512.5
3 MAY 2016,271.6,275,271.5,275,19,10153,2786129.8
29 APR 2016,265,272,265,271.5,18,107943,28830025
28 APR 2016,265,268,265,265.6,8,8509,2259398
27 APR 2016,269,269,264,264.1,7,338,89265
26 APR 2016,263,265,263,265,3,469,124283
25 APR 2016,264,264,263,263.6,21,5606,1475592.8
22 APR 2016,267,269.9,263.2,263.2,15,1104,290870.6
20 APR 2016,263,265,263,265,3,5060,1340780
19 APR 2016,269.5,269.5,265,265.1,22,14257,3778440
18 APR 2016,265,270,265,265,12,5136,1362480
15 APR 2016,262.2,266,262.2,265.3,23,18557,4887624
12 APR 2016,257,264,257,261.9,15,47975,12564775
11 APR 2016,258,258.1,258,258,5,515,132870.5
8 APR 2016,264,264,260,260.1,33,10398,2705285
7 APR 2016,255.1,260,255,259.8,18,3526,907169.5
6 APR 2016,255,259,255,255,22,7149,1823019
5 APR 2016,250,250,250,250,11,3290,822500
4 APR 2016,246,250,246,250,33,11260,2806231.8
1 APR 2016,246,248,245,246.9,14,2820,695097.7
31 MAR 2016,245,248,245,245.7,13,4264,1046921.2
30 MAR 2016,245,245,245,245,11,6427,1574615
29 MAR 2016,245,245.1,245,245,14,2035,498584.2
28 MAR 2016,248,248,245,245,6,3476,851665.1
24 MAR 2016,245,248,242,245,21,8794,2153661.7
23 MAR 2016,245,245.1,245,245,14,5798,1420620
21 MAR 2016,245.1,250,245,245.5,6,1513,371395
18 MAR 2016,242.5,245,242,244.6,16,4622,1127123.3
17 MAR 2016,240.1,245,240,242.7,22,5456,1312920.8
16 MAR 2016,240.1,240.1,240,240,5,214,51363.5
15 MAR 2016,240.1,245,240,241.8,10,2121,510166.5
14 MAR 2016,245.3,245.3,238.3,240,16,3690,884831.4
11 MAR 2016,240,250,240,245.3,16,1500,364474
10 MAR 2016,239,244.9,237.5,240,27,227418,54134722.5
9 MAR 2016,240,240,238,238,16,1416,337018.4
8 MAR 2016,256.9,256.9,240,240,47,9029,2196192
4 MAR 2016,257.5,257.5,256.5,256.9,30,129395,36049205
3 MAR 2016,260,260,257.5,257.5,7,6200,1596647.5
2 MAR 2016,265,265,260,260.5,22,987,258188.2
1 MAR 2016,266,266,265.1,265.1,19,19666,5213563.6
29 FEB 2016,270,270,266,266.4,19,924,247405
26 FEB 2016,270,270,270,270,4,296,79920
25 FEB 2016,270.1,271.1,269,270.6,18,4270,1155236
24 FEB 2016,270,275,270,270,7,906,244725
23 FEB 2016,274.5,274.5,270,270.4,25,7341,1985552.7
19 FEB 2016,270,275,270,275,8,6559,1771980
18 FEB 2016,270.2,270.2,270,270,11,3438,928261.1
17 FEB 2016,275.1,280,270,271.4,32,14634,4002157.4
16 FEB 2016,281,281,275,275.5,34,21522,5948929.3
15 FEB 2016,285.2,285.2,280.5,282.1,23,4042,1146207
12 FEB 2016,287,287,285,285.4,10,192,54790.5
11 FEB 2016,290,290,289.5,289.5,14,14013,4056856.5
10 FEB 2016,290,290,290,290,5,753,218370
9 FEB 2016,290,290,290,290,13,5886,1706940
8 FEB 2016,290.3,290.3,290,290,16,2320,672851
5 FEB 2016,290.1,292,290.1,290.2,9,1094,317472.4
3 FEB 2016,290.1,291,290,290,13,6860,1989431
2 FEB 2016,290.3,295,290,290.1,27,4937,1431879.5
1 FEB 2016,295,295,290,290.3,35,4825,1405412.2
29 JAN 2016,290.4,293.9,290.4,290.8,12,3113,904794.7
28 JAN 2016,294,294,290,290.2,28,38231,11093698.6
27 JAN 2016,299,299,299,295,3,96,28704
26 JAN 2016,295.1,295.1,295,295,10,3884,1145787.5
25 JAN 2016,298,300,298,299.5,16,15396,4588330.7
22 JAN 2016,298,298.1,298,298,10,1955,582650
21 JAN 2016,297.9,298,297.9,297.9,4,14325,4267650
20 JAN 2016,299.9,299.9,298,298,17,3483,1038498
19 JAN 2016,299.1,300,299,299.6,37,46322,13875038.2
18 JAN 2016,300.2,300.2,300,300,58,16044,4813215.2
14 JAN 2016,302,302.1,302,302,36,22583,6820067
13 JAN 2016,305,306,302,304.2,27,6583,2009463.7
12 JAN 2016,306.1,307,306.1,306.1,43,90433,27737632
11 JAN 2016,307,308,307,307,65,43820,13453354
8 JAN 2016,307,307,306.8,306.8,25,8086,2482014.6
7 JAN 2016,307,307.1,307,307,15,3369,1034303
6 JAN 2016,307,310,307,307.1,26,6629,2035455.4
5 JAN 2016,307,307.7,307,307.1,18,10331,3171645
4 JAN 2016,307.1,309,307,307,26,5518,1694300.7
31 DEC 2015,307,309,307,307.4,4,1397,429280.5
30 DEC 2015,306.4,307,306.4,307,18,8943,2744750.5
29 DEC 2015,306.6,308.9,306,306.2,26,14362,4399445
28 DEC 2015,307,307,306.6,306.7,24,7683,2357293.4
23 DEC 2015,306,307,306,307,9,551,168992.6
22 DEC 2015,307,308,307,307,11,12328,3789799.4
21 DEC 2015,306.1,306.6,306,306.5,21,9373,2870760.3
18 DEC 2015,306.1,306.5,306.1,306.5,6,1511,463031.5
17 DEC 2015,307,307,305,306,26,6937,2118134
16 DEC 2015,305.6,307,305.6,305.8,22,4651,1421491
15 DEC 2015,305.5,309.5,305.5,305.5,8,875,267712.5
14 DEC 2015,309.5,309.5,306,306,37,33062,10132473
11 DEC 2015,307.1,310,307,309.5,22,11052,3414105.7
10 DEC 2015,308,308,307.1,307.5,11,1786,549176.3
9 DEC 2015,308.2,309,308,308,34,6451,1987739
8 DEC 2015,308,308.2,308,308.1,16,8906,2743241.4
7 DEC 2015,308.1,312,308,308.1,30,6466,1991914.1
4 DEC 2015,310.1,310.1,310,310,27,11202,3472700.5
3 DEC 2015,310.2,310.3,310,310,17,4462,1383279.3
2 DEC 2015,310,310.1,310,310,28,9235,2862853
1 DEC 2015,310,310.1,310,310,18,910,282112
30 NOV 2015,315.1,315.1,310,310,13,510,159162
27 NOV 2015,320,320,320,320,8,2659,850880
26 NOV 2015,323.2,323.2,320,320,12,1458,466576
24 NOV 2015,318,325,315,323.2,34,16143,5206582.2
23 NOV 2015,315,320,315,320,17,5387,1723340.4
20 NOV 2015,319.8,320,315,320,20,109789,35130627.7
19 NOV 2015,317,317,317,321.7,2,41,12997
18 NOV 2015,312,322,312,321.7,38,124189,39764990
17 NOV 2015,312,315.6,312,315,32,25483,7962200.8
16 NOV 2015,310.1,312,310,312,32,215132,68716427.2
13 NOV 2015,310,312,310,311.9,18,5193,1611674
12 NOV 2015,310.1,310.9,310,310.1,31,9249,2867612.7
11 NOV 2015,316,317,310,310.2,66,8767,2725553.3
9 NOV 2015,317.5,320,312.3,315.8,12,847,268793.3
6 NOV 2015,310,320,310,317.7,39,8444,2677149.9
5 NOV 2015,310.5,313,310,310.9,105,13944,4325522.2
4 NOV 2015,315.3,322,310.5,313.9,37,5814,1829837.5
3 NOV 2015,316,320.5,315,315.8,56,29705,9400691.3
2 NOV 2015,325,325.1,320,320.5,37,182076,58805569.6
30 OCT 2015,326.5,327,325,325.1,24,10259,3335369.4
29 OCT 2015,330.5,330.5,327,327.2,34,3941,1294829.1
28 OCT 2015,330.5,331,330.5,330.5,37,12920,4274316.5
26 OCT 2015,330,333,330,332,48,10090,3345511.8
23 OCT 2015,332.5,333.4,332.5,332.9,44,18802,6259337.1
22 OCT 2015,333,333.4,330,332.6,70,25731,8563771.7
21 OCT 2015,332,332.5,332,332.4,69,22814,7577578
20 OCT 2015,332,332.4,332,332.1,68,16885,5606003.5
19 OCT 2015,331.6,332,331,332,74,26876,8914716.2
16 OCT 2015,329.1,332,329,332,82,37217,12309137
15 OCT 2015,331.6,331.6,329.1,330.1,69,75098,24843151
14 OCT 2015,331,332,331,331.9,80,17499,5803613
13 OCT 2015,330.5,332,330.5,331,90,16141,5341660.7
12 OCT 2015,330.1,331,330,330.4,58,8803,2907510
9 OCT 2015,332.1,333.1,331,332,70,51566,17134483.9
8 OCT 2015,331,334,331,332.1,77,37583,12465664.3
7 OCT 2015,331,332,331,331.5,80,41922,13900212.5
6 OCT 2015,330.4,337.8,330.4,335,168,74320,24792368.6
5 OCT 2015,331,333,329.5,330.4,104,36906,12185524.9
2 OCT 2015,327,335,327,331,117,36630,12143307.8
1 OCT 2015,326.1,330,326.1,329.2,106,49732,16315189
30 SEP 2015,326.1,326.8,326.1,326.2,63,12816,4180878.6
29 SEP 2015,325,326.4,325,326.1,107,36623,11939898.1
28 SEP 2015,325,326,325,325.3,97,22764,7404573.6
25 SEP 2015,325,326.8,325,325.6,115,26507,8628815
23 SEP 2015,325,326.2,325,326.1,107,25477,8304886.2
22 SEP 2015,325.1,327,325,326.3,121,24480,7965353.7
21 SEP 2015,326.3,326.3,325,325.5,127,23274,7568817.7
18 SEP 2015,327,328,326.2,327.5,73,13315,4355869
17 SEP 2015,328.1,330,327,328.9,88,31314,10310911.6
16 SEP 2015,326.8,331,326.7,329.6,175,51289,16915390
15 SEP 2015,330.1,330.1,326,328,96,17964,5874415.6
14 SEP 2015,333,333,330.1,330.7,150,35514,11761462.7
11 SEP 2015,330.3,335,330.2,333.5,175,93899,31303172.3
10 SEP 2015,335,335,330,330.9,225,67235,22225852.1
9 SEP 2015,328.9,334.9,325,330.9,290,78560,25786514.2
8 SEP 2015,322.6,330,322.5,325.8,300,64233,20829570.5
7 SEP 2015,330,330.1,322.1,322.9,519,200585,65053159
4 SEP 2015,350.1,350.1,350,350,6,5050,1767502
3 SEP 2015,350,352.5,350,352.5,5,7296,2559070
2 SEP 2015,350,352,349,351.8,20,37862,13246584
1 SEP 2015,345,354,345,350,2,5,1761
31 AUG 2015,351,351,350,350,9,370,129530
28 AUG 2015,350,350,350,350,3,522,182700
27 AUG 2015,346,350,340,349.9,8,5192,1815197.4
26 AUG 2015,360,360,350,350,5,5601,1960364
25 AUG 2015,350,350,350,350,4,1565,547750
24 AUG 2015,360,360,350,350,82,174634,61742816.6
21 AUG 2015,358,360,358,360,2,1050,377900
20 AUG 2015,363,363,360,360,15,8735,3145061.5
19 AUG 2015,360,360.1,360,360.1,5,200,72010
18 AUG 2015,360,362,360,360,10,4775,1719031
17 AUG 2015,361,361,360,360,13,28605,10298751.4
14 AUG 2015,360,364,360,362.3,8,8106,2920552.1
13 AUG 2015,364,364,360,360,11,16565,5963420
12 AUG 2015,364.8,365,356,364.6,12,14141,5155611
11 AUG 2015,354.9,365,354.9,360,17,58834,20909219
10 AUG 2015,350,350,350,350,17,193294,67652900
7 AUG 2015,350,352,350,350,6,1017,355984
6 AUG 2015,348,350,348,350,11,29824,10437482
5 AUG 2015,350,350,350,350,6,6830,2390500
4 AUG 2015,349.9,349.9,349.7,349.8,10,14529,5081849.4
3 AUG 2015,349.9,349.9,349.9,349.9,5,20000,6998000
30 JUL 2015,347,350,347,350,34,40150,14050177.8
29 JUL 2015,345,346,345,345.3,8,286,98765.5
28 JUL 2015,345,345.1,345,345,7,581,200455.3
27 JUL 2015,349.8,349.8,349,349,2,212,74077.6
24 JUL 2015,345,345,345,349.3,3,88,30360
23 JUL 2015,345,349.9,345,349.3,12,2820,977155.5
22 JUL 2015,346,346,345,345,11,2451,846621
21 JUL 2015,345.2,346,345,346,17,11026,3814163.5
20 JUL 2015,349.8,349.8,345.1,345.2,13,205,70775
17 JUL 2015,349.9,350.2,349.9,350,50,51612,18064147.2
16 JUL 2015,349.8,350,349.8,350,3,2510,878480
15 JUL 2015,350,350,350,350,8,12505,4376750
14 JUL 2015,345,345,345,345,6,2020,696900
13 JUL 2015,355,355,355,345,1,27,9585
10 JUL 2015,345,345,345,345,1,200,69000
6 JUL 2015,340.1,344.9,340.1,344.9,2,1001,345240.1
3 JUL 2015,340,340,340,340,1,550,187000
2 JUL 2015,340,344.9,340,340,2,451,153344.9
30 JUN 2015,349,349,344,344,3,33800,11627700
29 JUN 2015,340.2,349,340.2,349,2,2001,698340.2
26 JUN 2015,345,345,345,345,3,100,34500
25 JUN 2015,348.9,349,348.9,349,2,200,69799.5
24 JUN 2015,349,349,349,349.9,1,1,349
23 JUN 2015,345,350,340,349.9,6,6050,2117050
22 JUN 2015,350,350,350,350,1,1,350
19 JUN 2015,350,350,350,350,13,34162,11956700
18 JUN 2015,350,350,350,350,2,1004,351400
17 JUN 2015,350,350,350,350,5,108,37800
16 JUN 2015,364.5,364.5,350,350,4,110,38645
15 JUN 2015,350,350,350,350,2,501,175350
12 JUN 2015,350,350,350,350,1,3000,1050000
11 JUN 2015,330,330,330,330,1,100,33000
10 JUN 2015,350,350,350,350,4,5611,1963850
9 JUN 2015,348,349,348,348.7,4,889,309961.1
8 JUN 2015,348.9,348.9,348.9,348.9,1,2500,872250
5 JUN 2015,350,355,345,350.1,25,30541,10690035
3 JUN 2015,355.4,359.9,350,350,35,24685,8733305.7
1 JUN 2015,355,359.9,355,355.4,10,3363,1194598.9
29 MAY 2015,352,355,352,355,6,6000,2127000
28 MAY 2015,355,360,355,359.3,12,11021,3956527.1
27 MAY 2015,354.5,359.5,351,355.3,40,28887,10243304
26 MAY 2015,350,351,350,350,54,116629,40822823
25 MAY 2015,350,350,342,349.9,55,89998,31490908.3
22 MAY 2015,340.1,350,340.1,349.9,50,55203,19236429.9
21 MAY 2015,332,334.1,332,334.1,2,150,50010
20 MAY 2015,338.9,341.9,338.9,341.9,3,27,9153.3
19 MAY 2015,330,335,330,334,11,6807,2271905.8
18 MAY 2015,328.1,329,328.1,329,13,1264,415266
15 MAY 2015,335,335,328,328,2,52,17350
14 MAY 2015,338.9,338.9,338,338,3,1321,447686
13 MAY 2015,327,327,327,327,1,790,258330
12 MAY 2015,328,330,328,329,4,2011,661628.7
11 MAY 2015,326,328,325.1,327.6,9,2350,769813
7 MAY 2015,326,329.8,325.1,329.8,7,1016,330430.8
6 MAY 2015,320.5,328.5,320.5,328.5,13,147070,47812638
5 MAY 2015,320,321,320,320.5,8,107813,35004162.5
30 APR 2015,316.1,320,316.1,319.9,5,2697,862400
29 APR 2015,316,321,316,321,3,5505,1762105
28 APR 2015,320,322,320,322,8,18705,6002805
27 APR 2015,319,339,319,320,9,11817,3792245.6
24 APR 2015,312.1,312.1,312,312,7,5076,1583713
23 APR 2015,315,319,315,318.5,3,1003,315956.5
21 APR 2015,322,322,320,320,2,11,3530
17 APR 2015,319.9,320,319.9,320,2,10,3199.5
16 APR 2015,314.9,315,314.9,315,2,14,4409.6
10 APR 2015,310,310,310,310,4,665,206150
8 APR 2015,300,300,300,300,1,1,300
7 APR 2015,301.5,301.5,301.5,301.5,2,143,43114.5
6 APR 2015,305,305,302,302,7,2332,705567
2 APR 2015,301,301,301,301,1,100,30100
1 APR 2015,300,300,300,300,1,541,162300
31 MAR 2015,300,300,300,300,1,1291,387300
30 MAR 2015,295.1,295.1,290,290,13,16992,4928619.5
27 MAR 2015,305,305,295,295.6,17,1727,517937
26 MAR 2015,300.1,300.1,300.1,300.1,1,936,280893.6
25 MAR 2015,300,305,300,302.5,10,2313,696450.4
23 MAR 2015,302.1,302.1,300,300,12,787,236603.6
20 MAR 2015,310.1,310.1,305,305.6,6,948,289888.3
19 MAR 2015,310.1,310.1,310,310,9,350,108530
17 MAR 2015,310.1,310.1,310.1,310.1,1,2,620.2
16 MAR 2015,310.1,310.1,310.1,310.1,1,56,17365.6
12 MAR 2015,305.1,305.1,305,305,6,1100,335515
10 MAR 2015,305,305,305,305,1,22,6710
9 MAR 2015,301.3,301.3,301.3,301.3,3,498,150047.4
6 MAR 2015,338.1,338.1,323,323.8,5,169,54751.2
4 MAR 2015,338.1,338.1,338.1,338.1,1,1,338.1
3 MAR 2015,338,338.1,338,338.1,3,127,42926.7
2 MAR 2015,339,339,338,338.5,5,399,135112
27 FEB 2015,340,340,340,340,1,1,340
26 FEB 2015,340,340,340,340,5,38,12920
25 FEB 2015,339,339,339,339,1,430,145770
24 FEB 2015,340,340,340,340,1,1,340
19 FEB 2015,335,335,335,335,1,10,3350
18 FEB 2015,337,337.1,337,337.1,4,210,70780
13 FEB 2015,345,345,345,345,1,10,3450
12 FEB 2015,329.5,329.5,329.5,329.5,6,1887,621766.5
9 FEB 2015,325.1,331,325.1,329.4,5,49,16059.7
6 FEB 2015,325,325,325,325,1,100,32500
5 FEB 2015,335,335,311.1,330.9,11,1383,461812.8
2 FEB 2015,336,340,336,336,6,2751,924340
30 JAN 2015,336.1,336.1,336.1,336.1,1,100,33610
29 JAN 2015,340.1,340.1,340.1,340.1,2,8578,2917377.8
28 JAN 2015,340,340,340,340,3,139,47260
27 JAN 2015,342,345,342,344.6,3,233,80286
26 JAN 2015,342,342,342,342,3,90,30780
22 JAN 2015,340,340,340,340,1,24900,8466000
21 JAN 2015,337,340,337,337.1,10,3322,1119530
16 JAN 2015,351.1,351.1,351.1,351.1,3,1100,386210
12 JAN 2015,364,364,350,350,3,1531,535864
9 JAN 2015,345,350,345,350,5,1001700,340593005
8 JAN 2015,345,345,340.1,341.1,2,125,42635
7 JAN 2015,345,345,340,340.1,4,8081,2748350
6 JAN 2015,340,340,340,340,2,3091,1050940
2 JAN 2015,339.5,339.9,339,339.5,10,103548,35153571.4
31 DEC 2014,339.9,339.9,339.9,339.9,1,4,1359.6
30 DEC 2014,340,340,340,340,2,215,73100
29 DEC 2014,345,345,340,340,28,2195,747300
23 DEC 2014,340,340,330,330.2,12,1050,347175.3
22 DEC 2014,340,340,340,340,3,20558,6989720
19 DEC 2014,340,340,340,340,2,1501,510340
18 DEC 2014,337,350,337,339.6,2,100,33960
17 DEC 2014,332.8,332.8,332.7,332.8,2,10,3327.6
15 DEC 2014,320.5,340,320.5,340,3,1048,355861
12 DEC 2014,337,337,337,337,1,5,1685
10 DEC 2014,340.1,340.1,340,340,4,630,214200.2
9 DEC 2014,341,341,340,340,4,800,272015
8 DEC 2014,350,350,350,350,1,200,70000
5 DEC 2014,355,355,355,355,1,1,355
4 DEC 2014,340,340,340,340,1,2,680
2 DEC 2014,341.9,341.9,340,340.2,3,1000,340190
1 DEC 2014,359.9,359.9,359.9,359.9,1,1,359.9
28 NOV 2014,345,350,340,347.2,14,16228,5535720
27 NOV 2014,340,345,340,340.3,7,7000,2380500
26 NOV 2014,345,347,345,345,4,5100,1759700
25 NOV 2014,340,347.2,340,347.2,2,200,68720
24 NOV 2014,330.1,350,330.1,345,15,133033,45245052.7
21 NOV 2014,350,350,350,350,1,10,3500
20 NOV 2014,344,360,344,353.3,16,53965,18928250
18 NOV 2014,345,345,345,345,10,38598,13316310
17 NOV 2014,340,340,340,340,3,250,85000
14 NOV 2014,337,345,337,338.1,4,7,2400.1
13 NOV 2014,340,345,340,345,16,52713,18177840
12 NOV 2014,340,342,340,342,4,171,58282
11 NOV 2014,340.1,340.1,340,340,8,4000,1360001.4
10 NOV 2014,345,345,345,345,6,509,175605
7 NOV 2014,345,345,345,345,4,127,43815
5 NOV 2014,342,345,342,345,2,203,70026
4 NOV 2014,344,344,344,344,5,2382,819408
3 NOV 2014,344,344,344,344,1,1,344
31 OCT 2014,344,344,344,344,1,200,68800
30 OCT 2014,340,345,340,344.7,5,9388,3217329.2
29 OCT 2014,345,345,340,340,6,1604,550375
28 OCT 2014,340,340,340,340,2,500,170000
27 OCT 2014,345,345,341.1,341.1,2,21,7167
24 OCT 2014,340,340,333.5,340,6,13164,4475753.5
23 OCT 2014,335,340,333,340,10,58701,19881034
21 OCT 2014,333.1,333.1,333,333,2,47,15651.2
20 OCT 2014,340,340,333,333,3,924,313992
17 OCT 2014,349.8,349.9,340,340,7,72035,24492243.6
16 OCT 2014,325.5,349.9,325,349.8,8,202,66218.5
15 OCT 2014,321.1,354,321.1,352.5,7,1757,619212.6
14 OCT 2014,311.1,350,310,340.7,13,9438,3215811.5
13 OCT 2014,355.9,358,340,348.7,19,6961,2434518.6
10 OCT 2014,357.9,357.9,355.9,355.9,2,101,35947.9
9 OCT 2014,352,360,350,358.4,25,158656,56564964.5
7 OCT 2014,340.5,340.5,340,340,6,2461,836750.2
3 OCT 2014,358.5,358.5,358.5,358.5,2,350055,126019500
2 OCT 2014,360,360,360,360,7,5000,1800000
1 OCT 2014,360,360,360,360,1,5,1800
30 SEP 2014,363.8,363.8,360,360,10,17102,6159957.6
29 SEP 2014,360,360,360,360,9,18714,6737040
26 SEP 2014,360,363.8,359.9,363.8,10,11328,4078632.2
25 SEP 2014,352.1,352.1,352.1,352.1,1,20,7042
24 SEP 2014,364,365,364,365,37,40102,14637055
23 SEP 2014,352,364,352,363.3,9,2130,767760
22 SEP 2014,360,360,350,350.7,3,3507,1262455
19 SEP 2014,350,360,350,360,41,50315,17984527
18 SEP 2014,344.5,355,343.9,353.4,54,92442,32385113.5
17 SEP 2014,330,348,330,339.8,26,40146,13621215.5
16 SEP 2014,318.2,330,318,329.9,28,81167,26124840.6
15 SEP 2014,322,325.2,322,325,32,376275,122286310
12 SEP 2014,325,327.1,322,325.2,11,3402,1108249
11 SEP 2014,327,330,325,325.6,17,6435,2121450
10 SEP 2014,313,330,313,320.6,29,12624,4043560.5
9 SEP 2014,311.9,312,311.1,312,6,1594,497073.2
5 SEP 2014,310.2,310.2,310,310,9,2820,874300.8
4 SEP 2014,312,312,312,312,2,200,62400
3 SEP 2014,310,312,310,312,4,850,265198
2 SEP 2014,311,312,311,312,5,1201,374709
1 SEP 2014,310.1,314,310,310,3,557,172706
28 AUG 2014,310,310.1,310,310,3,2600,806020
27 AUG 2014,314.9,314.9,314.9,314.9,1,10,3149
26 AUG 2014,312,312,310,310,7,822,254836
25 AUG 2014,310,315,310,314.5,13,37257,11730068.5
22 AUG 2014,312,312,310,310,2,301,93312
21 AUG 2014,310,313,310,310.1,13,36199,11221720
20 AUG 2014,309,310,309,310,25,62993,19526925
19 AUG 2014,309,309,309,309,1,100,30900
18 AUG 2014,306,309,306,309,5,3396,1047685.3
15 AUG 2014,306,306,306,306,4,1470,449820
14 AUG 2014,308.9,308.9,306.1,306.1,4,1213,371379.7
13 AUG 2014,309,309,306.5,306.6,4,507,156048.1
12 AUG 2014,306,309,306,309,8,752,230412
11 AUG 2014,310,310,308,309.7,17,198813,60088277
8 AUG 2014,310,314,310,311,10,30616,9491202
7 AUG 2014,305,310,305,310,8,27070,8356516.5
6 AUG 2014,301.1,305.5,301.1,304.5,5,1635,497780
5 AUG 2014,300.2,301,300.1,301,5,7296,2189976.9
4 AUG 2014,300.2,304.9,300.2,300.3,4,3102,931525.1
1 AUG 2014,300.1,300.1,300.1,300.1,1,300,90030
31 JUL 2014,301,301,300,300.2,8,26071,7829319.2
28 JUL 2014,300,305,300,303.3,2,15,4550
25 JUL 2014,300.1,303,300,303,9,13994,4199720
24 JUL 2014,300,301,300,300,4,167,50160
23 JUL 2014,300,302,300,301.9,8,976,293401.7
22 JUL 2014,300,300.9,300,300,7,1465,439501.8
21 JUL 2014,290.1,300,290.1,299.7,7,6636,1988707.2
18 JUL 2014,298.1,298.1,289,297,5,104,30391
17 JUL 2014,298,300,293.5,298.1,8,7011,2090285
16 JUL 2014,300,300,300,300,2,228,68400
15 JUL 2014,298.1,301.9,298,300.1,7,789,236620.2
14 JUL 2014,305,305,298,298,4,285,84961
11 JUL 2014,300,304.8,299.9,300,16,150510,45153004.1
10 JUL 2014,297,309,297,300,24,101831,30549966.5
9 JUL 2014,294,300,294,300,17,10091,3026747.4
8 JUL 2014,290,291.1,290,291,6,100750,29218078.6
7 JUL 2014,290,290,290,290,7,1643,476470
4 JUL 2014,295,295,288,290,16,2458,712860.3
3 JUL 2014,290,290,290,290,7,2500,725000
2 JUL 2014,290,290.1,290,290,8,16277,4720330.1
1 JUL 2014,290,290,286.5,286.7,9,305,87539
30 JUN 2014,290,290,290,290,4,66,19140
27 JUN 2014,290,290.2,290,290.2,3,250,72540
26 JUN 2014,290,290,290,290,1,242,70180
25 JUN 2014,288,288,285,285,7,5000,1425094
24 JUN 2014,292,292,290,290,13,3504,1018128
23 JUN 2014,292,292,292,292,4,504,147168
20 JUN 2014,292.6,292.6,292,292,11,10136,2959822.3
19 JUN 2014,292.1,292.2,292.1,292.2,3,23,6720.1
18 JUN 2014,299,299,292,299,2,10005,2991460
13 JUN 2014,290,300,290,299,9,12003,3589227
11 JUN 2014,291,291,290,290,6,5184,1503367
10 JUN 2014,290,290.1,290,290,9,4100,1189010
9 JUN 2014,295,295.2,290,290,13,2802,819090.2
6 JUN 2014,291,295,290,295,6,139,40464
5 JUN 2014,291,291,290,290,2,500,145002
4 JUN 2014,290,290,290,290,1,1,290
3 JUN 2014,290,295,290,290,18,4065,1178855
2 JUN 2014,290,290.2,290,290,10,2500,725017.6
30 MAY 2014,290,295,290,290,7,784,227510
29 MAY 2014,290,292,289.9,290,7,3720,1078802.1
28 MAY 2014,290,290,290,290,5,174,50460
27 MAY 2014,294.5,294.5,290,290,3,12,3484.5
26 MAY 2014,291,291,291,291,1,1,291
23 MAY 2014,291,295,290,290.1,9,9319,2703602
22 MAY 2014,295,295,295,295,4,439,129505
21 MAY 2014,292,292,292,292,3,34,9928
20 MAY 2014,291,295,291,295,5,131,38349
19 MAY 2014,290.1,291,290,290,10,1217,352970.3
16 MAY 2014,298,298,291,291,5,58,16980
13 MAY 2014,290.1,298,290.1,292,3,103,30078.2
12 MAY 2014,290,290.1,290,290,7,603,174872.3
8 MAY 2014,287.9,290,287.9,289.9,6,11267,3266047.5
7 MAY 2014,284.3,290,284.3,286,7,8937,2556437.7
6 MAY 2014,284.3,284.3,284.3,284.3,3,63,17910.9
5 MAY 2014,285,285,283,284.2,7,1489,421841
2 MAY 2014,282,285,282,282.5,7,2679,756888
30 APR 2014,281.1,282.2,280,280,25,2375,665270.2
29 APR 2014,282,282,280.1,280.3,15,567,158971.4
25 APR 2014,283,283,283,283,5,9982,2824906
24 APR 2014,280.5,280.5,280,280.2,55,351,98334.8
23 APR 2014,281.5,281.5,281.1,281.3,5,93,26157.9
22 APR 2014,283,283,282,283,14,1156,326837
21 APR 2014,283,283,283,283,9,4135,1170205
17 APR 2014,289.9,289.9,289.9,289.9,1,20,5798
16 APR 2014,282,282,281.5,281.6,11,300,84494
11 APR 2014,282.6,283,282,282.3,16,1170,330014
10 APR 2014,288,290,284,289.8,32,23977,6901673.6
9 APR 2014,289,289,289,289,1,1,289
8 APR 2014,288,288,288,288,3,48,13824
7 APR 2014,288.5,289,288.5,289,2,350,101135
4 APR 2014,289,289,287,287,2,5,1441
3 APR 2014,289,289,285.2,286,5,527,150769
1 APR 2014,285,285,285,285,4,7381,2103585
31 MAR 2014,285,285,285,285,1,83,23655
28 MAR 2014,285.2,285.2,285,285,5,500,142505
27 MAR 2014,287,287,287,287,3,5130,1472310
26 MAR 2014,288,288,287,287.1,10,2762,793163
25 MAR 2014,288,288,287,287.3,5,262,75307.4
24 MAR 2014,290,290,287,287.9,13,1050,302286.5
21 MAR 2014,288.5,288.5,288,288,3,2438,702426.1
20 MAR 2014,288.2,290,288.1,288.1,7,2447,708782
18 MAR 2014,287.5,288.1,287.1,288,10,1582,455148.2
14 MAR 2014,287,287,287,287,1,300,86100
13 MAR 2014,290,290,290,290,1,100,29000
12 MAR 2014,290,290,290,290,2,2010,582900
10 MAR 2014,288,290,288,290,2,1000,289990
5 MAR 2014,288,288,288,288,3,144,41472
4 MAR 2014,288,288,288,288,1,10,2880
3 MAR 2014,288.1,293,288,288,4,1601,462378
28 FEB 2014,288,288,288,288,7,20336,5856768
26 FEB 2014,288,293,288,293,2,194,56572
25 FEB 2014,288,288,288,288,3,1031,296928
24 FEB 2014,289,289,288,288,10,1485,427683.7
21 FEB 2014,292.9,294,292.9,293.9,4,8635,2538089.9
20 FEB 2014,294,294,294,294,1,200,58800
19 FEB 2014,291.1,291.1,291,291,5,10011,2913202.1
18 FEB 2014,294,294,294,294,1,6,1764
17 FEB 2014,295,295,295,295,1,100,29500
13 FEB 2014,295,295,295,295,1,20,5900
11 FEB 2014,296,296,294,294.7,9,701,206301.1
10 FEB 2014,296.1,298,295,295.2,8,342,101157.1
7 FEB 2014,298,298,298,298,1,2,596
5 FEB 2014,297,297,297,297,1,100,29700
3 FEB 2014,297.5,297.5,297,297.3,8,3570,1061960.5
31 JAN 2014,299,299,297.5,297.6,8,4303,1280665.5
30 JAN 2014,297.1,297.1,297.1,297.1,5,1749,519627.9
29 JAN 2014,297,300,297,299.9,4,500,149733
28 JAN 2014,300,300,297,297,12,3249,965516.5
27 JAN 2014,298,298,298,298,7,7621,2271058
23 JAN 2014,300,300,298,298.3,13,124794,37199215
22 JAN 2014,299.8,300,296.5,296.6,16,161900,48059903.3
21 JAN 2014,295.1,295.1,295.1,295.1,3,100600,29777060
20 JAN 2014,0,0,N/A,0,1,100000,29600000
17 JAN 2014,294.2,294.2,294,294.1,5,370,108802
16 JAN 2014,294,294,294,294,1,900,264600
13 JAN 2014,300,300,296,299.2,10,3487,1045300
10 JAN 2014,291.3,300,291.3,299.9,8,6550,1951152
8 JAN 2014,293,299.8,293,293,14,6165,1806379
6 JAN 2014,293,293,291,291.3,12,3071,894676.9
2 JAN 2014,293,300,292,299.6,13,20210,6047100
31 DEC 2013,293,293,293,293,3,9,2637
30 DEC 2013,293,293,293,293,2,3,879
27 DEC 2013,295,295,292,292,9,1049,306419.6
26 DEC 2013,293,293,293,293,5,451,132143
24 DEC 2013,293,293,293,293,6,305,89365
23 DEC 2013,294,300,293,293,12,159679,47116391
20 DEC 2013,300,300,293,293,3,157502,46308586
19 DEC 2013,292,293,292,292.9,6,52,15229.1
18 DEC 2013,293,293,292,292.8,3,12,3514
17 DEC 2013,293,293,285,285.1,16,5428,1547554
12 DEC 2013,286.5,290,285,290,11,15204,4333666.7
11 DEC 2013,286,286,286,286,2,3,858
10 DEC 2013,290,290,285.1,285.3,6,50,14264.8
9 DEC 2013,288.5,305,288.1,305,7,513,156272.4
6 DEC 2013,289.5,325,289.5,318.9,6,2141,624380
5 DEC 2013,286.5,286.5,285,285.1,7,1014,289098.4
4 DEC 2013,286.3,286.3,286.3,286.3,1,2,572.6
3 DEC 2013,286.6,290,286.6,289.5,10,185,53239.2
2 DEC 2013,293,293,290,290,4,208,60326
29 NOV 2013,292.8,292.8,290,290,5,108,31336.8
28 NOV 2013,292.8,292.8,292.8,292.8,1,2,585.6
27 NOV 2013,293,293,289,289.9,9,606,175660
26 NOV 2013,285,285.1,285,285,12,462,131673.5
25 NOV 2013,294.9,294.9,290,290.2,4,107,31054.5
22 NOV 2013,292,293.5,292,293.5,7,508,148905.5
21 NOV 2013,293,293,293,293,1,2,586
20 NOV 2013,291,293.3,290.1,293,11,61805,18105679.2
19 NOV 2013,293.4,293.4,293.3,293.3,3,5,1466.8
18 NOV 2013,290.1,293.5,290,290.1,10,1603,464990.5
15 NOV 2013,291,291,291,291,3,500,145500
14 NOV 2013,294,294,291,291,2,15,4380
13 NOV 2013,294,294,293,293,2,10,2935
12 NOV 2013,293.5,293.8,290.1,290.8,4,93,27126.6
11 NOV 2013,295,295,295,295,1,2,590
8 NOV 2013,290,292,290,290,5,109,31617
7 NOV 2013,292.5,292.5,290.1,291.3,9,2009,585218.1
6 NOV 2013,292.5,295,292,294.9,12,47580,14029945.5
5 NOV 2013,291,291,291,291,3,558,162378
4 NOV 2013,291,292,291,292,2,96,28031
1 NOV 2013,292,292,290,290,5,103,29880
31 OCT 2013,292,292,290,290,8,6703,1943877.1
30 OCT 2013,296,296,296,296,1,2,592
28 OCT 2013,290,294,290,291,8,1651,479412.1
25 OCT 2013,291.5,291.5,290,291.1,5,42,12225
24 OCT 2013,291.2,295,291.2,291.5,2,46,13410.4
23 OCT 2013,291.5,291.5,291.5,291.5,1,13,3789.5
22 OCT 2013,294,297,294,296,15,25711,7606978
21 OCT 2013,292.1,292.2,292,292,3,22500,6572209
17 OCT 2013,291.2,294,291,292.5,6,22500,6581500.6
15 OCT 2013,291,294,291,291.3,3,57100,16629900
14 OCT 2013,290,292,290,290.7,11,10131,2942809.6
11 OCT 2013,293,293,293,293,1,10,2930
10 OCT 2013,296.9,296.9,292,292,5,578,168781.1
8 OCT 2013,292,295,292,295,2,600,175500
7 OCT 2013,290,290.3,290,290.3,3,1500,435001.8
4 OCT 2013,290,295.5,290,295.5,5,1301,381795.5
3 OCT 2013,292,292,292,292,1,5,1460
2 OCT 2013,290,290,290,290,4,10000,2900000
1 OCT 2013,290,292,285.5,290,7,602,174577.5
30 SEP 2013,290,290.1,290,290,4,7001,2030590
27 SEP 2013,291.1,291.1,290,290,7,15330,4445730
26 SEP 2013,293,295,291.3,292.5,7,9960,2934113
24 SEP 2013,292.5,297,292,292,3,1827,533489.5
23 SEP 2013,295,295.9,295,295.3,3,137,40451
20 SEP 2013,296,296,290,290.1,12,4050,1175043.1
16 SEP 2013,293,300,293,300,13,22710,6810505
13 SEP 2013,293,293,293,293,3,212,62116
12 SEP 2013,290,290,290,290,4,650,188500
11 SEP 2013,290,290,290,290,2,2200,638000
10 SEP 2013,290,290.1,290,290,5,9000,2610110.1
9 SEP 2013,290,290,290,290,8,5300,1537000
6 SEP 2013,290,290,290,290,1,100,29000
5 SEP 2013,290.5,290.5,290,290,3,115,33355
4 SEP 2013,296,298,290,290,4,4200,1246500
3 SEP 2013,291,295,290,291.2,11,3369,980692.5
30 AUG 2013,293,293,293,293,5,1211,354823
29 AUG 2013,294,294,287.9,292.9,7,1683,488069.9
28 AUG 2013,286.1,286.1,286.1,286.1,8,51,14591.1
27 AUG 2013,291.3,296.5,290,296.5,8,615,179070.4
26 AUG 2013,293,293,291.2,291.2,6,411,120333
23 AUG 2013,293,293,293,293,5,69,20217
21 AUG 2013,293,302,293,300,6,49,14506
19 AUG 2013,300,300,293.1,294.4,3,6,1772.1
16 AUG 2013,300.1,300.1,300,300,5,678,203400.4
15 AUG 2013,301.1,301.1,300,300.5,5,208,62503.3
14 AUG 2013,302,302,302,302,3,600,181200
13 AUG 2013,302,305,302,302,9,1650,499800.6
12 AUG 2013,302,302.1,302,302,8,1751,528805
8 AUG 2013,302,304,302,302,8,2317,701610
7 AUG 2013,302,303.8,302,302,2,63,19027.8
6 AUG 2013,303.9,303.9,303.8,303.8,2,150,45575
5 AUG 2013,304.5,304.5,302,302.3,9,326,98553.8
2 AUG 2013,304.5,304.5,304.5,304.5,1,88,26796
31 JUL 2013,302.1,302.1,302,302,5,6099,1842343.4
30 JUL 2013,302.1,302.9,302.1,302.1,3,106,32030.6
29 JUL 2013,302.1,302.1,302.1,302.1,1,500,151050
26 JUL 2013,302.1,302.1,302,302,2,1100,332210
25 JUL 2013,302.5,302.5,302.5,302.5,2,290,87725
24 JUL 2013,303,303,301.5,302,7,1871,564864.5
23 JUL 2013,302,303,302,303,20,3681,1112013
19 JUL 2013,302,302,302,302,2,244,73688
18 JUL 2013,302.2,302.2,302,302,5,316,95454
17 JUL 2013,302.2,302.2,302.2,302.2,1,40,12088
16 JUL 2013,302,302.1,302,302.1,6,2594,783640.7
12 JUL 2013,302.1,304,302,302,3,1749,528244.2
11 JUL 2013,302,302,302,302,1,433,130766
10 JUL 2013,304,304,301,303,10,1965,596184.2
9 JUL 2013,307,307,305,305,2,2331,710963
8 JUL 2013,305,306,305,305,13,5620,1714111
5 JUL 2013,305,307,304.6,305.1,10,10692,3259208.4
4 JUL 2013,303,305,303,305,8,52697,16052405
3 JUL 2013,304.6,304.6,304.6,304.6,1,40000,12184000
2 JUL 2013,306.1,312.8,306.1,306.1,8,1124,344123.4
1 JUL 2013,306.4,306.4,306.4,306.4,1,32,9804.8
28 JUN 2013,306.5,306.5,306.3,306.3,2,1109,339736.7
27 JUN 2013,309,309.1,306.2,306.3,3,50022,15456739.3
26 JUN 2013,308.1,313.5,308,313.5,7,63956,19747804
25 JUN 2013,310,310,308,309,20,51801,16036552
24 JUN 2013,308.1,314,308,313.3,3,111,34729
21 JUN 2013,308,308,308,308,2,7,2156
20 JUN 2013,308,308,308,308,2,41,12628
19 JUN 2013,308.5,308.5,308,308,3,109,33574
18 JUN 2013,309,310,308,310,10,16450,5098100
17 JUN 2013,308,310,308,308.2,6,1193,367644.1
14 JUN 2013,310,311.9,308,308.1,7,2911,902395.3
13 JUN 2013,310,310,308,309.4,4,900,278485
12 JUN 2013,310,311.1,310,311.1,3,101,31406
11 JUN 2013,311.5,315,310.1,310.6,12,2304,715548.4
7 JUN 2013,310,314.5,310,314.2,8,5278,1658029.5
6 JUN 2013,307.1,313.6,307.1,307.5,4,203,62428.2
5 JUN 2013,307.1,315,307,310.6,29,11893,3671268
4 JUN 2013,302.1,321,302.1,318.6,9,5108,1627034
3 JUN 2013,302.5,309,302.5,309,3,2011,608399
31 MAY 2013,302.3,309,302.3,303.1,6,1201,363148
30 MAY 2013,303,303,302.1,302.1,4,5000,1510637
29 MAY 2013,310,310,302,302.3,15,12936,3911058.5
28 MAY 2013,306.2,309.1,301,308.3,13,2570,792359.5
27 MAY 2013,320,320,309.1,309.1,14,1372,426736.9
23 MAY 2013,318,320,312,317.8,3,650,206600
21 MAY 2013,315.1,325,313,315.1,34,13671,4369723
20 MAY 2013,314.5,314.9,314.5,314.5,13,13909,4374481.3
17 MAY 2013,309.8,315,309.8,314.7,13,5966,1873945
16 MAY 2013,302,310,302,309.7,20,19900,6075785
15 MAY 2013,300,300,300,300,5,4005,1201500
14 MAY 2013,300,301,300,300.3,37,69192,20763719
13 MAY 2013,300.2,300.2,300,300,12,36831,11049496
10 MAY 2013,305,305,300,300.2,20,46550,13972800
9 MAY 2013,300,305,298.6,300,23,23230,6968980
8 MAY 2013,296,300,296,300,6,5047,1513920.8
7 MAY 2013,300,300,300,300,13,29451,8835300
6 MAY 2013,300,300,300,300,21,55562,16668600
3 MAY 2013,300,300,299.9,300,36,59454,17836160
2 MAY 2013,298.1,298.1,298,298,4,1427,425327.9
30 APR 2013,298.1,298.1,298.1,298.1,2,181,53956.1
29 APR 2013,298,299.9,298,299.9,6,2202,658082.7
26 APR 2013,300,300,299,299,5,6064,1818200
24 APR 2013,299,300,299,300,4,5400,1619800
23 APR 2013,298,298,295,295,12,50801,14986807.2
22 APR 2013,299.9,300,299.9,300,8,25012,7503590
19 APR 2013,296,296,296,296,1,200,59200
18 APR 2013,300,300,295,295,10,100005,29502051
17 APR 2013,300,304.9,299.9,300.4,12,100830,29750255
12 APR 2013,292.5,294,292.2,292.9,4,122,35716
10 APR 2013,295,295,292,292,5,2121,621624
9 APR 2013,291,296,291,295,15,3723,1093791
8 APR 2013,290,290,290,290,2,91,26390
4 APR 2013,290,290,290,290,2,57,16530
3 APR 2013,290.1,290.1,290,290,3,1051,304790.5
2 APR 2013,295,295,290,290.2,9,1049,304287.7
1 APR 2013,295,295.1,294.9,294.9,7,1440,424800.2
28 MAR 2013,297,300,295,298.7,10,3857,1151250
27 MAR 2013,295,295.6,295,295.1,13,5868,1731109.8
25 MAR 2013,298.5,298.5,295,295,4,2089,616290
22 MAR 2013,286.1,299,286.1,296.5,10,10663,3156273.2
21 MAR 2013,285,300,285,290.1,16,19044,5455165.8
20 MAR 2013,284,285,284,284,8,3780,1076270
19 MAR 2013,285,285,284,284,8,661,187753
18 MAR 2013,284,285,284,284.7,4,1600,455400
15 MAR 2013,285.9,285.9,284,284,2,30,8539
14 MAR 2013,285.9,286,285.9,285.9,6,1085,310291.5
13 MAR 2013,286,286,285.9,285.9,7,2401,686655.9
12 MAR 2013,285.5,286,285.5,286,3,311,88915.5
11 MAR 2013,290,290,286,286,11,85,24346
8 MAR 2013,287.6,290,287.6,290,4,1101,319050
7 MAR 2013,287.1,290,286.2,287.6,5,166,47735.1
6 MAR 2013,291.4,291.5,290,290.9,8,511,148670
5 MAR 2013,295,295,295,295,2,2000,590000
4 MAR 2013,294,294,294,294,1,50,14700
1 MAR 2013,294,295,294,295,11,15750,4645800
28 FEB 2013,282,295,282,287.5,3,44,12628
27 FEB 2013,296,296,296,296,4,173,51208
26 FEB 2013,297,297.5,296,297.3,11,2002,595092
22 FEB 2013,297,297,296,297,5,505,149981
21 FEB 2013,297,297,297,297,1,50,14850
20 FEB 2013,297,300,297,299.3,5,304,90297
19 FEB 2013,300,300,300,300,3,1000,300000
18 FEB 2013,308.5,308.5,308.5,308.5,3,300,92550
15 FEB 2013,300,308,300,302.2,6,554,166320
14 FEB 2013,300,300,300,300,3,302,90600
13 FEB 2013,300,300,300,300,8,8268,2480400
12 FEB 2013,300,300,296,299,10,1082,323491
11 FEB 2013,296.1,296.1,295,295.2,4,550,162360
8 FEB 2013,304,320,300,300,5,813,246300
7 FEB 2013,300,300.1,300,300,10,6250,1875005
6 FEB 2013,297,297,290.1,290.3,8,346,102277.1
5 FEB 2013,297.5,297.5,297.1,297.1,5,410,121851
1 FEB 2013,299,299,297.1,297.1,4,220,65401
31 JAN 2013,297,297.1,297,297.1,3,1020,303040
30 JAN 2013,299,299,297,297,2,14,4166
29 JAN 2013,297.9,298,297.9,298,3,1000,297990
24 JAN 2013,298,300,298,298,4,1101,328100
23 JAN 2013,298,300,298,299.5,3,900,269400
22 JAN 2013,299,305,299,300,9,12699,3809200
21 JAN 2013,299,300,298,299.9,9,3397,1018486.1
18 JAN 2013,298,300,298,299,11,242132,72637092.9
17 JAN 2013,300,305,298,301,8,15462,4651036
16 JAN 2013,297,300,297,297.6,6,1250,371946
15 JAN 2013,300,300,296,296,5,801,239111
11 JAN 2013,300,300,299,299.9,7,47602,14280589
10 JAN 2013,300,300,300,300,1,50,15000
9 JAN 2013,300,300,300,300,1,1,300
8 JAN 2013,299,300,299,299,5,7226,2160594
7 JAN 2013,295,295,295,295,2,300,88500
3 JAN 2013,300,315,300,315,16,1050,320197
2 JAN 2013,300,300,300,300,1,70,21000
31 DEC 2012,290.1,302.9,290.1,302.9,2,20,5930
28 DEC 2012,304.7,304.7,304.7,304.7,1,1,304.7
21 DEC 2012,292,292,292,292,1,6,1752
19 DEC 2012,287.1,287.1,287.1,287.1,1,9,2583.9
18 DEC 2012,287,287,287,287,1,13,3731
17 DEC 2012,287.1,287.1,287,287.1,6,208,59708
13 DEC 2012,285.1,285.1,285,285,3,81,23086
11 DEC 2012,290,290,280,285,12,2754,784400
10 DEC 2012,290,290,290,290,1,1,290
5 DEC 2012,301,301,301,301,1,1,301
4 DEC 2012,295,300,295,300,10,5611,1682279
3 DEC 2012,300,300,297,299.5,5,306,91646
30 NOV 2012,300,300,300,300,2,101,30300
29 NOV 2012,297,300,297,300,2,102,30594
28 NOV 2012,297,300,297,300,7,1076,320997
23 NOV 2012,291,300,291,299.9,5,694,207256.1
21 NOV 2012,300,300.5,300,300,15,7622,2286600.5
20 NOV 2012,300,300,300,300,1,5,1500
19 NOV 2012,299.8,300,299.8,299.9,7,206,61770.6
16 NOV 2012,299.9,299.9,299.9,299.9,1,9,2699.1
15 NOV 2012,291.5,300,291.5,299.7,5,3100,928146
14 NOV 2012,299,299,299,299,2,400,119600
12 NOV 2012,295,299.9,287,299.9,4,50,14481.6
9 NOV 2012,301.9,302,297.2,297.2,5,1101,332103.2
6 NOV 2012,300,301,300,301,5,1820,546048
5 NOV 2012,296,296,295,296,5,681,200915
2 NOV 2012,297.5,300,297.5,300,2,1001,300297.5
31 OCT 2012,290.1,300,290.1,300,8,5536,1660526.2
30 OCT 2012,300,300,300,300,1,999,299700
26 OCT 2012,301,302,300,302,9,7437,2231211
24 OCT 2012,300,301,300,301,5,104,31238
23 OCT 2012,301,301,295,301,16,342,101862.5
22 OCT 2012,308.4,308.4,306.2,306.3,7,1040,318501.6
19 OCT 2012,306.2,309,306.2,308.9,3,159,48959.4
18 OCT 2012,306.2,309,306.2,309,3,20,6152
16 OCT 2012,310,310,310,310,4,1000,310000
12 OCT 2012,310,310,309.9,310,5,435,134840
9 OCT 2012,306,310,306,310,2,13,4002
8 OCT 2012,306,310,306,309.5,5,5500,1702012
4 OCT 2012,306.5,306.5,306.5,306.5,2,16,4904
3 OCT 2012,305,319,305,312.2,7,403,124386.3
2 OCT 2012,319.9,319.9,319,319,2,11,3509.9
1 OCT 2012,319.9,319.9,319.9,319.9,1,10,3199
28 SEP 2012,305,320,305,319.4,5,1710,545980
27 SEP 2012,308.6,315,300,315,10,2843,883641
26 SEP 2012,310.2,310.2,310.2,310.2,1,1,310.2
25 SEP 2012,311,311,311,311,2,120,37320
24 SEP 2012,311,311,311,311,2,15,4665
21 SEP 2012,315,315,315,315,3,200,63000
20 SEP 2012,310,310,307.1,308.2,6,16264,5013118.4
19 SEP 2012,315.2,315.2,315,315.1,4,100,31509
18 SEP 2012,328,328,310,312.1,6,262,82860
17 SEP 2012,320,339.8,315,325.2,26,8471,2748908.4
14 SEP 2012,320,320,319,319.4,3,633,202218.5
12 SEP 2012,315,325,312.2,317.4,15,15669,4972805
11 SEP 2012,320,320,310,315,3,120,37800
7 SEP 2012,315,315,314,314,3,135,42425
6 SEP 2012,315,315,308,310.5,9,21411,6598142
5 SEP 2012,309.5,309.5,309.5,309.5,1,5,1547.5
4 SEP 2012,307.9,308,302,305,21,62447,19231878
3 SEP 2012,309,309,309,309,2,1000,309000
30 AUG 2012,307.9,308,307.9,308,2,97,29875.1
28 AUG 2012,305,305,305,305,1,3,915
24 AUG 2012,300.2,300.2,300.2,300.2,1,2,600.4
23 AUG 2012,305,310,305,309.6,9,11900,3684815.2
22 AUG 2012,299.9,307,299.9,300,10,2088,626333.3
17 AUG 2012,300,300,300,300,13,2924,877200
16 AUG 2012,299.1,299.1,285,285,2,200,57014.1
15 AUG 2012,300,300,285,299.9,6,5302,1590067
14 AUG 2012,285.6,285.6,285,285,6,2508,714802
13 AUG 2012,290,290,285,285.6,9,682,196572
10 AUG 2012,292,293,290,290,11,1177,342140
9 AUG 2012,288,309,288,306.7,22,1723,511065.8
8 AUG 2012,288,290,288,290,8,160,46200
7 AUG 2012,290,290,290,290,1,100,29000
2 AUG 2012,295,295,295,295,6,1540,454300
31 JUL 2012,298,298,298,298,1,50,14900
30 JUL 2012,300.2,300.2,300,300,2,110,33002
27 JUL 2012,303,303,303,303,1,100,30300
26 JUL 2012,303.4,306,303,303,9,5220,1581857
25 JUL 2012,304,309.9,304,306.7,3,450,137205
24 JUL 2012,310,310,310,310,3,2940,911400
23 JUL 2012,310,310,307,307,6,872,267711
20 JUL 2012,308,308,307,307,4,101,31008
19 JUL 2012,307,307,307,307,2,3000,921000
17 JUL 2012,312.5,312.5,305,309.3,8,1200,372752.7
16 JUL 2012,315,315,315,315,1,18,5670
13 JUL 2012,311,315,310.1,311.4,4,11,3425.4
11 JUL 2012,320.1,320.1,315,315,3,610,194701
9 JUL 2012,320,320,320,320,1,30,9600
4 JUL 2012,335,335,335,335,4,12,4020
2 JUL 2012,330.1,330.1,330.1,330.1,1,16,5281.6
29 JUN 2012,337.9,337.9,330,337,3,5110,1726500
28 JUN 2012,338,338,338,338,2,3,1014
27 JUN 2012,338,339,338,338.4,3,128,43316
26 JUN 2012,330,339,330,339,2,502,170160
25 JUN 2012,340,340,340,340,5,4520,1536800
22 JUN 2012,339.9,340,339.9,340,3,2500,849990.1
21 JUN 2012,340,340,340,340,1,2,680
20 JUN 2012,335,344.9,335,338.2,6,2101,708744.9
19 JUN 2012,334,334,334,334,3,98602,32538668
18 JUN 2012,330,334.9,330,332.8,8,1700,567792
15 JUN 2012,335,335,330,330,5,12626,4166590
14 JUN 2012,320.1,335,320.1,334.5,6,7298,2403440
13 JUN 2012,330,330,320.1,324.8,13,20574,6786502.7
11 JUN 2012,330,330,330,330,4,10025,3308250
8 JUN 2012,333,333,331,332,9,2280,756715
7 JUN 2012,334.9,334.9,330,330,10,44240,14810889.8
6 JUN 2012,330.1,330.1,330,330,3,219,72271
31 MAY 2012,340.1,340.1,330,337.2,4,368,124091
30 MAY 2012,340,347,340,345,3,4302,1492180
28 MAY 2012,350,350,350,350,1,200,70000
25 MAY 2012,350.1,350.1,350,350,11,1531,535851
23 MAY 2012,350,350,350,350,2,855,299250
21 MAY 2012,360,360,355,355,2,51,18355
18 MAY 2012,349.9,365,349.9,365,9,9900,3465035.7
17 MAY 2012,349,349.9,349,349,2,997,347959.3
16 MAY 2012,348.7,348.7,348.7,348.7,1,200,69740
15 MAY 2012,349.9,350,349,349,9,56099,19634510
11 MAY 2012,349,350,349,349.9,8,4000,1399725
9 MAY 2012,350.5,350.5,350.5,350.5,2,100,35050
8 MAY 2012,360,360,350.2,350.5,4,726,261311.3
4 MAY 2012,360,360,360,360,3,125,45000
3 MAY 2012,360.1,363,360,361.9,7,515,185913
2 MAY 2012,363,363,360,360.2,4,159,57270
30 APR 2012,363,363,360,360,5,443,159483
27 APR 2012,360.1,360.1,360,360,4,588,211681
26 APR 2012,365,365,365,365,1,5,1825
24 APR 2012,363,363,360,360.3,2,55,19815
23 APR 2012,360,365,360,360,5,3509,1263285
20 APR 2012,364,366,360,360,5,700,254600
19 APR 2012,352,360,352,360,2,2001,720352
18 APR 2012,360,362,360,362,5,3110,1119618
17 APR 2012,360,360.1,360,360.1,8,36500,13142000
16 APR 2012,360,364,360,364,2,307,110920
11 APR 2012,360.1,360.1,360,360,2,300,108001
10 APR 2012,360,360,360,360,7,25020,9007200
9 APR 2012,360,360,360,360,2,201,72360
5 APR 2012,360,360,360,360,9,10240,3686400
4 APR 2012,360,360,360,360,4,372475,137791000
3 APR 2012,360,360,360,360,3,199,71640
2 APR 2012,360,360,332,360,12,7859,2829044
30 MAR 2012,360,360,360,360,3,600,216000
29 MAR 2012,360.5,364,360.5,361.2,2,500,180600
28 MAR 2012,364,364,360.5,360.5,4,151,54785.5
27 MAR 2012,361,361,360.5,361,5,162,58481.5
26 MAR 2012,364,365,361,364.3,8,7600,2770674
23 MAR 2012,364,364,364,364,1,1,364
22 MAR 2012,362,365,362,364.7,6,809,295058
21 MAR 2012,365,365,362,362,2,133,48365
20 MAR 2012,362,362,362,362,1,8,2896
19 MAR 2012,369.7,369.7,362,362,5,660,239690
16 MAR 2012,362,362,362,362,7,372,134664
15 MAR 2012,362.5,365,362.5,363,2,127,46105
14 MAR 2012,362,362,362,362,1,100,36200
13 MAR 2012,361.5,361.5,361.5,361.5,3,114,41211
12 MAR 2012,360.5,361,360.5,361,6,287,103489.1
9 MAR 2012,360.5,360.5,360.5,360.5,1,4,1442
8 MAR 2012,360.4,360.4,360.4,360.4,1,100,36040
6 MAR 2012,360.2,360.4,355,359.6,13,1230,441216
5 MAR 2012,360.3,360.3,360.2,360.3,7,1001,360651.3
2 MAR 2012,360.2,360.2,360.2,360.2,1,1,360.2
1 MAR 2012,368,379.9,368,379.9,17,2749632,1044843852.1
29 FEB 2012,355,360,355,360,4,1259,453140
28 FEB 2012,360,365,356,360,8,643,232191
27 FEB 2012,360.9,370,360,360,6,1411,509050
24 FEB 2012,355,380,355,360.9,5,20,7232
23 FEB 2012,379.8,380,379.8,380,14,2810000,1067799900
22 FEB 2012,379.9,381,370,380,12,26300,9992290
17 FEB 2012,356,390,356,380.4,57,366200,139316310
16 FEB 2012,360,365,360,362.5,2,2000,725000
15 FEB 2012,355,355,355,355,2,2000,710000
14 FEB 2012,355,370,330,365.6,41,85700,31011340
13 FEB 2012,355,355,354,355,15,18600,6601980
9 FEB 2012,350,355,350,354.1,6,11100,3930000
8 FEB 2012,355,362.9,355,362.9,2,200,71790
6 FEB 2012,364.9,370,364.9,369.2,6,8700,3211990
2 FEB 2012,360,370,360,365,4,2500,910000
1 FEB 2012,350,350,350,350,1,100,35000
31 JAN 2012,355,360,350,350.4,5,4100,1442950
30 JAN 2012,353,355,353,354.5,3,800,283600
26 JAN 2012,351,355,351,353.5,3,800,282800
25 JAN 2012,345,362,345,362,4,6000,2098700
24 JAN 2012,350,355,350,354,4,400,141200
23 JAN 2012,350.1,361.9,350,350.9,5,1300,456210
20 JAN 2012,362,362,362,362,1,2500,905000
18 JAN 2012,362,362,361,361,2,2000,723000
17 JAN 2012,365,365,365,365,4,6100,2226500
12 JAN 2012,365,370,361,365.1,4,1200,438100
11 JAN 2012,360.1,360.1,360.1,360.1,4,1700,612170
9 JAN 2012,372.5,372.5,366.1,366.2,8,2000,735660
4 JAN 2012,366.3,384.9,366.3,372.5,3,300,111750
3 JAN 2012,390,390,390,390,1,100,39000
2 JAN 2012,375,390,375,390,47,125700,48510380
30 DEC 2011,377.9,377.9,375,375,2,200,75290
29 DEC 2011,365,375,365,371.4,4,2800,1040000
28 DEC 2011,375,375,375,375,2,1000,375000
21 DEC 2011,365,365,365,365,2,200,73000
19 DEC 2011,365,368,365,365,6,5900,2158000
15 DEC 2011,365,365,365,365,1,2500,912500
14 DEC 2011,379,380,365,365,3,1900,708300
12 DEC 2011,365,370,365,365.9,10,5300,1938010
9 DEC 2011,366,366,365,365.7,2,300,109700
8 DEC 2011,366,366,366,366,2,800,292800
5 DEC 2011,360.2,380,360.2,364.9,5,900,327500
1 DEC 2011,380,400,380,388.8,7,10000,3887500
30 NOV 2011,365,365,365,365,1,500,182500
29 NOV 2011,374.9,380,374.9,379.7,23,51800,19661000
28 NOV 2011,365,379.9,365,375,6,5900,2187990
25 NOV 2011,361,361,360,360,3,700,252200
24 NOV 2011,366,366,366,366,9,5900,2159400
23 NOV 2011,366,370.1,365,369.8,11,21800,8057500
22 NOV 2011,371,371,370,370.1,6,2300,851300
21 NOV 2011,372,372,372,372,1,200,74400
18 NOV 2011,378,379,378,379,2,200,75700
17 NOV 2011,372,375,372,374,5,14500,5423400
16 NOV 2011,371,371,371,371,1,100,37100
15 NOV 2011,373,373.1,371,372.6,9,1000,372640
14 NOV 2011,379.9,380,379.9,380,2,500,189990
11 NOV 2011,380,380,380,380,2,800,304000
8 NOV 2011,385,385,380,380,29,48700,18506600
3 NOV 2011,365,389,295,380.3,43,37700,13459210
2 NOV 2011,374,390,370,387.8,36,166600,62648140
1 NOV 2011,368,385,363,371,11,2202000,836743640
31 OCT 2011,368,368,368,368,2,400,147200
28 OCT 2011,371,371,371,371,2,2500,927500
27 OCT 2011,368.1,368.2,368,368.2,4,700,257660
25 OCT 2011,372,372,368,371,4,3400,1260600
24 OCT 2011,367.1,370,367.1,369,4,900,332210
21 OCT 2011,367.1,367.1,367.1,367.1,1,100,36710
20 OCT 2011,367,367,367,367,2,400,146800
19 OCT 2011,365.5,373.9,365.5,369.7,2,200,73940
18 OCT 2011,367.1,374,365,374,8,8100,2962320
14 OCT 2011,375,375,375,375,1,800,300000
13 OCT 2011,370,370.1,365,365,4,2100,770550
12 OCT 2011,374.8,374.8,370.1,370.1,3,1000,370570
10 OCT 2011,370.3,370.3,370.3,370.3,7,3100,1147930
7 OCT 2011,370,370.2,370,370.2,4,500,185060
6 OCT 2011,375,375,375,375,6,5500,2062500
5 OCT 2011,370,374,370,373.4,8,4900,1829400
4 OCT 2011,373,373,370,370,2,600,222300
29 SEP 2011,375,375,375,375,1,100,37500
28 SEP 2011,377.9,382,377.9,380.2,6,3000,1140560
27 SEP 2011,373.8,373.8,373.8,373.8,1,200,74760
26 SEP 2011,370,375,370,373.8,2,2100,785000
23 SEP 2011,378.9,379.5,361.4,365.3,7,2800,1030260
22 SEP 2011,367.2,367.6,367.2,367.6,4,2000,735150
21 SEP 2011,380,381,368,379.5,7,1900,721110
20 SEP 2011,382,382,366,372.4,2,2500,931000
16 SEP 2011,381.1,381.1,381.1,381.1,4,1200,457320
15 SEP 2011,381.1,381.1,381.1,381.1,1,100,38110
14 SEP 2011,381.1,381.1,381.1,381.1,1,100,38110
13 SEP 2011,380.1,380.1,380.1,380.1,3,600,228060
12 SEP 2011,389.9,389.9,389,389,2,800,311830
9 SEP 2011,389.9,389.9,389.9,389.9,3,2500,974750
8 SEP 2011,386,389.9,386,389.9,5,9400,3648690
7 SEP 2011,388.7,390,388.7,389.8,3,7400,2884180
6 SEP 2011,388,390,388,388.7,8,20200,7857900
5 SEP 2011,380,391,380,390,17,23400,9124250
2 SEP 2011,395,395,386,389.8,28,95200,37102380
1 SEP 2011,370,382,370,381.4,41,7210884,2738959000
30 AUG 2011,360,365,360,362.6,4,21100,7651000
29 AUG 2011,350,362,350,361.8,6,3100,1115600
24 AUG 2011,360.1,360.1,359,359.8,5,900,323930
23 AUG 2011,360.3,360.3,360,360,13,35900,12924130
22 AUG 2011,361,362,361,362,8,2200,794800
19 AUG 2011,362,362,360.1,360.8,3,1000,360830
18 AUG 2011,365,366,360,360.8,14,942184,339194430
17 AUG 2011,369.9,369.9,360,365,12,7900,2886230
10 AUG 2011,360.1,369.9,360.1,369.9,6,36200,13387440
9 AUG 2011,359.1,359.1,359,359,4,10300,3697800
8 AUG 2011,358,359,358,359,5,12200,4377600
5 AUG 2011,360.1,360.1,360.1,360.1,1,1000,360100
4 AUG 2011,365,365,365,365,1,4100,1496500
3 AUG 2011,360.1,360.1,360,360,2,2200,792040
2 AUG 2011,365,365,360,363.7,4,5600,2036600
1 AUG 2011,361,363,360,363,3,4500,1632100
29 JUL 2011,350.1,360,350.1,360,7,24200,8711010
28 JUL 2011,360,360,360,360,2,1000,360000
27 JUL 2011,360,360,360,360,3,2600,936000
26 JUL 2011,365,365,365,365,3,11000,4015000
25 JUL 2011,367,369,360,360.4,8,7400,2680470
22 JUL 2011,370,370,370,370,5,21400,7918000
21 JUL 2011,361,370,360,369.9,11,55000,20322490
20 JUL 2011,365,365,360,363.4,11,14100,5124500
19 JUL 2011,360,360,360,360,3,1500,540000
18 JUL 2011,360,360,358,360,8,16200,5810200
15 JUL 2011,350,351,350,351,2,700,245200
13 JUL 2011,355,355,350.6,355,4,1600,565800
12 JUL 2011,350.1,350.6,350.1,350.6,2,200,70070
11 JUL 2011,365,366,360,362,10,3900,1413150
8 JUL 2011,375,375,375,375,2,40000,15000000
7 JUL 2011,375,375,375,375,8,26100,9787500
6 JUL 2011,375,375,375,375,3,2000,750000
5 JUL 2011,375,375,375,375,1,100,37500
4 JUL 2011,375,376,375,375,3,1000,375300
30 JUN 2011,379.9,380,370,379.6,11,53500,20309790
29 JUN 2011,375,375,375,375,1,200,75000
28 JUN 2011,375,380,375,379.5,11,10100,3830360
27 JUN 2011,370,370,370,370,14,45200,16724000
24 JUN 2011,365.1,365.1,365,365,8,2300,839530
23 JUN 2011,370,370,370,370,4,4700,1739000
22 JUN 2011,373,373,365.1,369.6,20,19800,7332560
21 JUN 2011,370,370,370,370,6,3000,1110000
20 JUN 2011,380,380,371,371,2,200,75100
17 JUN 2011,368.5,371,365.2,371,8,6900,2552470
16 JUN 2011,370,370,365.2,368.1,6,2200,813140
14 JUN 2011,379.8,388.1,368,375,11,163600,62165500
13 JUN 2011,370.1,370.1,365.2,369.6,13,2500,924530
10 JUN 2011,372,372,372,372,4,4100,1525200
9 JUN 2011,373,373,373,373,4,6600,2461800
8 JUN 2011,373,375.1,373,373.3,10,9300,3469710
7 JUN 2011,375.1,375.1,373,373.8,12,25200,9414610
3 JUN 2011,385,385,380,380,8,14400,5477000
2 JUN 2011,385,385,380,380,17,86400,32967000
1 JUN 2011,380,380,380,380,1,100,38000
31 MAY 2011,385,389,380.1,382.8,12,59900,23173910
30 MAY 2011,382,390,382,386.9,6,4300,1663200
27 MAY 2011,389,390,389,390,4,3700,1442900
26 MAY 2011,390,390,389,389,12,15000,5845000
25 MAY 2011,389,390,388.1,390,10,21000,8188100
24 MAY 2011,389.1,390,389,390,10,12300,4796810
23 MAY 2011,390,390,389,389,7,8300,3235400
20 MAY 2011,389,390,389,390,12,20000,7799000
19 MAY 2011,390,390,390,390,1,300,117000
16 MAY 2011,395,395,390,392,6,16600,6478810
13 MAY 2011,399,399,399,399,4,1300,518700
12 MAY 2011,400,400,396,399.4,9,20000,7998800
11 MAY 2011,400,400,395,395,10,22500,8997500
10 MAY 2011,390,395,390,395,2,200,78500
9 MAY 2011,399,400,395,400,26,49600,19838400
6 MAY 2011,400,400,398,398,8,12000,4776400
5 MAY 2011,400,400,400,400,7,6600,2640000
4 MAY 2011,395,400,395,399.7,27,25300,10103900
3 MAY 2011,395,400,395,397.2,24,30900,12350300
29 APR 2011,402,409.9,400,400,15,21400,8621390
28 APR 2011,391.5,401,391,401,6,1500,593550
27 APR 2011,403,404,400,400,5,1900,764900
26 APR 2011,405,405,390,393.6,21,9200,3628530
25 APR 2011,405,405,405,405,2,1000,405000
21 APR 2011,410.1,412,400,412,7,8100,3281020
20 APR 2011,420,420,418,418.3,5,2000,838650
19 APR 2011,424.8,426,415,417.4,33,94400,40067070
18 APR 2011,420,425,420,424.8,31,18000,7643950
12 APR 2011,414,425,410,417.5,98,163800,68315170
11 APR 2011,400,416,400,409.6,42,81800,33375210
8 APR 2011,400,400,396,398,6,7200,2878000
7 APR 2011,400,400,400,400,9,14400,5760000
6 APR 2011,395,402,395,400.2,43,106000,42403600
5 APR 2011,390,390,390,390,7,4500,1755000
4 APR 2011,392,394,392,392.4,7,3300,1294100
1 APR 2011,382,395,382,393,14,20000,7840920
31 MAR 2011,382.1,382.1,382,382.1,6,11700,4470510
30 MAR 2011,388,390,388,389.8,8,10900,4247800
29 MAR 2011,390,390,388,389.7,11,555300,211102600
28 MAR 2011,389.8,390,389.8,390,8,6500,2534920
25 MAR 2011,386,390,386,390,11,21300,8306600
24 MAR 2011,390,390,390,390,5,17400,6786000
23 MAR 2011,385,390,382,390,27,368100,142848850
22 MAR 2011,390,390,381,387.1,4,2800,1089950
21 MAR 2011,390,390,388,390,66,501212,195371910
18 MAR 2011,381,382,380,382,9,11100,4219550
17 MAR 2011,380,382,380,380,4,1500,570600
16 MAR 2011,381,381,380,380,10,19300,7338320
15 MAR 2011,385,385,380,380,17,27300,10403310
14 MAR 2011,380,380,380,380,12,25300,9614000
11 MAR 2011,385,389,380,387.4,6,6000,2309200
10 MAR 2011,385,386,385,385,24,31700,12217000
9 MAR 2011,381,385.5,381,385.4,14,40200,15471150
8 MAR 2011,380,390,380,390,11,20000,7765700
7 MAR 2011,390,390,386,389.1,14,8200,3193150
4 MAR 2011,387,390,386.5,390,21,12400,4825650
3 MAR 2011,386,390.1,386,389.9,43,78000,30414650
1 MAR 2011,390,390,386,389.8,16,36100,14077000
28 FEB 2011,390,391,390,390,26,37100,14481400
25 FEB 2011,390,390.1,389.9,390,20,42300,16497010
24 FEB 2011,385,395,385,390.8,39,189900,74056800
23 FEB 2011,380.5,385.1,380.5,385.1,28,66300,25382060
22 FEB 2011,380,385,380,380.7,19,16400,6249890
21 FEB 2011,380,385,380,380,12,15100,5740200
18 FEB 2011,385,386,383,386,21,37500,14447300
15 FEB 2011,386,387.5,382,383,23,42900,16435340
14 FEB 2011,391,391.1,390,390,23,8300,3239550
11 FEB 2011,390.5,395.5,390,394.1,19,65900,25934200
10 FEB 2011,395,400,392.5,394.4,15,3500,1382300
9 FEB 2011,402,404,392,400,64,114700,45863960
8 FEB 2011,408,410,402,405,58,152500,62170700
7 FEB 2011,405,409,402,407.1,57,57700,23491460
3 FEB 2011,400,409,400,407.8,38,31100,12672160
2 FEB 2011,410,410,396.5,400,76,142700,57200780
1 FEB 2011,415,415.5,409,410.1,65,79400,32843410
31 JAN 2011,398,415,398,414.1,362,452100,184081860
28 JAN 2011,400,400,393.5,395,97,230400,91177970
27 JAN 2011,394.5,399,380,390,48,225972,86590610
26 JAN 2011,389,394,375,394,60,324100,124440900
25 JAN 2011,385,390,385,385,30,318500,116890930
21 JAN 2011,390,396,359,377.7,50,61000,23240200
20 JAN 2011,365,390,362,387.2,150,797100,298520210
18 JAN 2011,350,363,350,361.6,40,30500,10953170
17 JAN 2011,350,352,344.5,351.2,21,371400,130000400
14 JAN 2011,350,350.5,350,350,7,18600,6510050
13 JAN 2011,350,354.5,350,350.5,26,101400,35491540
12 JAN 2011,349.5,350.1,349,350.1,16,64500,22574040
11 JAN 2011,344.7,350.1,344.7,349.5,34,191800,67020190
10 JAN 2011,343.1,345,343.1,344.5,11,10100,3479500
7 JAN 2011,342.2,350,342.2,347.8,18,10700,3711010
6 JAN 2011,341,344.3,340.5,342.3,6,6400,2185210
5 JAN 2011,340.1,340.5,340.1,340.5,6,4100,1395670
4 JAN 2011,340.2,341,340.2,340.7,7,1300,442780
31 DEC 2010,342.1,345,342.1,345,2,1100,379210
30 DEC 2010,343,344,343,343.2,7,4200,1441000
29 DEC 2010,343,345,343,345,10,14600,5011600
28 DEC 2010,342.5,345,342,345,15,34400,11836850
27 DEC 2010,342.1,342.1,342.1,342.1,1,1000,342100
24 DEC 2010,350,350,350,350,1,500,175000
23 DEC 2010,343,345,343,345,12,35600,12225400
22 DEC 2010,336,343.1,336,343,7,5100,1748700
21 DEC 2010,343,343.1,343,343.1,6,6900,2367300
17 DEC 2010,342.9,343,342.9,343,8,2400,823190
16 DEC 2010,335.5,343,335.5,343,5,55100,18898550
15 DEC 2010,335.1,335.7,335.1,335.6,8,2300,771870
14 DEC 2010,340,340,337,337,7,14400,4861610
13 DEC 2010,341.2,341.2,340,340.3,8,3900,1327560
10 DEC 2010,341.1,341.2,341.1,341.2,10,3500,1194070
9 DEC 2010,343.1,343.1,341.1,342.8,8,22500,7717630
8 DEC 2010,344,344,344,344,8,4800,1651200
7 DEC 2010,345,346,345,346,13,20200,6969700
6 DEC 2010,345,345.2,345,345.1,10,18100,6245040
3 DEC 2010,342.2,347,342.2,347,9,32900,11411090
2 DEC 2010,349.2,349.2,347,347,10,18000,6266600
1 DEC 2010,350,350,340.2,350,13,36000,12597790
30 NOV 2010,340,350.1,340,349.7,51,107100,37399700
29 NOV 2010,339,340,330,330.1,22,103400,35102200
26 NOV 2010,340,341,340,340,8,14200,4828100
25 NOV 2010,337.1,341,337.1,340,7,4600,1563810
24 NOV 2010,337,345,337,344.5,12,4000,1364420
23 NOV 2010,345,345.1,345,345.1,12,11400,3933510
22 NOV 2010,350.1,352,350,350,30,51000,17850900
18 NOV 2010,350,353,350,352.1,17,36000,12654850
16 NOV 2010,343,352,342.5,349.8,38,65400,22745400
15 NOV 2010,353.5,353.5,335.1,344.3,23,27300,9544080
12 NOV 2010,360.1,362.9,360,360,18,37300,13470380
11 NOV 2010,360,360,360,360,6,3200,1152000
10 NOV 2010,361,362,358,360,48,68300,24580080
9 NOV 2010,363,363,361,361.4,16,20100,7257890
8 NOV 2010,365,370,360,363.6,37,16600,6000730
4 NOV 2010,360.1,360.2,356.1,360,13,11400,4103400
3 NOV 2010,366,366,360.2,362.5,12,7800,2831090
2 NOV 2010,370.1,370.1,365,366.2,26,9600,3521880
1 NOV 2010,360,394.4,360,370.6,56,26600,9941070
29 OCT 2010,358,360,354,359.8,32,26600,9517020
28 OCT 2010,351.4,355,350,355,14,1008000,352804690
27 OCT 2010,351,352,350,351.4,22,27200,9548350
26 OCT 2010,350,352.5,350,350.1,28,63300,22184820
25 OCT 2010,348.5,350,348,349.8,38,66600,23234590
21 OCT 2010,348,350,348,349.8,38,66600,23234590
20 OCT 2010,347.2,348.5,347.2,348.1,22,18600,6473560
19 OCT 2010,345,348,343,347.1,19,23700,8217700
18 OCT 2010,345,347.1,343,346.4,38,136400,46567820
15 OCT 2010,345,345,342,344.6,45,123400,42560940
14 OCT 2010,347,347,340,340.1,37,531100,180936780
13 OCT 2010,330,344,325,341.7,60,694600,236113510
12 OCT 2010,330,343,330,340,78,1385000,470891240
11 OCT 2010,341.9,342,338,341.5,23,19400,6613200
8 OCT 2010,335,342,330,341.8,34,115300,39155200
7 OCT 2010,335,345,335,335.1,56,53500,17997060
6 OCT 2010,349,349,342,342.1,23,11500,3983190
5 OCT 2010,350.5,352,345,349.2,36,532900,186489150
4 OCT 2010,350,353,349.9,350.4,90,115400,40468160
1 OCT 2010,352,352,348,350,67,174400,61036240
30 SEP 2010,352,352,345,345.2,46,51700,18026840
29 SEP 2010,352,352,349,349.5,17,8900,3114440
28 SEP 2010,353,353.1,348,349,48,51700,18108480
27 SEP 2010,355,360,351,352,59,130900,46245250
24 SEP 2010,351,354,350.1,350.6,49,89100,31232650
23 SEP 2010,350,360,350,350.3,51,76400,26808070
21 SEP 2010,350,350,348,349.7,88,345000,120726570
20 SEP 2010,350,350,345,349.2,59,58100,20251050
17 SEP 2010,350,350,348,348.7,48,205400,71867270
16 SEP 2010,349,350,348.5,349,21,15000,5236340
15 SEP 2010,360,360,330.1,349,65,57400,20067970
14 SEP 2010,337,355.1,337,349,125,413100,143850250
13 SEP 2010,330.5,340,330.5,334.4,78,451900,149694620
9 SEP 2010,330,330,328,330,58,123500,40745360
8 SEP 2010,330,330,326,330,30,95700,31578400
7 SEP 2010,330,330,330,330,12,26900,8877000
6 SEP 2010,339,339,325,326.1,31,37900,12425700
3 SEP 2010,339,349,331.5,335,49,138700,46471590
2 SEP 2010,329.9,349,329.8,330,30,164800,53704880
1 SEP 2010,330,330,325,330,13,25100,8184100
31 AUG 2010,332,340,325,330,42,50000,16494750
30 AUG 2010,330,332,325,329.5,58,630800,208144800
27 AUG 2010,332,332,325,329.8,35,139100,45849980
26 AUG 2010,324,331,321,330,87,522200,170234220
25 AUG 2010,324.9,325,323,324.2,62,259400,84100360
23 AUG 2010,322.5,325,320,320.1,43,78300,25286090
20 AUG 2010,326,326,320.1,322.5,21,5500,1779850
19 AUG 2010,324,325,320,324.8,47,157200,50812200
18 AUG 2010,325.1,325.1,324,324.7,42,94000,30532990
17 AUG 2010,318,325,318,324.9,87,236000,76449330
16 AUG 2010,318,318,315,315.8,34,23700,7493070
13 AUG 2010,300,307,298,307,13,203900,62186000
12 AUG 2010,300,300.1,300,300,9,6100,1830100
11 AUG 2010,307,310,305,305,11,14800,4529640
10 AUG 2010,296,310,292,310,45,25500,7674900
9 AUG 2010,301,301,292,296.8,31,12400,3682810
6 AUG 2010,307,307,302,302.1,9,2700,821650
5 AUG 2010,310.1,310.1,300,309.7,30,20600,6210940
4 AUG 2010,315,315,315,315,8,5400,1701000
3 AUG 2010,318,318,315,315.1,18,37100,11698010
2 AUG 2010,318,318.5,315,315.9,21,20200,6402440
30 JUL 2010,317.75,317.75,310.25,313.25,15,41400,12921625
29 JUL 2010,319,320,315,317.75,35,19000,6048925
28 JUL 2010,315,320,315,319.75,57,76400,24412850
27 JUL 2010,309.75,315.5,309.75,313.5,23,72500,22614975
26 JUL 2010,303,306,303,305,25,75400,22989500
23 JUL 2010,305,305,303,304.75,19,60800,18527125
22 JUL 2010,300.75,304,300.25,303,4,3700,1121175
21 JUL 2010,307,307,295,296.25,20,59000,18193700
20 JUL 2010,301.75,306,301.75,305,28,30500,9289950
19 JUL 2010,301.5,303,301.5,301.75,10,3400,1025700
16 JUL 2010,304.25,304.5,301,301,6,8400,2529750
15 JUL 2010,301,301,300,300.75,7,4300,1293075
14 JUL 2010,300,305,300,300.5,10,7100,2154625
13 JUL 2010,300,300,300,300,4,2200,660000
12 JUL 2010,300,300,299,300,11,4400,1319700
9 JUL 2010,302.25,302.25,300,300,19,10700,3213250
8 JUL 2010,300,302,299,301.5,23,17100,5127175
7 JUL 2010,300,300,295,295.5,63,76200,22815975
6 JUL 2010,305,305.25,300,303,18,111400,34474200
2 JUL 2010,300,305,297,303,25,107300,32713575
1 JUL 2010,305,305,300,300,5,1500,452575
30 JUN 2010,305,306,305,305,22,24100,7351100
29 JUN 2010,305,305,304,305,26,56200,17130400
28 JUN 2010,303,305,301,305,21,76100,23202525
24 JUN 2010,306,306,304,305,47,216100,65907825
23 JUN 2010,306,308,305,308,14,4300,1320200
22 JUN 2010,307.5,307.5,305.5,305.5,9,1800,550125
21 JUN 2010,313,313,309,309.75,20,6200,1923300
17 JUN 2010,310.25,312.75,310,310.75,35,19200,5969425
16 JUN 2010,314,315,310,311.75,20,8600,2675600
15 JUN 2010,315.5,315.5,313,314,14,11000,3454175
14 JUN 2010,308,315,307,315,45,80600,25351350
11 JUN 2010,305,310,305,309.25,55,593200,181181725
10 JUN 2010,304.5,306.75,301,304.5,31,38100,11564450
9 JUN 2010,305,308,303,303,13,79900,24366800
8 JUN 2010,305,305,300,304.75,28,24200,7359825
7 JUN 2010,300,303,300,302,45,39600,11912700
4 JUN 2010,300,300.25,300,300,35,44500,13350250
3 JUN 2010,308,308,294.5,300.75,9,3200,961400
2 JUN 2010,300.25,305,300,304.75,28,29800,9061250
1 JUN 2010,305,305,300.25,303.75,12,17800,5397925
31 MAY 2010,296,305,296,305,31,357700,109017725
26 MAY 2010,302,302,294,294.25,17,21200,6352950
25 MAY 2010,310,310,300,302,53,34200,10443700
24 MAY 2010,300,312,300,305.5,103,896000,272830350
21 MAY 2010,288,295.25,288,295,78,640000,187079300
20 MAY 2010,286,286,281,285,33,44100,12548025
19 MAY 2010,289.75,292,285,286.5,58,39900,11545450
18 MAY 2010,284,289,284,285,20,15100,4307725
17 MAY 2010,282,285,282,285,8,5200,1479900
14 MAY 2010,281,282,280.5,281,6,3900,1095600
13 MAY 2010,281,281,280,280.25,13,11900,3333300
12 MAY 2010,281,282.5,281,281,8,2800,787150
11 MAY 2010,280,283,280,282.5,18,10300,2886800
10 MAY 2010,278,281.5,278,280.25,13,10500,2941800
7 MAY 2010,281,281,280,280,7,12100,3396500
6 MAY 2010,283,285,280,280.5,16,5500,1542350
5 MAY 2010,280,281.5,279.5,280.25,14,22000,6163675
4 MAY 2010,283,283,280,280.5,18,7200,2020300
3 MAY 2010,283,288,282,285,44,137800,39272300
30 APR 2010,279,281,279,281,8,310500,86940750
29 APR 2010,278.25,280,277.5,279.25,25,17300,4821075
27 APR 2010,280,280,278,278.75,25,47700,13350875
26 APR 2010,283,283.25,265,280,33,19900,5579675
23 APR 2010,272,280,272,279,51,24600,6827075
22 APR 2010,261,270,260,269,34,33400,8800650
21 APR 2010,260,260,256,259.75,38,32200,8362925
20 APR 2010,252.25,256,252,255.75,38,83200,21236600
19 APR 2010,246,255,246,251.75,26,21400,5337175
16 APR 2010,243,245,240,245,12,27600,6722925
15 APR 2010,242,243,240,241.5,18,32800,7903100
12 APR 2010,239,240,233,240,43,109200,26181450
8 APR 2010,239.75,239.75,239,239,2,600,143475
7 APR 2010,239,240,239,239.75,18,79500,19074400
6 APR 2010,237,240,235,236.75,15,13200,3124975
5 APR 2010,225,240,225,231.25,11,3600,826350
1 APR 2010,225,225,223,223,3,5300,1191900
31 MAR 2010,225,225,225,225,1,100,22500
30 MAR 2010,225,235,225,225,4,1100,249500
26 MAR 2010,227,227,221,225.5,8,2800,628550
25 MAR 2010,223.75,225,223.75,225,5,1100,247375
24 MAR 2010,225,225,225,225,6,6500,1462500
23 MAR 2010,225,225,225,225,1,100,22500
22 MAR 2010,228,228,225,225.25,9,3000,677700
19 MAR 2010,230,230,230,230,1,100,23000
18 MAR 2010,233,234,223,223,5,2200,513100
17 MAR 2010,228,235,226,231.5,22,17800,4099550
16 MAR 2010,232,232,230,230.25,8,7600,1750000
15 MAR 2010,234,235,233,233.75,16,7100,1661300
12 MAR 2010,240,240,230,236,25,17000,3986950
11 MAR 2010,220,236,220,228.75,92,109600,24534300
10 MAR 2010,218,220,217,219.75,8,10100,2213700
9 MAR 2010,215.25,220,215.25,220,17,14500,3187625
8 MAR 2010,222,222,220.25,221.75,35,40600,9009725
5 MAR 2010,218.5,221,218.5,219.5,22,18900,4146275
4 MAR 2010,219,219,218.75,218.75,13,18300,4007650
3 MAR 2010,215,220.5,215,220,41,202700,44589500
2 MAR 2010,215,218,214.75,217,17,31500,6822350
1 MAR 2010,212,220,210,212,48,26600,5785525
26 FEB 2010,207,210,207,209,5,7100,1484750
25 FEB 2010,205,210,205,207,30,29100,6037275
24 FEB 2010,205,205,205,205,10,4200,861000
23 FEB 2010,206.5,208,204,205,8,18100,3712100
22 FEB 2010,209,209,209,209,4,900,188100
19 FEB 2010,209,209,209,209,1,100,20900
18 FEB 2010,200.5,205,200.5,203,14,6100,1247800
17 FEB 2010,200,201.5,200,200.25,10,14200,2842950
16 FEB 2010,208,208,200,202.75,14,8400,1723350
15 FEB 2010,209,209,207,207.5,19,7100,1472600
12 FEB 2010,210,214,210,210.75,13,16700,3513150
11 FEB 2010,218,218,214.75,215,9,8100,1752025
10 FEB 2010,220,220,218,218,11,4700,1027850
9 FEB 2010,222.5,222.5,216,220.25,40,23300,5123275
8 FEB 2010,208,222,208,216.25,80,79800,17236400
5 FEB 2010,207,208,207,207.5,12,7500,1553675
3 FEB 2010,200,214,200,210,72,48100,10002575
2 FEB 2010,192,201.5,192,198,44,52000,10251425
1 FEB 2010,192,193,192,192,6,1200,230650
28 JAN 2010,188,192,186,190.25,20,13200,2496650
26 JAN 2010,186,189.25,186,186.75,9,5400,1008650
25 JAN 2010,188,189,186,186,29,23800,4461425
22 JAN 2010,185.5,187,185.5,186.25,24,36800,6842375
21 JAN 2010,185,186,184,185.5,33,104200,19307600
20 JAN 2010,185,187,184.75,185.25,38,50300,9307500
19 JAN 2010,185,185,180,180,20,15200,2753650
18 JAN 2010,185,188,185,185,21,35600,6601150
15 JAN 2010,185,189,182,185.75,47,45100,8424650
13 JAN 2010,185.5,185.5,184,185,3,600,110950
12 JAN 2010,186,186,185,185.5,21,13800,2561300
11 JAN 2010,188,188,187,187,23,43800,8201450
8 JAN 2010,185,189,185,188,7,14800,2784600
7 JAN 2010,181.5,185,180.5,185,47,64300,11744250
6 JAN 2010,180,181.75,179,181.5,52,116300,20946275
5 JAN 2010,176.5,180,176.25,179.5,25,28400,5091975
4 JAN 2010,172,176.5,172,174,12,42000,7306125
30 DEC 2009,172,172,170.5,171.75,31,69500,11936975
29 DEC 2009,174,174,173,173,8,11100,1922300
28 DEC 2009,173.5,175,173.5,174,6,1300,226200
24 DEC 2009,175.25,175.5,175,175,18,53400,9346400
23 DEC 2009,180,182.5,175,175.75,32,22900,4050775
22 DEC 2009,179,179,177.5,179,26,35700,6381100
21 DEC 2009,173.5,177.5,172.5,176,70,115300,20136800
18 DEC 2009,170,172.5,170,172.25,35,34000,5848600
17 DEC 2009,165.25,172.5,165.25,170.25,83,147500,24706750
16 DEC 2009,164.75,167,164.75,165,81,165900,27513350
15 DEC 2009,165,165,164,164.25,22,68900,11364350
14 DEC 2009,160,164.75,160,162,11,7800,1262725
11 DEC 2009,159.75,160,159.75,159.75,9,18500,2957500
10 DEC 2009,159,159,157,157,4,5200,818400
8 DEC 2009,157.25,157.25,157.25,157.25,12,22100,3475225
7 DEC 2009,156,157,156,157,3,1200,187400
4 DEC 2009,156,156,156,156,7,6500,1014000
3 DEC 2009,155,156,155,155.25,7,2500,388100
30 NOV 2009,154,157,154,157,11,2200,345100
27 NOV 2009,154,154,154,154,3,1200,184800
26 NOV 2009,154,154,152,152,5,3000,458000
25 NOV 2009,150.25,154,150,151.25,7,1800,270650
24 NOV 2009,158,158,155.25,155.25,5,4600,717800
23 NOV 2009,156.5,159.75,156,156.25,8,7200,1124075
19 NOV 2009,156.5,156.5,156.5,156.5,1,100,15650
18 NOV 2009,159,159.75,156,156.5,5,2400,376175
16 NOV 2009,161,162,161,161.5,5,900,145300
13 NOV 2009,156.75,160,156.75,159.75,7,15100,2412925
12 NOV 2009,156.75,156.75,156.75,156.75,1,100,15675
11 NOV 2009,155,155,154.5,154.5,6,2600,402700
10 NOV 2009,155,155.5,150,154.5,14,44600,6895875
9 NOV 2009,155,155,155,155,3,1100,170500
6 NOV 2009,152,156,152,155,19,19200,2964500
5 NOV 2009,152,153,150,150,38,59900,9045675
4 NOV 2009,153,153,148,150.75,8,7400,1125300
3 NOV 2009,155,155,152,153.25,21,23100,3552725
30 OCT 2009,153,154,153,153.75,11,6200,952100
29 OCT 2009,153,153,153,153,2,400,61200
27 OCT 2009,154,154,153,153,3,1100,169300
26 OCT 2009,155.25,155.25,154,154,12,9500,1469125
23 OCT 2009,148,155,148,154,11,6300,968900
22 OCT 2009,152.5,154,152.5,152.5,5,4100,626750
21 OCT 2009,151,156,149.25,154,43,49600,7588800
20 OCT 2009,156,159,150.25,151,23,29800,4558850
19 OCT 2009,157,159,145.25,157.75,12,10400,1631050
16 OCT 2009,162,162,160,161.5,10,6900,1113475
15 OCT 2009,162,162,161.75,161.75,8,2600,421000
14 OCT 2009,163,163,162,162,13,9600,1555950
13 OCT 2009,160,162.5,160,162,25,69100,11173950
12 OCT 2009,160,161,160,161,10,7700,1238475
9 OCT 2009,162,162,160,161.75,25,21400,3466050
8 OCT 2009,159.75,162,159.75,162,19,28200,4555975
7 OCT 2009,160,160,160,160,8,24100,3856000
6 OCT 2009,154,163,154,160,38,78700,12487050
5 OCT 2009,155.5,155.5,155,155,18,25000,3885750
2 OCT 2009,155,156,155,155,13,20600,3193700
1 OCT 2009,153,155,153,154.75,46,85700,13266500
30 SEP 2009,152.5,154,152.5,154,15,27800,4272550
29 SEP 2009,153,153,152.5,153,15,42500,6483875
28 SEP 2009,153,153.5,152.5,152.5,4,4000,610400
25 SEP 2009,152,153.75,152,152.25,3,10400,1581500
24 SEP 2009,154,154.5,152,152,27,29700,4581550
23 SEP 2009,153.75,154,153.75,153.75,12,14200,2183375
22 SEP 2009,153,154,153,153.75,27,40800,6267625
18 SEP 2009,154,154,151,153.5,20,32900,5011250
17 SEP 2009,150,152,150,151,53,152600,22925650
16 SEP 2009,149,149.75,148.5,149.5,18,90700,13556900
15 SEP 2009,148.5,148.5,148.5,148.5,1,300,44550
14 SEP 2009,148.5,150,148,149.5,22,29700,4434475
11 SEP 2009,145,147.5,143,147.25,11,18700,2742150
10 SEP 2009,145,145,143,144.75,10,15900,2278700
9 SEP 2009,143.5,145,142.5,143.25,25,35800,5128850
8 SEP 2009,141.25,142,140,141,21,165600,23343075
7 SEP 2009,139.75,140,139.75,139.75,6,24500,3425000
3 SEP 2009,140,140,137,139.75,18,24800,3469900
2 SEP 2009,138,141.5,138,140,35,165200,23059950
1 SEP 2009,137,137,137,137,1,100,13700
31 AUG 2009,137,137,136,136.5,2,1200,163700
28 AUG 2009,139,139,139,139,1,100,13900
27 AUG 2009,137,137.5,137,137,18,21400,2933350
26 AUG 2009,138,138,137,137,7,11200,1544800
21 AUG 2009,139,139,139,139,1,400,55600
20 AUG 2009,138,138,138,138,3,4700,648600
19 AUG 2009,138,140,138,140,21,89700,12550025
18 AUG 2009,137,139,137,138.75,9,17900,2475450
17 AUG 2009,139,139,139,139,1,200,27800
14 AUG 2009,136,137,136,136.5,6,23400,3194100
13 AUG 2009,137,137,136,136,3,3900,530500
12 AUG 2009,136,136,136,136,5,10700,1455200
10 AUG 2009,136,136.75,136,136,9,5600,761750
7 AUG 2009,136,136.25,135.25,136.25,4,15100,2043125
6 AUG 2009,135,135,135,135,13,32400,4374000
3 AUG 2009,136,136,135,135,8,1600,216200
31 JUL 2009,135,136,135,135.75,3,7100,965000
30 JUL 2009,136,136,135.5,135.75,12,24700,3349425
29 JUL 2009,137,137,136.5,136.5,8,20400,2794750
28 JUL 2009,137.5,137.5,135,137.25,31,114400,15673700
27 JUL 2009,138.5,138.5,137,137.5,11,13400,1843850
24 JUL 2009,136,137,136,137,7,30600,4192100
23 JUL 2009,136,137,136,137,11,30800,4212800
22 JUL 2009,135.25,136,134,136,15,18600,2515625
21 JUL 2009,140,140,134.25,135.25,24,82400,11157475
20 JUL 2009,131,134.5,131,134.5,8,7300,969200
17 JUL 2009,130,130,130,130,1,400,52000
16 JUL 2009,130,130,130,130,2,1100,143000
15 JUL 2009,130,130,130,130,5,2200,286000
14 JUL 2009,130,130,130,130,1,1200,156000
13 JUL 2009,130,130,130,130,5,12000,1560000
10 JUL 2009,131,131,131,131,3,1000,131000
9 JUL 2009,131.75,131.75,130,130,8,4400,578050
8 JUL 2009,132.75,132.75,132,132,8,8000,1059325
7 JUL 2009,133,133,132,132.5,8,8100,1074850
3 JUL 2009,132,133.25,131,133,31,69700,9263575
2 JUL 2009,131,132.5,131,132.5,11,8200,1081150
1 JUL 2009,130,132.75,130,131,10,8800,1164800
30 JUN 2009,132,134.5,132,132,29,41900,5536425
29 JUN 2009,130.5,132.5,130.5,131,12,11900,1559150
26 JUN 2009,130.5,135,130.5,132,9,4500,600225
25 JUN 2009,134.5,136,130.5,130.5,20,20800,2774800
24 JUN 2009,130,134.5,130,133.5,34,28200,3731975
23 JUN 2009,130.75,131,127,130,22,52200,6783250
22 JUN 2009,128.75,131.25,128.75,130.75,45,44400,5781425
19 JUN 2009,124,128.75,124,127.5,28,34100,4335150
18 JUN 2009,121,122,121,122,29,17800,2163800
17 JUN 2009,118,120.25,118,120,20,24500,2907175
16 JUN 2009,118,118,118,118,8,29200,3445600
15 JUN 2009,121.75,121.75,119,119.25,17,5700,687500
12 JUN 2009,117,121,117,120,23,8300,989200
11 JUN 2009,115.75,117,115.75,116.25,16,20900,2426550
9 JUN 2009,116,117,115.25,115.5,4,6300,727600
8 JUN 2009,112.75,115.5,112,115,27,30500,3433825
4 JUN 2009,112,112,112,112,2,900,100800
3 JUN 2009,112,115,112,115,3,400,45100
2 JUN 2009,113,113,112,112,9,4200,470925
1 JUN 2009,116,116,116,116,3,600,69600
29 MAY 2009,118,118,117,117.5,10,3700,436300
28 MAY 2009,117,120,117,118,21,7200,852850
27 MAY 2009,114,116,113.75,114.5,14,20100,2298450
26 MAY 2009,111.5,113,108.25,113,25,17800,1989000
25 MAY 2009,116,116,110.25,111.5,13,16100,1831575
22 MAY 2009,118.25,118.25,114,116.5,8,4600,536775
21 MAY 2009,110,118,110,117,43,33900,3841400
19 MAY 2009,107,109,107,109,2,700,76100
18 MAY 2009,109.5,111,109.5,110,21,12800,1407000
15 MAY 2009,106,106,106,106,17,27000,2862000
12 MAY 2009,104,106,103.75,106,3,800,83575
7 MAY 2009,107.25,107.25,107.25,107.25,1,100,10725
6 MAY 2009,107.75,107.75,105.5,107.25,7,4100,437650
5 MAY 2009,102.5,107,102.5,105,14,4700,492125
30 APR 2009,103,103,103,103,3,2500,257500
29 APR 2009,106,106,103.5,103.5,2,600,62350
28 APR 2009,102,102,99,100.75,7,5800,585200
27 APR 2009,105,105,99,101,13,6300,639175
24 APR 2009,102,105,102,105,28,16500,1710025
23 APR 2009,100,100,99,100,23,11300,1123550
22 APR 2009,99.25,100,99,100,9,6300,626025
21 APR 2009,98,99.75,98,98.5,20,19000,1863325
20 APR 2009,94,98,94,98,7,3700,360275
17 APR 2009,93,93,93,93,4,600,55800
16 APR 2009,90,92.75,90,90,7,2600,234275
15 APR 2009,87,90,87,90,5,2100,188700
7 APR 2009,89.5,90,86,89.5,7,2800,250575
6 APR 2009,87,87,87,87,1,1000,87000
3 APR 2009,87,87,87,87,1,500,43500
2 APR 2009,87,87,87,87,1,200,17400
1 APR 2009,87,87,87,87,2,300,26100
31 MAR 2009,90,90,90,90,9,17200,1548000
27 MAR 2009,86.5,87,86,86.25,14,11600,998550
26 MAR 2009,86.5,86.5,86.5,86.5,1,200,17300
25 MAR 2009,88,89,87.5,87.5,7,4500,399050
24 MAR 2009,87.5,90,87.5,88,5,2900,255350
23 MAR 2009,87.5,87.5,87.5,87.5,6,4200,367500
20 MAR 2009,86,87.25,86,87.25,4,400,34525
19 MAR 2009,89,89,86.5,86.75,4,700,61650
16 MAR 2009,89.75,89.75,89.75,89.75,1,100,8975
12 MAR 2009,86,86.25,86,86,10,3200,275225
11 MAR 2009,85,86,85,86,4,500,42800
6 MAR 2009,85.25,86.25,85,86,13,11000,939750
4 MAR 2009,90,90,86,86.5,7,14300,1237450
2 MAR 2009,91,92,90,90.25,9,5100,460750
27 FEB 2009,93,93,93,93,1,1000,93000
26 FEB 2009,91,91,91,91,1,100,9100
25 FEB 2009,93,93,91,92,12,16400,1516900
20 FEB 2009,93.75,94,92,93.5,8,6900,645225
19 FEB 2009,93.75,94,93.75,94,9,2300,216175
18 FEB 2009,94,94,94,94,12,8500,799000
17 FEB 2009,96,96,94,94,3,1000,95000
16 FEB 2009,100,100,96,100,8,1200,119200
13 FEB 2009,94,94.25,94,94,5,1800,169350
11 FEB 2009,95,95,95,95,1,200,19000
3 FEB 2009,99,99,99,99,1,300,29700
2 FEB 2009,100,100,99.25,99.75,5,700,69925
30 JAN 2009,100,100,100,100,1,100,10000
29 JAN 2009,100,100,98.5,98.5,7,1900,188650
27 JAN 2009,100,100,100,100,1,100,10000
26 JAN 2009,100,100,100,100,5,1700,170000
23 JAN 2009,100,100,99.75,99.75,12,13100,1309950
22 JAN 2009,100,100,100,100,3,300,30000
21 JAN 2009,100,100,100,100,2,1100,110000
20 JAN 2009,100.25,104,100,104,18,11700,1199275
19 JAN 2009,94,100,94,99.5,13,13300,1307550
16 JAN 2009,90.5,94,90,91.75,7,1900,174175
15 JAN 2009,89,90,89,89.75,8,7900,708850
13 JAN 2009,86.5,86.5,86.5,86.5,5,1000,86500
9 JAN 2009,86.5,86.5,86.5,86.5,1,300,25950
8 JAN 2009,86.5,86.5,86.5,86.5,1,100,8650
7 JAN 2009,90,90,90,90,1,100,9000
6 JAN 2009,90,90,90,90,2,1000,90000
5 JAN 2009,92,92,90,90,7,2200,199650
2 JAN 2009,90,91,90,90.5,8,4700,423400
31 DEC 2008,86,86,86,86,1,100,8600
23 DEC 2008,86,86,86,86,1,100,8600
22 DEC 2008,86,86,86,86,1,1000,86000
19 DEC 2008,86,90,86,86.5,6,1900,164200
18 DEC 2008,86,86,86,86,2,2000,172000
11 DEC 2008,85.25,85.25,85.25,85.25,1,100,8525
8 DEC 2008,90,90,90,90,5,3100,279000
5 DEC 2008,90.75,90.75,90.5,90.5,2,2200,199150
4 DEC 2008,92,92,90,90.25,15,10500,954575
3 DEC 2008,92,92,92,92,3,1900,174800
2 DEC 2008,98.75,98.75,98.75,98.75,1,25000,2468750
1 DEC 2008,100,100,100,100,2,200,20000
27 NOV 2008,90,92,90,90.5,6,1300,117200
26 NOV 2008,92,92,90,90,10,6200,564800
25 NOV 2008,95,95,95,95,2,2400,228000
24 NOV 2008,95,95,95,95,3,300,28500
21 NOV 2008,100,100,96,96,6,2200,212600
20 NOV 2008,100,100,100,100,3,1300,130000
19 NOV 2008,105,105,104,104,2,1100,114500
18 NOV 2008,110,110,110,110,2,300,33000
14 NOV 2008,113,113,112,112,2,200,22500
13 NOV 2008,115,115,115,115,5,2400,276000
11 NOV 2008,115,115,115,115,5,1800,207000
10 NOV 2008,116,116,115,115.25,9,3400,392000
7 NOV 2008,118,118,116,118,8,4600,542000
6 NOV 2008,120,124,120,120,15,19500,2340400
5 NOV 2008,124.75,124.75,124.75,124.75,1,200,24950
4 NOV 2008,120,120,120,120,3,12000,1440000
3 NOV 2008,115.75,120,115.75,117.75,7,3200,374550
31 OCT 2008,115,116,115,115.75,4,1400,162200
30 OCT 2008,115,115,115,115,5,4400,506000
29 OCT 2008,112,113,112,113,5,3400,383100
28 OCT 2008,115,115,112.25,113,10,3400,386125
24 OCT 2008,111,113,111,112,5,3000,336000
23 OCT 2008,115.25,115.25,112,112,19,12500,1435825
22 OCT 2008,115,115,115,115,1,100,11500
21 OCT 2008,119,119,119,119,5,1700,202300
20 OCT 2008,119,119.25,119,119.25,6,2500,298025
17 OCT 2008,119,119,119,119,5,1900,226100
16 OCT 2008,120,120,119.75,120,15,37900,4547975
15 OCT 2008,125,125,120,120,8,8400,1009000
13 OCT 2008,115,115,113,114.5,6,3700,425300
10 OCT 2008,122,122,115,115,14,5000,578825
9 OCT 2008,122,122,120.25,120.5,6,1200,145025
8 OCT 2008,126,126,125,125.25,5,4100,513500
7 OCT 2008,130,130,128,128.75,3,4600,597200
6 OCT 2008,129.5,130,129.5,130,9,5500,712950
2 OCT 2008,130,130,129,129,5,900,116800
30 SEP 2008,129,129,129,129,3,2500,322500
29 SEP 2008,129.75,130,129.75,130,5,6700,869675
26 SEP 2008,128,130,128,129.75,15,11300,1464275
25 SEP 2008,130,130,128.5,128.5,3,1200,155700
24 SEP 2008,130,130,130,130,4,2000,260000
23 SEP 2008,130,130.25,130,130.25,11,8300,1079225
22 SEP 2008,129,129,129,129,2,900,116100
19 SEP 2008,129,130,129,129,13,9000,1167350
18 SEP 2008,128,128,128,128,4,900,115200
17 SEP 2008,130,130.25,130,130,7,4500,585025
16 SEP 2008,130.25,130.5,130,130,8,5100,663200
15 SEP 2008,130.5,130.5,130.5,130.5,1,100,13050
12 SEP 2008,130.25,130.25,130.25,130.25,1,100,13025
11 SEP 2008,135.5,136,135.5,135.75,13,10500,1426225
10 SEP 2008,136,136,136,136,2,600,81600
9 SEP 2008,137,137,137,137,3,700,95900
8 SEP 2008,137,137.25,137,137.25,2,200,27425
5 SEP 2008,138,138,137,137,2,200,27500
4 SEP 2008,138,138,138,138,3,2500,345000
3 SEP 2008,138,138,138,138,2,2000,276000
1 SEP 2008,140,140,140,140,2,900,126000
29 AUG 2008,140,140,139.75,140,15,14700,2057850
28 AUG 2008,138.25,140,138,140,6,1800,251450
27 AUG 2008,139.75,140,139.75,140,35,45200,6327975
26 AUG 2008,140,140,139,139,2,600,83900
25 AUG 2008,139.75,140,139.75,140,6,1600,223825
22 AUG 2008,139.75,140,139.75,139.75,7,2000,279625
21 AUG 2008,138,138,138,138,2,1400,193200
20 AUG 2008,140,140,140,140,3,1900,266000
19 AUG 2008,138.75,140,138.75,139.5,15,7000,975425
18 AUG 2008,139.75,139.75,139.75,139.75,7,900,125775
15 AUG 2008,140,140,139.5,139.75,4,400,55925
13 AUG 2008,140,143,140,141,8,8000,1128425
12 AUG 2008,143.75,143.75,143,143,3,3600,515550
11 AUG 2008,144,144,144,144,3,1100,158400
8 AUG 2008,144,144,144,144,1,1000,144000
7 AUG 2008,145,145,145,145,2,128390,18616550
6 AUG 2008,145,145,145,145,7,4900,710500
4 AUG 2008,148.25,148.25,147.75,148,10,4600,680650
1 AUG 2008,148,148,146.75,147.75,8,8900,1315950
31 JUL 2008,148,148.5,148,148,10,7000,1036250
30 JUL 2008,148.5,148.5,148,148.5,13,16100,2390450
29 JUL 2008,149,149.5,148,148.25,50,333300,49875250
28 JUL 2008,148,150,148,149.5,126,2066856,309924275
25 JUL 2008,142,148,142,146.75,84,734233,104451111
24 JUL 2008,137,143,137,141.25,69,103200,14435675
23 JUL 2008,137,138.5,136,137.25,26,324000,45291800
22 JUL 2008,135,137,135,136.75,36,191800,26120200
21 JUL 2008,130,135,130,135,7,13200,1781500
18 JUL 2008,137,137,135,135,35,78500,10611475
16 JUL 2008,138.25,139,137,137.5,22,32800,4527625
15 JUL 2008,138.25,138.25,138,138,14,10400,1435225
14 JUL 2008,138,138,138,138,11,24100,3325800
11 JUL 2008,138,138.5,138,138,24,44400,6132650
10 JUL 2008,138,140,138,139.5,44,61700,8548200
9 JUL 2008,137.75,139,137.75,138,11,16900,2330200
8 JUL 2008,137,138.5,137,137.75,40,647817,87686570
7 JUL 2008,137.25,137.25,136,136.75,20,583156,78739435
4 JUL 2008,136,137.5,135.5,137,61,163400,22171950
3 JUL 2008,136.5,136.5,135.25,135.25,11,9400,1273525
2 JUL 2008,136,137,135.5,136.75,30,21800,2975700
1 JUL 2008,136,137,135.5,137,45,30500,4150950
30 JUN 2008,138,140,135.25,135.75,43,21600,2981675
27 JUN 2008,134,136,134,135,68,111600,15011350
26 JUN 2008,134,134,133,134,61,33900,4532700
25 JUN 2008,130.5,134,130,133.75,79,2753000,358613350
24 JUN 2008,132.5,133.5,131.5,132,51,2611000,340460850
23 JUN 2008,128,132,128,131.75,105,122400,15896925
20 JUN 2008,125,127,125,126.25,33,29000,3645100
19 JUN 2008,125,125,125,125,27,174900,21862500
17 JUN 2008,127,127,125,125,14,15800,1983600
16 JUN 2008,126,129,126,128,86,139200,17803900
12 JUN 2008,126,127,125,125,58,137400,17186850
11 JUN 2008,126,130,125.75,126.5,116,70200,8921300
10 JUN 2008,115.5,128,115.5,125,385,5352900,668924075
9 JUN 2008,102.5,114,99,109,129,107000,11271150
6 JUN 2008,97.5,103,97.5,100.25,64,37800,3801900
5 JUN 2008,97,98,97,98,14,10100,984325
4 JUN 2008,97,97,96,96,3,6000,576500
3 JUN 2008,98,101,97,97.5,52,45300,4499150
30 MAY 2008,93.5,95,93.5,95,3,1200,113800
29 MAY 2008,94,94,94,94,3,600,56400
28 MAY 2008,95,97,94,95,13,5500,522500
27 MAY 2008,95,95,95,95,1,1000,95000
26 MAY 2008,95,95,95,95,4,2400,228000
23 MAY 2008,94.5,95,94.5,95,6,2300,218150
22 MAY 2008,94,94,94,94,14,24400,2293600
21 MAY 2008,94,94,94,94,4,31400,2951600
15 MAY 2008,94,94.5,93.75,94,31,88600,8328350
14 MAY 2008,94,94.5,93.75,93.75,25,23900,2252600
9 MAY 2008,94.25,94.25,94.25,94.25,13,12900,1215825
8 MAY 2008,94,95,94,94.25,16,15000,1413000
7 MAY 2008,94.5,94.5,94,94,15,11000,1034225
6 MAY 2008,95.5,95.5,95,95,15,22600,2148900
5 MAY 2008,96,96,95.5,95.75,10,2300,220500
2 MAY 2008,96.75,96.75,96,96,8,3700,355300
30 APR 2008,97,97,97,97,1,200,19400
29 APR 2008,97.25,97.25,97.25,97.25,1,100,9725
28 APR 2008,98,98,97,97.75,3,700,68500
25 APR 2008,98,98,98,98,8,3700,362600
24 APR 2008,98.25,98.5,98,98.25,15,15500,1520525
23 APR 2008,99.75,99.75,98,98,2,500,49175
22 APR 2008,97.5,97.5,97.25,97.25,5,23000,2237500
21 APR 2008,97,97.5,97,97.25,11,10400,1009700
17 APR 2008,97.5,98,97.5,98,13,223000,21751000
16 APR 2008,97.5,97.5,97.5,97.5,1,5400,526500
15 APR 2008,97.25,98,97.25,97.75,4,70700,6926975
9 APR 2008,96.25,96.25,96.25,96.25,3,1000,96250
8 APR 2008,97,97.5,96.25,96.25,7,5100,495175
7 APR 2008,97.5,97.5,97,97,10,8800,854650
3 APR 2008,98,98,97.25,97.25,9,2200,215300
2 APR 2008,98,98,97.25,97.25,8,5800,565275
1 APR 2008,97.75,98,97.75,98,6,2700,264300
31 MAR 2008,97.75,97.75,97.75,97.75,1,100,9775
28 MAR 2008,97,97,97,97,2,2500,242500
26 MAR 2008,97,97,97,97,1,200,19400
25 MAR 2008,95.5,95.5,95.5,95.5,1,100,9550
24 MAR 2008,97,97,97,97,6,11900,1154300
19 MAR 2008,98,98,97,97.25,7,12600,1224025
18 MAR 2008,97,100,97,100,15,69200,6911550
17 MAR 2008,98,98,98,98,8,2200,215600
14 MAR 2008,99,99,98.25,98.25,2,300,29550
13 MAR 2008,98,99,98,99,6,6700,663200
12 MAR 2008,98.25,99,98.25,99,2,600,59025
11 MAR 2008,99,99.25,99,99,6,2900,287125
10 MAR 2008,100,100,99.5,99.5,7,3100,309750
7 MAR 2008,100,100,100,100,1,100,10000
5 MAR 2008,100,100,100,100,5,6600,660000
4 MAR 2008,100,100,100,100,1,1000,100000
3 MAR 2008,95.5,95.5,95.5,95.5,1,2400,229200
29 FEB 2008,96.75,97,96,97,15,8300,801475
28 FEB 2008,97.25,97.25,96.75,97,6,1000,97050
27 FEB 2008,97.5,97.5,97,97.25,9,7400,718675
25 FEB 2008,98,98,97,97,15,5400,524800
22 FEB 2008,98.75,98.75,95.5,97,6,5200,505875
21 FEB 2008,98.75,98.75,98,98.75,5,900,88425
19 FEB 2008,99,99,98,98.25,2,1800,176900
18 FEB 2008,98,99,97.25,97.5,6,2100,205250
15 FEB 2008,99,100,99,100,3,1600,159400
14 FEB 2008,99,99,99,99,1,31000,3069000
13 FEB 2008,99.5,99.75,96,99.75,12,10100,975600
12 FEB 2008,99.5,104,99.5,99.5,10,3700,370300
11 FEB 2008,99.5,99.5,99,99.5,6,1600,158850
8 FEB 2008,99.5,102,99.5,100,6,5800,580350
7 FEB 2008,99.25,100,99,99,5,2100,208100
6 FEB 2008,100,102,99,100,8,3200,318900
1 FEB 2008,103.75,103.75,103.75,103.75,1,100,10375
30 JAN 2008,95.75,95.75,95.75,95.75,3,20000,1915000
29 JAN 2008,97,97,95.5,95.5,7,28200,2693400
28 JAN 2008,95.5,95.5,95.25,95.25,4,2500,238375
25 JAN 2008,95.5,95.5,95.5,95.5,6,2400,229200
24 JAN 2008,95.25,95.5,95.25,95.5,5,1600,152650
23 JAN 2008,95.25,99,95,95.75,7,3300,315825
21 JAN 2008,98,98,95,95.75,8,4200,405900
18 JAN 2008,97,98.75,97,98.75,5,1000,97200
16 JAN 2008,98.25,98.25,98,98,3,700,68725
11 JAN 2008,100,100,100,100,6,4300,430000
10 JAN 2008,99.75,100,96.25,100,3,8300,804025
9 JAN 2008,99,99,95,95,12,103300,9820650
8 JAN 2008,100,100,100,100,5,3000,300000
4 JAN 2008,103,102.5,100,100,13,5100,512525
3 JAN 2008,105,105,105,105,3,1800,189000
2 JAN 2008,105.5,105.5,105,105,11,19100,2005600
31 DEC 2007,105.5,107.75,105.25,107.75,7,8200,879550
28 DEC 2007,105.25,108,105.25,107.5,4,600,64475
27 DEC 2007,110,110,106,108.25,5,1900,206575
26 DEC 2007,105.5,109,105.5,107.5,5,68000,7178000
24 DEC 2007,104.75,110,104.75,105.5,9,4000,421625
20 DEC 2007,104,104,104,104,2,500,52000
19 DEC 2007,104.5,104.5,104.5,104.5,1,15000,1567500
18 DEC 2007,105,105,104,104.75,17,14700,1543000
17 DEC 2007,105.5,105.5,104.5,105,6,1400,147000
14 DEC 2007,106,106,106,106,2,300,31800
12 DEC 2007,106,106.25,106,106.25,5,8800,934800
11 DEC 2007,108,108,106,106.25,8,2300,244425
10 DEC 2007,106.5,108,106.5,107,14,12600,1356025
7 DEC 2007,107,107,107,107,1,200,21400
6 DEC 2007,109,109,109,109,4,11500,1253500
4 DEC 2007,105.25,109,105.25,109,2,1000,107125
29 NOV 2007,110,110,109.75,109.75,6,1700,186700
28 NOV 2007,101,110,101,108.25,4,1200,130000
27 NOV 2007,110,110.25,108,108.75,18,66500,7237600
26 NOV 2007,111,112,110,110,23,13900,1531825
23 NOV 2007,113,113,112.5,112.5,4,1000,112550
21 NOV 2007,115,115,115,115,1,100,11500
20 NOV 2007,115.75,116,115.5,115.5,4,1500,173600
19 NOV 2007,115,116,115,115.25,4,700,80700
16 NOV 2007,116,116,115,115.25,3,2800,322800
15 NOV 2007,116,116,114.5,114.5,15,26100,3014200
14 NOV 2007,115,116,115,115.25,6,2700,311000
13 NOV 2007,115.75,116,115,115,4,1200,138475
12 NOV 2007,115,116,115,115.75,7,3400,393175
9 NOV 2007,114.25,118,114.25,115,12,5100,586100
7 NOV 2007,113,114.5,113,113.25,5,1300,147150
6 NOV 2007,113,113,113,113,3,1300,146900
5 NOV 2007,113,115,113,113,6,4800,542850
1 NOV 2007,112,112,112,112,3,1100,123200
31 OCT 2007,115,115,113,114,7,2200,251575
30 OCT 2007,115,115,115,115,9,3600,414000
29 OCT 2007,115.75,115.75,115.25,115.5,2,200,23100
26 OCT 2007,116,117,116,116.75,4,3800,443600
24 OCT 2007,117,117,116,116.25,4,700,81400
23 OCT 2007,115,117,115,115,19,15300,1764200
22 OCT 2007,117,117,117,117,3,400,46800
19 OCT 2007,117,119,117,118.25,3,300,35500
18 OCT 2007,119.75,120,119.75,119.75,2,500,59900
17 OCT 2007,119.75,119.75,118,119,4,15500,1829650
16 OCT 2007,117.75,118,117.75,118,9,126100,15119625
15 OCT 2007,112.5,118,112.5,117.75,9,18600,2126400
12 OCT 2007,112,114,112,112.5,4,900,101200
11 OCT 2007,110.5,110.5,110,110,11,36800,4048800
10 OCT 2007,110,111,110,110.5,5,10700,1177300
9 OCT 2007,110.5,110.5,110,110,7,3100,342350
8 OCT 2007,110.25,111,110.25,110.75,2,400,44325
5 OCT 2007,110,110,110,110,5,2900,319000
4 OCT 2007,112,112,111,111,9,8000,889050
3 OCT 2007,112,112.5,112,112.5,5,4500,505875
2 OCT 2007,113.25,113.5,112,112.25,10,4800,542525
1 OCT 2007,112,112,111.5,112,10,5200,582300
28 SEP 2007,112,112.5,112,112.5,40,24500,2744350
27 SEP 2007,112.25,112.5,112,112,14,4900,549325
25 SEP 2007,113,113.5,112.25,113.5,4,800,90075
24 SEP 2007,114.75,114.75,114.75,114.75,3,400,45900
21 SEP 2007,112,114,112,113,2,200,22600
20 SEP 2007,114,114,114,114,2,200,22800
18 SEP 2007,115,115,115,115,3,1900,218500
17 SEP 2007,115,115.5,115,115.5,4,1000,115400
13 SEP 2007,113.75,120,113.75,116.5,17,6100,704575
12 SEP 2007,112,114,112,113.5,24,62100,6960700
11 SEP 2007,112,112,111,111.25,22,63600,7118325
10 SEP 2007,113.75,113.75,112,112.25,10,22500,2557450
6 SEP 2007,113,113,113,113,1,100,11300
5 SEP 2007,114,114,114,114,4,15200,1732800
4 SEP 2007,115,117.75,114,114,17,18800,2162250
3 SEP 2007,116,116,114,114,5,21000,2395500
31 AUG 2007,116,116,116,116,2,300,34800
30 AUG 2007,116,116,113.25,116,4,700,80525
29 AUG 2007,116.5,116.5,115.25,115.25,11,3700,429925
27 AUG 2007,117.75,118,115.75,116.5,9,3800,444075
24 AUG 2007,118,118,118,118,15,6200,731600
23 AUG 2007,118,118,118,118,9,3900,460200
22 AUG 2007,118,118,117,117.25,10,2200,258900
21 AUG 2007,119,120,117,119.25,9,1900,224025
20 AUG 2007,119,119,118.5,118.5,3,4600,545200
17 AUG 2007,119.5,119.5,117,117,3,2200,257900
16 AUG 2007,118,122,116.5,117.25,16,1643500,205409725
15 AUG 2007,115.25,119.75,115.25,119.75,12,3100,359375
14 AUG 2007,116.5,117.75,114.25,115.25,14,3700,427525
13 AUG 2007,118,120,117,118,6,2900,342450
10 AUG 2007,120.25,120.25,112,118,12,2700,314550
8 AUG 2007,121.25,122,120,121.25,13,12500,1508625
7 AUG 2007,122,122,122,122,9,4500,549000
6 AUG 2007,123.75,123.75,123.75,123.75,6,4900,606375
3 AUG 2007,123.75,124,123.5,124,14,14500,1794275
2 AUG 2007,122.5,122.5,122,122.25,12,5500,671750
1 AUG 2007,123,123,123,123,3,2900,356700
31 JUL 2007,124,124,123,123,8,3300,407175
30 JUL 2007,124,124,124,124,4,3100,384400
26 JUL 2007,123,124,123,124,6,7100,880000
25 JUL 2007,124,124.5,124,124,20,11200,1389675
24 JUL 2007,124,124,123.5,124,21,25600,3173300
20 JUL 2007,121.25,125,121.25,125,3,1200,146250
17 JUL 2007,125,125,125,125,6,900,112500
16 JUL 2007,125.5,125.5,125,125,3,1200,150050
13 JUL 2007,125,127,125,125.5,13,8200,1029925
11 JUL 2007,126,128.5,126,128.5,2,600,76850
10 JUL 2007,126,126,126,126,5,2000,252000
9 JUL 2007,128,128,128,128,2,1000,128000
6 JUL 2007,128,128,128,128,2,1000,128000
5 JUL 2007,130,130,128,129.25,4,1100,142200
4 JUL 2007,131,131,130,130,4,2500,325250
3 JUL 2007,134,134.75,132,132,5,1300,173750
2 JUL 2007,132.75,134,132.75,133.5,2,200,26675
29 JUN 2007,132,132,132,132,1,300,39600
28 JUN 2007,132,132,131,132,10,65200,8601375
27 JUN 2007,134,134,134,134,2,300,40200
26 JUN 2007,134,135,134,134.25,2,500,67100
25 JUN 2007,133,133,133,133,1,300,39900
20 JUN 2007,134,136,134,135,3,2500,337200
19 JUN 2007,133,134,130.5,132.5,4,1300,172600
18 JUN 2007,134,136,134,135.25,4,1600,216400
15 JUN 2007,135,136,135,135.75,5,1400,190075
13 JUN 2007,135,140,135,135.75,11,3100,421425
12 JUN 2007,134,135,134,135,4,1600,215900
11 JUN 2007,128,130,128,130,3,2900,376600
8 JUN 2007,128,128,128,128,10,1400,179200
7 JUN 2007,126.75,128,126,126.5,14,12300,1557025
6 JUN 2007,126.5,128,126.5,127,7,2200,278900
5 JUN 2007,127,128,125,127,8,4500,568100
4 JUN 2007,128.5,128.5,127,127,9,2000,256500
1 JUN 2007,128,128,128,128,1,100,12800
30 MAY 2007,126.75,127,126.75,127,2,800,101575
29 MAY 2007,128.75,128.75,125,128,6,8800,1126250
28 MAY 2007,130.5,130.5,128,128.75,12,8100,1053750
25 MAY 2007,130.5,133,130.25,133,3,600,78475
24 MAY 2007,130.5,134.5,130,133.5,16,9700,1267475
23 MAY 2007,130.5,130.5,130.5,130.5,1,100,13050
22 MAY 2007,135,136,135,135.5,4,900,121800
21 MAY 2007,135,140,135,136.75,10,6100,833700
18 MAY 2007,130,135,130,134.75,10,56300,7344525
17 MAY 2007,130,130,129,129.25,7,4400,569100
16 MAY 2007,133.25,135,130,131.5,36,17200,2266775
15 MAY 2007,136.5,138,133,133.25,22,60600,8340100
14 MAY 2007,139.5,140,137,140,9,9000,1255000
11 MAY 2007,140.75,140.75,140,140,15,13600,1904150
10 MAY 2007,140,140.75,140,140.5,16,13400,1876725
9 MAY 2007,139.75,140,139.75,140,24,15700,2197875
8 MAY 2007,140.25,140.25,140,140,7,1400,196125
7 MAY 2007,144,144,141,141,6,1800,256800
3 MAY 2007,144.75,144.75,144.75,144.75,1,100,14475
30 APR 2007,144,144,144,144,1,100,14400
27 APR 2007,145,149.5,145,145.25,21,35200,5106325
26 APR 2007,149.25,151.5,145.25,151,13,38800,5653600
25 APR 2007,147.5,149.5,147.5,149.5,5,700,104250
24 APR 2007,147,150,145,147.5,13,7400,1083325
23 APR 2007,147.5,147.5,147.5,147.5,1,100,14750
20 APR 2007,150,150,150,150,5,5100,765000
19 APR 2007,156,156.5,156,156,4,1300,202900
17 APR 2007,154,156.5,154,155,6,2200,340950
16 APR 2007,155,155,154,154,2,700,108300
11 APR 2007,145,152,145,150.75,9,3400,502000
10 APR 2007,142,145,142,145,5,1600,229600
9 APR 2007,140,142,140,142,7,1700,240800
4 APR 2007,140,142.75,140,140.25,7,2400,336500
3 APR 2007,144,144,144,144,1,200,28800
30 MAR 2007,144,144,142,142,6,2100,301200
29 MAR 2007,145,145,140,140,16,7100,1001050
28 MAR 2007,142,148,142,144.5,9,6100,881450
27 MAR 2007,145,145,145,145,1,100,14500
26 MAR 2007,145,145,143,144,5,3300,475300
23 MAR 2007,150,150,148.5,149,6,1700,254150
22 MAR 2007,150,150,148,149.75,5,1000,149300
21 MAR 2007,144,150,144,149,37,22600,3332400
20 MAR 2007,140.75,144,140,144,23,39400,5524325
19 MAR 2007,139,143.75,139,140,5,1800,252175
16 MAR 2007,138.5,142.5,138.5,140,11,5300,744025
15 MAR 2007,135,139,132,138,33,28100,3812750
14 MAR 2007,141.5,141.5,137,137,12,5100,710650
13 MAR 2007,141.25,144.5,141,143.25,5,3700,525475
12 MAR 2007,148.75,149,143.5,145.25,21,14700,2168375
9 MAR 2007,150,150,149.75,149.75,4,1400,209900
8 MAR 2007,153,153,147.25,148.25,12,104000,15599625
7 MAR 2007,153,155,153,153.25,15,18900,2908075
6 MAR 2007,156.5,156.5,154,154,7,3200,493050
5 MAR 2007,160,160,156,156,23,27400,4281500
2 MAR 2007,156.25,160,156.25,158.25,21,24500,3870900
1 MAR 2007,156,157.5,155,155.5,15,15300,2380650
28 FEB 2007,158,159,156,157.25,43,63900,10046850
27 FEB 2007,159,159,158,158,70,100700,15944600
26 FEB 2007,160,162,158,159.5,39,69900,11131450
23 FEB 2007,163,163,159,159.25,22,16900,2705800
22 FEB 2007,159,163.75,158.25,162.5,79,131800,21174475
21 FEB 2007,159,160,157,158.25,65,75600,11983775
20 FEB 2007,160,160,158.75,159,25,23500,3746375
19 FEB 2007,161,163.5,160,162,14,5000,806275
15 FEB 2007,160,163.75,160,160.5,14,7000,1123950
14 FEB 2007,160,164,160,163,45,71000,11400500
13 FEB 2007,164,165,160,160,34,431400,69686875
12 FEB 2007,160,164,158,160.5,100,286900,45920225
9 FEB 2007,155,160,155,158.25,68,105600,16745250
8 FEB 2007,155,156,154,154.75,14,16600,2572200
7 FEB 2007,153,156,153,155,36,42200,6534325
6 FEB 2007,154,155,153,153,4,900,138700
2 FEB 2007,154,155,152,153.25,11,13100,1999250
31 JAN 2007,155,155,150,150,14,9700,1459400
30 JAN 2007,153,155,152,152,17,6600,1014475
29 JAN 2007,155,158,151,154,32,11600,1793225
26 JAN 2007,148,155,148,150.25,91,840800,127114375
25 JAN 2007,145.75,150,145.75,148,16,8000,1173625
24 JAN 2007,142.25,145,140,144.5,68,171900,24596950
23 JAN 2007,144,144,140,142.25,34,16000,2252100
22 JAN 2007,140,144,140,143,57,24200,3450275
19 JAN 2007,139.75,141.75,139.75,140,40,28600,4005125
18 JAN 2007,138,140,135,139.75,84,2126100,297511525
17 JAN 2007,135,139,134.75,137.5,66,199300,27407525
16 JAN 2007,132,135,132,135,96,210000,28259000
12 JAN 2007,130,132,130,130,32,117900,15433475
11 JAN 2007,130,130,129.5,129.75,7,6300,818525
10 JAN 2007,132,132,130,130,10,5400,703500
9 JAN 2007,130,131.75,130,131.25,3,700,91875
8 JAN 2007,132,133,130.5,132,10,14300,1887200
5 JAN 2007,131,132,130,130,20,34000,4421350
4 JAN 2007,131.75,133,131,131.25,6,5600,738850
2 JAN 2007,130,133,130,132,19,18400,2426075
29 DEC 2006,130,131,129.5,129.5,14,139200,18096100
28 DEC 2006,132,132,130,131,12,2400,313800
27 DEC 2006,130,132,130,130.25,24,40200,5228800
26 DEC 2006,129,129,129,129,1,500,64500
22 DEC 2006,129,129.5,129,129.25,10,3100,400800
21 DEC 2006,128.5,130,128,129,20,45200,5862700
20 DEC 2006,129.75,130,127.25,128,9,4100,525275
19 DEC 2006,128.75,130,128.75,129,4,1500,193375
18 DEC 2006,129,129,128.75,128.75,3,700,90275
15 DEC 2006,127,130,127,127.75,6,3800,485550
14 DEC 2006,123,127,123,127,4,6200,766400
13 DEC 2006,125,126,124,124,21,22700,2824975
12 DEC 2006,127.5,127.5,126,126,19,10800,1370550
11 DEC 2006,132,132,127.5,128.25,9,8600,1105550
8 DEC 2006,132,132,130,130.25,19,17600,2296800
7 DEC 2006,132,133,130,130.5,12,9500,1245975
6 DEC 2006,130,132,130,130.25,26,15700,2044300
5 DEC 2006,135,135,127.5,128,49,36100,4645525
1 DEC 2006,132,134.5,130,133.75,36,57900,7736875
30 NOV 2006,130,135,129.25,130.75,100,370600,48286025
29 NOV 2006,128,129.75,127,129.25,81,167500,21572800
28 NOV 2006,126,127.25,126,127,30,75200,9549700
27 NOV 2006,127.5,128,126,126.25,17,5300,670325
24 NOV 2006,129,129,126.75,127,34,37600,4779250
23 NOV 2006,129,129,127,127.5,19,27300,3480925
22 NOV 2006,128,128,125.5,127.25,18,12700,1603850
21 NOV 2006,130,130,125.75,126.5,9,4700,596625
20 NOV 2006,127,129,127,127.25,60,54100,6909025
17 NOV 2006,128,128,126,126.25,27,16200,2056925
16 NOV 2006,127,129,126.75,127,91,60100,7672100
15 NOV 2006,120,127,119.5,125.5,193,1308800,160048800
14 NOV 2006,119.75,120,118,120,50,162800,19531825
13 NOV 2006,120,120,120,120,1,200,24000
10 NOV 2006,120,120,118,118.25,20,31600,3738750
9 NOV 2006,119,122,119,121.75,113,193200,23367100
8 NOV 2006,118,119.75,118,119,52,20500,2433075
7 NOV 2006,115,118,115,116.5,27,26100,3055350
6 NOV 2006,114,115.5,114,114.75,64,57400,6586425
3 NOV 2006,113,115,112,113.25,16,12000,1357950
2 NOV 2006,112,113,112,112.5,6,2300,258650
1 NOV 2006,112.25,113,112.25,112.5,7,6700,753750
31 OCT 2006,112.75,112.75,110.5,110.5,12,12600,1410325
30 OCT 2006,114,114,112,112.25,17,14900,1681625
27 OCT 2006,114.25,115,114,115,9,7100,813550
26 OCT 2006,115,115.75,114,114,17,11500,1318275
25 OCT 2006,114.5,115.75,114,114,12,10400,1189450
23 OCT 2006,115,115,114.75,115,20,9300,1068975
20 OCT 2006,114.75,115,114,114.75,11,1800,205675
19 OCT 2006,114,115,110,110.5,10,10900,1219450
18 OCT 2006,109,114,108,112.25,29,17500,1952025
17 OCT 2006,111,113.25,111,111.25,2,1700,189150
16 OCT 2006,112,114,110.5,114,22,7800,876275
13 OCT 2006,109,112,109,110.75,37,15900,1757075
12 OCT 2006,109,110,109,109,8,3200,348900
11 OCT 2006,109,109,108.25,108.25,4,2000,217250
10 OCT 2006,110,111.75,109,109.25,36,23900,2628750
9 OCT 2006,109,109.5,109,109.25,50,31400,3427000
5 OCT 2006,109,109.5,108,108,3,600,65350
4 OCT 2006,108.5,108.5,108,108,17,13600,1472850
3 OCT 2006,107,108.25,106,108.25,20,940900,101149900
2 OCT 2006,109.25,109.25,107.5,107.5,5,3700,399800
29 SEP 2006,109,109,108.25,108.25,10,6500,703700
28 SEP 2006,105.25,109.75,105,108,104,135200,14467125
27 SEP 2006,104,104.75,104,104.5,18,18000,1874825
26 SEP 2006,104.5,104.5,104,104,4,500,52100
25 SEP 2006,104,104,104,104,5,1100,114400
22 SEP 2006,104.75,105,104.75,105,18,15300,1605275
21 SEP 2006,104,105,104,104.5,14,5500,572825
20 SEP 2006,104.25,104.25,104,104,6,2400,249650
19 SEP 2006,105,105,105,105,8,5900,619500
18 SEP 2006,106.75,106.75,105,106.25,5,1700,180750
15 SEP 2006,106,106,105,105,10,4900,517075
14 SEP 2006,106.5,106.5,106,106,13,5300,562850
13 SEP 2006,106.75,107.75,106,106.5,24,19100,2043750
12 SEP 2006,106.25,106.75,106.25,106.5,9,2500,266300
11 SEP 2006,106.75,107,105,105.25,13,6700,710675
8 SEP 2006,107,107,105,105,10,2400,252800
6 SEP 2006,105.75,107.25,105,105,10,4400,464200
5 SEP 2006,105,108,105,105,12,4500,474050
4 SEP 2006,104,105,104,105,4,1300,136300
1 SEP 2006,103,105,103,104,10,23500,2465525
31 AUG 2006,101.5,105,101.25,102.5,67,176100,18002975
30 AUG 2006,101.5,101.5,101,101,16,105200,10725975
29 AUG 2006,101,101,100,100,6,1400,140225
28 AUG 2006,100,101.25,99,99,7,2500,248225
25 AUG 2006,101.5,101.5,101.5,101.5,2,500,50750
24 AUG 2006,100,102,98.25,99.75,27,11400,1143575
23 AUG 2006,96.5,100,96.5,99.75,57,22600,2216175
22 AUG 2006,96.75,96.75,95,96,25,32300,3074975
21 AUG 2006,96.75,96.75,95,96.5,12,12500,1191300
18 AUG 2006,97,97,95,95.25,12,6400,609575
17 AUG 2006,95,95,95,95,11,86000,8170000
16 AUG 2006,95,97,95,95,33,52200,4965750
15 AUG 2006,95,95,95,95,3,700,66500
14 AUG 2006,93.75,94.25,92,93.25,13,4200,391975
11 AUG 2006,97,97,94.5,94.75,9,4800,456350
10 AUG 2006,95,97,95,95.75,42,19500,1861525
4 AUG 2006,95,95,95,95,1,200,19000
3 AUG 2006,93,95,93,93.25,3,2800,260800
2 AUG 2006,91,93,90,92.5,18,16000,1459900
1 AUG 2006,90,91.5,90,90,6,8900,801150
31 JUL 2006,92,92,90,90,6,6700,603400
28 JUL 2006,91.5,91.5,91,91,2,200,18250
27 JUL 2006,90,91.5,90,90,6,11200,1008150
26 JUL 2006,90,92.5,90,91,5,23900,2152250
25 JUL 2006,92,92,90,90,20,14500,1305900
21 JUL 2006,90,91,90,90.25,10,12500,1125100
20 JUL 2006,90,90,90,90,6,4900,441000
19 JUL 2006,89.5,91,87,89.75,35,31900,2856350
18 JUL 2006,90,90,89,89.5,20,16400,1472525
17 JUL 2006,89.5,90,89.25,89.25,5,7400,662000
14 JUL 2006,89.5,89.5,89,89,6,1700,151375
13 JUL 2006,90,90,89,89,7,1700,151400
12 JUL 2006,88.5,88.5,88.5,88.5,3,700,61950
11 JUL 2006,89,89,89,89,3,1300,115700
7 JUL 2006,89.5,89.5,88.5,89,7,2900,258250
6 JUL 2006,89,89.5,89,89.5,3,600,53450
5 JUL 2006,90,90,90,90,3,11500,1035000
4 JUL 2006,88,89,88,88.25,9,2300,202625
3 JUL 2006,89,89,88,88,6,3300,290500
30 JUN 2006,89,89,88,88,10,7100,625000
29 JUN 2006,88,90,88,89.75,9,19700,1764600
28 JUN 2006,88,88.5,88,88,7,3900,343300
27 JUN 2006,89,89,88,88,8,3300,290625
26 JUN 2006,89,89,89,89,1,2100,186900
23 JUN 2006,89.75,90,88.25,89.5,11,12900,1160025
22 JUN 2006,89,90,89,90,10,11500,1032800
21 JUN 2006,86.25,90,86.25,90,4,3000,269525
20 JUN 2006,88,88,85,85,7,2000,174600
19 JUN 2006,88,88,88,88,3,2100,184800
16 JUN 2006,88,88,88,88,3,1200,105600
15 JUN 2006,90,90,88,88,7,4700,419000
14 JUN 2006,92,92,90,90.5,22,26900,2421425
13 JUN 2006,90.25,92,90.25,92,3,1000,90425
12 JUN 2006,90.25,93.75,90,90.25,12,31200,2814375
9 JUN 2006,92,92,90,90,39,55000,4953375
8 JUN 2006,92,92,91.75,92,6,1200,110250
7 JUN 2006,91.75,92,91.5,92,5,1600,147025
6 JUN 2006,92,92,92,92,5,1700,156400
5 JUN 2006,93,93,92,92,43,42800,3942100
2 JUN 2006,92,93,92,92,59,53300,4909025
1 JUN 2006,93,93,93,93,5,1500,139500
31 MAY 2006,92,93,92,93,10,5000,464600
30 MAY 2006,92,92,92,92,3,400,36800
29 MAY 2006,93,93,92,93,11,7500,696350
26 MAY 2006,93.75,93.75,93,93,9,1500,139775
25 MAY 2006,93.75,93.75,93,93,14,4700,437875
24 MAY 2006,93.5,94,93.5,94,3,800,74950
23 MAY 2006,95,95,92.25,94,6,2900,272725
22 MAY 2006,95,95,92.25,93.75,6,700,65975
19 MAY 2006,96,98,93.5,94,13,5800,546650
18 MAY 2006,94.5,96,94.5,95,9,3300,312900
17 MAY 2006,94.25,94.5,94,94,12,7200,677650
16 MAY 2006,94.5,94.5,93,93.5,5,1100,103100
15 MAY 2006,95,95,92.5,92.5,4,800,74750
10 MAY 2006,95,95,95,95,2,900,85500
9 MAY 2006,95,98,95,95,14,5700,542625
8 MAY 2006,96.5,96.5,95,95,7,1800,172225
5 MAY 2006,95.5,98,95.5,98,13,10800,1055850
4 MAY 2006,95.5,97.75,95,95,23,53500,5084250
3 MAY 2006,98,98,95,95.5,15,9100,866850
2 MAY 2006,98,98,95.25,96.25,3,400,38825
28 APR 2006,97.75,99.5,97.75,99,4,700,69100
27 APR 2006,95,97.75,95,97.75,4,1200,115850
26 APR 2006,95,95,90.75,93,23,5700,526400
25 APR 2006,100,100,95,96.75,11,3600,351350
24 APR 2006,98,100,97,98,10,2500,245600
20 APR 2006,99.75,99.75,98,98,9,5200,512875
19 APR 2006,102,102,98.25,98.75,5,1400,140125
18 APR 2006,98,101.5,98,100,21,8900,890450
17 APR 2006,99,100,98,98,6,800,79125
10 APR 2006,102,102,100,101,15,17200,1735125
7 APR 2006,100.5,101,100,100,26,20300,2030600
6 APR 2006,102,102,101.25,101.25,3,1100,111875
5 APR 2006,102.75,102.75,101.5,102,11,2300,234925
4 APR 2006,105.5,105.5,100.25,102.75,4,1200,124725
3 APR 2006,99,105,99,103.5,31,16600,1667000
31 MAR 2006,100,100,98.5,98.5,20,9500,939775
30 MAR 2006,100,100,99.5,99.5,7,1400,139350
29 MAR 2006,100,100,99.5,100,4,1800,179750
28 MAR 2006,99.5,100,99.5,100,5,600,59875
27 MAR 2006,100,100,99.5,99.75,3,300,29950
24 MAR 2006,100,102,100,100.25,3,1400,140400
23 MAR 2006,100.5,100.5,99.75,100,9,10300,1030075
22 MAR 2006,100.75,100.75,100,100,11,5600,561225
21 MAR 2006,100.5,101.75,100.25,100.25,14,20800,2089000
20 MAR 2006,102,102,100.25,100.25,8,3600,361600
17 MAR 2006,100.25,101,100.25,100.75,9,3700,372325
16 MAR 2006,101,101,100.5,100.5,29,17400,1750300
15 MAR 2006,101.25,101.25,100,100.5,24,28100,2813700
13 MAR 2006,102,102,101.75,102,4,1400,142725
10 MAR 2006,102,102,101,101,20,83600,8454950
9 MAR 2006,102,102,102,102,1,200,20400
7 MAR 2006,102,102,101,101.25,17,6500,659400
6 MAR 2006,101.5,101.5,101.5,101.5,1,500,50750
3 MAR 2006,102.5,102.5,101,101.75,9,4900,501150
2 MAR 2006,102.5,102.5,102.5,102.5,1,100,10250
1 MAR 2006,103,104,102,102.75,9,25600,2621350
28 FEB 2006,103,103,103,103,4,2000,206000
27 FEB 2006,104,105,102,102,34,71800,7524400
24 FEB 2006,104.75,105,104,104,8,7400,774200
23 FEB 2006,104,105,104,104,7,1400,145800
22 FEB 2006,103.75,104,103.75,104,3,400,41550
21 FEB 2006,104,104,104,104,4,20200,2100800
20 FEB 2006,102,104,100,104,23,73400,7600025
17 FEB 2006,103,103,102,102,9,20400,2082800
16 FEB 2006,102,102,102,102,12,11000,1122000
15 FEB 2006,104.5,104.5,102,102,4,800,82300
14 FEB 2006,101.75,104.25,101.75,104.25,2,3600,366550
13 FEB 2006,104,104.5,104,104.5,6,14000,1462850
10 FEB 2006,102,104,101.25,102.25,12,7200,735100
9 FEB 2006,103,104.75,101,102,14,3000,308400
8 FEB 2006,102,104.75,102,104.75,8,17400,1809425
7 FEB 2006,102,102,101.25,101.5,5,7200,729800
6 FEB 2006,104,104,101,101,5,10300,1070600
2 FEB 2006,105,105,104.25,104.25,4,1100,115125
1 FEB 2006,107,107,104,105,29,150000,15898875
31 JAN 2006,107,108,106,106,36,256200,27178200
30 JAN 2006,107,108,106,107,14,10800,1146000
27 JAN 2006,105,110,105,106,75,73700,7830975
26 JAN 2006,98,107.25,98,105,111,204900,21223900
25 JAN 2006,91.75,94,91.75,93.5,27,26200,2437650
24 JAN 2006,90.25,90.25,89.25,90,14,8100,729925
23 JAN 2006,95,95,90,90.25,11,15700,1424925
20 JAN 2006,93,94.5,90,92,33,20100,1866300
19 JAN 2006,87,92,87,87,56,267500,23305000
18 JAN 2006,88.25,88.25,87,87,36,41300,3601150
17 JAN 2006,89,89.75,88.5,89.25,23,21600,1928375
16 JAN 2006,91.75,91.75,89,89.25,12,11900,1070600
10 JAN 2006,94,95,92.75,93.5,22,60500,5738825
9 JAN 2006,96,96,94,94,6,7500,712250
5 JAN 2006,99,99,98,98.25,17,15000,1482025
4 JAN 2006,100,100,99,99,17,32200,3191300
3 JAN 2006,98,105,98,99.25,33,34300,3427975
2 JAN 2006,97,97.75,97,97.75,9,2100,203850
30 DEC 2005,95,98.75,92,97,19,4900,473450
29 DEC 2005,93.75,98,90,95,15,6300,576750
28 DEC 2005,90,94,86,92.25,27,9600,850275
27 DEC 2005,100,100,90,90.25,20,13200,1218075
23 DEC 2005,101,101,98,98,52,108200,10613400
22 DEC 2005,102,102,100,100,18,11900,1195250
21 DEC 2005,103,106,102,104.25,6,2200,228000
20 DEC 2005,105.25,105.25,101,102.75,14,5000,520675
19 DEC 2005,108,110,106,107.5,3,10800,1166000
16 DEC 2005,110,110,109.5,110,9,20800,2281100
14 DEC 2005,115,115,110,110.25,15,15300,1684925
13 DEC 2005,110.5,115.5,110,110,15,7700,847750
12 DEC 2005,119.5,119.75,116.75,118.5,4,1600,189675
9 DEC 2005,110,118,110,116,26,19700,2230950
8 DEC 2005,106,109,106,109,12,17300,1841450
7 DEC 2005,105,108.75,105,105.75,20,14500,1556425
6 DEC 2005,110,113,100,102.5,39,14600,1498625
5 DEC 2005,113,113,105.5,113,13,5100,568050
2 DEC 2005,114,114,113,113.25,13,7600,864625
1 DEC 2005,115,115,113.5,113.75,11,3600,410950
30 NOV 2005,114,114.5,114,114.25,14,25000,2854925
29 NOV 2005,115,117,114,114,40,37700,4314625
28 NOV 2005,113,115,113,113,43,51400,5812400
25 NOV 2005,112,112,110.25,111.75,24,10800,1197125
24 NOV 2005,117.5,117.5,115,115,18,7600,876650
23 NOV 2005,118,120,116,117,27,8900,1050750
22 NOV 2005,117,118,110,115.5,35,19100,2177575
21 NOV 2005,116.75,120,110,110.25,42,17700,2021300
18 NOV 2005,117,120.5,116,117.25,49,47100,5572700
17 NOV 2005,125,125,122,122.75,41,130600,16025125
16 NOV 2005,124.75,130,124.75,126,84,145300,18226800
14 NOV 2005,124.5,125,122,124,33,34800,4320475
11 NOV 2005,124,125,123.5,124.5,37,78100,9693500
10 NOV 2005,125,125,123.5,123.5,17,6900,858675
9 NOV 2005,127.5,128,125,125.5,24,13900,1753900
8 NOV 2005,129,129,127,128,7,2800,357400
7 NOV 2005,129.5,131,129.5,130,27,35600,4626375
3 NOV 2005,128.5,130,128,129.75,14,9200,1186900
2 NOV 2005,129,130,128.75,130,21,29500,3824125
31 OCT 2005,129.75,130,129,129.5,8,3200,414625
28 OCT 2005,128,130,128,129.75,6,2400,308925
27 OCT 2005,128,128,126,127,24,161900,20560650
26 OCT 2005,127.75,128,126.5,127,24,79100,10048225
25 OCT 2005,128,128,127.75,127.75,7,3100,396725
24 OCT 2005,127,127,126,126.75,11,5100,647075
21 OCT 2005,129.5,129.75,128,128,9,2400,309675
20 OCT 2005,129,129,129,129,2,900,116100
19 OCT 2005,128.75,129.75,127,128.25,15,10300,1328225
18 OCT 2005,130,130,129,129,12,5700,737875
14 OCT 2005,132,132.25,129,129,7,3100,403925
13 OCT 2005,128,132,128,130,17,12500,1625100
12 OCT 2005,130,130,129,129,9,37100,4802275
11 OCT 2005,131.5,131.75,130,130,7,4100,537700
10 OCT 2005,132,132,131.25,131.75,8,11800,1552350
7 OCT 2005,133,133,132,132.75,5,7300,970025
6 OCT 2005,133.75,133.75,132,132.75,13,4000,532900
5 OCT 2005,135,136.5,134,134.5,16,9800,1324675
4 OCT 2005,135,136,134,135,43,141700,19431125
3 OCT 2005,134,136,133,134.5,90,498400,67199750
30 SEP 2005,133,134,132.25,133,47,178700,23667075
29 SEP 2005,134,134,132,132,31,63000,8323175
28 SEP 2005,133,134,132,132,30,165200,21807125
27 SEP 2005,131,134.75,130,132,28,20900,2752500
26 SEP 2005,130,131,129,130,29,57900,7526875
23 SEP 2005,131,131,128,130,15,6900,895100
22 SEP 2005,129.75,135,129,130.25,123,131800,17179575
21 SEP 2005,124,130,123.75,128.5,74,499000,62252075
20 SEP 2005,123.75,124,123.75,123.75,16,17600,2178125
19 SEP 2005,124.75,125,123.25,123.25,33,21500,2673150
16 SEP 2005,123,125,123,124,22,13800,1715050
15 SEP 2005,121,123.25,120.75,122.5,49,81800,9932250
14 SEP 2005,120,122.5,120,121,26,30200,3649600
13 SEP 2005,119,119.5,119,119,13,8100,963950
12 SEP 2005,119,119,119,119,2,500,59500
9 SEP 2005,119,119,119,119,24,147900,17600100
8 SEP 2005,118.5,119,118.5,119,14,36700,4366000
7 SEP 2005,119,119,118.5,119,29,702500,83597300
6 SEP 2005,118.75,119,118.75,119,17,756100,89975825
5 SEP 2005,118.75,118.75,118.75,118.75,1,200,23750
2 SEP 2005,119.75,120,119,119,4,1100,131700
1 SEP 2005,119.25,119.5,118.5,119.5,11,14500,1725925
31 AUG 2005,120,120,119.5,119.5,2,600,71950
30 AUG 2005,119.75,119.75,119.5,119.5,9,6400,764925
29 AUG 2005,120,120,119.75,119.75,15,60000,7185975
26 AUG 2005,119.75,121,119.5,120,52,83300,9999550
25 AUG 2005,119,119.5,119,119.5,14,8600,1024900
24 AUG 2005,120.25,120.25,119.5,119.5,13,5500,658700
23 AUG 2005,119.5,119.5,119.5,119.5,3,500,59750
22 AUG 2005,119,119,118,119,12,4100,487650
18 AUG 2005,120,120,120,120,6,700,84000
17 AUG 2005,120,120,120,120,11,6900,828000
16 AUG 2005,120,121,120,120.75,12,25700,3097950
15 AUG 2005,120,121,120,121,6,1700,205600
12 AUG 2005,120.5,121,120,120,16,15200,1827875
11 AUG 2005,121.5,122,120,120,4,1600,193850
10 AUG 2005,122,122,120.25,120.25,9,8900,1072175
9 AUG 2005,120,121,119.75,120.75,44,417000,50046000
8 AUG 2005,119.5,119.75,119,119.5,9,3200,382600
5 AUG 2005,120,120,119,120,15,113500,13618800
4 AUG 2005,119.75,120,119.5,119.75,17,109300,13112750
3 AUG 2005,120,120,119.75,119.75,8,4200,503200
2 AUG 2005,119.5,119.75,119.5,119.5,15,7500,897275
1 AUG 2005,119.5,120,119.5,119.75,8,1200,143825
29 JUL 2005,119.5,119.75,119.5,119.5,5,2400,287175
28 JUL 2005,120,120,119.5,119.5,26,46100,5520875
27 JUL 2005,119.5,120,119.5,120,3,1200,143750
26 JUL 2005,120,120,119.5,120,19,17200,2063100
25 JUL 2005,120,121.5,120,120.25,10,3800,456650
22 JUL 2005,119,120,119,119.25,13,4200,500000
20 JUL 2005,119,119,119,119,2,300,35700
19 JUL 2005,120,120,118,118.25,18,5700,680675
18 JUL 2005,121,121,121,121,1,500,60500
15 JUL 2005,122,122,120,121.75,7,10900,1326275
14 JUL 2005,122,122,121,122,29,92500,11273500
13 JUL 2005,123,123,122,122.5,6,1800,220550
12 JUL 2005,121,122,121,121.5,16,22700,2758425
11 JUL 2005,121.75,121.75,121.5,121.5,34,58300,7083525
8 JUL 2005,122,122,121,121.25,15,75100,9087400
7 JUL 2005,119,123,119,121,16,15600,1878600
6 JUL 2005,118.75,119,118.5,118.75,11,22300,2644475
5 JUL 2005,118.5,118.5,118.5,118.5,5,500,59250
4 JUL 2005,120,120,118.5,118.5,3,300,35850
1 JUL 2005,119,120,118.5,120,8,2500,298600
30 JUN 2005,120,120,119,119,6,1500,179650
29 JUN 2005,120.5,121,120,120,14,8700,1046500
28 JUN 2005,121,122,121,121.5,9,9500,1149975
27 JUN 2005,123,123,122,122,3,1300,158900
24 JUN 2005,123,123,122,122,3,1200,146600
23 JUN 2005,120,124,120,122.25,43,403800,49441600
22 JUN 2005,118.5,121,118.5,120.25,43,289900,34773625
20 JUN 2005,117,117,117,117,3,500,58500
17 JUN 2005,117.5,117.5,117,117,13,36800,4305900
16 JUN 2005,118,118,117,117,12,11700,1371000
15 JUN 2005,118,118,117.5,117.5,4,11100,1304700
14 JUN 2005,120,120,118,119.5,20,65300,7717750
13 JUN 2005,118,120,117,118.5,8,1300,154100
10 JUN 2005,118,118.5,118,118,8,13700,1617100
9 JUN 2005,119,119,117.5,117.5,9,3100,365250
8 JUN 2005,115,120,115,118.25,22,39700,4748225
7 JUN 2005,118,119,117,117,16,4200,494650
6 JUN 2005,121,121,117,117,15,2900,348050
3 JUN 2005,122.25,122.5,122.25,122.5,4,600,73375
2 JUN 2005,122.25,122.75,121,122.5,41,199100,24384275
1 JUN 2005,123,123,123,123,3,300,36900
31 MAY 2005,122.25,122.25,122.25,122.25,4,1900,232275
30 MAY 2005,123,124,123,123,9,16400,2031200
27 MAY 2005,123.75,125,122.75,122.75,20,52400,6473200
26 MAY 2005,123.5,124,123.25,123.75,15,4700,581750
25 MAY 2005,124,124.5,123,123.25,20,48300,6004400
20 MAY 2005,124,125,123.75,123.75,29,12900,1600025
19 MAY 2005,124,124,124,124,1,100,12400
18 MAY 2005,124,124,124,124,1,100,12400
17 MAY 2005,123,124.75,122,123,32,25700,3167025
16 MAY 2005,123,123,120.25,122,19,15400,1882125
13 MAY 2005,119.5,122,119.5,120.5,32,42400,5107850
12 MAY 2005,120,120,118.75,119.25,18,6100,727075
11 MAY 2005,119,123,119,120,16,27700,3326500
10 MAY 2005,119,119.5,118.5,118.75,7,2400,285600
9 MAY 2005,120,120,119,119,4,2700,323800
6 MAY 2005,119,120,119,120,21,40600,4870875
5 MAY 2005,120,120,118.25,119,10,5300,630900
4 MAY 2005,118,120,118,120,30,68700,8228950
3 MAY 2005,118,118.5,118,118,17,62400,7363925
29 APR 2005,118.75,118.75,118,118,12,35700,4212975
28 APR 2005,118,118.75,118,118.25,11,5500,650600
27 APR 2005,118.25,119,118,118.5,20,15100,1783850
26 APR 2005,119,119,119,119,2,1500,178500
25 APR 2005,120,120,119,119,22,15100,1809650
21 APR 2005,118.5,120,118,119.5,36,64800,7719650
20 APR 2005,116,118,115,117.75,87,1412400,162742875
19 APR 2005,116,116,114,114.75,31,124300,14194200
18 APR 2005,115,117,113,114.25,7,1700,195400
15 APR 2005,117,117,117,117,1,200,23400
12 APR 2005,112.25,117.5,112.25,115.5,23,6700,767625
11 APR 2005,113,114,112.25,112.75,15,24900,2803325
8 APR 2005,113,113,112.75,113,6,1500,169475
7 APR 2005,112.75,112.75,112.5,112.75,5,1200,135275
6 APR 2005,113,114,113,113,11,1800,203700
5 APR 2005,113,114,113,113.5,30,33200,3756825
4 APR 2005,116,116,113,113,13,12000,1360300
1 APR 2005,114,114,112.5,113,11,14300,1612350
31 MAR 2005,113.5,113.5,112.5,112.5,21,24300,2743550
30 MAR 2005,114,114,113,114,34,90200,10243125
29 MAR 2005,112.75,114,112.75,113.5,5,900,102225
28 MAR 2005,114,114,113,113,12,2600,294150
24 MAR 2005,113,114.5,113,114.25,9,5500,626875
23 MAR 2005,114,114,113,113,11,2300,260225
22 MAR 2005,115,115,113.25,113.5,4,600,68250
18 MAR 2005,114,114,113,113,19,9000,1023100
17 MAR 2005,114.25,115,114,114,7,2900,330825
16 MAR 2005,114.25,114.25,114,114.25,5,1200,137050
15 MAR 2005,114.25,115,114,114.5,8,1600,183025
14 MAR 2005,117,117,115,115.25,5,2100,242400
11 MAR 2005,115.5,116,115.5,116,4,1100,127300
10 MAR 2005,115.5,115.5,115.5,115.5,5,1000,115500
9 MAR 2005,117,117,115.5,115.75,10,25500,2979500
7 MAR 2005,116.5,117,116,116.25,11,3300,384450
4 MAR 2005,118,118,116,116.5,27,10300,1207850
3 MAR 2005,116,118,115.25,116.5,20,9400,1089250
2 MAR 2005,114,117,114,115,4,2300,265375
1 MAR 2005,111,115,111,112,43,111600,12486700
28 FEB 2005,112,112,111.5,111.5,26,15300,1710625
25 FEB 2005,112,112,111.5,111.75,23,9600,1072125
24 FEB 2005,111,111.5,111,111.25,20,5900,656050
22 FEB 2005,111.75,111.75,111,111.25,22,25000,2783125
21 FEB 2005,111.5,111.5,111,111,18,9600,1067750
18 FEB 2005,112,112.5,111,111.5,28,23100,2582700
17 FEB 2005,112,112,111,111,15,10900,1210200
16 FEB 2005,112,112,110,110.25,36,34100,3774500
15 FEB 2005,112,113,111,112,67,36900,4129400
14 FEB 2005,155.5,155.5,110,110.75,20,3900,440325
11 FEB 2005,158,158,153,155.5,57,34000,5308725
10 FEB 2005,158,158,157,157.25,31,85700,13532875
9 FEB 2005,165,165,157.25,158,21,41500,6535275
8 FEB 2005,159.75,159.75,158,158,18,38600,6146725
7 FEB 2005,160,161,159.75,159.75,55,64300,10289425
3 FEB 2005,156.75,157,156.5,157,71,142100,22283775
2 FEB 2005,155.5,157,155,156.5,51,75500,11800950
1 FEB 2005,155,155.5,154.5,154.5,66,96100,14891925
31 JAN 2005,155.5,155.5,155,155,19,9500,1475225
28 JAN 2005,156,157,155,155.5,25,25500,3985950
27 JAN 2005,156.25,156.25,155,155,70,363600,56288400
26 JAN 2005,157,158,156,156.25,42,19300,3029525
25 JAN 2005,155,158,155,156.75,86,41300,6455050
20 JAN 2005,155,168.5,152.75,153,220,134900,20902450
19 JAN 2005,135,145,135,144,49,237100,33924150
18 JAN 2005,134,135.25,133.75,134.75,39,81100,10928725
17 JAN 2005,134,134.25,133,134,13,7600,1018425
13 JAN 2005,134.5,134.5,134,134.25,3,500,67175
12 JAN 2005,130,135,126,134,27,42800,5736200
11 JAN 2005,129,130,129,130,7,2500,324500
10 JAN 2005,133,133,130,130,5,2600,338300
7 JAN 2005,133,133,130,130,3,2000,263000
6 JAN 2005,133.75,133.75,130,132.75,6,1700,224925
5 JAN 2005,129.75,135,129.75,134,4,1000,132650
4 JAN 2005,130,130,129,129.75,6,5200,674350
3 JAN 2005,129.75,129.75,127,127,7,41000,5208375
31 DEC 2004,129.25,130,126,126.25,9,2400,303525
30 DEC 2004,126,130,126,128.75,13,5900,752700
29 DEC 2004,128,128,125.5,126,6,1700,216550
28 DEC 2004,125,125,125,125,1,1000,125000
23 DEC 2004,131,134,131,133,4,400,53200
22 DEC 2004,131,131,131,131,1,100,13100
21 DEC 2004,134.75,134.75,134.25,134.25,2,200,26900
20 DEC 2004,133,133,133,133,1,200,26600
17 DEC 2004,130,131,130,130.75,4,600,78300
15 DEC 2004,127,130,127,127,15,242600,30816425
14 DEC 2004,130.25,134.75,127,127,8,110200,13996775
13 DEC 2004,135,135,134.75,135,23,16900,2281450
10 DEC 2004,135.75,136.5,135,135,14,12300,1661025
9 DEC 2004,136.5,137,135,135,19,6500,882200
8 DEC 2004,134.5,140,134,135,33,17500,2363900
7 DEC 2004,132,135,132,134,15,8200,1093000
6 DEC 2004,127.5,132,127.5,129.75,17,5200,672350
3 DEC 2004,127,127,126,126,3,2800,353100
2 DEC 2004,126,126,125,125.75,7,800,100600
1 DEC 2004,126,127.5,126,126,5,1700,214350
30 NOV 2004,128,128,127.75,127.75,3,800,102250
29 NOV 2004,125,125,125,125,5,7400,925000
25 NOV 2004,125,125.5,125,125,9,34700,4337825
24 NOV 2004,125,127.5,125,125,13,13200,1658150
23 NOV 2004,125,128,124.25,125.25,18,103400,12937775
22 NOV 2004,128,128,126.5,127.25,6,900,114900
19 NOV 2004,126,130,125,126.5,6,3000,379500
18 NOV 2004,125,125.5,125,125.5,16,28800,3611600
17 NOV 2004,123,124,123,124,12,8900,1103275
16 NOV 2004,124,124,123,123,2,400,49500
15 NOV 2004,124,125,124,124,18,504400,63027800
12 NOV 2004,124,124.75,124,124.75,11,51000,6355125
10 NOV 2004,123.75,125,123,124.25,14,34800,4314800
9 NOV 2004,121.5,124,120.25,122.25,5,1400,171025
8 NOV 2004,122.75,122.75,120,121.5,8,4500,542425
5 NOV 2004,124,124,124,124,2,1000,124000
4 NOV 2004,125.5,126,125,125.5,14,20800,2613275
3 NOV 2004,126,126,126,126,2,1200,151200
2 NOV 2004,124.75,125,124,124,9,4500,559150
1 NOV 2004,125,125,124,124.25,6,1700,211625
29 OCT 2004,126,127,126,126.25,2,300,37900
28 OCT 2004,126,126,126,126,10,3700,466200
26 OCT 2004,125,126,124.5,125,11,12700,1587100
25 OCT 2004,125,126.75,125,125.5,8,6800,855750
22 OCT 2004,124,125,124,124.75,4,4200,521425
21 OCT 2004,124,124,124,124,1,1600,198400
20 OCT 2004,124,124,123.5,124,11,15500,1921475
19 OCT 2004,123.5,124,123.5,124,8,11300,1400625
18 OCT 2004,123,123.5,122,123,12,10200,1255050
15 OCT 2004,122,123,122,123,10,5300,651800
14 OCT 2004,124.5,124.5,122.5,122.75,7,6000,737750
13 OCT 2004,123,123.5,122,123,16,13200,1625500
12 OCT 2004,123,123,122,123,5,3600,442300
11 OCT 2004,121,123.75,121,123,4,1000,122875
8 OCT 2004,122,124,122,122,16,11600,1417400
7 OCT 2004,122,122,122,122,1,500,61000
6 OCT 2004,124,125,123.75,123.75,8,265100,33111950
5 OCT 2004,123.5,123.5,123.5,123.5,2,6500,802750
4 OCT 2004,124.5,124.75,124.5,124.75,3,1800,224450
1 OCT 2004,122,125,122,124,13,12200,1501200
30 SEP 2004,122,122,121,121.25,5,2000,243350
29 SEP 2004,122,122,122,122,3,300,36600
27 SEP 2004,125,125,125,125,2,200,25000
23 SEP 2004,123,125,122,122.25,5,3300,403700
22 SEP 2004,125,125,125,125,3,400,50000
21 SEP 2004,125,125.25,125,125,7,10600,1325125
20 SEP 2004,125.25,125.25,125,125,3,700,87525
17 SEP 2004,126,126,122.25,123.25,5,1800,222650
16 SEP 2004,125,126.75,125,126.75,2,200,25175
15 SEP 2004,127,129,127,127,7,8700,1105700
14 SEP 2004,125,127,125,126.75,6,1400,177300
13 SEP 2004,126,130,126,128.75,5,1900,244700
10 SEP 2004,125,126.75,125,125.25,14,6500,821900
9 SEP 2004,125,126,125,125.75,3,800,100525
8 SEP 2004,125,127,125,125.25,6,1800,225400
7 SEP 2004,124,125,124,125,6,17700,2212275
6 SEP 2004,124.75,125,124.75,125,7,2100,262325
3 SEP 2004,123.5,123.5,120.25,120.5,6,1900,229200
2 SEP 2004,120.75,124,120.75,123.75,6,11300,1368725
1 SEP 2004,122,122,121,121,6,700,85300
31 AUG 2004,121,121.25,120,121,9,5300,641125
30 AUG 2004,122,122,121.25,121.75,3,500,60850
27 AUG 2004,124.25,124.25,124.25,124.25,1,100,12425
26 AUG 2004,122,125,122,122.5,10,2200,269700
25 AUG 2004,126,128,125,125,4,1400,176400
24 AUG 2004,123,125,121.25,125,18,31000,3855700
23 AUG 2004,121,125,121,123,12,2200,270775
20 AUG 2004,121,122,120,121,21,28100,3398500
19 AUG 2004,122,122,121,121,20,13800,1671300
18 AUG 2004,123,123,122,122.25,7,2600,318800
17 AUG 2004,122.5,122.75,122.5,122.5,11,7100,869825
16 AUG 2004,120.5,123,120.25,121.5,17,22100,2675325
13 AUG 2004,120.5,123,120.5,122.75,5,5500,663925
12 AUG 2004,125.75,125.75,121,121.5,7,2800,343700
11 AUG 2004,123,125,122.75,125,27,8100,1009150
10 AUG 2004,121.25,121.5,120,120,13,7900,954900
9 AUG 2004,120.25,121,120.25,121,5,1200,144525
6 AUG 2004,121,121,120,120.25,9,2200,264450
5 AUG 2004,132.25,135,132,133.25,38,20000,2646625
4 AUG 2004,134,134,132,132,23,8400,1112725
3 AUG 2004,134,134,133,133.5,18,10700,1428900
2 AUG 2004,132.5,133,132.5,133,5,3600,477250
30 JUL 2004,132,133,132,132.25,18,22200,2937525
29 JUL 2004,133.75,133.75,133,133,18,17700,2354300
28 JUL 2004,133.25,134,133,133.75,12,13800,1836675
27 JUL 2004,133,134,133,133.25,12,9400,1251900
26 JUL 2004,133,133,132,133,15,8800,1168800
23 JUL 2004,133.75,133.75,133,133,5,2200,293875
22 JUL 2004,134,134,132,132,4,7200,950725
21 JUL 2004,134,137,134,135,15,13600,1843625
20 JUL 2004,130.5,133,130,130.25,5,3300,430400
19 JUL 2004,133.75,133.75,132.5,132.5,6,4100,543875
16 JUL 2004,133,134,132,132.5,4,2200,291800
15 JUL 2004,135,135,134,134,9,9400,1265600
14 JUL 2004,135,138,134,134.75,15,29500,3981175
13 JUL 2004,131.75,135,131.75,134,27,49300,6523800
12 JUL 2004,131.75,133.25,131,131.75,21,11100,1464850
9 JUL 2004,130,132,130,131,15,16300,2134675
8 JUL 2004,127.75,131,127.75,130.25,9,2600,337600
7 JUL 2004,130,131,126,127.25,18,7400,950425
6 JUL 2004,130.5,130.5,130,130,24,30100,3919725
5 JUL 2004,130.25,130.5,130.25,130.25,8,7300,950950
1 JUL 2004,132.25,132.25,130.5,130.5,23,32400,4239900
30 JUN 2004,130.5,132,130.5,132,22,24500,3224625
29 JUN 2004,130.5,131,130.25,130.5,31,17600,2295800
28 JUN 2004,134.75,134.75,126,130.75,33,2532000,329128475
25 JUN 2004,134,135,133,133.25,47,25100,3369375
24 JUN 2004,133,133,132,133,37,26000,3457700
23 JUN 2004,133,133,130,131.5,14,217800,28340500
22 JUN 2004,133,133,131,131.25,18,12600,1655600
21 JUN 2004,129,133.75,129,133,73,98400,12982400
18 JUN 2004,128,128.5,128,128.25,38,28500,3649900
17 JUN 2004,122.5,126,122.25,126,31,41100,5065850
16 JUN 2004,123,123,122,122.5,17,17200,2104850
15 JUN 2004,122.5,122.5,122,122.25,6,2700,330300
14 JUN 2004,123,123,122.25,122.5,6,7300,896925
11 JUN 2004,123,123,122.75,123,6,3800,467325
10 JUN 2004,123,123,123,123,4,4000,492000
9 JUN 2004,123,123,122,122.75,13,7200,885050
8 JUN 2004,124,124,123,123,7,2700,333600
7 JUN 2004,123,123.25,123,123,14,6100,750375
4 JUN 2004,126,126,121.25,122.25,21,7000,863425
3 JUN 2004,127.75,128,127,127.25,9,3000,382375
1 JUN 2004,128.75,130,127,127.5,16,5400,691475
28 MAY 2004,127.5,128.25,127.5,127.75,7,3000,383125
27 MAY 2004,127.25,128,127,127.5,8,2200,280250
26 MAY 2004,128,130,128,129.25,2,500,64600
25 MAY 2004,130,130,128,128.25,13,8400,1086575
24 MAY 2004,129,130,129,130,24,20100,2612800
21 MAY 2004,129.75,130,128,128.75,14,106900,13895000
20 MAY 2004,126,128,126,127.75,21,16900,2155625
19 MAY 2004,125,128,125,126,39,53900,6795300
18 MAY 2004,120,123,120,123,5,5400,663300
17 MAY 2004,125,125,123,123.5,13,4600,568450
14 MAY 2004,120,124.75,120,122.75,37,47500,5774275
13 MAY 2004,118,120,117.5,119.5,25,67700,8041200
12 MAY 2004,113.25,115,113.25,115,8,13200,1517125
11 MAY 2004,113,113.5,113,113.5,11,16000,1810100
10 MAY 2004,113,113,112.5,112.5,12,13000,1463275
6 MAY 2004,112,112.5,112,112.5,4,5700,640950
3 MAY 2004,110.5,111,110.25,110.25,10,8500,938025
29 APR 2004,110,113,110,110.5,22,57300,6314900
28 APR 2004,110,110,108,110,14,6900,758800
27 APR 2004,110,111,110,110.5,8,13300,1463500
26 APR 2004,111.5,111.5,111.25,111.5,2,400,44575
23 APR 2004,111,111.5,111,111.5,3,700,77950
22 APR 2004,112,112,111.5,111.75,4,1000,111750
20 APR 2004,112.5,112.5,112.5,112.5,2,1000,112500
16 APR 2004,112,113,112,113,10,5400,609750
15 APR 2004,110,110,110,110,7,7900,869000
14 APR 2004,110,113,110,111,8,14900,1653300
8 APR 2004,105,106.5,105,106.5,5,1500,158750
7 APR 2004,106,106,102,104.75,3,400,41875
6 APR 2004,90,106,90,102.25,28,12500,1242525
2 APR 2004,117.75,118.5,117.75,118,7,4000,472075
1 APR 2004,117,118,117,117.75,13,7900,926400
31 MAR 2004,118,118,115,116.25,26,15100,1768325
30 MAR 2004,115.5,118,115.5,117.5,14,5100,597250
29 MAR 2004,116,116,115,115.25,32,47800,5508300
26 MAR 2004,119,119,116,116,5,3800,445600
25 MAR 2004,115.5,118,115,117,8,2700,312100
24 MAR 2004,115,115.5,115,115,19,35400,4073250
23 MAR 2004,115.5,115.5,115,115,13,11300,1301100
22 MAR 2004,115.5,115.5,115,115,9,25800,2975750
19 MAR 2004,115,115.25,115,115.25,14,41200,4738500
18 MAR 2004,116.5,116.5,115.5,116,4,800,92800
16 MAR 2004,117,117,117,117,3,1000,117000
15 MAR 2004,115.5,115.5,115,115.25,3,1000,115300
12 MAR 2004,118,118,115,116,14,9500,1103200
11 MAR 2004,118,118,118,118,3,400,47200
9 MAR 2004,118,118,118,118,12,66500,7847000
8 MAR 2004,118,118,116,116,10,7600,883300
5 MAR 2004,119,119,118.5,119,7,2500,297400
4 MAR 2004,122,122,120,120.25,15,5700,686250
3 MAR 2004,121,122.5,121,121.25,5,800,96950
2 MAR 2004,122.5,122.5,122.5,122.5,5,9800,1200500
1 MAR 2004,124,124,123,123.75,3,2300,284900
27 FEB 2004,127,127,127,127,1,300,38100
26 FEB 2004,120,125,120,124.75,11,29400,3671100
25 FEB 2004,116,120,116,120,9,3900,466900
24 FEB 2004,120,120,120,120,5,2700,324000
23 FEB 2004,110.25,115,110.25,115,12,79200,9089000
20 FEB 2004,114,114,114,114,7,10300,1174200
19 FEB 2004,113,114,113,114,4,800,91100
17 FEB 2004,111,114,111,112.5,4,1200,134800
16 FEB 2004,111,112,111,112,4,1100,123100
13 FEB 2004,112,112.5,112,112.25,10,3100,348150
12 FEB 2004,110,112,110,110.75,5,9100,1001400
11 FEB 2004,112,112,110,110,10,22600,2486700
10 FEB 2004,109.75,112,105,108,12,20200,2230875
9 FEB 2004,100,110,100,109.75,19,7700,845375
6 FEB 2004,120.25,121,120.25,120.75,14,21400,2578825
3 FEB 2004,120,123,118,121,14,41700,4963625
30 JAN 2004,125,125,125,125,2,300,37500
29 JAN 2004,126.5,126.5,126,126.25,4,700,88350
28 JAN 2004,127,127.5,126.5,127.5,12,219600,27739600
27 JAN 2004,129,129,128.75,128.75,6,12200,1573750
26 JAN 2004,124,130,124,129.25,9,1600,206175
23 JAN 2004,120,122,120,121,6,48500,5868500
22 JAN 2004,120,120,120,120,22,59300,7116000
21 JAN 2004,120,120.5,120,120.25,10,7200,864225
20 JAN 2004,118.5,120,118,118.75,16,7900,939275
19 JAN 2004,121.25,124.75,118,119.75,17,12000,1437700
16 JAN 2004,125,125.5,125,125.25,10,2900,362700
14 JAN 2004,130,133,130,130.25,19,22300,2899600
13 JAN 2004,130,130,130,130,14,6500,845000
12 JAN 2004,130,130,130,130,5,3800,494000
9 JAN 2004,128,130,128,130,22,41000,5327700
8 JAN 2004,125.5,130,125.5,129,7,6300,812550
6 JAN 2004,129.5,129.5,125.5,125.5,8,2800,356550
5 JAN 2004,130,130,129,129,7,4200,542800
2 JAN 2004,120,125,120,120.25,21,38600,4635600
31 DEC 2003,120,120,120,120,7,1300,156000
30 DEC 2003,120,120,120,120,12,14000,1680000
29 DEC 2003,120,120,119.5,120,12,31500,3779950
26 DEC 2003,120,120,120,120,2,30000,3600000
24 DEC 2003,120,121,120,120,11,60000,7200500
23 DEC 2003,122,122,120,120,13,29500,3541000
22 DEC 2003,119.75,120,119.75,120,3,1100,131875
19 DEC 2003,119,120,119,119.75,23,44300,5305700
18 DEC 2003,120,120,119,119.25,21,9900,1186100
17 DEC 2003,123,123,120,120,11,8200,984900
16 DEC 2003,130,130,125,125,19,59200,7404025
15 DEC 2003,132,132,130.5,130.5,7,5800,757475
12 DEC 2003,132,132,132,132,1,100,13200
11 DEC 2003,135,138,132,132.5,8,6200,823650
10 DEC 2003,137,137,135,135,11,15000,2026100
9 DEC 2003,138,138,138,138,7,4400,607200
5 DEC 2003,139,139,135.25,137.5,7,16200,2237850
4 DEC 2003,135,135,132.25,133.5,11,16000,2158750
3 DEC 2003,139,139,139,139,8,12500,1737500
2 DEC 2003,139,140,139,139.25,8,2600,361700
1 DEC 2003,146,146,140,140.25,16,17800,2498100
28 NOV 2003,150,152,146,146.25,11,34600,5061900
27 NOV 2003,142,153,142,150,5,600,89800
25 NOV 2003,142,142,142,142,8,15700,2229400
24 NOV 2003,145,145,143,143,4,2100,300700
21 NOV 2003,152,153,150,150,8,30700,4634800
20 NOV 2003,154,154,154,154,5,5100,785400
19 NOV 2003,160,160,155,155,8,13200,2052000
18 NOV 2003,145,148,144.5,145,15,56000,8130275
17 NOV 2003,145,145.25,145,145,4,1200,174025
14 NOV 2003,152,152,147,148.5,4,4900,727700
13 NOV 2003,150,152,150,152,21,45600,6910050
12 NOV 2003,145,150,145,150,11,58700,8578000
11 NOV 2003,147,147,142.75,143,24,23500,3364450
10 NOV 2003,153,153,145,147.5,10,3600,537300
7 NOV 2003,150,155,150,153.75,42,146700,22649300
6 NOV 2003,142,160,140,142.25,34,18300,2600825
5 NOV 2003,145,160,140,141.5,16,8900,1303500
4 NOV 2003,168,168,167,167.25,9,4200,702950
3 NOV 2003,170,170,170,170,2,3000,510000
31 OCT 2003,169,169.5,168.5,169,6,1200,202725
30 OCT 2003,171,171,168,169,15,15900,2700900
29 OCT 2003,171.5,172,171,171.5,13,10000,1716575
28 OCT 2003,172,172,171,171.5,19,29500,5063425
27 OCT 2003,171,173,171,171.75,12,25000,4298500
23 OCT 2003,170.25,171,170.25,170.25,10,34500,5874000
22 OCT 2003,170,170.25,170,170,18,32400,5508275
21 OCT 2003,172,175,170,170,12,32700,5593300
20 OCT 2003,173,175,173,174,2,200,34800
17 OCT 2003,173,173,170,170,15,43100,7328025
16 OCT 2003,176,176,173,173,9,217600,37973550
15 OCT 2003,176,176,176,176,3,3900,686400
14 OCT 2003,179,179,179,179,1,500,89500
13 OCT 2003,180,180,178,178.75,8,5500,982700
10 OCT 2003,180,185,180,180,36,311000,56105000
8 OCT 2003,180,190,180,187,5,27900,5217775
7 OCT 2003,180,180,179.75,180,23,41400,7451950
6 OCT 2003,180,180.25,180,180,15,38700,6966050
3 OCT 2003,179.75,180,179,180,10,72600,13064750
2 OCT 2003,180,180,180,180,5,500,90000
1 OCT 2003,180,180,180,180,7,1800,324000
30 SEP 2003,185,185,180,180,9,1700,309750
29 SEP 2003,185,185,185,185,2,300,55500
26 SEP 2003,185,186.5,185,185,9,12300,2275650
25 SEP 2003,186.75,188,180,182.5,21,8300,1536900
24 SEP 2003,188,188,186,186.75,7,1700,317475
23 SEP 2003,188,188,186,186,5,10300,1916350
22 SEP 2003,185.25,188.75,185,187.5,6,102100,19136625
19 SEP 2003,187,188.75,187,188,7,6900,1297625
18 SEP 2003,189,189,185,185,7,11300,2094500
17 SEP 2003,185,187,185,185.5,26,89400,16554350
16 SEP 2003,180,185,180,180.5,24,43700,7872500
15 SEP 2003,180,180.25,180,180,23,116700,21006300
12 SEP 2003,180,181,180,180,23,45300,8154175
11 SEP 2003,176.75,178,176.75,177.75,14,14400,2555250
9 SEP 2003,176,176,175,175.75,10,18400,3232450
8 SEP 2003,174,177.75,174,177.5,4,3400,603150
5 SEP 2003,176,176,174,174.5,7,8300,1456800
4 SEP 2003,176,178,176,176,11,4700,827800
3 SEP 2003,176,176.5,176,176.5,5,12500,2205575
2 SEP 2003,175.25,175.5,175,175.5,5,500,87575
1 SEP 2003,180,180,179,180,7,4000,719900
29 AUG 2003,190,190,179.5,179.75,19,6500,1183975
28 AUG 2003,196,199,196,198,21,69100,13550275
27 AUG 2003,197,197,195,195.25,28,70700,13808575
26 AUG 2003,198,199,195,199,20,31000,6050000
25 AUG 2003,200,200,198,198,8,13400,2657900
22 AUG 2003,204,204,197,199,29,96400,19371150
21 AUG 2003,205,205,204,204,7,4500,919100
20 AUG 2003,203,204,203,203.5,10,66400,13504700
19 AUG 2003,202,204,202,203.75,39,67900,13774925
18 AUG 2003,202,202,202,202,9,10700,2161400
15 AUG 2003,201,202,201,202,3,800,161100
14 AUG 2003,204,204,201,201,6,4600,925900
13 AUG 2003,204,204,204,204,1,700,142800
12 AUG 2003,200,200,200,200,1,300,60000
8 AUG 2003,204,205,204,204,9,4600,940100
7 AUG 2003,201,202,200,200.25,10,10700,2143700
6 AUG 2003,201,202,200.5,201,11,12000,2413250
5 AUG 2003,205,205,202,202,14,36000,7275525
4 AUG 2003,204,205,204,205,6,1000,204900
1 AUG 2003,205,207,205,205.5,3,800,164400
31 JUL 2003,202,202,200.75,200.75,6,7700,1547525
30 JUL 2003,202.25,203,202,202,10,13300,2687575
29 JUL 2003,204,204,202,202,7,8600,1739250
28 JUL 2003,200,205,200,201,23,28300,5701400
25 JUL 2003,200,200.25,200,200,15,41500,8302500
24 JUL 2003,197.25,200,197.25,199,22,54600,10850800
23 JUL 2003,200,200,197,197,7,15100,2982050
22 JUL 2003,198,200,198,200,16,11100,2208900
21 JUL 2003,196.75,196.75,196.75,196.75,2,700,137725
18 JUL 2003,198,198,195,196.75,7,21000,4131000
17 JUL 2003,197,198,197,198,27,78300,15499650
16 JUL 2003,191,198,191,197.25,11,27700,5381200
15 JUL 2003,197,197,190,190.25,21,244800,46529725
14 JUL 2003,191,191,185,190,40,186500,35443250
11 JUL 2003,192,197,190,192.25,27,85200,16388550
10 JUL 2003,184,184.25,184,184.25,4,1500,276125
9 JUL 2003,190,190,182,182.75,25,21600,3987575
8 JUL 2003,190.5,191,190,190.25,8,1900,361500
7 JUL 2003,196,196.25,195,196,25,41900,8208350
4 JUL 2003,190.5,205,190,198.75,26,49300,9787000
3 JUL 2003,207,207,199.75,200.25,14,73500,14711100
2 JUL 2003,209,209,209,209,1,800,167200
1 JUL 2003,210,212,209,209.25,24,194000,40631000
30 JUN 2003,212,212,208,210.5,25,80200,16834800
27 JUN 2003,216.25,217,203.25,212,26,36700,7755150
26 JUN 2003,225,230,217,219,58,50700,11462600
25 JUN 2003,220,225,219,224.5,40,76900,17247300
24 JUN 2003,220,222,219.75,220,34,28000,6159700
23 JUN 2003,215,225,215,222.75,40,40800,9042825
20 JUN 2003,197,215,197,209,102,255700,52522925
19 JUN 2003,189.75,195,189.75,194.5,22,16400,3157350
18 JUN 2003,190,195,190,190.25,55,72500,13823850
17 JUN 2003,187,190,187,190,8,5700,1081250
16 JUN 2003,185,188,185,187.25,11,22400,4177125
13 JUN 2003,189,190,188,190,22,24900,4728000
12 JUN 2003,186,189.75,185,188,22,68700,12865900
11 JUN 2003,186,188.75,184,186,6,63400,11682175
10 JUN 2003,190,194,190,192,48,258600,49639200
9 JUN 2003,190,190,189.75,190,5,4300,816750
6 JUN 2003,190,195,185,190,45,65600,12522200
5 JUN 2003,180,190,180,188.5,69,167800,30991625
4 JUN 2003,172,180,172,179.75,31,100400,17583200
3 JUN 2003,168,170,168,170,14,30900,5250300
2 JUN 2003,168,168,168,168,2,300,50400
30 MAY 2003,168,168,168,168,12,8600,1444800
29 MAY 2003,165,168,165,168,12,18700,3121500
28 MAY 2003,162,165,162,165,21,46300,7574800
27 MAY 2003,160,161,160,161,42,92500,14827600
26 MAY 2003,155,156,155,156,7,1900,294700
23 MAY 2003,155,155,150,155,6,6100,943400
22 MAY 2003,160,160,158,158,6,14400,2297000
21 MAY 2003,159.75,161,159.75,160,9,10200,1632575
20 MAY 2003,157.5,160,157.5,160,40,65900,10536850
19 MAY 2003,155,155,155,155,6,4900,759500
13 MAY 2003,155,155,154,154.5,6,42300,6533700
12 MAY 2003,154,156,154,155.25,18,43400,6734400
9 MAY 2003,155,158,155,156.5,8,52500,8141000
8 MAY 2003,160.25,160.25,150,155.5,25,59000,9203375
7 MAY 2003,152,155,152,155,18,41400,6341100
6 MAY 2003,150,150,150,150,3,2600,390000
5 MAY 2003,147.75,150,147.5,148.75,9,8700,1293600
2 MAY 2003,147.5,147.75,147.5,147.5,2,400,59025
30 APR 2003,150,150,150,150,7,14000,2100000
29 APR 2003,150,150,150,150,11,8600,1290000
28 APR 2003,150,150.5,150,150,15,7100,1065500
25 APR 2003,147,151,147,150,20,55300,8278500
24 APR 2003,146,147,146,147,7,20200,2966600
23 APR 2003,146,146,146,146,7,4900,715400
22 APR 2003,144,146,140.25,145.5,18,49700,7171775
17 APR 2003,145,145,145,145,3,10600,1537000
11 APR 2003,140.25,145,140.25,145,56,403400,58474250
10 APR 2003,138.5,142,138.5,141.5,32,93800,13270600
9 APR 2003,135,138.5,135,135.5,2,600,81350
8 APR 2003,125,140,125,139.75,15,219500,31719500
7 APR 2003,130,130,130,130,2,1100,143000
4 APR 2003,129.75,135,129.75,135,15,24100,3236250
3 APR 2003,125.5,128,125.5,128,3,4300,540050
2 APR 2003,123,123,123,123,3,100300,12836900
1 APR 2003,123,123,123,123,2,600,73800
31 MAR 2003,123,125,123,125,3,400,49600
28 MAR 2003,123,123,123,123,5,1400,172200
27 MAR 2003,123,123,122.5,122.5,4,1400,171650
26 MAR 2003,122.5,122.5,122.5,122.5,1,5000,612500
25 MAR 2003,121.75,122,121.75,122,3,7700,938725
21 MAR 2003,121,122,121,122,6,11900,1448800
20 MAR 2003,121,121.75,121,121,9,29500,3570950
19 MAR 2003,120,121,120,121,9,8100,974750
17 MAR 2003,121,121,121,121,2,800,96800
14 MAR 2003,120.75,121,120.75,121,9,16000,1933275
13 MAR 2003,120,124.75,120,122,9,6200,748225
12 MAR 2003,123,123,118,120,11,60800,7226200
11 MAR 2003,125,125,125,125,5,800,100000
7 MAR 2003,127.5,128,127.5,128,6,21000,2687500
5 MAR 2003,128,128,128,128,1,10000,1280000
4 MAR 2003,128,128,128,128,1,300,38400
3 MAR 2003,125.25,128,125.25,128,8,26300,3360900
28 FEB 2003,126,126,126,126,2,700,88200
27 FEB 2003,124,125,124,125,8,5400,672650
26 FEB 2003,125,125,121,122.25,7,2500,308100
25 FEB 2003,126,126,125,125,7,6400,800300
24 FEB 2003,128,128,127,127,10,6700,852050
21 FEB 2003,128,129,128,128,17,19200,2458100
20 FEB 2003,128,128,128,128,4,2100,268800
19 FEB 2003,128,128,128,128,2,600,76800
18 FEB 2003,129,129,129,129,2,1400,180600
17 FEB 2003,130.5,130.5,130,130,7,1400,182275
14 FEB 2003,131,132,130.25,132,8,54200,7147925
13 FEB 2003,132.5,132.5,131,131,8,20200,2646600
10 FEB 2003,134,134,134,134,3,400,53600
6 FEB 2003,135.25,135.25,134,134,4,2300,310800
5 FEB 2003,135,135,135,135,3,1200,162000
31 JAN 2003,134,134,133,134,14,18800,2501600
30 JAN 2003,132,134,132,134,6,6500,865550
29 JAN 2003,133.5,133.5,133,133,3,5000,665100
28 JAN 2003,130,133.5,130,133.5,5,500,66250
24 JAN 2003,140,140,140,140,4,10100,1414000
23 JAN 2003,138,140,138,140,7,15300,2140600
22 JAN 2003,138,138,138,138,1,200,27600
21 JAN 2003,141,141,140,140,5,11400,1597000
16 JAN 2003,142,142,142,142,12,33800,4799600
14 JAN 2003,143,143.25,143,143,9,13100,1873325
13 JAN 2003,142,145,142,145,5,1100,156500
10 JAN 2003,142,142,142,142,1,1000,142000
9 JAN 2003,142,142,142,142,1,100,14200
8 JAN 2003,142,142,142,142,2,200,28400
7 JAN 2003,142,142.5,142,142,12,7900,1121850
6 JAN 2003,142,142,142,142,1,200,28400
2 JAN 2003,144.75,144.75,144.75,144.75,1,100,14475
31 DEC 2002,142,145,142,145,2,1100,159200
30 DEC 2002,142,145,142,145,6,4100,592400
27 DEC 2002,140,140,140,140,2,600,84000
26 DEC 2002,138.5,140,138.25,140,4,10300,1441500
24 DEC 2002,137,138,137,138,5,2100,288700
23 DEC 2002,136.5,137,136,137,3,3000,409500
18 DEC 2002,134.75,135,134.75,135,6,4500,607250
17 DEC 2002,134,134,134,134,1,200,26800
16 DEC 2002,135,135,134,134,6,4000,538425
13 DEC 2002,134.25,134.25,134.25,134.25,1,2000,268500
12 DEC 2002,135,135,134,134,6,11600,1564600
10 DEC 2002,134,134,134,134,1,200,26800
9 DEC 2002,136,136.25,135,135,11,37700,5096100
5 DEC 2002,138.75,138.75,138.75,138.75,4,10200,1415250
4 DEC 2002,139,139,139,139,1,200,27800
2 DEC 2002,140,140,140,140,1,200,28000
29 NOV 2002,140,140,139.25,140,7,4100,573350
28 NOV 2002,140,140,140,140,3,900,126000
27 NOV 2002,140,140,140,140,1,200,28000
26 NOV 2002,140,140,139,140,11,6600,923500
22 NOV 2002,140,140,140,140,1,100,14000
21 NOV 2002,137,140,137,140,4,700,96500
20 NOV 2002,138,138,137,137,3,1500,205600
13 NOV 2002,143,143,143,143,6,25000,3575000
12 NOV 2002,143.75,145,143,143,6,3900,558875
11 NOV 2002,144,144,143.75,143.75,2,200,28775
8 NOV 2002,145,145,145,145,7,7400,1073000
7 NOV 2002,145,145,145,145,8,4200,609000
6 NOV 2002,145,147.5,145,147.5,6,4000,585500
5 NOV 2002,145,145,144.75,145,9,7500,1087250
1 NOV 2002,145,145,144,144,5,3500,506650
31 OCT 2002,145,145,145,145,9,13000,1885000
30 OCT 2002,144.75,145.5,144.75,145.5,10,13400,1944575
29 OCT 2002,143,144,143,144,7,12600,1814300
28 OCT 2002,138,140,138,140,11,14600,2029975
25 OCT 2002,138,138,138,138,2,500,69000
24 OCT 2002,139.25,139.25,139,139,2,700,97425
23 OCT 2002,138,139.5,138,139.5,6,1600,222050
22 OCT 2002,134,139.75,134,136,28,59900,8106325
21 OCT 2002,133,135,130,133,37,17600,2325050
18 OCT 2002,142,142,140,140,9,4400,617200
17 OCT 2002,140,144.75,140,144.75,17,5100,717375
16 OCT 2002,150,150,149,149,7,4100,611900
15 OCT 2002,149.75,150,149.75,150,7,10700,1604050
11 OCT 2002,154,154,154,154,4,3400,523600
4 OCT 2002,155,156.75,155,156.75,14,25900,4014675
3 OCT 2002,150,155,149,155,14,8100,1243800
2 OCT 2002,155,155,155,155,11,20000,3100000
30 SEP 2002,157,157,157,157,2,3000,471000
27 SEP 2002,151,156.75,151,156.75,20,68500,10605750
26 SEP 2002,151,151,150,150,4,2300,345600
25 SEP 2002,149,155,149,155,19,25400,3820400
24 SEP 2002,148.5,149,148.5,149,7,9600,1430350
23 SEP 2002,149,149,149,149,2,1000,149000
19 SEP 2002,150,150,149.75,150,6,25700,3852500
18 SEP 2002,152,154,152,154,16,25400,3909000
17 SEP 2002,150,154.75,150,152,9,1800,273575
16 SEP 2002,151,151,150,150,4,1500,226100
13 SEP 2002,150,152,150,152,7,25500,3825400
12 SEP 2002,150,150,150,150,1,5000,750000
11 SEP 2002,155,155,150,150,17,37600,5640500
9 SEP 2002,155,160,155,160,2,200,31500
6 SEP 2002,164,164,160,160,11,7800,1256400
5 SEP 2002,162,164,162,164,2,200,32600
4 SEP 2002,160,162,160,162,17,10600,1698000
3 SEP 2002,158.5,158.5,155.5,155.5,8,6900,1092925
2 SEP 2002,155,158.75,155,158.75,4,2000,317125
30 AUG 2002,155,160,155,159.5,18,72100,11410450
29 AUG 2002,151,151,150,150,3,1200,180175
28 AUG 2002,155,155,155,155,4,1300,201500
27 AUG 2002,155,155,155,155,4,4700,728500
26 AUG 2002,150,155,150,155,6,6700,1005500
23 AUG 2002,150,151,150,150,5,8000,1200900
21 AUG 2002,149,150,149,150,11,23000,3449800
20 AUG 2002,145.25,150,145,149.75,41,2867700,430101925
19 AUG 2002,145,147,145,146,14,15500,2259500
16 AUG 2002,143,145,143,145,16,54200,7852800
15 AUG 2002,144,144,144,144,2,5000,720000
14 AUG 2002,138.5,140,138.5,140,18,11200,1563500
13 AUG 2002,135,135,135,135,2,2000,270000
12 AUG 2002,137,137,137,137,1,100,13700
9 AUG 2002,130,132,130,132,5,3500,457000
8 AUG 2002,132,132,130.25,130.5,9,52400,6827650
7 AUG 2002,130,135.75,128,132,37,23700,3117175
6 AUG 2002,131,131,131,131,1,100,13100
2 AUG 2002,140,140,140,140,3,4000,560000
1 AUG 2002,143,143,143,143,1,1000,143000
30 JUL 2002,144,144,144,144,1,500,72000
29 JUL 2002,145,145,145,145,1,200,29000
26 JUL 2002,145.5,145.5,145.5,145.5,1,100,14550
25 JUL 2002,145,147,145,147,2,200,29200
24 JUL 2002,147,147,147,147,1,500,73500
22 JUL 2002,148,148,145,147,4,1700,250300
19 JUL 2002,145,146,145,146,2,400,58300
16 JUL 2002,145,145,145,145,1,500,72500
15 JUL 2002,145,145,145,145,11,32700,4741500
12 JUL 2002,146.25,146.25,146,146,5,1600,233650
11 JUL 2002,147.75,148,147.75,148,3,700,103475
10 JUL 2002,145,147,145,145,13,56900,8252200
9 JUL 2002,145,145,145,145,10,26600,3857000
8 JUL 2002,145,145,145,145,14,50000,7250000
5 JUL 2002,145,145,145,145,12,43400,6293000
4 JUL 2002,145,145,145,145,8,26800,3886000
3 JUL 2002,145,145.75,144.75,145,19,14300,2072250
2 JUL 2002,145,145,145,145,4,1200,174000
1 JUL 2002,145,145,145,145,10,19000,2755000
28 JUN 2002,144.5,144.75,141.5,144,24,57000,8209650
27 JUN 2002,140,145,138,142,71,109400,15285675
26 JUN 2002,140,140,140,140,11,15200,2128000
25 JUN 2002,138.5,140,137,140,16,21200,2962450
21 JUN 2002,137,137,136,137,5,1100,149900
20 JUN 2002,139,139,136,136,17,38100,5185050
19 JUN 2002,143,143,138,138,3,2300,318900
18 JUN 2002,143,144,143,144,6,2300,329400
14 JUN 2002,142.75,142.75,142.75,142.75,3,300,42825
12 JUN 2002,143,144,143,144,7,9800,1402800
11 JUN 2002,145,145,143,144,5,50600,7280600
10 JUN 2002,146,147,146,146,7,1500,219700
7 JUN 2002,146,147,142,147,26,24500,3510425
6 JUN 2002,142,147,142,147,8,2200,319100
5 JUN 2002,140.5,142,140.25,142,13,20900,2946875
4 JUN 2002,140,140,140,140,22,101700,14238000
3 JUN 2002,140,140,140,140,16,41100,5754000
31 MAY 2002,140,140,140,140,7,29000,4060000
30 MAY 2002,143,143,143,143,7,1300,185900
29 MAY 2002,149,149,138.5,142,13,10500,1500100
28 MAY 2002,140,149,140,141,22,158500,22192900
23 MAY 2002,138.75,140,138.75,140,29,51700,7232975
22 MAY 2002,139,139,139,139,1,200,27800
21 MAY 2002,139.75,139.75,139.75,139.75,1,200,27950
16 MAY 2002,135,140,135,140,82,415500,58147175
15 MAY 2002,139.75,139.75,139.75,139.75,1,100,13975
14 MAY 2002,129.75,140,129.75,140,186,2385000,333243800
13 MAY 2002,124,125.25,124,125.25,23,52800,6600300
10 MAY 2002,120,121,120,121,15,89000,10708475
9 MAY 2002,118,118,118,118,1,500,59000
8 MAY 2002,120.5,121.5,120.5,121.5,2,1300,157050
7 MAY 2002,120,120,120,120,4,800,96000
6 MAY 2002,121.5,121.5,120.5,120.5,3,5700,687250
3 MAY 2002,121.5,121.5,121.5,121.5,6,4300,522450
2 MAY 2002,121.5,121.5,121.25,121.5,6,7100,862150
25 APR 2002,124.75,125,121.25,121.25,15,10500,1304075
24 APR 2002,124,125,124,125,5,14600,1823000
23 APR 2002,124.75,125,124.5,124.5,15,12100,1509350
19 APR 2002,127,130,123,125,18,8800,1104175
18 APR 2002,122,125,120.25,125,30,36700,4551550
17 APR 2002,115.25,120,115.25,120,8,23200,2752925
16 APR 2002,115,115,115,115,2,5300,609500
11 APR 2002,115,115,115,115,13,238000,27370000
10 APR 2002,115,115,115,115,12,50600,5819000
9 APR 2002,115,115,115,115,2,50100,5761500
8 APR 2002,117,117,115,115,11,13300,1530100
27 MAR 2002,116.25,121,116.25,121,4,61000,7367500
25 MAR 2002,125,125,123.5,123.5,9,8700,1082800
22 MAR 2002,120,125,120,125,10,16700,2007000
21 MAR 2002,115.75,125,115.75,120,14,23400,2800575
19 MAR 2002,115,115,115,115,3,3300,379500
18 MAR 2002,115,115,115,115,1,500,57500
15 MAR 2002,115,115,115,115,1,500,57500
14 MAR 2002,115,115,115,115,3,3000,345000
13 MAR 2002,114.5,115,114.25,115,14,17400,1998750
11 MAR 2002,113,113,113,113,1,1100,124300
8 MAR 2002,113,113,113,113,3,9200,1039600
7 MAR 2002,112,113,112,113,2,1200,135400
4 MAR 2002,112,112,112,112,3,2200,246400
26 FEB 2002,113.5,115,113.5,115,8,32800,3767800
25 FEB 2002,113.5,115,113.5,115,3,3800,434300
22 FEB 2002,109.75,113.5,109.75,113.5,12,29400,3326325
21 FEB 2002,109,109,109,109,2,6000,654000
20 FEB 2002,109,109,109,109,3,16100,1754900
19 FEB 2002,110,110,109,109,5,8200,895800
18 FEB 2002,110.5,110.5,110,110,6,2100,231625
15 FEB 2002,109,110,109,110,16,22600,2471000
14 FEB 2002,109,109,109,109,4,5300,577700
13 FEB 2002,106,110,106,109.5,8,1800,196375
12 FEB 2002,105,106,105,106,7,2300,243400
11 FEB 2002,105,105,105,105,2,5400,567000
7 FEB 2002,103,104,102.5,104,11,321800,32985825
6 FEB 2002,103,106,103,106,3,1100,115100
1 FEB 2002,103,106,103,106,8,3100,325300
31 JAN 2002,105,105,104,104,2,700,73000
30 JAN 2002,104,104,104,104,3,1100,114400
29 JAN 2002,110,110,102.25,102.25,4,15900,1669725
24 JAN 2002,105,110,105,110,11,3600,386900
23 JAN 2002,105.25,105.25,105,105,2,200,21025
22 JAN 2002,110,110,108,108,5,1500,162400
21 JAN 2002,108,108,108,108,4,5500,594000
18 JAN 2002,104.5,105,104.5,105,2,1100,115450
17 JAN 2002,110,110,104,104,11,11700,1222500
15 JAN 2002,110,110,110,110,7,10500,1155000
11 JAN 2002,113.5,113.5,113.5,113.5,2,6700,760450
10 JAN 2002,115,115,114.5,114.5,2,300,34450
9 JAN 2002,115,115,114.5,114.5,8,5500,631500
8 JAN 2002,116,116,114.5,115,21,41100,4726550
7 JAN 2002,119,119,116,116,3,9500,1111300
4 JAN 2002,119.75,119.75,117.5,119,3,2200,262250
3 JAN 2002,117,120,117,117.25,16,15100,1798200
2 JAN 2002,118,120,118,120,21,41000,4919800
31 DEC 2001,114.75,117.5,114.75,117,23,52500,6149775
28 DEC 2001,110,113,109,113,40,382400,42072300
27 DEC 2001,110,113,108,108,25,253700,27426900
21 DEC 2001,108,109,108,108,11,67000,7250375
20 DEC 2001,115.25,115.25,108,108,12,11700,1302225
19 DEC 2001,108,108,107,107,6,26400,2850200
18 DEC 2001,115,115,110,110,17,56400,6264775
17 DEC 2001,116,116,113.25,113.25,7,3200,367925
14 DEC 2001,111,116.75,111,115,21,82400,9267150
13 DEC 2001,120,120,111.25,111.25,11,24700,2856700
12 DEC 2001,133,133,124,125,27,24100,3036450
11 DEC 2001,130,133,125,133,32,56100,7258650
10 DEC 2001,135,140,130,130.25,52,54400,7293000
7 DEC 2001,100,130,100,130,49,94500,10351825
5 DEC 2001,88.5,92.75,88.5,91.75,10,5200,471175
4 DEC 2001,92,92,88.5,88.5,26,22400,2016900
3 DEC 2001,90.75,93.5,90,92.5,39,33800,3102125
29 NOV 2001,87,91,87,91,42,94800,8548200
28 NOV 2001,84,87.5,84,87.5,34,33300,2848450
27 NOV 2001,82.5,84,82.5,84,5,18500,1553850
26 NOV 2001,85,86,84,84,14,8200,694100
23 NOV 2001,85,87.5,85,85,16,9100,779775
22 NOV 2001,84.75,85,84.75,84.75,8,30400,2583700
21 NOV 2001,82,83,82,83,4,9200,755600
20 NOV 2001,82,86,80,84.75,20,30900,2612775
19 NOV 2001,78,82,78,82,36,32700,2647700
16 NOV 2001,74.75,78,74.75,78,13,10300,794775
15 NOV 2001,74,74.5,74,74.5,2,5400,402100
14 NOV 2001,73,74,73,74,2,800,58500
13 NOV 2001,74,74,73,73,2,1200,87900
12 NOV 2001,75,75,74.75,74.75,7,8800,658725
9 NOV 2001,74.5,74.5,74.5,74.5,1,500,37250
8 NOV 2001,70.5,72,70.5,71,26,37600,2660700
7 NOV 2001,71.25,71.25,70,70.75,17,42600,2987000
6 NOV 2001,75,75,74,74,3,2300,172250
5 NOV 2001,77,77,75,75,2,2200,169000
2 NOV 2001,76,76,76,76,1,100,7600
1 NOV 2001,77,77.5,77,77,9,13800,1068950
30 OCT 2001,77.5,77.5,77.5,77.5,2,1100,85250
29 OCT 2001,78,78,78,78,7,5700,444600
26 OCT 2001,78.25,78.25,77,77,18,23100,1796575
25 OCT 2001,80,80,78,78,3,3200,249800
24 OCT 2001,80,80,79,80,21,24000,1918625
23 OCT 2001,78,81,78,79,43,91200,7212200
22 OCT 2001,75,77.5,75,77.5,9,10600,810000
19 OCT 2001,75,78,74,75,13,55700,4155300
18 OCT 2001,73,73,73,73,9,2400,175200
17 OCT 2001,75,75,73.5,73.5,3,25300,1860000
16 OCT 2001,75,75,73,73,12,35600,2615400
15 OCT 2001,75,79.75,75,75,34,78600,6072050
12 OCT 2001,72,77.5,72,75,41,132100,9716025
11 OCT 2001,65,72,65,72,23,22500,1526600
10 OCT 2001,56.75,63.5,56.75,63.5,20,41400,2422125
9 OCT 2001,54,56.75,54,56.75,12,10700,590825
8 OCT 2001,54,54,54,54,1,200,10800
5 OCT 2001,54,54.5,53.75,54,11,16500,891375
4 OCT 2001,53,54,53,54,5,14200,766700
3 OCT 2001,54,54.25,54,54,12,46400,2505650
1 OCT 2001,54,54,54,54,3,1600,86400
28 SEP 2001,54.25,54.25,54,54,8,3000,162125
26 SEP 2001,54,54.25,54,54.25,4,14800,802450
24 SEP 2001,54,54,54,54,4,400,21600
21 SEP 2001,54,54,54,54,2,200,10800
20 SEP 2001,54,55,53.75,55,4,400,21675
19 SEP 2001,55.5,55.5,55,55,8,3100,171000
18 SEP 2001,56,56,56,56,4,1000,56000
17 SEP 2001,58,58,58,58,3,1100,63800
14 SEP 2001,57.25,57.25,57.25,57.25,1,100,5725
13 SEP 2001,57.25,57.25,57,57,3,2200,125925
12 SEP 2001,57,58,57,57.25,7,17600,1011550
11 SEP 2001,58,58,58,58,10,9500,551000
10 SEP 2001,58.75,58.75,58.75,58.75,1,500,29375
6 SEP 2001,59,59,58,58,12,32000,1856200
5 SEP 2001,57,57,57,57,4,600,34200
4 SEP 2001,58,58,58,58,3,1200,69600
3 SEP 2001,58.25,58.25,58,58,5,900,52225
31 AUG 2001,58,60,58,60,6,5900,347000
30 AUG 2001,58,58,58,58,3,3000,174000
29 AUG 2001,55,58,55,58,9,7200,417300
28 AUG 2001,55,55,55,55,1,600,33000
27 AUG 2001,54,54,54,54,1,300,16200
24 AUG 2001,53,53.5,53,53,7,10000,530400
23 AUG 2001,54.5,54.5,53,53,2,600,32550
22 AUG 2001,55,55,55,55,1,1000,55000
21 AUG 2001,55,55,55,55,2,1700,93500
20 AUG 2001,57.75,57.75,55,55,9,3100,174950
17 AUG 2001,57,57,57,57,4,25900,1476300
16 AUG 2001,57.25,57.25,57,57,2,200,11425
15 AUG 2001,58,58,58,58,1,100,5800
14 AUG 2001,60,60,60,60,7,1700,102000
13 AUG 2001,60,60,60,60,1,100,6000
9 AUG 2001,68,68,64,64,8,2300,150400
7 AUG 2001,68,68,68,68,1,100,6800
6 AUG 2001,69,69,69,69,2,500,34500
2 AUG 2001,69,69,69,69,6,11600,800400
1 AUG 2001,69,69,69,69,1,500,34500
31 JUL 2001,69.75,69.75,69.75,69.75,1,500,34875
30 JUL 2001,69,70,69,69.75,8,13200,923875
27 JUL 2001,69,69,69,69,4,2000,138000
26 JUL 2001,69,69,69,69,2,300,20700
25 JUL 2001,70,70,70,70,2,700,49000
24 JUL 2001,70,70,70,70,9,1700,119000
20 JUL 2001,75,75,73,73,2,700,52100
19 JUL 2001,77.5,77.5,77.5,77.5,1,600,46500
18 JUL 2001,78,78,78,78,3,800,62400
17 JUL 2001,78,78,78,78,4,1100,85800
13 JUL 2001,78,78,78,78,1,100,7800
12 JUL 2001,77,78,77,78,2,1600,124200
11 JUL 2001,77.75,77.75,76.5,76.5,16,6400,494275
10 JUL 2001,77.5,77.75,77,77.75,4,2100,162625
9 JUL 2001,77,77,77,77,1,100,7700
6 JUL 2001,77,77,77,77,5,1100,84700
4 JUL 2001,77,77,77,77,1,1000,77000
3 JUL 2001,77,77,77,77,1,100,7700
2 JUL 2001,76,77,76,77,9,11400,866700
29 JUN 2001,77,77,76,76,3,1600,121950
28 JUN 2001,77.5,77.5,77,77.5,5,2500,193700
27 JUN 2001,78.5,79,78.5,79,3,500,39300
26 JUN 2001,76,76,76,76,5,6400,486400
25 JUN 2001,76,76,75,75,18,209300,15704525
22 JUN 2001,76,76,76,76,15,14600,1109600
21 JUN 2001,76,77,76,76,10,15300,1162950
20 JUN 2001,76,76,75.5,75.5,5,7000,531500
19 JUN 2001,75,75,75,75,1,100,7500
18 JUN 2001,75,75,75,75,1,200,15000
15 JUN 2001,77,77,75,75,53,229700,17241025
14 JUN 2001,77,77,77,77,2,200,15400
13 JUN 2001,77,77,77,77,2,400,30800
12 JUN 2001,77.25,77.25,77,77,11,3600,277350
7 JUN 2001,77,77,77,77,1,200,15400
6 JUN 2001,77,77,77,77,1,1000,77000
4 JUN 2001,77,77,77,77,1,100,7700
1 JUN 2001,78,78,77,77,12,4800,370475
30 MAY 2001,79,79,79,79,1,200,15800
29 MAY 2001,77,77,77,77,9,1700,130900
25 MAY 2001,76,76,75.25,75.25,8,20100,1513700
24 MAY 2001,77,77,77,77,1,100,7700
23 MAY 2001,75.75,77,75.75,77,7,2800,213975
22 MAY 2001,75.75,77,75.75,77,3,1200,91025
21 MAY 2001,75.5,75.5,75.5,75.5,1,100,7550
17 MAY 2001,75,75,75,75,1,200,15000
16 MAY 2001,75,75,74.25,74.25,13,56900,4228450
15 MAY 2001,78,78,75,75,10,7700,581900
14 MAY 2001,78,78,78,78,1,200,15600
11 MAY 2001,78,78,78,78,1,100,7800
4 MAY 2001,75.25,75.25,75.25,75.25,1,200,15050
2 MAY 2001,75.25,75.25,75.25,75.25,3,2800,210700
27 APR 2001,75.25,75.25,75.25,75.25,3,1100,82775
26 APR 2001,75.25,75.25,75.25,75.25,1,100,7525
25 APR 2001,75,75,75,75,1,200,15000
24 APR 2001,74.25,75,74.25,75,5,3000,224250
23 APR 2001,74.25,74.25,74.25,74.25,1,100,7425
20 APR 2001,78.5,78.5,74,74,15,107700,7976550
19 APR 2001,78.5,78.5,78.5,78.5,1,100,7850
17 APR 2001,78.5,78.75,78.5,78.75,4,2100,165325
16 APR 2001,78.5,78.5,78.5,78.5,1,500,39250
10 APR 2001,78.75,78.75,78.5,78.5,4,1300,102075
9 APR 2001,78.25,79,78.25,79,3,1300,102075
4 APR 2001,78.25,78.25,78,78,8,2400,187300
3 APR 2001,78.25,78.25,78.25,78.25,1,100,7825
29 MAR 2001,78,78,78,78,3,500,39000
28 MAR 2001,78.25,78.25,78.25,78.25,1,100,7825
27 MAR 2001,80,80,80,80,2,600,48000
26 MAR 2001,81,81,81,81,4,400,32400
23 MAR 2001,82,82,81,81,6,2200,178400
22 MAR 2001,82,82,82,82,1,500,41000
21 MAR 2001,83,83,82,82,5,3900,320100
20 MAR 2001,84,84.25,84,84.25,2,700,58850
19 MAR 2001,85,85,85,85,2,1800,153000
16 MAR 2001,85,85,84.5,85,4,600,50900
13 MAR 2001,85.75,86.25,85.75,86,6,15500,1335975
12 MAR 2001,86,86,86,86,3,500,43000
8 MAR 2001,86,86,86,86,4,15200,1307200
6 MAR 2001,86,86,85.25,85.25,7,3300,283575
5 MAR 2001,86,86,86,86,5,5000,430000
1 MAR 2001,86,86,86,86,5,3500,301000
28 FEB 2001,86,86,86,86,4,1500,129000
27 FEB 2001,87,87,86,86,3,400,34600
26 FEB 2001,87,87,87,87,3,400,34800
23 FEB 2001,86,86,86,86,4,1100,94600
21 FEB 2001,85.75,85.75,85.75,85.75,2,600,51450
16 FEB 2001,87.5,87.5,86.25,86.25,3,1100,95500
15 FEB 2001,87,87,87,87,1,100,8700
14 FEB 2001,86.75,86.75,86.75,86.75,2,600,52050
13 FEB 2001,86.5,86.75,86.5,86.75,4,900,77875
9 FEB 2001,85,86.5,85,86.5,6,6400,544150
8 FEB 2001,86,86.25,86,86,6,800,68825
6 FEB 2001,85,86,85,86,4,2100,178600
2 FEB 2001,85,86,85,86,2,200,17100
1 FEB 2001,84.5,85,84.5,85,11,57300,4870350
29 JAN 2001,84,85,84,85,5,1600,135400
26 JAN 2001,84.75,85,84.75,85,6,13600,1152625
25 JAN 2001,85.5,85.5,84,85,17,17600,1496100
24 JAN 2001,85.5,85.5,85.5,85.5,10,18100,1547550
23 JAN 2001,82.5,85,82.5,85,27,26400,2242600
22 JAN 2001,82.5,82.5,82,82,3,1100,90450
19 JAN 2001,83,83,83,83,1,100,8300
18 JAN 2001,81.25,83,81.25,82.5,8,2300,189100
17 JAN 2001,80.75,82,80.75,81,8,2900,234775
16 JAN 2001,80.25,80.25,80.25,80.25,2,700,56175
12 JAN 2001,80,80.5,80,80.5,8,17800,1424300
11 JAN 2001,80,80,80,80,8,29900,2392000
10 JAN 2001,80,80,80,80,4,6000,480000
8 JAN 2001,80,80,80,80,4,3100,248000
5 JAN 2001,80,80,80,80,5,1700,136000
4 JAN 2001,80,80,80,80,9,2000,160000
3 JAN 2001,80,80,80,80,3,300,24000
2 JAN 2001,80,80,80,80,4,1300,104000
29 DEC 2000,78.5,78.5,78.5,78.5,1,100,7850
22 DEC 2000,78,80,76,80,9,3800,302300
21 DEC 2000,80,80,80,80,1,200,16000
20 DEC 2000,80,80,80,80,3,6600,528000
19 DEC 2000,80,80,80,80,5,15500,1240000
18 DEC 2000,81,81,80,80,14,15900,1273100
15 DEC 2000,79,82,79,81,23,87300,7051750
14 DEC 2000,79.75,79.75,79,79,7,1400,111175
13 DEC 2000,79,80,79,79.75,18,26600,2127100
12 DEC 2000,74,75,74,75,4,5700,427000
11 DEC 2000,71.75,72.75,71.75,72.5,5,8300,597800
8 DEC 2000,71.75,71.75,71.75,71.75,2,300,21525
6 DEC 2000,71.25,71.25,71.25,71.25,3,2700,192375
5 DEC 2000,71.75,71.75,71,71.25,15,5000,356100
4 DEC 2000,71.5,71.5,70.75,71.25,20,13100,931225
1 DEC 2000,71,71,71,71,1,200,14200
30 NOV 2000,71,71,70.75,70.75,16,4800,339650
29 NOV 2000,71,71,70.25,70.25,9,8400,591725
28 NOV 2000,74,74,70.25,70.25,10,13700,966675
27 NOV 2000,75,75,70,70,30,19000,1350850
24 NOV 2000,75,75,75,75,7,2000,150000
23 NOV 2000,75,75,75,75,6,5500,412500
22 NOV 2000,75,75,75,75,4,400,30000
21 NOV 2000,75,75,75,75,3,800,60000
20 NOV 2000,75,75,75,75,13,23900,1792500
17 NOV 2000,76.25,76.25,75,75,7,1000,75475
16 NOV 2000,80.5,80.5,79,79,15,23200,1857025
15 NOV 2000,80.5,82,80.5,80.5,5,6200,499400
14 NOV 2000,83,83,82,83,5,12000,995900
13 NOV 2000,85,85,85,85,7,3500,297500
10 NOV 2000,85,85,85,85,5,1400,119000
9 NOV 2000,84,85,84,85,23,10600,900300
8 NOV 2000,84,84,84,84,1,100,8400
7 NOV 2000,85,85,84,84,6,1000,84900
6 NOV 2000,82.5,83,82.5,83,6,1400,116100
3 NOV 2000,82,82,82,82,1,100,8200
2 NOV 2000,90,90,85,85,23,6600,573525
1 NOV 2000,90,90.25,88,90.25,9,132800,11705625
31 OCT 2000,90.5,90.5,90,90,3,2800,252400
30 OCT 2000,90.5,90.5,90,90.5,9,2600,234650
27 OCT 2000,92,92,90.5,90.5,8,18600,1687225
26 OCT 2000,92.5,92.5,92.25,92.25,2,2000,184575
25 OCT 2000,92.25,92.25,92.25,92.25,1,100,9225
24 OCT 2000,93.5,93.5,92.25,92.25,6,5900,544875
23 OCT 2000,93,93,93,93,1,700,65100
20 OCT 2000,95,95,93,93,6,1000,94225
19 OCT 2000,95,95,95,95,3,900,85500
18 OCT 2000,95,95,95,95,4,21500,2042500
16 OCT 2000,91.25,96,91,91.5,7,11900,1090550
13 OCT 2000,90,90.5,90,90.5,2,1600,144300
11 OCT 2000,90.5,90.5,90.5,90.5,1,100,9050
10 OCT 2000,100,100,95,95,7,1500,148300
9 OCT 2000,102,103,102,103,31,36800,3754600
6 OCT 2000,101,102,101,102,13,14800,1503500
5 OCT 2000,102,102.25,102,102.25,3,400,40875
4 OCT 2000,100,100,100,100,4,2300,230000
3 OCT 2000,102,102,101.75,101.75,6,2500,254500
2 OCT 2000,102,102.5,102,102,9,7300,744650
29 SEP 2000,104,104,104,104,1,200,20800
28 SEP 2000,98,98,98,98,7,2000,196000
21 SEP 2000,98,98,98,98,1,200,19600
20 SEP 2000,97.25,97.5,97,97,9,5600,543675
18 SEP 2000,97,97,97,97,1,100,9700
15 SEP 2000,97,97,97,97,1,100,9700
12 SEP 2000,97.25,97.25,97,97,4,8300,805125
11 SEP 2000,97.5,97.5,97.25,97.25,4,10100,982275
8 SEP 2000,98,98,97.75,97.75,3,2200,215550
7 SEP 2000,98,98,98,98,4,2000,196000
6 SEP 2000,98,98,98,98,2,500,49000
5 SEP 2000,98,98,97.5,97.5,6,4800,470150
1 SEP 2000,97.5,97.5,97.5,97.5,3,300,29250
31 AUG 2000,97.5,98,97.5,97.5,4,19500,1901325
30 AUG 2000,99,99,97.25,97.25,11,46000,4476975
25 AUG 2000,100,100,100,100,4,700,70000
23 AUG 2000,100,100,100,100,1,200,20000
21 AUG 2000,97.5,97.5,97.5,97.5,1,100,9750
18 AUG 2000,98,98,98,98,1,200,19600
17 AUG 2000,98,98,98,98,5,30100,2949800
16 AUG 2000,98.25,98.25,98,98,2,500,49050
15 AUG 2000,98.75,98.75,98.5,98.5,6,10700,1053975
10 AUG 2000,98.5,98.5,98.5,98.5,1,100,9850
8 AUG 2000,100,100,100,100,9,6400,640000
7 AUG 2000,100,100,100,100,1,100,10000
3 AUG 2000,100,100,100,100,2,600,60000
2 AUG 2000,100,100,100,100,1,100,10000
1 AUG 2000,100,100,100,100,4,2400,240000
28 JUL 2000,98.5,100,98.5,100,10,11400,1128900
27 JUL 2000,98.75,98.75,98.75,98.75,1,100,9875
26 JUL 2000,99,99,98.75,98.75,4,1500,148375
25 JUL 2000,100,100,99,99,3,300,29900
24 JUL 2000,100,100,100,100,3,300,30000
21 JUL 2000,100,100,100,100,4,2100,210000
20 JUL 2000,100,100,100,100,8,2400,240000
19 JUL 2000,100,100,100,100,3,500,50000
18 JUL 2000,100,100,100,100,1,100,10000
14 JUL 2000,104,104,98,98,26,188800,18526300
12 JUL 2000,104.25,104.25,104,104,3,300,31250
11 JUL 2000,104.25,105,104.25,104.25,10,4600,481875
10 JUL 2000,105,105,105,105,3,300,31500
7 JUL 2000,102,102.25,102,102,10,4800,489700
6 JUL 2000,101.5,102,101.5,101.75,16,19300,1967600
5 JUL 2000,102,102,100.5,102,18,8000,810000
4 JUL 2000,102,102,102,102,12,8600,877200
3 JUL 2000,110.25,110.25,102,102,11,8000,849750
30 JUN 2000,101,110,101,110,23,23000,2504450
29 JUN 2000,100,100,100,100,2,1500,150000
28 JUN 2000,99,100,99,100,8,1400,139800
27 JUN 2000,100,100,95,95,15,58200,5563300
26 JUN 2000,100,100,100,100,13,4700,470000
23 JUN 2000,100,100,99,99,6,4100,408900
22 JUN 2000,100,101,100,100,15,6100,610650
21 JUN 2000,91,100,91,100,14,5100,494450
20 JUN 2000,90,90,87,90,8,130000,11312400
19 JUN 2000,90,90,90,90,8,7500,675000
14 JUN 2000,89,89,89,89,7,3500,311500
13 JUN 2000,87.5,89,87.5,89,2,300,26550
12 JUN 2000,86.75,86.75,86.75,86.75,1,100,8675
9 JUN 2000,85.25,85.25,85,85,2,300,25550
8 JUN 2000,87.5,87.5,87,87,2,200,17450
7 JUN 2000,88,88,88,88,3,1400,123200
6 JUN 2000,88,88,88,88,11,25100,2208800
2 JUN 2000,88,88,88,88,3,500,44000
1 JUN 2000,88,88,88,88,2,300,26400
31 MAY 2000,87,87,87,87,2,700,60900
29 MAY 2000,87,87,86,86,4,700,60400
25 MAY 2000,86,86,86,86,11,18000,1548000
24 MAY 2000,85,86,85,86,5,2300,195800
23 MAY 2000,85,85,85,85,7,10900,926500
19 MAY 2000,85,85,83,85,9,33500,2847125
16 MAY 2000,80,80,79.5,80,33,39000,3119100
15 MAY 2000,80,80,79.5,79.5,2,600,47750
11 MAY 2000,80,80,80,80,8,6300,504000
10 MAY 2000,80.5,80.5,80,80,14,107700,8617900
9 MAY 2000,78,80,78,80,4,1900,151400
8 MAY 2000,78,78,78,78,1,100,7800
5 MAY 2000,82,82,80,80,17,161400,12913225
4 MAY 2000,83,83,83,83,1,100,8300
3 MAY 2000,85,85,83,83,6,1900,158875
2 MAY 2000,87,87,85,85,5,90800,7718200
28 APR 2000,87,87,87,87,3,50100,4358700
27 APR 2000,88,88,87,87,3,400,35000
26 APR 2000,88,88.25,88,88.25,3,1400,123225
25 APR 2000,88,88,88,88,4,500,44000
24 APR 2000,90.25,90.25,89,89,7,70900,6380950
20 APR 2000,91,91,90,90,13,5700,514125
19 APR 2000,91,91,91,91,1,500,45500
17 APR 2000,92.5,92.5,92.5,92.5,1,100,9250
11 APR 2000,93,93,93,93,1,100,9300
10 APR 2000,92,92,92,92,1,100,9200
7 APR 2000,93,93,90,90,3,300,27325
5 APR 2000,93,93,93,93,2,55700,5180100
3 APR 2000,93.75,93.75,92.5,92.5,3,600,56125
31 MAR 2000,90.25,94,90,93.75,6,1100,101400
29 MAR 2000,92,92,92,92,3,300,27600
28 MAR 2000,95,95,92,92,4,1600,150400
27 MAR 2000,95,95,95,95,1,100,9500
21 MAR 2000,95,95,95,95,1,300,28500
20 MAR 2000,93,95,93,95,5,700,65500
17 MAR 2000,93.5,93.5,93,93,8,3200,297850
16 MAR 2000,95,95,93.5,95,8,2100,197400
15 MAR 2000,93.5,93.5,93.25,93.25,4,1000,93350
14 MAR 2000,94.75,94.75,93.5,94,8,1600,150200
13 MAR 2000,93,95,93,95,2,600,56800
10 MAR 2000,98,98,93,93,15,241400,22456525
8 MAR 2000,98,98,98,98,6,1600,156800
7 MAR 2000,98.25,98.25,98,98,5,4000,392025
6 MAR 2000,98,98,98,98,1,700,68600
3 MAR 2000,98,98,98,98,8,3000,294000
2 MAR 2000,98,98,97.75,98,7,2900,284175
1 MAR 2000,99,100,98,98,9,7300,717100
29 FEB 2000,100.5,100.5,98,98,25,224800,22038650
28 FEB 2000,101.5,101.5,100,100,6,4400,441500
25 FEB 2000,100,101.75,100,101.75,4,10000,1005250
24 FEB 2000,105,105,98,102,16,50500,4976800
23 FEB 2000,106,106,105,105,9,2700,283600
21 FEB 2000,106,106,105,106,11,24700,2615025
18 FEB 2000,106,106,106,106,2,1900,201400
17 FEB 2000,106,106,106,106,2,300,31800
16 FEB 2000,106.25,106.25,106.25,106.25,2,200,21250
15 FEB 2000,105,106,105,105.5,11,22000,2311200
11 FEB 2000,105,105,105,105,9,2700,283500
10 FEB 2000,105,105,105,105,2,600,63000
9 FEB 2000,105,105,105,105,6,3300,346500
8 FEB 2000,105.5,105.5,105,105,3,1200,126100
7 FEB 2000,105.5,105.5,105.5,105.5,1,200,21100
3 FEB 2000,108,108,106,106,4,700,74600
2 FEB 2000,105,108,105,108,5,7500,788100
1 FEB 2000,103.25,103.25,103.25,103.25,3,50000,5162500
31 JAN 2000,105,105,103,103,11,95700,9857950
27 JAN 2000,105,105,105,105,1,1000,105000
26 JAN 2000,103,103,103,103,2,300,30900
25 JAN 2000,103,103,101,101,14,111700,11295300
24 JAN 2000,103,103,103,103,2,800,82400
19 JAN 2000,105,105,103,103,15,65800,6831400
18 JAN 2000,105,105,105,105,4,6100,640500
14 JAN 2000,101,101,101,101,2,200,20200
11 JAN 2000,102,102.5,100,100,22,18200,1824075
10 JAN 2000,102.75,102.75,102.25,102.5,13,37400,3826175
6 JAN 2000,104,104,102.25,102.25,11,49100,5024000
3 JAN 2000,110,110,110,110,2,500,55000