Date,Open,High (Rs.),Low (Rs.),Close (Rs.),Trade Volume,Share Volume,Turnover (Rs.)
12 MAY 2026,190,193.25,188,192,177,563398,108086915
11 MAY 2026,188,190.25,187,190,137,68933,13044967
8 MAY 2026,188.75,189,187,188.75,160,198663,37194511.5
7 MAY 2026,187.5,189,187,189,144,72376,13667261.25
6 MAY 2026,186.75,189,186,187.75,121,25231,4746218.25
5 MAY 2026,186,186.75,185,185.5,172,39710,7360099.75
4 MAY 2026,183,185.75,182.5,185,150,183016,33535243.25
30 APR 2026,184,184,182,183,141,931216,170915237
29 APR 2026,184.25,184.25,183,184,63,84379,15473923.5
28 APR 2026,185,185,183,183,45,24174,4426868.75
27 APR 2026,182.75,183.75,182.5,183,61,22118,4048464.5
24 APR 2026,183.5,183.75,182,183,44,16856,3085785
23 APR 2026,183.5,183.5,182.5,183,61,64480,11797885.25
22 APR 2026,182.5,183.5,182.5,183,89,143453,26253761.5
21 APR 2026,181,182.5,180.5,182,81,58186,10568142.75
20 APR 2026,179.5,181,179,180.75,78,136737,24589538.5
17 APR 2026,180.5,180.75,179,179.75,86,21697,3901313
16 APR 2026,180,180,179.75,180,81,31832,5729209
15 APR 2026,179,181,177.5,180,66,35467,6380997.5
10 APR 2026,178.25,179,177,177.5,63,8321,1480444.75
9 APR 2026,174.5,174.5,173,173,56,11341,1971087.75
8 APR 2026,174.75,175.25,172,175,95,19706,3425437
7 APR 2026,172,172,167,169.5,60,10579,1776515.25
6 APR 2026,173,173.25,167.5,169.5,107,4795268,815200558.25
2 APR 2026,168,172,167.5,170.75,87,91302,15503167.5
31 MAR 2026,167,169.5,165.25,168,54,8490,1416372.75
30 MAR 2026,170,170,166.75,167,71,7683,1289289
27 MAR 2026,172,172,169,170,43,5409,920557.5
26 MAR 2026,172.75,172.75,168,169,84,43538,7412363.75
25 MAR 2026,168,175,168,173.5,124,2654084,455203396.25
24 MAR 2026,165,171.75,164,165,192,842768,139087616.25
23 MAR 2026,165,165,162,163.5,113,35074,5710192
20 MAR 2026,161.75,166,161.75,165,58,22809,3762335.25
19 MAR 2026,165,165,162,162,137,218995,35599143.75
18 MAR 2026,162,167,161,165,104,89445,14759763
17 MAR 2026,164,168,163,163.25,149,158179,26018470.75
16 MAR 2026,164.25,165,158.5,163.75,189,31528,5089304.75
13 MAR 2026,170,170,164,165,209,2447708,401476473.5
12 MAR 2026,169.75,170,166.25,166.75,235,2729282,450449011.25
11 MAR 2026,173,175,170,170.25,123,59862,10238745.25
10 MAR 2026,170.25,174,169.75,173,83,16245,2788616.25
9 MAR 2026,174,174,160,170.25,246,73198,12153109.5
6 MAR 2026,174.75,175,172.75,173,172,18316,3183644.75
5 MAR 2026,175.5,177,173.5,174.5,203,27754,4869314.75
4 MAR 2026,176.5,176.75,174.5,175,271,95416,16761399
3 MAR 2026,181,181.75,175,176.25,388,189552,33838824
27 FEB 2026,184,184.75,182,184,83,48139,8822473.5
26 FEB 2026,183.5,184,182,183.5,50,20793,3814046.25
25 FEB 2026,182,184,180.5,181,112,508280,92324256.75
24 FEB 2026,184,184,180,182,105,32019,5826389.25
23 FEB 2026,180,184.75,180,184,103,412044,75013247.5
20 FEB 2026,183.5,183.5,180,181.25,122,45923,8324885.75
19 FEB 2026,184,185,182.25,183,93,263465,48230293
18 FEB 2026,183,183,181.75,182,106,100916,18396894
17 FEB 2026,181,182.5,181,182,122,82116,14937045.75
16 FEB 2026,182.75,182.75,180,181,75,7441,1348356.25
13 FEB 2026,181,182,179.5,180,84,213322,38392579
12 FEB 2026,181.5,182,179.5,180.25,98,35843,6450993.25
11 FEB 2026,182,182,180.5,180.5,82,403448,72898333.25
10 FEB 2026,181.25,183.75,180.75,181.75,63,56661,10309165.5
9 FEB 2026,180,184,179.75,182,108,1991938,358170533.5
6 FEB 2026,179.5,180,179,179.5,105,1021531,182863159.5
5 FEB 2026,180.75,180.75,179.5,179.5,158,109239,19660785.5
3 FEB 2026,181,183,180,180.75,108,37622,6804134.25
2 FEB 2026,184.25,184.25,180,181.25,118,36253,6582508.5
30 JAN 2026,183.5,185,183,184.25,50,29015,5336137
29 JAN 2026,186,186.5,183.25,185,108,139922,25820946.25
28 JAN 2026,186.5,186.5,185,185.25,82,23635,4396041
27 JAN 2026,186,186,184.5,185.5,115,129311,23933043.25
26 JAN 2026,181.75,186,181.75,185.25,231,855110,157799565.75
23 JAN 2026,180,184.5,179.5,181.75,90,149582,26955585.5
22 JAN 2026,181,181,179.5,179.75,98,99973,17998342.75
21 JAN 2026,181.5,183,179.25,180,202,522793,94090734.5
20 JAN 2026,183,183,180,180.5,105,303721,54772535.25
19 JAN 2026,183,183,180,180.25,169,274939,49568787.5
16 JAN 2026,180,180,179,180,140,179326,32271310.5
14 JAN 2026,178,181,176,180,167,388012,69812819.25
13 JAN 2026,176,178,174.75,175.5,245,1147284,200806231
12 JAN 2026,176.5,178,175.5,176,136,291175,51229104.5
9 JAN 2026,179.75,179.75,175,176.25,138,392690,69203463.75
8 JAN 2026,179.25,179.75,177.5,178,128,335649,59858225.5
6 JAN 2026,175.75,179,175.75,177,125,102793,18207284
5 JAN 2026,177.25,178.25,174.5,175,145,182000,31899165.75
2 JAN 2026,175,177.25,173.5,174,201,590422,102742252.25
31 DEC 2025,178,178,173.5,174,107,908754,158396758.75
30 DEC 2025,167,179.25,165.75,174,162,75366,12692373
29 DEC 2025,167,167,166.25,166.5,134,70655,11779734.75
26 DEC 2025,167,168,166.5,166.5,170,103353,17273033.75
24 DEC 2025,170,170,166,167.25,170,38174,6405843.5
23 DEC 2025,170,170,168.5,168.75,120,60648,10289374.25
22 DEC 2025,171,174,169.25,170,176,441514,74881187.25
19 DEC 2025,175,175,170,171.25,140,246556,42340852
18 DEC 2025,175,175,172,173,120,77935,13457545.5
17 DEC 2025,174.75,175,173.25,174,58,18483,3228472.25
16 DEC 2025,179.5,179.5,173.5,174,68,81531,14218739.25
15 DEC 2025,173.5,174,172,172.5,150,100303,17358187
12 DEC 2025,175,175,173.5,173.5,83,112806,19578691
11 DEC 2025,175,175,174,174,97,214738,37410424.25
10 DEC 2025,175,175,173.5,174.75,187,288240,50382645.5
9 DEC 2025,174.5,175,173,173.25,141,119201,20668292.75
8 DEC 2025,175,175,172.5,173.5,130,51304,8961612.25
5 DEC 2025,175.25,176,172.75,173.5,149,126937,22078178.5
3 DEC 2025,178,178,174,175.25,214,97602,17123170.75
2 DEC 2025,178,181.25,178,180,198,596963,107418792.25
1 DEC 2025,182,183,177.75,180.25,199,229501,41408013.75
28 NOV 2025,183,184,182,183,49,63073,11537866.25
27 NOV 2025,184,184,182.75,183,70,37710,6902232.25
26 NOV 2025,190,190,182,183.5,152,691156,126396100
25 NOV 2025,182,185.5,181,184,252,573049,104031504.75
24 NOV 2025,184.25,184.25,181.25,181.75,85,26292,4787414
21 NOV 2025,183,184.25,182.5,182.5,96,74529,13610498
20 NOV 2025,185.5,185.5,183,183,188,640316,117245409.5
19 NOV 2025,184.75,185,184,185,94,42799,7904366.75
18 NOV 2025,186,186,185,185.5,143,186848,34692630.25
17 NOV 2025,187,190,184,186,117,89588,16727757
14 NOV 2025,192,192,186.5,187.75,111,18015,3421261.75
13 NOV 2025,192,192,191,191.5,94,167401,32042486.25
12 NOV 2025,192.5,192.5,191,191.5,82,44976,8626047.25
11 NOV 2025,192.75,192.75,191,192.5,65,20431,3932206.5
10 NOV 2025,190,192.75,189,192,320,830379,159051231.25
7 NOV 2025,189.75,190,189,189.5,86,196430,37217068
6 NOV 2025,189.75,191,188,189,98,80571,15246593
4 NOV 2025,191,191,189,189.75,99,186148,35353105.25
3 NOV 2025,190,192.75,190,190,93,375785,71404329.5
31 OCT 2025,190,194.75,188,189.5,128,170412,32409191
30 OCT 2025,191,192,189,190,163,334347,63567294.25
29 OCT 2025,191,192,190.75,191.25,87,143668,27516492.25
28 OCT 2025,192,192,190.25,191,104,191168,36535715.75
27 OCT 2025,191,192,190.5,191.5,98,291868,55765187.25
24 OCT 2025,192.75,192.75,190,190.25,150,550867,105059372.5
23 OCT 2025,191.5,194.25,191,192,177,280350,53938356.25
22 OCT 2025,190.5,191.5,190.25,191,114,391361,74754808.25
21 OCT 2025,191,191,190,190.75,116,134289,25616487.5
17 OCT 2025,190,191.5,188.25,190.5,107,107643,20466722
16 OCT 2025,193,193,189.75,190,108,270086,51513652
15 OCT 2025,192.75,194.5,191,191,101,377326,72891932.75
14 OCT 2025,191.75,194,191,193,85,152758,29472035.25
13 OCT 2025,191.5,192,187,191.75,124,253234,48370439.75
10 OCT 2025,191.5,192,188.5,191.75,106,479477,91747227.25
9 OCT 2025,189.75,193,189.5,191.5,121,595860,114190545.25
8 OCT 2025,194,194,189.5,191.75,171,501166,95746189.25
7 OCT 2025,192,195,192,194,224,690038,133524521.25
3 OCT 2025,182,195.5,182,191.5,351,553107,102303950.5
2 OCT 2025,174.75,182,174.5,180.25,276,2019725,363603431.25
1 OCT 2025,171,174,171,173.5,196,573498,99463090.25
30 SEP 2025,169,172.5,167,171,215,405192,68936436.75
29 SEP 2025,165.75,169,165.25,169,187,445467,74682357.25
26 SEP 2025,165,167,165,166,341,2242836,371849636
25 SEP 2025,166,166,163.75,164.75,221,1060101,174758603
24 SEP 2025,162,166,161,163.75,72,148329,24008641.25
23 SEP 2025,162.75,162.75,161,162,70,50766,8186521.75
22 SEP 2025,162.5,162.75,161.5,162.5,28,4161,674477.75
19 SEP 2025,160,162.75,159.25,161,55,68759,11112604.25
18 SEP 2025,159,159.75,157.75,159.5,66,12354,1961335.5
17 SEP 2025,158,158,157.5,157.5,43,21969,3464851.5
16 SEP 2025,159,159,155,155.5,123,12150,1895851.75
15 SEP 2025,159,159,156.5,157,105,8125,1281190.75
12 SEP 2025,161.25,161.25,159,159,79,14935,2384852.5
11 SEP 2025,163.5,164.5,160.25,161.25,83,33618,5497006.5
10 SEP 2025,163.5,163.5,162,162.25,63,31573,5156872
9 SEP 2025,164.75,164.75,163.5,164,68,198042,32581134.75
8 SEP 2025,164.75,165.25,164.5,164.5,50,40813,6729111.75
4 SEP 2025,165.25,165.25,165,165,37,50610,8351389.5
3 SEP 2025,164,165,163.5,165,78,424002,69913869.75
2 SEP 2025,163,165,163,164.25,77,197303,32523794
1 SEP 2025,163,165,162.75,164.25,91,154225,25125605.75
29 AUG 2025,163.5,163.5,160.75,162.75,102,19176,3113455.25
28 AUG 2025,162.5,164,161,162.5,63,12299,1999950
27 AUG 2025,162.75,164.75,162,162.5,89,30398,4975434.75
26 AUG 2025,162.75,163,161.5,162,48,10907,1768658
25 AUG 2025,162,164.75,160,162,122,39203,6291715.5
22 AUG 2025,165,165,162,162.25,102,221851,36161318.5
21 AUG 2025,164,165,163.5,164,26,8448,1387141
20 AUG 2025,163,165,163,164,80,78093,12761479.5
19 AUG 2025,165,165.25,163,163.75,82,37757,6224858
18 AUG 2025,162,165.5,160,165,154,530686,86585340.5
15 AUG 2025,158,161,157.5,160,78,186440,29776775
14 AUG 2025,159,159,158,158,53,19427,3071440
13 AUG 2025,158.5,159,158,158.5,39,278118,44450011
12 AUG 2025,158.5,158.5,156.5,158,48,31598,4967078.75
11 AUG 2025,158,158.5,157.5,158.5,78,493573,78175621.5
7 AUG 2025,157,159.75,156.5,158,53,29397,4682475.25
6 AUG 2025,158.5,159,156.5,157,84,244562,38423326.75
5 AUG 2025,154.25,160,154.25,155,84,125087,19734255
4 AUG 2025,160,160,155,156.5,128,110110,17249584.5
1 AUG 2025,159,160,158,159.5,88,92536,14756601.25
31 JUL 2025,159,162,158.5,158.5,108,931228,148355027.25
30 JUL 2025,155.5,163,155,159.75,228,382245,59908070.5
29 JUL 2025,152,155.5,152,154,116,530577,81702010
28 JUL 2025,152,154,150.75,152,77,394209,59976328.25
25 JUL 2025,149.5,151.5,149,150.25,85,56367,8465898.75
24 JUL 2025,148.5,149.75,148.5,149,53,85690,12746252
23 JUL 2025,148.75,149.5,148.25,148.5,53,63215,9401749
22 JUL 2025,150,150,148,148.5,71,12599,1878313.75
21 JUL 2025,150,151,149,149.5,67,30145,4508934.5
18 JUL 2025,149.5,151,149,150,44,47878,7179244.25
17 JUL 2025,151,151,148,149.5,78,40075,5999688.25
16 JUL 2025,153,153.5,151,151.25,53,9180,1388752.5
15 JUL 2025,155,155,152,152.25,78,39709,6079794.75
14 JUL 2025,149,154,147.75,153.5,152,193218,29260284
11 JUL 2025,148,148.75,147,148,83,107542,15881998.25
9 JUL 2025,145,148.5,145,147.75,40,53172,7830887.75
8 JUL 2025,146,149,145.75,146.25,48,12353,1817319.25
7 JUL 2025,149.25,149.75,146,147,94,421575,61999113.75
4 JUL 2025,148.5,150,146,149.75,98,168909,25190221.25
3 JUL 2025,147.5,148,145,147.5,83,85696,12610142.5
2 JUL 2025,147,148,147,147.5,59,28949,4270279.75
1 JUL 2025,146.5,147,146.5,147,34,15868,2326606
30 JUN 2025,146.5,146.5,146,146.5,50,20149,2947997.5
27 JUN 2025,146,147,145,146,64,92262,13471440
26 JUN 2025,145.75,146,145,146,90,186937,27149054.25
25 JUN 2025,144,146,144,145.75,133,428196,62064841.5
24 JUN 2025,141,144.5,141,143.75,109,195164,27938305
23 JUN 2025,140,142,139.25,139.25,136,255740,35794330.5
20 JUN 2025,144.25,144.25,142,142.5,31,17659,2516961
19 JUN 2025,142.75,144,142,142,124,283469,40255808.5
18 JUN 2025,142.5,144.5,142.5,143.25,100,159104,22874973.5
17 JUN 2025,141.5,145.75,141.5,144.25,83,472862,68531633.25
16 JUN 2025,141,145,135,143.75,133,326455,46741663.25
13 JUN 2025,144,144,140,143,147,182678,26084843.25
12 JUN 2025,146,146.5,144.75,146,93,80994,11809638.25
11 JUN 2025,146,146.5,145,146,123,308194,44988245.25
9 JUN 2025,146,146,144.25,144.5,77,8483,1227844.25
6 JUN 2025,145.5,146.5,145,145.5,87,307874,44892223
5 JUN 2025,145.5,147,145.25,145.5,93,104926,15292284.25
4 JUN 2025,147,148,145,145.75,80,36608,5391278.75
3 JUN 2025,146,147.5,145,146.5,131,294038,42924619
2 JUN 2025,149,149,146,146.25,137,179209,26381476
30 MAY 2025,148,149,145.5,148.5,101,321232,47680118.75
29 MAY 2025,147.5,148.5,145.75,147.5,51,68042,10052068
28 MAY 2025,148,148.75,145.25,147,75,260625,38574810.75
27 MAY 2025,145,148,145,147.25,80,1246848,184223605.25
26 MAY 2025,146,146,143.25,145,56,178473,25870694.5
23 MAY 2025,145,147,144.5,145,69,858674,124511538.75
22 MAY 2025,140,148,140,144.5,95,117821,16810951.5
21 MAY 2025,140,140.5,140,140.25,53,45533,6374895.25
20 MAY 2025,141,141,140,140.25,86,132721,18584411.25
19 MAY 2025,141.25,142,140.75,140.75,103,32839,4638859.75
16 MAY 2025,141,143,140,140.5,100,269297,37749292.5
15 MAY 2025,137.75,141,137.75,140.25,97,879248,122063333
14 MAY 2025,135,138.5,134,136.25,54,18125,2447457.75
9 MAY 2025,134.75,135,134.75,135,36,16323,2201068.75
8 MAY 2025,134,134.75,133,134,50,374534,50185164.75
7 MAY 2025,134,134,133,133,33,15261,2031924.5
6 MAY 2025,132,134,132,134,21,10873,1445184.5
5 MAY 2025,132.25,132.75,132,132,51,357114,47392477.75
2 MAY 2025,131.5,132.75,131.25,132.5,34,211066,27860150.5
30 APR 2025,128.25,132.25,128,131.5,56,354870,46257564
29 APR 2025,129,131,128,128.25,47,134425,17465437.25
28 APR 2025,129,129,128.5,129,32,14012,1805965.5
25 APR 2025,128,128.5,127.5,128.5,27,12743,1634608.5
24 APR 2025,126.5,127.5,126.5,127.5,9,726,92422
23 APR 2025,128.5,128.5,126,126.5,25,4908,624859.75
22 APR 2025,128,128.5,126,127.5,45,53285,6719166.25
21 APR 2025,128.25,128.5,126.25,127.5,53,13916,1774876.25
17 APR 2025,129,129,126,128,43,21894,2791792.5
16 APR 2025,129,129,128.5,129,37,11733,1511133.75
11 APR 2025,129,129,126.5,128.25,16,1017,129661.5
10 APR 2025,125,140,125,129,121,419792,54726013.25
9 APR 2025,123.25,125.75,123,123.5,39,34937,4317915
8 APR 2025,120.25,125.75,120.25,124,73,61770,7631623.75
7 APR 2025,125.25,125.25,117.5,120.25,213,193429,23280199.75
4 APR 2025,128,128,125.25,127.5,68,60774,7699711.5
3 APR 2025,132,132,127,128.25,67,29990,3851298
2 APR 2025,134,135,132.5,132.5,71,412727,55105463.25
1 APR 2025,129.5,132.5,129,132.25,44,48941,6413193
28 MAR 2025,129.75,129.75,125,127,39,12631,1592220
27 MAR 2025,129.75,129.75,127,129.25,20,5147,658445.25
26 MAR 2025,129.75,130,126,128.75,23,4928,625187
25 MAR 2025,128,128,127,128,9,650,83120
24 MAR 2025,130,130,127,127,35,411417,52259100.5
21 MAR 2025,125,130,125,128.25,24,14172,1816398
20 MAR 2025,125,127,125,127,18,16504,2088408
19 MAR 2025,123,126,123,124.75,22,12191,1511404.75
18 MAR 2025,125,125,123,123,91,75666,9310420
17 MAR 2025,129.5,129.5,125,125,67,33177,4156083.5
14 MAR 2025,129,130,129,129.25,8,1048,135254
12 MAR 2025,128,129,127,128.5,27,142510,18245447.25
11 MAR 2025,129.25,129.25,127,128,87,619082,79690700.25
10 MAR 2025,130.75,130.75,128,129.25,45,107279,13892420.5
7 MAR 2025,132,132,128,130.5,72,582212,75462507.5
6 MAR 2025,130,131.5,128,128,35,7691,986741.75
5 MAR 2025,128,131.25,127.75,130,21,35578,4620327.5
4 MAR 2025,129,129,127,128,49,425350,54423985.75
3 MAR 2025,134.75,134.75,129,129,97,125597,16212550
28 FEB 2025,132.75,134,132,133,100,323717,42890114.25
27 FEB 2025,134.75,135,131.5,133.25,64,51646,6882367.75
25 FEB 2025,140,140,135,135,163,466483,64205356.75
24 FEB 2025,140,140,138,138.5,121,292902,40669939
21 FEB 2025,139,140,139,139.5,87,224247,31354614.5
20 FEB 2025,140,141,135.25,137.5,61,118959,16582134
19 FEB 2025,141.75,142,139.5,140,157,240888,33753223.5
18 FEB 2025,140,143,138,140.25,145,887530,124376897.75
17 FEB 2025,134.5,140,129,135.75,106,670698,93436765.5
14 FEB 2025,127.75,134.25,127.25,131.75,144,1367215,179004055.25
13 FEB 2025,126.25,127,126.25,127,34,102827,13058305.75
11 FEB 2025,130,130,125.25,127,84,408358,51865373.5
10 FEB 2025,130.25,131,129,129.5,63,876835,114132331.25
7 FEB 2025,126,130.25,125,130,141,1128214,144237207.5
6 FEB 2025,124,126.75,123,125,176,1154854,143829420
5 FEB 2025,127.5,127.5,124,124.5,187,430199,54209532.75
3 FEB 2025,130.5,133.75,126.25,130,102,73686,9603330.75
31 JAN 2025,134,134,131,131,50,258157,34225925.5
30 JAN 2025,133,135,131.5,132,71,217601,28743440.25
29 JAN 2025,137,137,133,133,114,181341,24351710.5
28 JAN 2025,137,137,135,137,98,76501,10458787.75
27 JAN 2025,128,140,128,137.25,294,1320529,173137420
24 JAN 2025,124.5,129.75,123.5,128,171,5940060,744484393.75
23 JAN 2025,124,124.75,121.5,123.5,159,4839005,597473383.75
22 JAN 2025,124.25,124.5,121,124,40,40276,4949248
21 JAN 2025,121.75,124,121,123.5,73,129743,15857356.75
20 JAN 2025,121,122.5,120.5,121.5,56,165127,20066153
17 JAN 2025,122,123,120.25,121,119,1787263,216305380.25
16 JAN 2025,122.5,123.5,122,122.25,44,120432,14807691.75
15 JAN 2025,122,122.5,121.75,122,23,5728,699005.25
10 JAN 2025,122.25,123,120,122,76,253813,31127151.5
9 JAN 2025,125,125,122,122.75,73,580164,72207266.25
8 JAN 2025,123.5,127,123,125,103,434709,54342488.75
7 JAN 2025,120.5,124,118,123,202,592970,72682505.25
6 JAN 2025,123,125,120.5,123,515,1418439,174188493.25
3 JAN 2025,126.5,127,122,123,160,612859,76312101.5
2 JAN 2025,123,128,122,126.25,248,1269583,159724235.5
31 DEC 2024,122,125,120.5,123,111,230273,28280585.5
30 DEC 2024,120,124,120,122.5,133,227679,27706225.5
27 DEC 2024,118.75,120.5,117.5,120,153,396662,47419022
26 DEC 2024,118.75,118.75,117.75,118,117,277625,32768533
24 DEC 2024,118,118.25,117.25,118,101,173263,20433882.25
23 DEC 2024,115.75,118.75,115,118,139,175985,20665275
20 DEC 2024,113.75,117,113.75,115.75,127,301178,34822101.75
19 DEC 2024,113.5,114,113.5,113.75,80,533595,60737443.75
18 DEC 2024,113.75,113.75,113,113.5,125,1070818,121488009.5
17 DEC 2024,113.75,114,112.5,113.25,142,328863,37180279
16 DEC 2024,113,114,112,113,192,767056,86943692.5
13 DEC 2024,109.5,112.75,109.5,112.25,238,1411076,157519338.75
12 DEC 2024,107.75,109.5,107,108.25,87,155692,16927593.25
11 DEC 2024,106,108.25,106,108,123,1472463,158981876.5
10 DEC 2024,107,107,103.25,105.75,89,112142,11840058.25
9 DEC 2024,106,107.5,106,106.5,72,419202,44850073.25
6 DEC 2024,106,107,105,106,173,2812265,298354068
5 DEC 2024,104.75,107,104.75,106,96,137675,14589687.25
4 DEC 2024,105,106,104,104.5,83,31981,3342946.5
3 DEC 2024,104,105.5,104,105,41,55895,5870281.25
2 DEC 2024,105,105.5,104,104.5,47,13786,1446314.5
29 NOV 2024,105.25,106,104.25,104.5,40,30940,3240913
28 NOV 2024,104.25,107,104.25,105.5,26,6619,700783.25
27 NOV 2024,108,108,103.25,106.5,70,17848,1859085.25
26 NOV 2024,107,109.5,107,108.25,60,45170,4911244.5
25 NOV 2024,109.5,109.5,106.75,107.5,76,64553,6941058.25
22 NOV 2024,106.5,110,106.5,109,46,143956,15576488
21 NOV 2024,108.5,108.5,106.5,108,76,379427,40965779
20 NOV 2024,109.25,110,107,109,62,116014,12641830.25
19 NOV 2024,109,110,109,109.5,204,3882323,423557071
18 NOV 2024,110,112.5,108.75,109,145,343209,37697436.5
14 NOV 2024,107.25,110,107.25,108,145,845638,91240301.25
13 NOV 2024,105.5,107.5,105,107.25,121,641072,68342003.5
12 NOV 2024,104,105.5,103.5,105.25,111,405156,42452452.5
11 NOV 2024,103,104.5,100,104,142,296279,30613065.25
8 NOV 2024,102.5,103,100,101.75,60,40371,4123204.5
7 NOV 2024,99.9,103.5,99.9,101.75,104,281749,28564853.25
6 NOV 2024,101,102,99.5,100.5,118,126611,12691712
5 NOV 2024,105,105,100,101.5,152,411057,42485261.75
4 NOV 2024,99.6,105,99.5,104.5,400,1183328,121737120.45
1 NOV 2024,96,99.7,96,99.3,184,246756,24362546.9
30 OCT 2024,93,96.2,93,95.9,220,452785,43014825.7
29 OCT 2024,92,93.3,92,93.1,171,378552,34982920.7
28 OCT 2024,90.8,91.5,90.8,91.4,57,48510,4417174.1
25 OCT 2024,90.5,91.5,90.1,90.3,94,130521,11877382.1
24 OCT 2024,90,90.5,90,90.4,35,199688,17979933.7
23 OCT 2024,90.4,90.4,89.6,90,72,165947,14912356.5
22 OCT 2024,90.2,90.4,89.5,90,94,445929,40129704.4
21 OCT 2024,89.9,90.5,89,90,130,352074,31671334.4
18 OCT 2024,90.1,90.3,89.5,90,46,45851,4126584.6
16 OCT 2024,90.1,90.5,89.9,90,48,72915,6574289.9
15 OCT 2024,88.5,90.5,88.5,90,182,529666,47647363.1
14 OCT 2024,89,89.4,88,89,46,59633,5302703.7
11 OCT 2024,88.4,89.5,88.2,89,81,298382,26533869.6
10 OCT 2024,88.5,88.5,87.2,88.5,58,105662,9307060.6
9 OCT 2024,87.1,88.6,87,88.5,89,174020,15321017
8 OCT 2024,88,88.1,86.9,87.2,38,11379,993699
7 OCT 2024,87,88.2,86.8,88,59,93672,8174913.3
4 OCT 2024,85,87,85,86.4,55,78270,6715195.6
3 OCT 2024,85,86,84.5,85.1,33,20657,1756926.5
2 OCT 2024,85.4,85.5,85,85.1,49,106560,9072436.5
1 OCT 2024,85,85.8,84.4,85.4,74,261316,22221115
30 SEP 2024,84.5,85.4,83.6,85,105,249112,21163622.5
27 SEP 2024,85.4,85.4,82,84,67,48251,4035301.8
26 SEP 2024,85.5,87,85,85.4,107,224637,19461475.3
25 SEP 2024,84.5,85.3,83,85,105,131892,11212642
24 SEP 2024,83,85,80,84.7,81,57922,4852865.9
23 SEP 2024,78,85,76.9,81,54,23036,1850445.2
20 SEP 2024,80,81.2,77,79.3,67,30076,2336163
19 SEP 2024,77.4,81.5,76.5,78,51,38377,3009478.5
18 SEP 2024,77.4,77.4,75.5,75.9,125,196089,14912884.4
13 SEP 2024,76,76,75.2,75.4,38,35117,2657722
12 SEP 2024,75.9,76.9,74.4,75,81,60214,4517712
11 SEP 2024,77.5,77.5,75,75.1,22,6057,461240.6
10 SEP 2024,75,77.1,74.3,74.7,64,59670,4460790.6
9 SEP 2024,76,76,74.5,74.9,101,49323,3692004.3
6 SEP 2024,75,76.5,74.6,75.7,25,1096,82798.9
5 SEP 2024,77.3,77.3,75,75.4,92,28862,2195970.6
4 SEP 2024,75,77,74.9,76.3,42,175316,13180784.5
3 SEP 2024,75,75,73.6,74,112,478435,35405578.4
2 SEP 2024,75.1,77.5,74.8,75,68,18955,1421683.8
30 AUG 2024,77,77.8,74.7,75,96,59063,4433017.9
29 AUG 2024,79.5,79.5,75,75.1,123,186769,14019190.2
28 AUG 2024,78,78,75.2,75.7,161,700433,53194481.8
27 AUG 2024,80.8,80.8,77.9,78.1,112,42123,3310409.7
26 AUG 2024,81,81,80,80.1,78,512213,41479620.5
23 AUG 2024,81.9,81.9,81,81.5,34,121565,9947149.7
22 AUG 2024,81.9,82,81.9,81.9,18,211306,17325588.8
21 AUG 2024,83,83,81.5,81.7,21,617294,50615889.6
20 AUG 2024,82,82.5,81.3,81.9,15,309031,25344720.5
16 AUG 2024,82.5,83,81,82,38,293423,23787450
15 AUG 2024,81.9,82.5,81,81.1,103,1174461,95165143.6
14 AUG 2024,81,81.5,80,80.2,59,1159065,93880823.5
13 AUG 2024,81,81,80,80.7,33,27890,2254369.1
12 AUG 2024,79.5,80.5,79.5,80.1,9,2521,201919.5
9 AUG 2024,80,80,78.5,79.1,46,83008,6565717.5
8 AUG 2024,80.9,80.9,79,79.1,40,14156,1123498.2
7 AUG 2024,80.9,80.9,79.9,80,13,6455,516350.9
6 AUG 2024,80,80.4,78.5,79.2,34,8847,702271.5
5 AUG 2024,80.8,81,79,79,76,607970,48036164.1
2 AUG 2024,80.2,80.9,80,80.8,68,372277,29789797.7
1 AUG 2024,80.1,81.1,80.1,80.6,54,208950,16868104.6
31 JUL 2024,81.9,81.9,80.1,80.8,67,27694,2243473.6
30 JUL 2024,81.9,81.9,81.7,81.9,15,5433,443960.7
29 JUL 2024,82,82,81.7,81.8,32,12321,1006648.9
26 JUL 2024,82.9,82.9,81.7,81.7,30,127227,10432395.3
25 JUL 2024,82.6,83,81.6,81.8,20,2330,190649.4
24 JUL 2024,82.5,83.5,82.5,83,21,50217,4167530
23 JUL 2024,82.5,83.5,82,83,34,87177,7199221.7
22 JUL 2024,84.3,84.3,80,80.8,85,79976,6475495.3
19 JUL 2024,84.1,84.1,84,84.1,15,17535,1474429.1
18 JUL 2024,85.8,85.9,84,84,27,7751,659753.2
17 JUL 2024,86,86,84.1,86,5,510,43858.1
16 JUL 2024,85.9,86,84.1,85,28,475360,40416458.2
15 JUL 2024,85.5,85.5,85,85.4,22,5860,500434.6
12 JUL 2024,85,85.5,83.1,85,58,1229025,104462650.1
11 JUL 2024,82.5,85,82.5,85,59,183942,15553048.4
10 JUL 2024,81,82.5,80.5,81.9,33,43579,3525675.5
9 JUL 2024,80,81,79.4,79.6,97,70893,5641537.6
8 JUL 2024,81.5,81.5,79.9,80,122,147030,11805575.1
5 JUL 2024,81.9,81.9,80.5,80.9,75,69243,5606623
4 JUL 2024,83,83.1,80.1,81,106,41871,3437425.9
3 JUL 2024,84,84,82.8,82.8,63,17831,1484682.7
2 JUL 2024,85,85,83.8,84,67,7329,618964.1
1 JUL 2024,85,85,84.9,84.9,51,24884,2114913.7
28 JUN 2024,86.2,86.6,84.9,85,90,31017,2640021.8
27 JUN 2024,86,86.2,86,86.2,28,9380,806963.6
26 JUN 2024,87,87.2,86,86,57,23330,2026562.1
25 JUN 2024,87.2,87.5,86.9,87.1,44,5844,509218.9
24 JUN 2024,87.5,88,87.1,87.4,26,721362,62765282.1
20 JUN 2024,87.5,88,87,87.1,35,2238549,194760646.9
19 JUN 2024,87.5,88,87,87,75,1352116,117650702.4
18 JUN 2024,87.1,88,87.1,88,38,52132,4572405.7
14 JUN 2024,88,88,87.2,87.3,86,99478,8711495.4
13 JUN 2024,86.9,88,86.9,87.9,34,48624,4245251.1
12 JUN 2024,88,88,87,87,49,20403,1779811.4
11 JUN 2024,87.6,88,87.5,87.5,60,79097,6926263.7
11 JUN 2024,87.6,88,87.5,87.5,60,79097,6926263.7
10 JUN 2024,87.8,88,87.2,87.9,52,63881,5602637.6
7 JUN 2024,88.5,88.5,87.8,87.9,26,28519,2506857.5
6 JUN 2024,88,88.5,88,88,24,28575,2516716
5 JUN 2024,87.7,88,87.7,88,5,556,48903.7
4 JUN 2024,87,88.5,86,87.5,34,118945,10420230.4
3 JUN 2024,88,88,85,85.9,99,45452,3936074.3
31 MAY 2024,88.5,90,87.9,88,65,1020462,89806971.9
30 MAY 2024,87.6,90,87.6,88.8,25,1367594,120359152.2
29 MAY 2024,89.1,89.1,88,89,35,17318,1541176.4
28 MAY 2024,89,89.5,88.9,89,21,16708,1487007.5
27 MAY 2024,90,90,89,89.1,30,15559,1388855.8
22 MAY 2024,89.8,90,89.7,89.7,14,16278,1463547
21 MAY 2024,89.2,89.2,88.5,88.9,21,10801,957614.9
20 MAY 2024,90,90,88.5,89.2,39,9994,888561.3
17 MAY 2024,90,90,89.5,89.5,15,11451,1024952.5
16 MAY 2024,90,90,89.2,89.5,36,152601,13658550.3
15 MAY 2024,91.1,91.4,89.6,90,42,120713,10868146.7
14 MAY 2024,91.9,92,91,91,34,24147,2205874.7
13 MAY 2024,92,92,91.8,92,29,6941,638387
10 MAY 2024,92.3,92.3,91.8,92.1,30,177585,16338368.7
9 MAY 2024,92,92.4,91,91.6,25,81062,7377684.9
8 MAY 2024,92.1,92.1,91,91.2,31,9184,839357.6
7 MAY 2024,92.7,92.7,92,92.5,45,408818,37809814.3
6 MAY 2024,92.5,93,90.6,92,34,11868,1093183.1
3 MAY 2024,91.1,92.5,90.2,92.3,58,89325,8222435.8
2 MAY 2024,91,93,91,92,61,83304,7679461.1
30 APR 2024,92,92,91,91.9,33,256763,23482610
29 APR 2024,90,92.5,89,91.8,65,58338,5306879.6
26 APR 2024,88.8,90,88,90,39,123149,10882812.4
25 APR 2024,88.2,90,87.9,89.8,33,450296,39640833.3
24 APR 2024,89.9,89.9,88,88.2,48,247875,21842889.9
22 APR 2024,89.9,90,88.8,89.2,43,28806,2566965.1
19 APR 2024,87.8,90,87.8,88.1,23,12020,1059785.7
18 APR 2024,88,89.5,85,89.5,55,12130,1061419.1
17 APR 2024,89.5,89.5,87.5,89,48,14462,1279853.4
16 APR 2024,91.7,91.7,89.4,90,67,118221,10700032.4
15 APR 2024,92.7,93.3,91.7,92,85,3924894,354095390.3
10 APR 2024,92,93.7,91.1,92.5,58,46374,4274799.7
9 APR 2024,92.5,92.5,89.2,91.7,57,107217,9698340
8 APR 2024,92,92.9,92,92.5,61,95861,8821278.4
5 APR 2024,91.8,92.4,90,91.9,60,149603,13753657.4
4 APR 2024,90,92.5,88.5,91.1,130,3689064,332357068.4
3 APR 2024,88.5,90.5,88,90,45,276532,24864724.7
2 APR 2024,88,89.4,88,88,48,75989,6690637.7
1 APR 2024,88,89,88,89,86,156084,13875077.1
28 MAR 2024,87,88,87,88,27,36888,3229574.7
27 MAR 2024,87.1,87.4,86,87,53,27284,2365258.8
26 MAR 2024,86.8,87.4,86.8,87.1,22,7381,643036.9
25 MAR 2024,87,87.5,86.7,87.1,23,63615,5534859
22 MAR 2024,87.5,87.5,87.1,87.1,34,15360,1338158.2
21 MAR 2024,88,88,87.1,87.2,23,37425,3274109.7
20 MAR 2024,88,88.5,87.7,88,45,110929,9761740
19 MAR 2024,89.6,89.6,87.5,88.5,27,45790,4028992.4
18 MAR 2024,90,90,87.5,89.7,29,20693,1855997.7
15 MAR 2024,87.9,90,87.5,89.7,80,192626,17045141.3
14 MAR 2024,86.6,88,86.6,87.8,39,33428,2921809.6
13 MAR 2024,85.9,88,85.9,88,26,14540,1256626.8
12 MAR 2024,86,86,85,85.9,50,25507,2174949.7
11 MAR 2024,87,87,86,86,51,54046,4681140.3
7 MAR 2024,87,87,86.5,86.8,69,108628,9426039.7
6 MAR 2024,87,87.5,86.6,86.8,32,67209,5846385.6
5 MAR 2024,86.8,88.5,86.8,87.5,35,202464,17716734.8
4 MAR 2024,89,89.8,88.1,89.1,26,4530,403370.7
1 MAR 2024,88.9,90,88.9,89.5,60,1506610,135511935.9
29 FEB 2024,87.7,88.5,87.7,88,27,162309,14283097.3
28 FEB 2024,89.9,89.9,88,88,18,12405,1091891.1
27 FEB 2024,88.9,89.5,88.9,89.3,25,15092,1347162.5
26 FEB 2024,89.3,90,88.5,88.8,67,5271849,474443847.1
22 FEB 2024,90,90,88,88.9,37,61619,5463358
21 FEB 2024,87,90.5,87,89.6,154,562880,50175907.2
20 FEB 2024,84,87,83.3,86.8,99,119422,10270152.4
19 FEB 2024,83,84.4,80.5,83.9,26,43292,3571402.5
16 FEB 2024,82.6,82.6,75.2,82,84,96916,7828498.5
15 FEB 2024,83.7,84.4,82.5,82.8,30,92707,7673007.1
14 FEB 2024,84.4,84.4,82,83.8,35,131244,10781806.6
13 FEB 2024,84.5,84.5,83.5,84,19,19769,1664744.7
12 FEB 2024,83,84.9,82.2,84.5,38,22512,1896552.1
9 FEB 2024,84,84.8,83,83.4,36,52793,4433690.3
8 FEB 2024,85,85,83,84,51,1056293,88524038.4
7 FEB 2024,83.9,84,83.3,83.5,25,16965,1417283.6
6 FEB 2024,82,85,82,84.2,32,42921,3586608.1
2 FEB 2024,82,82,81.1,82,22,11675,955368.6
1 FEB 2024,82,83,81,82,23,8301,680883
31 JAN 2024,82,82,80.5,81.1,32,177882,14374736
30 JAN 2024,82,82,80.1,80.6,46,205000,16424508
29 JAN 2024,82,82,80,80.1,41,175261,14025534
26 JAN 2024,81.4,81.8,81.4,81.8,14,5149,420831.6
24 JAN 2024,80.8,81,80,80,56,144086,11631802.2
23 JAN 2024,81,81.5,81,81,28,5565,451178.8
22 JAN 2024,81.3,81.5,80.8,81,35,276550,22411183.9
19 JAN 2024,82.9,84,80.5,81.1,136,300871,24646210.4
18 JAN 2024,84.5,85,82.5,83.7,56,34001,2848353.8
17 JAN 2024,87,87,84,85,35,10542,888479.8
16 JAN 2024,88.2,89.4,84.7,85,106,2675942,227475753.1
12 JAN 2024,88.2,89.8,88.2,88.2,19,8308,732787.3
11 JAN 2024,89.9,89.9,87.6,89.5,40,31781,2814663.3
10 JAN 2024,91.2,91.5,87,87.6,88,34158,3043889
9 JAN 2024,92,92.5,91.3,91.5,30,7068,651389.7
8 JAN 2024,93,94,92,92.5,128,1024473,96128552.1
5 JAN 2024,92.5,93.7,92,92.9,228,840816,77768442.2
4 JAN 2024,91,92.5,88.5,92.2,167,505451,46561926
3 JAN 2024,86,92.5,86,91,339,691987,62617515.7
2 JAN 2024,85,86,84.3,85.9,33,22937,1954213
29 DEC 2023,84.6,84.8,84.1,84.3,11,15154,1279996.4
28 DEC 2023,85,86,84,84.6,23,2745,231883.8
27 DEC 2023,84.4,85,84.4,84.6,22,410872,34740020.8
22 DEC 2023,85,85,84.4,84.5,12,12017,1015582.2
21 DEC 2023,84.2,85,84,84.5,47,281605,23698342.6
20 DEC 2023,85,85.1,84,84.3,66,79729,6749330.4
19 DEC 2023,86,86.9,84.3,84.8,84,47615,4054298.7
18 DEC 2023,89,89,85.2,86.3,51,18512,1603214.2
15 DEC 2023,88.5,89.2,88.5,88.8,44,29226,2599186.2
14 DEC 2023,89,89.5,88.3,89.4,107,177910,15884399.7
13 DEC 2023,90,90,86.1,89.3,205,3105444,279020045.4
12 DEC 2023,85.1,90,85,89.3,213,851769,74094387.6
11 DEC 2023,84,85.3,84,85.1,66,52700,4481715.8
8 DEC 2023,82,85.5,81,84.8,93,174789,14804362.8
7 DEC 2023,81.5,82.5,80.5,82.1,28,316673,25943943.8
6 DEC 2023,79.4,81,79.4,80.5,31,42793,3453757.9
5 DEC 2023,80.4,80.4,79.5,80,37,231897,18548702
4 DEC 2023,80.2,80.5,79.6,80.2,59,347327,27798129
1 DEC 2023,79.7,80,79.2,79.5,42,34615,2761568.5
30 NOV 2023,79.4,79.5,78.1,79.4,25,10062,797947.7
29 NOV 2023,77.5,79,77.5,78.1,39,12728,994423.5
28 NOV 2023,77.5,77.8,77,77.7,48,82709,6415632.5
27 NOV 2023,77.9,77.9,77,77.5,31,1118386,86672112.2
24 NOV 2023,77.9,77.9,77,77.2,33,15662,1211775.3
23 NOV 2023,76.5,77.9,76.5,77.5,36,4556388,364469439.3
22 NOV 2023,77,77.5,75.2,75.6,76,341122,25790867
21 NOV 2023,77.9,77.9,76.2,76.4,41,7728,595723.6
20 NOV 2023,80,80,77.5,78,71,170728,13360200.9
17 NOV 2023,79.8,80.9,78,78.7,147,1676891,130954290.4
16 NOV 2023,78,79.8,76.1,77.8,59,72090,5569179.2
15 NOV 2023,80,80,77.9,78,54,89942,7092916.9
14 NOV 2023,80,83.9,77.5,77.8,181,181008,14285701
13 NOV 2023,85.9,85.9,83,83.8,75,190455,15974419.3
10 NOV 2023,86.5,86.5,83.8,84.2,34,6805,574323.7
9 NOV 2023,87,87,84.5,85,60,69385,5946748.9
8 NOV 2023,84.3,87.5,84.3,87,114,293199,25280213.7
7 NOV 2023,82.5,84.2,82.5,83.2,62,197710,16356054.9
6 NOV 2023,80,83.2,80,82.5,142,874095,72111694.4
3 NOV 2023,78.3,78.9,78.1,78.5,20,19072,1496840.2
2 NOV 2023,78.5,79,78,78.2,37,76834,5997801.5
1 NOV 2023,78,79,78,79,16,1506863,120541740.2
31 OCT 2023,78.5,78.5,77.1,78,37,130185,10141450.1
30 OCT 2023,79,79.2,77,78.7,27,168322,12979822.6
27 OCT 2023,77.9,79,76.2,77,26,107879,8308963.4
26 OCT 2023,76.7,79.4,75.8,76.5,42,114109,8723641.8
25 OCT 2023,79.4,79.4,76.7,77,37,484965,37342342.5
24 OCT 2023,78.3,79.5,78,78.9,33,168779,13328274.6
23 OCT 2023,81,81,77,79.8,33,274685,21959804.9
20 OCT 2023,76,80,75.5,79.2,62,188746,14921732.2
19 OCT 2023,77.5,77.8,73.3,75.2,68,203406,15240311.3
18 OCT 2023,77.9,77.9,75,75,82,125137,9595227.1
17 OCT 2023,80,80,77.5,77.9,56,103100,8092085.6
16 OCT 2023,81.8,81.8,78.5,78.6,42,287842,22618379.9
13 OCT 2023,79.9,82,79,80,21,22607,1806013.9
12 OCT 2023,79,82.3,79,80,15,3358,268570.2
11 OCT 2023,80,80,78.2,78.3,39,85033,6680662.2
10 OCT 2023,80,82,80,80,43,78770,6320714.5
9 OCT 2023,82,82,77,80,86,52378,4159984.4
6 OCT 2023,83,83.1,82,82.2,40,7441,612697.2
5 OCT 2023,83,85,82.3,83,24,27537,2304421.7
4 OCT 2023,83,84,82,83.3,46,314907,25831968.5
3 OCT 2023,85,85,82.2,83,28,44060,3655668.3
2 OCT 2023,86.9,86.9,82,85,47,13150,1103284.3
27 SEP 2023,87,87,85.8,86.1,37,914569,78660313
26 SEP 2023,86.2,87.4,86.2,86.7,55,25937,2256978.7
25 SEP 2023,86.1,87.1,86,86.6,39,14743,1275031.6
22 SEP 2023,85.2,86.3,85.1,86,66,2379240,204613723.3
21 SEP 2023,86.4,87.1,85.1,85.2,36,34570,2971169.4
20 SEP 2023,87,88,86.9,87,68,2854885,249490009.1
19 SEP 2023,87,87.2,86.5,86.9,78,2357972,205097903
18 SEP 2023,87.2,87.9,86.7,86.9,69,138150,12040342
15 SEP 2023,87.2,88.1,86.1,87,61,130066,11433029
14 SEP 2023,87.6,89,87.1,88.3,298,773284,68465095.3
13 SEP 2023,83,87.7,83,87.5,293,3522996,303064490.4
12 SEP 2023,84,84.2,82.1,82.8,72,63027,5263309.3
11 SEP 2023,84.6,84.6,83.5,84,70,172792,14518239.3
8 SEP 2023,80.2,85,80.2,84.1,112,57501,4785820.2
7 SEP 2023,80.4,81,80,80,104,476573,38305490.2
6 SEP 2023,81,81,80,80.1,75,333420,26770370.3
5 SEP 2023,80.3,81.9,80,80.1,161,940532,75324743.4
4 SEP 2023,80,81,78.5,80.3,90,344430,27557205
1 SEP 2023,79.8,79.9,78.3,78.6,36,313089,24583291.4
31 AUG 2023,80,80,78,78.5,94,244883,19208212.1
29 AUG 2023,80.9,80.9,79.7,80,39,16691,1335101.7
28 AUG 2023,80,80.9,78.8,80,78,508138,40665652.7
25 AUG 2023,78.2,80.9,78.2,80.1,69,139318,11018193.2
24 AUG 2023,78.1,80,78,78.4,51,1076583,85055711.8
23 AUG 2023,78.1,80,76.6,79.6,114,953843,74651318.1
22 AUG 2023,80,81,78,79,85,910906,72018270.6
21 AUG 2023,80.5,81,77.5,79.5,102,2066096,164312600.9
18 AUG 2023,79,80.9,79,80,89,2647030,218513247.5
17 AUG 2023,82.6,82.8,79.1,79.8,135,1404855,113116882.4
16 AUG 2023,81.1,82.5,78.1,82,215,2788206,240986899.4
15 AUG 2023,84.4,85,81.1,82.9,123,277427,23070172.9
14 AUG 2023,86,86.6,85,85.5,227,1384639,118425492.6
11 AUG 2023,86.4,86.5,85,85.7,193,8744993,748903366.6
10 AUG 2023,86,87,86,86.4,120,231233,20038409
9 AUG 2023,83.6,86.8,83.6,86.3,292,2623278,223116387.5
8 AUG 2023,84.8,85,82.5,84.2,107,237337,20052285
7 AUG 2023,82,86.5,82,84.8,284,375355,31842342.7
4 AUG 2023,81.9,84,81,82.2,201,434537,35912713.1
3 AUG 2023,78.5,82,78.5,82,387,1390720,111668236.8
2 AUG 2023,78.1,78.8,77,78.6,114,345726,27047176.4
31 JUL 2023,77.7,78.2,75.6,78,141,316631,24505302.1
28 JUL 2023,78,80,77.7,78,157,461392,36212641.4
27 JUL 2023,73,78.4,72.4,77.8,225,1037652,78488011.3
26 JUL 2023,74.7,74.8,73,73.9,81,127519,9443636.9
25 JUL 2023,75.8,75.8,72.3,75,124,405181,30304856.7
24 JUL 2023,75.5,77,75.5,76.3,225,2146915,164167121.5
21 JUL 2023,75,76.5,74,76,166,265112,20038697.1
20 JUL 2023,72.5,76,72.5,75,489,1873413,140491457.1
19 JUL 2023,71,72.5,70.5,72.2,210,556519,39654542.2
18 JUL 2023,70,71.1,69.5,70.7,207,1001948,70566736.2
17 JUL 2023,70.5,70.8,69.2,69.9,113,358652,25100559.2
14 JUL 2023,70.5,70.5,68.8,69.8,162,788051,54899820.7
13 JUL 2023,70.9,71,70,70,129,341377,24023100.9
12 JUL 2023,69.7,71.7,69,70.4,306,873586,61595261.9
11 JUL 2023,69.9,69.9,67.5,69.1,149,2773099,190020146.6
10 JUL 2023,70,70.5,68,69.8,428,3393616,236605220.4
7 JUL 2023,65,69.8,65,69.2,570,1983300,134525887.1
6 JUL 2023,64,65.3,63.9,65.1,245,734581,47543924.6
5 JUL 2023,63,65.4,63,64.1,338,1257523,81042470
4 JUL 2023,61,64.5,60,63.4,436,7613029,485914567.8
28 JUN 2023,57,58.7,56.8,58.5,97,259646,15182493.7
27 JUN 2023,59,59,56.9,57,121,223847,12963623.4
26 JUN 2023,60,60,58,59.6,261,1111597,66342526.2
23 JUN 2023,59.6,59.6,58.6,58.7,132,515835,30376035.7
22 JUN 2023,59.7,60.2,59,59.5,163,278423,16542249.9
21 JUN 2023,57.1,60.2,57.1,59.6,427,1843012,109843929.7
20 JUN 2023,57.2,57.5,56.8,57.1,106,255306,14574540.3
19 JUN 2023,57.5,57.5,56.9,57,139,133846,7645343.5
16 JUN 2023,56.9,57.2,56,56.6,102,219458,12437615.3
15 JUN 2023,55.3,57.5,55,56.3,111,358393,20532400.5
14 JUN 2023,55,56.8,54.5,56.2,143,676730,37278136.5
13 JUN 2023,55,55,54.5,55,115,281042,15447642.2
12 JUN 2023,55.2,55.2,54,55,85,178930,9833005
9 JUN 2023,55,55.6,54.5,55,69,200760,11035256.2
8 JUN 2023,55.1,55.1,54,54.9,47,119565,6549552
7 JUN 2023,55,55,53.9,54.5,40,50285,2733871.5
6 JUN 2023,54.3,55,54,55,94,239128,13130074
5 JUN 2023,54.5,55,53.2,54.6,74,294709,16187062
2 JUN 2023,53.2,54.8,53.2,54,32,116277,6274675.4
1 JUN 2023,53.9,54.4,52.5,52.9,79,1686730,90961947.2
31 MAY 2023,54,54,52.5,53,57,389809,20659245.4
30 MAY 2023,53,53,52.5,53,73,1092905,57755739
29 MAY 2023,53.6,53.8,52.5,52.7,33,14135,743275.1
26 MAY 2023,53.1,53.8,52.6,53.1,38,18159,963816.9
25 MAY 2023,53.4,53.9,52.5,53.4,50,34071,1796821.6
24 MAY 2023,52.5,54,52.5,53.6,28,43575,2324682.9
23 MAY 2023,53,54,52,53.5,28,64370,3467238.3
22 MAY 2023,54,54,52,52,89,111072,5830597.1
19 MAY 2023,53.8,53.8,52.9,53.5,60,510204,27292913.7
18 MAY 2023,53.9,54,53.4,53.5,58,974131,52117483.5
17 MAY 2023,54,54,53.6,53.9,48,251904,13601991.2
16 MAY 2023,54.2,54.2,53.6,53.9,68,412926,22300192.9
15 MAY 2023,54.5,55,54,54.3,45,188703,10256269.8
12 MAY 2023,53.7,54.5,53.5,54.1,68,407583,22017155.6
11 MAY 2023,53.6,54.1,53.5,54,60,532524,28745776.2
10 MAY 2023,54.4,54.4,53.6,53.8,39,76825,4147983.9
9 MAY 2023,54.9,54.9,54,54,86,541938,29315525.5
8 MAY 2023,54.5,54.6,54.2,54.3,48,192019,10429474.3
4 MAY 2023,54,54.4,53.9,54.1,40,556898,30096771.7
3 MAY 2023,52.2,54.8,52.2,54,39,59624,3232262.8
2 MAY 2023,55.5,55.5,52.5,52.6,98,47757,2554415
28 APR 2023,54.8,55,54,54.8,90,196641,10747229.2
27 APR 2023,54.2,55.9,53.5,54.5,80,188097,10306627
26 APR 2023,54.8,55.9,54.2,54.2,116,356508,19618905.9
25 APR 2023,55,55.2,54.2,55,127,760228,41489143.7
24 APR 2023,56.5,56.5,54.4,55,79,158947,8741437.1
21 APR 2023,55,56.9,54.1,55.1,56,302460,16518087.1
20 APR 2023,53.9,57,53.5,55,76,318879,17253264.5
19 APR 2023,54.5,54.5,53.3,53.4,65,55197,2972384.1
18 APR 2023,53.9,54,53,54,106,176250,9500036.5
17 APR 2023,54.3,55,53.8,53.9,154,196382,10604497.6
12 APR 2023,54.5,54.5,54.2,54.5,49,106573,5803978.8
11 APR 2023,54,55,54,54.5,114,448780,24432074.2
10 APR 2023,55,55.1,53.6,54.7,101,193110,10593698.2
6 APR 2023,54,55,54,55,54,563235,30668102.2
4 APR 2023,54.5,55,54,54.3,58,852586,46272980.2
3 APR 2023,54.7,55,54,54.1,94,133393,7220772.3
31 MAR 2023,56,56,54.8,54.9,92,838350,46110785.3
30 MAR 2023,55.1,56.5,54.9,55,87,738956,40976159.5
29 MAR 2023,56.9,57,56,56.2,37,20202,1140841.8
28 MAR 2023,57.5,57.5,54.2,56.4,121,113032,6337199.1
27 MAR 2023,59,59,56.6,56.7,64,39501,2276785.7
24 MAR 2023,56.6,59.4,56.6,58.8,157,1009363,58852652.1
23 MAR 2023,57,57.5,56.6,57,65,515243,29368164.1
22 MAR 2023,57,58,56.5,57.4,97,295311,16861929.9
21 MAR 2023,58,58,56.5,56.9,99,205148,11686796.3
20 MAR 2023,57,58,57,57.1,101,363040,20721685.8
17 MAR 2023,57,57.5,56.7,57,63,2432235,138639468.1
16 MAR 2023,56.8,57.9,56.6,56.8,78,75364,4285761.7
15 MAR 2023,57.2,58,57,57.2,115,490992,28223151.7
14 MAR 2023,58,58,56.9,57,77,188148,10772170.4
13 MAR 2023,58,58,56,58,99,4336202,251337109.6
10 MAR 2023,59.9,59.9,57.5,58,177,694540,40516663.2
9 MAR 2023,59.7,60.1,59.1,60,159,2337753,140253013.5
8 MAR 2023,61.5,61.6,59.5,60,198,390505,23740850.3
7 MAR 2023,60,61.4,59.5,61,262,615096,37417108
3 MAR 2023,58.9,60.5,58.9,59.8,213,565168,33904408.6
2 MAR 2023,58.5,59.4,58.5,58.9,143,1172984,69176780.3
1 MAR 2023,58,59.5,58,59,75,423116,24786038.3
28 FEB 2023,59,59,58,58.7,172,764017,44805954.7
27 FEB 2023,60.5,60.6,58.5,59,103,91767,5459170.3
24 FEB 2023,58.7,61.3,58.7,60.4,287,863182,52106909.5
23 FEB 2023,58.6,59.4,57.5,59,199,388409,22861235.1
22 FEB 2023,60.9,61,58.3,58.8,298,327316,19409605
21 FEB 2023,58.5,61,57.4,60.6,610,3058432,182871425.9
20 FEB 2023,57.5,58.6,57.5,58.1,341,2022916,117370995.7
17 FEB 2023,55.7,57.4,55,57.1,477,2207596,124771808.4
16 FEB 2023,52.9,56,52.9,55.5,360,1556424,85535968
15 FEB 2023,51.3,52.5,51.2,51.9,73,148931,7744314.1
14 FEB 2023,51.1,51.5,51.1,51.3,97,452698,23189432
13 FEB 2023,52.1,52.9,51,51.3,84,2578159,131575876.7
10 FEB 2023,51.1,53.2,50.5,52.9,119,217143,11376673.1
9 FEB 2023,52,52.9,52,52.5,48,148264,7775578.5
8 FEB 2023,53.2,53.2,51.1,52,122,220829,11461040
7 FEB 2023,55,55.2,53.2,53.5,99,301888,16501946.8
6 FEB 2023,53.5,55,53.2,54.8,313,1067403,58071785
3 FEB 2023,53.5,54.7,53.5,54,95,585288,31607792
2 FEB 2023,53,53.7,53,53,152,1916564,102015015.6
1 FEB 2023,53.5,53.5,52.5,53,118,305067,16165146.7
31 JAN 2023,53.2,53.5,52,53.1,256,717486,37833009.7
30 JAN 2023,50.7,53.2,50.6,52.9,246,326417,17034638.7
27 JAN 2023,51.4,52.2,51,51.5,131,1208627,61220385.7
26 JAN 2023,50.1,51.8,50.1,51.1,162,1160653,58625254.6
25 JAN 2023,48.5,52,48.5,50.9,346,2592070,131712824.9
24 JAN 2023,48.9,50,48.5,48.5,100,96217,4738056.3
23 JAN 2023,48.1,49,48,48.7,100,169941,8174781.2
20 JAN 2023,48.5,48.5,47.5,48,77,624072,29955238.7
19 JAN 2023,46.2,48.5,46.1,47,76,379150,17794626.9
18 JAN 2023,46.1,46.5,45.5,46.1,62,189939,8743112
17 JAN 2023,46.4,47.5,46.1,46.6,52,107494,5019890.6
13 JAN 2023,45.6,47,45.6,46.1,57,603908,27830230.9
12 JAN 2023,47,47,45.5,46,51,919490,42289252.2
11 JAN 2023,46,47,45.5,47,46,359131,16850716.4
10 JAN 2023,47.1,47.1,46,46,61,155729,7166667.2
9 JAN 2023,47.8,48,46.1,47.1,121,876956,41251075.7
5 JAN 2023,46.5,48,46.1,47.8,67,54092,2566182.1
4 JAN 2023,48.5,48.5,46,47,40,97285,4520355.8
3 JAN 2023,46.5,49.3,45.7,47.7,108,562881,26764599.7
2 JAN 2023,47.4,47.4,46,46,38,42273,1948694.8
30 DEC 2022,46,48,45.5,46.2,44,141836,6732764
29 DEC 2022,46.5,46.5,45.5,45.5,63,78530,3602068
28 DEC 2022,46.6,48,46,46.1,69,48077,2246826.3
27 DEC 2022,46.7,48,45.7,46.5,69,68193,3231545.5
23 DEC 2022,45.1,46.7,44.5,45.1,81,84866,3817059.7
22 DEC 2022,45.1,46,45,45,29,11748,530505.9
21 DEC 2022,45,45.9,44.6,45,81,296338,13335537.7
20 DEC 2022,45.3,46.9,45,45,99,517892,23328085.5
19 DEC 2022,47.5,47.5,45.4,45.5,65,37040,1692641.7
16 DEC 2022,47.5,48.1,46.2,46.4,76,80018,3746685.1
15 DEC 2022,46.2,48,46.2,47.1,55,137001,6410800.8
14 DEC 2022,46.1,47.4,45.9,46.3,87,255567,11782707.5
13 DEC 2022,46.3,46.5,46,46,97,446839,20562846.4
12 DEC 2022,46.2,48,46.2,46.7,82,57057,2686218.6
9 DEC 2022,46.7,47,46,46.3,73,97182,4479759.7
8 DEC 2022,47.5,47.9,46.8,47,104,206486,9723042.7
6 DEC 2022,48,48,46.1,47.2,62,84322,3971292.4
5 DEC 2022,47.4,48.3,47,47.8,80,119122,5666144.4
2 DEC 2022,48.4,49.1,46.1,48.2,57,84344,4045773.5
1 DEC 2022,48,49,48,48.6,71,373398,18243780.5
30 NOV 2022,47.7,48.9,46,48.2,94,103851,5000761.3
29 NOV 2022,46,48.4,46,47.7,225,2031693,93949893.2
28 NOV 2022,44,46.7,44,45.7,85,74878,3374611
25 NOV 2022,43.9,43.9,43,43.7,46,28274,1233619
24 NOV 2022,45.1,45.1,43,43.3,124,208426,9143094.1
23 NOV 2022,44.7,45.9,44.5,45.4,92,120119,5452580.6
22 NOV 2022,42.1,44.7,42.1,43.9,76,143359,6283207.7
21 NOV 2022,42.3,43.3,40,42,122,116941,4743796.1
18 NOV 2022,43.5,44.5,42,42.3,156,381183,16431621
17 NOV 2022,45.4,45.4,43.5,43.5,103,202219,8854735.7
16 NOV 2022,44.5,45.1,43.5,44,195,531142,23296609.5
15 NOV 2022,47.3,47.5,44.5,45,219,148630,6759200.3
14 NOV 2022,46.5,47.2,45.6,46.1,112,489482,22616854.2
11 NOV 2022,46.8,47.3,45.6,46.5,80,39472,1838980.5
10 NOV 2022,45.4,46.3,45.2,46,42,48145,2210003
9 NOV 2022,45,45.5,44.5,45.4,76,37608,1686180.7
8 NOV 2022,47,47,44.1,44.9,258,124701,5648011.2
4 NOV 2022,45.9,47,44.9,45.7,89,331801,15067418.7
3 NOV 2022,44,46.5,44,45.2,108,491261,21828318.5
2 NOV 2022,45,45,43.9,44,225,545662,24169324.5
1 NOV 2022,45.7,45.9,44.8,45,159,1053058,47392936.3
31 OCT 2022,46.2,46.5,45.7,46,63,95438,4401945.5
28 OCT 2022,46.6,47,45.6,46,72,101313,4701243.3
27 OCT 2022,45.9,47,45,46.6,58,115225,5359164.3
26 OCT 2022,45,46,44,45.1,113,111553,5025908.4
25 OCT 2022,45.8,46,44.5,44.9,97,976988,44883644.5
21 OCT 2022,46.2,46.5,45,45.3,120,73888,3366347.8
20 OCT 2022,47,47.1,46.2,46.6,51,15748,738249.9
19 OCT 2022,48,48,46.8,47,55,42562,2024166.4
18 OCT 2022,48,48,46.6,47.3,97,61524,2907348.5
17 OCT 2022,49.5,49.5,47.5,47.5,107,95043,4525873.9
14 OCT 2022,49.6,52,48.1,48.2,206,721509,35545865
13 OCT 2022,47.5,50,46.9,49.2,215,469458,22704459.2
12 OCT 2022,47.4,48.5,43,46.7,222,234621,10886300
11 OCT 2022,50,50,47,47.4,245,620081,29569754.6
7 OCT 2022,51.4,51.4,49.5,50.1,141,238279,11914790.3
6 OCT 2022,51.5,52,50,50.5,123,310510,15778047.5
5 OCT 2022,52,53,50,50.2,142,408939,20968992.8
4 OCT 2022,52,53,49.1,50.6,221,610397,31861124.6
3 OCT 2022,55,55,47,52.6,204,400648,21357160.8
30 SEP 2022,55.5,55.5,54.3,54.7,188,744277,40938685
29 SEP 2022,54.4,56,54,54.9,207,562506,30850876
28 SEP 2022,55,55,53,53.8,269,665493,35849701.8
27 SEP 2022,53,54,52.6,53.3,163,282854,15015752.4
26 SEP 2022,54,54,52.8,53.3,135,128403,6876131.5
23 SEP 2022,54.8,54.8,53.9,54,160,124884,6776542.6
22 SEP 2022,56,56,54.5,54.9,215,840153,46186652.4
21 SEP 2022,55.7,56,55.1,56,136,725514,40613079.5
20 SEP 2022,57,57.2,56,56,154,248608,14065749
19 SEP 2022,57.3,58,56.8,57,172,653542,37463171.5
16 SEP 2022,58,58.4,57.3,57.6,163,760937,43861538
15 SEP 2022,57.7,58.6,57.7,58,322,1633386,94810799.9
14 SEP 2022,58.6,58.9,56.9,57.6,166,454215,26228378.3
13 SEP 2022,59.5,59.7,58,58.6,198,848704,49882490.6
12 SEP 2022,59.5,60.5,58.8,59.3,259,1627310,97043627.2
9 SEP 2022,58,60.8,58,58.8,603,2798989,165751145.1
8 SEP 2022,55.1,57.5,55.1,56.5,321,5351063,301275589.3
7 SEP 2022,55,56.5,54.5,55.8,149,313542,17512528.5
6 SEP 2022,56.5,56.9,54.1,55.5,215,283252,15763744.8
5 SEP 2022,57.1,57.4,56.3,56.9,261,1449328,82656360.6
2 SEP 2022,58,58.5,56.7,57.1,510,2849715,164382507.7
1 SEP 2022,55,58.4,54.4,56.2,773,4418628,249695765.2
31 AUG 2022,50,54.2,49.9,53.8,498,639503,34168812.1
30 AUG 2022,48,48.9,48,48.1,150,608067,29239036
29 AUG 2022,47.5,48,46,46.1,79,64325,2983403.9
26 AUG 2022,48,49.9,45.9,47.5,281,971770,45215868.1
25 AUG 2022,49.2,49.9,47.5,48.2,177,410515,19924067.9
24 AUG 2022,49.9,50,49,49.7,84,136938,6793805
23 AUG 2022,50,51,49.2,50,139,561988,28116193.7
22 AUG 2022,51,52.5,48,48.9,237,955367,47689503.6
19 AUG 2022,52,52.1,50.9,51,212,250001,12782440.3
18 AUG 2022,53.3,54,51.3,52.3,251,951172,49926454.1
17 AUG 2022,54,54.9,51.5,52,213,572764,29842361.5
16 AUG 2022,58,58.5,53,53.8,362,1207033,66901649.6
15 AUG 2022,58,58.9,54.8,55.6,550,4217798,237948555
12 AUG 2022,53.9,55.5,52.1,54.8,621,9719115,517876181
10 AUG 2022,47,51,46.3,49.7,440,5245727,253309929.7
9 AUG 2022,47,48.1,46.5,47,191,966225,45533516.1
8 AUG 2022,44.1,47.5,44.1,46,227,3088712,141223097.4
5 AUG 2022,43,46.5,42.5,44.7,491,6113866,267532034.4
4 AUG 2022,42.4,43,41,41.1,217,8588168,352318326.9
3 AUG 2022,41,42.9,40.9,42.5,107,766461,31597054.6
2 AUG 2022,40.9,41.9,40.7,41,81,5113249,209643264.5
1 AUG 2022,40.9,40.9,40.1,40.3,37,15354,619141.8
29 JUL 2022,40.5,40.5,39.8,40,64,89302,3572115.9
28 JUL 2022,40,40.3,39.9,40,49,130834,5233455.5
27 JUL 2022,40.9,40.9,40,40,53,165333,6616315.8
27 JUL 2022,40.9,40.9,40,40,53,165333,6616315.8
26 JUL 2022,41.1,41.4,39.9,41,63,749877,30704929
25 JUL 2022,41.1,41.1,40,41,60,2539059,104086563.5
22 JUL 2022,40.2,40.2,39.9,40,23,11500,460773.8
21 JUL 2022,41,41,39.7,40.2,41,39150,1581949.7
20 JUL 2022,39.9,41,39.5,39.7,76,5101520,209057031.2
19 JUL 2022,38.1,39.7,38,38.8,50,2918149,118095444.4
18 JUL 2022,38.3,38.4,38,38.2,37,10832,414331.8
15 JUL 2022,37.9,38.4,37.4,37.9,30,10499,395793.9
14 JUL 2022,36,37.5,36,36.9,21,19195,703752.7
12 JUL 2022,37.8,37.9,36.1,36.2,42,108098,3917617.4
11 JUL 2022,35.7,37.8,35.5,35.9,49,42389,1522262.5
8 JUL 2022,37,37,35,35.5,70,49460,1759432
7 JUL 2022,36.7,37.9,36,36,28,7807,281608.9
6 JUL 2022,37,38,36,37.3,44,44918,1673650
5 JUL 2022,38,38.5,37,37.3,37,20726,771209.5
4 JUL 2022,38,38,37,37.5,31,66892,2511154.2
1 JUL 2022,38,38,37,37.8,26,14095,532293.6
30 JUN 2022,38,38,35.1,35.6,111,54203,1942705.1
29 JUN 2022,36.5,38,36.5,37.1,3,533,19752.5
28 JUN 2022,37.1,37.3,36,36.4,105,185182,6828745
27 JUN 2022,38.1,40,37.9,38,89,28585,1087186.6
24 JUN 2022,38.5,40,38.5,39.7,36,92106,3583907.2
23 JUN 2022,40,40,38,38.5,32,53587,2065198.3
22 JUN 2022,40,40,39.5,39.6,18,5604,221948.6
21 JUN 2022,39.4,40,39.4,39.7,11,686,27268.7
20 JUN 2022,39.2,39.5,39,39.3,58,104617,4089137.7
17 JUN 2022,41,41,39.5,39.6,67,43614,1729783.8
16 JUN 2022,42,42,40,40,28,18679,747956.9
15 JUN 2022,41.5,41.5,40,40.7,110,938861,38340013.5
13 JUN 2022,41.3,42,41.3,41.5,14,9273,384981.4
10 JUN 2022,41.6,41.6,40,40.9,51,54464,2223975.7
9 JUN 2022,40.4,41.6,40.4,41.1,12,12820,525932
8 JUN 2022,40.5,41.9,40.5,41.5,33,184875,7658357.4
7 JUN 2022,41.1,41.1,39.5,40,132,2758829,110292055.9
6 JUN 2022,42,43,41.6,42.1,38,123090,5176643
3 JUN 2022,43.7,44,42.1,42.8,68,145464,6267383.2
2 JUN 2022,44,44.1,42.5,43,84,2663064,114551996.4
1 JUN 2022,44,44,43,44,101,655437,28345000.8
31 MAY 2022,45,45,42.5,43.7,175,648019,28410513
30 MAY 2022,41,44.4,41,43.6,232,2294558,96889103.3
27 MAY 2022,42,42,40.7,40.8,32,12610,516188.3
26 MAY 2022,41,41.5,40.1,40.5,39,66764,2705792
25 MAY 2022,40,41.9,40,41.7,38,112856,4709627.4
24 MAY 2022,41.3,41.9,40,40,144,452017,18118343.9
23 MAY 2022,41,42.4,40,41.5,92,290317,11711212.4
20 MAY 2022,40,42,40,40,54,140847,5636290.5
19 MAY 2022,42.1,42.1,40,40,71,567404,22699151.7
18 MAY 2022,43,44,41,41.5,162,764046,31802476.9
17 MAY 2022,42,43.5,41.2,43,117,368361,15649746
13 MAY 2022,39.5,41.5,39.5,40.7,236,639155,25917831.9
12 MAY 2022,37.5,39.4,37.5,38.9,90,96682,3725878.4
9 MAY 2022,37,39,36.5,38.5,66,598931,22503040.5
6 MAY 2022,37.1,37.1,36,37,46,193907,7146057.5
5 MAY 2022,37.9,37.9,37,37,71,1215137,44960719.9
4 MAY 2022,38,38,35.5,36.9,55,90551,3312038.9
29 APR 2022,38,38,37,37.5,120,86427,3266932.2
28 APR 2022,36,38,33.5,36.7,134,1235006,43385651.5
27 APR 2022,30,36,29.5,34,139,342334,11013467
26 APR 2022,33,33,30,30.6,95,389928,12669766.6
25 APR 2022,36.5,36.5,35.5,36.3,38,10374,376677
8 APR 2022,38.1,39.5,37.5,38.1,79,359939,13680524.6
7 APR 2022,38,41.4,38,38.7,124,568173,21621203.6
6 APR 2022,41.3,44,39.5,39.9,174,1090460,43663988.2
5 APR 2022,40.3,41.9,40,41.5,109,1125141,45133694.5
4 APR 2022,38.3,42.1,37,40.3,123,123795,4974619.3
1 APR 2022,39,39,39,39,28,500833,19532487
31 MAR 2022,42,43,41,41.1,58,161887,6687023.4
30 MAR 2022,44,44,39.5,42,211,5895157,247761080.9
29 MAR 2022,45,46,43.5,44,124,2032498,91022871.7
28 MAR 2022,47,47,44,45,233,282547,12769849.6
25 MAR 2022,49,49,47.8,48,209,584069,28096739.9
24 MAR 2022,49,49,48,48.5,60,135780,6579702.9
23 MAR 2022,48.5,49,47.9,48,112,260393,12516205.9
22 MAR 2022,48.6,49.5,48,48.2,137,525422,25690209.1
21 MAR 2022,49.3,49.3,47.9,48.6,89,63644,3098809.3
18 MAR 2022,47.4,49.9,47.4,48.1,117,192677,9291645.8
16 MAR 2022,49.4,49.4,45.2,47.4,236,211552,9936412.2
15 MAR 2022,46.6,49.5,45,46.1,118,49421,2270408.8
14 MAR 2022,47,48.5,46.8,47,72,131813,6212131.2
11 MAR 2022,49.3,50,47,47.1,101,96454,4620449.5
10 MAR 2022,45.8,49,45.8,48.7,82,93017,4447564
9 MAR 2022,49,49,43,44.6,209,203307,9132832.5
8 MAR 2022,50.5,50.5,47,47,193,2095760,99599867.5
7 MAR 2022,50.2,50.2,49,49.1,178,131584,6499173.4
4 MAR 2022,50,51.4,49.6,50.6,47,27546,1389784.1
3 MAR 2022,52,52,50,50.3,123,44288,2238366.2
2 MAR 2022,52,53.4,51.5,51.7,155,96521,5042121.7
28 FEB 2022,52,55,50.6,53.8,147,146897,7747982.7
25 FEB 2022,48.6,52,48.6,50.3,189,199484,10121332.4
24 FEB 2022,51.3,53.9,48.9,49.1,300,502321,24910657
23 FEB 2022,55,55,50,51.3,288,603181,30888339.3
22 FEB 2022,54,55,53,53.9,77,276172,14905745.3
21 FEB 2022,55,55.4,52.9,53,316,969933,51866005.8
18 FEB 2022,57,57,55,55.9,177,151295,8477835.3
17 FEB 2022,58,58,56.3,56.6,124,143638,8154670.7
15 FEB 2022,58.9,60,57.5,58,187,768281,44571294.7
14 FEB 2022,58,58.3,56.3,58,133,264868,15300763.9
11 FEB 2022,57,57.5,56.4,57,59,141245,8052012.6
10 FEB 2022,55,56.6,54,56,148,147765,8167470.6
9 FEB 2022,57,58,55,55,257,1020780,56286950.3
8 FEB 2022,58.3,58.3,57,57,169,603441,34466495.2
7 FEB 2022,59.9,59.9,58.5,58.5,112,503551,29463045.4
3 FEB 2022,58,59,56.7,58,237,260060,14955400.3
2 FEB 2022,60,60,57.5,58.9,395,6231169,367805011
1 FEB 2022,61.5,61.5,60,60,113,423756,25457309.1
31 JAN 2022,59.8,61.8,59.3,61.5,133,256074,15579337.3
28 JAN 2022,60,61,58,59.8,281,740265,43971892.7
27 JAN 2022,62,62.5,58.8,61.7,242,409296,24972449.3
26 JAN 2022,60.1,61,60,60.5,180,223954,13478119.1
25 JAN 2022,62,62,60.4,60.5,276,368786,22525431.1
24 JAN 2022,62.9,62.9,61,62.5,223,258828,15995393.7
21 JAN 2022,63.9,63.9,62.9,63,134,250955,15824329.2
20 JAN 2022,64,64.2,63.5,63.9,162,1093529,69774227.8
19 JAN 2022,63,65.2,62.1,64,388,747641,48026766.7
18 JAN 2022,61.5,63,61.4,62.3,305,342963,21339021
13 JAN 2022,62,62.5,60,61.5,281,518510,31716163.4
12 JAN 2022,62.8,63.9,61.7,62.5,221,627405,39354770.4
11 JAN 2022,63.5,64.5,62,63,522,1000637,63080528.7
10 JAN 2022,67,68,63,64.8,978,2729794,178855211.9
7 JAN 2022,58,66.7,58,65,1980,5968703,379290644.9
6 JAN 2022,57.8,58,57.3,57.9,206,449598,25964638.7
5 JAN 2022,58,58.1,57.4,57.6,293,464220,26749721.2
4 JAN 2022,58.7,58.9,57.2,57.5,282,617200,35693205.2
3 JAN 2022,56.5,58.6,56,57.4,401,1614992,91725921.1
31 DEC 2021,55.1,57,55.1,56.1,185,228362,12775276.1
30 DEC 2021,56.5,57,55.8,56,175,2268134,125066027.3
29 DEC 2021,56.9,57.4,56,56.5,159,8189133,450701244.5
28 DEC 2021,56.8,56.9,56,56.2,151,10232494,563084465.2
27 DEC 2021,58,58,56,56.4,236,300353,17011905.5
24 DEC 2021,58,58.9,57.5,58,106,202199,11743851.5
23 DEC 2021,55.5,59.9,55,57.5,482,1292079,74366924.8
22 DEC 2021,54,55.6,54,55.1,114,268623,14770058.7
21 DEC 2021,54.5,55,53.5,54,222,826837,44660377.9
20 DEC 2021,55.5,55.5,54.5,54.6,280,432914,23846922.8
17 DEC 2021,55.8,55.8,55.3,55.5,222,402092,22306098.3
16 DEC 2021,56.8,56.9,55.4,55.5,272,667127,37193871
15 DEC 2021,56,56.5,55.7,55.8,303,875335,48954441.8
14 DEC 2021,55.9,56.9,55.7,55.9,277,351599,19674192
13 DEC 2021,56.5,57.4,55.9,56.1,413,495994,27951833.9
10 DEC 2021,57.5,57.5,56.4,56.7,350,1366092,77781944.3
9 DEC 2021,56.3,57.5,56,57,104,105022,5936961.5
8 DEC 2021,57.5,57.5,55.5,56,178,217172,12220517.5
7 DEC 2021,56,58,55.1,56.9,513,1070674,60625070.8
6 DEC 2021,55.5,57,54.5,55.1,557,779737,43282565.9
3 DEC 2021,57,57,54,55,259,318337,17623016.9
2 DEC 2021,57,57.4,56,56.7,267,542048,30666660.4
1 DEC 2021,54.4,57.6,54.4,56,833,1653813,93714468.7
30 NOV 2021,54,55.5,53.9,54.2,548,939059,51308579
29 NOV 2021,54.9,55,53.9,54,220,179337,9742736.8
26 NOV 2021,54.5,55,53.5,54.5,195,269377,14677322.2
25 NOV 2021,53.2,54.8,53,54,183,243533,13028225.3
24 NOV 2021,53.9,54,52.7,53.1,332,692334,36783163
23 NOV 2021,54.6,55.5,53.5,53.9,187,188736,10208301.9
22 NOV 2021,54.5,55.4,54.4,54.6,320,273159,14956623.1
19 NOV 2021,56.2,56.8,55.5,55.9,468,631142,35395034.7
17 NOV 2021,56.9,57,56,56.1,242,528083,29738545.8
16 NOV 2021,57.5,57.5,56.3,56.5,274,999200,56896571
15 NOV 2021,56,57,55.8,56.6,268,335621,18971297
12 NOV 2021,58,58.4,57.3,57.6,190,397856,23086279.7
11 NOV 2021,58.1,59.5,57.7,57.9,316,561290,32813417
10 NOV 2021,55,57,54,56.8,85,252563,13984354.8
9 NOV 2021,56.5,56.5,54.5,55,240,417299,23036081.6
8 NOV 2021,57.2,57.2,56.5,56.6,155,324868,18458870
5 NOV 2021,57.2,57.6,57,57.2,149,334427,19127450.1
3 NOV 2021,58,58.3,57,57.4,138,264139,15193406.9
2 NOV 2021,56.7,58.8,56.7,57.8,305,7894188,451321745.6
1 NOV 2021,57.5,58.3,56.8,57,221,874327,50004473.1
29 OCT 2021,57.6,58,57.2,57.6,267,1103624,63500177.8
28 OCT 2021,57.7,58,57.2,57.5,104,417574,23997102.8
27 OCT 2021,57.3,57.9,56.9,57.4,174,624746,35721582.6
26 OCT 2021,57,57.8,56.8,57,311,850296,48469762.4
25 OCT 2021,57.2,57.5,56.5,57.3,215,657989,37539321.4
22 OCT 2021,56.5,57,56.5,56.6,220,1102594,62448950.5
21 OCT 2021,57.9,58.1,56.4,56.5,333,291240,16560990.9
18 OCT 2021,58.7,58.7,57.5,57.9,120,91786,5297739
15 OCT 2021,58.8,58.8,57.8,58,104,128413,7454058.4
14 OCT 2021,58,58.7,58,58.4,76,116750,6827678.1
13 OCT 2021,58.8,58.8,56.5,58.3,171,351852,20183999.1
12 OCT 2021,59.2,59.4,58.7,58.8,182,104542,6160908.9
11 OCT 2021,60,60.4,59.3,59.4,149,111831,6697511.1
8 OCT 2021,60.7,60.7,59,59.8,75,139847,8384199.2
7 OCT 2021,59.9,61,59.6,60,161,554317,33290397.9
6 OCT 2021,59.5,60,58.6,59.7,112,179170,10627211.6
5 OCT 2021,61,61,58.5,59.9,211,456459,27336923.3
4 OCT 2021,62,62,60.2,61,200,422422,25856077.9
1 OCT 2021,60,62.2,60,61.4,418,1413501,86929539.1
30 SEP 2021,60,61.5,59.5,59.8,402,651467,39309820.9
29 SEP 2021,58.5,60.7,58,60,575,2373350,142221217.1
28 SEP 2021,57.8,59,57,58.2,306,1489086,86621621.9
27 SEP 2021,55.2,57.7,55.2,57,294,1483157,84014250.1
24 SEP 2021,55.4,55.6,54.5,55,99,290669,15860489.5
23 SEP 2021,53.5,55.4,53.5,55,207,1789711,98276260.5
22 SEP 2021,53.9,53.9,53,53.5,124,541516,28973065.4
21 SEP 2021,53,55,52.9,53.7,83,49437,2631684.2
17 SEP 2021,54.1,54.4,52.9,53.5,234,271612,14461570.5
16 SEP 2021,54.9,55.9,54,54.7,118,118837,6513070.5
15 SEP 2021,55.4,55.8,54.7,54.9,198,623794,34471389.6
14 SEP 2021,53.9,55.8,53.3,55,184,293400,16080348.1
13 SEP 2021,55.8,55.8,52.9,53.4,260,674929,36225037.9
10 SEP 2021,56.4,57.1,55.7,56.2,283,758374,42759431.3
9 SEP 2021,55.8,56.5,53.5,55.8,260,423142,23398355.6
8 SEP 2021,56.9,58,52.1,53.6,495,885945,48875663.1
7 SEP 2021,59,59,55.5,56.9,445,1342177,76337480.6
6 SEP 2021,57.8,60.1,55.5,58.5,851,3357555,198685174.4
3 SEP 2021,58.5,59.5,56.5,57.7,1319,4644199,268702164.9
2 SEP 2021,51.4,56,51.2,55.2,1316,4593077,250491286.7
1 SEP 2021,50.8,51.9,50,50.9,250,2229572,113680959.9
31 AUG 2021,50.5,51,50,50.9,126,200624,10181288.2
30 AUG 2021,51.5,52,50.5,51,181,479036,24484494.4
27 AUG 2021,53,53.2,51.6,51.7,249,564295,29331700.3
26 AUG 2021,52.1,53.2,51.2,52.7,276,872082,45511225.8
25 AUG 2021,51.3,53.5,51.3,52.1,748,2166451,113495531.5
24 AUG 2021,48.2,51.2,48,50,216,764523,38007925.8
23 AUG 2021,48.7,48.9,47.5,48.2,179,187845,9016542.2
20 AUG 2021,48.1,49.2,48,48.2,122,163266,7918538.9
19 AUG 2021,49.5,49.5,48,48,262,282227,13643775.1
18 AUG 2021,49.9,49.9,48.8,48.9,106,82562,4064358.3
17 AUG 2021,48.8,49.9,48.1,49.5,122,73280,3578696.9
16 AUG 2021,50.5,50.5,48,48.9,41,27393,1353603.5
13 AUG 2021,49.8,49.8,48.4,48.7,353,390715,19076035.8
12 AUG 2021,50,50.1,49.2,49.9,198,199641,9937201.8
11 AUG 2021,50.4,50.4,49.9,50,171,258580,12926909
10 AUG 2021,50.7,50.7,50.1,50.2,174,147368,7414525.9
9 AUG 2021,51.5,51.5,50,50.3,269,392184,19745723
6 AUG 2021,50.3,51.4,49.5,51.1,274,15409444,763268485.9
5 AUG 2021,52.4,52.4,50.4,50.5,282,510925,26145418.9
4 AUG 2021,52.1,52.6,52,52.3,241,692791,36187066.9
3 AUG 2021,52.8,52.8,51.8,52.1,224,617881,32280327.8
2 AUG 2021,52,52.6,51.8,52.5,154,224721,11745175.1
30 JUL 2021,52.9,52.9,51.4,51.6,190,1073388,56295479.1
29 JUL 2021,51.4,53,51,52.7,410,1295058,67762415.5
28 JUL 2021,51.2,51.4,50.5,51,127,159339,8123187.8
27 JUL 2021,51.8,52,51.1,51.3,194,199266,10258209.8
26 JUL 2021,53,53,51.5,52,299,485518,25305357.5
22 JUL 2021,51.6,52.8,51.6,52.4,484,1215710,63345603.7
20 JUL 2021,51,51.7,50.8,51.5,372,840233,43108703.5
19 JUL 2021,50.9,51.2,49.6,50.9,301,419287,21203835.3
16 JUL 2021,50,51.4,49.6,50,388,797453,40360170.5
15 JUL 2021,48.4,50.7,48,49.9,303,820158,40739957.1
14 JUL 2021,48.1,49,48.1,48.2,65,77175,3722294.1
13 JUL 2021,48.6,48.9,48,48.2,238,350568,16972490.6
12 JUL 2021,47.5,48.6,46.6,48.3,203,332838,15861343.2
9 JUL 2021,46.4,48,46.1,47,144,136728,6375505
8 JUL 2021,46.6,46.6,46.3,46.4,70,47181,2194279.5
7 JUL 2021,46.6,46.6,46,46.3,57,18936,878137.5
6 JUL 2021,46,46.9,45.9,46,114,109824,5060466.9
5 JUL 2021,46.3,46.7,45.9,46,155,101915,4693635.5
2 JUL 2021,46,46.9,45,46.3,243,140853,6441333.1
1 JUL 2021,46.1,46.8,45.7,45.8,164,291942,13379066.7
30 JUN 2021,46.5,46.5,45.8,46.1,192,148807,6835634.7
29 JUN 2021,46.8,46.9,46.4,46.5,174,155740,7247286.6
28 JUN 2021,47.6,47.6,46.6,46.6,184,141233,6617339.3
25 JUN 2021,47.7,48,47,47.5,221,137102,6515300
23 JUN 2021,47.3,49,45,47.6,471,412228,19672887.1
22 JUN 2021,51,51.1,50.5,50.7,543,1184883,60238453.3
21 JUN 2021,51.8,51.8,51,51.2,469,559321,28753195.7
18 JUN 2021,51.7,52,51.5,51.6,379,718231,37162747.4
17 JUN 2021,51.5,51.7,51.3,51.5,313,576200,29671164.5
16 JUN 2021,51.2,51.8,51.2,51.6,488,1656960,85471256.6
15 JUN 2021,51.5,51.8,51,51.2,1449,2674423,137472456
14 JUN 2021,48.7,49.6,48,49.3,325,645901,31728208
11 JUN 2021,49.1,49.1,48.1,48.5,192,153929,7475586.4
10 JUN 2021,49.6,49.7,48.7,48.9,265,215039,10570574.2
9 JUN 2021,47,49.6,47,49.1,782,2337498,113409781.5
8 JUN 2021,47.5,47.5,46.8,47,126,215397,10117176.6
7 JUN 2021,47,47.5,46.8,47.1,303,672929,31644855.7
4 JUN 2021,47,47.5,46.6,46.8,247,334135,15669460.1
3 JUN 2021,46.8,47.1,46.1,46.9,151,157259,7367276.4
2 JUN 2021,47.5,47.5,46.6,46.9,142,124763,5861305.7
1 JUN 2021,47,47.5,47,47.1,93,230036,10836699.5
31 MAY 2021,47.5,47.5,46.3,47,139,149607,7056007.4
28 MAY 2021,46,47.2,46,46.9,108,638378,30000059.5
25 MAY 2021,45.5,47.1,45.5,46.5,58,67619,3161563.4
24 MAY 2021,45.5,47,45,45.8,39,20000,906217.5
21 MAY 2021,47,47,45.6,46,55,371764,17096978
20 MAY 2021,47,47,46,46.2,79,654699,30745506.4
19 MAY 2021,47,47.2,46.5,47.1,65,135671,6370599.6
18 MAY 2021,47.4,47.6,46.2,46.8,71,61049,2869206.6
17 MAY 2021,46,47.5,44.9,46.9,121,265115,12261718.3
13 MAY 2021,45.5,46.8,45.1,46.3,84,101261,4692598.4
12 MAY 2021,45.5,46.5,45.2,46.5,90,1024969,47566156.1
11 MAY 2021,44.5,46,44.1,45.3,118,295688,13342969.6
10 MAY 2021,45,45,44.3,44.5,142,1140920,50771502.6
7 MAY 2021,44.7,45.3,44.5,44.9,85,213230,9573317
6 MAY 2021,43,44.9,43,44.2,91,517624,22538820.7
5 MAY 2021,43.2,44,43,43.4,67,424965,18454615.5
4 MAY 2021,44.6,44.6,43,43.1,130,324716,14125705.5
3 MAY 2021,44.5,45.5,44.1,45.1,58,41289,1851506.8
30 APR 2021,45.2,45.7,44.8,45.1,32,9876,445158.6
29 APR 2021,45,46.1,43.9,44.8,127,125776,5618757.6
28 APR 2021,42.4,45,42.4,44.7,222,487165,21389952.8
27 APR 2021,44.6,44.6,42,42.6,289,364166,15685532.2
23 APR 2021,45.3,45.9,43,44.6,169,186455,8231602.6
22 APR 2021,47.8,47.8,45.2,45.7,192,211816,9712929.2
21 APR 2021,47,48,46,47.8,115,122631,5806035
20 APR 2021,49,49.8,44.1,46,326,473391,22432211.3
19 APR 2021,51,51,48.5,48.9,208,328136,16234021.9
16 APR 2021,51.9,51.9,49.1,50.6,207,378753,19086509.2
15 APR 2021,52,52,51,51.1,252,455520,23488468.7
12 APR 2021,49.1,51.9,49.1,51.3,234,802972,40753010.8
9 APR 2021,49.4,51,48.6,49.2,287,1041613,51614598.3
8 APR 2021,49.2,50,47.6,49.3,188,551366,27070373.1
7 APR 2021,47.1,50.6,47.1,48.5,692,2198139,107891131.9
6 APR 2021,45.9,47.5,44.7,47,413,1614618,73960708.4
5 APR 2021,45.1,46,44.8,44.8,262,789878,35514540.7
1 APR 2021,44.5,45,44,44.8,174,491936,21948258.1
31 MAR 2021,43.7,44,43.5,44,48,84538,3713865.9
30 MAR 2021,44.1,44.4,43.5,43.5,64,455829,19853121.3
29 MAR 2021,44,44.1,43.2,43.8,162,1019871,44495316.9
26 MAR 2021,43.2,44.1,42.6,43.5,55,64017,2785030.8
25 MAR 2021,44.8,45.3,43.4,43.7,97,112098,4978032.9
24 MAR 2021,43.5,44.8,43,44.1,277,480710,21167773.7
23 MAR 2021,43.9,43.9,42.5,43.5,41,13320,568918.1
22 MAR 2021,43.7,44.9,42.8,43.4,110,184447,7999705.2
19 MAR 2021,42.8,43.8,42,43,125,1433197,61480990.4
18 MAR 2021,44,44,42.5,42.8,117,122731,5289060.9
17 MAR 2021,46.1,46.1,43.6,45,93,733756,32299289.2
16 MAR 2021,47,47,45,45.5,94,62989,2862544.2
15 MAR 2021,47.6,47.6,46.1,46.3,64,137194,6388367.8
12 MAR 2021,47,48.5,47,47.4,45,166985,7963272
10 MAR 2021,49.8,49.8,46,47.6,77,61173,2916236.4
9 MAR 2021,50,50.3,47,47.9,200,444392,21997063
8 MAR 2021,44.5,49.4,44.5,48,177,320737,15283872.9
5 MAR 2021,45.9,46,42,45.2,85,123394,5402488.8
4 MAR 2021,47,48,43,43.6,150,202022,8963453.2
3 MAR 2021,47,47,45,45.6,188,544853,24821366.1
2 MAR 2021,49.9,49.9,47.5,47.8,110,236785,11556599.8
1 MAR 2021,51,51,49.5,49.6,89,345557,17177631
25 FEB 2021,50,51.2,48.2,50.1,141,599536,29972398.4
24 FEB 2021,47,50.2,47,48.1,141,213778,10533641.2
23 FEB 2021,49.9,49.9,47,47.3,226,173671,8281118.3
22 FEB 2021,50.5,50.5,49,49.9,184,347775,17415748.9
19 FEB 2021,51.5,51.5,50,50.3,182,239104,12141648.6
18 FEB 2021,50,51.7,49.9,50.9,234,320158,16061226.2
17 FEB 2021,49.7,50.2,46.4,49.8,368,611869,29928137.8
16 FEB 2021,54,54,49,49.7,398,355182,17868668.1
15 FEB 2021,58,58,52.5,52.7,937,1204569,64625885.2
12 FEB 2021,55,62,54,60,647,1053706,62525592.5
11 FEB 2021,52.5,54,42.1,53.3,443,1099623,56151862.1
10 FEB 2021,58,58,51.1,52.2,515,557804,30200383.4
9 FEB 2021,60,60,55,57.6,277,284397,16296808.1
8 FEB 2021,62.5,62.5,59.3,59.5,234,482785,29447963.7
5 FEB 2021,63.5,64.9,61,61.9,180,151891,9456216.1
3 FEB 2021,63,65,59,62.4,373,942393,58115621.2
2 FEB 2021,60.1,63.6,56,59.8,515,2570779,157516202.8
1 FEB 2021,66.5,67,59.9,63.6,437,1364001,87513931
29 JAN 2021,69,70,66.4,66.7,536,2411149,162251194.8
27 JAN 2021,71.6,71.6,68.1,68.6,618,1810707,126256909.5
26 JAN 2021,74,75.9,70,71.6,811,3998924,292673556.4
25 JAN 2021,67,78,66,73.4,1921,7700889,555433205.5
22 JAN 2021,62,67.3,62,65.9,842,2469271,161001165.3
21 JAN 2021,60,62.1,59.4,61.2,370,967797,58654871.1
20 JAN 2021,60.2,61.5,57.5,60.2,510,1596623,94053760.1
19 JAN 2021,63.9,63.9,58,60.2,563,1209983,74143887.1
18 JAN 2021,63.5,66.1,62,63.2,805,3022464,193459780.6
15 JAN 2021,57,65,56.8,62.7,1081,2831991,172127406.2
13 JAN 2021,55,57.5,55,56.8,756,2420968,136588141
12 JAN 2021,52.2,55.1,51.7,54.6,685,1737058,93355579.8
11 JAN 2021,53,53,52,52.2,397,1024769,53623778.5
8 JAN 2021,53,53.5,52,53,276,523083,27622736.8
7 JAN 2021,53.6,53.9,53,53.1,384,808070,42944686.9
6 JAN 2021,55,55,53.1,53.7,365,3658031,196818750
5 JAN 2021,54,55,54,54.6,537,1730935,94321090.5
4 JAN 2021,52,54,52,53.9,563,1150248,61332457.1
31 DEC 2020,51.8,52.4,51.4,52,481,948315,49120353.2
30 DEC 2020,52.6,52.8,51.7,51.9,318,445556,23173657.7
28 DEC 2020,53.2,53.2,51.9,52.2,367,465850,24311104.3
24 DEC 2020,52,53.6,51.6,53.2,423,649908,34377462.3
23 DEC 2020,53.5,53.7,51.3,51.9,643,1610908,83873630.4
22 DEC 2020,51.5,53.6,51.5,53,1126,2266941,120090629.9
21 DEC 2020,50.2,51.8,50.1,51.1,628,1511132,77095999.2
18 DEC 2020,49.5,51,49.2,50.1,377,1273640,63716602.3
17 DEC 2020,50.7,50.9,49,49.7,389,684507,33971551.6
16 DEC 2020,49.5,51.1,48.1,50.2,694,1030304,51294420.5
15 DEC 2020,50,50,48.2,48.9,790,1770509,86968988.5
14 DEC 2020,49,52.5,49,49.7,2888,5606442,282503643.6
11 DEC 2020,42.7,48.7,42.6,47.6,1949,4643921,212756133.2
10 DEC 2020,41.1,42.7,41.1,42.5,441,1245019,52686644.3
9 DEC 2020,41,43,41,42.3,451,909441,38234195.9
8 DEC 2020,40,41.5,39.5,40.8,609,1194765,48367757.9
7 DEC 2020,41,41.2,39.9,40.1,579,1535991,62042529.4
4 DEC 2020,40,41.2,39.5,40.9,924,1169801,47471575.3
3 DEC 2020,42.7,43.3,42.1,42.7,1231,2996601,128018084.5
2 DEC 2020,44,44.2,42.7,43,1070,2462168,106529271.9
1 DEC 2020,42.5,44,42.5,43.8,1284,3116033,135549573.8
30 NOV 2020,40,43.1,39.9,42.3,1756,4185531,173686023.8
27 NOV 2020,39.1,39.9,39,39.6,766,2401125,94755939.8
26 NOV 2020,38.6,39.2,38.6,39.1,802,2806883,109451551.1
25 NOV 2020,38.1,38.9,37.6,38.5,1557,3740406,143663620.9
24 NOV 2020,36.9,36.9,36,36,235,377090,13672976.3
23 NOV 2020,36.5,37,36.2,36.9,419,1034054,37872206.8
20 NOV 2020,36,36.6,35.9,36.3,434,1173494,42376349.6
19 NOV 2020,35.8,36.2,35,35.9,400,2331089,83581159.8
18 NOV 2020,35,36.4,34.5,35.5,459,2449507,86854901.5
17 NOV 2020,33.8,34.8,33.8,34.6,287,1065784,36746460.1
16 NOV 2020,33.4,34.2,33.4,33.7,172,971565,32625153
13 NOV 2020,33.9,34,33.1,33.4,101,402533,13494439.1
12 NOV 2020,33.5,34,33.4,33.5,111,156154,5237359.8
11 NOV 2020,34.5,34.8,33.5,33.7,128,429280,14706327
10 NOV 2020,34,34.8,34,34.4,229,1336891,45948347.7
9 NOV 2020,34.2,34.6,33.8,33.9,205,343651,11731738
6 NOV 2020,33.8,34.2,33.8,34.1,269,1263284,42978944.3
5 NOV 2020,33.5,34,33.4,33.7,194,922094,31079434
4 NOV 2020,32.8,33.8,32.8,33.5,142,553859,18444507
3 NOV 2020,32.4,33.1,32.2,32.7,62,168889,5529616.6
2 NOV 2020,32.5,32.6,31.9,32,73,91789,2949547.6
29 OCT 2020,31.5,32.7,31.3,32.5,78,61103,1980287.5
28 OCT 2020,32,32.7,31.5,31.7,139,830953,26849033.4
27 OCT 2020,32,32.8,32,32.6,105,769101,25057818.3
26 OCT 2020,31.6,32,30.8,31.6,121,146193,4613382
23 OCT 2020,33,34.1,32,32.5,169,299381,9841590.1
22 OCT 2020,31.2,33.9,31,32.8,196,441233,14362535.9
21 OCT 2020,35,35,32,32.4,598,3069689,103577787.5
20 OCT 2020,33.6,34.7,33,34.4,487,2446768,83136953.7
19 OCT 2020,33,33.6,32.5,33.1,280,691850,22973853.8
16 OCT 2020,32.4,32.9,31.9,32.5,138,329312,10606324.7
15 OCT 2020,32,32.5,31.5,32.4,183,614723,19736037
14 OCT 2020,31.2,31.9,31,31.3,143,360350,11261434.5
13 OCT 2020,31.4,32,31,31.2,167,764542,23817799.1
12 OCT 2020,32.9,32.9,31.2,31.4,257,690908,21807522.6
9 OCT 2020,31.1,32.6,31.1,31.5,264,580987,18544129.6
8 OCT 2020,30,31.5,30,31,314,1016812,31526010.8
7 OCT 2020,29.6,31,29,30,219,393120,11834570.1
6 OCT 2020,29.5,32.8,29,30,376,1230314,37500028
5 OCT 2020,33,33.1,29,30.7,455,1135149,35771960.5
2 OCT 2020,34.7,35,34.4,34.6,125,314233,10886679.7
30 SEP 2020,34.3,34.6,34,34.5,197,932953,32160787.8
29 SEP 2020,34,34.5,33.9,34.1,278,774347,26444728.5
28 SEP 2020,34.5,35,34.2,34.6,244,863789,29907410.9
25 SEP 2020,35,35,34.3,34.5,203,748784,25857252.7
24 SEP 2020,35,35,34.3,34.5,280,2115440,73518442.7
23 SEP 2020,34.9,34.9,33.9,34.1,371,1467400,50079643.5
22 SEP 2020,35.5,35.8,34.6,34.8,249,709022,24836213.2
21 SEP 2020,35,35.4,34.3,35.1,449,1340885,46844372.5
18 SEP 2020,35.1,36,34.7,35,773,2757223,97963631.4
17 SEP 2020,34.2,35.3,33.5,35.1,1081,6683479,231942850.6
16 SEP 2020,31.5,34.1,31.3,34,1182,5399150,179963950.9
15 SEP 2020,31.5,31.5,30.6,31.2,878,2293745,71276278.8
14 SEP 2020,29.6,32.5,29.6,32,1286,3874704,120668147.1
11 SEP 2020,29,29.5,29,29.5,405,1489931,43692050.7
10 SEP 2020,28.2,29,28.2,28.9,330,1357103,39130051.7
9 SEP 2020,28,28.2,27.8,28,134,1248953,34480317.6
8 SEP 2020,28,28,27.6,27.8,62,74292,2065325.9
7 SEP 2020,28,28.2,27.6,27.7,139,270126,7537662.8
4 SEP 2020,28,28.3,27.7,27.8,127,1584067,43698970.8
3 SEP 2020,28.4,28.4,27.9,28.2,84,117992,3311201.7
2 SEP 2020,27.9,28,27.5,27.6,149,432501,11972162.6
31 AUG 2020,28,28,27.4,27.5,290,579019,15987493.1
28 AUG 2020,28.6,28.8,27.9,28,455,1753998,49229559.8
27 AUG 2020,29,29,28.4,28.6,235,850408,24317602.8
26 AUG 2020,29,29.2,28.5,28.8,423,1547547,44422453.1
25 AUG 2020,28.1,29,27.9,28.7,1588,11934830,338617769.3
24 AUG 2020,28,28.6,27.8,27.9,326,1562932,43684049.3
21 AUG 2020,28,28.2,27.5,28,109,122973,3442027.5
20 AUG 2020,27.5,28.1,27.2,27.5,156,197556,5448728.4
19 AUG 2020,27,27.9,26.7,27.7,66,46759,1288248.4
18 AUG 2020,27.3,27.9,26.9,27,121,157526,4270850.9
17 AUG 2020,27.9,27.9,27.2,27.4,33,66977,1837755
14 AUG 2020,27.5,27.5,27.1,27.2,85,93382,2553472.5
13 AUG 2020,27.5,27.9,27.4,27.5,42,67085,1846076.8
12 AUG 2020,27.9,27.9,27.3,27.5,46,99117,2720002.1
11 AUG 2020,27.9,27.9,27.3,27.4,72,104050,2853880.2
10 AUG 2020,27.7,27.8,27.2,27.3,70,57699,1582113.3
7 AUG 2020,28,28,27.3,27.4,97,300628,8281908.1
6 AUG 2020,27.5,27.6,27.3,27.4,129,156713,4298871
5 AUG 2020,28.3,28.3,27.5,27.5,125,212317,5851831.3
4 AUG 2020,28.4,28.4,28,28,120,145418,4076210.5
31 JUL 2020,28.5,28.5,28.2,28.3,62,62678,1774029.8
30 JUL 2020,28.9,28.9,28.4,28.5,24,24896,710291.2
29 JUL 2020,28.4,28.5,28.2,28.4,16,12265,348636.3
28 JUL 2020,28.5,28.9,28.2,28.5,69,126936,3621614.6
27 JUL 2020,28.5,29,27.6,28.5,37,55220,1569552.7
24 JUL 2020,28.6,28.6,27.5,27.6,361,575593,16008897
23 JUL 2020,29,29,28.6,28.7,69,52428,1504899
22 JUL 2020,29,29,28.7,28.9,19,8608,248220.2
21 JUL 2020,29,29,28.5,29,9,3358,96821.2
20 JUL 2020,29.7,29.8,29,29,44,41071,1202499
17 JUL 2020,29.3,29.3,28.9,29,8,4894,141900.9
16 JUL 2020,28.9,28.9,28.5,28.8,14,12219,351368.1
15 JUL 2020,28,28.4,28,28,6,9005,252142
14 JUL 2020,27.7,28.6,27.5,28.3,48,76151,2154527.1
13 JUL 2020,28.5,29,26.7,28,59,64017,1809760.7
10 JUL 2020,30.4,30.5,29.3,29.7,39,89261,2641785.9
9 JUL 2020,30.9,30.9,30.6,30.6,4,211,6456.9
8 JUL 2020,31,31,30,30.7,23,2883,88657.6
7 JUL 2020,30.1,31,29.9,30,34,70027,2109208.9
6 JUL 2020,29.5,31,29.5,30.1,6,10200,305300
3 JUL 2020,30.2,30.2,29.5,29.6,25,25202,754621.3
2 JUL 2020,30.6,30.6,30.1,30.1,48,49503,1491401.4
1 JUL 2020,31.4,31.4,30.8,31,43,124436,3857155.5
30 JUN 2020,30.9,31,30.5,31,30,133129,4125245.6
29 JUN 2020,31,32,30.9,30.9,28,23321,722754.4
26 JUN 2020,31,31,30.5,31,26,23760,736038.5
25 JUN 2020,31,31.5,30.9,31,47,85336,2645486
24 JUN 2020,31.4,32,30.8,30.9,62,3092969,94386855
23 JUN 2020,30,31.5,30,31.5,44,79890,2462028.2
22 JUN 2020,29,31,29,29.7,37,80746,2397086.1
19 JUN 2020,29.5,29.5,28.4,28.5,39,124576,3598948.2
18 JUN 2020,28.3,29.7,28.1,29,26,63734,1839722
17 JUN 2020,28.4,28.5,28,28.1,24,70845,1987661.5
16 JUN 2020,28.4,28.4,28,28,22,24067,675985.1
15 JUN 2020,28,28.4,28,28.2,10,1804,50783.5
12 JUN 2020,28.3,28.3,27.5,28,27,56431,1579647.8
11 JUN 2020,27.7,28.4,27.7,28.2,30,63864,1793802.5
10 JUN 2020,27.9,27.9,27,27,42,73367,2015070.3
9 JUN 2020,27.9,28,27.5,27.9,41,57592,1609993.7
8 JUN 2020,26.7,28.3,26.3,27.2,67,582849,15738599.7
4 JUN 2020,26.5,26.6,26.5,26.5,12,15000,397780
3 JUN 2020,27.2,27.2,25,26.3,47,587245,14791221.1
2 JUN 2020,27.3,28,27,27.3,65,47269,1286975.5
1 JUN 2020,28.2,28.2,27,27.5,14,21245,574788
29 MAY 2020,28.1,28.1,27.3,27.7,39,4910,136354.1
28 MAY 2020,28,28.5,28,28,17,9601,269670.5
27 MAY 2020,27.8,28,27.6,28,50,135535,3789837.6
26 MAY 2020,27,27.5,25.8,27.3,33,53027,1404112.1
22 MAY 2020,27,28,25.5,26.1,61,53116,1412181.1
21 MAY 2020,27,28.9,26.6,27.6,44,31185,861056.7
20 MAY 2020,28.9,28.9,25.4,26.3,59,37274,993374.8
19 MAY 2020,27.3,30,26,28.9,38,51349,1468149.9
18 MAY 2020,22,26,22,25.8,38,47207,1201534.7
15 MAY 2020,22,23.9,21.7,22,55,45176,992086.4
14 MAY 2020,20.9,22.4,20,21.1,55,185341,3869786.6
13 MAY 2020,20,21.5,19.8,20,102,933075,18668968.4
12 MAY 2020,20.5,20.5,16,17.9,71,79423,1429306.1
11 MAY 2020,21.1,21.1,21.1,21.1,11,1156,24391.6
20 MAR 2020,25,26,23.5,23.6,32,34987,836904.1
13 MAR 2020,28.5,28.5,26.5,27,66,74342,2013294.6
12 MAR 2020,30.5,30.5,28.3,28.5,23,4199,122356.1
11 MAR 2020,29.9,34,29.9,30.4,22,18072,545059.3
10 MAR 2020,30.1,30.1,29.5,29.9,46,29846,894117.2
6 MAR 2020,32.8,32.8,30,30.7,107,47194,1479178.3
5 MAR 2020,33.3,33.3,32.7,33,68,3878172,127979618
4 MAR 2020,33.4,33.4,33.1,33.4,47,236485,7847642.3
3 MAR 2020,34.3,34.3,33.4,34,35,117054,3956433.6
2 MAR 2020,35,35,33,33.1,70,100495,3340758
28 FEB 2020,35.8,36,34.9,35,29,42833,1501096
27 FEB 2020,35.2,35.8,35.2,35.4,9,2654,93573.2
26 FEB 2020,36.1,36.1,35.2,35.4,39,20254,722937.3
25 FEB 2020,36.9,36.9,36,36.1,20,5453,197230.8
24 FEB 2020,37,37.8,35.9,36.5,51,660338,23777306
20 FEB 2020,36.8,37,36,36,117,2242341,80726868.4
19 FEB 2020,37.5,37.5,36.5,36.5,62,28929,1066817.3
18 FEB 2020,37.6,37.8,37.5,37.5,9,867,32597.6
17 FEB 2020,37.9,37.9,37.5,37.5,4,532,19963
14 FEB 2020,37.5,37.9,36.9,37.1,14,4984,184444.8
13 FEB 2020,38,38,37,37,28,4471,166625.1
12 FEB 2020,37.4,39,37.3,37.5,12,2960,112228.7
11 FEB 2020,38,38,37.3,38,18,85195,3236674.1
10 FEB 2020,37.5,39,37.5,37.5,2,2,76.5
7 FEB 2020,38.6,40,37.1,37.5,49,20500,785023
6 FEB 2020,38.2,38.2,38,38,7,2090,79423
5 FEB 2020,38,38.5,38,38,18,13525,514000
3 FEB 2020,39.9,39.9,37.9,38,51,30924,1176196.3
31 JAN 2020,39,39.9,38.1,38.7,44,13650,524162.3
30 JAN 2020,39.5,39.9,39,39,14,1446,56751.5
29 JAN 2020,39.9,39.9,39.6,39.8,5,108,4297.2
28 JAN 2020,39.4,40,38.6,39.5,22,45032,1773017.8
27 JAN 2020,39.6,40.1,39.5,39.5,14,36975,1460808.3
24 JAN 2020,40,40.1,39.5,39.6,18,144247,5718467.5
23 JAN 2020,39.7,41.5,39.5,39.6,13,3589,141941.3
22 JAN 2020,42,42,40,40,14,53318,2198056.3
21 JAN 2020,39.1,39.1,39,39.1,6,289,11289.9
20 JAN 2020,39.5,39.5,39,39,37,31052,1211339.3
17 JAN 2020,39.6,39.6,39.2,39.3,28,46951,1854136.2
16 JAN 2020,40,40.3,39.5,40,20,5005,198866.8
14 JAN 2020,40,40.1,40,40,18,3025,121047.5
13 JAN 2020,40,41.4,39.8,40.2,20,5994,240976.2
9 JAN 2020,40,42,39.9,40,54,88600,3553741.9
8 JAN 2020,41,41,40,40,41,179467,7281273.5
7 JAN 2020,41.5,41.6,41,41.5,16,5697,236341.5
6 JAN 2020,42,42.1,41.6,41.6,14,12300,516230.4
2 JAN 2020,43.5,43.8,42,42.1,16,3700,155913.4
31 DEC 2019,43,43.5,41,43.5,51,37373,1553447.1
30 DEC 2019,42.7,43.9,42.7,43.9,26,1763,76015.1
27 DEC 2019,43.9,43.9,42.7,43.7,21,659,28779.3
26 DEC 2019,43.9,43.9,43.9,43.9,9,116,5092.4
24 DEC 2019,44,44,42.9,43.3,10,323,14056.8
23 DEC 2019,42.5,45,42.5,42.5,3,1026,43645
20 DEC 2019,42.8,42.8,42.5,42.8,4,301,12882.5
19 DEC 2019,42.8,42.8,41.2,41.2,26,5480,227607.3
18 DEC 2019,42.8,42.8,42,42,15,10191,428101.9
17 DEC 2019,42.4,42.4,41.6,42.4,12,451,19025.4
16 DEC 2019,42.8,42.8,41,41.2,34,17608,734041.3
13 DEC 2019,43,43,42.5,42.5,7,15161,644359.7
12 DEC 2019,43.5,43.5,42.6,43,8,2000,85700
10 DEC 2019,42.9,43.9,42.2,42.6,35,12832,546767.8
9 DEC 2019,43.9,43.9,43.9,43.9,1,100,4390
6 DEC 2019,43,44,43,43.6,12,2065,89401
5 DEC 2019,43.9,44.7,42.9,43,22,67510,2903675.9
4 DEC 2019,43.9,43.9,43,43,52,317895,13677360.8
3 DEC 2019,45,45,43.9,44,18,36619,1611684.3
2 DEC 2019,44.7,45,44,44.1,29,48311,2136028.3
29 NOV 2019,44.9,45,44.6,44.6,26,1201100,54041729
28 NOV 2019,45.3,46,44,44.3,78,179720,8102081.9
27 NOV 2019,45.9,45.9,44.9,45,89,578220,26023120.1
26 NOV 2019,46,46,44,45,79,89670,4055555.1
25 NOV 2019,45.1,46.2,45,45.4,66,154350,6993433.9
22 NOV 2019,45,45,44.9,45,114,1994351,89745595
21 NOV 2019,46,46,44.9,45,137,504909,22789270.8
20 NOV 2019,45.8,47,45.7,46,145,293762,13555843.2
19 NOV 2019,45,46.6,44,45,105,2058215,90668789.5
18 NOV 2019,44.5,45,43.8,44.4,12,21744,967442.9
15 NOV 2019,44,44,44,44,1,1,44
14 NOV 2019,43.7,44,43.7,44,5,27019,1188833
13 NOV 2019,44,44,44,44,10,60715,2671460
8 NOV 2019,44,44,44,44,6,5002,220088
7 NOV 2019,44.2,44.2,44,44.2,4,3330,147136
6 NOV 2019,44.3,44.3,44.2,44.2,4,2000,88420
5 NOV 2019,44.3,45,44.3,45,2,1400,62720
4 NOV 2019,45,45,44.2,44.4,8,3905,173498.5
1 NOV 2019,44.2,45,44.2,45,13,3253,143985
31 OCT 2019,44,45,44,45,15,20138,890740.8
30 OCT 2019,44,44,43.4,44,6,16071,707112
29 OCT 2019,44,44,44,44,2,530,23320
28 OCT 2019,43.9,43.9,43.9,43.9,4,450,19755
25 OCT 2019,44,44,43.9,43.9,7,3935,172820
24 OCT 2019,43.5,44,43.5,43.9,9,3887,170936.9
23 OCT 2019,43,43.5,43,43,8,1058140,45500055
22 OCT 2019,42.9,43.5,42.8,42.9,6,2010,86235.5
21 OCT 2019,43.5,43.5,43.5,43.5,5,345,15007.5
18 OCT 2019,43.4,43.4,43,43,12,10158,436810
17 OCT 2019,43.5,43.8,43.5,43.5,11,1193,51939
16 OCT 2019,43.6,43.8,43,43,14,20924,900180
15 OCT 2019,43,43,42.5,42.7,7,1055,45052.5
14 OCT 2019,43.2,43.8,43,43,23,26728,1150985.7
11 OCT 2019,43.2,43.9,43,43,8,4653,200154.4
10 OCT 2019,43.4,43.9,43.3,43.5,6,1400,60860.2
9 OCT 2019,43.1,43.5,43.1,43.4,19,2800,121445
8 OCT 2019,43,43,43,43,1,100,4300
7 OCT 2019,44.5,44.5,43,43,4,7118,306242
4 OCT 2019,43.2,43.2,42.2,43.1,3,97,4164.6
3 OCT 2019,43.3,43.3,43.3,43.1,1,10,433
2 OCT 2019,43.1,43.1,43.1,43.1,2,400,17240
1 OCT 2019,44.5,44.5,43,44.8,12,60,2631.8
30 SEP 2019,42,44.8,42,44.8,4,192,8350.9
27 SEP 2019,44,44,42.2,42.6,9,946,40307.5
26 SEP 2019,45,45,42.1,42.9,2,51,2150
25 SEP 2019,42.9,42.9,42.9,42.9,1,278,11926.2
24 SEP 2019,43.5,43.5,41.1,43,16,50851,2185532
23 SEP 2019,44,44,43,43.1,18,38798,1677541
20 SEP 2019,44.4,44.4,43.5,43.5,11,11401,498774.4
19 SEP 2019,44.8,44.8,43.5,43.8,11,30844,1352395.7
18 SEP 2019,44.9,44.9,44.9,44.6,2,20,898
17 SEP 2019,44.9,45,44.5,44.6,11,7115,319634
16 SEP 2019,50,50,45,47,6,4191915,184445015
12 SEP 2019,43.6,45,43.6,44.2,13,9900,432646.4
11 SEP 2019,43.6,43.6,43.6,43.6,2,415172,18101499.2
10 SEP 2019,43.6,44,43.5,43.5,17,4156210,180795307.1
9 SEP 2019,43.5,43.5,43.5,43.5,1,15,652.5
6 SEP 2019,44,44,43.5,43.5,11,6920,301045.5
5 SEP 2019,43.5,43.5,43.5,43.5,5,2503,108880.5
4 SEP 2019,43.1,44.5,43.1,43.5,6,724192,31502432
3 SEP 2019,43.1,43.1,43.1,43.1,3,155,6680.5
2 SEP 2019,43.9,44.6,43.1,43.2,10,1667,72170.2
30 AUG 2019,44.8,44.8,43.1,43.2,12,2701733,116174835.1
29 AUG 2019,44.5,45,43,43,30,1605170,69032775.4
28 AUG 2019,44.4,44.8,43.1,44.1,12,500361,21515930.2
27 AUG 2019,44.5,44.5,43.3,43.1,4,23,1010.4
26 AUG 2019,43,44.5,43,43.1,12,3379,145615.1
23 AUG 2019,44.7,44.8,43,43,18,28849,1241469.4
22 AUG 2019,44.8,44.8,44.8,43,2,52,2329.6
21 AUG 2019,44.4,44.5,43,43,13,3549,152714.2
20 AUG 2019,43,44.4,43,43,10,2504,107673.4
19 AUG 2019,43.6,44.5,43.5,43.9,14,13118,571724
16 AUG 2019,43.5,45,43.5,43.6,17,14513,633929.5
15 AUG 2019,45,45,44,44,6,1058,47059.1
13 AUG 2019,45.1,45.1,44.2,44.4,20,18781,844270.9
9 AUG 2019,44.1,45.6,44.1,45,18,131101,5899386.5
8 AUG 2019,44.9,45,44.5,44.6,5,1200,53481
7 AUG 2019,43.2,45.9,43.2,45,13,11110,491489
6 AUG 2019,45.5,45.5,45.5,44.4,1,1,45.5
5 AUG 2019,44.5,45.9,44,44.4,8,7050,313332
2 AUG 2019,44.2,44.2,43,43.6,10,8155,358870
1 AUG 2019,45,45,44.5,44.6,6,2940,131889
31 JUL 2019,46.8,47,45,45,18,36278,1657800.5
30 JUL 2019,46.2,46.8,45,45,37,3118032,140354718.6
29 JUL 2019,45,46.8,44.9,45,54,168847,7600439
26 JUL 2019,45,45.5,44.6,45,76,249870,11264696.5
25 JUL 2019,46.2,46.2,45,45,44,56343,2545101.2
24 JUL 2019,45.5,46.5,45.5,46.5,4,3936139,175158424.5
22 JUL 2019,45.5,47,45,45.6,12,14613,678558.8
19 JUL 2019,45.1,47,45,46,24,4470,204458.6
18 JUL 2019,44.8,45.9,44.8,45.9,33,1038684,46762001.5
17 JUL 2019,43.1,44.6,43.1,44.6,7,1775,79070
15 JUL 2019,44.5,44.5,44.5,44.5,3,108,4806
12 JUL 2019,44.5,44.6,44.5,44.5,7,2937331,129242691
11 JUL 2019,43,44.8,43,44,16,2284958,101841960
10 JUL 2019,42.6,44.8,42.6,44.8,3,18,788.8
9 JUL 2019,42.3,44.9,42,44.8,14,7680,337347.4
8 JUL 2019,42.1,42.1,42,42.1,7,7000,294600
5 JUL 2019,42.1,42.1,42,42,2,615,25830.2
5 JUL 2019,42.1,42.1,42,42,2,615,25830.2
4 JUL 2019,41.8,42,41.8,41.9,4,2118,88813.8
3 JUL 2019,41.8,41.8,41.8,40.1,2,74,3093.2
2 JUL 2019,40.1,40.1,40,40.1,6,371,14861.3
1 JUL 2019,40,40,40,40,7,900,36000
28 JUN 2019,41.9,42,40,41.9,10,2220,90976
27 JUN 2019,40,40.2,39.5,40,10,377452,15097980.2
26 JUN 2019,40.5,40.5,40,40,23,189578,7583356.1
24 JUN 2019,40.1,40.5,40,40.3,7,25805,1039753.5
21 JUN 2019,42.2,42.2,40.1,40.1,4,981,39340.2
20 JUN 2019,40,41,40,41,4,432,17700
19 JUN 2019,42.6,42.7,41,41,9,1401,58309.2
18 JUN 2019,40,40,40,40,3,39,1560
17 JUN 2019,40.1,40.1,40,40,3,746775,29871002.5
14 JUN 2019,39,41,39,39.5,5,274,10834
13 JUN 2019,40,40,40,40,3,4672,186880
12 JUN 2019,40.5,40.5,40,40,8,2617,104685
11 JUN 2019,38.6,42.6,38,38,15,7503,285346.8
10 JUN 2019,38.8,40,38.8,40,5,2549,101501.2
7 JUN 2019,38.8,40,38.8,40,6,251,9980
6 JUN 2019,40.9,40.9,40,40,5,1225,49522
4 JUN 2019,40.9,40.9,40,40,8,2314102,92564102.5
3 JUN 2019,39,40,39,39.5,5,1720,68000
31 MAY 2019,40,40,40,40,1,1600,64000
30 MAY 2019,40,40,38.1,40,17,279951,11196679.5
29 MAY 2019,42.8,42.9,40,40,5,153,6215.6
28 MAY 2019,41,42.8,40,40,10,101456,4075523
27 MAY 2019,43.5,43.5,41,41,7,955,40860
24 MAY 2019,40,40,39.8,39.8,3,328,13062.4
23 MAY 2019,39.9,39.9,39.8,39.8,4,204,8119.6
22 MAY 2019,38.6,39,38,38.5,12,20421,786198
21 MAY 2019,38.5,39,38.5,38.5,6,3864,148776.5
17 MAY 2019,38.5,38.5,38,38,3,466,17739.4
16 MAY 2019,37.9,38.5,37.9,38.5,5,8700,334740
15 MAY 2019,38,38,37.2,37.5,10,23000,862585
14 MAY 2019,38.6,38.6,37,37.1,10,1699,63012.8
13 MAY 2019,39,39,38.6,38.7,4,390,15174.8
10 MAY 2019,38.6,39,38,39,10,24744,957518.5
9 MAY 2019,38.5,38.5,38.5,38.5,2,5003,192615.5
8 MAY 2019,38.5,38.7,38.1,38.5,17,155998,5982684.4
7 MAY 2019,38.5,38.5,38.5,38.5,7,35540,1368290
6 MAY 2019,39,39,38.5,38.6,2,133,5137
3 MAY 2019,38.5,39,38.5,38.5,5,20015,770585
2 MAY 2019,37.8,39,37.8,39,16,158358,6167490.9
30 APR 2019,37.5,37.9,37,37,9,1275,47492.3
29 APR 2019,36.6,37.5,36.6,37.5,11,57333,2149926.3
26 APR 2019,37.3,37.6,37,37.5,13,12257,457543
25 APR 2019,37.5,37.5,37.1,37.4,10,4230,158435
24 APR 2019,37.1,37.5,37,37.5,14,505912,18963515.6
23 APR 2019,39,39,37,37.6,8,2672,100520.2
18 APR 2019,40,40,39.8,39.8,12,4501,179569.8
17 APR 2019,39,39,39,38.9,1,99,3861
16 APR 2019,39,39,38.9,38.9,5,610,23740
12 APR 2019,37.5,39,37.5,37.5,2,49,1851
11 APR 2019,38,39,37,37.5,10,628631,23260725.2
10 APR 2019,39.4,39.4,38,39.2,2,3,116.8
9 APR 2019,37.2,37.3,37.2,39.2,2,5,186.1
8 APR 2019,38.3,39.2,38.3,39.2,7,6498007,239127729.6
5 APR 2019,39.5,39.5,38,38.1,6,276,10546.3
4 APR 2019,39,39.5,38.5,39.4,15,4729,185455.5
3 APR 2019,37,38.9,37,38,15,6805,253772.6
2 APR 2019,37,37,37,36,3,50,1850
1 APR 2019,36,37.5,36,36,12,7104,255866.5
29 MAR 2019,36.2,38,36,36,34,142063,5115010.4
28 MAR 2019,37,37,36,36.2,18,3648108,131347901
27 MAR 2019,37,38,37,37,16,75747,2802649
26 MAR 2019,38,38,37.2,38,6,12140,461226
25 MAR 2019,39.5,39.5,37.2,38,28,143180,5440634.3
22 MAR 2019,39.9,39.9,38,38,6,810,30801.5
21 MAR 2019,39.9,39.9,39.9,39.9,8,16010,638799
19 MAR 2019,39.9,40,39.1,39.1,6,1709,68026
18 MAR 2019,40,40,40,40,4,709,28360
15 MAR 2019,40,40,40,40,15,26751,1070040
14 MAR 2019,40,40.9,40,40,2,3902,159320
13 MAR 2019,40,40,39.1,40,10,8000,319124
12 MAR 2019,39.1,40.1,39.1,39.1,12,12076,479151.6
11 MAR 2019,40,40,40,40,2,250,10000
8 MAR 2019,40,42,40,40,82,23835132,953443297
7 MAR 2019,42.2,42.6,42,42.2,38,233080,9850858
6 MAR 2019,42.8,43.2,42.8,42.8,17,3694,158292
5 MAR 2019,43.5,44.8,43.4,43.5,66,616122,26913569
1 MAR 2019,44.8,44.8,44.8,44.8,1,100,4480
28 FEB 2019,44,44,44,44,6,1334929,55800527.2
27 FEB 2019,44,45,43.9,44,13,3348,149070
26 FEB 2019,45,45,45,45,4,50015,2250675
25 FEB 2019,45,45,44.5,45,6,6523,293530.5
22 FEB 2019,45,45,44.5,45,11,10849,488197.5
21 FEB 2019,44.5,45,44.5,44.5,8,2756,122643.7
20 FEB 2019,45,45,45,45,10,12959,583155
18 FEB 2019,45.3,45.3,45,45.3,11,2527499,113745155
15 FEB 2019,45.9,46.5,45.5,45.9,16,6552,301166
14 FEB 2019,46.5,46.5,46,46.5,17,6623,307724.5
13 FEB 2019,46,46,45,46,25,621140,27952697
12 FEB 2019,45,46,45,45,31,283480,12759656.5
11 FEB 2019,45.2,47.5,45,45.2,10,4235,191082.5
8 FEB 2019,45,47,45,45,50,110869,4989731
7 FEB 2019,45,45.2,45,45,14,31856,1433573.1
6 FEB 2019,45.1,45.5,45,45.1,12,2075,93548
5 FEB 2019,45.1,45.6,44.5,45.1,26,28563,1292290.5
1 FEB 2019,45.1,47.9,45,45.1,15,6618,297924
31 JAN 2019,45,45.6,45,45,46,46762,2105076.8
30 JAN 2019,46.1,46.9,46,46.1,21,9762,449877.1
29 JAN 2019,46.5,47.9,46.9,46.5,4,22,1050.3
28 JAN 2019,46.5,47.9,46.5,46.5,8,5760,267842.4
25 JAN 2019,46.5,47.9,47.5,46.5,3,3,143.3
24 JAN 2019,46.5,48,46.5,46.5,8,801,37546.5
22 JAN 2019,46.5,47.9,46.5,46.5,3,57,2651.9
21 JAN 2019,46.5,47,46.5,46.5,6,835,38845
18 JAN 2019,47,48,47,47,13,9237,437555
17 JAN 2019,48,48,47,48,5,8950,429550
16 JAN 2019,47,47,46.4,47,6,1126,52876.4
11 JAN 2019,47,48,46,47,16,1515021,77205477.2
10 JAN 2019,47,47,46.6,47,5,5614,263852
9 JAN 2019,48.3,48.3,48,48.3,6,10012,483567.4
8 JAN 2019,46.1,48,46,46.1,16,2706,124813.5
7 JAN 2019,47.1,48.5,47,47.1,20,18765,883214.5
4 JAN 2019,47.6,48.5,47.5,47.6,29,22332,1068014.7
3 JAN 2019,48,50,48,48,11,2443,117299
2 JAN 2019,48.1,50.3,48,48.1,16,58601,2899558.5
31 DEC 2018,50.3,50.3,48.6,50.3,12,30604,1537203
28 DEC 2018,49,49.1,49,49,9,727657,37978126
27 DEC 2018,50,50,50,50,4,203500,10175000
26 DEC 2018,50.2,50.9,48,50.2,19,6542571,346558222.1
24 DEC 2018,50,50,50,50,2,2020,101000
21 DEC 2018,50.2,50.2,50.2,50.2,1,300,15060
19 DEC 2018,50.7,51.8,50.5,50.7,5,4670,236706
18 DEC 2018,51.9,52,50.5,51.9,4,123,6386.5
17 DEC 2018,52.4,52.5,50.6,52.4,8,9500,497760
14 DEC 2018,52,52,52,52,1,1000,52000
13 DEC 2018,51,53.4,51,51,7,550,28225.2
12 DEC 2018,50,51,50,50,3,250,12550
11 DEC 2018,51.2,53.8,48.5,51.2,35,7305,369681
10 DEC 2018,50,50.2,50,50,8,581303,29065155
7 DEC 2018,50,50.1,50,50,14,14900,745140
5 DEC 2018,52,52,52,52,1,20,1040
4 DEC 2018,52,52,52,52,8,2290,119080
3 DEC 2018,53.5,53.5,52.5,53.5,3,1239,66237.5
30 NOV 2018,53.4,53.5,53,53.4,10,577150,30819415
28 NOV 2018,54,54,53.1,54,5,18002,969128
27 NOV 2018,53.6,54,53,53.6,3,1800,96400
26 NOV 2018,53.2,54,53,53.2,14,32480,1736030
23 NOV 2018,52.5,54,52.5,52.5,13,2500,134643.5
21 NOV 2018,52.3,53.5,51.2,52.3,8,2003,104854.9
19 NOV 2018,53,53.2,52,53,7,6075,321882.5
16 NOV 2018,52,53,51.5,52,11,26253,1364681
15 NOV 2018,51.9,52,51.9,51.9,5,2484,128928
14 NOV 2018,51.1,51.1,51.1,51.1,1,1000,51100
13 NOV 2018,51.7,52,51.2,51.7,14,5319,273405.9
12 NOV 2018,51.9,52,51.9,51.9,3,1101,57142
9 NOV 2018,51.1,52,51,51.1,18,529315,27047896
8 NOV 2018,52,52,52,52,2,568,29536
7 NOV 2018,54.5,52,52,54.5,2,50,2600
5 NOV 2018,54.5,59,54,54.5,32,629008,34521461.9
2 NOV 2018,54,54.2,52,54,23,3838062,207247897
1 NOV 2018,52,53.9,50,52,16,25846,1337408.4
31 OCT 2018,49.3,51.9,49,49.3,10,2800,138327.9
30 OCT 2018,50,50,49.5,50,30,889285,44464150
29 OCT 2018,50,51.4,49.1,50,12,1650722,82535078.5
26 OCT 2018,50,50,50,50,21,747901,37395050
23 OCT 2018,48.5,48.5,48.4,48.5,3,343,16633.2
22 OCT 2018,50,50,49.9,50,16,1628583,81429145
19 OCT 2018,50,51,49,50,5,278,13775
18 OCT 2018,50,51,50,50,10,20266,1013301
17 OCT 2018,50,50.5,50,50,12,1985300,100244774.8
15 OCT 2018,50.6,51,50,50.6,14,134209,6781439.5
12 OCT 2018,50,50.1,50,50,12,29650,1482501
11 OCT 2018,50.1,50.1,50.1,50.1,1,1000,50100
10 OCT 2018,50,50,50,50,18,36425,1821250
9 OCT 2018,50,50.5,50,50,8,7000,350476
8 OCT 2018,50.5,51.5,50.5,50.5,7,2007602,100783902.9
5 OCT 2018,50,50.5,50,50,5,4292,214738.5
4 OCT 2018,50,50.3,50,50,7,10065,503260.5
3 OCT 2018,50.1,50.3,50.1,50.1,6,4905,245741.5
2 OCT 2018,50,50,50,50,7,18947,947350
1 OCT 2018,50,50,49.5,50,12,24250,1212379.1
28 SEP 2018,50,50.1,50,50,11,32001,1600050.1
27 SEP 2018,50,50,50,50,23,72000,3600000
26 SEP 2018,50,50.5,50,50.5,12,328208,16441320.8
25 SEP 2018,50,51,50,50,22,371201,18594956
21 SEP 2018,50,50,50,50,18,5363279,269768574.1
20 SEP 2018,50.1,50.1,50,50,2,403,20150.1
19 SEP 2018,50,51.4,50,51.4,4,2352939,117882613.7
18 SEP 2018,51,51,50,50,13,19589,979552.1
17 SEP 2018,50,50.2,50,50,2,801,40050.2
14 SEP 2018,50.2,50.2,50,50,4,453,22650.4
13 SEP 2018,50,50.2,50,50,6,11013,550651
12 SEP 2018,50,50,50,50,9,7908,395400
11 SEP 2018,50,50.5,50,50,11,21847,1092359.5
10 SEP 2018,50,51,50,50,5,6502,325102
7 SEP 2018,50.5,50.5,50,50.5,7,5000,250601
5 SEP 2018,50,50.8,50,50,11,7672,383864.8
4 SEP 2018,50.1,50.1,50,50,11,9351,467597.2
3 SEP 2018,50.8,50.8,50,50.1,9,1760,88228
31 AUG 2018,50.8,50.8,50.8,51,1,4,203.2
30 AUG 2018,51,51.2,50.1,51,13,3807,194165.2
29 AUG 2018,51,51,50,50.1,12,2104,105352
28 AUG 2018,51,51,51,51,4,1419825,72411075
27 AUG 2018,51,52,51,51,4,5041,257094
23 AUG 2018,50,50.5,50,50.4,59,5750941,288281756.7
21 AUG 2018,50,50.2,50,50,16,41876,2093809
20 AUG 2018,50,50.1,50,50,11,4998,249910
17 AUG 2018,50.2,50.2,50,50,10,22541,1127453
16 AUG 2018,50.8,50.9,50,50.8,5,151,7675
15 AUG 2018,50,50,50,50,5,7100,355000
14 AUG 2018,50,50.9,50,50,7,20275,1013804
13 AUG 2018,50.1,51.5,50.1,51.5,2,500,25330
10 AUG 2018,51,51.9,50,50,12,15642,782232.3
9 AUG 2018,50,50,50,50,5,940259,47110799.6
8 AUG 2018,50,52,50,50,8,6024,301240
7 AUG 2018,51,51,50,50,7,4125,206355
6 AUG 2018,51,51,51,51,1,196,9996
3 AUG 2018,48,51.4,47.7,51,10,3899,187365.3
2 AUG 2018,48.5,49,48,48.1,9,3539,171925.5
1 AUG 2018,49.5,49.5,48,48.5,5,1221,59239.5
31 JUL 2018,50,50,49.5,50,5,577,28822.5
30 JUL 2018,50,50,50,50,4,3102,155100
26 JUL 2018,50.9,50.9,50,50,13,8565,428305.4
25 JUL 2018,50,50,50,50,4,808,40400
24 JUL 2018,50,50,50,50,4,251,12550
23 JUL 2018,50.5,50.5,50,50,16,22409,1120988
20 JUL 2018,50.5,50.5,50.5,50.5,2,1000,50500
19 JUL 2018,50,50,50,50,42,4166708,208335400
18 JUL 2018,50.6,51,50,50,16,6100,308620.2
17 JUL 2018,50.2,51.1,50.2,51.1,10,1325,66625.5
16 JUL 2018,50,50,50,50,4,90,4500
13 JUL 2018,51.2,51.2,50,50,8,3125,156375
12 JUL 2018,51.7,51.7,51.7,50.3,1,20,1034
11 JUL 2018,50.5,51.8,50.2,50.3,14,3201,161291
9 JUL 2018,50.5,53,50.2,50.2,19,3254,165263.6
6 JUL 2018,50.2,54,50.1,53.6,9,4001114,202059723
5 JUL 2018,49.5,50.2,49.5,50.2,11,18334,910896.8
4 JUL 2018,50.2,50.2,49.5,50,7,2693,134648.2
3 JUL 2018,50.2,50.2,50,50,44,2311470,115573862.5
2 JUL 2018,52.2,52.2,51,51,15,2284,117457.6
29 JUN 2018,52.6,52.6,52.2,52.5,8,8800,461980
28 JUN 2018,N/A,0,N/A,52.7,2,2000000,105000000
26 JUN 2018,53.9,53.9,52.5,52.7,6,2503,132610.8
22 JUN 2018,53.1,53.1,53.1,53.1,3,5000,265500
21 JUN 2018,54,54,54,54,3,100,5400
20 JUN 2018,54,54,53,53,11,12214,649394
19 JUN 2018,54.1,54.1,54,54,9,13401,723764.1
18 JUN 2018,54.1,54.5,54.1,54.5,9,103500,5639550
14 JUN 2018,55.8,55.8,54.7,54.7,6,1562,86546.4
13 JUN 2018,55,55,54.7,55,9,100926,5550885.2
12 JUN 2018,N/A,0,N/A,54.7,1,1000000,54500000
11 JUN 2018,55,55,54,54.7,10,11750,642524
8 JUN 2018,55.2,55.2,55,55,10,32500,1787730
7 JUN 2018,55.2,57.2,55.2,55.2,2,501,27657.2
6 JUN 2018,57.4,57.4,55.2,55.5,6,1600,89018.2
5 JUN 2018,56,57.4,55,55.2,18,58138,3199975.4
31 MAY 2018,56,56,55,55,23,31900,1755841.6
30 MAY 2018,57,57,57,57,2,100,5700
28 MAY 2018,56.8,56.8,56,56,11,10100,565749.1
25 MAY 2018,56.5,57,56,56.7,51,3226974,182118790
24 MAY 2018,56.9,56.9,56.4,56.5,11,1684,95094.8
23 MAY 2018,57,57,56.9,57,4,1406,80140
22 MAY 2018,57,57,57,57,9,10012,570684
21 MAY 2018,57.4,57.4,57,57,18,4012,228973.1
18 MAY 2018,57.9,57.9,57.5,57.8,9,2314,133660.6
17 MAY 2018,57.5,58,57.5,57.5,2,402,23116
16 MAY 2018,58,58,58,58,2,1050,60900
15 MAY 2018,57.8,57.8,57.5,57.6,5,4500,259980.6
14 MAY 2018,57.5,58,57.5,58,11,355742,20632876
11 MAY 2018,57.6,58,57.6,58,9,3001302,174074996
10 MAY 2018,58,58.2,57.6,57.6,5,611,35195
9 MAY 2018,58,58,57.6,57.9,8,2006805,116394618
8 MAY 2018,58.7,58.7,58.2,58.2,3,4002,232917.4
3 MAY 2018,58,58.8,58,58.4,19,271110,15803796
2 MAY 2018,59.3,59.3,59.3,58,1,1,59.3
1 MAY 2018,59.3,59.3,58,58,14,29447,1708077.3
27 APR 2018,59.5,59.5,58,58.1,14,2022341,117297088.2
26 APR 2018,59.5,59.5,58.4,58.5,10,50849,2974656.6
25 APR 2018,58.1,60,58.1,59,13,32626,1918733.9
24 APR 2018,59,59,58.5,59,3,891,52568.5
23 APR 2018,59.3,59.3,58.9,59,19,63100,3722779
19 APR 2018,60,60,59,59.3,5,8000,474080
18 APR 2018,62,62,59.1,59.9,5,1642,98386.2
17 APR 2018,59,62.9,59,60.1,12,18810,1129201.5
12 APR 2018,59,60,59,59.5,4,10058,598423
11 APR 2018,60,60,60,60,4,3100,186000
10 APR 2018,58.5,60,58.5,59.5,14,39018,2322875.8
9 APR 2018,59.9,59.9,59.9,59.9,2,5020,300698
6 APR 2018,59.9,59.9,59.9,60,4,35,2096.5
5 APR 2018,62,62,59,60,8,28500,1710990
4 APR 2018,60,60,59,60,36,7541238,452332928
3 APR 2018,60,61,59,59.5,42,2144452,128620589
2 APR 2018,60,60,59.2,60,45,6904079,414244719.2
29 MAR 2018,59,59,58,58.2,16,9081,528571.3
28 MAR 2018,59.5,60,59,59.3,30,2039869,122368174.6
27 MAR 2018,60,60,59.6,60,6,4375,262498.4
26 MAR 2018,59.9,60,59.9,59.9,6,3640,218040
23 MAR 2018,60,60,59.5,60,6,5520,331150
22 MAR 2018,60.1,60.1,60,60,7,9750,585080
21 MAR 2018,60,60.1,60,60.1,6,2237,134320
20 MAR 2018,60,61.9,60,60,10,4801,288061.9
19 MAR 2018,60.2,60.5,60,60.1,3,743,44685.5
16 MAR 2018,60.5,60.5,60,60,8,645,38714.5
15 MAR 2018,62,62,60,60.2,11,1359,82113
14 MAR 2018,60.3,62.5,60.3,62.5,9,6011008,372682495
13 MAR 2018,60.2,62,60.2,62,3,45,2745.1
12 MAR 2018,64,64,60.2,62,17,25211,1563280.4
9 MAR 2018,63.2,63.2,62,62,6,400324,24820112.8
7 MAR 2018,60.3,60.3,60.2,60.2,7,3410,205323
6 MAR 2018,60.3,64,60.3,61,4,274,16737
5 MAR 2018,60.5,64,60.2,60.6,9,554,33589.2
2 MAR 2018,64,65,64,64,14,1245,80180
28 FEB 2018,64.1,64.9,60.5,64,10,4143,265253.1
27 FEB 2018,68,68,65,66,67,136760,9027297.5
26 FEB 2018,68.9,71.5,68.9,70,144,4958991,347128824.9
23 FEB 2018,66,70,66,68.9,107,494366,34358710.5
22 FEB 2018,66,66.5,66,66.4,40,233952,15482136.6
21 FEB 2018,65,66,65,66,24,94990,6261779.6
20 FEB 2018,66,66.6,65,65.2,28,12514,818013.6
19 FEB 2018,65,67.5,64.9,66.1,118,122024,7974448.6
15 FEB 2018,61,63,61,61.8,11,19044,1176791
14 FEB 2018,61,61,60,60.1,19,19811,1193944.2
12 FEB 2018,60.5,60.5,60.5,60.5,2,20000,1210000
9 FEB 2018,60.5,60.6,60.5,60.6,3,1128,68344
8 FEB 2018,61.4,61.5,60.7,60.7,14,850593,51660138.6
7 FEB 2018,61,61.4,61,61.4,8,6110,374751
6 FEB 2018,61,61,60,61,14,14178,864854
2 FEB 2018,61,61.5,61,61.4,32,90232,5515217
1 FEB 2018,61.5,61.5,61,61.5,10,11870,728975
30 JAN 2018,61.4,61.5,61,61,7,40990,2502310
29 JAN 2018,61.1,61.2,61,61.1,24,89818,5484779.8
26 JAN 2018,61.1,61.1,61.1,61.1,4,2300,140530
25 JAN 2018,61.2,61.7,61,61.5,16,16716,1022625.6
24 JAN 2018,61.5,61.8,61.2,61.2,6,20951,1288201.8
23 JAN 2018,61.4,61.8,61.2,61.2,5,3289,201345
22 JAN 2018,61.3,61.3,61.2,61.2,3,4801,293821.3
19 JAN 2018,61.8,61.8,61.8,61.5,3,3,185.4
18 JAN 2018,61,61.8,61,61.5,49,532323,32491523.5
17 JAN 2018,60,61,60,60.6,32,446234,26959278.1
16 JAN 2018,60,60.5,60,60.1,5,5810,348651
12 JAN 2018,60.7,60.9,60,60.3,74,1004618,60284650.5
11 JAN 2018,61.3,61.3,60.6,60.6,5,8801,533551.3
10 JAN 2018,60.6,61.3,60.6,60.9,18,26337,1603200.6
9 JAN 2018,60.2,61,60.1,61,8,15223,928289
8 JAN 2018,60.1,60.2,60.1,60.2,15,2046858,123016613.3
5 JAN 2018,59.4,61.4,59.4,60.6,51,1005588,60342984.8
4 JAN 2018,57.8,59.4,57.8,58.8,9,1884935,113093534
3 JAN 2018,57.7,57.7,57.6,57.7,2,4000,230650
2 JAN 2018,59,59,57.6,57.6,5,4050,233370
28 DEC 2017,59.5,59.5,59.5,59.5,2,210,12495
27 DEC 2017,59.9,59.9,59.9,59,1,10,599
22 DEC 2017,59.9,60,59,59,8,4531,267801.9
21 DEC 2017,58.5,59.5,58.5,59.1,24,232115,13686435.5
20 DEC 2017,57.6,58,57.6,58,4,1530,88528
19 DEC 2017,57.6,58,57.5,58,5,52660,3053016
18 DEC 2017,58,59,57.6,58,8,93845,5443294.4
15 DEC 2017,58,58.9,58,58.2,2,244,14191.6
14 DEC 2017,58,58,58,58,5,1142200,66247600
13 DEC 2017,57.5,59.5,57.5,58,13,180085,10444962
12 DEC 2017,57.5,58,57.5,57.6,8,3520,202548
11 DEC 2017,57.5,57.9,57.5,57.5,6,5697,327617.5
8 DEC 2017,57.5,57.5,57.5,57.5,2,3897,224077.5
7 DEC 2017,57.9,58,57.9,58,6,38110,2210369
6 DEC 2017,57.5,57.5,57.5,57.5,9,11198,643885
5 DEC 2017,56.7,58,56.5,57.5,14,70320,4037544
4 DEC 2017,57.5,57.5,57,57,9,2829,161267.5
30 NOV 2017,57.5,58,57,57,14,2372,135360
29 NOV 2017,57.5,57.6,57.5,57.5,5,3643,209482.5
28 NOV 2017,57.1,57.6,57,57.6,26,124436,7159291.3
27 NOV 2017,57.1,57.2,57.1,57.1,6,1675,95694.6
24 NOV 2017,57.6,57.6,57.2,57.2,6,1285,73504
23 NOV 2017,57.6,57.6,57.5,57.5,2,120,6902
22 NOV 2017,58,58,57.1,57.2,13,12913,746791.3
21 NOV 2017,57.6,58,57.5,58,13,1017531,59016565.5
20 NOV 2017,58,58,57.6,57.6,6,420,24206
17 NOV 2017,58,58,58,58,4,286,16588
16 NOV 2017,57.9,58,57.9,57.9,3,206,11928
15 NOV 2017,59.1,59.1,58,58,10,10637,616968.7
14 NOV 2017,58.1,59.1,58,59.1,27,1622478,95867495.5
13 NOV 2017,59,59,58.4,58.4,8,28890,1688565
10 NOV 2017,58,58,58,59,2,84,4872
9 NOV 2017,59,60.5,59,59,19,696675,41796090
8 NOV 2017,57.6,59.1,57.6,59.1,9,273336,16150574.4
7 NOV 2017,57.6,58,57.6,58.5,3,61,3517.6
6 NOV 2017,58,59,58,58.5,14,178956,10466752
2 NOV 2017,58,58,58,58,2,4799,278342
1 NOV 2017,57.5,59,57.5,58,10,400401,23223059
31 OCT 2017,58.5,58.5,58,58,20,8049,468116.8
30 OCT 2017,60,60,58.6,58.8,7,4175,245543.3
27 OCT 2017,60,60,59,59,5,25,1492
26 OCT 2017,59,59,59,59,2,500,29500
25 OCT 2017,58.9,60,58,59,28,106849,6289814.7
24 OCT 2017,59,59,58.9,58.9,3,362,21328
23 OCT 2017,60,60,59,59,4,404,23839.6
20 OCT 2017,60.8,60.8,60.8,59,1,1,60.8
19 OCT 2017,60.9,60.9,60.9,59,1,1,60.9
17 OCT 2017,59.1,60.9,59,59,6,4502,265721.9
16 OCT 2017,59.5,59.5,59,59,5,1957,115910.6
13 OCT 2017,60,61,59.5,59.5,7,11572,690195
12 OCT 2017,57.9,60,57.8,59.6,31,134486,7989876.5
11 OCT 2017,58.5,58.5,58,58,7,619,35922.4
10 OCT 2017,58.8,58.8,58.8,58,1,10,588
9 OCT 2017,58.5,58.5,58,58,12,5010,290685
6 OCT 2017,58.5,58.5,58.2,58.5,13,2232,130436.6
4 OCT 2017,58.2,58.5,58.2,58.5,12,11444,669408
3 OCT 2017,58.1,58.5,58.1,58.2,4,17,992.5
2 OCT 2017,58.5,59,58.1,58.2,13,3353,196317
29 SEP 2017,58.5,59,58.5,58.6,5,277,16219.7
28 SEP 2017,59.9,59.9,59.6,59.9,2,802,48039.2
27 SEP 2017,60,60,59,59.1,8,1609,95012
26 SEP 2017,61,61,59,59.1,20,15121,902774.9
25 SEP 2017,60.8,62.2,60,60,40,27503,1664570
22 SEP 2017,60,60.7,60,60,3,5007,300422.8
21 SEP 2017,61,61,59.1,61,5,540,32698.7
20 SEP 2017,59.1,61,59.1,61,26,23621,1430642
19 SEP 2017,58.2,58.2,58.2,59,4,60,3492
18 SEP 2017,58,61,58,59,14,15024,886218
15 SEP 2017,58.1,59,58,58,5,2003,116197
14 SEP 2017,59,59,58,58,12,2415,140108.1
13 SEP 2017,59,59,58,58,6,6771,393270
12 SEP 2017,59,59,58,58,29,2104440,124152928
11 SEP 2017,60,60,59,59,8,2026,119560
8 SEP 2017,59,59,59,59,16,213206,12579154
7 SEP 2017,59,59,58,58.7,27,339645,20029143.8
6 SEP 2017,59,59,58.2,58.2,17,7261,427411.5
4 SEP 2017,59.9,60,59,59,13,21051,1262182
31 AUG 2017,59,59.5,59,59,9,87856,5183522.5
30 AUG 2017,59,59,58.3,59,22,40236,2373089.8
29 AUG 2017,59,59,59,59,6,566063,33397717
28 AUG 2017,58.6,58.6,58.5,58.5,6,87000,5089610
25 AUG 2017,59,59,58.6,59,14,11708,690242
24 AUG 2017,58.1,59,58,58,17,10333,605422.2
23 AUG 2017,59,59,58,58,12,1004319,59254373
22 AUG 2017,59.5,59.5,59,59,31,88043,5200389.5
21 AUG 2017,60.5,60.5,60,60,7,210,12639.5
18 AUG 2017,61,61,60,60.1,27,91994,5527685
17 AUG 2017,60.4,61,60,60.2,41,122154,7354264.6
16 AUG 2017,64,64,61,61.4,16,2379,145963.2
15 AUG 2017,64,64,64,61.9,1,10,640
14 AUG 2017,64,64,64,61.9,1,1,64
11 AUG 2017,63.9,63.9,63.9,61.9,2,3,191.7
10 AUG 2017,61.1,64,61.1,61.9,7,521,32245.2
9 AUG 2017,64,64.8,64,64,6,1111,71104.8
8 AUG 2017,64.6,65,64,64,5,1601,102513.3
4 AUG 2017,64.6,65,64.6,65,10,9022,586379
3 AUG 2017,65.5,65.5,64.6,64.7,16,22130,1437363.5
2 AUG 2017,65.8,65.8,65.8,65.8,1,200,13160
1 AUG 2017,66.4,67.5,66,66,11,5143,339737
31 JUL 2017,67,67,66.5,66.5,3,620,41480
28 JUL 2017,67,67,66.8,66.8,2,202,13494
27 JUL 2017,66.5,67,66.5,67,11,181278,12142602.5
26 JUL 2017,66.5,66.5,66,66.2,14,405,26886.5
25 JUL 2017,66,66,66,66,8,19238,1269708
24 JUL 2017,66,66,66,66,2,800,52800
21 JUL 2017,66,66,66,66,4,24390,1609740
20 JUL 2017,66,66,66,66,1,20000,1320000
19 JUL 2017,67,67,65.5,65.5,12,110750,7257385
18 JUL 2017,67.6,67.7,67.2,67.2,5,2966,199365.6
17 JUL 2017,68,68,67.2,67.2,6,666,44784.8
14 JUL 2017,67.9,69.5,67.9,68.5,68,8321457,574159503.5
12 JUL 2017,67.5,68,67.2,67.9,6,3805,255801.5
11 JUL 2017,67.5,67.5,67.2,67.2,6,1085,72935
10 JUL 2017,68,68.5,67.5,68.4,12,5244,357884.9
7 JUL 2017,67.5,68.1,67.5,68,12,10962,743985
6 JUL 2017,68,68,67.5,67.5,25,14013,950138.3
5 JUL 2017,68.3,68.3,67.5,67.7,9,1929,130683.5
4 JUL 2017,68.3,68.5,68.3,68.3,8,760,51918
3 JUL 2017,69,69,68,68.5,19,15910,1089261.5
30 JUN 2017,68,69,67.1,68.3,25,21056,1437097.9
29 JUN 2017,67.8,68,67,68,22,638626,43423782
28 JUN 2017,67,67.5,67,67,14,376818,25251817
27 JUN 2017,67.1,67.9,67,67,6,3314,222155.4
23 JUN 2017,67,68,67,67,13,14560,975558.5
22 JUN 2017,67.3,67.5,67,67,10,6225,418982.5
21 JUN 2017,66.5,67.4,66.5,67.2,54,1085496,72723884.9
20 JUN 2017,67,67,66.2,66.4,5,420,27948.5
16 JUN 2017,67.5,67.5,66.2,67,22,264320,17708147.2
15 JUN 2017,66,67,65,67,41,124439,8211850
14 JUN 2017,66,66.7,66,66.2,7,1935,128139
13 JUN 2017,66,67,66,66.8,24,140719,9301810
12 JUN 2017,66,66.4,65.9,66.1,35,106473,7029815.8
9 JUN 2017,65.5,65.9,65.2,65.5,16,3014,197475.5
7 JUN 2017,65.1,66,65.1,65.3,8,8392,547401.2
6 JUN 2017,66,66,65.2,65.2,10,2315,152160.6
5 JUN 2017,66.5,66.5,66.1,66.1,9,3165,209911.3
2 JUN 2017,66.1,66.5,66.1,66.1,5,745,49248.5
1 JUN 2017,66.1,67,65.5,66.5,10,5453,358190.7
31 MAY 2017,65.1,67,65,66.9,24,27400,1831686
30 MAY 2017,65.6,66,65.6,66,11,3488,230020.8
29 MAY 2017,65.9,66,65.8,65.8,14,23100,1521973.7
26 MAY 2017,66,66,65.8,65.8,8,653,43028
25 MAY 2017,66.9,66.9,66.7,66.7,7,5568,371585.6
24 MAY 2017,66.8,66.9,66,66.5,27,17825,1182032.7
23 MAY 2017,66,67,66,67,7,9235,610739.5
22 MAY 2017,66.5,66.5,66,66.3,9,12632,839386.8
19 MAY 2017,65.6,66.5,65.6,65.8,14,3262,215737.1
18 MAY 2017,67.7,67.7,65.7,66,16,14049,929163.2
17 MAY 2017,66,66.9,66,66.9,4,3776,252114
16 MAY 2017,65.2,68,65.1,65.6,19,8216,538153.4
15 MAY 2017,68.1,68.5,67,67,6,3140,210596
12 MAY 2017,68.5,69,68.5,68.6,23,7594,520847.6
9 MAY 2017,68.5,68.9,68.5,68.8,23,410516,28276741
8 MAY 2017,69,69,68.5,68.5,33,166699,11484945.6
5 MAY 2017,68,69,68,69,22,150125,10354357.1
4 MAY 2017,68,69,68,69,22,304132,20954348
3 MAY 2017,68.8,69,68,68.9,60,373603,25732979.8
2 MAY 2017,69.5,69.5,68.7,69,58,538445,37256496.4
28 APR 2017,67.5,69.5,66.1,69.4,145,1614991,111871496.3
27 APR 2017,65.5,67.5,65.1,67,75,1031402,67945772.3
26 APR 2017,65,65.5,65,65.1,31,7900789,514320327.1
25 APR 2017,65,65.9,65,65.5,83,147164,9605737.7
24 APR 2017,65,65.4,65,65,112,1312330,85303850.3
21 APR 2017,65,65.5,65,65,21,37005,2410905
20 APR 2017,65.4,65.4,65,65,9,16011,1045276.2
19 APR 2017,65.5,65.5,65,65.4,12,13871,906370.5
18 APR 2017,65,65.6,65,65.3,49,3564678,231712716.5
17 APR 2017,65.9,66,64.4,65,20,26764,1741662.1
12 APR 2017,64,65.9,64,65,60,1082750,70171905.6
11 APR 2017,63,64,63,63.5,10,4753,301686
7 APR 2017,62.5,64,62.5,64,18,12783,806176.4
6 APR 2017,61.9,62.2,61,62,29,516180,31751516
5 APR 2017,61,62,60.4,60.9,23,18490,1143659.5
4 APR 2017,60,61,60,61,9,1314,79604
3 APR 2017,60,60,60,60,7,5220,313200
31 MAR 2017,61,61,58.5,59.2,30,11235,665241.5
30 MAR 2017,61.5,61.9,60,60.2,24,2317439,142509814.1
29 MAR 2017,62,62,61,61,5,609,37658
28 MAR 2017,60,60.1,59.1,59.9,22,17008,1018956.2
27 MAR 2017,61,61,60,60.1,22,6741,407033.1
24 MAR 2017,62,62,61.1,62,4,5561307,344801030.4
23 MAR 2017,61,61,60.5,60.7,9,7904,478512.4
22 MAR 2017,61.1,63.5,61,61,14,4832,294777.6
21 MAR 2017,61.9,61.9,61.1,61.1,8,1510,93081
20 MAR 2017,61.8,63.5,61.8,61.9,2,120,7433
17 MAR 2017,63.9,63.9,61.1,61.8,12,235340,14520642
16 MAR 2017,62,64,62,62.2,11,1304,80958.1
15 MAR 2017,64.9,64.9,62.1,62.1,2,405,25164.5
14 MAR 2017,60.2,65,60.2,61.7,43,4000252,260013108.8
13 MAR 2017,61,64,60.1,63.3,21,7165,441850
10 MAR 2017,62.7,64,61,61.9,39,6345,390063.5
9 MAR 2017,63.2,63.2,62.6,62.7,35,5856,368735.2
8 MAR 2017,64.8,65,63.5,63.6,32,5741987,373223051.8
7 MAR 2017,63.5,64.9,63.5,64.7,3,114,7373
6 MAR 2017,63.5,65,62,65,84,3166990,205826528.5
3 MAR 2017,63.6,63.6,63.2,63.3,15,4995,316325.3
2 MAR 2017,64.1,64.1,63.5,63.5,8,7400,470900.6
1 MAR 2017,65,65.3,64.1,65.1,12,9306,604935.8
28 FEB 2017,65,65.3,65,65,11,23594,1534093
27 FEB 2017,65,65,63.2,65,24,202059,13133833.2
23 FEB 2017,65,65,65,65,22,71714,4661410
22 FEB 2017,65,65,64,64,17,3765,243169.5
21 FEB 2017,65,65.2,65,65,20,39416,2562140
20 FEB 2017,65,65.5,64.5,65.1,32,41914,2723707.5
17 FEB 2017,65,66,65,65,26,56165,3651045
16 FEB 2017,65,66,65,65,12,46172,3001820.8
15 FEB 2017,65.8,65.8,65,65,39,131838,8570464.5
14 FEB 2017,65.2,65.2,65.1,65.1,4,2600,169360
13 FEB 2017,65,66.1,65,66,23,13835,912411.4
9 FEB 2017,65.1,65.1,65,65,5,2450,159351
8 FEB 2017,65.9,65.9,65,65,32,188515,12256997.2
7 FEB 2017,65.7,66,65,65,18,10806,703570.2
6 FEB 2017,68,68,65,65,49,253450,16484198.5
3 FEB 2017,67,68,65.6,67.9,61,1104553,74900361
2 FEB 2017,65.5,68,65.5,66,113,8231371,559489986.5
1 FEB 2017,65.5,65.9,65.5,65.6,22,17087,1120495.2
31 JAN 2017,65.5,65.8,65,65.4,63,224250,14605120
30 JAN 2017,65.5,65.9,65.2,65.5,39,35742,2339954.6
27 JAN 2017,65.1,66,65,65.2,67,397970,26028180.1
26 JAN 2017,65.1,65.4,65,65,43,136714,8888815
25 JAN 2017,66,66,65,65,32,39710,2583006.1
24 JAN 2017,65.4,66,65,65.1,27,142348,9260644.6
23 JAN 2017,65,66.7,65,65,64,1452604,94419969.8
20 JAN 2017,65.6,66.8,65.5,65.8,11,5386,355093.9
19 JAN 2017,66.8,67.9,65,65.6,102,75262,5015097.7
18 JAN 2017,65.1,66.5,64.8,65.5,74,171451,11161395.9
17 JAN 2017,66.6,67,65,65.2,56,48284,3163036.8
16 JAN 2017,68.5,68.5,66.5,67,104,51082,3436331.5
13 JAN 2017,65.5,69.5,65,68.8,398,1606235,108873208.9
11 JAN 2017,60.2,65.5,60.2,65.1,241,290766,18795952.8
10 JAN 2017,58.2,62.5,58.2,60.9,86,317422,19043002.9
9 JAN 2017,58.5,58.5,57,57.8,31,28412,1627452
6 JAN 2017,56.2,58.4,56,58.2,25,9088,522187.4
5 JAN 2017,56,57.5,56,57.3,22,19094,1078905.2
4 JAN 2017,55,55.9,55,55.5,55,79437,4380519
3 JAN 2017,58,58,54.9,55,97,56624,3136247.9
2 JAN 2017,59.5,59.5,57.7,58,79,33029,1941547.8
30 DEC 2016,65,65,59,59.3,383,716175,43044795.1