"Date","Price","Open","High","Low","Vol.","Change %"
"06/19/2026","334.000","333.125","334.125","333.000","","0.11%"
"06/18/2026","333.625","333.500","334.750","332.500","","0.04%"
"06/17/2026","333.500","334.500","334.500","332.375","","-0.45%"
"06/16/2026","335.000","333.500","335.250","332.500","","0.37%"
"06/15/2026","333.750","326.500","335.250","326.500","","-0.67%"
"06/12/2026","336.000","336.000","336.125","332.500","","0.30%"
"06/11/2026","335.000","332.500","336.000","329.500","","1.36%"
"06/10/2026","330.500","329.000","336.500","327.000","","-1.93%"
"06/09/2026","337.000","337.250","338.425","336.625","","-0.15%"
"06/08/2026","337.500","336.250","337.500","335.875","","0.45%"
"06/05/2026","336.000","337.000","337.500","334.750","","-0.30%"
"06/04/2026","337.000","335.500","337.250","333.750","","0.60%"
"06/03/2026","335.000","331.375","335.750","331.375","","0.75%"
"06/02/2026","332.500","331.250","332.750","330.250","","0.30%"
"06/01/2026","331.500","330.500","332.250","330.000","","0.15%"
"05/29/2026","331.000","329.500","331.000","327.500","","0.76%"
"05/28/2026","328.500","328.500","328.500","328.500","","0.00%"
"05/27/2026","328.500","326.500","332.000","324.500","","1.39%"
"05/26/2026","324.000","322.500","325.250","320.500","","0.00%"
"05/25/2026","324.000","330.000","330.000","319.500","","-1.82%"
"05/22/2026","330.000","346.000","346.250","326.500","","-3.65%"
"05/21/2026","342.500","342.500","347.500","342.000","","0.74%"
"05/20/2026","340.000","334.500","344.500","334.500","","2.56%"
"05/19/2026","331.500","331.500","332.000","328.700","","-0.23%"
"05/18/2026","332.250","326.750","333.400","325.950","","1.61%"
"05/15/2026","327.000","325.175","328.500","324.500","","0.58%"
"05/14/2026","325.125","325.150","327.750","324.050","","-0.12%"
"05/13/2026","325.500","322.750","325.500","322.350","","0.77%"
"05/12/2026","323.000","322.250","323.200","321.875","","0.22%"
"05/11/2026","322.300","321.750","322.350","321.125","","0.25%"
"05/08/2026","321.500","321.250","321.950","320.900","","-0.12%"
"05/07/2026","321.875","321.000","322.125","320.250","","0.35%"
"05/06/2026","320.750","320.250","320.750","319.575","","0.16%"
"05/05/2026","320.250","319.400","320.325","319.300","","0.16%"
"05/04/2026","319.750","319.125","319.975","319.000","","0.05%"
"05/01/2026","319.600","319.600","319.600","319.600","","0.00%"
"04/30/2026","319.600","319.600","320.500","319.150","","-0.05%"
"04/29/2026","319.750","318.875","319.750","318.450","","0.16%"
"04/28/2026","319.250","318.500","319.250","317.850","","0.24%"
"04/27/2026","318.500","318.500","318.750","317.450","","0.08%"
"04/24/2026","318.250","317.200","318.250","317.100","","0.16%"
"04/23/2026","317.750","317.050","318.125","316.850","","0.33%"
"04/22/2026","316.700","316.400","317.425","316.400","","0.08%"
"04/21/2026","316.450","316.400","316.750","316.300","","-0.09%"
"04/20/2026","316.750","316.650","316.750","316.275","","0.21%"
"04/17/2026","316.100","316.050","316.600","315.500","","0.10%"
"04/16/2026","315.800","315.400","316.000","315.350","","0.08%"
"04/15/2026","315.550","315.125","315.625","315.125","","0.00%"
"04/14/2026","315.550","315.550","315.550","315.550","","0.00%"
"04/13/2026","315.550","315.550","315.550","315.550","","0.00%"
"04/10/2026","315.550","315.350","315.625","315.050","","-0.02%"
"04/09/2026","315.600","315.250","315.600","315.050","","0.11%"
"04/08/2026","315.250","315.075","315.350","314.950","","-0.06%"
"04/07/2026","315.450","315.350","315.515","315.075","","0.03%"
"04/06/2026","315.350","315.125","315.500","314.900","","-0.05%"
"04/03/2026","315.500","315.500","315.500","315.500","","0.00%"
"04/02/2026","315.500","315.250","315.675","314.550","","0.08%"
"04/01/2026","315.250","315.250","315.250","315.250","","0.00%"
"03/31/2026","315.250","315.100","315.750","314.800","","-0.10%"
"03/30/2026","315.550","314.125","315.650","314.125","","0.25%"
"03/27/2026","314.750","314.500","314.925","314.175","","0.08%"
"03/26/2026","314.500","314.050","315.100","313.275","","0.00%"
"03/25/2026","314.500","313.625","314.500","312.675","","0.06%"
"03/24/2026","314.325","312.875","314.550","312.875","","0.26%"
"03/23/2026","313.500","312.250","314.250","311.950","","0.50%"
"03/20/2026","311.950","311.425","311.950","311.300","","0.11%"
"03/19/2026","311.600","311.300","311.600","311.050","","0.07%"
"03/18/2026","311.375","311.250","311.425","311.025","","0.01%"
"03/17/2026","311.350","311.300","311.450","311.150","","-0.02%"
"03/16/2026","311.400","311.125","311.550","311.125","","0.06%"
"03/13/2026","311.225","311.050","311.225","310.775","","0.10%"
"03/12/2026","310.900","310.625","311.150","310.625","","0.00%"
"03/11/2026","310.900","310.950","311.000","310.550","","0.02%"
"03/10/2026","310.850","310.750","311.200","310.550","","-0.19%"
"03/09/2026","311.450","311.500","311.875","311.100","","0.14%"
"03/06/2026","311.000","311.450","311.675","310.800","","0.03%"
"03/05/2026","310.900","310.150","311.100","310.150","","0.11%"
"03/04/2026","310.550","310.100","310.550","309.850","","0.22%"
"03/03/2026","309.875","309.250","310.150","309.250","","0.21%"
"03/02/2026","309.230","309.230","309.230","309.230","","0.00%"
"02/27/2026","309.230","309.300","309.300","309.025","","0.03%"
"02/26/2026","309.150","309.325","309.350","309.140","","-0.06%"
"02/25/2026","309.350","309.250","309.375","309.225","","-0.02%"
"02/24/2026","309.400","309.350","309.400","309.275","","0.02%"
"02/23/2026","309.350","309.400","309.435","309.225","","-0.02%"
"02/20/2026","309.400","309.200","309.425","309.175","","0.02%"
"02/19/2026","309.350","309.400","309.400","309.125","","0.01%"
"02/18/2026","309.325","309.450","309.450","309.150","","-0.02%"
"02/17/2026","309.400","309.250","309.400","309.075","","0.06%"
"02/16/2026","309.200","309.200","309.300","309.125","","-0.01%"
"02/13/2026","309.225","309.200","309.225","309.025","","-0.03%"
"02/12/2026","309.330","309.400","309.400","309.225","","0.00%"
"02/11/2026","309.325","309.350","309.425","309.225","","-0.03%"
"02/10/2026","309.430","309.350","309.475","309.275","","-0.01%"
"02/09/2026","309.450","309.250","309.465","309.225","","0.02%"
"02/06/2026","309.375","309.360","309.400","309.225","","-0.03%"
"02/05/2026","309.465","309.375","309.525","309.250","","0.00%"
"02/04/2026","309.475","309.475","309.475","309.475","","0.00%"
"02/03/2026","309.475","309.600","309.600","309.250","","-0.04%"
"02/02/2026","309.600","309.300","309.650","309.200","","0.11%"
"01/30/2026","309.250","309.350","309.375","309.025","","-0.05%"
"01/29/2026","309.400","309.655","309.665","309.250","","-0.08%"
"01/28/2026","309.650","309.525","309.700","309.475","","-0.02%"
"01/27/2026","309.700","309.600","309.800","309.425","","0.05%"
"01/26/2026","309.550","309.725","309.800","309.300","","-0.08%"
"01/23/2026","309.800","309.650","309.800","309.600","","0.01%"
"01/22/2026","309.775","309.775","309.850","309.625","","0.04%"
"01/21/2026","309.650","309.475","309.800","309.450","","-0.02%"
"01/20/2026","309.700","309.550","309.930","309.550","","-0.02%"
"01/19/2026","309.750","309.675","309.825","309.500","","-0.02%"
"01/16/2026","309.800","309.175","309.825","309.175","","0.11%"
"01/15/2026","309.450","309.450","309.450","309.450","","0.00%"
"01/14/2026","309.450","309.000","309.575","308.950","","0.11%"
"01/13/2026","309.125","308.950","309.225","308.850","","0.01%"
"01/12/2026","309.100","309.025","309.275","308.875","","-0.02%"
"01/09/2026","309.150","309.250","309.525","309.050","","0.02%"
"01/08/2026","309.100","310.100","310.150","309.100","","-0.31%"
"01/07/2026","310.050","309.950","310.375","309.950","","0.02%"
"01/06/2026","310.000","309.800","310.050","309.800","","0.02%"
"01/05/2026","309.950","309.850","310.000","309.575","","0.06%"
"01/02/2026","309.750","309.550","309.900","309.350","","0.05%"
"01/01/2026","309.600","309.500","309.825","309.225","","0.00%"
"12/31/2025","309.600","309.900","310.200","309.350","","-0.15%"
"12/30/2025","310.050","309.800","310.125","309.650","","0.06%"
"12/29/2025","309.875","309.675","309.925","309.450","","0.09%"
"12/26/2025","309.600","309.450","309.800","309.450","","0.00%"
"12/25/2025","309.600","309.600","309.600","309.600","","0.00%"
"12/24/2025","309.600","309.450","309.800","309.450","","0.02%"
"12/23/2025","309.550","309.450","309.800","309.250","","-0.02%"
"12/22/2025","309.600","309.600","309.750","309.200","","0.02%"
"12/19/2025","309.550","309.300","309.575","309.050","","0.06%"
"12/18/2025","309.350","309.600","309.925","309.150","","-0.10%"
"12/17/2025","309.650","309.350","309.700","309.350","","0.05%"
"12/16/2025","309.500","309.400","309.625","309.150","","0.10%"
"12/15/2025","309.200","309.050","309.375","308.950","","0.06%"
"12/12/2025","309.000","309.075","309.125","308.850","","-0.08%"
"12/11/2025","309.250","308.800","309.275","308.775","","0.15%"
"12/10/2025","308.800","308.650","308.850","308.450","","0.05%"
"12/09/2025","308.650","308.600","308.725","308.450","","0.02%"
"12/08/2025","308.575","308.450","308.650","308.350","","0.04%"
"12/05/2025","308.450","308.700","308.775","308.350","","-0.07%"
"12/04/2025","308.675","308.675","308.675","308.675","","0.00%"
"12/03/2025","308.675","308.650","308.975","308.650","","-0.04%"
"12/02/2025","308.800","308.250","308.910","308.250","","0.10%"
"12/01/2025","308.500","308.300","308.550","308.000","","0.11%"
"11/28/2025","308.175","308.000","308.175","307.950","","0.06%"
"11/27/2025","308.000","308.000","308.175","307.850","","0.02%"
"11/26/2025","307.950","308.000","308.125","307.850","","0.02%"
"11/25/2025","307.900","307.750","308.000","307.700","","0.06%"
"11/24/2025","307.700","307.850","307.975","307.550","","-0.03%"
"11/21/2025","307.800","308.000","308.000","307.750","","-0.11%"
"11/20/2025","308.150","308.125","308.425","307.900","","-0.03%"
"11/19/2025","308.250","307.850","308.725","307.850","","0.12%"
"11/18/2025","307.875","306.875","308.000","306.875","","0.29%"
"11/17/2025","307.000","306.725","308.000","306.250","","0.09%"
"11/14/2025","306.725","305.525","307.050","305.375","","0.34%"
"11/13/2025","305.700","304.600","305.700","304.525","","0.39%"
"11/12/2025","304.500","304.175","304.650","304.175","","0.07%"
"11/11/2025","304.275","304.050","304.400","303.950","","0.06%"
"11/10/2025","304.100","304.800","304.850","303.800","","-0.23%"
"11/07/2025","304.800","304.900","304.940","304.725","","-0.05%"
"11/06/2025","304.950","304.750","305.225","304.600","","0.08%"
"11/05/2025","304.700","304.700","304.700","304.700","","0.00%"
"11/04/2025","304.700","304.425","304.800","304.350","","0.09%"
"11/03/2025","304.425","304.375","304.525","304.200","","-0.01%"
"10/31/2025","304.450","304.100","304.500","304.150","","0.07%"
"10/30/2025","304.225","304.400","304.650","304.100","","-0.05%"
"10/29/2025","304.375","304.050","304.525","303.950","","0.02%"
"10/28/2025","304.300","303.950","304.300","303.900","","0.07%"
"10/27/2025","304.075","303.550","304.100","303.550","","0.13%"
"10/24/2025","303.675","303.450","303.750","303.150","","0.04%"
"10/23/2025","303.550","303.400","303.650","303.175","","0.07%"
"10/22/2025","303.350","303.175","303.525","303.050","","0.07%"
"10/21/2025","303.150","302.900","303.250","302.900","","0.12%"
"10/20/2025","302.800","302.800","302.800","302.800","","0.00%"
"10/17/2025","302.800","302.950","303.125","302.650","","-0.06%"
"10/16/2025","302.975","302.925","303.035","302.750","","-0.01%"
"10/15/2025","303.000","302.825","303.035","302.725","","0.05%"
"10/14/2025","302.850","302.550","302.850","302.550","","0.09%"
"10/13/2025","302.575","302.600","302.660","302.450","","-0.01%"
"10/10/2025","302.600","302.700","302.725","302.500","","-0.03%"
"10/09/2025","302.700","302.650","302.900","302.550","","0.03%"
"10/08/2025","302.600","302.500","302.675","302.400","","0.04%"
"10/07/2025","302.475","302.325","302.525","302.325","","0.02%"
"10/06/2025","302.400","302.400","302.400","302.400","","0.00%"
"10/03/2025","302.400","302.425","302.525","302.300","","-0.02%"
"10/02/2025","302.450","302.450","302.550","302.350","","0.00%"
"10/01/2025","302.450","302.475","302.515","302.400","","-0.03%"
"09/30/2025","302.550","302.525","302.600","302.450","","0.00%"
"09/29/2025","302.550","302.550","302.650","302.450","","0.00%"
"09/26/2025","302.550","302.475","302.625","302.400","","0.02%"
"09/25/2025","302.500","302.375","302.550","302.375","","0.02%"
"09/24/2025","302.450","302.500","302.600","302.375","","0.02%"
"09/23/2025","302.400","302.300","302.550","302.250","","-0.02%"
"09/22/2025","302.450","302.025","302.550","302.025","","0.02%"
"09/19/2025","302.400","302.000","302.600","301.850","","0.12%"
"09/18/2025","302.025","301.975","302.135","301.750","","0.02%"
"09/17/2025","301.950","302.000","302.000","301.800","","-0.03%"
"09/16/2025","302.050","302.050","302.125","301.850","","0.00%"
"09/15/2025","302.050","301.900","302.175","301.850","","0.08%"
"09/12/2025","301.800","301.725","301.890","301.650","","-0.02%"
"09/11/2025","301.850","301.900","301.950","301.700","","-0.03%"
"09/10/2025","301.950","301.900","302.050","301.800","","0.02%"
"09/09/2025","301.875","301.925","301.950","301.700","","-0.02%"
"09/08/2025","301.950","301.950","302.150","301.850","","0.00%"
"09/05/2025","301.950","301.950","301.950","301.950","","0.00%"
"09/04/2025","301.950","301.925","302.100","301.850","","-0.03%"
"09/03/2025","302.050","302.075","302.250","301.950","","-0.03%"
"09/02/2025","302.150","301.850","302.200","301.850","","0.07%"
"09/01/2025","301.950","301.450","302.000","301.725","","-0.03%"
"08/29/2025","302.050","302.350","302.350","301.925","","-0.10%"
"08/28/2025","302.350","302.425","302.475","302.250","","-0.01%"
"08/27/2025","302.375","302.250","302.375","302.150","","0.04%"
"08/26/2025","302.250","302.225","302.275","302.150","","0.03%"
"08/25/2025","302.150","301.975","302.225","301.900","","0.08%"
"08/22/2025","301.900","301.875","301.975","301.725","","0.00%"
"08/21/2025","301.900","301.600","301.925","301.550","","0.05%"
"08/20/2025","301.750","301.500","301.925","301.450","","0.12%"
"08/19/2025","301.375","301.200","301.750","301.175","","0.09%"
"08/18/2025","301.100","300.900","301.325","300.850","","0.02%"
"08/15/2025","301.030","301.150","301.250","300.925","","-0.01%"
"08/14/2025","301.075","300.825","301.200","300.825","","0.07%"
"08/13/2025","300.850","300.975","301.050","300.750","","-0.06%"
"08/12/2025","301.025","300.650","301.325","300.650","","0.07%"
"08/11/2025","300.800","300.550","300.800","300.450","","0.03%"
"08/08/2025","300.700","300.700","300.700","300.700","","0.00%"
"08/07/2025","300.700","300.800","300.850","300.625","","-0.02%"
"08/06/2025","300.750","300.750","300.850","300.500","","0.00%"
"08/05/2025","300.750","300.900","300.925","300.725","","-0.05%"
"08/04/2025","300.900","301.200","301.200","300.800","","-0.11%"
"08/01/2025","301.225","301.925","301.950","301.050","","-0.34%"
"07/31/2025","302.250","302.075","302.260","302.050","","0.02%"
"07/30/2025","302.175","302.100","302.300","302.000","","0.02%"
"07/29/2025","302.100","301.850","302.225","301.800","","0.05%"
"07/28/2025","301.950","301.775","302.000","301.725","","0.03%"
"07/25/2025","301.850","301.750","301.925","301.700","","0.02%"
"07/24/2025","301.775","301.800","301.850","301.700","","0.02%"
"07/23/2025","301.700","301.700","301.825","301.650","","-0.02%"
"07/22/2025","301.750","301.775","301.785","301.625","","0.00%"
"07/21/2025","301.750","301.700","302.000","301.575","","0.03%"
"07/18/2025","301.650","301.350","301.800","301.350","","0.07%"
"07/17/2025","301.450","301.350","301.575","301.275","","0.00%"
"07/16/2025","301.450","301.250","301.600","301.050","","0.17%"
"07/15/2025","300.925","300.850","301.075","300.775","","0.01%"
"07/14/2025","300.900","300.750","301.100","300.675","","0.08%"
"07/11/2025","300.650","300.350","300.900","300.350","","0.08%"
"07/10/2025","300.400","300.400","300.400","300.400","","0.00%"
"07/09/2025","300.400","300.600","300.950","300.400","","-0.07%"
"07/08/2025","300.600","301.050","301.300","300.300","","-0.22%"
"07/07/2025","301.250","300.000","301.550","300.000","","0.41%"
"07/04/2025","300.025","299.925","300.650","299.925","","0.03%"
"07/03/2025","299.925","299.925","300.050","299.850","","0.00%"
"07/02/2025","299.925","300.050","300.050","299.840","","-0.01%"
"07/01/2025","299.950","299.950","300.050","299.800","","-0.02%"
"06/30/2025","300.000","299.800","300.000","299.725","","0.05%"
"06/27/2025","299.850","299.825","300.025","299.800","","-0.03%"
"06/26/2025","299.950","299.850","300.250","299.750","","-0.07%"
"06/25/2025","300.150","300.150","300.325","300.025","","-0.10%"
"06/24/2025","300.450","300.550","300.650","300.100","","-0.24%"
"06/23/2025","301.175","300.550","301.300","300.400","","0.22%"
"06/20/2025","300.500","300.650","300.800","300.250","","-0.05%"
"06/19/2025","300.650","300.450","300.700","300.375","","0.05%"
"06/18/2025","300.500","301.050","301.100","300.275","","-0.08%"
"06/17/2025","300.750","301.375","301.375","300.100","","-0.03%"
"06/16/2025","300.850","300.050","301.200","299.900","","0.33%"
"06/13/2025","299.850","299.300","299.850","299.075","","0.27%"
"06/12/2025","299.050","298.900","299.150","298.850","","0.04%"
"06/11/2025","298.925","299.100","299.100","298.850","","-0.04%"
"06/10/2025","299.050","299.050","299.050","299.050","","0.00%"
"06/09/2025","299.050","299.200","299.300","299.000","","0.00%"
"06/06/2025","299.050","299.150","299.150","299.000","","-0.03%"
"06/05/2025","299.150","299.250","299.325","299.150","","-0.05%"
"06/04/2025","299.300","299.400","299.425","299.250","","-0.02%"
"06/03/2025","299.350","299.500","299.590","299.350","","-0.05%"
"06/02/2025","299.500","299.450","299.625","299.350","","0.02%"
"05/30/2025","299.450","299.200","299.550","299.150","","0.05%"
"05/29/2025","299.300","299.450","299.525","299.300","","-0.05%"
"05/28/2025","299.450","299.600","299.800","299.400","","-0.05%"
"05/27/2025","299.600","299.650","299.875","299.450","","-0.03%"
"05/26/2025","299.700","299.200","299.950","299.200","","0.10%"
"05/23/2025","299.400","299.300","299.625","299.100","","0.03%"
"05/22/2025","299.325","299.500","299.545","299.250","","-0.08%"
"05/21/2025","299.550","299.750","299.975","299.475","","-0.27%"
"05/20/2025","300.350","299.800","301.350","299.800","","0.12%"
"05/19/2025","300.000","299.050","300.000","299.000","","0.28%"
"05/16/2025","299.150","298.550","299.300","298.400","","0.22%"
"05/15/2025","298.500","298.475","298.550","298.350","","-0.05%"
"05/14/2025","298.650","298.900","298.900","298.525","","-0.07%"
"05/13/2025","298.850","298.850","298.850","298.850","","0.00%"
"05/12/2025","298.850","298.850","298.850","298.850","","0.00%"
"05/09/2025","298.850","298.950","299.050","298.475","","-0.08%"
"05/08/2025","299.100","299.250","299.375","299.100","","-0.08%"
"05/07/2025","299.350","299.450","299.500","299.350","","-0.05%"
"05/06/2025","299.500","299.450","299.575","299.350","","0.00%"
"05/05/2025","299.500","299.450","299.600","299.375","","0.00%"
"05/02/2025","299.500","299.350","299.525","299.250","","0.01%"
"05/01/2025","299.475","299.475","299.475","299.475","","0.00%"
"04/30/2025","299.475","299.600","299.625","299.350","","-0.01%"
"04/29/2025","299.500","299.450","299.650","299.450","","-0.03%"
"04/28/2025","299.600","299.550","299.775","299.475","","0.00%"
"04/25/2025","299.600","299.800","299.850","299.450","","-0.12%"
"04/24/2025","299.950","299.700","300.200","299.700","","0.08%"
"04/23/2025","299.700","299.700","299.800","299.550","","-0.05%"
"04/22/2025","299.850","299.225","300.050","299.225","","0.21%"
"04/21/2025","299.225","298.975","299.375","298.900","","0.07%"
"04/18/2025","299.025","299.025","299.025","299.025","","0.00%"
"04/17/2025","299.025","298.700","299.200","298.500","","0.18%"
"04/16/2025","298.500","298.250","298.875","298.150","","0.13%"
"04/15/2025","298.100","298.100","298.100","298.100","","0.00%"
"04/14/2025","298.100","298.100","298.100","298.100","","0.00%"
"04/11/2025","298.100","297.250","298.425","297.025","","0.20%"
"04/10/2025","297.500","301.000","301.000","296.500","","-1.16%"
"04/09/2025","301.000","299.375","302.000","299.375","","0.42%"
"04/08/2025","299.750","297.625","300.075","297.500","","0.59%"
"04/07/2025","298.000","296.850","298.250","296.800","","0.44%"
"04/04/2025","296.700","296.675","296.975","296.375","","-0.05%"
"04/03/2025","296.850","297.000","297.425","296.500","","0.27%"
"04/02/2025","296.050","296.050","296.100","295.950","","-0.01%"
"04/01/2025","296.075","296.150","296.225","296.050","","-0.04%"
"03/31/2025","296.200","296.200","296.200","296.200","","0.00%"
"03/28/2025","296.200","296.300","296.375","296.150","","-0.02%"
"03/27/2025","296.250","296.250","296.400","296.200","","-0.02%"
"03/26/2025","296.310","296.400","296.475","296.250","","-0.06%"
"03/25/2025","296.500","296.625","296.875","296.375","","-0.08%"
"03/24/2025","296.725","296.600","296.800","296.450","","0.13%"
"03/21/2025","296.350","296.250","296.650","296.200","","-0.03%"
"03/20/2025","296.450","296.100","296.750","296.100","","0.02%"
"03/19/2025","296.400","295.850","296.450","295.800","","0.11%"
"03/18/2025","296.075","296.375","296.375","295.800","","-0.10%"
"03/17/2025","296.375","296.250","296.550","295.850","","-0.01%"
"03/14/2025","296.400","295.300","296.400","295.300","","0.36%"
"03/13/2025","295.350","295.350","295.350","295.350","","0.00%"
"03/12/2025","295.350","295.350","295.525","295.250","","-0.03%"
"03/11/2025","295.425","295.450","295.605","295.275","","-0.01%"
"03/10/2025","295.450","295.450","295.525","295.225","","0.00%"
"03/07/2025","295.450","295.400","295.600","295.175","","-0.03%"
"03/06/2025","295.550","295.550","295.750","295.275","","0.09%"
"03/05/2025","295.275","295.100","295.375","295.075","","0.03%"
"03/04/2025","295.200","295.200","295.350","295.075","","-0.02%"
"03/03/2025","295.250","295.200","295.450","295.100","","0.00%"
"02/28/2025","295.250","295.300","295.525","295.200","","-0.02%"
"02/27/2025","295.300","295.600","295.625","295.275","","-0.10%"
"02/26/2025","295.600","295.600","295.600","295.600","","0.00%"
"02/25/2025","295.600","295.750","295.950","295.375","","-0.01%"
"02/24/2025","295.625","295.400","296.050","295.350","","-0.01%"
"02/21/2025","295.650","296.000","296.075","295.250","","-0.17%"
"02/20/2025","296.150","296.350","296.650","296.000","","-0.25%"
"02/19/2025","296.900","295.950","297.250","295.950","","0.26%"
"02/18/2025","296.125","295.375","296.450","295.200","","0.16%"
"02/17/2025","295.650","295.600","295.675","295.100","","0.03%"
"02/14/2025","295.550","295.400","295.700","295.000","","-0.10%"
"02/13/2025","295.850","296.800","297.050","295.850","","-0.37%"
"02/12/2025","296.950","296.950","296.950","296.950","","0.00%"
"02/11/2025","296.950","296.375","297.350","296.300","","0.05%"
"02/10/2025","296.800","297.250","297.975","296.700","","-0.15%"
"02/07/2025","297.250","298.350","298.525","296.650","","-0.34%"
"02/06/2025","298.250","298.550","298.800","298.125","","-0.10%"
"02/05/2025","298.550","299.450","300.000","298.350","","-0.33%"
"02/04/2025","299.550","299.550","299.550","299.550","","0.00%"
"02/03/2025","299.550","298.400","299.825","298.400","","0.52%"
"01/31/2025","298.000","297.500","298.000","297.100","","0.15%"
"01/30/2025","297.550","296.550","298.600","296.375","","0.35%"
"01/29/2025","296.500","296.975","296.975","296.300","","-0.15%"
"01/28/2025","296.950","298.350","298.550","296.875","","-0.52%"
"01/27/2025","298.500","298.250","298.650","298.250","","0.08%"
"01/24/2025","298.250","298.600","298.675","297.950","","-0.12%"
"01/23/2025","298.600","298.950","299.075","298.450","","-0.01%"
"01/22/2025","298.625","297.950","299.000","297.950","","0.34%"
"01/21/2025","297.600","297.400","297.750","297.200","","0.25%"
"01/20/2025","296.850","296.850","297.075","296.625","","0.13%"
"01/17/2025","296.450","296.350","297.150","296.150","","0.05%"
"01/16/2025","296.300","295.500","296.700","295.500","","0.23%"
"01/15/2025","295.625","294.625","295.625","294.625","","0.36%"
"01/14/2025","294.550","294.550","294.550","294.550","","0.00%"
"01/13/2025","294.550","294.550","294.550","294.550","","0.00%"
"01/10/2025","294.550","294.350","295.475","294.150","","-0.03%"
"01/09/2025","294.625","295.900","296.250","294.625","","-0.46%"
"01/08/2025","296.000","295.875","296.600","295.475","","0.17%"
"01/07/2025","295.500","295.625","296.575","295.350","","-0.03%"
"01/06/2025","295.600","294.150","295.625","294.075","","0.63%"
"01/03/2025","293.750","293.250","294.150","293.200","","0.19%"
"01/02/2025","293.200","293.150","293.375","292.675","","0.07%"
"01/01/2025","293.000","293.250","293.850","292.950","","-0.04%"
"12/31/2024","293.125","292.425","293.650","292.400","","0.21%"
"12/30/2024","292.500","292.450","293.000","292.050","","0.09%"
"12/27/2024","292.250","293.425","293.425","292.100","","-0.61%"
"12/26/2024","294.050","294.750","294.750","293.825","","-0.24%"
"12/25/2024","294.750","294.750","294.750","294.750","","0.00%"
"12/24/2024","294.750","296.250","297.250","294.100","","-0.46%"
"12/23/2024","296.125","294.125","296.500","294.125","","0.86%"
"12/20/2024","293.600","292.875","294.000","292.875","","0.24%"
"12/19/2024","292.900","291.650","293.100","291.650","","0.50%"
"12/18/2024","291.450","291.250","291.750","291.025","","0.10%"
"12/17/2024","291.150","290.675","291.250","290.675","","0.14%"
"12/16/2024","290.750","290.300","291.050","290.250","","0.19%"
"12/13/2024","290.200","290.200","290.450","290.100","","0.01%"
"12/12/2024","290.175","290.200","290.275","290.150","","-0.01%"
"12/11/2024","290.200","290.200","290.300","290.200","","-0.02%"
"12/10/2024","290.250","290.300","290.400","290.225","","-0.03%"
"12/09/2024","290.350","290.300","290.400","290.200","","0.01%"
"12/06/2024","290.325","290.250","290.450","290.250","","0.01%"
"12/05/2024","290.300","290.350","290.500","290.250","","-0.03%"
"12/04/2024","290.400","290.450","290.525","290.300","","-0.03%"
"12/03/2024","290.500","290.550","290.600","290.400","","-0.05%"
"12/02/2024","290.650","290.600","290.675","290.450","","0.00%"
"11/29/2024","290.650","290.550","290.700","290.400","","-0.02%"
"11/28/2024","290.700","290.950","291.075","290.650","","-0.11%"
"11/27/2024","291.025","291.200","291.200","290.900","","-0.04%"
"11/26/2024","291.150","291.150","291.250","291.015","","0.05%"
"11/25/2024","291.000","291.000","291.100","290.950","","-0.02%"
"11/22/2024","291.050","290.850","291.150","290.800","","0.03%"
"11/21/2024","290.950","290.950","291.100","290.875","","0.00%"
"11/20/2024","290.950","291.050","291.200","290.700","","0.00%"
"11/19/2024","290.950","290.850","291.075","290.800","","-0.14%"
"11/18/2024","291.350","291.550","291.700","291.200","","-0.27%"
"11/15/2024","292.150","292.150","292.150","292.150","","0.00%"
"11/14/2024","292.150","292.155","292.300","292.125","","-0.03%"
"11/13/2024","292.250","292.250","292.320","292.225","","-0.06%"
"11/12/2024","292.425","292.600","292.700","292.425","","-0.06%"
"11/11/2024","292.600","292.600","292.675","292.450","","0.01%"
"11/08/2024","292.575","292.375","292.800","292.375","","-0.01%"
"11/07/2024","292.600","292.700","292.725","292.500","","-0.07%"
"11/06/2024","292.800","292.800","293.050","292.650","","-0.09%"
"11/05/2024","293.050","293.000","293.200","292.950","","-0.04%"
"11/04/2024","293.175","293.075","293.300","292.900","","0.08%"
"11/01/2024","292.950","292.850","293.050","292.700","","0.00%"
"10/31/2024","292.950","292.950","292.950","292.950","","0.00%"
"10/30/2024","292.950","293.450","293.550","292.950","","-0.24%"
"10/29/2024","293.650","293.575","293.800","293.475","","0.01%"
"10/28/2024","293.625","293.425","293.700","293.400","","0.04%"
"10/25/2024","293.500","293.500","294.700","293.500","","-0.05%"
"10/24/2024","293.650","293.650","293.775","293.400","","0.09%"
"10/23/2024","293.400","293.000","293.550","293.000","","0.07%"
"10/22/2024","293.200","293.150","293.250","293.075","","0.03%"
"10/21/2024","293.100","293.000","293.250","292.900","","0.03%"
"10/18/2024","293.000","292.900","293.000","292.625","","0.05%"
"10/17/2024","292.850","292.850","292.850","292.850","","0.00%"
"10/16/2024","292.850","293.000","293.025","292.750","","-0.12%"
"10/15/2024","293.200","293.550","293.675","293.100","","0.01%"
"10/14/2024","293.175","292.850","293.750","292.600","","0.09%"
"10/11/2024","292.900","292.700","293.075","292.675","","0.02%"
"10/10/2024","292.850","293.100","293.200","292.800","","-0.03%"
"10/09/2024","292.950","292.900","293.250","292.625","","-0.06%"
"10/08/2024","293.125","293.300","293.650","292.900","","-0.06%"
"10/07/2024","293.300","294.000","294.025","293.125","","-0.24%"
"10/04/2024","294.000","293.750","294.350","293.125","","0.00%"
"10/03/2024","294.000","295.125","296.500","293.900","","-0.51%"
"10/02/2024","295.500","294.675","296.000","294.100","","0.22%"
"10/01/2024","294.850","295.875","295.900","294.850","","-0.46%"
"09/30/2024","296.200","298.250","298.500","296.075","","-0.87%"
"09/27/2024","298.800","299.175","300.000","298.125","","-0.35%"
"09/26/2024","299.850","299.375","300.750","299.375","","-0.30%"
"09/25/2024","300.750","302.850","302.600","300.375","","-0.76%"
"09/24/2024","303.050","304.200","304.450","303.000","","-0.39%"
"09/23/2024","304.250","304.000","304.750","303.750","","-0.33%"
"09/20/2024","305.250","304.175","305.625","304.125","","0.30%"
"09/19/2024","304.350","303.125","304.850","303.125","","0.33%"
"09/18/2024","303.350","302.250","304.500","301.875","","0.45%"
"09/17/2024","302.000","302.000","302.000","302.000","","0.00%"
"09/16/2024","302.000","302.000","302.000","302.000","","0.00%"
"09/13/2024","302.000","300.850","302.250","300.550","","0.17%"
"09/12/2024","301.500","300.850","302.000","300.550","","0.20%"
"09/11/2024","300.900","300.500","301.100","300.400","","0.10%"
"09/10/2024","300.600","301.125","301.150","299.750","","-0.13%"
"09/09/2024","301.000","299.150","301.000","299.100","","0.66%"
"09/06/2024","299.025","298.700","299.025","298.450","","0.08%"
"09/05/2024","298.800","298.850","298.875","298.675","","-0.03%"
"09/04/2024","298.900","298.800","299.050","298.800","","-0.05%"
"09/03/2024","299.050","299.050","299.350","298.975","","0.03%"
"09/02/2024","298.950","299.200","299.200","298.575","","-0.08%"
"08/30/2024","299.200","299.675","299.800","299.200","","-0.29%"
"08/29/2024","300.075","300.450","300.500","300.075","","-0.17%"
"08/28/2024","300.600","300.400","300.900","300.350","","0.07%"
"08/27/2024","300.400","301.100","301.100","300.250","","-0.15%"
"08/26/2024","300.850","299.950","301.250","299.950","","0.33%"
"08/23/2024","299.850","301.250","301.250","299.700","","-0.43%"
"08/22/2024","301.150","300.300","301.550","300.300","","0.26%"
"08/21/2024","300.375","299.750","300.375","299.375","","0.26%"
"08/20/2024","299.600","298.675","299.850","298.650","","0.27%"
"08/19/2024","298.800","298.800","298.800","298.800","","0.00%"
"08/16/2024","298.800","298.900","298.975","298.450","","-0.07%"
"08/15/2024","299.000","299.050","299.050","298.750","","-0.05%"
"08/14/2024","299.150","299.075","299.350","298.900","","0.01%"
"08/13/2024","299.125","299.500","299.550","298.900","","-0.11%"
"08/12/2024","299.450","299.950","299.950","299.300","","-0.18%"
"08/09/2024","300.000","300.850","300.850","299.850","","-0.32%"
"08/08/2024","300.950","301.550","301.550","300.625","","-0.22%"
"08/07/2024","301.625","302.075","302.175","301.550","","-0.17%"
"08/06/2024","302.150","302.275","302.700","301.850","","-0.08%"
"08/05/2024","302.400","301.925","302.425","301.800","","0.15%"
"08/02/2024","301.950","302.275","302.300","301.825","","-0.12%"
"08/01/2024","302.325","302.325","302.575","302.225","","-0.02%"
"07/31/2024","302.375","302.400","302.550","302.275","","-0.06%"
"07/30/2024","302.550","302.650","302.650","302.125","","-0.03%"
"07/29/2024","302.650","303.200","303.200","302.625","","-0.13%"
"07/26/2024","303.050","303.125","303.300","302.875","","-0.10%"
"07/25/2024","303.350","303.500","303.625","303.200","","-0.07%"
"07/24/2024","303.550","303.400","303.750","303.400","","-0.03%"
"07/23/2024","303.650","303.950","304.025","303.650","","-0.07%"
"07/22/2024","303.875","303.550","303.900","303.050","","0.08%"
"07/19/2024","303.625","303.850","303.950","303.375","","-0.07%"
"07/18/2024","303.850","303.800","304.100","303.625","","0.03%"
"07/17/2024","303.750","303.500","304.300","303.250","","0.08%"
"07/16/2024","303.500","302.250","303.700","302.000","","0.35%"
"07/15/2024","302.450","301.550","302.525","300.700","","0.22%"
"07/12/2024","301.800","302.775","302.800","301.800","","-0.35%"
"07/11/2024","302.875","303.500","303.550","302.875","","-0.27%"
"07/10/2024","303.700","303.600","303.900","303.600","","-0.10%"
"07/09/2024","304.000","304.200","304.325","303.950","","-0.12%"
"07/08/2024","304.375","304.700","304.700","304.200","","-0.07%"
"07/05/2024","304.600","304.750","305.000","304.400","","0.05%"
"07/04/2024","304.450","304.050","304.750","304.050","","0.05%"
"07/03/2024","304.300","303.250","304.750","302.750","","0.55%"
"07/02/2024","302.625","304.850","304.900","302.050","","-0.79%"
"07/01/2024","305.050","306.000","306.125","305.050","","-0.29%"
"06/28/2024","305.950","305.750","306.175","305.550","","0.13%"
"06/27/2024","305.550","305.300","305.850","305.200","","0.07%"
"06/26/2024","305.350","305.100","305.400","305.100","","0.05%"
"06/25/2024","305.200","305.150","305.325","305.125","","0.02%"
"06/24/2024","305.125","305.150","305.375","305.100","","-0.03%"
"06/21/2024","305.225","305.225","305.225","305.225","","0.00%"
"06/20/2024","305.225","305.575","305.850","305.100","","0.06%"
"06/19/2024","305.050","305.150","305.625","304.650","","0.08%"
"06/18/2024","304.800","304.100","304.800","303.900","","0.30%"
"06/17/2024","303.900","303.900","303.900","303.900","","0.00%"
"06/14/2024","303.900","303.725","304.000","303.725","","0.03%"
"06/13/2024","303.800","303.750","304.025","303.600","","0.00%"
"06/12/2024","303.800","303.525","304.025","303.275","","0.18%"
"06/11/2024","303.250","303.050","303.700","303.050","","0.03%"
"06/10/2024","303.150","302.800","303.450","302.625","","0.18%"
"06/07/2024","302.600","302.575","302.825","302.475","","-0.08%"
"06/06/2024","302.850","302.250","302.900","302.250","","0.17%"
"06/05/2024","302.350","302.000","302.475","302.000","","0.08%"
"06/04/2024","302.100","301.950","302.425","301.900","","0.07%"
"06/03/2024","301.900","301.875","301.950","301.775","","0.00%"
"05/31/2024","301.900","301.700","302.000","301.650","","0.01%"
"05/30/2024","301.875","301.500","302.075","301.500","","0.14%"
"05/29/2024","301.450","301.375","301.600","300.750","","-0.17%"
"05/28/2024","301.950","300.450","302.000","300.450","","0.45%"
"05/27/2024","300.600","300.250","300.650","300.050","","0.20%"
"05/24/2024","300.000","300.000","300.000","300.000","","0.00%"
"05/23/2024","300.000","300.000","300.000","300.000","","0.00%"
"05/22/2024","300.000","299.600","300.250","299.500","","0.03%"
"05/21/2024","299.900","299.550","299.900","299.525","","0.10%"
"05/20/2024","299.600","299.650","300.000","299.425","","0.05%"
"05/17/2024","299.450","300.050","300.050","299.400","","-0.42%"
"05/16/2024","300.700","301.750","302.300","300.300","","-0.46%"
"05/15/2024","302.100","301.500","302.350","301.500","","0.37%"
"05/14/2024","301.000","300.800","301.775","300.475","","0.27%"
"05/13/2024","300.200","299.050","300.525","298.900","","0.49%"
"05/10/2024","298.750","298.525","298.900","298.150","","0.00%"
"05/09/2024","298.750","298.200","298.875","298.150","","0.02%"
"05/08/2024","298.700","298.900","299.025","298.200","","-0.28%"
"05/07/2024","299.550","298.200","300.000","298.200","","0.35%"
"05/06/2024","298.500","297.125","298.700","297.125","","0.45%"
"05/03/2024","297.150","296.850","297.350","296.800","","0.05%"
"05/02/2024","297.000","297.375","297.375","296.375","","-0.17%"
"05/01/2024","297.500","297.500","297.500","297.500","","0.00%"
"04/30/2024","297.500","298.000","298.500","297.375","","0.27%"
"04/29/2024","296.700","296.350","297.625","296.150","","0.24%"
"04/26/2024","295.975","296.200","296.400","295.900","","-0.29%"
"04/25/2024","296.850","297.250","297.300","296.850","","-0.39%"
"04/24/2024","298.000","300.125","300.125","297.875","","-0.82%"
"04/23/2024","300.450","300.450","300.450","300.450","","0.00%"
"04/22/2024","300.450","302.000","302.250","300.375","","-0.35%"
"04/19/2024","301.500","301.500","302.350","301.500","","0.00%"
"04/18/2024","301.500","301.500","302.000","301.000","","0.00%"
"04/17/2024","301.500","300.500","302.000","300.500","","0.50%"
"04/16/2024","300.000","299.050","300.300","298.900","","0.33%"
"04/15/2024","299.000","298.500","299.400","298.450","","0.18%"
"04/12/2024","298.450","298.450","298.450","298.450","","0.00%"
"04/11/2024","298.450","298.450","298.450","298.450","","0.00%"
"04/10/2024","298.450","298.400","298.525","298.275","","-0.06%"
"04/09/2024","298.625","298.650","298.725","298.500","","-0.09%"
"04/08/2024","298.900","299.050","299.050","298.750","","-0.12%"
"04/05/2024","299.250","299.500","299.500","299.125","","-0.15%"
"04/04/2024","299.700","299.850","299.850","299.675","","-0.03%"
"04/03/2024","299.800","299.900","299.950","299.775","","-0.05%"
"04/02/2024","299.950","299.800","299.975","299.750","","-0.03%"
"04/01/2024","300.050","300.125","300.175","299.875","","-0.12%"
"03/29/2024","300.400","300.400","300.400","300.400","","0.00%"
"03/28/2024","300.400","300.300","300.425","300.125","","-0.17%"
"03/27/2024","300.900","301.250","301.300","300.825","","-0.33%"
"03/26/2024","301.900","302.000","302.050","301.800","","-0.25%"
"03/25/2024","302.650","303.300","303.325","302.525","","-0.21%"
"03/22/2024","303.300","303.650","303.700","303.300","","-0.20%"
"03/21/2024","303.900","303.875","303.925","303.700","","-0.07%"
"03/20/2024","304.100","303.850","304.700","303.850","","0.07%"
"03/19/2024","303.900","303.875","304.000","303.750","","-0.21%"
"03/18/2024","304.525","304.700","304.700","304.450","","-0.23%"
"03/15/2024","305.225","305.125","305.275","305.100","","-0.10%"
"03/14/2024","305.525","305.600","305.675","305.125","","-0.18%"
"03/13/2024","306.075","306.450","306.450","306.075","","-0.15%"
"03/12/2024","306.525","306.945","306.945","306.400","","-0.14%"
"03/11/2024","306.950","307.025","307.125","306.875","","-0.13%"
"03/08/2024","307.350","307.350","307.350","307.350","","0.00%"
"03/07/2024","307.350","307.850","307.850","307.250","","-0.13%"
"03/06/2024","307.750","307.800","307.900","307.600","","-0.08%"
"03/05/2024","308.000","307.625","308.050","307.625","","0.02%"
"03/04/2024","307.950","308.000","308.100","307.800","","-0.28%"
"03/01/2024","308.825","309.250","309.250","308.750","","-0.25%"
"02/29/2024","309.600","309.900","309.975","309.550","","-0.16%"
"02/28/2024","310.100","310.550","310.325","309.750","","-0.10%"
"02/27/2024","310.400","310.675","311.000","310.400","","-0.13%"
"02/26/2024","310.800","310.850","311.000","310.375","","0.00%"
"02/23/2024","310.800","310.800","310.800","310.800","","0.00%"
"02/22/2024","310.800","311.100","311.250","310.550","","-0.19%"
"02/21/2024","311.400","311.800","311.875","311.375","","-0.14%"
"02/20/2024","311.850","312.100","312.250","311.800","","-0.10%"
"02/19/2024","312.150","312.050","312.625","312.050","","-0.06%"
"02/16/2024","312.350","312.750","312.750","312.125","","-0.14%"
"02/15/2024","312.800","313.050","313.450","312.650","","-0.10%"
"02/14/2024","313.125","313.100","313.210","313.000","","-0.01%"
"02/13/2024","313.150","313.400","313.850","312.950","","-0.08%"
"02/12/2024","313.400","312.900","313.700","312.750","","0.19%"
"02/09/2024","312.800","312.875","313.275","312.750","","-0.06%"
"02/08/2024","313.000","313.250","313.675","312.875","","0.00%"
"02/07/2024","313.000","313.125","313.350","312.475","","-0.24%"
"02/06/2024","313.750","312.125","314.000","312.125","","0.38%"
"02/05/2024","312.550","311.750","312.750","311.750","","0.26%"
"02/02/2024","311.750","311.000","313.000","310.250","","-0.48%"
"02/01/2024","313.250","314.700","314.700","313.150","","-0.82%"
"01/31/2024","315.850","316.300","316.300","315.800","","-0.35%"
"01/30/2024","316.950","317.700","317.700","316.900","","-0.27%"
"01/29/2024","317.800","317.700","318.100","317.500","","0.06%"
"01/26/2024","317.600","317.050","317.775","317.050","","-0.20%"
"01/25/2024","318.250","318.250","318.250","318.250","","0.00%"
"01/24/2024","318.250","319.650","319.800","318.000","","-0.50%"
"01/23/2024","319.850","319.850","320.050","319.650","","-0.03%"
"01/22/2024","319.950","320.250","320.250","319.725","","-0.09%"
"01/19/2024","320.250","320.600","320.800","320.200","","-0.19%"
"01/18/2024","320.850","320.550","321.350","320.375","","-0.02%"
"01/17/2024","320.900","321.400","321.525","320.900","","-0.19%"
"01/16/2024","321.525","322.000","322.025","321.450","","-0.19%"
"01/15/2024","322.150","322.150","322.150","322.150","","0.00%"
"01/12/2024","322.150","322.100","322.325","322.000","","-0.14%"
"01/11/2024","322.600","322.850","322.850","322.425","","-0.09%"
"01/10/2024","322.875","322.475","323.050","322.375","","0.12%"
"01/09/2024","322.500","322.500","322.650","322.300","","0.02%"
"01/08/2024","322.425","322.250","322.550","322.075","","-0.05%"
"01/05/2024","322.600","322.450","322.700","322.200","","-0.03%"
"01/04/2024","322.700","322.750","322.750","322.125","","-0.02%"
"01/03/2024","322.750","321.450","322.825","321.350","","0.31%"
"01/02/2024","321.750","321.000","321.750","320.250","","-0.39%"
"01/01/2024","323.000","324.000","324.025","322.650","","-0.28%"
"12/29/2023","323.900","323.700","324.075","323.700","","0.02%"
"12/28/2023","323.850","323.625","324.250","323.425","","-0.05%"
"12/27/2023","324.000","325.125","325.125","323.625","","-0.43%"
"12/26/2023","325.400","325.400","325.400","325.400","","0.00%"
"12/25/2023","325.400","325.400","325.400","325.400","","0.00%"
"12/22/2023","325.400","326.325","326.325","325.125","","-0.25%"
"12/21/2023","326.225","326.250","326.700","326.025","","-0.18%"
"12/20/2023","326.800","326.875","327.100","326.725","","-0.06%"
"12/19/2023","327.000","326.950","327.200","326.575","","0.04%"
"12/18/2023","326.875","326.900","327.200","326.625","","-0.02%"
"12/15/2023","326.925","326.500","327.175","326.500","","0.10%"
"12/14/2023","326.600","326.700","326.850","326.200","","-0.05%"
"12/13/2023","326.750","326.500","327.175","326.475","","-0.04%"
"12/12/2023","326.875","326.750","327.200","326.750","","-0.04%"
"12/11/2023","327.000","326.750","327.305","326.750","","0.00%"
"12/08/2023","327.000","326.750","327.500","326.500","","0.11%"
"12/07/2023","326.650","326.500","327.025","326.150","","-0.06%"
"12/06/2023","326.850","327.750","328.000","326.700","","-0.32%"
"12/05/2023","327.900","328.100","328.750","327.400","","-0.03%"
"12/04/2023","328.000","328.000","328.325","327.750","","0.00%"
"12/01/2023","328.000","327.625","328.200","327.500","","0.00%"
"11/30/2023","328.000","328.400","328.400","326.750","","-0.15%"
"11/29/2023","328.500","329.000","329.500","328.250","","-0.23%"
"11/28/2023","329.250","329.450","329.750","328.750","","0.08%"
"11/27/2023","329.000","328.375","329.200","328.250","","0.18%"
"11/24/2023","328.400","328.500","328.900","328.400","","-0.03%"
"11/23/2023","328.500","328.500","328.900","328.300","","0.00%"
"11/22/2023","328.500","328.375","328.750","328.250","","0.02%"
"11/21/2023","328.450","328.000","328.750","327.975","","0.14%"
"11/20/2023","328.000","328.000","328.225","327.500","","0.08%"
"11/17/2023","327.750","327.800","328.000","327.250","","-0.08%"
"11/16/2023","328.000","328.500","328.750","327.550","","-0.20%"
"11/15/2023","328.650","328.000","329.000","327.750","","0.27%"
"11/14/2023","327.750","327.000","327.800","326.500","","0.31%"
"11/13/2023","326.750","327.000","327.000","326.600","","-0.11%"
"11/10/2023","327.125","328.125","328.125","326.550","","-0.04%"
"11/09/2023","327.250","328.750","329.500","327.250","","-0.38%"
"11/08/2023","328.500","327.625","328.750","327.375","","0.23%"
"11/07/2023","327.750","326.500","327.750","326.500","","0.31%"
"11/06/2023","326.750","329.750","330.000","326.250","","-0.61%"
"11/03/2023","328.750","329.125","329.800","328.750","","-0.08%"
"11/02/2023","329.000","328.000","329.125","328.000","","0.38%"
"11/01/2023","327.750","327.600","328.000","327.500","","0.00%"
"10/31/2023","327.750","327.500","328.000","327.250","","0.15%"
"10/30/2023","327.250","327.000","327.500","327.000","","-0.05%"
"10/27/2023","327.400","326.750","327.400","326.500","","0.20%"
"10/26/2023","326.750","326.500","327.225","326.375","","0.08%"
"10/25/2023","326.500","327.250","327.700","326.200","","-0.31%"
"10/24/2023","327.500","326.000","327.625","325.875","","0.41%"
"10/23/2023","326.150","325.750","326.500","325.375","","0.12%"
"10/20/2023","325.750","325.250","325.750","324.750","","0.31%"
"10/19/2023","324.750","324.375","325.125","324.375","","0.05%"
"10/18/2023","324.575","324.200","324.750","324.075","","0.10%"
"10/17/2023","324.250","323.750","324.575","323.750","","0.09%"
"10/16/2023","323.950","323.750","324.075","323.375","","0.10%"
"10/13/2023","323.625","323.750","324.125","323.500","","0.00%"
"10/12/2023","323.625","323.800","323.925","323.250","","-0.04%"
"10/11/2023","323.750","323.500","324.050","323.250","","0.02%"
"10/10/2023","323.700","323.700","323.750","323.125","","0.00%"
"10/09/2023","323.700","323.625","324.000","323.250","","-0.09%"
"10/06/2023","324.000","323.500","324.200","323.350","","-0.02%"
"10/05/2023","324.050","323.500","324.100","323.375","","0.13%"
"10/04/2023","323.625","324.000","324.150","323.375","","-0.12%"
"10/03/2023","324.000","324.000","324.250","323.450","","-0.05%"
"10/02/2023","324.175","324.000","324.550","323.500","","0.05%"
"09/29/2023","324.000","324.000","324.000","324.000","","0.00%"
"09/28/2023","324.000","324.000","324.000","324.000","","0.00%"
"09/27/2023","324.000","323.750","324.125","322.500","","0.08%"
"09/26/2023","323.750","324.250","324.500","323.750","","-0.23%"
"09/25/2023","324.500","324.500","325.250","324.125","","0.00%"
"09/22/2023","324.500","324.250","325.000","323.875","","0.15%"
"09/21/2023","324.000","324.500","325.275","323.125","","-0.15%"
"09/20/2023","324.500","324.500","325.000","324.250","","0.00%"
"09/19/2023","324.500","323.750","325.000","323.750","","-0.04%"
"09/18/2023","324.625","323.500","324.625","323.125","","0.46%"
"09/15/2023","323.125","323.250","323.625","322.500","","-0.27%"
"09/14/2023","324.000","323.500","324.250","322.750","","0.31%"
"09/13/2023","323.000","322.000","323.875","321.750","","0.16%"
"09/12/2023","322.500","321.875","322.875","321.750","","0.23%"
"09/11/2023","321.750","321.750","322.625","321.325","","0.08%"
"09/08/2023","321.500","322.000","322.500","321.125","","-0.31%"
"09/07/2023","322.500","322.250","322.725","321.875","","0.31%"
"09/06/2023","321.500","321.500","322.500","320.500","","0.00%"
"09/05/2023","321.500","320.250","322.400","318.500","","0.23%"
"09/04/2023","320.750","319.125","320.750","318.500","","0.55%"
"09/01/2023","319.000","319.500","319.675","318.000","","0.00%"
"08/31/2023","319.000","320.500","320.500","318.500","","-0.62%"
"08/30/2023","321.000","321.000","321.000","321.000","","0.00%"
"08/29/2023","321.000","323.750","324.250","320.500","","-0.93%"
"08/28/2023","324.000","324.000","324.500","323.450","","0.15%"
"08/25/2023","323.500","324.000","324.500","323.500","","0.00%"
"08/24/2023","323.500","324.000","324.500","323.500","","0.00%"
"08/23/2023","323.500","323.500","324.500","323.250","","-0.15%"
"08/22/2023","324.000","323.750","324.500","322.000","","0.08%"
"08/21/2023","323.750","324.000","324.350","322.750","","0.08%"
"08/18/2023","323.500","322.000","324.250","322.000","","0.47%"
"08/17/2023","322.000","321.000","322.500","320.500","","0.16%"
"08/16/2023","321.500","320.250","321.625","319.500","","0.31%"
"08/15/2023","320.500","322.000","322.000","320.000","","-0.23%"
"08/14/2023","321.250","320.000","321.750","319.500","","0.47%"
"08/11/2023","319.750","319.750","320.250","319.125","","-0.08%"
"08/10/2023","320.000","319.500","320.500","319.000","","0.00%"
"08/09/2023","320.000","320.250","321.250","317.500","","0.00%"
"08/08/2023","320.000","322.000","322.250","319.000","","-0.78%"
"08/07/2023","322.500","321.000","323.250","319.500","","0.62%"
"08/04/2023","320.500","318.500","323.000","317.000","","0.79%"
"08/03/2023","318.000","315.000","320.500","314.500","","1.11%"
"08/02/2023","314.500","317.500","317.500","312.000","","-1.10%"
"08/01/2023","318.000","318.000","318.000","318.000","","0.00%"
"07/31/2023","318.000","329.000","330.000","318.000","","-3.34%"
"07/28/2023","329.000","329.100","330.250","328.500","","0.00%"
"07/27/2023","329.000","329.000","329.875","328.250","","0.00%"
"07/26/2023","329.000","332.000","332.250","328.750","","-0.60%"
"07/25/2023","331.000","329.000","332.000","328.500","","0.30%"
"07/24/2023","330.000","328.500","330.500","327.750","","0.76%"
"07/21/2023","327.500","326.000","327.750","325.500","","0.77%"
"07/20/2023","325.000","323.500","326.450","323.250","","0.31%"
"07/19/2023","324.000","323.500","324.500","322.000","","0.39%"
"07/18/2023","322.750","321.500","323.500","321.000","","0.08%"
"07/17/2023","322.500","320.750","323.500","320.750","","1.10%"
"07/14/2023","319.000","318.000","320.750","317.500","","0.43%"
"07/13/2023","317.625","315.500","318.750","313.000","","0.83%"
"07/12/2023","315.000","313.250","316.250","312.000","","0.32%"
"07/11/2023","314.000","312.500","314.875","312.250","","0.80%"
"07/10/2023","311.500","310.000","313.250","310.000","","0.32%"
"07/07/2023","310.500","310.500","312.375","309.500","","0.16%"
"07/06/2023","310.000","307.500","310.500","306.750","","0.98%"
"07/05/2023","307.000","307.500","307.500","305.750","","0.00%"
"07/04/2023","307.000","307.500","307.625","305.500","","-0.24%"
"07/03/2023","307.750","307.750","307.750","307.750","","0.00%"
"06/30/2023","307.750","307.750","307.750","307.750","","0.00%"
"06/29/2023","307.750","307.750","307.750","307.750","","0.00%"
"06/28/2023","307.750","308.250","309.250","306.750","","-0.24%"
"06/27/2023","308.500","309.000","310.000","307.750","","0.16%"
"06/26/2023","308.000","307.500","309.750","306.000","","0.08%"
"06/23/2023","307.750","306.500","308.250","306.500","","0.24%"
"06/22/2023","307.000","306.500","307.500","306.450","","0.00%"
"06/21/2023","307.000","307.000","308.000","306.000","","0.00%"
"06/20/2023","307.000","306.000","307.500","305.500","","0.16%"
"06/19/2023","306.500","304.500","307.000","304.000","","-0.33%"
"06/16/2023","307.500","307.500","312.250","305.000","","0.49%"
"06/15/2023","306.000","318.500","326.000","303.500","","-2.86%"
"06/14/2023","315.000","316.000","321.000","307.000","","2.61%"
"06/13/2023","307.000","300.000","307.250","300.000","","2.16%"
"06/12/2023","300.500","295.500","301.500","295.500","","1.52%"
"06/09/2023","296.000","294.500","297.500","292.500","","0.34%"
"06/08/2023","295.000","291.000","295.250","290.000","","1.20%"
"06/07/2023","291.500","291.500","292.000","289.500","","-0.17%"
"06/06/2023","292.000","291.000","292.000","289.250","","0.60%"
"06/05/2023","290.250","292.000","292.250","289.250","","-0.26%"
"06/02/2023","291.000","294.000","294.000","290.000","","-1.02%"
"06/01/2023","294.000","290.500","294.900","289.500","","1.29%"
"05/31/2023","290.250","293.000","294.750","289.750","","-1.44%"
"05/30/2023","294.500","296.500","297.250","294.000","","-0.84%"
"05/29/2023","297.000","296.000","297.250","295.000","","-0.08%"
"05/26/2023","297.250","301.750","301.750","296.750","","-1.74%"
"05/25/2023","302.500","303.000","304.500","301.700","","-0.33%"
"05/24/2023","303.500","304.500","304.500","302.450","","-0.49%"
"05/23/2023","305.000","305.000","305.550","303.750","","-0.16%"
"05/22/2023","305.500","306.500","306.750","304.950","","-0.49%"
"05/19/2023","307.000","307.500","308.400","305.750","","0.00%"
"05/18/2023","307.000","305.500","307.650","304.500","","0.49%"
"05/17/2023","305.500","308.850","308.850","305.500","","-1.25%"
"05/16/2023","309.375","311.950","311.950","308.750","","-1.24%"
"05/15/2023","313.250","313.250","314.000","311.550","","0.24%"
"05/12/2023","312.500","312.750","317.050","309.500","","-0.24%"
"05/11/2023","313.250","315.200","318.250","310.500","","-0.90%"
"05/10/2023","316.100","318.000","319.350","315.650","","-0.75%"
"05/09/2023","318.500","318.500","319.875","316.450","","-0.16%"
"05/08/2023","319.000","318.750","322.250","315.150","","-0.16%"
"05/05/2023","319.500","319.500","319.500","319.500","","0.00%"
"05/04/2023","319.500","319.250","321.200","317.800","","-0.02%"
"05/03/2023","319.550","319.750","325.000","317.300","","-0.45%"
"05/02/2023","321.000","321.000","323.000","319.500","","0.00%"
"05/01/2023","321.000","321.000","321.000","321.000","","0.00%"
"04/28/2023","321.000","321.750","322.875","319.500","","-0.31%"
"04/27/2023","322.000","321.000","323.350","320.250","","0.00%"
"04/26/2023","322.000","321.500","322.850","320.750","","0.08%"
"04/25/2023","321.750","321.450","323.900","320.750","","0.55%"
"04/24/2023","320.000","321.000","325.850","318.375","","0.00%"
"04/21/2023","320.000","321.500","323.350","318.375","","0.00%"
"04/20/2023","320.000","320.000","324.650","316.750","","0.00%"
"04/19/2023","320.000","321.500","324.750","316.500","","0.00%"
"04/18/2023","320.000","319.500","324.250","315.000","","0.00%"
"04/17/2023","320.000","320.000","322.500","317.500","","-0.31%"
"04/14/2023","321.000","321.000","321.000","321.000","","0.00%"
"04/13/2023","321.000","321.000","321.000","321.000","","0.00%"
"04/12/2023","321.000","319.000","322.500","314.750","","0.16%"
"04/11/2023","320.500","318.500","324.875","314.500","","0.16%"
"04/10/2023","320.000","320.000","323.500","317.500","","-0.08%"
"04/07/2023","320.250","320.250","320.250","320.250","","0.00%"
"04/06/2023","320.250","321.000","324.000","316.500","","-0.70%"
"04/05/2023","322.500","322.500","322.500","322.500","","0.00%"
"04/04/2023","322.500","321.500","325.500","318.000","","-0.77%"
"04/03/2023","325.000","326.500","330.000","319.000","","-0.31%"
"03/31/2023","326.000","326.500","332.000","321.000","","-0.15%"
"03/30/2023","326.500","326.000","331.500","320.500","","0.15%"
"03/29/2023","326.000","326.500","331.500","320.000","","0.46%"
"03/28/2023","324.500","322.500","327.500","320.000","","0.62%"
"03/27/2023","322.500","322.500","326.000","318.000","","0.31%"
"03/24/2023","321.500","319.000","326.000","319.000","","0.78%"
"03/23/2023","319.000","320.000","325.000","317.000","","-0.62%"
"03/22/2023","321.000","321.500","322.250","312.500","","-0.16%"
"03/21/2023","321.500","320.000","325.500","318.500","","-5.44%"
"03/20/2023","340.000","340.000","340.000","332.500","","0.74%"
"03/17/2023","337.500","335.500","345.000","333.500","","-0.59%"
"03/16/2023","339.500","338.500","345.000","332.000","","0.59%"
"03/15/2023","337.500","330.000","343.500","330.000","","0.75%"
"03/14/2023","335.000","324.000","340.000","323.750","","2.29%"
"03/13/2023","327.500","325.000","329.500","314.500","","2.34%"
"03/10/2023","320.000","320.000","326.000","310.000","","-0.78%"
"03/09/2023","322.500","313.500","322.500","310.000","","0.00%"
"03/08/2023","322.500","321.500","325.000","316.500","","0.00%"
"03/07/2023","322.500","322.500","332.500","317.500","","-5.01%"
"03/06/2023","339.500","339.500","339.500","339.500","","0.00%"
"03/03/2023","339.500","340.000","347.835","335.000","","-1.88%"
"03/02/2023","346.000","346.000","350.575","342.500","","-3.35%"
"03/01/2023","358.000","354.000","360.500","351.500","","-1.10%"
"02/28/2023","362.000","360.750","363.315","355.500","","-0.28%"
"02/27/2023","363.000","361.500","365.750","358.750","","-0.55%"
"02/24/2023","365.000","362.670","366.500","360.750","","0.00%"
"02/23/2023","365.000","365.000","366.500","360.000","","0.00%"
"02/22/2023","365.000","364.500","366.250","358.500","","0.00%"
"02/21/2023","365.000","361.000","366.500","359.500","","0.85%"
"02/20/2023","361.920","365.000","367.000","360.000","","-0.98%"
"02/17/2023","365.500","365.000","366.500","361.920","","0.14%"
"02/16/2023","365.000","361.920","366.500","360.660","","0.00%"
"02/15/2023","365.000","365.000","366.500","360.660","","0.00%"
"02/14/2023","365.000","366.000","368.000","360.660","","0.00%"
"02/13/2023","365.000","365.000","367.500","360.660","","0.00%"
"02/10/2023","365.000","365.500","368.000","360.500","","-0.14%"
"02/09/2023","365.500","365.500","368.500","360.660","","0.00%"
"02/08/2023","365.500","365.500","367.000","361.960","","0.00%"
"02/07/2023","365.500","365.250","367.000","361.180","","0.07%"
"02/06/2023","365.250","365.000","366.500","360.680","","0.07%"
"02/03/2023","365.000","363.000","368.000","360.500","","-0.27%"
"02/02/2023","366.000","364.000","369.000","361.000","","0.00%"
"02/01/2023","366.000","364.000","369.000","362.750","","-0.41%"
"01/31/2023","367.500","364.000","368.500","362.000","","0.41%"
"01/30/2023","366.000","364.000","369.000","363.000","","0.55%"
"01/27/2023","364.000","364.000","368.500","362.000","","0.00%"
"01/26/2023","364.000","364.000","369.000","363.000","","0.00%"
"01/25/2023","364.000","364.500","368.500","363.000","","0.00%"
"01/24/2023","364.000","364.000","368.500","362.750","","0.00%"
"01/23/2023","364.000","364.000","370.250","362.000","","-0.55%"
"01/20/2023","366.000","367.000","368.500","363.000","","-0.27%"
"01/19/2023","367.000","364.000","369.000","363.000","","0.82%"
"01/18/2023","364.000","364.000","368.500","363.000","","-0.95%"
"01/17/2023","367.500","364.500","368.500","361.500","","0.41%"
"01/16/2023","366.000","366.000","366.000","366.000","","0.00%"
"01/13/2023","366.000","363.500","368.000","363.000","0.03K","-0.41%"
"01/12/2023","367.500","364.500","368.500","362.500","0.03K","0.27%"
"01/11/2023","366.500","365.000","368.000","360.500","0.03K","-0.27%"
"01/10/2023","367.500","365.000","367.500","360.500","0.03K","0.00%"
"01/09/2023","367.500","365.500","368.500","363.500","0.03K","0.55%"
"01/06/2023","365.500","365.500","365.500","365.500","","0.00%"
"01/05/2023","365.500","365.500","368.500","362.000","0.03K","0.00%"
"01/04/2023","365.500","365.500","367.500","362.000","0.03K","0.00%"
"01/03/2023","365.500","365.500","369.000","363.000","0.03K","0.00%"
"01/02/2023","365.500","367.500","368.000","365.500","0.03K","-0.54%"
"12/30/2022","367.500","365.500","368.500","363.250","0.03K","0.55%"
"12/29/2022","365.500","365.500","369.000","363.250","0.03K","0.00%"
"12/28/2022","365.500","365.500","369.000","362.500","0.03K","0.00%"
"12/27/2022","365.500","365.500","369.000","363.250","0.03K","0.00%"
"12/26/2022","365.500","365.500","365.500","365.500","","0.00%"
"12/23/2022","365.500","365.500","368.750","362.000","0.02K","0.00%"
"12/22/2022","365.500","365.500","368.750","362.000","0.02K","0.00%"
"12/21/2022","365.500","365.500","369.130","362.000","0.02K","0.00%"
"12/20/2022","365.500","365.500","370.000","363.500","0.02K","0.14%"
"12/19/2022","365.000","368.500","370.000","363.875","0.02K","-0.68%"
"12/16/2022","367.500","367.500","370.375","362.000","0.03K","0.00%"
"12/15/2022","367.500","367.500","370.125","363.000","0.03K","0.55%"
"12/14/2022","365.500","367.500","370.250","363.500","0.03K","-0.54%"
"12/13/2022","367.500","367.500","370.000","363.500","0.02K","0.00%"
"12/12/2022","367.500","367.500","369.750","363.500","0.03K","0.00%"
"12/09/2022","367.500","368.500","369.000","362.000","0.03K","0.00%"
"12/08/2022","367.500","367.500","370.000","362.000","0.03K","0.00%"
"12/07/2022","367.500","367.500","367.500","367.500","","0.00%"
"12/06/2022","367.500","367.500","370.000","362.000","0.03K","0.00%"
"12/05/2022","367.500","368.500","369.000","363.500","0.03K","-0.27%"
"12/02/2022","368.500","365.000","369.000","364.750","0.03K","0.00%"
"12/01/2022","368.500","368.500","369.000","364.750","0.04K","0.00%"
"11/30/2022","368.500","368.500","369.500","363.250","0.04K","0.27%"
"11/29/2022","367.500","365.500","370.000","363.000","0.03K","-0.27%"
"11/28/2022","368.500","368.500","370.000","363.250","0.03K","0.27%"
"11/25/2022","367.500","368.500","369.000","363.000","0.03K","-0.27%"
"11/24/2022","368.500","365.500","370.000","365.500","0.03K","0.82%"
"11/23/2022","365.500","367.500","370.000","363.500","0.03K","-0.54%"
"11/22/2022","367.500","365.500","369.000","361.000","0.03K","0.00%"
"11/21/2022","367.500","365.500","370.125","363.000","0.03K","0.00%"
"11/18/2022","367.500","367.500","370.000","364.500","0.03K","0.00%"
"11/17/2022","367.500","367.500","370.000","362.000","0.03K","0.00%"
"11/16/2022","367.500","367.500","369.500","362.000","0.03K","0.00%"
"11/15/2022","367.500","365.500","370.375","363.000","0.03K","0.55%"
"11/14/2022","365.500","365.500","370.375","362.000","0.03K","-0.54%"
"11/11/2022","367.500","365.500","369.000","363.000","0.03K","-0.27%"
"11/10/2022","368.500","367.500","368.500","362.000","0.03K","0.27%"
"11/09/2022","367.500","366.000","370.000","363.000","0.02K","0.55%"
"11/08/2022","365.500","367.500","368.875","363.250","0.03K","0.27%"
"11/07/2022","364.500","364.500","364.500","364.500","","0.00%"
"11/04/2022","364.500","364.500","368.750","362.500","0.03K","-0.82%"
"11/03/2022","367.500","364.500","367.500","362.500","0.03K","0.14%"
"11/02/2022","367.000","365.500","370.000","365.000","0.03K","0.00%"
"11/01/2022","367.000","365.500","370.000","364.750","0.03K","0.41%"
"10/31/2022","365.500","365.500","367.500","364.750","0.03K","0.00%"
"10/28/2022","365.500","367.000","368.500","362.500","0.04K","0.14%"
"10/27/2022","365.000","367.000","368.750","363.500","0.04K","0.00%"
"10/26/2022","365.000","365.000","367.500","364.250","0.03K","-0.14%"
"10/25/2022","365.500","367.000","368.500","364.250","0.03K","-0.41%"
"10/24/2022","367.000","367.000","367.000","367.000","","0.00%"
"10/21/2022","367.000","363.500","369.000","362.500","0.03K","0.00%"
"10/20/2022","367.000","363.500","368.750","362.000","0.03K","0.00%"
"10/19/2022","367.000","365.500","368.500","363.000","0.03K","0.00%"
"10/18/2022","367.000","365.500","367.500","365.000","0.02K","0.00%"
"10/17/2022","367.000","366.000","368.250","363.500","0.03K","0.55%"
"10/14/2022","365.000","364.995","368.660","360.620","0.39K","0.00%"
"10/13/2022","365.000","366.495","369.385","360.320","0.40K","-0.41%"
"10/12/2022","366.500","365.995","368.805","361.260","0.43K","0.14%"
"10/11/2022","366.000","365.995","368.985","359.860","0.51K","0.00%"
"10/10/2022","365.995","365.995","365.995","365.995","0.18K","0.00%"
"10/07/2022","366.000","366.000","366.500","361.750","0.02K","0.00%"
"10/06/2022","366.000","365.995","368.865","359.630","0.43K","0.00%"
"10/05/2022","366.000","365.995","368.880","360.660","0.46K","0.00%"
"10/04/2022","366.000","359.985","366.500","355.825","0.44K","1.67%"
"10/03/2022","359.985","365.495","368.755","358.260","0.44K","-1.51%"
"09/30/2022","365.500","363.995","367.660","358.570","0.37K","0.41%"
"09/29/2022","364.000","363.995","367.160","356.120","0.38K","0.00%"
"09/28/2022","364.000","363.995","367.160","357.620","0.37K","0.00%"
"09/27/2022","364.000","363.990","367.660","358.120","0.36K","0.00%"
"09/26/2022","363.995","363.995","366.455","358.560","0.22K","0.00%"
"09/23/2022","364.000","359.995","366.585","356.200","0.46K","1.11%"
"09/22/2022","360.000","364.995","368.345","358.040","0.43K","-1.37%"
"09/21/2022","365.000","363.495","366.885","358.820","0.38K","0.41%"
"09/20/2022","363.500","363.995","368.110","357.620","0.37K","-0.14%"
"09/19/2022","364.000","365.370","367.825","358.275","0.39K","-0.38%"
"09/16/2022","365.375","362.995","366.830","357.560","0.48K","0.65%"
"09/15/2022","363.000","365.370","369.000","358.275","0.39K","-0.65%"
"09/14/2022","365.375","364.495","368.175","357.900","0.36K","0.24%"
"09/13/2022","364.500","359.990","366.260","355.620","0.38K","1.25%"
"09/12/2022","359.995","359.995","366.550","355.620","0.36K","0.00%"
"09/09/2022","360.000","363.995","367.035","357.620","0.38K","-1.10%"
"09/08/2022","364.000","359.995","365.250","355.620","0.36K","1.11%"
"09/07/2022","360.000","360.000","365.250","358.500","0.16K","0.00%"
"09/06/2022","360.000","359.995","365.250","356.680","0.16K","0.00%"
"09/05/2022","360.000","359.995","365.250","355.120","0.34K","0.00%"
"09/02/2022","360.000","359.995","365.250","356.000","0.47K","0.00%"
"09/01/2022","359.995","359.985","365.250","355.720","0.45K","0.00%"
"08/31/2022","359.985","359.995","365.250","355.620","0.35K","0.00%"
"08/30/2022","360.000","359.995","366.875","355.620","0.36K","0.00%"
"08/29/2022","360.000","358.995","365.250","355.075","0.47K","0.28%"
"08/26/2022","359.000","359.495","365.750","355.220","0.46K","-0.14%"
"08/25/2022","359.500","359.495","365.375","355.700","0.49K","0.00%"
"08/24/2022","359.500","359.995","365.250","355.620","0.38K","-0.14%"
"08/23/2022","360.000","358.995","365.250","355.375","0.45K","0.28%"
"08/22/2022","359.000","359.995","365.250","355.120","0.34K","-0.28%"
"08/19/2022","360.000","359.995","365.250","355.120","0.37K","0.00%"
"08/18/2022","360.000","359.995","365.250","355.120","0.32K","0.00%"
"08/17/2022","360.000","359.995","365.250","355.120","0.38K","0.00%"
"08/16/2022","360.000","359.995","365.250","354.620","0.39K","0.00%"
"08/15/2022","360.000","359.995","365.250","355.620","0.32K","0.00%"
"08/12/2022","360.000","362.990","365.000","357.300","0.15K","-0.83%"
"08/11/2022","362.995","362.995","362.995","362.995","","0.00%"
"08/10/2022","363.000","358.995","365.250","355.260","0.45K","1.11%"
"08/09/2022","359.000","364.995","367.385","357.070","0.39K","-1.64%"
"08/08/2022","365.000","358.995","365.000","355.120","0.45K","1.67%"
"08/05/2022","359.000","358.995","365.000","354.920","0.47K","0.00%"
"08/04/2022","359.000","358.995","365.000","354.800","0.46K","0.00%"
"08/03/2022","359.000","359.985","365.000","355.180","0.48K","-0.27%"
"08/02/2022","359.985","362.995","366.660","357.120","0.34K","-0.83%"
"08/01/2022","362.995","358.995","365.000","355.335","0.43K","1.11%"
"07/29/2022","359.000","364.495","367.375","356.320","0.55K","-1.51%"
"07/28/2022","364.500","359.495","365.500","355.195","0.46K","1.39%"
"07/27/2022","359.500","359.495","365.250","355.700","0.46K","0.00%"
"07/26/2022","359.500","359.995","365.250","355.920","0.46K","-0.14%"
"07/25/2022","360.000","359.995","365.250","355.620","0.40K","0.00%"
"07/22/2022","360.000","359.990","365.250","356.000","0.49K","0.00%"
"07/21/2022","359.990","359.990","365.250","355.540","0.44K","0.00%"
"07/20/2022","359.990","359.995","365.250","355.620","0.37K","0.00%"
"07/19/2022","360.000","359.990","365.250","355.620","0.34K","0.00%"
"07/18/2022","359.990","359.995","364.750","355.620","0.36K","0.00%"
"07/15/2022","360.000","365.495","367.885","357.820","0.36K","-1.50%"
"07/14/2022","365.500","360.000","365.500","358.380","0.18K","2.22%"
"07/13/2022","357.565","358.495","361.285","354.775","0.38K","-0.26%"
"07/12/2022","358.500","359.995","365.000","355.120","0.40K","-0.42%"
"07/11/2022","360.000","364.745","367.530","357.320","0.35K","-1.30%"
"07/08/2022","364.750","359.995","364.750","355.120","0.37K","1.32%"
"07/07/2022","360.000","363.995","366.210","357.120","0.38K","-1.10%"
"07/06/2022","364.000","359.995","364.160","354.620","0.38K","1.11%"
"07/05/2022","360.000","363.995","366.160","356.620","0.34K","-1.10%"
"07/04/2022","364.000","357.995","364.000","354.140","0.45K","1.68%"
"07/01/2022","358.000","357.995","364.000","353.700","0.49K","0.00%"
"06/30/2022","358.000","357.995","364.750","353.840","0.45K","0.00%"
"06/29/2022","358.000","357.995","364.500","353.860","0.46K","0.00%"
"06/28/2022","358.000","358.995","364.625","354.420","0.47K","-0.28%"
"06/27/2022","359.000","358.995","365.000","355.740","0.38K","0.00%"
"06/24/2022","359.000","358.995","365.000","354.760","0.44K","0.00%"
"06/23/2022","359.000","359.995","364.910","355.120","0.32K","-0.28%"
"06/22/2022","360.000","359.995","364.265","355.480","0.43K","0.00%"
"06/21/2022","360.000","358.995","363.000","354.560","0.46K","0.28%"
"06/20/2022","359.000","361.995","364.160","356.120","0.35K","-0.83%"
"06/17/2022","362.000","361.995","365.160","355.620","0.34K","0.00%"
"06/16/2022","362.000","359.995","364.160","354.620","0.36K","0.56%"
"06/15/2022","360.000","358.500","361.665","357.500","0.17K","0.20%"
"06/14/2022","359.280","359.995","362.140","357.135","0.29K","-0.20%"
"06/13/2022","360.000","359.995","363.160","354.620","0.33K","0.00%"
"06/10/2022","360.000","359.995","364.405","354.460","0.44K","0.00%"
"06/09/2022","360.000","358.495","363.000","354.580","0.46K","0.42%"
"06/08/2022","358.500","359.495","362.485","354.520","0.43K","-0.28%"
"06/07/2022","359.500","363.480","366.660","357.150","0.45K","-1.09%"
"06/06/2022","363.480","358.495","364.335","354.720","0.44K","1.39%"
"06/03/2022","358.500","359.495","364.410","354.870","0.34K","-0.28%"
"06/02/2022","359.500","359.495","364.450","356.650","0.34K","0.00%"
"06/01/2022","359.500","359.995","364.660","357.120","0.35K","-0.14%"
"05/31/2022","360.000","361.990","365.530","355.960","0.46K","-0.55%"
"05/30/2022","361.990","361.995","365.530","355.960","0.45K","0.00%"
"05/27/2022","362.000","362.245","365.185","356.310","0.45K","-0.07%"
"05/26/2022","362.250","361.995","365.280","355.960","0.44K","0.07%"
"05/25/2022","362.000","359.495","364.410","355.560","0.37K","0.70%"
"05/24/2022","359.500","359.495","361.910","356.620","0.37K","0.00%"
"05/23/2022","359.500","359.745","362.030","356.710","0.36K","-0.07%"
"05/20/2022","359.750","359.860","362.095","356.540","0.35K","-0.03%"
"05/19/2022","359.860","359.995","362.160","356.995","0.33K","-0.04%"
"05/18/2022","360.000","359.995","362.160","357.120","0.33K","0.00%"
"05/17/2022","360.000","360.000","360.180","359.510","0.18K","0.20%"
"05/16/2022","359.280","359.995","362.140","357.135","0.29K","-0.20%"
"05/13/2022","360.000","369.995","372.140","355.000","0.31K","-2.70%"
"05/12/2022","370.000","364.995","370.000","359.620","0.30K","1.37%"
"05/11/2022","365.000","364.985","367.160","362.120","0.32K","0.00%"
"05/10/2022","364.985","364.995","367.160","362.120","0.34K","0.00%"
"05/09/2022","365.000","359.995","370.000","357.135","0.33K","1.39%"
"05/06/2022","360.000","369.995","372.140","357.240","0.33K","-2.70%"
"05/05/2022","370.000","352.495","377.000","351.075","0.20K","4.96%"
"05/04/2022","352.500","354.285","370.000","352.120","0.15K","-0.51%"
"05/03/2022","354.290","354.290","354.290","354.290","0.00K","0.00%"
"05/02/2022","354.290","354.995","357.110","352.175","0.29K","-0.20%"
"04/29/2022","355.000","349.995","355.000","347.160","0.32K","1.43%"
"04/28/2022","350.000","354.990","357.130","349.660","0.33K","-1.41%"
"04/27/2022","354.990","342.495","355.045","338.220","0.46K","3.65%"
"04/26/2022","342.500","334.995","345.000","329.660","0.33K","2.24%"
"04/25/2022","335.000","334.995","340.000","329.660","0.32K","0.00%"
"04/22/2022","335.000","334.995","340.000","329.660","0.32K","0.00%"
"04/21/2022","335.000","334.995","337.130","327.500","0.37K","0.00%"
"04/20/2022","335.000","334.995","337.130","325.000","0.31K","0.00%"
"04/19/2022","335.000","327.495","335.210","326.080","0.19K","2.29%"
"04/18/2022","327.500","322.500","335.000","322.500","0.13K","1.62%"
"04/15/2022","322.285","322.285","322.285","322.285","","0.00%"
"04/14/2022","322.285","313.280","322.285","322.285","","0.00%"
"04/13/2022","322.285","322.285","322.285","322.285","","-0.07%"
"04/12/2022","322.500","322.495","326.065","312.500","0.20K","0.00%"
"04/11/2022","322.500","314.995","325.000","310.000","0.25K","2.38%"
"04/08/2022","315.000","314.995","316.710","309.460","0.30K","0.00%"
"04/07/2022","315.000","304.995","315.000","302.720","0.26K","3.28%"
"04/06/2022","305.000","297.370","305.000","293.595","0.43K","2.56%"
"04/05/2022","297.375","297.370","300.000","293.915","0.36K","0.00%"
"04/04/2022","297.375","294.495","298.920","291.940","0.32K","0.98%"
"04/01/2022","294.500","293.995","298.710","291.720","0.27K","0.17%"
"03/31/2022","294.000","295.995","298.565","292.000","0.37K","-0.68%"
"03/30/2022","296.000","293.495","297.500","291.500","0.21K","0.85%"
"03/29/2022","293.500","289.995","299.000","287.720","0.29K","1.21%"
"03/28/2022","289.995","292.495","295.275","285.000","0.45K","-0.86%"
"03/25/2022","292.500","287.495","292.775","283.800","0.43K","1.74%"
"03/24/2022","287.500","282.495","291.500","277.500","0.40K","1.77%"
"03/23/2022","282.500","284.995","290.000","279.860","0.28K","-0.88%"
"03/22/2022","285.000","279.995","285.105","270.000","0.30K","1.79%"
"03/21/2022","280.000","277.495","281.500","270.000","0.34K","0.90%"
"03/18/2022","277.500","264.495","277.500","262.720","0.08K","4.92%"
"03/17/2022","264.495","264.995","266.495","262.995","0.20K","-0.19%"
"03/16/2022","265.000","272.495","275.065","264.720","0.43K","-2.75%"
"03/15/2022","272.500","254.995","275.000","253.595","0.17K","6.86%"
"03/14/2022","255.000","254.995","260.000","246.840","0.23K","0.00%"
"03/11/2022","255.000","254.855","256.065","244.940","0.13K","0.06%"
"03/10/2022","254.855","227.350","255.435","226.080","0.18K","12.10%"
"03/09/2022","227.350","227.490","230.565","226.080","0.23K","-0.06%"
"03/08/2022","227.495","201.865","230.500","201.225","0.09K","12.70%"
"03/07/2022","201.865","201.495","203.425","200.600","0.21K","0.18%"
"03/04/2022","201.500","202.495","203.610","201.020","0.17K","-0.49%"
"03/03/2022","202.500","202.655","204.090","201.130","0.16K","-0.08%"
"03/02/2022","202.655","201.730","203.760","200.820","0.13K","0.46%"
"03/01/2022","201.735","201.990","202.755","200.970","0.10K","-0.13%"
"02/28/2022","201.990","202.495","203.635","201.320","0.15K","-0.25%"
"02/25/2022","202.500","202.420","203.635","201.320","0.11K","0.04%"
"02/24/2022","202.420","202.495","203.760","201.320","0.18K","-0.04%"
"02/23/2022","202.500","202.745","203.880","201.410","0.18K","-0.12%"
"02/22/2022","202.750","202.485","203.635","201.320","0.15K","0.13%"
"02/21/2022","202.485","202.495","203.635","201.320","0.17K","-0.01%"
"02/18/2022","202.500","202.615","203.880","201.410","0.17K","-0.06%"
"02/17/2022","202.615","202.500","203.280","202.000","0.08K","0.20%"
"02/16/2022","202.205","202.435","203.125","201.515","","-0.11%"
"02/15/2022","202.435","202.475","203.745","201.340","0.16K","-0.02%"
"02/14/2022","202.475","202.495","203.745","201.340","0.17K","-0.01%"
"02/11/2022","202.500","202.780","203.910","201.495","0.13K","-0.14%"
"02/10/2022","202.780","201.865","203.535","201.120","0.10K","0.45%"
"02/09/2022","201.865","201.940","203.535","201.120","0.14K","-0.04%"
"02/08/2022","201.940","202.735","203.910","201.495","0.14K","-0.39%"
"02/07/2022","202.735","202.425","203.850","201.450","0.09K","0.15%"
"02/04/2022","202.430","202.430","202.430","202.430","","-0.13%"
"02/03/2022","202.685","202.760","203.880","201.535","0.20K","-0.04%"
"02/02/2022","202.760","202.410","203.730","201.360","0.18K","0.17%"
"02/01/2022","202.410","202.400","203.730","201.360","0.16K","0.00%"
"01/31/2022","202.400","201.995","203.505","201.160","0.18K","0.20%"
"01/28/2022","202.000","201.995","203.505","201.160","0.12K","0.00%"
"01/27/2022","202.000","202.770","203.880","201.535","0.12K","-0.38%"
"01/26/2022","202.770","201.915","203.505","201.160","0.16K","0.42%"
"01/25/2022","201.915","201.905","203.505","201.160","0.11K","0.00%"
"01/24/2022","201.905","202.495","203.730","201.360","0.22K","-0.29%"
"01/21/2022","202.500","202.480","203.730","201.360","0.17K","0.01%"
"01/20/2022","202.480","202.850","203.880","201.500","0.20K","-0.18%"
"01/19/2022","202.850","202.445","203.730","201.360","0.18K","0.20%"
"01/18/2022","202.445","202.500","203.040","201.500","0.09K","-0.05%"
"01/17/2022","202.540","202.540","202.540","202.540","","-0.17%"
"01/14/2022","202.875","202.875","202.875","202.875","","0.00%"
"01/13/2022","202.875","202.000","202.875","201.500","0.03K","0.00%"
"01/12/2022","202.875","201.500","202.875","201.500","0.03K","0.00%"
"01/11/2022","202.875","202.000","202.875","201.500","0.04K","0.00%"
"01/10/2022","202.875","202.000","202.875","201.500","0.04K","0.00%"
"01/07/2022","202.875","202.875","202.875","201.500","0.03K","0.43%"
"01/06/2022","202.000","202.500","202.875","201.500","0.03K","0.00%"
"01/05/2022","202.000","201.500","202.875","201.500","0.03K","-0.43%"
"01/04/2022","202.875","201.500","202.875","201.500","0.03K","0.00%"
"01/03/2022","202.875","201.500","202.875","201.500","0.03K","0.00%"
"12/31/2021","202.875","202.500","202.875","202.000","0.02K","0.00%"
"12/30/2021","202.875","201.500","202.875","201.500","0.02K","0.06%"
"12/29/2021","202.750","202.500","202.875","201.500","0.03K","-0.06%"
"12/28/2021","202.875","202.500","202.875","201.500","0.02K","0.06%"
"12/27/2021","202.750","202.875","202.875","202.000","0.03K","0.12%"
"12/24/2021","202.500","202.500","202.500","202.000","0.01K","0.00%"
"12/23/2021","202.500","202.500","202.750","202.000","0.03K","0.00%"
"12/22/2021","202.500","202.500","202.875","202.000","0.03K","0.00%"
"12/21/2021","202.500","202.500","202.875","202.000","0.02K","0.00%"
"12/20/2021","202.500","202.500","202.875","202.000","0.02K","0.25%"
"12/17/2021","202.000","202.500","202.500","201.500","0.03K","0.00%"
"12/16/2021","202.000","202.500","202.500","201.500","0.03K","0.00%"
"12/15/2021","202.000","202.500","202.875","202.000","0.03K","-0.25%"
"12/14/2021","202.500","202.000","202.500","201.500","0.03K","0.25%"
"12/13/2021","202.000","202.000","202.500","202.000","0.03K","-0.25%"
"12/10/2021","202.500","202.500","202.750","202.000","0.03K","0.00%"
"12/09/2021","202.500","202.500","202.750","201.500","0.03K","-0.18%"
"12/08/2021","202.875","202.000","202.875","201.500","0.04K","0.06%"
"12/07/2021","202.750","202.000","202.750","201.500","0.04K","0.00%"
"12/06/2021","202.750","202.000","202.750","201.500","0.04K","0.37%"
"12/03/2021","202.000","202.000","202.750","201.500","0.03K","-0.25%"
"12/02/2021","202.500","202.000","202.750","201.500","0.04K","0.25%"
"12/01/2021","202.000","202.000","202.750","201.500","0.03K","-0.37%"
"11/30/2021","202.750","201.500","202.750","201.500","0.03K","0.00%"
"11/29/2021","202.750","202.500","202.750","201.450","0.04K","0.12%"
"11/26/2021","202.500","201.500","202.750","201.500","0.03K","0.00%"
"11/25/2021","202.500","202.000","202.750","201.500","0.02K","-0.12%"
"11/24/2021","202.750","202.750","202.750","201.500","0.03K","0.00%"
"11/23/2021","202.750","202.000","202.750","201.500","0.03K","0.00%"
"11/22/2021","202.750","202.000","202.750","201.500","0.03K","0.37%"
"11/19/2021","202.000","202.000","202.750","201.875","0.02K","0.00%"
"11/18/2021","202.000","202.000","202.000","202.000","","0.00%"
"11/17/2021","202.000","202.000","202.750","202.000","0.03K","0.00%"
"11/16/2021","202.000","202.000","202.500","201.500","0.02K","0.00%"
"11/15/2021","202.000","202.000","202.750","202.000","0.03K","0.00%"
"11/12/2021","202.000","202.000","202.250","201.500","0.03K","0.00%"
"11/11/2021","202.000","202.000","202.000","201.500","0.03K","0.00%"
"11/10/2021","202.000","202.000","202.750","201.375","0.04K","0.25%"
"11/09/2021","201.500","202.000","202.500","201.500","0.03K","0.00%"
"11/08/2021","201.500","201.500","202.500","201.500","0.03K","0.00%"
"11/05/2021","201.500","201.000","202.000","201.000","0.02K","0.00%"
"11/04/2021","201.500","201.500","201.500","201.500","","0.00%"
"11/03/2021","201.500","202.000","202.000","201.500","0.02K","-0.25%"
"11/02/2021","202.000","201.500","202.000","201.500","0.03K","0.00%"
"11/01/2021","202.000","202.000","202.000","201.500","0.03K","0.50%"
"10/29/2021","201.000","202.000","202.000","201.000","0.02K","-0.50%"
"10/28/2021","202.000","200.500","202.000","200.500","0.02K","0.00%"
"10/27/2021","202.000","202.750","202.750","201.500","0.02K","-0.37%"
"10/26/2021","202.750","202.000","202.750","201.500","0.03K","0.62%"
"10/25/2021","201.500","201.500","202.500","201.500","0.03K","0.00%"
"10/22/2021","201.500","200.500","202.000","200.500","0.03K","0.50%"
"10/21/2021","200.500","202.000","202.000","200.500","0.03K","0.00%"
"10/20/2021","200.500","200.500","200.500","200.500","","0.00%"
"10/19/2021","200.500","200.500","200.500","200.500","","0.00%"
"10/18/2021","200.500","201.500","202.000","200.500","0.03K","-0.74%"
"10/15/2021","202.000","202.000","202.000","201.000","0.02K","0.00%"
"10/14/2021","202.000","202.000","202.000","200.500","0.02K","0.00%"
"10/13/2021","202.000","201.500","202.000","200.500","0.02K","0.50%"
"10/12/2021","201.000","201.000","202.000","200.500","0.03K","-0.25%"
"10/11/2021","201.500","200.000","202.000","199.500","0.02K","0.75%"
"10/08/2021","200.000","200.000","201.500","199.475","0.03K","0.00%"
"10/07/2021","200.000","200.000","201.500","199.500","0.03K","0.13%"
"10/06/2021","199.750","200.000","202.000","199.500","0.03K","0.00%"
"10/05/2021","199.750","200.000","201.500","199.500","0.03K","-0.13%"
"10/04/2021","200.000","200.000","201.500","199.500","0.03K","0.00%"
"10/01/2021","200.000","200.000","200.450","199.475","0.03K","0.00%"
"09/30/2021","200.000","199.750","200.450","199.475","0.03K","0.00%"
"09/29/2021","200.000","200.000","201.500","199.475","0.03K","0.00%"
"09/28/2021","200.000","200.250","201.500","199.500","0.03K","0.00%"
"09/27/2021","200.000","200.000","200.450","199.475","0.03K","0.00%"
"09/24/2021","200.000","200.000","200.500","199.400","0.03K","-0.12%"
"09/23/2021","200.250","200.000","200.250","199.400","0.03K","0.13%"
"09/22/2021","200.000","200.000","201.500","199.400","0.03K","0.25%"
"09/21/2021","199.500","200.000","200.250","199.400","0.03K","0.00%"
"09/20/2021","199.500","199.500","199.500","199.500","","0.00%"
"09/17/2021","199.500","199.500","200.250","199.500","0.02K","0.00%"
"09/16/2021","199.500","200.000","200.250","199.000","0.03K","-0.25%"
"09/15/2021","200.000","199.500","200.250","199.000","0.03K","0.25%"
"09/14/2021","199.500","199.500","200.250","199.000","0.02K","0.00%"
"09/13/2021","199.500","199.500","200.750","199.000","0.02K","-0.50%"
"09/10/2021","200.500","199.500","201.000","199.000","0.03K","0.38%"
"09/09/2021","199.750","200.000","201.000","198.950","0.03K","-0.13%"
"09/08/2021","200.000","200.500","201.250","198.995","0.02K","-0.25%"
"09/07/2021","200.500","199.750","201.500","199.500","0.02K","0.12%"
"09/06/2021","200.250","200.250","200.250","199.500","0.01K","-0.12%"
"09/03/2021","200.500","199.500","200.500","199.500","0.02K","0.50%"
"09/02/2021","199.500","200.500","200.500","199.500","0.03K","0.00%"
"09/01/2021","199.500","199.750","200.500","199.500","0.02K","0.00%"
"08/31/2021","199.500","199.750","199.750","199.500","0.02K","-0.13%"
"08/30/2021","199.750","199.500","199.750","199.500","0.02K","-0.37%"
"08/27/2021","200.500","200.500","200.500","199.500","0.03K","0.00%"
"08/26/2021","200.500","200.500","200.500","199.500","0.03K","0.50%"
"08/25/2021","199.500","199.750","199.750","199.500","0.03K","0.00%"
"08/24/2021","199.500","199.750","199.750","199.500","0.03K","-0.13%"
"08/23/2021","199.750","199.750","199.750","199.500","0.03K","0.13%"
"08/20/2021","199.500","200.500","200.500","199.490","0.02K","0.00%"
"08/19/2021","199.500","199.500","200.500","199.500","0.03K","0.00%"
"08/18/2021","199.500","199.500","199.750","199.490","0.02K","0.00%"
"08/17/2021","199.500","199.500","199.500","199.250","0.02K","0.00%"
"08/16/2021","199.500","199.500","199.500","199.200","0.01K","-0.13%"
"08/13/2021","199.750","199.750","199.750","199.200","0.03K","0.13%"
"08/12/2021","199.500","199.500","199.750","199.200","0.03K","0.00%"
"08/11/2021","199.500","199.500","199.750","199.000","0.03K","0.00%"
"08/10/2021","199.500","199.500","199.750","199.400","0.02K","0.00%"
"08/09/2021","199.500","199.500","199.750","199.500","0.02K","0.00%"
"08/06/2021","199.500","199.500","199.500","199.000","0.03K","0.00%"
"08/05/2021","199.500","199.500","199.750","199.000","0.03K","0.00%"
"08/04/2021","199.500","199.500","199.500","199.000","0.03K","0.00%"
"08/03/2021","199.500","199.500","199.500","199.500","","0.00%"
"08/02/2021","199.500","199.500","199.750","199.000","0.02K","0.00%"
"07/30/2021","199.500","199.500","200.000","199.000","0.03K","0.00%"
"07/29/2021","199.500","199.500","199.500","199.000","0.03K","0.25%"
"07/28/2021","199.000","199.500","199.750","199.000","0.03K","0.00%"
"07/27/2021","199.000","199.500","199.500","199.000","0.03K","-0.25%"
"07/26/2021","199.500","199.500","199.750","199.000","0.03K","0.00%"
"07/23/2021","199.500","199.500","199.500","199.500","","0.00%"
"07/22/2021","199.500","199.500","200.000","199.000","0.02K","0.00%"
"07/21/2021","199.500","199.500","199.500","199.500","","0.00%"
"07/20/2021","199.500","199.500","199.500","199.000","0.02K","-0.13%"
"07/19/2021","199.750","199.000","199.750","199.000","0.03K","0.13%"
"07/16/2021","199.500","199.500","199.500","199.000","0.03K","0.25%"
"07/15/2021","199.000","199.500","199.500","199.000","0.03K","0.00%"
"07/14/2021","199.000","199.500","199.500","199.000","0.03K","-0.25%"
"07/13/2021","199.500","199.500","199.500","199.000","0.03K","0.00%"
"07/12/2021","199.500","199.500","199.500","199.000","0.03K","0.15%"
"07/09/2021","199.200","199.000","199.350","199.000","0.02K","0.10%"
"07/08/2021","199.000","199.000","199.000","199.000","","0.00%"
"07/07/2021","199.000","199.000","199.500","199.000","0.01K","0.00%"
"07/06/2021","199.000","199.000","199.000","198.000","0.02K","0.00%"
"07/05/2021","199.000","199.500","199.500","198.500","0.02K","-0.25%"
"07/02/2021","199.500","199.250","199.500","199.250","0.02K","0.00%"
"07/01/2021","199.500","199.500","199.500","199.250","0.01K","0.00%"
"06/30/2021","199.500","199.500","199.500","199.125","0.02K","0.00%"
"06/29/2021","199.500","199.000","199.500","198.750","0.02K","0.25%"
"06/28/2021","199.000","199.125","199.500","199.000","0.02K","0.00%"
"06/25/2021","199.000","199.000","199.125","198.750","0.01K","-0.13%"
"06/24/2021","199.250","199.250","199.250","199.250","","0.00%"
"06/23/2021","199.250","199.250","199.250","198.500","0.02K","0.25%"
"06/22/2021","198.750","199.250","199.500","198.000","0.02K","-0.13%"
"06/21/2021","199.000","199.000","199.500","198.875","0.01K","0.13%"
"06/18/2021","198.750","198.000","198.750","198.000","0.02K","0.38%"
"06/17/2021","198.000","198.750","198.750","197.500","0.02K","-0.25%"
"06/16/2021","198.500","198.500","198.500","198.500","","0.25%"
"06/15/2021","198.000","198.000","198.500","198.000","0.02K","0.00%"
"06/14/2021","198.000","198.000","198.500","198.000","0.02K","0.00%"
"06/11/2021","198.000","198.000","198.750","198.000","0.01K","-0.25%"
"06/10/2021","198.500","198.000","198.750","198.000","0.01K","0.00%"
"06/09/2021","198.500","198.000","198.500","198.000","0.01K","0.25%"
"06/08/2021","198.000","198.000","198.500","198.000","0.01K","0.25%"
"06/07/2021","197.500","197.000","198.500","197.000","0.01K","-0.25%"
"06/04/2021","198.000","198.750","198.750","198.000","0.02K","0.00%"
"06/03/2021","198.000","198.000","198.750","197.000","0.02K","0.00%"
"06/02/2021","198.000","197.000","198.500","197.000","0.02K","0.25%"
"06/01/2021","197.500","197.000","198.000","197.000","0.02K","-0.13%"
"05/31/2021","197.750","198.000","198.000","197.000","0.02K","-0.38%"
"05/28/2021","198.500","198.000","198.500","198.000","0.02K","0.00%"
"05/27/2021","198.500","198.500","198.500","198.500","","0.00%"
"05/26/2021","198.500","198.500","198.500","198.500","","0.00%"
"05/25/2021","198.500","197.000","198.750","197.000","0.02K","0.76%"
"05/24/2021","197.000","197.000","197.000","197.000","","0.00%"
"05/21/2021","197.000","197.000","197.000","197.000","","0.00%"
"05/20/2021","197.000","197.000","197.000","197.000","","0.00%"
"05/19/2021","197.000","197.000","197.000","197.000","","0.00%"
"05/18/2021","197.000","197.000","197.000","197.000","","0.00%"
"05/17/2021","197.000","197.500","197.500","197.000","0.02K","0.00%"
"05/14/2021","197.000","197.000","197.000","197.000","","0.00%"
"05/13/2021","197.000","197.000","197.000","196.500","0.02K","0.25%"
"05/12/2021","196.500","197.000","197.000","195.000","0.02K","0.00%"
"05/11/2021","196.500","197.000","197.000","195.500","0.03K","-0.25%"
"05/10/2021","197.000","197.000","197.500","197.000","0.00K","0.00%"
"05/07/2021","197.000","197.000","198.000","197.000","0.02K","0.00%"
"05/06/2021","197.000","198.000","198.000","197.000","0.02K","0.00%"
"05/05/2021","197.000","197.500","197.500","197.000","0.02K","0.00%"
"05/04/2021","197.000","197.500","197.500","197.000","0.02K","0.00%"
"05/03/2021","197.000","196.500","198.500","196.500","0.02K","-0.25%"
"04/30/2021","197.500","197.000","198.000","196.500","0.02K","0.25%"
"04/29/2021","197.000","195.000","198.750","195.000","0.02K","1.03%"
"04/28/2021","195.000","195.000","195.000","195.000","","0.00%"
"04/27/2021","195.000","195.000","195.000","195.000","","0.26%"
"04/26/2021","194.500","194.500","194.500","194.500","","0.00%"
"04/23/2021","194.500","194.000","194.500","194.000","0.02K","0.26%"
"04/22/2021","194.000","193.500","194.500","192.500","0.02K","1.04%"
"04/21/2021","192.000","191.000","192.000","191.000","0.00K","0.52%"
"04/20/2021","191.000","191.000","191.000","191.000","","0.00%"
"04/19/2021","191.000","191.000","191.000","189.000","0.03K","-1.04%"
"04/16/2021","193.000","200.400","200.400","192.000","0.06K","-3.98%"
"04/15/2021","201.000","201.500","204.000","201.000","0.04K","-0.25%"
"04/14/2021","201.500","201.500","201.500","201.500","","0.00%"
"04/13/2021","201.500","201.500","201.500","201.500","","0.00%"
"04/12/2021","201.500","202.000","202.000","201.250","0.03K","0.12%"
"04/09/2021","201.250","200.500","202.000","200.500","0.03K","0.12%"
"04/08/2021","201.000","200.750","201.500","200.400","0.02K","0.12%"
"04/07/2021","200.750","200.000","200.750","200.000","0.03K","0.25%"
"04/06/2021","200.250","199.500","200.250","199.500","0.03K","0.38%"
"04/05/2021","199.500","199.500","200.000","199.500","0.03K","0.00%"
"04/02/2021","199.500","199.500","199.500","199.500","","0.00%"
"04/01/2021","199.500","200.000","200.000","198.750","0.03K","0.25%"
"03/31/2021","199.000","199.000","200.000","199.000","0.04K","0.00%"
"03/30/2021","199.000","199.000","199.500","199.000","0.03K","0.00%"
"03/29/2021","199.000","198.250","199.375","198.250","0.03K","0.00%"
"03/26/2021","199.000","198.500","199.000","198.500","0.03K","0.25%"
"03/25/2021","198.500","198.250","199.500","198.250","0.03K","-0.25%"
"03/24/2021","199.000","198.500","199.000","197.500","0.03K","0.25%"
"03/23/2021","198.500","198.750","199.250","198.250","0.03K","0.13%"
"03/22/2021","198.250","197.500","198.750","197.500","0.03K","0.38%"
"03/19/2021","197.500","197.500","198.250","196.750","0.04K","0.00%"
"03/18/2021","197.500","199.750","199.750","197.000","0.04K","-1.50%"
"03/17/2021","200.500","199.500","201.000","198.750","0.04K","0.88%"
"03/16/2021","198.750","198.000","199.250","197.000","0.04K","0.25%"
"03/15/2021","198.250","197.250","198.250","196.500","0.04K","0.89%"
"03/12/2021","196.500","197.500","197.500","196.000","0.03K","0.00%"
"03/11/2021","196.500","196.500","196.500","196.500","","0.00%"
"03/10/2021","196.500","196.625","197.250","195.750","0.03K","-0.06%"
"03/09/2021","196.625","196.750","197.000","195.250","0.03K","0.19%"
"03/08/2021","196.250","196.000","196.250","195.500","0.02K","0.13%"
"03/05/2021","196.000","195.750","196.000","194.500","0.03K","0.13%"
"03/04/2021","195.750","195.500","196.250","194.750","0.03K","0.13%"
"03/03/2021","195.500","195.500","196.000","194.750","0.03K","0.00%"
"03/02/2021","195.500","194.500","196.000","194.500","0.03K","0.51%"
"03/01/2021","194.500","194.000","195.500","194.000","0.03K","0.00%"
"02/26/2021","194.500","194.500","194.500","194.500","","0.00%"
"02/25/2021","194.500","194.000","195.075","193.750","0.03K","0.26%"
"02/24/2021","194.000","193.500","195.000","193.500","0.03K","0.26%"
"02/23/2021","193.500","193.000","194.000","193.000","0.03K","0.00%"
"02/22/2021","193.500","195.000","195.750","193.500","0.03K","-1.02%"
"02/19/2021","195.500","196.000","196.500","194.500","0.04K","-0.64%"
"02/18/2021","196.750","195.500","197.000","194.750","0.03K","0.25%"
"02/17/2021","196.250","195.250","198.250","195.250","0.03K","0.38%"
"02/16/2021","195.500","195.000","197.500","194.500","0.03K","0.51%"
"02/15/2021","194.500","194.000","196.000","194.000","0.03K","0.13%"
"02/12/2021","194.250","194.000","195.125","192.750","0.04K","0.13%"
"02/11/2021","194.000","197.000","197.500","193.750","0.04K","-1.52%"
"02/10/2021","197.000","194.500","197.250","194.500","0.04K","0.64%"
"02/09/2021","195.750","194.000","196.000","194.000","0.04K","0.38%"
"02/08/2021","195.000","194.500","195.375","192.500","0.04K","0.78%"
"02/05/2021","193.500","193.500","194.875","193.250","0.04K","0.00%"
"02/04/2021","193.500","193.500","193.500","193.500","","0.00%"
"02/03/2021","193.500","193.500","196.000","192.500","0.04K","-0.26%"
"02/02/2021","194.000","194.000","194.750","192.250","0.04K","0.00%"
"02/01/2021","194.000","191.250","194.250","190.750","0.04K","1.70%"
"01/29/2021","190.750","192.000","192.000","189.750","0.04K","-0.91%"
"01/28/2021","192.500","192.500","192.500","192.500","","0.00%"
"01/27/2021","192.500","195.500","195.500","192.375","0.04K","-1.53%"
"01/26/2021","195.500","196.500","197.000","194.500","0.04K","-1.01%"
"01/25/2021","197.500","197.750","198.000","196.500","0.03K","-0.13%"
"01/22/2021","197.750","196.000","198.000","195.750","0.03K","0.89%"
"01/21/2021","196.000","194.500","196.250","194.500","0.02K","0.26%"
"01/20/2021","195.500","194.500","196.750","194.000","0.03K","1.43%"
"01/19/2021","192.750","192.500","193.500","192.500","0.02K","0.13%"
"01/18/2021","192.500","193.000","193.500","192.000","0.02K","-0.26%"
"01/15/2021","193.000","192.000","194.000","190.000","0.03K","0.26%"
"01/14/2021","192.500","192.500","192.500","192.500","","0.00%"
"01/13/2021","192.500","190.000","192.500","190.000","0.02K","1.32%"
"01/12/2021","190.000","189.000","190.000","189.000","0.02K","0.53%"
"01/11/2021","189.000","188.000","189.250","188.000","0.02K","0.53%"
"01/08/2021","188.000","187.000","188.000","187.000","0.03K","0.00%"
"01/07/2021","188.000","188.500","188.500","187.500","0.03K","-0.27%"
"01/06/2021","188.500","188.500","188.875","188.250","0.01K","0.00%"
"01/05/2021","188.500","187.000","188.500","187.000","0.02K","0.80%"
"01/04/2021","187.000","186.500","187.000","186.500","0.02K","0.27%"
"01/01/2021","186.500","185.500","187.125","185.250","0.02K","0.67%"
"12/31/2020","185.250","186.000","187.000","185.250","0.02K","-0.13%"
"12/30/2020","185.500","187.500","188.000","185.500","0.02K","-1.33%"
"12/29/2020","188.000","188.000","188.000","188.000","","0.00%"
"12/28/2020","188.000","189.850","189.850","187.500","0.03K","-0.92%"
"12/25/2020","189.750","189.750","189.750","189.750","","0.00%"
"12/24/2020","189.750","190.500","190.500","189.450","0.03K","-0.26%"
"12/23/2020","190.250","189.250","190.250","189.000","0.03K","0.53%"
"12/22/2020","189.250","188.250","189.250","188.200","0.02K","0.69%"
"12/21/2020","187.950","187.750","188.250","187.750","0.02K","0.11%"
"12/18/2020","187.750","187.000","187.850","187.000","0.02K","0.35%"
"12/17/2020","187.100","186.950","187.250","186.550","0.01K","0.08%"
"12/16/2020","186.950","186.950","187.150","186.850","0.01K","0.00%"
"12/15/2020","186.950","187.150","187.150","186.950","0.02K","-0.11%"
"12/14/2020","187.150","186.750","187.150","186.700","0.02K","0.27%"
"12/11/2020","186.650","186.050","186.700","186.000","0.04K","0.43%"
"12/10/2020","185.850","185.900","186.000","185.600","0.05K","0.03%"
"12/09/2020","185.800","186.400","186.450","185.450","0.04K","-0.27%"
"12/08/2020","186.300","186.450","186.500","186.000","0.04K","-0.05%"
"12/07/2020","186.400","186.150","186.450","185.800","0.04K","0.40%"
"12/04/2020","185.650","185.700","186.250","185.250","0.04K","-0.19%"
"12/03/2020","186.000","185.850","186.250","185.750","0.03K","0.13%"
"12/02/2020","185.750","185.700","186.000","185.200","0.03K","-0.16%"
"12/01/2020","186.050","185.650","186.050","185.550","0.03K","0.13%"
"11/30/2020","185.800","185.500","186.150","185.200","0.03K","0.27%"
"11/27/2020","185.300","185.100","185.300","184.750","0.03K","0.11%"
"11/26/2020","185.100","185.700","185.725","184.950","0.04K","-0.35%"
"11/25/2020","185.750","185.550","185.800","185.450","0.03K","0.08%"
"11/24/2020","185.600","185.400","185.800","185.200","0.03K","0.16%"
"11/23/2020","185.300","185.750","185.850","185.150","0.03K","0.08%"
"11/20/2020","185.150","184.875","185.250","184.775","0.03K","0.07%"
"11/19/2020","185.025","184.725","185.250","184.600","0.04K","0.19%"
"11/18/2020","184.675","185.200","185.250","184.500","0.04K","-0.28%"
"11/17/2020","185.200","185.350","185.800","184.400","0.04K","0.05%"
"11/16/2020","185.100","184.825","185.225","184.600","0.03K","0.24%"
"11/13/2020","184.650","184.575","184.750","184.500","0.05K","0.03%"
"11/12/2020","184.600","184.625","184.675","184.525","0.04K","0.01%"
"11/11/2020","184.575","184.525","184.675","184.500","0.04K","0.03%"
"11/10/2020","184.525","184.450","184.625","184.450","0.04K","0.01%"
"11/09/2020","184.500","184.525","184.725","184.450","0.04K","0.01%"
"11/06/2020","184.475","184.425","184.500","184.400","0.03K","0.00%"
"11/05/2020","184.475","184.350","184.525","184.350","0.04K","0.04%"
"11/04/2020","184.400","184.375","184.450","184.350","0.03K","0.03%"
"11/03/2020","184.350","184.500","184.575","184.325","0.04K","-0.09%"
"11/02/2020","184.525","184.225","184.575","184.225","0.04K","0.11%"
"10/30/2020","184.325","184.325","184.325","184.325","","0.00%"
"10/29/2020","184.325","184.325","184.375","184.250","0.04K","0.00%"
"10/28/2020","184.325","184.300","184.350","184.200","0.05K","-0.01%"
"10/27/2020","184.350","184.300","184.425","184.250","0.04K","0.00%"
"10/26/2020","184.350","184.350","184.650","184.225","0.03K","0.00%"
"10/23/2020","184.350","184.325","184.725","184.250","0.04K","-0.03%"
"10/22/2020","184.400","184.275","184.450","184.150","0.04K","0.05%"
"10/21/2020","184.300","184.450","184.600","184.150","0.04K","-0.14%"
"10/20/2020","184.550","184.350","184.550","184.325","0.04K","0.09%"
"10/19/2020","184.375","184.225","184.500","184.200","0.04K","0.05%"
"10/16/2020","184.275","184.500","184.600","184.250","0.04K","-0.15%"
"10/15/2020","184.550","184.700","184.950","184.450","0.04K","-0.09%"
"10/14/2020","184.725","184.400","184.850","184.350","0.03K","0.18%"
"10/13/2020","184.400","184.200","184.400","184.175","0.03K","0.09%"
"10/12/2020","184.225","184.200","184.300","184.150","0.04K","-0.01%"
"10/09/2020","184.250","184.200","184.300","184.100","0.03K","0.03%"
"10/08/2020","184.200","184.200","184.300","184.085","0.04K","-0.14%"
"10/07/2020","184.450","184.550","184.625","184.350","0.04K","-0.08%"
"10/06/2020","184.600","184.650","184.925","184.575","0.04K","-0.05%"
"10/05/2020","184.700","184.450","184.950","184.450","0.04K","0.11%"
"10/02/2020","184.500","184.850","184.850","184.450","0.04K","-0.27%"
"10/01/2020","185.000","185.000","185.000","185.000","","0.00%"
"09/30/2020","185.000","185.100","185.200","184.750","0.04K","-0.08%"
"09/29/2020","185.150","185.275","186.250","185.100","0.05K","-0.08%"
"09/28/2020","185.300","185.300","185.375","185.190","0.07K","0.00%"
"09/25/2020","185.300","185.150","185.325","185.000","0.04K","0.08%"
"09/24/2020","185.150","184.900","185.250","184.825","0.05K","0.11%"
"09/23/2020","184.950","185.100","185.300","184.925","0.05K","-0.23%"
"09/22/2020","185.375","185.400","185.470","185.310","0.04K","-0.06%"
"09/21/2020","185.490","185.525","185.725","185.450","0.04K","-0.01%"
"09/18/2020","185.500","184.950","185.600","184.950","0.05K","0.26%"
"09/17/2020","185.025","184.950","185.075","184.875","0.04K","0.01%"
"09/16/2020","185.000","184.400","185.050","184.400","0.03K","0.33%"
"09/15/2020","184.400","184.300","184.500","184.250","0.04K","0.07%"
"09/14/2020","184.275","184.425","184.425","184.000","0.04K","-0.12%"
"09/11/2020","184.500","184.750","184.750","184.425","0.04K","-0.12%"
"09/10/2020","184.725","184.400","184.925","184.400","0.04K","0.18%"
"09/09/2020","184.400","184.300","184.525","184.175","0.04K","0.05%"
"09/08/2020","184.300","184.550","184.550","184.125","0.04K","-0.27%"
"09/07/2020","184.800","185.200","185.200","184.600","0.04K","-0.19%"
"09/04/2020","185.150","185.225","185.375","185.025","0.04K","-0.12%"
"09/03/2020","185.375","185.250","185.375","185.000","0.05K","0.04%"
"09/02/2020","185.300","185.900","185.900","185.050","0.04K","-0.35%"
"09/01/2020","185.950","185.950","185.950","185.950","","0.00%"
"08/31/2020","185.950","186.450","186.550","185.725","0.04K","-0.24%"
"08/28/2020","186.400","186.000","186.475","185.900","0.04K","0.24%"
"08/27/2020","185.950","186.350","186.400","185.950","0.04K","-0.21%"
"08/26/2020","186.350","186.550","186.600","186.000","0.04K","-0.13%"
"08/25/2020","186.600","184.975","186.600","184.900","0.03K","0.86%"
"08/24/2020","185.000","184.550","185.050","184.500","0.03K","0.22%"
"08/21/2020","184.600","184.350","184.700","183.750","0.04K","0.05%"
"08/20/2020","184.500","186.000","187.000","184.300","0.06K","-0.91%"
"08/19/2020","186.200","184.400","186.300","184.300","0.05K","0.89%"
"08/18/2020","184.550","183.750","184.575","183.625","0.04K","0.44%"
"08/17/2020","183.750","183.250","183.800","183.075","0.04K","0.05%"
"08/14/2020","183.650","182.925","183.700","182.750","0.04K","0.41%"
"08/13/2020","182.900","182.725","182.950","182.350","0.04K","-0.05%"
"08/12/2020","183.000","184.000","184.000","182.900","0.04K","-0.57%"
"08/11/2020","184.050","184.700","184.700","184.025","0.04K","-0.38%"
"08/10/2020","184.750","185.300","185.300","184.625","0.04K","-0.27%"
"08/07/2020","185.250","185.250","185.425","185.235","0.04K","-0.11%"
"08/06/2020","185.450","185.500","185.500","185.325","0.03K","-0.03%"
"08/05/2020","185.500","185.500","185.550","185.485","0.02K","-0.01%"
"08/04/2020","185.525","185.675","185.675","185.500","0.04K","-0.04%"
"08/03/2020","185.600","185.600","185.600","185.600","","0.00%"
"07/31/2020","185.600","185.650","185.685","185.540","0.04K","-0.03%"
"07/30/2020","185.650","185.800","185.800","185.600","0.04K","-0.04%"
"07/29/2020","185.725","185.750","185.800","185.635","0.05K","-0.04%"
"07/28/2020","185.800","185.745","185.825","185.700","0.04K","0.03%"
"07/27/2020","185.750","185.750","185.840","185.700","0.04K","-0.03%"
"07/24/2020","185.800","185.750","185.825","185.715","0.03K","0.00%"
"07/23/2020","185.800","185.750","185.800","185.725","0.03K","0.00%"
"07/22/2020","185.800","185.750","185.850","185.750","0.03K","0.00%"
"07/21/2020","185.800","185.775","185.825","185.675","0.03K","0.00%"
"07/20/2020","185.800","185.775","185.825","185.715","0.03K","0.01%"
"07/17/2020","185.775","185.800","185.875","185.700","0.04K","-0.01%"
"07/16/2020","185.800","185.875","185.875","185.745","0.03K","-0.03%"
"07/15/2020","185.850","185.875","185.900","185.750","0.03K","0.00%"
"07/14/2020","185.850","185.850","185.900","185.750","0.03K","-0.03%"
"07/13/2020","185.900","185.850","185.975","185.775","0.03K","0.03%"
"07/10/2020","185.850","185.800","185.975","185.775","0.04K","0.00%"
"07/09/2020","185.850","185.750","185.925","185.575","0.04K","0.01%"
"07/08/2020","185.825","185.850","185.925","185.750","0.04K","-0.05%"
"07/07/2020","185.925","185.925","185.925","185.775","0.04K","0.04%"
"07/06/2020","185.850","185.825","186.075","185.750","0.03K","0.00%"
"07/03/2020","185.850","186.050","186.100","185.800","0.04K","-0.13%"
"07/02/2020","186.100","186.150","186.175","185.565","0.04K","-0.07%"
"07/01/2020","186.225","186.150","186.325","186.150","0.04K","0.00%"
"06/30/2020","186.225","186.150","186.275","186.150","0.04K","0.01%"
"06/29/2020","186.200","186.250","186.325","186.150","0.04K","0.00%"
"06/26/2020","186.200","186.125","186.275","185.950","0.03K","-0.11%"
"06/25/2020","186.400","186.550","186.675","186.350","0.03K","-0.13%"
"06/24/2020","186.650","186.575","186.675","186.525","0.04K","0.03%"
"06/23/2020","186.600","186.650","186.775","186.575","0.03K","-0.03%"
"06/22/2020","186.650","186.525","186.750","186.500","0.04K","0.00%"
"06/19/2020","186.650","186.625","186.700","186.525","0.04K","0.01%"
"06/18/2020","186.625","186.400","186.750","186.400","0.04K","0.04%"
"06/17/2020","186.550","186.100","186.950","186.100","0.04K","0.21%"
"06/16/2020","186.150","186.025","186.275","185.850","0.03K","0.08%"
"06/15/2020","186.000","185.300","186.000","185.300","0.04K","0.38%"
"06/12/2020","185.300","185.175","185.375","185.100","0.04K","0.05%"
"06/11/2020","185.200","185.225","185.250","185.100","0.04K","-0.05%"
"06/10/2020","185.300","185.050","185.300","185.050","0.04K","0.14%"
"06/09/2020","185.050","185.100","185.175","185.025","0.02K","-0.03%"
"06/08/2020","185.100","185.450","185.500","184.900","0.04K","-0.19%"
"06/05/2020","185.450","185.450","185.450","185.450","","0.00%"
"06/04/2020","185.450","185.650","185.675","185.350","0.03K","-0.19%"
"06/03/2020","185.800","185.850","186.025","185.700","0.04K","-0.03%"
"06/02/2020","185.850","186.050","186.100","185.675","0.04K","-0.12%"
"06/01/2020","186.075","186.150","186.300","185.950","0.04K","-0.09%"
"05/29/2020","186.250","186.150","186.300","186.100","0.04K","-0.05%"
"05/28/2020","186.350","186.150","186.400","186.125","0.03K","0.03%"
"05/27/2020","186.300","186.050","186.375","186.000","0.04K","0.09%"
"05/26/2020","186.125","185.500","186.300","185.500","0.04K","0.23%"
"05/25/2020","185.700","185.700","185.700","185.700","","0.00%"
"05/22/2020","185.700","186.400","186.450","184.625","0.04K","-0.46%"
"05/21/2020","186.550","187.150","187.150","186.500","0.03K","-0.32%"
"05/20/2020","187.150","187.400","187.525","187.100","0.03K","-0.20%"
"05/19/2020","187.525","187.750","187.775","187.425","0.04K","-0.09%"
"05/18/2020","187.700","187.750","187.850","187.450","0.03K","-0.11%"
"05/15/2020","187.900","187.750","188.100","187.725","0.03K","0.08%"
"05/14/2020","187.750","188.000","188.300","187.750","0.03K","-0.27%"
"05/13/2020","188.250","188.000","188.350","187.800","0.03K","0.00%"
"05/12/2020","188.250","188.000","188.575","187.250","0.03K","0.00%"
"05/11/2020","188.250","187.250","188.600","187.000","0.03K","0.94%"
"05/08/2020","186.500","186.500","186.500","186.500","","0.00%"
"05/07/2020","186.500","186.500","186.500","186.500","","0.00%"
"05/06/2020","186.500","188.750","189.250","186.500","0.02K","-1.32%"
"05/05/2020","189.000","188.500","189.000","188.250","0.02K","-0.26%"
"05/04/2020","189.500","190.500","191.000","189.375","0.02K","-0.52%"
"05/01/2020","190.500","190.500","190.500","190.500","","0.00%"
"04/30/2020","190.500","192.500","192.500","190.500","0.02K","-0.78%"
"04/29/2020","192.000","192.500","192.500","192.000","0.02K","0.00%"
"04/28/2020","192.000","192.500","192.500","192.000","0.01K","-0.26%"
"04/27/2020","192.500","192.500","192.875","192.000","0.01K","-0.26%"
"04/24/2020","193.000","193.000","193.250","191.750","0.02K","0.00%"
"04/23/2020","193.000","193.500","193.500","192.500","0.01K","-0.26%"
"04/22/2020","193.500","192.500","193.500","192.500","0.02K","0.52%"
"04/21/2020","192.500","192.500","193.000","191.500","0.01K","0.00%"
"04/20/2020","192.500","192.500","192.500","192.000","0.01K","0.26%"
"04/17/2020","192.000","192.000","192.250","191.500","0.01K","0.00%"
"04/16/2020","192.000","191.500","192.750","190.500","0.02K","0.26%"
"04/15/2020","191.500","191.500","192.250","191.500","0.01K","0.26%"
"04/14/2020","191.000","191.000","191.000","191.000","","0.00%"
"04/13/2020","191.000","191.000","191.000","191.000","","0.00%"
"04/10/2020","191.000","191.000","191.000","191.000","","0.00%"
"04/09/2020","191.000","193.500","193.500","190.000","0.01K","-1.29%"
"04/08/2020","193.500","193.500","195.000","193.250","0.01K","0.13%"
"04/07/2020","193.250","193.250","193.250","193.250","","0.00%"
"04/06/2020","193.250","193.200","193.250","192.800","0.00K","1.44%"
"04/03/2020","190.500","189.500","190.500","189.250","0.01K","0.53%"
"04/02/2020","189.500","188.625","189.500","188.625","0.01K","0.00%"
"04/01/2020","189.500","189.250","189.500","188.500","0.01K","0.13%"
"03/31/2020","189.250","188.250","189.250","188.250","0.01K","0.53%"
"03/30/2020","188.250","188.250","188.500","187.950","0.01K","0.00%"
"03/27/2020","188.250","187.050","189.250","187.050","0.01K","0.64%"
"03/26/2020","187.050","187.050","187.050","187.050","","0.00%"
"03/25/2020","187.050","187.050","187.050","187.050","","0.00%"
"03/24/2020","187.050","187.050","187.050","187.050","","0.00%"
"03/23/2020","187.050","187.050","187.050","187.050","","0.00%"
"03/20/2020","187.050","186.750","187.500","186.600","0.01K","0.35%"
"03/19/2020","186.400","185.750","187.450","185.750","0.02K","0.38%"
"03/18/2020","185.700","185.250","186.500","184.900","0.03K","0.46%"
"03/17/2020","184.850","184.500","185.150","184.500","0.03K","0.19%"
"03/16/2020","184.500","184.500","184.500","184.500","0.00K","0.00%"
"03/13/2020","184.500","182.950","184.750","182.950","0.04K","0.78%"
"03/12/2020","183.075","182.100","183.250","182.600","0.04K","0.26%"
"03/11/2020","182.600","182.500","182.650","182.325","0.04K","0.03%"
"03/10/2020","182.550","182.250","182.650","182.200","0.03K","0.34%"
"03/09/2020","181.925","181.925","181.925","181.925","","0.00%"
"03/06/2020","181.925","181.875","181.950","181.700","0.03K","0.01%"
"03/05/2020","181.900","182.100","182.100","181.800","0.03K","-0.05%"
"03/04/2020","182.000","182.150","182.175","181.950","0.03K","-0.05%"
"03/03/2020","182.100","182.125","182.250","182.050","0.04K","-0.03%"
"03/02/2020","182.150","181.875","182.300","181.850","0.03K","0.11%"
"02/28/2020","181.950","181.900","182.000","181.825","0.03K","0.07%"
"02/27/2020","181.825","181.750","181.875","181.700","0.03K","0.08%"
"02/26/2020","181.675","181.725","181.825","181.625","0.03K","-0.01%"
"02/25/2020","181.700","181.775","181.825","181.650","0.03K","-0.03%"
"02/24/2020","181.750","181.625","181.975","181.550","0.04K","0.07%"
"02/21/2020","181.625","181.625","181.625","181.625","","0.00%"
"02/20/2020","181.625","181.975","182.025","181.550","0.03K","-0.21%"
"02/19/2020","182.000","181.650","182.000","181.600","0.03K","0.22%"
"02/18/2020","181.600","181.600","181.700","181.450","0.03K","0.00%"
"02/17/2020","181.600","181.500","181.615","181.450","0.03K","0.08%"
"02/14/2020","181.450","181.450","181.550","181.350","0.03K","-0.01%"
"02/13/2020","181.475","181.525","181.550","181.350","0.04K","0.01%"
"02/12/2020","181.450","181.450","181.550","181.400","0.04K","-0.03%"
"02/11/2020","181.500","181.400","181.525","181.350","0.04K","0.03%"
"02/10/2020","181.450","181.450","181.525","181.350","0.03K","0.00%"
"02/07/2020","181.450","181.425","181.500","181.300","0.03K","0.01%"
"02/06/2020","181.425","181.350","181.460","181.300","0.04K","0.01%"
"02/05/2020","181.400","181.525","181.550","181.325","0.04K","-0.04%"
"02/04/2020","181.475","181.475","181.475","181.475","","0.00%"
"02/03/2020","181.475","181.425","181.575","181.350","0.03K","0.01%"
"01/31/2020","181.450","181.475","181.550","181.300","0.05K","-0.03%"
"01/30/2020","181.500","181.550","181.675","181.450","0.03K","0.00%"
"01/29/2020","181.500","181.550","181.625","181.390","0.04K","0.00%"
"01/28/2020","181.500","181.475","181.650","181.450","0.04K","-0.03%"
"01/27/2020","181.550","181.525","181.650","181.475","0.04K","-0.01%"
"01/24/2020","181.575","181.500","181.615","181.325","0.03K","0.03%"
"01/23/2020","181.525","181.450","181.550","181.325","0.04K","0.01%"
"01/22/2020","181.500","181.425","181.550","181.400","0.03K","0.04%"
"01/21/2020","181.425","181.350","181.475","181.275","0.03K","0.06%"
"01/20/2020","181.325","181.250","181.375","181.225","0.03K","0.04%"
"01/17/2020","181.250","181.300","181.400","181.200","0.03K","0.00%"
"01/16/2020","181.250","181.500","181.550","181.225","0.04K","-0.11%"
"01/15/2020","181.450","181.450","181.450","181.450","","0.00%"
"01/14/2020","181.450","181.425","181.700","181.325","0.04K","-0.06%"
"01/13/2020","181.550","181.375","181.550","181.100","0.04K","0.11%"
"01/10/2020","181.350","181.350","181.350","181.350","","0.00%"
"01/09/2020","181.350","181.500","181.550","181.175","0.03K","-0.14%"
"01/08/2020","181.600","181.325","181.700","181.275","0.04K","0.18%"
"01/07/2020","181.275","181.400","181.450","181.175","0.04K","-0.03%"
"01/06/2020","181.325","181.325","181.575","181.275","0.03K","0.01%"
"01/03/2020","181.300","181.350","181.475","181.200","0.04K","-0.08%"
"01/02/2020","181.450","181.200","181.525","181.150","0.03K","0.15%"
"01/01/2020","181.175","181.500","181.625","180.800","0.04K","-0.11%"
"12/31/2019","181.375","181.550","181.800","181.300","0.04K","-0.18%"
"12/30/2019","181.700","181.400","181.800","181.400","0.04K","0.14%"
"12/27/2019","181.450","181.400","181.500","181.200","0.04K","0.04%"
"12/26/2019","181.375","181.375","181.500","181.225","0.04K","-0.01%"
"12/25/2019","181.400","181.400","181.400","181.400","","0.00%"
"12/24/2019","181.400","181.375","181.475","181.300","0.03K","0.04%"
"12/23/2019","181.325","181.060","181.425","181.000","0.03K","0.12%"
"12/20/2019","181.100","181.475","181.700","181.100","0.03K","-0.21%"
"12/19/2019","181.475","181.225","181.475","181.175","0.03K","0.17%"
"12/18/2019","181.175","181.175","181.300","181.025","0.03K","0.00%"
"12/17/2019","181.175","181.200","181.225","180.975","0.05K","-0.01%"
"12/16/2019","181.200","181.150","181.400","181.050","0.04K","0.06%"
"12/13/2019","181.100","180.775","181.300","180.700","0.04K","0.11%"
"12/12/2019","180.900","181.050","181.075","180.650","0.04K","-0.12%"
"12/11/2019","181.125","181.125","181.125","181.125","","0.00%"
"12/10/2019","181.125","181.225","181.300","181.025","0.03K","-0.04%"
"12/09/2019","181.200","181.175","181.375","181.150","0.04K","0.00%"
"12/06/2019","181.200","181.550","181.700","181.125","0.05K","-0.14%"
"12/05/2019","181.450","181.225","181.500","181.100","0.04K","0.12%"
"12/04/2019","181.225","181.500","181.600","181.100","0.06K","-0.19%"
"12/03/2019","181.575","181.350","181.650","181.200","0.03K","0.15%"
"12/02/2019","181.300","180.930","181.350","180.350","0.04K","0.21%"
"11/29/2019","180.925","180.750","181.125","180.650","0.04K","0.10%"
"11/28/2019","180.750","180.900","181.075","180.175","0.04K","-0.11%"
"11/27/2019","180.950","181.200","181.200","180.750","0.03K","-0.41%"
"11/26/2019","181.700","180.900","181.850","180.900","0.03K","0.41%"
"11/25/2019","180.950","180.175","181.050","180.150","0.03K","0.46%"
"11/22/2019","180.125","179.700","180.125","179.700","0.03K","0.25%"
"11/21/2019","179.675","179.300","179.700","179.275","0.04K","0.21%"
"11/20/2019","179.300","179.200","179.350","179.000","0.03K","-0.04%"
"11/19/2019","179.375","179.500","179.500","179.050","0.03K","-0.10%"
"11/18/2019","179.550","179.650","180.550","179.300","0.04K","-0.36%"
"11/15/2019","180.200","180.350","180.375","180.100","0.03K","-0.11%"
"11/14/2019","180.400","180.300","180.500","180.100","0.04K","0.06%"
"11/13/2019","180.300","180.550","180.600","179.950","0.03K","-0.15%"
"11/12/2019","180.575","180.575","180.575","180.575","","0.00%"
"11/11/2019","180.575","180.575","180.575","180.575","","0.00%"
"11/08/2019","180.575","180.825","180.900","180.400","0.04K","-0.15%"
"11/07/2019","180.850","180.800","181.100","180.625","0.04K","0.11%"
"11/06/2019","180.650","180.200","180.850","180.200","0.03K","0.19%"
"11/05/2019","180.300","180.350","180.525","179.800","0.04K","-0.14%"
"11/04/2019","180.550","181.050","181.200","180.475","0.04K","-0.36%"
"11/01/2019","181.200","181.225","181.450","181.075","0.04K","0.01%"
"10/31/2019","181.175","181.600","181.700","181.100","0.06K","-0.21%"
"10/30/2019","181.550","181.575","181.690","181.505","0.05K","0.00%"
"10/29/2019","181.550","181.475","181.645","181.450","0.04K","0.04%"
"10/28/2019","181.475","181.450","181.575","181.325","0.03K","0.10%"
"10/25/2019","181.300","181.225","181.425","181.100","0.04K","0.06%"
"10/24/2019","181.200","181.450","181.500","181.000","0.03K","-0.11%"
"10/23/2019","181.400","181.550","181.650","181.325","0.03K","-0.14%"
"10/22/2019","181.650","181.700","181.775","181.450","0.04K","-0.08%"
"10/21/2019","181.800","182.000","182.025","181.500","0.04K","-0.11%"
"10/18/2019","182.000","182.000","182.125","181.800","0.03K","0.00%"
"10/17/2019","182.000","182.000","182.400","181.900","0.03K","0.00%"
"10/16/2019","182.000","182.000","182.100","181.775","0.04K","0.11%"
"10/15/2019","181.800","180.950","182.075","180.900","0.04K","0.44%"
"10/14/2019","181.000","180.725","181.100","180.675","0.03K","0.14%"
"10/11/2019","180.750","180.680","180.800","180.525","0.04K","0.08%"
"10/10/2019","180.600","180.550","180.875","180.500","0.03K","0.03%"
"10/09/2019","180.550","180.400","180.600","180.250","0.04K","0.06%"
"10/08/2019","180.450","180.950","180.950","180.325","0.04K","-0.26%"
"10/07/2019","180.925","181.475","181.500","180.775","0.03K","-0.28%"
"10/04/2019","181.425","181.475","181.550","181.400","0.03K","-0.04%"
"10/03/2019","181.500","181.875","181.875","181.325","0.04K","-0.18%"
"10/02/2019","181.825","182.400","182.450","181.825","0.03K","-0.27%"
"10/01/2019","182.325","182.075","182.550","182.025","0.03K","0.11%"
"09/30/2019","182.125","181.900","182.175","181.875","0.04K","0.12%"
"09/27/2019","181.900","181.975","182.025","181.825","0.04K","0.07%"
"09/26/2019","181.775","181.600","181.900","181.600","0.03K","0.07%"
"09/25/2019","181.650","181.225","181.725","181.225","0.04K","0.28%"
"09/24/2019","181.150","181.450","181.725","181.100","0.03K","-0.19%"
"09/23/2019","181.500","181.200","181.600","181.150","0.03K","0.17%"
"09/20/2019","181.200","180.950","181.250","180.925","0.04K","0.14%"
"09/19/2019","180.950","180.950","181.100","180.800","0.03K","0.11%"
"09/18/2019","180.750","180.625","180.975","180.575","0.04K","0.06%"
"09/17/2019","180.650","180.525","180.775","180.475","0.03K","0.10%"
"09/16/2019","180.475","180.400","180.625","180.325","0.04K","0.07%"
"09/13/2019","180.350","180.350","180.350","180.350","","0.00%"
"09/12/2019","180.350","180.400","180.425","180.250","0.04K","0.00%"
"09/11/2019","180.350","180.400","180.500","180.200","0.03K","-0.03%"
"09/10/2019","180.400","180.525","180.525","180.300","0.03K","-0.10%"
"09/09/2019","180.575","180.875","180.875","180.450","0.03K","-0.18%"
"09/06/2019","180.900","180.600","181.000","180.600","0.03K","0.08%"
"09/05/2019","180.750","180.550","180.900","180.550","0.03K","0.08%"
"09/04/2019","180.600","180.400","180.750","180.400","0.04K","0.11%"
"09/03/2019","180.400","180.025","180.475","179.950","0.02K","0.28%"
"09/02/2019","179.900","179.375","180.000","179.050","0.03K","0.25%"
"08/30/2019","179.450","180.550","180.550","179.275","0.05K","-0.54%"
"08/29/2019","180.425","180.650","181.150","180.150","0.03K","0.04%"
"08/28/2019","180.350","179.800","180.650","179.800","0.04K","0.33%"
"08/27/2019","179.750","179.700","179.850","179.500","0.04K","0.08%"
"08/26/2019","179.600","180.050","180.100","179.575","0.04K","-0.25%"
"08/23/2019","180.050","179.700","180.250","179.550","0.05K","0.31%"
"08/22/2019","179.500","178.850","179.750","178.850","0.04K","0.35%"
"08/21/2019","178.875","178.050","179.000","177.900","0.03K","0.52%"
"08/20/2019","177.950","177.475","178.100","177.450","0.04K","0.31%"
"08/19/2019","177.400","177.200","177.500","177.150","0.03K","0.13%"
"08/16/2019","177.175","177.150","177.200","176.950","0.03K","0.00%"
"08/15/2019","177.175","176.975","177.400","176.925","0.03K","0.16%"
"08/14/2019","176.900","176.900","176.900","176.900","","0.00%"
"08/13/2019","176.900","176.900","177.125","176.865","0.03K","0.03%"
"08/12/2019","176.850","176.850","176.850","176.850","","0.00%"
"08/09/2019","176.850","176.950","177.125","176.675","0.05K","-0.03%"
"08/08/2019","176.900","177.550","177.575","176.700","0.05K","-0.30%"
"08/07/2019","177.425","177.675","177.750","177.300","0.04K","-0.01%"
"08/06/2019","177.450","177.000","177.625","176.875","0.05K","0.28%"
"08/05/2019","176.950","176.575","177.025","176.575","0.04K","0.17%"
"08/02/2019","176.650","176.525","176.750","176.350","0.04K","0.08%"
"08/01/2019","176.500","176.375","176.575","176.350","0.04K","0.07%"
"07/31/2019","176.375","176.125","176.500","176.125","0.05K","0.07%"
"07/30/2019","176.250","176.130","176.400","176.125","0.03K","0.03%"
"07/29/2019","176.200","176.200","176.300","176.100","0.03K","0.00%"
"07/26/2019","176.200","176.250","176.300","176.075","0.05K","0.00%"
"07/25/2019","176.200","176.275","176.350","176.050","0.04K","0.00%"
"07/24/2019","176.200","176.050","176.275","176.050","0.04K","0.09%"
"07/23/2019","176.050","175.950","176.200","175.850","0.03K","0.10%"
"07/22/2019","175.875","175.800","175.975","175.650","0.04K","0.04%"
"07/19/2019","175.800","175.750","175.925","175.600","0.04K","0.03%"
"07/18/2019","175.750","175.625","175.800","175.575","0.04K","0.04%"
"07/17/2019","175.675","175.550","175.775","175.550","0.04K","-0.03%"
"07/16/2019","175.725","175.725","175.725","175.725","","0.00%"
"07/15/2019","175.725","175.425","175.725","175.425","0.04K","0.13%"
"07/12/2019","175.500","175.550","175.625","175.300","0.05K","0.06%"
"07/11/2019","175.400","175.650","175.650","175.250","0.04K","-0.03%"
"07/10/2019","175.450","175.700","176.225","175.350","0.05K","-0.13%"
"07/09/2019","175.675","175.950","176.125","175.500","0.04K","-0.27%"
"07/08/2019","176.150","176.150","176.275","175.950","0.05K","0.00%"
"07/05/2019","176.150","176.050","176.250","175.950","0.05K","0.01%"
"07/04/2019","176.125","176.050","176.225","176.000","0.03K","0.04%"
"07/03/2019","176.050","176.250","176.350","175.925","0.05K","-0.17%"
"07/02/2019","176.350","176.200","176.500","176.200","0.04K","0.03%"
"07/01/2019","176.300","176.425","176.500","176.100","0.05K","-0.11%"
"06/28/2019","176.500","176.450","176.675","176.350","0.04K","-0.06%"
"06/27/2019","176.600","176.475","176.675","176.350","0.05K","0.00%"
"06/26/2019","176.600","176.425","176.700","176.375","0.05K","0.06%"
"06/25/2019","176.500","176.525","176.650","176.050","0.05K","-0.01%"
"06/24/2019","176.525","176.775","176.850","176.450","0.05K","-0.08%"
"06/21/2019","176.675","176.875","176.900","176.600","0.07K","-0.03%"
"06/20/2019","176.725","176.775","176.825","176.500","0.04K","0.03%"
"06/19/2019","176.675","176.750","176.900","176.550","0.04K","-0.08%"
"06/18/2019","176.825","176.775","176.975","176.725","0.04K","0.01%"
"06/17/2019","176.800","176.850","177.050","176.675","0.04K","0.06%"
"06/14/2019","176.700","176.650","176.975","176.500","0.05K","0.06%"
"06/13/2019","176.600","176.550","176.675","176.425","0.05K","0.06%"
"06/12/2019","176.500","176.450","176.650","176.400","0.04K","0.03%"
"06/11/2019","176.450","176.450","176.585","176.350","0.04K","0.00%"
"06/10/2019","176.450","176.400","176.675","176.340","0.04K","0.01%"
"06/07/2019","176.425","176.450","176.525","176.325","0.05K","0.00%"
"06/06/2019","176.425","176.525","176.625","176.225","0.04K","0.00%"
"06/05/2019","176.425","176.425","176.425","176.425","","0.00%"
"06/04/2019","176.425","176.400","176.650","176.275","0.05K","-0.04%"
"06/03/2019","176.500","176.550","176.650","176.350","0.05K","0.09%"
"05/31/2019","176.350","176.500","176.650","176.350","0.05K","-0.01%"
"05/30/2019","176.375","176.350","176.800","176.175","0.05K","0.04%"
"05/29/2019","176.300","176.150","176.400","176.100","0.05K","0.01%"
"05/28/2019","176.275","176.225","176.500","176.125","0.06K","0.01%"
"05/27/2019","176.250","176.400","176.450","175.825","0.05K","-0.13%"
"05/24/2019","176.475","176.350","176.625","176.325","0.05K","-0.03%"
"05/23/2019","176.525","176.575","176.900","176.400","0.05K","-0.01%"
"05/22/2019","176.550","176.350","176.850","176.250","0.06K","0.23%"
"05/21/2019","176.150","175.875","176.375","175.875","0.06K","0.20%"
"05/20/2019","175.800","175.800","175.800","175.800","","0.00%"
"05/17/2019","175.800","175.950","176.125","175.575","0.06K","-0.14%"
"05/16/2019","176.050","176.400","176.450","175.925","0.05K","-0.11%"
"05/15/2019","176.250","176.800","176.850","176.200","0.05K","-0.28%"
"05/14/2019","176.750","176.600","177.000","176.400","0.04K","0.06%"
"05/13/2019","176.650","176.350","176.825","176.200","0.07K","0.17%"
"05/10/2019","176.350","175.750","176.425","175.550","0.04K","0.51%"
"05/09/2019","175.450","175.150","175.800","175.000","0.06K","0.43%"
"05/08/2019","174.700","176.750","177.000","174.600","0.09K","-1.30%"
"05/07/2019","177.000","177.250","177.750","176.675","0.07K","-0.25%"
"05/06/2019","177.450","177.050","177.800","176.900","0.06K","0.04%"
"05/03/2019","177.375","176.800","177.375","176.400","0.06K","0.44%"
"05/02/2019","176.600","176.250","177.025","176.025","0.09K","0.23%"
"05/01/2019","176.200","176.200","176.200","176.200","","0.00%"
"04/30/2019","176.200","175.500","176.550","175.425","0.05K","0.23%"
"04/29/2019","175.800","175.250","175.900","175.250","0.04K","0.20%"
"04/26/2019","175.450","175.250","176.000","174.975","0.05K","0.11%"
"04/25/2019","175.250","175.050","175.400","174.850","0.05K","0.20%"
"04/24/2019","174.900","174.800","175.200","174.500","0.05K","0.11%"
"04/23/2019","174.700","174.650","174.800","174.425","0.04K","0.03%"
"04/22/2019","174.650","174.450","175.100","174.325","0.04K","0.32%"
"04/19/2019","174.100","174.100","174.100","174.100","","0.00%"
"04/18/2019","174.100","174.500","174.625","174.000","0.05K","-0.29%"
"04/17/2019","174.600","174.575","174.750","174.500","0.05K","-0.04%"
"04/16/2019","174.675","174.650","174.825","174.525","0.03K","0.04%"
"04/15/2019","174.600","174.600","174.600","174.600","","0.00%"
"04/12/2019","174.600","174.675","174.725","174.475","0.03K","0.01%"
"04/11/2019","174.575","174.700","174.850","174.500","0.07K","-0.03%"
"04/10/2019","174.625","174.600","174.900","174.500","0.04K","-0.07%"
"04/09/2019","174.750","174.625","174.900","174.600","0.04K","0.04%"
"04/08/2019","174.675","174.650","174.925","174.525","0.05K","-0.10%"
"04/05/2019","174.850","174.775","174.975","174.625","0.05K","0.13%"
"04/04/2019","174.625","174.400","174.850","174.400","0.05K","-0.04%"
"04/03/2019","174.700","174.450","174.850","174.400","0.05K","0.09%"
"04/02/2019","174.550","174.625","174.700","174.150","0.05K","0.10%"
"04/01/2019","174.375","175.450","175.475","174.225","0.08K","-0.63%"
"03/29/2019","175.475","176.100","176.225","175.150","0.07K","-0.41%"
"03/28/2019","176.200","176.375","176.500","175.750","0.07K","0.03%"
"03/27/2019","176.150","177.355","177.500","175.750","0.11K","-0.68%"
"03/26/2019","177.350","178.100","178.225","177.300","0.07K","-0.44%"
"03/25/2019","178.125","178.025","178.300","177.950","0.05K","0.04%"
"03/22/2019","178.050","177.975","178.225","177.950","0.04K","-0.03%"
"03/21/2019","178.100","178.550","178.550","177.900","0.05K","-0.22%"
"03/20/2019","178.500","178.500","178.500","178.500","","0.00%"
"03/19/2019","178.500","178.550","178.575","178.350","0.05K","0.10%"
"03/18/2019","178.325","178.500","178.700","178.125","0.05K","-0.13%"
"03/15/2019","178.550","178.875","179.000","178.350","0.05K","-0.17%"
"03/14/2019","178.850","178.925","179.050","178.725","0.04K","0.00%"
"03/13/2019","178.850","178.850","179.050","178.725","0.05K","0.06%"
"03/12/2019","178.750","178.750","178.900","178.550","0.04K","0.07%"
"03/11/2019","178.625","178.450","178.675","178.350","0.04K","0.04%"
"03/08/2019","178.550","178.475","178.700","178.200","0.04K","-0.06%"
"03/07/2019","178.650","178.375","178.675","178.150","0.05K","0.08%"
"03/06/2019","178.500","179.050","179.100","178.000","0.05K","-0.31%"
"03/05/2019","179.050","179.625","179.800","178.950","0.06K","-0.39%"
"03/04/2019","179.750","179.750","179.750","179.750","","0.00%"
"03/01/2019","179.750","180.100","180.100","179.475","0.05K","-0.15%"
"02/28/2019","180.025","180.000","180.575","179.875","0.05K","0.10%"
"02/27/2019","179.850","179.900","179.975","179.600","0.05K","0.00%"
"02/26/2019","179.850","179.700","179.950","179.675","0.04K","0.06%"
"02/25/2019","179.750","179.500","179.875","179.500","0.04K","0.15%"
"02/22/2019","179.475","179.550","179.675","179.300","0.05K","-0.01%"
"02/21/2019","179.500","179.750","179.800","179.425","0.05K","-0.11%"
"02/20/2019","179.700","180.000","180.000","179.350","0.05K","0.06%"
"02/19/2019","179.600","179.600","179.600","179.600","","0.00%"
"02/18/2019","179.600","178.700","180.020","178.600","0.05K","0.53%"
"02/15/2019","178.650","178.600","178.825","178.475","0.04K","0.06%"
"02/14/2019","178.550","178.600","178.800","178.450","0.03K","0.03%"
"02/13/2019","178.500","178.350","178.925","178.150","0.04K","0.11%"
"02/12/2019","178.300","177.825","178.375","177.775","0.03K","0.31%"
"02/11/2019","177.750","177.800","177.875","177.550","0.03K","0.00%"
"02/08/2019","177.750","177.700","178.250","177.500","0.04K","0.00%"
"02/07/2019","177.750","177.850","177.850","177.350","0.04K","0.08%"
"02/06/2019","177.600","178.250","178.600","177.375","0.05K","-0.36%"
"02/05/2019","178.250","177.150","178.400","177.000","0.04K","0.91%"
"02/04/2019","176.650","176.650","176.650","176.650","","0.00%"
"02/01/2019","176.650","178.400","178.425","176.400","0.05K","-0.98%"
"01/31/2019","178.400","179.450","179.450","178.300","0.04K","-0.56%"
"01/30/2019","179.400","180.950","181.000","178.700","0.07K","-0.80%"
"01/29/2019","180.850","181.600","181.850","180.750","0.04K","-0.40%"
"01/28/2019","181.575","181.600","181.700","181.450","0.03K","-0.04%"
"01/25/2019","181.650","181.800","181.875","181.325","0.04K","-0.06%"
"01/24/2019","181.750","182.300","182.350","181.525","0.04K","-0.25%"
"01/23/2019","182.200","182.025","182.400","181.950","0.03K","0.03%"
"01/22/2019","182.150","181.825","182.250","181.700","0.04K","0.19%"
"01/21/2019","181.800","181.525","181.950","181.500","0.04K","0.08%"
"01/18/2019","181.650","181.850","182.000","181.550","0.05K","0.03%"
"01/17/2019","181.600","182.400","182.475","181.600","0.04K","-0.41%"
"01/16/2019","182.350","182.500","182.525","182.125","0.03K","0.05%"
"01/15/2019","182.250","182.250","182.250","182.250","","0.00%"
"01/14/2019","182.250","181.950","182.350","181.950","0.04K","0.16%"
"01/11/2019","181.950","181.700","182.300","181.600","0.04K","-0.05%"
"01/10/2019","182.050","182.400","182.475","181.750","0.03K","-0.22%"
"01/09/2019","182.450","182.625","182.850","182.350","0.04K","-0.08%"
"01/08/2019","182.600","182.250","182.600","182.200","0.04K","0.19%"
"01/07/2019","182.250","182.750","182.875","182.175","0.04K","-0.27%"
"01/04/2019","182.750","183.050","183.050","182.575","0.04K","-0.08%"
"01/03/2019","182.900","182.800","183.075","182.700","0.04K","-0.03%"
"01/02/2019","182.950","182.650","183.050","182.600","0.03K","0.05%"
"01/01/2019","182.850","182.900","183.150","181.700","0.07K","-0.03%"
"12/31/2018","182.900","183.050","183.200","182.700","","-0.05%"
"12/28/2018","183.000","182.450","183.200","182.250","","0.36%"
"12/27/2018","182.350","181.750","182.375","181.650","","0.39%"
"12/26/2018","181.650","181.500","182.025","181.350","","0.06%"
"12/25/2018","181.550","181.550","181.550","181.550","","0.00%"
"12/24/2018","181.550","181.200","181.650","181.200","","0.19%"
"12/21/2018","181.200","180.900","181.400","180.900","","0.11%"
"12/20/2018","181.000","180.600","181.150","180.450","","0.36%"
"12/19/2018","180.350","180.025","180.650","180.025","","0.17%"
"12/18/2018","180.050","179.800","180.225","179.750","","0.08%"
"12/17/2018","179.900","180.000","180.050","179.600","","0.06%"
"12/14/2018","179.800","179.750","180.050","179.450","","0.03%"
"12/13/2018","179.750","179.700","179.825","179.350","","0.18%"
"12/12/2018","179.425","179.050","179.700","179.050","","0.07%"
"12/11/2018","179.300","179.150","179.350","178.950","","0.20%"
"12/10/2018","178.950","178.400","179.050","178.400","","0.22%"
"12/07/2018","178.550","179.250","179.250","178.425","","-0.39%"
"12/06/2018","179.250","179.200","179.450","179.000","","-0.06%"
"12/05/2018","179.350","179.000","179.375","178.950","","0.17%"
"12/04/2018","179.050","178.725","179.175","178.600","","0.11%"
"12/03/2018","178.850","179.050","179.200","178.500","","0.03%"
"11/30/2018","178.800","179.650","179.950","178.750","","-0.53%"
"11/29/2018","179.750","179.400","179.975","179.250","","0.06%"
"11/28/2018","179.650","180.350","180.900","179.100","","-0.39%"
"11/27/2018","180.350","180.150","180.750","179.900","","0.06%"
"11/26/2018","180.250","179.550","180.400","179.550","","0.36%"
"11/23/2018","179.600","178.900","180.075","178.250","","0.48%"
"11/22/2018","178.750","178.750","178.750","178.750","","0.00%"
"11/21/2018","178.750","177.475","178.750","177.250","","0.85%"
"11/20/2018","177.250","177.250","177.250","177.250","","0.00%"
"11/19/2018","177.250","176.550","177.400","176.525","","0.28%"
"11/16/2018","176.750","176.400","176.800","176.275","","0.11%"
"11/15/2018","176.550","176.500","176.850","175.800","","0.20%"
"11/14/2018","176.200","176.050","176.600","175.600","","0.06%"
"11/13/2018","176.100","175.650","176.300","175.550","","0.20%"
"11/12/2018","175.750","174.925","175.950","174.900","","0.37%"
"11/09/2018","175.100","174.900","175.475","174.900","","0.14%"
"11/08/2018","174.850","174.750","175.200","174.700","","0.06%"
"11/07/2018","174.750","174.450","175.075","174.250","","0.23%"
"11/06/2018","174.350","174.350","174.350","174.350","","0.00%"
"11/05/2018","174.350","174.000","174.650","174.000","","0.00%"
"11/02/2018","174.350","173.900","174.600","173.900","","0.06%"
"11/01/2018","174.250","175.250","175.800","173.500","","-0.77%"
"10/31/2018","175.600","174.450","175.800","174.425","","0.66%"
"10/30/2018","174.450","174.000","174.750","173.650","","0.29%"
"10/29/2018","173.950","173.100","174.200","173.100","","0.61%"
"10/26/2018","172.900","172.900","173.125","172.650","","0.09%"
"10/25/2018","172.750","172.700","173.000","172.300","","0.06%"
"10/24/2018","172.650","172.650","172.650","172.650","","0.00%"
"10/23/2018","172.650","172.650","173.000","172.250","","0.03%"
"10/22/2018","172.600","171.600","172.600","171.600","","0.48%"
"10/19/2018","171.775","171.150","171.800","171.150","","0.28%"
"10/18/2018","171.300","171.050","171.475","170.900","","0.15%"
"10/17/2018","171.050","170.950","171.150","170.750","","0.12%"
"10/16/2018","170.850","170.800","171.200","170.550","","0.29%"
"10/15/2018","170.350","169.700","170.600","169.500","","0.35%"
"10/12/2018","169.750","171.350","171.450","169.450","","-0.90%"
"10/11/2018","171.300","171.250","171.500","171.050","","0.03%"
"10/10/2018","171.250","171.150","171.750","170.900","","0.12%"
"10/09/2018","171.050","170.600","171.100","170.500","","0.23%"
"10/08/2018","170.650","170.450","170.825","170.075","","0.21%"
"10/05/2018","170.300","170.025","170.500","169.950","","0.16%"
"10/04/2018","170.025","169.800","170.150","169.700","","0.10%"
"10/03/2018","169.850","169.250","169.900","169.250","","0.31%"
"10/02/2018","169.325","169.050","169.400","169.000","","0.13%"
"10/01/2018","169.100","169.250","169.350","169.000","","-0.03%"
"09/28/2018","169.150","169.200","169.400","169.100","","-0.06%"
"09/27/2018","169.250","168.950","169.400","168.825","","0.18%"
"09/26/2018","168.950","168.950","169.200","168.650","","0.12%"
"09/25/2018","168.750","168.650","168.950","168.250","","0.04%"
"09/24/2018","168.675","168.675","168.675","168.675","","0.00%"
"09/21/2018","168.675","168.950","168.950","167.975","","-0.07%"
"09/20/2018","168.800","167.050","168.900","166.900","","1.00%"
"09/19/2018","167.125","166.050","167.200","165.700","","0.77%"
"09/18/2018","165.850","165.100","165.925","165.050","","0.58%"
"09/17/2018","164.900","163.750","165.100","163.750","","0.67%"
"09/14/2018","163.800","162.950","163.800","162.850","","0.58%"
"09/13/2018","162.850","162.500","162.900","162.400","","0.22%"
"09/12/2018","162.500","162.350","162.750","162.275","","0.12%"
"09/11/2018","162.300","162.425","162.435","162.150","","-0.06%"
"09/10/2018","162.400","161.950","162.400","161.900","","0.22%"
"09/07/2018","162.050","161.600","162.075","161.350","","0.28%"
"09/06/2018","161.600","162.250","162.650","161.200","","-0.37%"
"09/05/2018","162.200","161.950","162.300","161.900","","0.19%"
"09/04/2018","161.900","161.600","161.975","161.550","","0.19%"
"09/03/2018","161.600","161.525","161.650","161.400","","0.06%"
"08/31/2018","161.500","161.450","161.575","161.400","","0.03%"
"08/30/2018","161.450","161.500","161.600","161.410","","0.03%"
"08/29/2018","161.400","161.150","161.500","161.100","","0.09%"
"08/28/2018","161.250","161.125","161.400","161.000","","0.09%"
"08/27/2018","161.100","161.000","161.150","160.800","","0.06%"
"08/24/2018","161.000","160.700","161.050","160.700","","0.19%"
"08/23/2018","160.700","160.600","160.875","160.575","","0.06%"
"08/22/2018","160.600","160.600","160.600","160.600","","0.00%"
"08/21/2018","160.600","160.550","160.675","160.475","","0.06%"
"08/20/2018","160.500","160.525","160.650","160.400","","0.03%"
"08/17/2018","160.450","160.500","160.575","160.425","","-0.03%"
"08/16/2018","160.500","160.150","160.550","160.150","","0.22%"
"08/15/2018","160.150","160.150","160.275","160.075","","0.00%"
"08/14/2018","160.150","160.050","160.200","160.000","","0.09%"
"08/13/2018","160.000","160.000","160.225","159.900","","0.03%"
"08/10/2018","159.950","160.000","160.150","159.900","","0.00%"
"08/09/2018","159.950","159.850","160.125","159.800","","0.06%"
"08/08/2018","159.850","159.750","159.950","159.700","","0.06%"
"08/07/2018","159.750","159.700","159.900","159.675","","0.00%"
"08/06/2018","159.750","159.700","159.925","159.650","","-0.03%"
"08/03/2018","159.800","159.650","159.900","159.625","","0.06%"
"08/02/2018","159.700","159.650","159.800","159.525","","0.13%"
"08/01/2018","159.500","159.625","159.750","159.500","","-0.09%"
"07/31/2018","159.650","159.700","159.825","159.600","","0.00%"
"07/30/2018","159.650","159.550","159.900","159.550","","0.03%"
"07/27/2018","159.600","159.600","159.600","159.600","","0.00%"
"07/26/2018","159.600","159.500","159.650","159.400","","0.03%"
"07/25/2018","159.550","159.500","159.600","159.400","","0.08%"
"07/24/2018","159.425","159.500","159.600","159.425","","-0.05%"
"07/23/2018","159.500","159.900","159.950","159.400","","-0.28%"
"07/20/2018","159.950","159.950","160.150","159.825","","0.00%"
"07/19/2018","159.950","159.900","160.100","159.725","","0.03%"
"07/18/2018","159.900","159.900","160.150","159.750","","0.00%"
"07/17/2018","159.900","159.750","159.950","159.650","","0.06%"
"07/16/2018","159.800","159.450","159.925","159.400","","0.16%"
"07/13/2018","159.550","159.300","159.600","159.300","","0.09%"
"07/12/2018","159.400","159.300","159.500","159.225","","0.03%"
"07/11/2018","159.350","159.275","159.425","159.175","","0.05%"
"07/10/2018","159.275","159.300","159.375","159.075","","-0.02%"
"07/09/2018","159.300","159.000","159.325","158.850","","0.06%"
"07/06/2018","159.200","158.750","159.325","158.675","","0.16%"
"07/05/2018","158.950","158.550","159.125","158.500","","0.16%"
"07/04/2018","158.700","158.350","158.775","158.350","","0.19%"
"07/03/2018","158.400","158.325","158.600","158.225","","0.00%"
"07/02/2018","158.400","158.250","158.550","158.250","","0.06%"
"06/29/2018","158.300","158.300","158.500","158.125","","0.00%"
"06/28/2018","158.300","158.250","158.375","157.950","","-0.03%"
"06/27/2018","158.350","158.350","158.350","158.350","","0.00%"
"06/26/2018","158.350","158.700","158.875","158.250","","-0.35%"
"06/25/2018","158.900","158.900","158.950","158.575","","-0.06%"
"06/22/2018","159.000","159.450","159.650","158.575","","-0.31%"
"06/21/2018","159.500","159.850","160.000","159.400","","-0.25%"
"06/20/2018","159.900","160.000","160.300","159.725","","-0.06%"
"06/19/2018","160.000","159.850","160.100","159.600","","0.06%"
"06/18/2018","159.900","159.700","159.950","159.500","","0.16%"
"06/15/2018","159.650","159.650","159.650","159.650","","0.00%"
"06/14/2018","159.650","159.500","160.250","159.350","","-0.03%"
"06/13/2018","159.700","159.375","159.900","159.250","","0.13%"
"06/12/2018","159.500","159.100","159.850","159.100","","0.19%"
"06/11/2018","159.200","158.900","159.325","158.850","","0.09%"
"06/08/2018","159.050","158.900","159.075","158.775","","0.09%"
"06/07/2018","158.900","158.700","159.000","158.650","","0.13%"
"06/06/2018","158.700","158.350","158.750","158.350","","0.16%"
"06/05/2018","158.450","158.500","158.700","158.350","","-0.05%"
"06/04/2018","158.525","158.600","158.650","158.250","","-0.08%"
"06/01/2018","158.650","158.350","158.725","158.175","","0.25%"
"05/31/2018","158.250","158.250","158.400","157.950","","0.09%"
"05/30/2018","158.100","157.975","158.200","157.950","","0.09%"
"05/29/2018","157.950","157.950","157.950","157.950","","0.00%"
"05/28/2018","157.950","158.050","158.100","157.900","","-0.06%"
"05/25/2018","158.050","158.000","158.150","157.950","","0.03%"
"05/24/2018","158.000","157.950","158.150","157.850","","0.10%"
"05/23/2018","157.850","157.900","158.100","157.800","","-0.03%"
"05/22/2018","157.900","157.925","158.100","157.825","","0.06%"
"05/21/2018","157.800","157.850","157.950","157.750","","0.03%"
"05/18/2018","157.750","157.850","158.050","157.700","","-0.03%"
"05/17/2018","157.800","158.200","158.325","157.800","","-0.22%"
"05/16/2018","158.150","158.100","158.700","157.950","","0.03%"
"05/15/2018","158.100","157.950","158.275","157.900","","0.05%"
"05/14/2018","158.025","157.900","158.100","157.800","","0.14%"
"05/11/2018","157.800","157.900","158.050","157.775","","0.00%"
"05/10/2018","157.800","157.800","158.050","157.800","","-0.13%"
"05/09/2018","158.000","157.800","158.050","157.550","","0.25%"
"05/08/2018","157.600","157.550","157.825","157.450","","0.04%"
"05/07/2018","157.530","157.530","157.530","157.530","","0.00%"
"05/04/2018","157.530","157.800","158.000","157.515","","-0.09%"
"05/03/2018","157.675","157.850","158.000","157.625","","0.06%"
"05/02/2018","157.575","157.650","158.000","157.525","","-0.08%"
"05/01/2018","157.700","157.750","157.900","157.650","","0.00%"
"04/30/2018","157.700","157.700","157.700","157.700","","0.00%"
"04/27/2018","157.700","157.600","157.800","157.025","","0.06%"
"04/26/2018","157.600","157.650","157.800","157.375","","-0.06%"
"04/25/2018","157.700","157.150","157.850","157.150","","0.48%"
"04/24/2018","156.950","156.800","157.375","156.750","","0.08%"
"04/23/2018","156.825","156.300","157.000","156.300","","0.30%"
"04/20/2018","156.350","156.225","156.450","156.225","","0.13%"
"04/19/2018","156.150","156.425","156.425","156.000","","-0.16%"
"04/18/2018","156.400","156.400","156.575","156.300","","0.03%"
"04/17/2018","156.350","156.050","156.475","155.950","","0.24%"
"04/16/2018","155.975","155.650","156.050","155.650","","0.19%"
"04/13/2018","155.675","155.675","155.675","155.675","","0.00%"
"04/12/2018","155.675","155.600","155.825","155.575","","-0.02%"
"04/11/2018","155.700","155.650","155.850","155.550","","0.10%"
"04/10/2018","155.550","155.450","155.625","155.425","","0.00%"
"04/09/2018","155.550","155.350","155.665","155.300","","0.03%"
"04/06/2018","155.500","155.650","155.650","155.350","","0.00%"
"04/05/2018","155.500","155.950","155.950","155.250","","-0.29%"
"04/04/2018","155.950","155.700","156.175","155.650","","0.10%"
"04/03/2018","155.800","155.150","155.850","155.100","","0.37%"
"04/02/2018","155.225","155.600","155.700","155.050","","-0.31%"
"03/30/2018","155.700","155.700","155.700","155.700","","0.00%"
"03/29/2018","155.700","155.625","156.075","155.600","","0.02%"
"03/28/2018","155.675","156.100","156.125","155.650","","-0.26%"
"03/27/2018","156.075","156.100","156.150","156.000","","0.00%"
"03/26/2018","156.075","156.100","156.175","156.025","","-0.05%"
"03/23/2018","156.150","156.025","156.175","156.000","","0.01%"
"03/22/2018","156.135","156.100","156.175","155.825","","0.05%"
"03/21/2018","156.050","156.100","156.135","155.875","","-0.03%"
"03/20/2018","156.100","156.125","156.185","156.050","","0.00%"
"03/19/2018","156.100","156.050","156.275","155.975","","0.05%"
"03/16/2018","156.025","156.050","156.200","155.950","","-0.02%"
"03/15/2018","156.050","155.800","156.075","155.775","","0.13%"
"03/14/2018","155.850","155.750","155.900","155.600","","0.06%"
"03/13/2018","155.750","155.650","155.850","155.600","","0.06%"
"03/12/2018","155.650","155.500","155.715","155.475","","0.10%"
"03/09/2018","155.500","155.400","155.550","155.325","","0.05%"
"03/08/2018","155.425","155.400","155.650","155.250","","0.03%"
"03/07/2018","155.375","155.100","155.375","155.075","","0.19%"
"03/06/2018","155.075","155.050","155.175","154.950","","0.08%"
"03/05/2018","154.950","155.150","155.250","154.950","","-0.18%"
"03/02/2018","155.225","155.100","155.285","155.050","","0.11%"
"03/01/2018","155.050","155.050","155.050","155.050","","0.00%"
"02/28/2018","155.050","154.875","155.100","154.875","","0.11%"
"02/27/2018","154.875","154.900","154.975","154.800","","-0.02%"
"02/26/2018","154.900","155.150","155.325","154.775","","-0.18%"
"02/23/2018","155.175","155.230","155.315","155.150","","-0.02%"
"02/22/2018","155.200","155.200","155.275","155.100","","-0.02%"
"02/21/2018","155.225","155.450","155.550","155.200","","-0.18%"
"02/20/2018","155.500","155.450","155.525","155.300","","0.00%"
"02/19/2018","155.500","155.175","155.500","155.150","","0.18%"
"02/16/2018","155.225","155.125","155.225","154.950","","0.19%"
"02/15/2018","154.925","155.400","155.650","154.900","","-0.43%"
"02/14/2018","155.600","154.950","155.950","154.950","","0.42%"
"02/13/2018","154.950","154.950","154.950","154.950","","0.00%"
"02/12/2018","154.950","154.300","155.025","154.300","","0.39%"
"02/09/2018","154.350","154.350","154.375","154.215","","0.00%"
"02/08/2018","154.350","154.550","154.675","154.350","","-0.15%"
"02/07/2018","154.575","154.600","154.700","154.525","","-0.08%"
"02/06/2018","154.700","154.350","154.700","154.200","","0.29%"
"02/05/2018","154.250","154.250","154.250","154.250","","0.00%"
"02/02/2018","154.250","154.200","154.250","154.100","","0.08%"
"02/01/2018","154.125","153.950","154.235","153.900","","0.10%"
"01/31/2018","153.975","153.975","153.975","153.975","","0.00%"
"01/30/2018","153.975","153.750","154.050","153.750","","0.16%"
"01/29/2018","153.725","153.700","153.890","153.675","","0.02%"
"01/26/2018","153.700","153.750","153.825","153.650","","-0.03%"
"01/25/2018","153.750","153.750","153.875","153.675","","0.00%"
"01/24/2018","153.750","154.125","154.150","153.750","","-0.26%"
"01/23/2018","154.150","154.050","154.250","154.000","","0.06%"
"01/22/2018","154.050","153.950","154.125","153.850","","0.10%"
"01/19/2018","153.900","153.875","153.950","153.775","","0.02%"
"01/18/2018","153.875","153.950","153.950","153.750","","-0.05%"
"01/17/2018","153.950","153.925","154.000","153.775","","0.02%"
"01/16/2018","153.925","153.950","154.000","153.825","","-0.02%"
"01/15/2018","153.950","153.950","153.950","153.950","","0.00%"
"01/12/2018","153.950","153.700","153.950","153.700","","0.13%"
"01/11/2018","153.750","153.800","153.850","153.675","","-0.03%"
"01/10/2018","153.800","153.800","153.875","153.700","","0.00%"
"01/09/2018","153.800","153.800","153.925","153.700","","0.02%"
"01/08/2018","153.775","153.600","153.825","153.575","","0.16%"
"01/05/2018","153.525","153.600","153.650","153.375","","-0.08%"
"01/04/2018","153.650","153.750","153.800","153.525","","-0.03%"
"01/03/2018","153.700","153.600","153.825","153.600","","0.10%"
"01/02/2018","153.550","153.550","153.750","153.325","","0.03%"
"01/01/2018","153.500","153.500","153.500","153.500","","0.00%"
"12/29/2017","153.500","153.500","153.700","152.950","","0.07%"
"12/28/2017","153.400","152.525","153.500","152.475","","0.64%"
"12/27/2017","152.425","152.675","152.800","152.425","","-0.18%"
"12/26/2017","152.700","152.900","152.925","152.675","","-0.16%"
"12/25/2017","152.950","152.950","152.950","152.950","","0.00%"
"12/22/2017","152.950","152.950","153.100","152.850","","0.02%"
"12/21/2017","152.925","153.025","153.025","152.800","","-0.11%"
"12/20/2017","153.100","153.150","153.175","153.025","","-0.02%"
"12/19/2017","153.125","153.150","153.225","153.075","","-0.03%"
"12/18/2017","153.175","153.150","153.240","153.075","","0.02%"
"12/15/2017","153.150","153.150","153.325","153.100","","-0.03%"
"12/14/2017","153.200","153.300","153.425","153.175","","0.00%"
"12/13/2017","153.200","153.075","153.250","153.075","","0.06%"
"12/12/2017","153.110","153.100","153.160","153.025","","0.01%"
"12/11/2017","153.100","153.100","153.150","152.950","","-0.07%"
"12/08/2017","153.200","153.350","153.375","153.100","","-0.13%"
"12/07/2017","153.400","153.350","153.475","153.300","","0.05%"
"12/06/2017","153.325","153.350","153.375","153.275","","-0.02%"
"12/05/2017","153.350","153.500","153.575","153.300","","-0.13%"
"12/04/2017","153.550","153.600","153.700","153.550","","-0.03%"
"12/01/2017","153.600","153.600","153.600","153.600","","0.00%"
"11/30/2017","153.600","153.750","153.800","153.525","","-0.11%"
"11/29/2017","153.775","153.775","153.850","153.725","","-0.02%"
"11/28/2017","153.800","153.650","153.800","153.575","","0.13%"
"11/27/2017","153.600","153.750","153.800","153.600","","-0.10%"
"11/24/2017","153.750","153.700","153.825","153.665","","0.02%"
"11/23/2017","153.725","153.750","153.750","153.625","","-0.02%"
"11/22/2017","153.750","153.775","153.850","153.700","","-0.02%"
"11/21/2017","153.780","153.825","153.900","153.740","","0.02%"
"11/20/2017","153.750","153.650","153.825","153.650","","0.07%"
"11/17/2017","153.650","153.650","153.800","153.575","","0.00%"
"11/16/2017","153.650","153.850","153.900","153.650","","-0.10%"
"11/15/2017","153.800","153.700","153.850","153.625","","0.13%"
"11/14/2017","153.600","153.600","153.650","153.550","","-0.03%"
"11/13/2017","153.650","153.575","153.675","153.550","","0.03%"
"11/10/2017","153.600","153.625","153.700","153.550","","0.00%"
"11/09/2017","153.600","153.300","153.625","153.300","","0.15%"
"11/08/2017","153.375","153.400","153.425","153.150","","-0.03%"
"11/07/2017","153.425","153.600","153.600","153.325","","-0.11%"
"11/06/2017","153.600","153.700","153.700","153.500","","0.00%"
"11/03/2017","153.600","153.600","153.600","153.600","","0.00%"
"11/02/2017","153.600","153.700","153.700","153.575","","-0.07%"
"11/01/2017","153.700","153.650","153.750","153.625","","0.05%"
"10/31/2017","153.625","153.600","153.650","153.575","","0.02%"
"10/30/2017","153.600","153.550","153.700","153.525","","0.03%"
"10/27/2017","153.550","153.550","153.675","153.475","","-0.03%"
"10/26/2017","153.600","153.765","153.900","153.550","","-0.16%"
"10/25/2017","153.850","153.900","153.925","153.750","","0.03%"
"10/24/2017","153.800","153.765","153.925","153.725","","0.07%"
"10/23/2017","153.700","153.700","153.775","153.600","","0.00%"
"10/20/2017","153.700","153.700","153.700","153.600","","0.03%"
"10/19/2017","153.650","153.650","153.725","153.625","","0.02%"
"10/18/2017","153.625","153.625","153.625","153.625","","0.00%"
"10/17/2017","153.625","153.600","153.675","153.500","","0.02%"
"10/16/2017","153.600","153.700","153.750","153.600","","-0.10%"
"10/13/2017","153.750","153.775","153.800","153.650","","0.02%"
"10/12/2017","153.725","153.600","153.750","153.450","","0.16%"
"10/11/2017","153.475","153.425","153.550","153.375","","0.02%"
"10/10/2017","153.450","153.325","153.450","153.275","","0.07%"
"10/09/2017","153.350","153.250","153.350","153.250","","0.03%"
"10/06/2017","153.300","153.300","153.350","153.175","","0.00%"
"10/05/2017","153.300","153.300","153.300","153.300","","0.00%"
"10/04/2017","153.300","153.300","153.420","153.200","","0.03%"
"10/03/2017","153.250","153.150","153.300","153.125","","0.10%"
"10/02/2017","153.100","153.075","153.175","153.050","","0.01%"
"09/29/2017","153.080","153.075","153.200","153.065","","-0.03%"
"09/28/2017","153.125","153.050","153.225","153.050","","0.02%"
"09/27/2017","153.100","153.000","153.200","153.000","","0.07%"
"09/26/2017","153.000","153.000","153.050","152.950","","0.00%"
"09/25/2017","153.000","152.825","153.075","152.775","","0.16%"
"09/22/2017","152.750","152.800","152.875","152.600","","-0.02%"
"09/21/2017","152.775","152.825","152.925","152.700","","0.07%"
"09/20/2017","152.675","153.200","153.250","152.675","","-0.29%"
"09/19/2017","153.125","153.075","153.275","152.975","","0.08%"
"09/18/2017","153.000","152.875","153.150","152.850","","0.07%"
"09/15/2017","152.900","152.975","153.025","152.875","","0.00%"
"09/14/2017","152.900","152.975","153.200","152.875","","-0.08%"
"09/13/2017","153.025","152.850","153.040","152.800","","0.11%"
"09/12/2017","152.850","152.775","152.925","152.725","","0.03%"
"09/11/2017","152.800","152.750","152.875","152.675","","0.02%"
"09/08/2017","152.775","152.750","152.830","152.650","","0.05%"
"09/07/2017","152.700","152.675","152.775","152.500","","0.02%"
"09/06/2017","152.675","152.425","152.750","152.425","","0.16%"
"09/05/2017","152.425","152.425","152.425","152.425","","0.00%"
"09/04/2017","152.425","152.675","152.800","152.275","","-0.23%"
"09/01/2017","152.775","152.775","152.775","152.775","","0.00%"
"08/31/2017","152.775","152.850","152.875","152.725","","-0.03%"
"08/30/2017","152.825","152.800","152.925","152.775","","-0.02%"
"08/29/2017","152.850","152.925","152.975","152.750","","-0.07%"
"08/28/2017","152.950","152.975","153.025","152.890","","-0.03%"
"08/25/2017","153.000","153.000","153.025","152.930","","0.00%"
"08/24/2017","153.000","152.975","153.025","152.850","","0.02%"
"08/23/2017","152.975","153.050","153.050","152.825","","-0.02%"
"08/22/2017","153.000","153.200","153.325","153.000","","-0.10%"
"08/21/2017","153.150","153.350","153.400","153.125","","-0.10%"
"08/18/2017","153.300","153.250","153.425","153.225","","0.00%"
"08/17/2017","153.300","153.250","153.450","153.150","","0.05%"
"08/16/2017","153.225","153.200","153.275","153.150","","0.00%"
"08/15/2017","153.225","153.100","153.350","153.075","","0.05%"
"08/14/2017","153.150","153.075","153.175","153.050","","0.07%"
"08/11/2017","153.050","153.150","153.225","152.975","","-0.16%"
"08/10/2017","153.300","153.225","153.300","153.150","","0.03%"
"08/09/2017","153.250","153.250","153.325","153.150","","-0.03%"
"08/08/2017","153.300","153.375","153.450","153.225","","-0.04%"
"08/07/2017","153.360","153.425","153.435","153.350","","-0.04%"
"08/04/2017","153.425","153.375","153.500","153.325","","0.10%"
"08/03/2017","153.265","153.395","153.590","153.175","","-0.13%"
"08/02/2017","153.460","153.500","153.575","153.400","","0.13%"
"08/01/2017","153.255","153.525","153.650","153.225","","-0.19%"
"07/31/2017","153.550","153.750","153.775","153.525","","-0.03%"
"07/28/2017","153.595","153.650","153.825","153.550","","-0.03%"
"07/27/2017","153.635","153.650","153.770","153.575","","0.14%"
"07/26/2017","153.420","153.550","153.650","153.375","","0.00%"
"07/25/2017","153.420","153.575","153.650","153.350","","0.04%"
"07/24/2017","153.355","153.700","153.775","153.275","","-0.19%"
"07/21/2017","153.650","153.700","153.800","153.600","","0.08%"
"07/20/2017","153.520","153.700","153.800","153.500","","-0.05%"
"07/19/2017","153.595","153.775","153.875","153.500","","0.04%"
"07/18/2017","153.530","153.595","153.825","153.475","","-0.08%"
"07/17/2017","153.660","153.650","153.800","153.625","","0.07%"
"07/14/2017","153.545","153.570","153.780","153.495","","-0.05%"
"07/13/2017","153.625","153.700","153.800","153.525","","0.02%"
"07/12/2017","153.595","153.750","153.785","153.525","","0.02%"
"07/11/2017","153.570","153.750","153.800","153.500","","0.04%"
"07/10/2017","153.505","153.650","153.780","153.400","","-0.01%"
"07/07/2017","153.520","153.600","153.725","153.425","","0.07%"
"07/06/2017","153.420","153.700","153.750","153.375","","0.00%"
"07/05/2017","153.420","153.675","153.800","153.400","","-0.15%"
"07/04/2017","153.650","153.600","153.725","153.375","","0.07%"
"07/03/2017","153.550","153.550","153.625","153.375","","0.13%"
"06/30/2017","153.355","153.600","153.655","153.250","","-0.05%"
"06/29/2017","153.435","153.400","153.600","153.210","","0.14%"
"06/28/2017","153.220","153.350","153.450","153.150","","0.09%"
"06/27/2017","153.075","153.250","153.530","152.910","","-0.01%"
"06/26/2017","153.095","153.205","153.390","152.935","","-0.08%"
"06/23/2017","153.210","153.225","153.490","152.890","","0.06%"
"06/22/2017","153.115","153.250","153.610","152.860","","-0.02%"
"06/21/2017","153.140","153.150","153.570","152.890","","0.01%"
"06/20/2017","153.130","153.050","153.495","152.750","","0.22%"
"06/19/2017","152.800","152.815","153.360","152.540","","-0.01%"
"06/16/2017","152.820","152.875","153.180","152.475","","-0.06%"
"06/15/2017","152.910","152.800","153.170","152.440","","0.12%"
"06/14/2017","152.720","152.775","152.995","152.375","","0.11%"
"06/13/2017","152.550","152.750","152.950","152.250","","0.26%"
"06/12/2017","152.160","152.825","153.000","152.110","","-0.17%"
"06/09/2017","152.415","152.825","152.925","152.030","","0.28%"
"06/08/2017","151.985","152.245","152.285","151.945","","-0.13%"
"06/07/2017","152.180","152.700","152.900","152.055","","-0.34%"
"06/06/2017","152.700","152.600","153.175","152.400","","0.17%"
"06/05/2017","152.440","152.825","152.925","152.225","","0.10%"
"06/02/2017","152.290","152.750","152.990","152.000","","-0.09%"
"06/01/2017","152.420","152.605","152.975","152.175","","-0.16%"
"05/31/2017","152.670","152.825","153.000","152.400","","0.03%"
"05/30/2017","152.630","152.800","152.975","152.400","","-0.11%"
"05/29/2017","152.800","152.875","153.015","152.425","","0.28%"
"05/26/2017","152.380","152.775","153.065","152.065","","-0.04%"
"05/25/2017","152.445","152.825","153.030","152.115","","-0.09%"
"05/24/2017","152.575","152.850","153.015","152.265","","-0.04%"
"05/23/2017","152.640","152.450","153.025","152.365","","-0.09%"
"05/22/2017","152.770","152.800","153.000","152.065","","0.29%"
"05/19/2017","152.335","152.700","153.000","151.990","","-0.13%"
"05/18/2017","152.530","152.650","152.850","152.265","","-0.11%"
"05/17/2017","152.700","152.700","152.825","152.350","","0.16%"
"05/16/2017","152.455","152.575","152.880","152.050","","-0.10%"
"05/15/2017","152.600","152.700","152.750","152.350","","0.00%"
"05/12/2017","152.600","152.650","152.800","152.250","","0.01%"
"05/11/2017","152.585","152.585","152.585","152.585","","0.00%"
"05/10/2017","152.585","152.585","152.585","152.585","","0.00%"
"05/09/2017","152.585","152.600","152.860","152.150","","0.04%"
"05/08/2017","152.530","152.275","152.930","152.065","","0.02%"
"05/05/2017","152.500","152.500","152.815","152.055","","0.00%"
"05/04/2017","152.500","152.075","152.765","152.000","","0.10%"
"05/03/2017","152.355","152.000","152.715","151.855","","0.24%"
"05/02/2017","151.995","152.500","152.565","151.800","","-0.29%"
"05/01/2017","152.435","152.435","152.435","152.435","","0.00%"
"04/28/2017","152.435","151.900","152.535","151.850","","0.07%"
"04/27/2017","152.330","152.050","152.500","151.825","","0.09%"
"04/26/2017","152.200","152.325","152.600","151.850","","0.18%"
"04/25/2017","151.925","152.250","152.775","151.825","","-0.24%"
"04/24/2017","152.285","152.450","152.750","151.775","","-0.11%"
"04/21/2017","152.450","152.265","152.825","151.775","","0.12%"
"04/20/2017","152.260","152.500","152.850","151.780","","0.00%"
"04/19/2017","152.255","152.200","152.475","151.740","","0.18%"
"04/18/2017","151.985","152.300","152.450","151.690","","0.06%"
"04/17/2017","151.895","152.150","152.500","151.525","","-0.11%"
"04/14/2017","152.055","152.120","152.130","152.045","","-0.04%"
"04/13/2017","152.120","152.110","152.120","152.110","","-0.04%"
"04/12/2017","152.175","152.200","152.690","151.625","","-0.06%"
"04/11/2017","152.265","151.925","152.565","151.550","","0.39%"
"04/10/2017","151.680","151.670","151.680","151.670","","-0.04%"
"04/07/2017","151.735","152.100","152.175","151.485","","-0.01%"
"04/06/2017","151.750","151.950","152.000","151.520","","-0.02%"
"04/05/2017","151.775","151.800","151.925","151.575","","-0.05%"
"04/04/2017","151.850","151.825","152.005","151.570","","-0.06%"
"04/03/2017","151.945","152.100","152.225","151.625","","-0.12%"
"03/31/2017","152.135","152.300","152.365","151.650","","0.01%"
"03/30/2017","152.120","152.025","152.255","151.650","","0.01%"
"03/29/2017","152.105","152.075","152.275","151.650","","0.09%"
"03/28/2017","151.970","152.125","152.175","151.625","","0.06%"
"03/27/2017","151.885","152.000","152.200","151.600","","0.09%"
"03/24/2017","151.750","152.000","152.225","151.500","","-0.10%"
"03/23/2017","151.895","152.000","152.175","151.525","","0.09%"
"03/22/2017","151.755","152.025","152.080","151.425","","0.00%"
"03/21/2017","151.750","151.750","152.050","151.500","","-0.18%"
"03/20/2017","152.025","152.250","152.450","151.400","","-0.20%"
"03/17/2017","152.325","152.300","152.450","151.300","","0.15%"
"03/16/2017","152.100","152.250","152.525","151.300","","0.04%"
"03/15/2017","152.035","151.950","152.110","151.300","","0.12%"
"03/14/2017","151.850","151.700","151.850","151.275","","0.23%"
"03/13/2017","151.495","151.500","151.790","151.275","","0.02%"
"03/10/2017","151.460","151.525","151.625","151.125","","-0.01%"
"03/09/2017","151.475","151.000","151.700","151.000","","0.12%"
"03/08/2017","151.290","151.250","151.600","150.975","","-0.08%"
"03/07/2017","151.410","151.250","152.370","151.125","","-0.63%"
"03/06/2017","152.370","151.200","152.445","151.125","","-0.04%"
"03/03/2017","152.435","151.450","152.435","151.175","","0.00%"
"03/02/2017","152.435","151.300","152.435","151.125","","0.00%"
"03/01/2017","152.435","151.400","152.435","151.115","","0.00%"
"02/28/2017","152.440","152.435","152.680","151.115","","0.31%"
"02/27/2017","151.975","151.950","152.500","151.175","","-0.30%"
"02/24/2017","152.435","152.435","152.435","152.435","","0.00%"
"02/23/2017","152.435","152.500","152.635","151.200","","0.00%"
"02/22/2017","152.435","150.975","152.510","150.935","","0.92%"
"02/21/2017","151.040","151.750","151.875","151.010","","-0.06%"
"02/20/2017","151.130","151.075","151.540","150.725","","0.06%"
"02/17/2017","151.040","150.825","151.365","150.520","","0.23%"
"02/16/2017","150.700","150.625","150.875","150.575","","0.07%"
"02/15/2017","150.600","150.500","150.850","150.475","","0.03%"
"02/14/2017","150.550","150.550","150.850","150.420","","-0.02%"
"02/13/2017","150.575","150.600","150.875","150.500","","-0.06%"
"02/10/2017","150.660","150.650","150.660","150.650","","-0.04%"
"02/09/2017","150.715","150.700","150.890","150.550","","0.01%"
"02/08/2017","150.695","150.750","150.900","150.525","","0.03%"
"02/07/2017","150.645","150.650","150.900","150.525","","0.05%"
"02/06/2017","150.575","150.475","150.800","150.375","","0.08%"
"02/03/2017","150.450","150.500","150.650","150.350","","-0.03%"
"02/02/2017","150.500","150.550","150.700","150.350","","-0.07%"
"02/01/2017","150.600","150.150","150.775","150.150","","0.11%"
"01/31/2017","150.435","150.215","150.585","149.975","","0.10%"
"01/30/2017","150.280","150.450","150.575","150.050","","0.00%"
"01/27/2017","150.280","150.500","150.625","150.050","","-0.02%"
"01/26/2017","150.310","150.475","150.575","150.100","","0.00%"
"01/25/2017","150.310","150.250","150.725","149.985","","0.07%"
"01/24/2017","150.200","150.350","150.450","149.960","","0.01%"
"01/23/2017","150.185","150.100","150.400","149.975","","0.02%"
"01/20/2017","150.150","150.100","150.475","149.975","","0.00%"
"01/19/2017","150.145","150.025","150.375","149.925","","0.02%"
"01/18/2017","150.110","149.790","150.200","149.765","","0.17%"
"01/17/2017","149.855","149.925","150.300","149.840","","-0.08%"
"01/16/2017","149.975","149.950","150.275","149.850","","-0.06%"
"01/13/2017","150.060","149.875","150.400","149.750","","0.00%"
"01/12/2017","150.060","150.060","150.060","150.060","","0.00%"
"01/11/2017","150.060","149.900","150.200","149.765","","0.14%"
"01/10/2017","149.855","149.925","150.150","149.765","","-0.01%"
"01/09/2017","149.870","150.000","150.250","149.725","","-0.05%"
"01/06/2017","149.940","149.900","150.200","149.750","","0.06%"
"01/05/2017","149.855","149.950","150.250","149.650","","-0.04%"
"01/04/2017","149.910","149.800","150.270","149.640","","0.01%"
"01/03/2017","149.900","149.750","150.150","149.300","","0.10%"
"01/02/2017","149.750","149.750","150.250","149.300","","-0.03%"
"12/30/2016","149.800","149.800","150.150","149.625","","0.00%"
"12/29/2016","149.800","149.800","150.100","149.250","","0.58%"
"12/28/2016","148.930","149.650","150.000","148.825","","0.00%"
"12/27/2016","148.930","149.500","149.700","148.850","","-0.55%"
"12/26/2016","149.750","149.750","149.750","149.750","","0.00%"
"12/23/2016","149.750","149.700","150.200","149.050","","-0.30%"
"12/22/2016","150.200","150.100","150.275","149.050","","0.85%"
"12/21/2016","148.930","149.650","150.000","148.750","","0.00%"
"12/20/2016","148.930","149.250","149.700","148.750","","0.00%"
"12/19/2016","148.930","149.175","149.550","148.500","","0.00%"
"12/16/2016","148.930","149.075","149.475","148.750","","0.00%"
"12/15/2016","148.930","148.750","149.250","148.275","","0.00%"
"12/14/2016","148.930","148.650","149.180","148.400","","0.00%"
"12/13/2016","148.930","148.930","148.930","148.930","","0.00%"
"12/12/2016","148.930","148.930","148.930","148.930","","0.00%"
"12/09/2016","148.930","148.700","149.155","148.350","","0.00%"
"12/08/2016","148.930","148.900","149.155","148.250","","0.00%"
"12/07/2016","148.930","148.930","149.130","148.150","","0.02%"
"12/06/2016","148.900","148.500","148.900","148.000","","-0.02%"
"12/05/2016","148.930","148.850","149.080","148.000","","-0.05%"
"12/02/2016","149.000","148.625","149.025","148.000","","0.44%"
"12/01/2016","148.350","148.850","149.000","147.950","","-0.44%"
"11/30/2016","149.000","148.900","149.175","148.000","","-0.09%"
"11/29/2016","149.140","148.750","149.250","147.975","","0.32%"
"11/28/2016","148.665","148.450","148.900","147.850","","0.11%"
"11/25/2016","148.495","148.400","148.720","147.950","","0.13%"
"11/24/2016","148.300","148.300","148.600","147.850","","-0.01%"
"11/23/2016","148.310","148.500","148.875","147.900","","-0.09%"
"11/22/2016","148.440","148.300","148.890","147.925","","0.11%"
"11/21/2016","148.275","148.250","148.875","147.850","","-0.07%"
"11/18/2016","148.380","148.250","148.840","147.840","","0.12%"
"11/17/2016","148.195","148.500","148.800","148.075","","0.01%"
"11/16/2016","148.180","148.125","148.450","147.925","","0.12%"
"11/15/2016","148.000","147.900","148.260","147.575","","0.16%"
"11/14/2016","147.760","147.800","147.810","147.750","","0.04%"
"11/11/2016","147.700","147.550","148.075","147.475","","0.04%"
"11/10/2016","147.635","147.750","147.925","147.425","","-0.11%"
"11/09/2016","147.800","147.950","148.050","147.550","","-0.04%"
"11/08/2016","147.855","147.850","148.050","147.600","","-0.26%"
"11/07/2016","148.235","148.125","148.410","147.500","","-0.01%"
"11/04/2016","148.255","148.325","148.600","147.600","","0.00%"
"11/03/2016","148.255","148.450","148.675","147.550","","-0.01%"
"11/02/2016","148.270","148.075","148.600","147.350","","0.21%"
"11/01/2016","147.955","147.800","148.255","147.300","","0.10%"
"10/31/2016","147.810","147.750","148.100","147.250","","-0.03%"
"10/28/2016","147.860","147.950","148.100","147.150","","0.07%"
"10/27/2016","147.750","147.800","148.050","147.000","","0.21%"
"10/26/2016","147.440","147.975","148.000","146.850","","-0.09%"
"10/25/2016","147.580","147.525","148.150","146.875","","0.29%"
"10/24/2016","147.150","147.500","147.850","146.850","","-0.06%"
"10/21/2016","147.240","147.050","147.450","146.750","","0.16%"
"10/20/2016","147.010","147.400","147.525","146.450","","-0.06%"
"10/19/2016","147.105","147.100","147.350","146.800","","0.05%"
"10/18/2016","147.030","146.725","147.150","146.725","","0.07%"
"10/17/2016","146.925","146.900","147.000","146.675","","0.05%"
"10/14/2016","146.855","146.700","147.050","146.650","","0.00%"
"10/13/2016","146.850","146.950","147.025","146.725","","-0.03%"
"10/12/2016","146.895","147.000","147.150","146.675","","0.06%"
"10/11/2016","146.805","146.825","147.150","146.650","","0.09%"
"10/10/2016","146.675","146.675","147.025","146.400","","-0.05%"
"10/07/2016","146.745","146.850","147.050","146.500","","0.13%"
"10/06/2016","146.555","146.475","146.910","146.435","","0.05%"
"10/05/2016","146.475","146.400","146.865","146.400","","-0.02%"
"10/04/2016","146.505","146.375","146.800","146.300","","0.02%"
"10/03/2016","146.475","146.625","147.050","146.425","","-0.09%"
"09/30/2016","146.610","146.850","146.965","146.350","","0.09%"
"09/29/2016","146.480","146.300","146.925","146.225","","-0.02%"
"09/28/2016","146.510","146.125","146.750","146.125","","0.17%"
"09/27/2016","146.260","146.125","146.650","146.075","","0.08%"
"09/26/2016","146.140","146.025","146.590","145.725","","-0.06%"
"09/23/2016","146.230","146.400","146.550","145.875","","0.06%"
"09/22/2016","146.140","146.200","146.615","145.725","","-0.10%"
"09/21/2016","146.280","146.000","146.605","145.750","","0.70%"
"09/20/2016","145.260","145.800","146.050","145.250","","0.00%"
"09/19/2016","145.255","145.500","145.925","145.250","","-0.26%"
"09/16/2016","145.630","145.320","145.630","145.320","","0.21%"
"09/15/2016","145.320","145.700","146.000","145.250","","-0.10%"
"09/14/2016","145.460","145.250","145.900","145.100","","0.12%"
"09/13/2016","145.280","145.300","145.475","145.025","","0.06%"
"09/12/2016","145.200","145.265","145.270","145.195","","-0.03%"
"09/09/2016","145.240","144.925","145.580","144.860","","0.04%"
"09/08/2016","145.175","145.300","145.635","144.915","","-0.04%"
"09/07/2016","145.240","145.450","145.655","145.010","","-0.09%"
"09/06/2016","145.370","145.300","145.645","145.150","","0.05%"
"09/05/2016","145.300","145.500","145.550","145.275","","-0.14%"
"09/02/2016","145.510","145.350","145.660","145.300","","0.06%"
"09/01/2016","145.430","145.600","145.630","145.325","","-0.03%"
"08/31/2016","145.475","145.550","145.700","145.425","","-0.11%"
"08/30/2016","145.640","145.700","145.940","145.155","","0.03%"
"08/29/2016","145.590","145.550","146.275","145.375","","0.11%"
"08/26/2016","145.430","145.500","145.915","145.350","","0.33%"
"08/25/2016","144.945","145.575","145.750","144.850","","-0.09%"
"08/24/2016","145.075","145.325","145.650","144.965","","-0.04%"
"08/23/2016","145.140","145.550","145.600","145.060","","-0.09%"
"08/22/2016","145.270","145.550","145.890","145.200","","-0.10%"
"08/19/2016","145.410","145.500","145.650","145.300","","0.13%"
"08/18/2016","145.215","145.575","145.650","145.175","","-0.05%"
"08/17/2016","145.285","144.970","145.360","144.970","","0.22%"
"08/16/2016","144.970","145.300","145.575","144.945","","-0.13%"
"08/15/2016","145.165","145.575","145.600","145.155","","-0.13%"
"08/12/2016","145.350","145.550","145.625","145.300","","0.25%"
"08/11/2016","144.985","145.550","145.675","144.875","","-0.13%"
"08/10/2016","145.180","145.600","145.850","145.135","","-0.09%"
"08/09/2016","145.310","145.700","145.875","145.275","","0.02%"
"08/08/2016","145.285","145.550","145.925","145.110","","-0.28%"
"08/05/2016","145.700","145.425","145.925","145.425","","-0.03%"
"08/04/2016","145.750","145.800","146.050","145.450","","0.27%"
"08/03/2016","145.355","145.900","146.125","145.305","","-0.28%"
"08/02/2016","145.770","145.900","146.250","145.200","","0.01%"
"08/01/2016","145.760","145.850","146.275","145.330","","0.18%"
"07/29/2016","145.505","145.950","146.250","145.280","","0.00%"
"07/28/2016","145.505","145.800","146.350","145.280","","-0.27%"
"07/27/2016","145.900","145.900","146.350","145.650","","0.27%"
"07/26/2016","145.505","146.100","146.300","145.280","","-0.14%"
"07/25/2016","145.710","146.200","146.300","145.500","","-0.05%"
"07/22/2016","145.780","145.925","146.250","145.505","","0.02%"
"07/21/2016","145.745","146.500","146.940","145.475","","-0.35%"
"07/20/2016","146.260","146.250","147.000","145.575","","0.57%"
"07/19/2016","145.435","145.435","145.435","145.435","","0.00%"
"07/18/2016","145.435","145.750","146.450","145.235","","-0.24%"
"07/15/2016","145.780","145.850","146.225","145.225","","0.14%"
"07/14/2016","145.570","145.850","146.250","145.400","","-0.13%"
"07/13/2016","145.765","146.000","146.250","145.560","","-0.30%"
"07/12/2016","146.210","145.600","146.360","145.275","","0.46%"
"07/11/2016","145.540","145.250","146.500","145.150","","0.42%"
"07/08/2016","144.930","145.825","146.050","144.865","","-0.43%"
"07/07/2016","145.555","146.750","146.950","145.200","","-0.57%"
"07/06/2016","146.390","145.695","146.540","145.695","","-0.21%"
"07/05/2016","146.700","146.875","147.275","145.600","","0.14%"
"07/04/2016","146.500","146.250","146.960","145.600","","0.55%"
"07/01/2016","145.695","145.550","146.700","145.475","","0.00%"
"06/30/2016","145.695","145.950","146.515","145.350","","-0.24%"
"06/29/2016","146.040","147.850","148.200","145.440","","-1.21%"
"06/28/2016","147.835","148.150","148.250","145.660","","0.69%"
"06/27/2016","146.820","147.625","148.200","145.640","","-0.35%"
"06/24/2016","147.330","147.050","147.800","145.540","","0.20%"
"06/23/2016","147.030","147.100","147.550","145.540","","-0.11%"
"06/22/2016","147.185","146.500","147.600","145.445","","0.76%"
"06/21/2016","146.080","145.750","146.355","145.140","","0.93%"
"06/20/2016","144.740","145.700","146.250","144.620","","0.00%"
"06/17/2016","144.740","145.075","145.650","144.520","","-0.26%"
"06/16/2016","145.115","145.125","145.850","144.725","","0.08%"
"06/15/2016","144.995","144.950","145.350","144.630","","0.09%"
"06/14/2016","144.870","144.850","145.350","144.600","","0.09%"
"06/13/2016","144.745","144.725","145.350","144.200","","-0.18%"
"06/10/2016","145.000","145.500","145.700","144.850","","-0.40%"
"06/09/2016","145.585","145.900","146.025","145.465","","-0.17%"
"06/08/2016","145.840","145.980","146.080","145.550","","0.05%"
"06/07/2016","145.770","146.050","146.780","145.600","","-0.08%"
"06/06/2016","145.885","147.050","147.225","145.575","","-1.22%"
"06/03/2016","147.680","147.700","148.030","147.000","","-0.09%"
"06/02/2016","147.820","148.150","148.450","147.295","","-0.21%"
"06/01/2016","148.130","148.050","148.550","147.295","","0.23%"
"05/31/2016","147.790","147.650","148.525","147.520","","-0.14%"
"05/30/2016","148.000","147.600","148.800","146.550","","0.25%"
"05/27/2016","147.630","147.125","147.755","146.295","","0.58%"
"05/26/2016","146.780","147.200","147.500","146.000","","-0.12%"
"05/25/2016","146.950","146.600","147.450","145.950","","0.12%"
"05/24/2016","146.780","146.550","147.310","145.930","","-0.20%"
"05/23/2016","147.070","147.110","147.205","146.940","","-0.02%"
"05/20/2016","147.105","146.900","147.180","145.950","","0.18%"
"05/19/2016","146.845","146.800","147.225","145.800","","-0.13%"
"05/18/2016","147.035","146.800","147.210","145.900","","0.38%"
"05/17/2016","146.480","146.750","147.225","145.750","","-0.12%"
"05/16/2016","146.650","146.075","147.125","145.700","","0.17%"
"05/13/2016","146.400","146.250","146.775","145.675","","0.10%"
"05/12/2016","146.250","146.250","146.690","145.600","","0.04%"
"05/11/2016","146.195","146.150","146.700","145.600","","0.00%"
"05/10/2016","146.190","146.200","146.675","145.465","","-0.16%"
"05/09/2016","146.430","146.150","146.605","145.550","","0.12%"
"05/06/2016","146.260","146.150","146.525","145.575","","0.01%"
"05/05/2016","146.240","146.100","146.525","145.600","","-0.01%"
"05/04/2016","146.250","146.150","146.500","145.500","","0.05%"
"05/03/2016","146.180","146.200","146.565","145.375","","-0.10%"
"05/02/2016","146.325","146.180","146.400","146.180","","0.10%"
"04/29/2016","146.180","146.100","146.500","145.450","","-0.14%"
"04/28/2016","146.380","146.300","146.800","145.500","","0.08%"
"04/27/2016","146.270","146.550","146.750","145.500","","-0.04%"
"04/26/2016","146.330","146.550","146.850","144.715","","0.08%"
"04/25/2016","146.210","146.125","147.000","144.745","","0.11%"
"04/22/2016","146.045","146.550","146.550","145.090","","-0.30%"
"04/21/2016","146.480","146.045","146.480","146.045","","0.00%"
"04/20/2016","146.480","146.550","146.600","145.040","","0.30%"
"04/19/2016","146.045","145.250","146.550","145.040","","0.00%"
"04/18/2016","146.045","145.125","146.045","144.680","","0.42%"
"04/15/2016","145.430","145.250","145.675","144.410","","-0.42%"
"04/14/2016","146.045","146.190","146.270","146.035","","-0.10%"
"04/13/2016","146.190","146.190","146.190","146.190","","0.00%"
"04/12/2016","146.190","144.750","146.270","143.685","","0.89%"
"04/11/2016","144.900","145.000","145.395","143.500","","0.10%"
"04/08/2016","144.750","144.625","145.125","144.625","","0.03%"
"04/07/2016","144.700","145.000","145.150","144.450","","-0.03%"
"04/06/2016","144.750","144.600","145.190","144.100","","0.08%"
"04/05/2016","144.635","145.000","145.400","144.300","","-0.34%"
"04/04/2016","145.130","146.050","146.550","144.575","","-0.72%"
"04/01/2016","146.185","146.000","147.650","145.200","","0.09%"
"03/31/2016","146.055","148.650","148.650","145.625","","-2.12%"
"03/30/2016","149.215","148.750","149.415","147.250","","0.68%"
"03/29/2016","148.210","148.100","149.125","145.485","","0.18%"
"03/28/2016","147.950","147.150","148.200","146.775","","0.47%"
"03/25/2016","147.260","147.260","147.260","147.260","","0.00%"
"03/24/2016","147.260","146.100","147.650","146.025","","0.60%"
"03/23/2016","146.380","145.450","146.605","145.375","","0.69%"
"03/22/2016","145.370","145.370","145.370","145.370","","-0.08%"
"03/21/2016","145.480","145.500","146.100","144.355","","0.35%"
"03/18/2016","144.970","145.150","145.500","144.355","","-0.04%"
"03/17/2016","145.035","145.025","145.350","144.355","","-0.01%"
"03/16/2016","145.050","145.025","145.100","144.345","","0.03%"
"03/15/2016","145.000","144.925","145.150","144.345","","-0.01%"
"03/14/2016","145.020","145.000","145.400","143.990","","0.07%"
"03/11/2016","144.920","144.975","145.150","144.345","","-0.11%"
"03/10/2016","145.085","144.900","145.350","143.965","","0.35%"
"03/09/2016","144.575","144.975","145.350","143.945","","-0.37%"
"03/08/2016","145.110","144.950","145.330","144.135","","0.03%"
"03/07/2016","145.060","145.060","145.060","145.060","","0.00%"
"03/04/2016","145.060","144.650","145.255","143.970","","0.27%"
"03/03/2016","144.675","144.600","145.000","143.950","","0.05%"
"03/02/2016","144.600","144.600","144.950","143.930","","0.03%"
"03/01/2016","144.550","144.600","145.130","143.850","","-0.22%"
"02/29/2016","144.875","144.650","145.040","143.850","","0.16%"
"02/26/2016","144.650","144.650","144.950","143.790","","0.13%"
"02/25/2016","144.460","144.425","144.775","143.630","","0.17%"
"02/24/2016","144.215","144.100","144.650","143.610","","0.15%"
"02/23/2016","144.005","144.200","144.725","143.610","","0.00%"
"02/22/2016","144.005","144.030","144.250","143.850","","-0.01%"
"02/19/2016","144.025","144.200","144.275","143.860","","-0.03%"
"02/18/2016","144.070","144.200","144.260","143.860","","0.06%"
"02/17/2016","143.980","144.225","144.325","143.790","","-0.05%"
"02/16/2016","144.055","144.150","144.375","143.840","","-0.05%"
"02/15/2016","144.130","144.100","144.600","143.590","","-0.08%"
"02/12/2016","144.250","143.925","144.535","143.600","","0.18%"
"02/11/2016","143.985","144.000","144.525","143.600","","0.05%"
"02/10/2016","143.920","144.100","144.400","143.590","","-0.02%"
"02/09/2016","143.945","144.050","144.425","143.575","","-0.09%"
"02/08/2016","144.080","144.075","144.425","143.500","","-0.01%"
"02/05/2016","144.090","144.050","144.425","143.625","","0.05%"
"02/04/2016","144.020","144.020","144.020","144.020","","-0.16%"
"02/03/2016","144.250","144.100","144.450","143.545","","0.11%"
"02/02/2016","144.085","144.100","144.425","143.575","","0.14%"
"02/01/2016","143.880","144.125","144.505","143.600","","-0.26%"
"01/29/2016","144.260","144.075","144.475","143.590","","0.18%"
"01/28/2016","143.995","143.850","144.525","143.515","","-0.08%"
"01/27/2016","144.110","144.100","144.525","143.575","","-0.11%"
"01/26/2016","144.270","144.075","144.475","143.475","","0.07%"
"01/25/2016","144.170","144.075","144.425","143.525","","0.07%"
"01/22/2016","144.065","143.850","144.160","143.700","","0.03%"
"01/21/2016","144.025","144.075","144.190","143.700","","-0.05%"
"01/20/2016","144.090","144.100","144.185","143.650","","-0.02%"
"01/19/2016","144.115","144.100","144.285","143.710","","0.03%"
"01/18/2016","144.075","143.725","144.525","143.700","","0.09%"
"01/15/2016","143.945","143.945","143.945","143.945","","0.09%"
"01/14/2016","143.815","143.800","144.110","143.480","","-0.14%"
"01/13/2016","144.010","143.650","144.105","143.600","","0.05%"
"01/12/2016","143.945","143.850","144.085","143.550","","0.00%"
"01/11/2016","143.940","143.950","144.095","143.625","","0.15%"
"01/08/2016","143.720","144.025","144.100","143.635","","-0.20%"
"01/07/2016","144.005","144.050","144.165","143.750","","-0.03%"
"01/06/2016","144.050","144.200","144.265","143.835","","0.03%"
"01/05/2016","144.005","144.300","144.400","143.965","","-0.19%"
"01/04/2016","144.285","144.150","144.400","143.820","","0.27%"
"01/01/2016","143.900","144.250","144.275","143.825","","-0.24%"
"12/31/2015","144.250","144.175","144.275","143.825","","0.12%"
"12/30/2015","144.070","143.900","144.375","143.750","","0.01%"
"12/29/2015","144.050","143.900","144.100","143.690","","0.28%"
"12/28/2015","143.650","143.700","143.900","143.475","","-0.03%"
"12/25/2015","143.700","143.700","143.700","143.700","","0.00%"
"12/24/2015","143.700","143.700","143.700","143.700","","0.00%"
"12/23/2015","143.700","143.650","143.850","143.465","","-0.03%"
"12/22/2015","143.750","143.675","143.825","143.430","","0.09%"
"12/21/2015","143.625","143.700","143.725","143.425","","0.04%"
"12/18/2015","143.570","143.675","143.925","143.430","","0.09%"
"12/17/2015","143.445","143.750","144.050","143.365","","-0.18%"
"12/16/2015","143.700","143.650","143.815","143.445","","0.03%"
"12/15/2015","143.650","143.775","143.925","143.375","","0.00%"
"12/14/2015","143.650","143.400","143.825","143.100","","0.28%"
"12/11/2015","143.250","143.000","143.425","142.975","","0.02%"
"12/10/2015","143.225","143.250","143.290","142.960","","0.00%"
"12/09/2015","143.225","143.225","143.300","142.950","","-0.02%"
"12/08/2015","143.250","143.225","143.300","142.930","","0.19%"
"12/07/2015","142.980","143.050","143.390","142.865","","0.00%"
"12/04/2015","142.980","143.200","143.340","142.840","","0.00%"
"12/03/2015","142.980","143.050","143.365","142.840","","0.00%"
"12/02/2015","142.980","143.200","143.365","142.790","","0.00%"
"12/01/2015","142.980","143.300","143.365","142.840","","0.00%"
"11/30/2015","142.980","143.225","143.365","142.795","","-0.17%"
"11/27/2015","143.225","143.050","143.350","142.900","","0.12%"
"11/26/2015","143.050","143.000","143.350","142.750","","0.08%"
"11/25/2015","142.935","142.935","142.935","142.935","","0.00%"
"11/24/2015","142.935","142.600","143.075","142.580","","0.09%"
"11/23/2015","142.800","142.450","142.800","142.300","","0.42%"
"11/20/2015","142.205","142.400","142.650","141.995","","-0.10%"
"11/19/2015","142.350","142.100","142.450","142.075","","0.00%"
"11/18/2015","142.350","142.350","142.400","141.950","","0.00%"
"11/17/2015","142.350","142.150","142.450","141.900","","0.14%"
"11/16/2015","142.150","141.850","142.250","141.800","","0.07%"
"11/13/2015","142.050","141.850","142.200","141.750","","0.04%"
"11/12/2015","142.000","141.850","142.100","141.650","","0.14%"
"11/11/2015","141.800","141.800","142.075","141.700","","-0.14%"
"11/10/2015","142.000","142.000","142.000","142.000","","0.00%"
"11/09/2015","142.000","141.550","142.100","141.350","","0.28%"
"11/06/2015","141.600","141.450","141.605","141.130","","0.11%"
"11/05/2015","141.450","141.500","141.700","141.130","","-0.06%"
"11/04/2015","141.530","140.925","141.600","140.875","","0.28%"
"11/03/2015","141.130","141.025","141.140","140.700","","0.02%"
"11/02/2015","141.105","140.850","141.130","140.600","","0.00%"
"10/30/2015","141.105","140.875","141.120","140.700","","0.00%"
"10/29/2015","141.105","140.850","141.470","140.525","","0.00%"
"10/28/2015","141.110","140.600","141.115","140.525","","0.00%"
"10/27/2015","141.110","141.105","141.120","141.095","","0.00%"
"10/26/2015","141.105","141.100","141.275","140.600","","0.06%"
"10/23/2015","141.020","141.075","141.175","140.750","","-0.04%"
"10/22/2015","141.075","140.800","141.125","140.750","","0.02%"
"10/21/2015","141.050","140.950","141.100","140.750","","0.02%"
"10/20/2015","141.020","140.800","141.100","140.750","","0.00%"
"10/19/2015","141.020","140.950","141.085","140.700","","0.00%"
"10/16/2015","141.020","141.000","141.100","140.650","","0.00%"
"10/15/2015","141.020","141.000","141.060","140.525","","0.01%"
"10/14/2015","141.000","140.250","141.000","140.200","","0.00%"
"10/13/2015","141.000","140.400","141.015","140.150","","0.46%"
"10/12/2015","140.350","140.250","140.450","140.100","","-0.46%"
"10/09/2015","141.000","140.300","141.010","140.075","","0.00%"
"10/08/2015","141.000","140.500","141.015","140.325","","0.00%"
"10/07/2015","141.000","140.600","141.320","140.350","","0.25%"
"10/06/2015","140.655","141.000","141.250","140.540","","-0.42%"
"10/05/2015","141.250","141.300","141.375","141.050","","0.00%"
"10/02/2015","141.250","141.000","141.375","141.000","","0.18%"
"10/01/2015","141.000","141.300","141.325","141.000","","0.00%"
"09/30/2015","141.000","141.150","141.350","141.000","","-0.05%"
"09/29/2015","141.070","141.000","141.350","140.905","","0.01%"
"09/28/2015","141.050","141.025","141.375","140.700","","0.04%"
"09/25/2015","141.000","140.800","141.040","140.700","","0.24%"
"09/24/2015","140.665","141.005","141.020","140.650","","-0.24%"
"09/23/2015","141.005","140.875","141.125","140.725","","0.04%"
"09/22/2015","140.955","140.850","141.000","140.425","","0.06%"
"09/21/2015","140.875","140.500","140.910","140.150","","0.23%"
"09/18/2015","140.555","140.150","140.615","140.150","","0.04%"
"09/17/2015","140.505","140.625","141.050","140.250","","-0.33%"
"09/16/2015","140.975","140.250","141.035","139.850","","0.73%"
"09/15/2015","139.950","139.660","140.125","139.460","","0.11%"
"09/14/2015","139.800","138.950","139.975","138.925","","0.52%"
"09/11/2015","139.075","138.975","139.350","138.375","","0.07%"
"09/10/2015","138.975","138.375","139.075","138.375","","0.07%"
"09/09/2015","138.875","138.400","138.900","138.275","","0.36%"
"09/08/2015","138.375","137.800","138.395","137.550","","0.62%"
"09/07/2015","137.525","137.750","137.800","136.975","","-0.16%"
"09/04/2015","137.750","138.000","138.500","137.375","","2.13%"
"09/03/2015","134.875","134.650","134.875","134.525","","0.24%"
"09/02/2015","134.550","134.650","134.750","134.475","","-0.04%"
"09/01/2015","134.600","134.550","134.650","134.475","","0.00%"
"08/31/2015","134.600","134.400","134.750","134.350","","0.15%"
"08/28/2015","134.400","134.400","134.525","134.200","","0.04%"
"08/27/2015","134.340","134.375","134.600","134.140","","-0.03%"
"08/26/2015","134.375","134.350","134.395","134.140","","0.00%"
"08/25/2015","134.375","134.300","134.400","134.140","","0.05%"
"08/24/2015","134.305","134.050","134.315","134.050","","0.16%"
"08/21/2015","134.090","133.950","134.100","133.915","","0.07%"
"08/20/2015","134.000","134.000","134.010","133.820","","0.04%"
"08/19/2015","133.940","134.000","134.100","133.795","","0.09%"
"08/18/2015","133.820","134.050","134.200","133.805","","-0.17%"
"08/17/2015","134.050","133.950","134.100","133.810","","-0.18%"
"08/14/2015","134.295","133.950","134.295","133.800","","0.35%"
"08/13/2015","133.820","133.900","134.000","133.750","","-0.06%"
"08/12/2015","133.900","133.850","133.930","133.725","","0.04%"
"08/11/2015","133.850","133.850","133.855","133.725","","0.00%"
"08/10/2015","133.855","133.800","133.860","133.625","","0.02%"
"08/07/2015","133.825","133.775","133.855","133.700","","0.01%"
"08/06/2015","133.810","133.525","133.875","133.475","","-0.02%"
"08/05/2015","133.840","133.600","133.840","133.475","","0.04%"
"08/04/2015","133.785","133.550","133.800","133.475","","0.00%"
"08/03/2015","133.780","133.650","133.795","133.450","","0.00%"
"07/31/2015","133.780","133.755","133.780","133.755","","0.02%"
"07/30/2015","133.755","133.700","133.770","133.550","","0.00%"
"07/29/2015","133.755","133.650","133.765","133.550","","0.03%"
"07/28/2015","133.715","133.850","133.850","133.575","","0.01%"
"07/27/2015","133.705","133.700","133.800","133.600","","0.00%"
"07/24/2015","133.700","133.800","133.850","133.660","","-0.16%"
"07/23/2015","133.915","133.890","133.920","133.675","","0.03%"
"07/22/2015","133.880","133.800","133.910","133.675","","0.02%"
"07/21/2015","133.855","133.850","133.900","133.675","","0.00%"
"07/20/2015","133.850","133.900","133.900","133.685","","0.12%"
"07/17/2015","133.685","133.665","133.900","133.665","","0.01%"
"07/16/2015","133.665","133.900","134.000","133.650","","-0.14%"
"07/15/2015","133.850","133.900","133.900","133.750","","-0.04%"
"07/14/2015","133.900","133.900","133.905","133.775","","0.00%"
"07/13/2015","133.900","133.575","134.000","133.575","","0.18%"
"07/10/2015","133.655","133.625","133.800","133.590","","-0.01%"
"07/09/2015","133.665","133.700","133.825","133.575","","0.01%"
"07/08/2015","133.655","133.650","133.700","133.575","","-0.20%"
"07/07/2015","133.920","133.700","133.935","133.575","","0.00%"
"07/06/2015","133.915","133.650","133.920","133.550","","0.20%"
"07/03/2015","133.650","133.650","133.850","133.575","","0.00%"
"07/02/2015","133.650","133.925","133.925","133.525","","-0.20%"
"07/01/2015","133.915","133.915","133.915","133.915","","0.00%"
"06/30/2015","133.915","133.750","133.950","133.675","","0.05%"
"06/29/2015","133.850","133.800","133.920","133.675","","0.01%"
"06/26/2015","133.835","133.750","133.910","133.625","","-0.36%"
"06/25/2015","134.320","133.900","134.330","133.650","","0.00%"
"06/24/2015","134.320","134.000","134.330","133.775","","0.24%"
"06/23/2015","134.005","134.050","134.100","133.875","","-0.01%"
"06/22/2015","134.025","134.150","134.200","133.875","","-0.20%"
"06/19/2015","134.300","134.300","134.350","134.050","","0.00%"
"06/18/2015","134.300","134.100","134.350","134.100","","0.15%"
"06/17/2015","134.100","134.100","134.200","133.900","","0.00%"
"06/16/2015","134.100","134.200","134.250","133.900","","-0.07%"
"06/15/2015","134.200","134.100","134.200","133.975","","0.00%"
"06/12/2015","134.200","133.900","134.200","133.900","","0.17%"
"06/11/2015","133.975","133.975","134.050","133.775","","0.00%"
"06/10/2015","133.975","133.975","134.000","133.750","","0.06%"
"06/09/2015","133.900","134.000","134.150","133.775","","-0.09%"
"06/08/2015","134.025","134.000","134.100","133.900","","0.02%"
"06/05/2015","134.000","134.050","134.100","133.825","","-0.04%"
"06/04/2015","134.050","134.050","134.100","133.875","","-0.06%"
"06/03/2015","134.125","133.950","134.125","133.875","","0.13%"
"06/02/2015","133.950","133.950","133.950","133.950","","0.00%"
"06/01/2015","133.950","134.150","134.400","133.875","","-0.04%"
"05/29/2015","134.000","133.925","134.150","133.925","","0.00%"
"05/28/2015","134.000","134.000","134.400","133.925","","0.00%"
"05/27/2015","134.000","134.100","134.150","133.925","","-0.11%"
"05/26/2015","134.150","133.950","134.300","133.800","","0.15%"
"05/25/2015","133.950","133.800","134.250","133.650","","0.15%"
"05/22/2015","133.750","133.950","134.050","133.675","","0.00%"
"05/21/2015","133.750","133.950","134.200","133.400","","0.07%"
"05/20/2015","133.650","133.450","133.800","133.400","","-0.04%"
"05/19/2015","133.700","133.600","133.700","133.400","","0.15%"
"05/18/2015","133.500","133.100","133.700","133.100","","-0.07%"
"05/15/2015","133.600","133.600","133.800","133.325","","0.00%"
"05/14/2015","133.600","133.700","133.800","133.350","","-0.07%"
"05/13/2015","133.700","133.700","133.700","133.425","","0.00%"
"05/12/2015","133.700","133.700","133.750","133.400","","0.22%"
"05/11/2015","133.400","133.500","133.650","133.200","","-0.07%"
"05/08/2015","133.500","133.500","133.500","133.325","","0.04%"
"05/07/2015","133.450","133.550","133.550","133.000","","-0.04%"
"05/06/2015","133.500","133.250","133.550","133.150","","0.30%"
"05/05/2015","133.100","133.100","133.350","133.000","","-0.15%"
"05/04/2015","133.300","133.300","133.300","133.300","","0.00%"
"05/01/2015","133.300","133.300","133.300","133.300","","0.00%"
"04/30/2015","133.300","133.100","133.300","133.000","","0.11%"
"04/29/2015","133.150","133.050","133.150","132.925","","0.00%"
"04/28/2015","133.150","133.150","133.350","132.925","","0.00%"
"04/27/2015","133.150","133.100","133.300","132.925","","0.00%"
"04/24/2015","133.150","133.300","133.300","132.925","","-0.11%"
"04/23/2015","133.300","133.150","133.350","132.925","","0.19%"
"04/22/2015","133.050","133.050","133.400","132.925","","0.00%"
"04/21/2015","133.050","133.150","133.350","132.925","","-0.08%"
"04/20/2015","133.150","133.150","133.300","132.925","","0.04%"
"04/17/2015","133.100","133.100","133.300","132.925","","0.00%"
"04/16/2015","133.100","133.100","133.250","132.925","","0.00%"
"04/15/2015","133.100","133.050","133.200","132.875","","0.04%"
"04/14/2015","133.050","133.050","133.050","133.050","","0.00%"
"04/13/2015","133.050","133.050","133.050","133.050","","0.00%"
"04/10/2015","133.050","133.100","133.200","132.900","","-0.04%"
"04/09/2015","133.100","133.000","133.150","132.875","","0.08%"
"04/08/2015","133.000","133.250","133.250","132.875","","-0.04%"
"04/07/2015","133.050","133.250","133.300","132.875","","-0.08%"
"04/06/2015","133.150","133.150","133.425","132.900","","0.00%"
"04/03/2015","133.150","133.150","133.150","133.150","","0.00%"
"04/02/2015","133.150","133.200","133.300","132.925","","0.00%"
"04/01/2015","133.150","133.350","133.500","132.925","","-0.02%"
"03/31/2015","133.175","133.150","133.500","132.925","","0.02%"
"03/30/2015","133.150","133.150","133.400","132.900","","0.04%"
"03/27/2015","133.100","133.100","133.400","132.525","","0.08%"
"03/26/2015","133.000","133.300","133.300","132.900","","-0.23%"
"03/25/2015","133.300","133.300","133.300","132.925","","0.00%"
"03/24/2015","133.300","133.150","133.300","132.925","","0.00%"
"03/23/2015","133.300","133.200","133.300","132.925","","0.00%"
"03/20/2015","133.300","133.300","133.300","132.925","","0.00%"
"03/19/2015","133.300","133.200","133.350","132.925","","0.11%"
"03/18/2015","133.150","133.300","133.600","132.925","","0.00%"
"03/17/2015","133.150","132.950","133.550","132.925","","0.00%"
"03/16/2015","133.150","133.200","133.500","132.925","","0.08%"
"03/13/2015","133.050","133.200","133.550","132.925","","-0.04%"
"03/12/2015","133.100","133.200","133.550","132.925","","-0.04%"
"03/11/2015","133.150","133.150","133.450","132.925","","0.00%"
"03/10/2015","133.150","133.125","133.425","132.475","","0.04%"
"03/09/2015","133.100","133.150","133.450","132.900","","0.08%"
"03/06/2015","133.000","133.050","133.200","132.925","","0.04%"
"03/05/2015","132.950","132.950","132.950","132.950","","0.00%"
"03/04/2015","132.950","132.950","133.650","132.925","","-0.15%"
"03/03/2015","133.150","133.150","133.250","132.900","","0.04%"
"03/02/2015","133.100","133.050","133.250","132.900","","-0.04%"
"02/27/2015","133.150","133.050","133.200","132.800","","0.08%"
"02/26/2015","133.050","132.900","133.200","132.800","","0.00%"
"02/25/2015","133.050","133.000","133.475","132.875","","0.00%"
"02/24/2015","133.050","132.950","133.100","132.800","","0.04%"
"02/23/2015","133.000","133.000","133.250","132.800","","0.00%"
"02/20/2015","133.000","132.900","133.350","132.800","","0.06%"
"02/19/2015","132.925","132.600","133.150","132.600","","0.02%"
"02/18/2015","132.900","132.900","133.300","132.500","","-0.08%"
"02/17/2015","133.000","133.000","133.000","133.000","","0.00%"
"02/16/2015","133.000","132.925","133.150","132.725","","0.08%"
"02/13/2015","132.900","132.925","133.250","132.725","","-0.08%"
"02/12/2015","133.000","133.000","133.175","132.725","","0.08%"
"02/11/2015","132.900","132.900","133.075","132.750","","0.00%"
"02/10/2015","132.900","132.900","133.000","132.550","","0.00%"
"02/09/2015","132.900","133.000","133.150","132.750","","-0.08%"
"02/06/2015","133.000","132.500","133.250","132.225","","0.49%"
"02/05/2015","132.350","132.350","132.825","132.100","","0.00%"
"02/04/2015","132.350","132.350","132.350","132.350","","0.00%"
"02/03/2015","132.350","132.350","132.350","132.350","","0.00%"
"02/02/2015","132.350","132.250","132.600","132.100","","0.09%"
"01/30/2015","132.225","132.250","132.500","132.125","","0.00%"
"01/29/2015","132.225","132.750","132.825","132.100","","-0.06%"
"01/28/2015","132.300","131.300","132.625","131.300","","0.17%"
"01/27/2015","132.075","132.100","132.550","131.850","","0.06%"
"01/26/2015","132.000","131.975","132.175","131.850","","0.09%"
"01/23/2015","131.875","131.600","132.250","131.525","","-0.06%"
"01/22/2015","131.950","131.775","132.250","131.700","","0.06%"
"01/21/2015","131.875","131.650","132.050","131.300","","0.02%"
"01/20/2015","131.850","131.875","132.000","131.250","","-0.02%"
"01/19/2015","131.875","131.500","131.900","131.250","","0.38%"
"01/16/2015","131.375","131.350","131.900","131.250","","-0.13%"
"01/15/2015","131.550","131.550","131.550","131.550","","0.00%"
"01/14/2015","131.550","131.550","131.550","131.550","","0.00%"
"01/13/2015","131.550","131.600","132.050","131.200","","0.00%"
"01/12/2015","131.550","131.500","131.875","131.250","","0.04%"
"01/09/2015","131.500","131.575","131.875","131.150","","-0.02%"
"01/08/2015","131.525","131.400","131.875","131.275","","0.06%"
"01/07/2015","131.450","131.350","131.875","130.975","","-0.04%"
"01/06/2015","131.500","131.350","131.875","130.975","","0.15%"
"01/05/2015","131.300","131.300","131.300","131.300","","0.00%"
"01/02/2015","131.300","131.350","131.750","131.050","","0.04%"
"01/01/2015","131.250","131.250","131.600","130.250","","0.04%"
"12/31/2014","131.200","131.325","131.750","130.975","","-0.04%"
"12/30/2014","131.250","131.250","131.625","130.975","","0.00%"
"12/29/2014","131.250","131.200","131.600","130.975","","0.04%"
"12/26/2014","131.200","131.200","131.600","131.025","","-0.04%"
"12/25/2014","131.250","131.250","131.250","131.250","","0.00%"
"12/24/2014","131.250","131.150","131.600","131.100","","0.00%"
"12/23/2014","131.250","131.175","131.600","131.125","","0.00%"
"12/22/2014","131.250","131.150","131.600","130.975","","0.04%"
"12/19/2014","131.200","131.300","131.600","130.975","","-0.08%"
"12/18/2014","131.300","131.100","131.650","130.975","","0.08%"
"12/17/2014","131.200","131.400","131.600","130.975","","0.04%"
"12/16/2014","131.150","131.200","131.600","130.975","","-0.08%"
"12/15/2014","131.250","131.225","131.650","130.975","","0.06%"
"12/12/2014","131.175","131.200","131.750","130.975","","-0.02%"
"12/11/2014","131.200","131.200","131.700","130.975","","0.04%"
"12/10/2014","131.150","131.225","131.600","130.975","","0.00%"
"12/09/2014","131.150","131.200","131.875","130.975","","-0.04%"
"12/08/2014","131.200","131.375","131.375","131.050","","0.04%"
"12/05/2014","131.150","131.150","131.400","131.075","","0.00%"
"12/04/2014","131.150","131.150","131.850","130.975","","0.00%"
"12/03/2014","131.150","131.150","131.300","130.975","","0.04%"
"12/02/2014","131.100","131.150","131.750","130.975","","0.00%"
"12/01/2014","131.100","131.600","131.600","130.975","","-0.04%"
"11/28/2014","131.150","131.250","131.550","131.075","","0.00%"
"11/27/2014","131.150","131.150","131.425","131.050","","0.02%"
"11/26/2014","131.125","130.950","131.750","130.950","","0.02%"
"11/25/2014","131.100","131.250","131.550","130.975","","0.04%"
"11/24/2014","131.050","131.075","131.250","130.975","","-0.02%"
"11/21/2014","131.075","131.100","131.200","130.975","","0.00%"
"11/20/2014","131.075","131.075","131.175","130.950","","0.00%"
"11/19/2014","131.075","131.050","131.175","130.975","","0.02%"
"11/18/2014","131.050","131.050","131.075","130.475","","0.04%"
"11/17/2014","131.000","130.975","131.075","130.850","","0.00%"
"11/14/2014","131.000","131.000","131.100","130.900","","0.04%"
"11/13/2014","130.950","130.950","131.025","130.875","","0.04%"
"11/12/2014","130.900","130.950","131.050","130.850","","0.00%"
"11/11/2014","130.900","130.950","131.040","130.875","","0.00%"
"11/10/2014","130.900","130.950","131.015","130.875","","0.00%"
"11/07/2014","130.900","130.900","130.975","130.850","","0.02%"
"11/06/2014","130.875","130.875","130.875","130.875","","0.00%"
"11/05/2014","130.875","130.950","131.000","130.850","","-0.02%"
"11/04/2014","130.900","130.875","131.000","130.800","","0.04%"
"11/03/2014","130.850","130.900","131.475","130.775","","0.06%"
"10/31/2014","130.775","130.900","130.985","130.725","","-0.10%"
"10/30/2014","130.900","130.900","131.000","130.800","","0.00%"
"10/29/2014","130.900","131.000","131.000","130.850","","0.00%"
"10/28/2014","130.900","130.850","131.025","130.760","","0.04%"
"10/27/2014","130.850","130.900","130.925","130.675","","0.00%"
"10/24/2014","130.850","130.800","131.100","130.775","","0.04%"
"10/23/2014","130.800","130.750","130.925","130.720","","0.04%"
"10/22/2014","130.750","130.750","130.750","130.750","","0.00%"
"10/21/2014","130.750","130.700","130.925","130.650","","0.04%"
"10/20/2014","130.700","130.725","130.825","130.625","","0.04%"
"10/17/2014","130.650","130.650","130.825","130.575","","-0.11%"
"10/16/2014","130.800","130.700","130.800","130.590","","0.11%"
"10/15/2014","130.650","130.600","130.750","130.600","","0.00%"
"10/14/2014","130.650","130.600","130.725","130.375","","0.08%"
"10/13/2014","130.550","130.450","130.625","130.350","","0.15%"
"10/10/2014","130.350","130.400","130.450","130.330","","0.00%"
"10/09/2014","130.350","130.350","130.400","130.300","","-0.01%"
"10/08/2014","130.360","130.360","130.360","130.360","","0.00%"
"10/07/2014","130.360","130.315","130.410","130.300","","0.00%"
"10/06/2014","130.355","130.355","130.355","130.355","","0.00%"
"10/03/2014","130.355","130.375","130.450","130.300","","-0.03%"
"10/02/2014","130.400","130.750","130.825","130.375","","0.00%"
"10/01/2014","130.405","130.600","130.875","130.390","","0.04%"
"09/30/2014","130.355","130.500","130.750","130.355","","-0.05%"
"09/29/2014","130.425","130.405","130.535","130.375","","0.08%"
"09/26/2014","130.320","130.365","130.420","130.290","","0.00%"
"09/25/2014","130.320","130.310","130.375","130.275","","0.02%"
"09/24/2014","130.300","130.345","130.375","130.265","","-0.03%"
"09/23/2014","130.345","130.295","130.345","130.250","","0.04%"
"09/22/2014","130.290","130.310","130.325","130.250","","-0.02%"
"09/19/2014","130.310","130.305","130.320","130.265","","0.00%"
"09/18/2014","130.305","130.320","130.330","130.265","","0.01%"
"09/17/2014","130.295","130.305","130.315","130.265","","0.01%"
"09/16/2014","130.280","130.295","130.325","130.245","","0.02%"
"09/15/2014","130.260","130.300","130.315","130.245","","0.00%"
"09/12/2014","130.265","130.315","130.330","130.240","","-0.01%"
"09/11/2014","130.275","130.300","130.330","130.225","","0.03%"
"09/10/2014","130.230","130.225","130.265","130.185","","0.01%"
"09/09/2014","130.220","130.210","130.260","130.175","","0.00%"
"09/08/2014","130.220","130.220","130.220","130.220","","0.01%"
"09/05/2014","130.205","130.200","130.255","130.175","","0.00%"
"09/04/2014","130.205","130.210","130.240","130.175","","-0.01%"
"09/03/2014","130.220","130.205","130.230","130.175","","0.00%"
"09/02/2014","130.215","130.205","130.230","130.180","","0.01%"
"09/01/2014","130.205","130.225","130.235","130.175","","-0.02%"
"08/29/2014","130.230","130.205","130.240","130.165","","0.02%"
"08/28/2014","130.205","130.215","130.225","130.175","","0.00%"
"08/27/2014","130.200","130.215","130.225","130.150","","-0.01%"
"08/26/2014","130.215","130.185","130.215","130.170","","0.02%"
"08/25/2014","130.185","130.185","130.225","130.150","","0.01%"
"08/22/2014","130.170","130.200","130.225","130.150","","-0.02%"
"08/21/2014","130.190","130.185","130.240","130.150","","0.01%"
"08/20/2014","130.175","130.180","130.230","130.140","","0.00%"
"08/19/2014","130.175","130.175","130.185","130.120","","0.02%"
"08/18/2014","130.155","130.200","130.205","130.125","","-0.02%"
"08/15/2014","130.175","130.205","130.215","130.135","","0.00%"
"08/14/2014","130.175","130.230","130.250","130.135","","-0.05%"
"08/13/2014","130.235","130.235","130.275","130.175","","0.03%"
"08/12/2014","130.200","130.175","130.260","130.140","","0.00%"
"08/11/2014","130.200","130.215","130.215","130.130","","0.00%"
"08/08/2014","130.200","130.210","130.225","130.150","","0.00%"
"08/07/2014","130.195","130.205","130.225","130.160","","-0.02%"
"08/06/2014","130.215","130.205","130.225","130.175","","0.00%"
"08/05/2014","130.215","130.215","130.255","130.185","","-0.01%"
"08/04/2014","130.225","130.215","130.240","130.190","","0.00%"
"08/01/2014","130.225","130.205","130.275","130.185","","0.00%"
"07/31/2014","130.225","130.215","130.230","130.185","","0.00%"
"07/30/2014","130.225","130.210","130.235","130.175","","0.01%"
"07/29/2014","130.215","130.215","130.215","130.215","","0.00%"
"07/28/2014","130.215","130.250","130.285","130.170","","-0.01%"
"07/25/2014","130.225","130.225","130.300","130.185","","-0.02%"
"07/24/2014","130.250","130.300","130.300","130.215","","0.00%"
"07/23/2014","130.255","130.300","130.315","130.215","","-0.02%"
"07/22/2014","130.280","130.300","130.315","130.225","","0.00%"
"07/21/2014","130.275","130.285","130.340","130.150","","0.02%"
"07/18/2014","130.255","130.275","130.275","130.210","","0.06%"
"07/17/2014","130.175","130.215","130.265","130.150","","-0.02%"
"07/16/2014","130.200","130.215","130.245","130.140","","0.00%"
"07/15/2014","130.195","130.200","130.225","130.145","","-0.02%"
"07/14/2014","130.220","130.205","130.260","130.170","","0.02%"
"07/11/2014","130.200","130.225","130.275","130.180","","-0.02%"
"07/10/2014","130.225","130.215","130.275","130.190","","0.01%"
"07/09/2014","130.215","130.275","130.310","130.215","","-0.05%"
"07/08/2014","130.275","130.260","130.290","130.225","","0.00%"
"07/07/2014","130.280","130.250","130.315","130.235","","0.02%"
"07/04/2014","130.260","130.260","130.310","130.230","","0.00%"
"07/03/2014","130.265","130.265","130.340","130.225","","-0.03%"
"07/02/2014","130.300","130.265","130.350","130.230","","0.00%"
"07/01/2014","130.295","130.330","130.360","130.265","","-0.02%"
"06/30/2014","130.325","130.340","130.370","130.305","","-0.01%"
"06/27/2014","130.340","130.335","130.365","130.285","","0.02%"
"06/26/2014","130.320","130.370","130.385","130.275","","0.00%"
"06/25/2014","130.325","130.330","130.360","130.285","","0.03%"
"06/24/2014","130.290","130.300","130.350","130.270","","0.00%"
"06/23/2014","130.295","130.275","130.315","130.250","","0.00%"
"06/20/2014","130.290","130.305","130.340","130.260","","-0.03%"
"06/19/2014","130.335","130.230","130.350","130.225","","0.05%"
"06/18/2014","130.275","130.250","130.300","130.205","","0.03%"
"06/17/2014","130.240","130.210","130.275","130.210","","0.00%"
"06/16/2014","130.240","130.240","130.300","130.205","","0.00%"
"06/13/2014","130.240","130.300","130.305","130.225","","-0.02%"
"06/12/2014","130.260","130.260","130.260","130.260","","0.00%"
"06/11/2014","130.260","130.300","130.315","130.230","","0.00%"
"06/10/2014","130.265","130.260","130.305","130.230","","-0.01%"
"06/09/2014","130.275","130.245","130.315","130.235","","0.00%"
"06/06/2014","130.275","130.300","130.315","130.225","","-0.04%"
"06/05/2014","130.330","130.300","130.350","130.245","","0.00%"
"06/04/2014","130.335","130.400","130.400","130.285","","-0.02%"
"06/03/2014","130.365","130.325","130.405","130.315","","0.01%"
"06/02/2014","130.350","130.350","130.425","130.325","","-0.04%"
"05/30/2014","130.400","130.410","130.475","130.340","","0.00%"
"05/29/2014","130.400","130.465","130.520","130.400","","0.00%"
"05/28/2014","130.400","130.420","130.490","130.375","","0.00%"
"05/27/2014","130.400","130.380","130.450","130.375","","0.00%"
"05/26/2014","130.400","130.400","130.450","130.360","","0.00%"
"05/23/2014","130.400","130.400","130.495","130.335","","0.02%"
"05/22/2014","130.375","130.350","130.415","130.325","","0.01%"
"05/21/2014","130.365","130.375","130.440","130.325","","-0.01%"
"05/20/2014","130.375","130.350","130.440","130.340","","0.02%"
"05/19/2014","130.350","130.340","130.410","130.325","","0.00%"
"05/16/2014","130.350","130.340","130.400","130.325","","0.02%"
"05/15/2014","130.325","130.325","130.325","130.325","","0.00%"
"05/14/2014","130.325","130.325","130.325","130.325","","0.00%"
"05/13/2014","130.325","130.380","130.425","130.300","","-0.02%"
"05/12/2014","130.350","130.420","130.450","130.325","","-0.04%"
"05/09/2014","130.400","130.500","130.550","130.350","","-0.08%"
"05/08/2014","130.505","130.600","130.625","130.475","","-0.08%"
"05/07/2014","130.615","130.600","130.640","130.575","","0.02%"
"05/06/2014","130.595","130.630","130.645","130.585","","-0.01%"
"05/05/2014","130.610","130.625","130.640","130.640","","-0.01%"
"05/02/2014","130.625","130.600","130.655","130.585","","-0.01%"
"05/01/2014","130.640","130.640","130.640","130.640","","0.00%"
"04/30/2014","130.640","130.625","130.675","130.550","","0.02%"
"04/29/2014","130.610","130.605","130.630","130.560","","-0.02%"
"04/28/2014","130.630","130.610","130.650","130.575","","0.01%"
"04/25/2014","130.615","130.640","130.660","130.575","","0.00%"
"04/24/2014","130.615","130.650","130.665","130.585","","-0.01%"
"04/23/2014","130.625","130.650","130.675","130.560","","0.02%"
"04/22/2014","130.600","130.585","130.650","130.550","","-0.02%"
"04/21/2014","130.620","130.650","130.675","130.585","","0.01%"
"04/18/2014","130.610","130.610","130.610","130.610","","0.00%"
"04/17/2014","130.610","130.600","130.650","130.550","","0.03%"
"04/16/2014","130.575","130.600","130.640","130.565","","-0.02%"
"04/15/2014","130.600","130.600","130.600","130.600","","0.00%"
"04/14/2014","130.600","130.600","130.600","130.600","","0.00%"
"04/11/2014","130.600","130.610","130.675","130.540","","0.00%"
"04/10/2014","130.605","130.600","130.650","130.550","","0.00%"
"04/09/2014","130.600","130.610","130.625","130.540","","0.00%"
"04/08/2014","130.595","130.650","130.730","130.560","","-0.10%"
"04/07/2014","130.730","130.650","130.750","130.640","","0.10%"
"04/04/2014","130.600","130.650","130.750","130.500","","-0.04%"
"04/03/2014","130.650","130.750","130.750","130.645","","-0.05%"
"04/02/2014","130.715","130.715","130.750","130.675","","0.01%"
"04/01/2014","130.700","130.750","130.750","130.650","","0.00%"
"03/31/2014","130.700","130.675","130.770","130.675","","0.00%"
"03/28/2014","130.700","130.730","130.750","130.685","","0.00%"
"03/27/2014","130.700","130.700","130.750","130.650","","0.00%"
"03/26/2014","130.700","130.720","130.750","130.635","","0.04%"
"03/25/2014","130.650","130.650","130.750","130.625","","0.00%"
"03/24/2014","130.650","130.650","130.700","130.575","","0.02%"
"03/21/2014","130.625","130.650","130.700","130.575","","0.02%"
"03/20/2014","130.600","130.620","130.700","130.575","","0.00%"
"03/19/2014","130.600","130.600","130.630","130.550","","0.01%"
"03/18/2014","130.590","130.630","130.650","130.530","","-0.01%"
"03/17/2014","130.600","130.650","130.650","130.550","","0.00%"
"03/14/2014","130.605","130.700","130.750","130.575","","-0.07%"
"03/13/2014","130.700","130.620","130.700","130.550","","0.08%"
"03/12/2014","130.600","130.575","130.600","130.450","","0.02%"
"03/11/2014","130.575","130.530","130.575","130.460","","0.02%"
"03/10/2014","130.545","130.550","130.625","130.535","","-0.02%"
"03/07/2014","130.575","130.550","130.640","130.475","","0.02%"
"03/06/2014","130.555","130.595","130.700","130.525","","-0.03%"
"03/05/2014","130.595","130.625","130.675","130.575","","-0.04%"
"03/04/2014","130.650","130.630","130.675","130.550","","0.02%"
"03/03/2014","130.625","130.600","130.775","130.575","","-0.08%"
"02/28/2014","130.725","131.100","131.140","130.725","","-0.25%"
"02/27/2014","131.050","131.050","131.050","131.050","","0.00%"
"02/26/2014","131.050","131.100","131.125","130.975","","-0.02%"
"02/25/2014","131.075","131.100","131.150","131.000","","0.02%"
"02/24/2014","131.050","130.950","131.100","130.940","","0.08%"
"02/21/2014","130.950","131.025","131.025","130.925","","0.02%"
"02/20/2014","130.925","130.875","131.015","130.850","","0.04%"
"02/19/2014","130.870","130.850","130.900","130.800","","0.02%"
"02/18/2014","130.850","130.850","130.900","130.750","","0.02%"
"02/17/2014","130.825","130.850","130.875","130.785","","0.00%"
"02/14/2014","130.825","130.825","130.825","130.825","","0.00%"
"02/13/2014","130.825","130.825","131.380","130.800","","0.00%"
"02/12/2014","130.825","130.850","130.870","130.750","","0.00%"
"02/11/2014","130.825","130.750","130.875","130.725","","0.06%"
"02/10/2014","130.750","130.700","130.800","130.625","","0.00%"
"02/07/2014","130.750","130.650","130.795","130.625","","0.08%"
"02/06/2014","130.650","130.640","130.700","130.615","","-0.01%"
"02/05/2014","130.660","130.650","130.715","130.615","","0.02%"
"02/04/2014","130.635","130.635","130.635","130.635","","0.00%"
"02/03/2014","130.635","130.775","130.800","130.635","","-0.09%"
"01/31/2014","130.750","130.700","130.800","130.685","","0.06%"
"01/30/2014","130.675","130.775","130.825","130.650","","-0.04%"
"01/29/2014","130.730","130.845","130.900","130.690","","-0.07%"
"01/28/2014","130.825","130.800","130.875","130.750","","0.08%"
"01/27/2014","130.725","130.700","130.800","130.650","","0.06%"
"01/24/2014","130.650","130.775","130.775","130.625","","-0.06%"
"01/23/2014","130.725","130.800","130.860","130.700","","-0.06%"
"01/22/2014","130.800","130.800","130.900","130.750","","0.00%"
"01/21/2014","130.800","130.750","130.800","130.700","","0.05%"
"01/20/2014","130.740","130.700","130.775","130.650","","0.03%"
"01/17/2014","130.700","130.655","130.775","130.625","","0.02%"
"01/16/2014","130.675","130.675","130.800","130.650","","-0.02%"
"01/15/2014","130.700","130.700","130.700","130.700","","0.00%"
"01/14/2014","130.700","130.700","130.700","130.700","","0.00%"
"01/13/2014","130.700","130.725","130.800","130.650","","0.00%"
"01/10/2014","130.700","130.650","130.750","130.625","","0.00%"
"01/09/2014","130.700","130.800","130.850","130.700","","-0.11%"
"01/08/2014","130.850","130.800","130.875","130.750","","0.11%"
"01/07/2014","130.700","130.675","130.875","130.600","","-0.04%"
"01/06/2014","130.750","130.775","130.800","130.650","","0.04%"
"01/03/2014","130.700","130.800","130.800","130.625","","-0.02%"
"01/02/2014","130.725","130.725","130.775","130.675","","-0.02%"
"01/01/2014","130.750","130.800","130.850","130.650","","-0.04%"
"12/31/2013","130.800","130.750","130.900","130.750","","-0.02%"
"12/30/2013","130.825","130.800","130.900","130.750","","0.06%"
"12/27/2013","130.750","130.700","130.825","130.675","","0.02%"
"12/26/2013","130.725","130.800","130.800","130.650","","-0.06%"
"12/25/2013","130.800","130.800","130.800","130.800","","0.00%"
"12/24/2013","130.800","130.725","130.800","130.690","","0.04%"
"12/23/2013","130.750","130.775","130.800","130.650","","0.04%"
"12/20/2013","130.700","130.750","130.800","130.700","","-0.04%"
"12/19/2013","130.750","130.800","130.825","130.700","","-0.04%"
"12/18/2013","130.800","130.825","130.895","130.725","","-0.02%"
"12/17/2013","130.825","130.850","130.875","130.750","","0.01%"
"12/16/2013","130.810","130.810","130.810","130.810","","0.00%"
"12/13/2013","130.810","130.875","130.975","130.775","","-0.07%"
"12/12/2013","130.900","130.825","130.910","130.750","","0.08%"
"12/11/2013","130.800","130.825","130.850","130.750","","0.00%"
"12/10/2013","130.800","130.800","130.875","130.700","","0.00%"
"12/09/2013","130.800","130.800","130.850","130.725","","-0.04%"
"12/06/2013","130.850","130.800","130.875","130.765","","-0.02%"
"12/05/2013","130.870","130.850","130.885","130.800","","0.03%"
"12/04/2013","130.830","130.825","130.900","130.775","","-0.02%"
"12/03/2013","130.850","131.050","131.475","130.800","","-0.15%"
"12/02/2013","131.050","131.225","131.250","131.000","","-0.15%"
"11/29/2013","131.250","131.200","131.265","131.150","","0.04%"
"11/28/2013","131.200","131.225","131.250","131.150","","-0.06%"
"11/27/2013","131.275","131.325","131.350","131.125","","0.06%"
"11/26/2013","131.200","131.225","131.225","131.115","","0.04%"
"11/25/2013","131.150","131.165","131.175","131.050","","0.00%"
"11/22/2013","131.150","131.200","131.200","131.100","","0.04%"
"11/21/2013","131.100","131.050","131.225","131.050","","0.00%"
"11/20/2013","131.100","131.175","131.175","131.040","","0.00%"
"11/19/2013","131.100","131.075","131.175","131.050","","-0.04%"
"11/18/2013","131.150","131.150","131.600","131.050","","0.00%"
"11/15/2013","131.150","131.175","131.175","131.050","","0.00%"
"11/14/2013","131.150","131.150","131.175","131.050","","0.04%"
"11/13/2013","131.100","131.100","131.150","131.050","","0.00%"
"11/12/2013","131.100","131.100","131.150","131.050","","0.00%"
"11/11/2013","131.100","131.125","131.150","131.000","","-0.02%"
"11/08/2013","131.125","131.175","131.175","131.000","","0.02%"
"11/07/2013","131.100","131.125","131.175","130.075","","-0.02%"
"11/06/2013","131.125","131.125","131.150","130.975","","-0.02%"
"11/05/2013","131.150","131.100","131.150","131.000","","0.00%"
"11/04/2013","131.150","130.975","131.150","130.900","","0.10%"
"11/01/2013","131.025","130.900","131.075","130.775","","0.10%"
"10/31/2013","130.900","131.075","131.100","130.725","","-0.11%"
"10/30/2013","131.050","131.150","131.175","130.950","","0.08%"
"10/29/2013","130.950","130.950","131.150","130.100","","-0.04%"
"10/28/2013","131.000","130.650","131.450","130.650","","0.27%"
"10/25/2013","130.650","130.550","130.650","130.375","","0.08%"
"10/24/2013","130.550","130.675","130.700","130.500","","-0.15%"
"10/23/2013","130.750","130.825","130.850","130.670","","-0.06%"
"10/22/2013","130.825","130.875","130.975","130.775","","-0.06%"
"10/21/2013","130.900","131.000","131.110","130.850","","-0.08%"
"10/18/2013","131.000","131.000","131.000","131.000","","0.00%"
"10/17/2013","131.000","131.100","131.225","130.925","","-0.11%"
"10/16/2013","131.150","131.150","131.150","131.150","","0.00%"
"10/15/2013","131.150","130.900","131.150","130.500","","0.19%"
"10/14/2013","130.900","131.075","131.125","130.825","","-0.13%"
"10/11/2013","131.075","131.150","131.150","130.900","","-0.06%"
"10/10/2013","131.150","131.150","132.025","131.025","","0.02%"
"10/09/2013","131.125","131.200","131.250","131.075","","-0.06%"
"10/08/2013","131.200","131.175","131.250","131.050","","0.04%"
"10/07/2013","131.150","131.200","131.200","131.025","","-0.11%"
"10/04/2013","131.300","131.425","131.450","131.100","","-0.11%"
"10/03/2013","131.450","131.350","131.575","131.150","","0.00%"
"10/02/2013","131.450","131.475","131.575","131.050","","-0.02%"
"10/01/2013","131.475","132.025","132.075","131.375","","-0.40%"
"09/30/2013","132.000","132.000","132.125","131.925","","-0.02%"
"09/27/2013","132.025","132.050","132.100","131.935","","0.02%"
"09/26/2013","132.000","132.000","132.050","131.900","","-0.04%"
"09/25/2013","132.050","132.050","132.225","131.900","","-0.09%"
"09/24/2013","132.175","132.075","132.725","132.025","","0.06%"
"09/23/2013","132.100","132.150","132.225","132.050","","-0.08%"
"09/20/2013","132.200","132.275","132.275","132.025","","-0.08%"
"09/19/2013","132.300","132.300","132.300","132.300","","0.00%"
"09/18/2013","132.300","132.350","132.400","132.200","","0.04%"
"09/17/2013","132.250","132.300","132.425","132.175","","0.00%"
"09/16/2013","132.250","132.250","132.375","132.125","","0.00%"
"09/13/2013","132.250","132.300","132.425","131.850","","-0.06%"
"09/12/2013","132.325","132.350","132.450","132.100","","-0.02%"
"09/11/2013","132.350","132.900","132.950","132.150","","-0.38%"
"09/10/2013","132.850","133.025","133.025","132.850","","-0.05%"
"09/09/2013","132.910","133.025","133.150","132.910","","0.00%"
"09/06/2013","132.910","133.050","133.100","132.910","","-0.11%"
"09/05/2013","133.050","133.000","133.100","132.950","","0.04%"
"09/04/2013","133.000","133.000","133.175","132.950","","-0.04%"
"09/03/2013","133.050","132.950","133.075","132.900","","0.00%"
"09/02/2013","133.050","132.900","133.075","132.900","","0.11%"
"08/30/2013","132.900","133.250","133.250","132.800","","-0.23%"
"08/29/2013","133.200","133.500","133.600","133.050","","0.00%"
"08/28/2013","133.200","133.150","134.200","132.800","","0.22%"
"08/27/2013","132.910","132.850","133.150","132.050","","0.15%"
"08/26/2013","132.710","132.700","133.325","132.250","","0.15%"
"08/23/2013","132.510","131.850","132.575","131.825","","0.45%"
"08/22/2013","131.910","132.050","132.450","131.810","","0.01%"
"08/21/2013","131.900","131.900","132.250","131.750","","-0.02%"
"08/20/2013","131.925","131.925","131.925","131.925","","0.00%"
"08/19/2013","131.925","131.700","131.975","131.575","","0.13%"
"08/16/2013","131.750","131.525","131.800","131.350","","0.27%"
"08/15/2013","131.400","131.550","131.675","131.400","","-0.11%"
"08/14/2013","131.550","131.600","131.675","131.450","","-0.08%"
"08/13/2013","131.650","131.575","131.750","131.550","","-0.04%"
"08/12/2013","131.700","131.650","131.725","131.550","","0.00%"
"08/09/2013","131.700","131.700","131.700","131.700","","0.00%"
"08/08/2013","131.700","131.550","131.725","131.550","","0.00%"
"08/07/2013","131.700","131.575","131.700","131.550","","0.08%"
"08/06/2013","131.600","131.650","131.725","131.525","","-0.04%"
"08/05/2013","131.650","131.700","131.700","131.525","","0.00%"
"08/02/2013","131.650","131.750","131.775","131.550","","0.00%"
"08/01/2013","131.650","131.575","131.775","131.500","","-0.08%"
"07/31/2013","131.750","131.575","131.800","131.550","","0.08%"
"07/30/2013","131.650","131.550","131.675","131.550","","0.04%"
"07/29/2013","131.600","131.625","131.675","131.500","","-0.02%"
"07/26/2013","131.625","131.625","131.675","131.525","","-0.02%"
"07/25/2013","131.650","131.510","131.725","131.500","","0.00%"
"07/24/2013","131.650","131.575","131.650","131.500","","-0.04%"
"07/23/2013","131.700","131.600","131.725","131.450","","0.00%"
"07/22/2013","131.700","131.700","131.700","131.700","","0.00%"
"07/19/2013","131.700","131.550","131.750","131.425","","0.00%"
"07/18/2013","131.700","131.400","131.900","131.350","","0.08%"
"07/17/2013","131.600","131.250","131.600","131.150","","0.15%"
"07/16/2013","131.400","131.025","131.500","130.050","","0.29%"
"07/15/2013","131.025","130.850","131.120","130.800","","0.13%"
"07/12/2013","130.850","130.870","131.095","130.675","","0.00%"
"07/11/2013","130.850","130.775","131.000","130.625","","0.04%"
"07/10/2013","130.800","130.800","130.900","130.600","","-0.04%"
"07/09/2013","130.850","130.750","130.925","130.550","","-0.23%"
"07/08/2013","131.150","130.675","131.275","130.350","","0.38%"
"07/05/2013","130.650","130.600","130.725","130.525","","0.04%"
"07/04/2013","130.600","130.625","130.700","130.525","","-0.02%"
"07/03/2013","130.625","130.675","130.725","130.540","","-0.06%"
"07/02/2013","130.700","130.550","130.775","130.500","","0.00%"
"07/01/2013","130.700","130.550","130.800","130.400","","0.08%"
"06/28/2013","130.600","130.650","130.650","129.850","","0.00%"
"06/27/2013","130.600","129.700","130.950","129.650","","0.77%"
"06/26/2013","129.600","128.950","129.825","128.550","","0.54%"
"06/25/2013","128.900","128.700","129.025","128.700","","0.00%"
"06/24/2013","128.900","128.950","129.750","128.550","","0.04%"
"06/21/2013","128.850","128.550","129.150","128.450","","0.31%"
"06/20/2013","128.450","128.010","128.725","127.950","","0.47%"
"06/19/2013","127.850","128.500","128.850","127.550","","-0.54%"
"06/18/2013","128.550","128.650","128.765","128.500","","-0.04%"
"06/17/2013","128.600","128.750","128.850","128.500","","0.04%"
"06/14/2013","128.550","127.900","128.750","127.850","","0.55%"
"06/13/2013","127.850","127.500","127.925","127.350","","0.35%"
"06/12/2013","127.400","127.750","127.750","127.300","","-0.23%"
"06/11/2013","127.700","126.850","127.775","126.850","","0.73%"
"06/10/2013","126.775","126.450","126.825","126.425","","0.34%"
"06/07/2013","126.350","126.375","126.475","126.350","","-0.06%"
"06/06/2013","126.425","126.500","126.550","126.415","","-0.06%"
"06/05/2013","126.500","126.500","126.535","126.420","","0.00%"
"06/04/2013","126.500","126.450","126.575","126.450","","0.00%"
"06/03/2013","126.500","126.500","126.625","126.400","","-0.02%"
"05/31/2013","126.525","126.475","126.550","126.450","","0.02%"
"05/30/2013","126.500","126.450","126.535","126.425","","0.00%"
"05/29/2013","126.500","126.500","126.550","126.375","","0.08%"
"05/28/2013","126.400","126.400","126.550","126.375","","0.04%"
"05/27/2013","126.350","126.325","126.475","126.275","","0.00%"
"05/24/2013","126.350","126.350","126.350","126.350","","0.00%"
"05/23/2013","126.350","126.300","126.390","126.225","","-0.04%"
"05/22/2013","126.400","126.400","126.400","126.125","","0.00%"
"05/21/2013","126.400","126.300","126.475","126.250","","0.06%"
"05/20/2013","126.325","126.250","126.325","126.175","","0.02%"
"05/17/2013","126.300","125.900","126.375","125.500","","0.48%"
"05/16/2013","125.700","126.000","126.000","125.625","","-0.26%"
"05/15/2013","126.025","126.475","126.475","125.900","","-0.38%"
"05/14/2013","126.500","126.300","126.550","126.225","","0.20%"
"05/13/2013","126.250","126.200","126.300","126.025","","0.04%"
"05/10/2013","126.200","125.900","126.225","125.900","","0.24%"
"05/09/2013","125.900","126.100","126.900","125.900","","-0.16%"
"05/08/2013","126.100","126.350","126.400","126.050","","-0.25%"
"05/07/2013","126.415","126.425","126.475","126.285","","0.00%"
"05/06/2013","126.415","126.350","126.575","126.250","","0.13%"
"05/03/2013","126.250","126.150","126.500","126.125","","0.08%"
"05/02/2013","126.150","126.700","126.775","126.150","","-0.47%"
"05/01/2013","126.750","126.750","126.750","126.750","","0.00%"
"04/30/2013","126.750","126.800","126.845","126.585","","0.00%"
"04/29/2013","126.750","126.750","126.900","126.700","","-0.43%"
"04/26/2013","127.300","126.875","127.825","126.700","","0.45%"
"04/25/2013","126.725","126.725","126.725","126.725","","0.00%"
"04/24/2013","126.725","126.900","126.900","126.675","","-0.10%"
"04/23/2013","126.850","126.700","126.890","126.525","","0.16%"
"04/22/2013","126.650","125.850","126.650","125.850","","0.55%"
"04/19/2013","125.960","125.700","126.010","125.600","","0.21%"
"04/18/2013","125.700","125.600","125.750","125.490","","0.12%"
"04/17/2013","125.550","125.425","125.575","125.375","","0.12%"
"04/16/2013","125.400","125.400","125.475","125.250","","0.00%"
"04/15/2013","125.400","125.400","125.400","125.400","","0.00%"
"04/12/2013","125.400","125.400","125.450","125.250","","0.02%"
"04/11/2013","125.375","125.350","125.475","125.250","","0.02%"
"04/10/2013","125.350","125.450","125.595","125.325","","-0.14%"
"04/09/2013","125.525","125.550","125.600","125.425","","-0.06%"
"04/08/2013","125.600","125.400","126.150","125.275","","0.00%"
"04/05/2013","125.600","125.700","126.225","125.475","","-0.16%"
"04/04/2013","125.800","126.300","126.300","125.800","","-0.34%"
"04/03/2013","126.225","126.400","126.400","126.195","","-0.18%"
"04/02/2013","126.450","126.400","126.450","126.250","","0.04%"
"04/01/2013","126.400","126.825","126.850","126.175","","-0.28%"
"03/29/2013","126.750","126.750","126.750","126.750","","0.00%"
"03/28/2013","126.750","126.850","126.900","126.750","","-0.10%"
"03/27/2013","126.875","126.700","126.975","126.675","","0.10%"
"03/26/2013","126.750","126.750","126.750","126.750","","0.00%"
"03/25/2013","126.750","126.800","126.950","126.650","","-0.08%"
"03/22/2013","126.850","127.000","127.100","126.800","","-0.14%"
"03/21/2013","127.025","126.700","127.100","126.675","","0.26%"
"03/20/2013","126.700","126.575","126.750","126.550","","0.02%"
"03/19/2013","126.675","126.350","126.685","126.225","","0.30%"
"03/18/2013","126.300","126.150","127.050","126.050","","0.12%"
"03/15/2013","126.150","126.300","126.300","125.900","","-0.08%"
"03/14/2013","126.250","126.450","126.550","126.150","","-0.16%"
"03/13/2013","126.450","126.200","126.500","126.100","","0.16%"
"03/12/2013","126.250","126.500","127.050","125.900","","-0.20%"
"03/11/2013","126.500","126.550","127.725","126.425","","-0.04%"
"03/08/2013","126.550","127.175","128.050","126.450","","-0.55%"
"03/07/2013","127.250","127.300","127.400","127.150","","0.00%"
"03/06/2013","127.250","127.500","127.500","127.225","","-0.20%"
"03/05/2013","127.500","127.475","127.550","127.360","","0.12%"
"03/04/2013","127.350","127.400","127.565","127.350","","-0.06%"
"03/01/2013","127.430","127.500","127.735","127.300","","-0.09%"
"02/28/2013","127.550","127.500","127.575","127.350","","0.04%"
"02/27/2013","127.500","127.500","127.575","126.450","","0.00%"
"02/26/2013","127.500","127.425","127.565","127.350","","0.08%"
"02/25/2013","127.400","127.400","127.400","127.400","","0.00%"
"02/22/2013","127.400","127.000","127.525","127.000","","0.24%"
"02/21/2013","127.100","127.500","127.725","126.475","","-0.20%"
"02/20/2013","127.350","127.350","127.750","127.100","","-0.04%"
"02/19/2013","127.400","126.725","127.625","126.725","","0.47%"
"02/18/2013","126.800","126.675","126.940","126.575","","0.08%"
"02/15/2013","126.700","126.575","126.775","126.500","","0.04%"
"02/14/2013","126.650","126.375","126.725","126.250","","0.14%"
"02/13/2013","126.475","126.200","126.575","126.145","","0.14%"
"02/12/2013","126.300","126.350","126.400","126.150","","-0.08%"
"02/11/2013","126.400","126.300","126.455","126.225","","0.08%"
"02/08/2013","126.300","126.225","126.385","126.075","","0.16%"
"02/07/2013","126.100","126.225","126.950","125.900","","-0.24%"
"02/06/2013","126.400","126.300","126.425","126.240","","-0.04%"
"02/05/2013","126.450","126.325","126.600","126.300","","0.12%"
"02/04/2013","126.300","126.300","126.300","126.300","","0.00%"
"02/01/2013","126.300","126.300","126.675","126.075","","-0.04%"
"01/31/2013","126.350","126.550","126.650","126.200","","-0.08%"
"01/30/2013","126.450","126.650","126.650","126.325","","-0.12%"
"01/29/2013","126.600","127.150","127.150","126.525","","-0.43%"
"01/28/2013","127.150","127.150","127.215","127.000","","0.00%"
"01/25/2013","127.150","127.150","127.150","127.150","","0.00%"
"01/24/2013","127.150","127.050","127.175","127.000","","0.08%"
"01/23/2013","127.050","126.800","127.175","126.800","","0.28%"
"01/22/2013","126.700","126.650","126.850","126.500","","0.02%"
"01/21/2013","126.675","126.650","126.725","126.475","","0.10%"
"01/18/2013","126.550","126.650","126.750","126.375","","-0.16%"
"01/17/2013","126.750","126.550","126.950","126.550","","0.12%"
"01/16/2013","126.600","126.500","126.775","126.400","","0.08%"
"01/15/2013","126.500","126.200","126.525","126.200","","0.20%"
"01/14/2013","126.250","126.250","126.250","126.250","","0.00%"
"01/11/2013","126.250","126.050","126.250","125.125","","0.12%"
"01/10/2013","126.100","126.150","126.200","125.750","","-0.16%"
"01/09/2013","126.300","127.600","128.050","125.875","","-0.67%"
"01/08/2013","127.150","127.300","128.100","127.050","","-0.20%"
"01/07/2013","127.400","127.400","127.490","127.240","","0.00%"
"01/04/2013","127.400","127.400","127.525","127.275","","-0.08%"
"01/03/2013","127.500","127.400","127.725","127.300","","0.12%"
"01/02/2013","127.350","127.400","127.500","127.190","","-0.24%"
"01/01/2013","127.650","127.900","127.950","127.250","","-0.04%"
"12/31/2012","127.700","127.200","127.950","127.150","","0.55%"
"12/28/2012","127.000","127.000","127.550","126.900","","0.00%"
"12/27/2012","127.000","127.000","127.000","127.000","","0.00%"
"12/26/2012","127.000","127.100","127.450","126.850","","0.04%"
"12/25/2012","126.950","126.950","126.950","126.950","","0.00%"
"12/24/2012","126.950","127.050","127.125","126.500","","-0.04%"
"12/21/2012","127.000","127.650","127.650","125.450","","-0.59%"
"12/20/2012","127.750","128.400","128.525","127.150","","-0.51%"
"12/19/2012","128.400","128.750","128.775","128.300","","-0.27%"
"12/18/2012","128.750","128.650","128.840","128.550","","0.08%"
"12/17/2012","128.650","128.550","128.800","128.450","","0.08%"
"12/14/2012","128.550","128.400","128.700","128.100","","0.04%"
"12/13/2012","128.500","128.775","128.825","128.250","","-0.17%"
"12/12/2012","128.725","128.850","129.275","128.675","","-0.10%"
"12/11/2012","128.850","128.775","128.910","128.675","","0.02%"
"12/10/2012","128.825","128.350","128.925","128.350","","0.21%"
"12/07/2012","128.550","128.750","128.900","128.300","","-0.16%"
"12/06/2012","128.750","129.000","129.000","128.450","","0.08%"
"12/05/2012","128.650","128.350","128.700","128.250","","0.27%"
"12/04/2012","128.300","129.425","129.425","128.150","","-0.89%"
"12/03/2012","129.450","129.900","130.075","129.200","","-0.54%"
"11/30/2012","130.150","130.350","130.385","130.000","","-0.15%"
"11/29/2012","130.350","130.150","130.350","130.100","","0.15%"
"11/28/2012","130.150","130.150","130.275","130.075","","0.00%"
"11/27/2012","130.150","130.150","130.150","130.150","","0.00%"
"11/26/2012","130.150","130.175","130.285","130.050","","-0.04%"
"11/23/2012","130.200","130.275","130.325","129.975","","-0.12%"
"11/22/2012","130.350","130.325","130.425","130.150","","0.04%"
"11/21/2012","130.300","130.300","130.350","130.150","","0.00%"
"11/20/2012","130.300","130.275","130.400","130.100","","0.12%"
"11/19/2012","130.150","129.950","130.210","129.950","","0.15%"
"11/16/2012","129.950","129.900","130.050","129.855","","0.12%"
"11/15/2012","129.800","130.150","130.275","129.800","","-0.36%"
"11/14/2012","130.275","130.400","130.855","130.150","","-0.17%"
"11/13/2012","130.500","130.500","130.500","130.500","","0.00%"
"11/12/2012","130.500","130.750","131.125","130.300","","-0.23%"
"11/09/2012","130.800","130.850","131.275","130.575","","0.11%"
"11/08/2012","130.650","130.950","131.085","130.650","","-0.15%"
"11/07/2012","130.850","130.700","130.950","130.675","","0.11%"
"11/06/2012","130.700","130.350","130.900","130.350","","0.19%"
"11/05/2012","130.450","130.300","130.450","130.275","","0.12%"
"11/02/2012","130.300","130.300","130.450","130.200","","0.22%"
"11/01/2012","130.010","130.250","130.550","130.010","","-0.18%"
"10/31/2012","130.250","130.100","130.300","130.100","","0.08%"
"10/30/2012","130.150","130.000","130.225","129.850","","0.27%"
"10/29/2012","129.800","129.800","129.800","129.800","","0.00%"
"10/26/2012","129.800","129.850","130.125","129.800","","-0.15%"
"10/25/2012","130.000","129.950","130.300","129.925","","-0.08%"
"10/24/2012","130.100","129.900","130.125","129.900","","0.15%"
"10/23/2012","129.900","129.750","130.300","129.750","","0.15%"
"10/22/2012","129.700","128.950","129.775","128.950","","0.52%"
"10/19/2012","129.025","128.900","129.130","128.825","","0.10%"
"10/18/2012","128.900","128.750","129.050","128.050","","0.14%"
"10/17/2012","128.725","128.750","128.925","128.650","","0.02%"
"10/16/2012","128.700","128.750","129.025","128.550","","0.19%"
"10/15/2012","128.450","128.450","128.625","128.325","","0.00%"
"10/12/2012","128.450","128.400","128.600","128.300","","0.04%"
"10/11/2012","128.400","128.550","128.725","128.375","","-0.04%"
"10/10/2012","128.450","128.400","128.650","128.300","","0.10%"
"10/09/2012","128.325","128.400","128.675","128.150","","-0.02%"
"10/08/2012","128.350","128.450","128.500","128.125","","-0.04%"
"10/05/2012","128.400","129.250","129.250","127.950","","-0.47%"
"10/04/2012","129.000","129.400","130.225","128.975","","-0.29%"
"10/03/2012","129.375","129.350","129.500","129.200","","0.06%"
"10/02/2012","129.300","129.150","129.300","129.050","","0.15%"
"10/01/2012","129.100","129.250","129.750","128.775","","-0.25%"
"09/28/2012","129.425","129.550","129.900","129.000","","-0.14%"
"09/27/2012","129.600","131.000","131.200","128.125","","-1.07%"
"09/26/2012","131.000","130.950","131.200","130.885","","-0.02%"
"09/25/2012","131.025","130.840","131.175","130.025","","-0.10%"
"09/24/2012","131.150","131.400","131.400","131.050","","-0.15%"
"09/21/2012","131.350","131.575","131.575","131.300","","-0.19%"
"09/20/2012","131.600","131.450","131.725","131.375","","-0.08%"
"09/19/2012","131.700","131.900","131.900","131.400","","-0.19%"
"09/18/2012","131.950","132.100","132.200","131.825","","-0.15%"
"09/17/2012","132.150","132.075","132.200","131.900","","0.04%"
"09/14/2012","132.100","131.875","133.050","131.850","","0.19%"
"09/13/2012","131.850","131.900","132.025","131.625","","-0.04%"
"09/12/2012","131.900","132.350","132.350","131.825","","-0.32%"
"09/11/2012","132.325","132.225","132.340","132.100","","0.02%"
"09/10/2012","132.300","132.350","132.435","132.125","","-0.06%"
"09/07/2012","132.375","132.425","132.450","132.200","","-0.02%"
"09/06/2012","132.400","132.375","132.430","132.210","","0.06%"
"09/05/2012","132.325","132.300","132.400","132.200","","0.00%"
"09/04/2012","132.325","132.225","132.400","132.200","","0.00%"
"09/03/2012","132.325","132.375","132.400","132.175","","-0.04%"
"08/31/2012","132.375","132.375","132.375","132.375","","0.00%"
"08/30/2012","132.375","132.400","132.470","132.200","","0.02%"
"08/29/2012","132.350","132.350","132.445","132.200","","0.00%"
"08/28/2012","132.350","132.475","132.550","132.215","","-0.11%"
"08/27/2012","132.500","132.275","132.625","132.175","","0.19%"
"08/24/2012","132.250","132.350","132.400","132.175","","-0.08%"
"08/23/2012","132.350","132.350","132.725","132.200","","0.00%"
"08/22/2012","132.350","131.900","132.400","131.840","","0.26%"
"08/21/2012","132.010","132.250","132.425","132.010","","-0.18%"
"08/20/2012","132.250","132.300","132.400","132.100","","-0.09%"
"08/17/2012","132.375","132.050","132.800","131.900","","0.28%"
"08/16/2012","132.000","131.950","132.100","131.850","","0.00%"
"08/15/2012","132.000","131.950","132.060","131.885","","0.04%"
"08/14/2012","131.950","131.950","132.075","131.825","","0.00%"
"08/13/2012","131.950","131.950","132.075","131.775","","0.04%"
"08/10/2012","131.900","132.000","132.100","131.765","","-0.06%"
"08/09/2012","131.975","131.950","132.075","131.750","","0.26%"
"08/08/2012","131.635","132.000","132.045","131.635","","-0.24%"
"08/07/2012","131.950","131.950","131.995","131.750","","0.05%"
"08/06/2012","131.885","131.950","132.075","131.710","","-0.05%"
"08/03/2012","131.950","131.800","132.050","131.800","","0.08%"
"08/02/2012","131.850","131.750","132.025","131.690","","0.00%"
"08/01/2012","131.850","131.850","131.850","131.850","","0.00%"
"07/31/2012","131.850","131.850","132.050","131.550","","0.00%"
"07/30/2012","131.850","131.750","132.050","131.500","","-0.11%"
"07/27/2012","132.000","131.200","132.100","131.150","","0.65%"
"07/26/2012","131.150","131.050","131.350","130.150","","0.11%"
"07/25/2012","131.000","130.750","131.150","130.750","","0.53%"
"07/24/2012","130.310","130.900","131.000","130.310","","-0.41%"
"07/23/2012","130.850","131.650","131.650","130.600","","-0.31%"
"07/20/2012","131.260","132.510","132.755","131.065","","-0.94%"
"07/19/2012","132.510","133.510","133.705","132.315","","-0.75%"
"07/18/2012","133.510","133.510","134.000","133.305","","0.00%"
"07/17/2012","133.510","133.510","133.950","133.315","","0.00%"
"07/16/2012","133.510","134.000","134.100","133.510","","-0.37%"
"07/13/2012","134.000","133.700","134.125","133.430","","0.37%"
"07/12/2012","133.510","133.750","133.985","133.315","","0.00%"
"07/11/2012","133.510","133.750","133.975","133.315","","-0.18%"
"07/10/2012","133.750","133.550","134.015","133.230","","0.37%"
"07/09/2012","133.260","133.450","133.675","133.065","","-0.14%"
"07/06/2012","133.450","133.850","133.975","132.975","","-0.30%"
"07/05/2012","133.850","133.750","133.925","133.475","","0.04%"
"07/04/2012","133.800","133.750","134.000","133.450","","0.44%"
"07/03/2012","133.210","133.210","133.405","133.015","","0.00%"
"07/02/2012","133.210","133.260","134.000","133.015","","-0.04%"
"06/29/2012","133.260","134.000","134.150","133.065","","-0.55%"
"06/28/2012","134.000","134.050","134.300","132.850","","0.52%"
"06/27/2012","133.310","134.000","134.250","132.850","","-0.44%"
"06/26/2012","133.900","133.250","134.100","133.050","","0.30%"
"06/25/2012","133.500","133.010","133.600","132.125","","0.37%"
"06/22/2012","133.010","132.900","133.550","132.610","","0.16%"
"06/21/2012","132.800","132.850","133.100","132.600","","-0.08%"
"06/20/2012","132.900","132.750","132.975","132.250","","0.29%"
"06/19/2012","132.510","132.150","132.950","132.005","","0.38%"
"06/18/2012","132.010","131.510","132.450","131.505","","0.38%"
"06/15/2012","131.510","132.075","132.200","131.410","","-0.23%"
"06/14/2012","131.810","132.000","132.400","131.615","","-0.14%"
"06/13/2012","132.000","132.650","132.700","131.300","","-0.23%"
"06/12/2012","132.310","132.000","133.025","131.805","","0.38%"
"06/11/2012","131.810","130.010","132.005","130.010","","1.38%"
"06/08/2012","130.010","130.200","130.725","129.815","","0.00%"
"06/07/2012","130.010","130.150","130.400","129.660","","0.00%"
"06/06/2012","130.010","130.500","130.500","129.815","","0.00%"
"06/05/2012","130.010","131.150","131.700","129.815","","0.00%"
"06/04/2012","130.010","130.510","130.510","129.815","","-0.38%"
"06/01/2012","130.510","132.050","132.225","130.315","","-0.76%"
"05/31/2012","131.510","132.550","132.750","131.315","","0.00%"
"05/30/2012","131.510","132.000","132.600","131.315","","0.00%"
"05/29/2012","131.510","131.300","132.150","131.125","","0.20%"
"05/28/2012","131.250","130.710","131.475","130.710","","0.41%"
"05/25/2012","130.710","130.850","131.500","130.515","","0.38%"
"05/24/2012","130.210","130.000","130.700","129.755","","0.31%"
"05/23/2012","129.810","129.850","130.475","129.515","","0.15%"
"05/22/2012","129.610","129.950","130.000","129.365","","0.08%"
"05/21/2012","129.510","129.510","130.050","129.315","","0.00%"
"05/18/2012","129.510","129.200","129.950","128.575","","0.47%"
"05/17/2012","128.910","129.000","129.365","128.555","","0.23%"
"05/16/2012","128.610","128.750","130.050","128.415","","-0.34%"
"05/15/2012","129.050","128.750","129.250","128.575","","0.23%"
"05/14/2012","128.750","128.000","129.025","128.000","","0.89%"
"05/11/2012","127.610","127.825","128.200","127.560","","0.16%"
"05/10/2012","127.410","127.950","128.165","127.385","","-0.48%"
"05/09/2012","128.030","127.950","128.190","127.600","","0.02%"
"05/08/2012","128.000","127.250","128.500","127.250","","0.62%"
"05/07/2012","127.210","127.210","127.210","127.210","","-0.16%"
"05/04/2012","127.410","126.950","128.250","126.750","","0.13%"
"05/03/2012","127.250","127.900","129.250","126.750","","-0.59%"
"05/02/2012","128.000","130.000","130.850","125.900","","-1.24%"
"05/01/2012","129.610","129.610","129.610","129.610","","0.00%"
"04/30/2012","129.610","129.950","131.250","129.415","","-0.26%"
"04/27/2012","129.950","130.525","131.825","129.725","","-0.20%"
"04/26/2012","130.210","131.900","132.150","129.675","","-1.73%"
"04/25/2012","132.500","131.750","133.300","131.750","","0.75%"
"04/24/2012","131.510","131.450","132.300","131.075","","0.05%"
"04/23/2012","131.450","130.010","131.625","129.955","","1.11%"
"04/20/2012","130.010","129.700","130.575","129.600","","0.20%"
"04/19/2012","129.750","128.400","130.100","128.500","","1.16%"
"04/18/2012","128.260","128.150","128.750","128.065","","0.00%"
"04/17/2012","128.260","128.100","128.725","127.900","","0.20%"
"04/16/2012","128.000","128.250","128.650","127.500","","-0.51%"
"04/13/2012","128.650","128.250","128.650","128.650","","0.00%"
"04/12/2012","128.650","128.250","128.650","128.650","","0.00%"
"04/11/2012","128.650","127.500","129.900","127.750","","0.89%"
"04/10/2012","127.510","125.600","128.000","125.750","","1.80%"
"04/09/2012","125.260","125.750","126.275","125.235","","-0.71%"
"04/06/2012","126.150","125.750","126.150","126.150","","0.00%"
"04/05/2012","126.150","125.000","126.225","124.950","","0.83%"
"04/04/2012","125.110","126.100","126.200","124.855","","-0.52%"
"04/03/2012","125.760","127.900","128.100","125.610","","-1.98%"
"04/02/2012","128.300","127.850","128.550","128.050","","0.04%"
"03/30/2012","128.250","127.750","128.375","127.825","","0.58%"
"03/29/2012","127.510","128.800","129.450","127.060","","-1.31%"
"03/28/2012","129.200","129.600","130.100","129.075","","-0.54%"
"03/27/2012","129.900","129.900","130.200","129.700","","-0.01%"
"03/26/2012","129.910","129.700","130.475","129.710","","-0.15%"
"03/23/2012","130.100","130.150","130.650","129.975","","-0.12%"
"03/22/2012","130.250","129.900","130.875","129.800","","0.15%"
"03/21/2012","130.050","129.700","130.900","129.650","","0.61%"
"03/20/2012","129.260","129.500","130.375","128.625","","-1.33%"
"03/19/2012","131.000","125.450","131.100","125.600","","4.09%"
"03/16/2012","125.850","124.850","125.975","124.225","","0.56%"
"03/15/2012","125.150","124.350","125.300","124.500","","0.32%"
"03/14/2012","124.750","123.100","124.825","123.200","","1.01%"
"03/13/2012","123.500","121.900","123.600","121.950","","1.31%"
"03/12/2012","121.900","121.000","122.100","121.300","","0.69%"
"03/09/2012","121.060","121.150","121.550","121.035","","0.04%"
"03/08/2012","121.010","121.100","121.725","120.960","","-0.40%"
"03/07/2012","121.500","121.100","121.500","121.500","","0.00%"
"03/06/2012","121.500","121.500","122.125","121.350","","-0.33%"
"03/05/2012","121.900","121.300","122.150","121.350","","0.16%"
"03/02/2012","121.700","119.000","121.900","119.450","","-0.17%"
"03/01/2012","121.910","121.500","122.300","121.710","","0.01%"
"02/29/2012","121.900","121.600","122.250","121.750","","-0.08%"
"02/28/2012","122.000","120.850","122.850","119.850","","0.62%"
"02/27/2012","121.250","119.450","121.725","119.775","","1.17%"
"02/24/2012","119.850","118.850","120.050","119.225","","0.50%"
"02/23/2012","119.250","118.350","119.565","118.625","","0.42%"
"02/22/2012","118.750","118.300","118.950","118.375","","0.63%"
"02/21/2012","118.010","117.850","118.775","117.935","","-0.20%"
"02/20/2012","118.250","117.850","118.250","118.250","","0.00%"
"02/17/2012","118.250","118.800","119.050","118.125","","-0.43%"
"02/16/2012","118.760","119.050","120.125","118.635","","-0.58%"
"02/15/2012","119.450","119.850","120.750","118.225","","-0.67%"
"02/14/2012","120.250","116.410","120.450","116.705","","2.94%"
"02/13/2012","116.810","114.410","117.300","114.810","","1.74%"
"02/10/2012","114.810","114.410","115.005","114.615","","0.00%"
"02/09/2012","114.810","114.200","115.625","114.250","","0.86%"
"02/08/2012","113.830","114.250","114.320","113.830","","-0.32%"
"02/07/2012","114.200","114.200","114.200","114.200","","0.00%"
"02/06/2012","114.200","113.900","114.325","113.975","","0.21%"
"02/03/2012","113.960","113.830","114.130","113.760","","0.18%"
"02/02/2012","113.760","113.880","113.925","113.760","","0.00%"
"02/01/2012","113.760","113.850","113.925","113.760","","-0.12%"
"01/31/2012","113.900","113.850","113.920","113.865","","0.12%"
"01/30/2012","113.760","113.900","114.005","113.730","","-0.07%"
"01/27/2012","113.835","113.850","113.940","113.810","","0.09%"
"01/26/2012","113.730","113.850","113.925","113.730","","-0.09%"
"01/25/2012","113.830","113.850","113.940","113.830","","0.00%"
"01/24/2012","113.830","113.880","113.940","113.830","","0.00%"
"01/23/2012","113.830","113.880","113.940","113.830","","-0.07%"
"01/20/2012","113.915","113.880","113.940","113.875","","0.07%"
"01/19/2012","113.830","113.880","113.940","113.830","","0.00%"
"01/18/2012","113.830","113.880","113.925","113.830","","0.00%"
"01/17/2012","113.830","113.880","113.940","113.820","","0.00%"
"01/16/2012","113.830","113.830","113.830","113.830","","0.00%"
"01/13/2012","113.830","113.850","113.940","113.830","","0.00%"
"01/12/2012","113.830","113.880","113.940","113.820","","0.00%"
"01/11/2012","113.830","113.880","113.940","113.830","","0.00%"
"01/10/2012","113.830","113.880","113.940","113.830","","0.00%"
"01/09/2012","113.830","113.880","113.940","113.820","","0.00%"
"01/06/2012","113.830","113.800","113.940","113.820","","0.00%"
"01/05/2012","113.830","113.880","113.940","113.830","","0.00%"
"01/04/2012","113.830","113.850","113.925","113.830","","0.00%"
"01/03/2012","113.830","113.800","113.940","113.820","","-0.06%"
"01/02/2012","113.900","113.850","113.940","113.875","","0.00%"
"12/30/2011","113.900","113.850","113.950","113.850","","0.00%"
"12/29/2011","113.900","113.900","113.950","113.850","","0.00%"
"12/28/2011","113.900","113.880","113.920","113.875","","0.00%"
"12/27/2011","113.900","113.850","113.920","113.870","","0.11%"
"12/26/2011","113.770","113.770","113.770","113.770","","0.00%"
"12/23/2011","113.770","113.870","113.925","113.770","","-0.11%"
"12/22/2011","113.900","113.850","113.935","113.875","","0.11%"
"12/21/2011","113.770","113.850","113.920","113.770","","0.00%"
"12/20/2011","113.770","113.880","113.950","113.770","","-0.04%"
"12/19/2011","113.820","113.900","113.945","113.815","","0.08%"
"12/16/2011","113.730","113.850","113.950","113.730","","-0.05%"
"12/15/2011","113.790","113.880","113.920","113.790","","0.00%"
"12/14/2011","113.790","113.880","113.930","113.790","","-0.05%"
"12/13/2011","113.850","113.850","113.925","113.850","","0.00%"
"12/12/2011","113.850","113.880","113.920","113.750","","0.11%"
"12/09/2011","113.730","113.850","113.920","113.730","","-0.15%"
"12/08/2011","113.900","113.820","113.920","113.820","","0.11%"
"12/07/2011","113.770","113.850","113.925","113.770","","0.04%"
"12/06/2011","113.730","113.850","113.920","113.730","","-0.03%"
"12/05/2011","113.760","113.880","113.935","113.760","","-0.12%"
"12/02/2011","113.895","113.850","113.925","113.860","","0.02%"
"12/01/2011","113.875","113.870","113.925","113.850","","0.04%"
"11/30/2011","113.830","113.880","113.950","113.820","","0.06%"
"11/29/2011","113.760","113.850","113.920","113.760","","-0.06%"
"11/28/2011","113.830","113.820","113.920","113.830","","0.00%"
"11/25/2011","113.830","113.850","113.940","113.820","","-0.06%"
"11/24/2011","113.900","113.800","113.920","113.850","","0.12%"
"11/23/2011","113.760","113.800","114.220","113.460","","0.22%"
"11/22/2011","113.510","113.700","114.000","113.510","","2.84%"
"11/21/2011","110.375","110.330","110.420","110.365","","0.15%"
"11/18/2011","110.210","110.180","110.420","110.070","","0.13%"
"11/17/2011","110.070","110.200","110.225","110.070","","0.03%"
"11/16/2011","110.040","110.150","110.220","110.010","","-0.15%"
"11/15/2011","110.200","110.150","110.220","110.150","","0.17%"
"11/14/2011","110.010","110.150","110.220","110.010","","-0.17%"
"11/11/2011","110.200","110.150","110.220","110.150","","0.13%"
"11/10/2011","110.060","110.060","110.060","110.060","","0.00%"
"11/09/2011","110.060","110.150","110.220","110.010","","-0.01%"
"11/08/2011","110.070","110.150","110.220","110.070","","0.15%"
"11/07/2011","109.910","110.060","110.070","109.910","","-0.23%"
"11/04/2011","110.160","110.150","110.215","110.100","","0.14%"
"11/03/2011","110.010","110.150","110.220","110.010","","-0.17%"
"11/02/2011","110.200","110.150","110.220","110.175","","0.12%"
"11/01/2011","110.070","110.150","110.235","110.070","","0.00%"
"10/31/2011","110.070","110.050","110.220","109.960","","0.10%"
"10/28/2011","109.960","110.150","110.200","109.960","","-0.03%"
"10/27/2011","109.990","110.180","110.220","109.990","","0.00%"
"10/26/2011","109.990","109.980","109.990","109.990","","0.00%"
"10/25/2011","109.990","110.150","110.220","109.990","","0.00%"
"10/24/2011","109.990","110.120","110.220","109.970","","0.02%"
"10/21/2011","109.970","110.180","110.225","109.970","","-0.20%"
"10/20/2011","110.185","110.100","110.225","110.145","","0.20%"
"10/19/2011","109.970","110.150","110.220","109.970","","-0.20%"
"10/18/2011","110.185","110.150","110.220","110.175","","-0.01%"
"10/17/2011","110.200","110.150","110.220","110.150","","0.00%"
"10/14/2011","110.200","110.170","110.220","110.150","","0.21%"
"10/13/2011","109.970","110.160","110.220","109.970","","-0.21%"
"10/12/2011","110.200","110.150","110.215","110.150","","0.21%"
"10/11/2011","109.970","109.960","109.970","109.970","","-0.16%"
"10/10/2011","110.150","110.150","110.220","110.145","","-0.05%"
"10/07/2011","110.200","110.150","110.225","110.150","","0.02%"
"10/06/2011","110.175","110.150","110.225","110.150","","-0.02%"
"10/05/2011","110.200","110.150","110.220","110.150","","0.00%"
"10/04/2011","110.200","110.100","110.220","110.150","","-0.05%"
"10/03/2011","110.250","110.180","110.250","110.155","","0.25%"
"09/30/2011","109.970","110.150","110.215","109.970","","0.00%"
"09/29/2011","109.970","110.150","110.220","109.970","","-0.21%"
"09/28/2011","110.200","110.150","110.220","110.145","","-0.11%"
"09/27/2011","110.320","110.270","110.335","110.250","","0.32%"
"09/26/2011","109.970","110.200","110.340","109.970","","-0.30%"
"09/23/2011","110.300","110.220","110.335","110.250","","0.00%"
"09/22/2011","110.300","110.100","110.335","110.150","","0.10%"
"09/21/2011","110.185","110.150","110.220","110.150","","0.16%"
"09/20/2011","110.010","110.050","110.125","109.970","","0.04%"
"09/19/2011","109.970","110.050","110.120","109.970","","0.00%"
"09/16/2011","109.970","110.050","110.105","109.970","","-0.10%"
"09/15/2011","110.075","110.050","110.120","110.050","","0.10%"
"09/14/2011","109.970","110.000","110.120","109.970","","-0.13%"
"09/13/2011","110.115","110.000","110.120","110.050","","0.04%"
"09/12/2011","110.075","110.050","110.120","110.050","","0.10%"
"09/09/2011","109.970","110.170","110.210","109.970","","0.00%"
"09/08/2011","109.970","110.150","110.220","109.970","","0.00%"
"09/07/2011","109.970","110.150","110.220","109.970","","0.00%"
"09/06/2011","109.970","110.100","110.160","109.970","","-0.10%"
"09/05/2011","110.085","110.000","110.115","110.025","","0.08%"
"09/02/2011","110.000","109.970","110.020","109.930","","0.01%"
"09/01/2011","109.990","109.850","110.015","109.875","","0.30%"
"08/31/2011","109.660","109.660","109.660","109.660","","0.00%"
"08/30/2011","109.660","109.850","109.975","109.660","","-0.22%"
"08/29/2011","109.900","109.850","109.950","109.850","","-0.08%"
"08/26/2011","109.990","109.980","110.015","109.950","","-0.01%"
"08/25/2011","110.000","109.950","110.015","109.950","","0.08%"
"08/24/2011","109.910","109.900","110.015","109.610","","-0.06%"
"08/23/2011","109.975","109.880","110.000","109.860","","0.02%"
"08/22/2011","109.950","109.900","109.990","109.915","","0.00%"
"08/19/2011","109.950","109.900","110.000","109.900","","0.00%"
"08/18/2011","109.950","109.800","110.015","109.850","","0.09%"
"08/17/2011","109.850","109.800","109.960","109.840","","0.00%"
"08/16/2011","109.850","109.800","109.890","109.750","","0.49%"
"08/15/2011","109.310","109.600","109.885","109.310","","-0.31%"
"08/12/2011","109.650","109.650","109.715","109.615","","0.00%"
"08/11/2011","109.650","109.650","109.850","109.590","","-0.05%"
"08/10/2011","109.700","109.750","109.795","109.625","","-0.08%"
"08/09/2011","109.785","109.720","109.820","109.700","","0.02%"
"08/08/2011","109.765","109.600","109.820","109.650","","0.05%"
"08/05/2011","109.705","109.750","109.780","109.620","","0.04%"
"08/04/2011","109.665","109.630","109.710","109.590","","0.32%"
"08/03/2011","109.310","109.550","109.705","109.310","","0.00%"
"08/02/2011","109.310","109.400","109.615","109.260","","0.00%"
"08/01/2011","109.310","109.400","109.520","109.310","","-0.13%"
"07/29/2011","109.450","109.400","109.515","109.440","","0.00%"
"07/28/2011","109.450","109.400","109.520","109.440","","-0.03%"
"07/27/2011","109.485","109.480","109.520","109.445","","0.03%"
"07/26/2011","109.450","109.400","109.520","109.445","","-0.02%"
"07/25/2011","109.475","109.460","109.520","109.450","","0.02%"
"07/22/2011","109.450","109.400","109.520","109.430","","-0.05%"
"07/21/2011","109.500","109.380","109.525","109.430","","0.00%"
"07/20/2011","109.500","109.470","109.520","109.450","","0.02%"
"07/19/2011","109.475","109.450","109.520","109.450","","-0.02%"
"07/18/2011","109.500","109.450","109.520","109.450","","0.01%"
"07/15/2011","109.490","109.450","109.515","109.450","","-0.10%"
"07/14/2011","109.600","109.600","109.600","109.600","","0.00%"
"07/13/2011","109.600","109.500","109.615","109.550","","0.02%"
"07/12/2011","109.580","109.450","109.620","109.500","","0.07%"
"07/11/2011","109.500","109.450","109.525","109.475","","0.00%"
"07/08/2011","109.495","109.450","109.520","109.450","","0.00%"
"07/07/2011","109.500","109.450","109.520","109.450","","0.00%"
"07/06/2011","109.505","109.450","109.520","109.465","","0.00%"
"07/05/2011","109.505","109.450","109.520","109.465","","0.00%"
"07/04/2011","109.500","109.450","109.520","109.450","","0.00%"
"07/01/2011","109.500","109.450","109.525","109.450","","0.00%"
"06/30/2011","109.500","109.450","109.625","109.350","","-0.09%"
"06/29/2011","109.600","109.650","109.705","109.550","","-0.09%"
"06/28/2011","109.700","109.650","109.720","109.640","","0.05%"
"06/27/2011","109.650","109.650","109.715","109.605","","0.05%"
"06/24/2011","109.590","109.550","109.620","109.550","","-0.01%"
"06/23/2011","109.600","109.550","109.655","109.540","","0.00%"
"06/22/2011","109.600","109.510","109.615","109.530","","0.02%"
"06/21/2011","109.575","109.550","109.610","109.545","","0.00%"
"06/20/2011","109.575","109.500","109.615","109.510","","0.02%"
"06/17/2011","109.550","109.500","109.580","109.450","","-0.02%"
"06/16/2011","109.575","109.550","109.605","109.500","","0.02%"
"06/15/2011","109.550","109.550","109.550","109.550","","0.00%"
"06/14/2011","109.550","109.450","109.555","109.450","","0.04%"
"06/13/2011","109.510","109.450","109.540","109.400","","0.01%"
"06/10/2011","109.500","109.450","109.510","109.375","","0.05%"
"06/09/2011","109.450","109.450","109.550","109.330","","-0.01%"
"06/08/2011","109.460","109.550","109.650","109.400","","-0.08%"
"06/07/2011","109.550","109.600","109.675","109.540","","-0.02%"
"06/06/2011","109.575","109.600","109.675","109.540","","-0.14%"
"06/03/2011","109.725","109.600","109.775","109.625","","-0.02%"
"06/02/2011","109.750","109.720","109.800","109.670","","0.07%"
"06/01/2011","109.675","109.650","109.715","109.650","","-0.02%"
"05/31/2011","109.700","109.580","109.720","109.615","","-0.06%"
"05/30/2011","109.770","109.700","109.800","109.715","","-0.09%"
"05/27/2011","109.870","109.780","109.950","109.830","","0.00%"
"05/26/2011","109.875","109.850","109.925","109.850","","-0.07%"
"05/25/2011","109.950","109.950","110.015","109.950","","-0.02%"
"05/24/2011","109.975","109.900","110.015","109.950","","0.08%"
"05/23/2011","109.890","109.850","109.920","109.825","","0.07%"
"05/20/2011","109.810","109.700","109.820","109.750","","0.05%"
"05/19/2011","109.750","109.700","109.820","109.750","","-0.05%"
"05/18/2011","109.800","109.800","109.800","109.800","","0.00%"
"05/17/2011","109.800","109.800","109.800","109.800","","0.00%"
"05/16/2011","109.800","109.780","109.835","109.740","","0.05%"
"05/13/2011","109.750","109.750","109.810","109.740","","0.00%"
"05/12/2011","109.750","109.700","109.775","109.690","","0.05%"
"05/11/2011","109.700","109.700","109.790","109.660","","-0.02%"
"05/10/2011","109.725","109.720","109.815","109.725","","-0.05%"
"05/09/2011","109.775","109.750","109.815","109.740","","0.00%"
"05/06/2011","109.775","109.750","109.820","109.710","","0.07%"
"05/05/2011","109.700","109.600","109.775","109.650","","-0.04%"
"05/04/2011","109.740","109.750","109.815","109.700","","-0.05%"
"05/03/2011","109.800","109.600","109.825","109.650","","-0.09%"
"05/02/2011","109.900","109.900","109.900","109.900","","0.00%"
"04/29/2011","109.900","109.750","109.960","109.800","","0.18%"
"04/28/2011","109.700","109.900","109.975","109.550","","-0.36%"
"04/27/2011","110.100","110.100","110.220","110.100","","-0.07%"
"04/26/2011","110.175","110.160","110.215","110.150","","-0.01%"
"04/25/2011","110.185","110.150","110.220","110.150","","0.01%"
"04/22/2011","110.175","110.175","110.175","110.175","","0.00%"
"04/21/2011","110.175","110.250","110.300","110.145","","-0.11%"
"04/20/2011","110.300","110.250","110.365","110.230","","-0.07%"
"04/19/2011","110.375","110.350","110.415","110.335","","0.00%"
"04/18/2011","110.375","110.300","110.410","110.340","","-0.02%"
"04/15/2011","110.400","110.400","110.400","110.400","","0.00%"
"04/14/2011","110.400","110.400","110.400","110.400","","0.00%"
"04/13/2011","110.400","110.400","110.400","110.400","","0.00%"
"04/12/2011","110.400","110.250","110.420","110.300","","0.11%"
"04/11/2011","110.275","110.350","110.375","110.250","","-0.11%"
"04/08/2011","110.400","110.280","110.415","110.300","","0.03%"
"04/07/2011","110.365","110.350","110.395","110.300","","0.14%"
"04/06/2011","110.210","110.350","110.425","110.210","","-0.13%"
"04/05/2011","110.350","110.300","110.415","110.325","","-0.05%"
"04/04/2011","110.400","110.300","110.415","110.325","","0.05%"
"04/01/2011","110.350","110.350","110.440","110.150","","-0.04%"
"03/31/2011","110.395","110.350","110.445","110.350","","0.04%"
"03/30/2011","110.350","110.350","110.465","110.350","","-0.02%"
"03/29/2011","110.375","110.350","110.415","110.350","","-0.02%"
"03/28/2011","110.400","110.300","110.415","110.350","","0.05%"
"03/25/2011","110.350","110.300","110.420","110.285","","0.00%"
"03/24/2011","110.350","110.300","110.420","110.350","","-0.05%"
"03/23/2011","110.400","110.300","110.415","110.350","","0.05%"
"03/22/2011","110.350","110.300","110.410","110.270","","-0.05%"
"03/21/2011","110.400","110.350","110.415","110.335","","-0.05%"
"03/18/2011","110.450","110.300","110.475","110.300","","0.09%"
"03/17/2011","110.350","110.320","110.390","110.250","","0.14%"
"03/16/2011","110.200","110.300","110.400","110.150","","-0.19%"
"03/15/2011","110.410","110.150","110.660","110.160","","0.19%"
"03/14/2011","110.200","110.000","110.300","110.050","","0.14%"
"03/11/2011","110.050","109.950","110.075","109.995","","0.04%"
"03/10/2011","110.005","109.950","110.050","109.985","","0.00%"
"03/09/2011","110.000","110.000","110.225","109.950","","-0.05%"
"03/08/2011","110.050","110.150","110.225","110.000","","-0.23%"
"03/07/2011","110.300","110.350","110.380","110.190","","-0.06%"
"03/04/2011","110.365","110.600","110.675","110.340","","-0.28%"
"03/03/2011","110.675","110.650","110.730","110.635","","-0.07%"
"03/02/2011","110.750","110.750","110.750","110.750","","0.00%"
"03/01/2011","110.750","110.720","110.795","110.650","","-0.05%"
"02/28/2011","110.800","110.750","110.815","110.750","","0.02%"
"02/25/2011","110.775","110.750","110.815","110.740","","-0.01%"
"02/24/2011","110.790","110.700","110.850","110.740","","0.12%"
"02/23/2011","110.660","110.850","110.915","110.660","","-0.22%"
"02/22/2011","110.900","110.850","110.920","110.840","","0.02%"
"02/21/2011","110.875","110.850","110.965","110.840","","-0.02%"
"02/18/2011","110.900","110.930","110.990","110.930","","0.13%"
"02/17/2011","110.760","110.760","110.760","110.760","","0.00%"
"02/16/2011","110.760","110.760","110.760","110.760","","0.00%"
"02/15/2011","110.760","110.900","111.030","110.760","","0.00%"
"02/14/2011","110.760","111.000","111.115","110.760","","-0.26%"
"02/11/2011","111.050","110.950","111.075","110.950","","0.01%"
"02/10/2011","111.040","110.950","111.040","110.945","","0.08%"
"02/09/2011","110.950","110.950","111.015","110.900","","-0.02%"
"02/08/2011","110.970","110.970","111.050","110.950","","0.19%"
"02/07/2011","110.760","110.950","111.000","110.710","","0.05%"
"02/04/2011","110.710","110.750","110.760","110.710","","-0.13%"
"02/03/2011","110.850","110.940","110.990","110.750","","-0.09%"
"02/02/2011","110.950","111.000","111.115","110.890","","0.17%"
"02/01/2011","110.760","111.000","111.175","110.760","","-0.09%"
"01/31/2011","110.860","111.100","111.185","110.760","","0.09%"
"01/28/2011","110.760","111.100","111.215","110.760","","-0.02%"
"01/27/2011","110.780","111.050","111.115","110.780","","-0.27%"
"01/26/2011","111.085","110.900","111.105","110.610","","0.17%"
"01/25/2011","110.900","110.850","110.975","110.850","","0.03%"
"01/24/2011","110.870","111.000","111.025","110.850","","-0.13%"
"01/21/2011","111.010","110.950","111.065","110.985","","0.05%"
"01/20/2011","110.950","110.800","111.055","110.850","","0.14%"
"01/19/2011","110.800","110.800","110.800","110.800","","0.00%"
"01/18/2011","110.800","110.780","110.850","110.750","","-0.01%"
"01/17/2011","110.815","110.720","110.825","110.760","","0.05%"
"01/14/2011","110.760","110.700","110.815","110.740","","-0.01%"
"01/13/2011","110.770","110.700","110.825","110.745","","0.02%"
"01/12/2011","110.750","110.720","110.815","110.740","","0.13%"
"01/11/2011","110.610","110.800","110.860","110.610","","-0.17%"
"01/10/2011","110.800","110.800","110.925","110.800","","-0.05%"
"01/07/2011","110.850","110.800","110.900","110.825","","0.02%"
"01/06/2011","110.830","110.800","110.875","110.810","","0.00%"
"01/05/2011","110.825","110.850","110.875","110.790","","-0.02%"
"01/04/2011","110.850","110.850","110.915","110.775","","-0.09%"
"01/03/2011","110.950","110.850","110.990","110.900","","0.00%"
"12/31/2010","110.945","110.950","111.005","110.925","","0.00%"
"12/30/2010","110.950","110.920","111.205","110.900","","0.00%"
"12/29/2010","110.955","110.850","110.965","110.825","","0.00%"
"12/28/2010","110.950","110.950","111.050","110.885","","-0.22%"
"12/27/2010","111.200","111.120","111.225","111.140","","0.04%"
"12/24/2010","111.150","111.100","111.205","111.090","","0.09%"
"12/23/2010","111.050","111.200","111.275","110.980","","-0.18%"
"12/22/2010","111.250","111.200","111.360","111.210","","0.00%"
"12/21/2010","111.250","111.130","111.300","111.100","","0.07%"
"12/20/2010","111.175","111.175","111.175","111.175","","0.00%"
"12/17/2010","111.175","111.000","111.215","111.000","","0.11%"
"12/16/2010","111.050","110.900","111.050","110.920","","0.10%"
"12/15/2010","110.940","110.900","110.985","110.900","","0.04%"
"12/14/2010","110.900","110.850","110.940","110.890","","0.01%"
"12/13/2010","110.890","110.900","110.950","110.880","","-0.02%"
"12/10/2010","110.915","110.900","110.980","110.875","","-0.08%"
"12/09/2010","111.000","111.000","111.150","110.990","","-0.05%"
"12/08/2010","111.050","111.050","111.200","111.050","","-0.09%"
"12/07/2010","111.150","111.150","111.225","111.100","","-0.04%"
"12/06/2010","111.200","111.150","111.300","111.100","","-0.07%"
"12/03/2010","111.280","111.160","111.375","111.125","","0.01%"
"12/02/2010","111.270","111.150","111.370","111.175","","0.07%"
"12/01/2010","111.190","111.180","111.300","111.190","","-0.17%"
"11/30/2010","111.375","111.450","111.475","111.305","","-0.07%"
"11/29/2010","111.450","111.520","111.550","111.445","","-0.02%"
"11/26/2010","111.470","111.320","111.525","111.350","","0.15%"
"11/25/2010","111.300","111.200","111.335","111.215","","0.07%"
"11/24/2010","111.220","111.150","111.260","111.150","","-0.12%"
"11/23/2010","111.350","111.350","111.400","111.295","","-0.04%"
"11/22/2010","111.400","111.680","111.705","111.340","","-0.27%"
"11/19/2010","111.700","111.600","111.700","111.635","","0.00%"
"11/18/2010","111.700","111.660","111.715","111.650","","0.22%"
"11/17/2010","111.460","111.460","111.460","111.460","","0.00%"
"11/16/2010","111.460","111.600","111.725","111.390","","-0.23%"
"11/15/2010","111.715","111.650","111.720","111.640","","0.06%"
"11/12/2010","111.650","111.550","111.700","111.600","","0.07%"
"11/11/2010","111.575","111.600","111.700","111.535","","-0.08%"
"11/10/2010","111.660","111.600","111.720","111.625","","0.04%"
"11/09/2010","111.615","111.500","111.650","111.475","","0.20%"
"11/08/2010","111.390","111.550","111.630","111.390","","-0.02%"
"11/05/2010","111.410","111.410","111.410","111.410","","0.00%"
"11/04/2010","111.410","111.650","111.715","111.410","","-0.26%"
"11/03/2010","111.700","111.600","111.735","111.650","","0.00%"
"11/02/2010","111.700","111.650","111.720","111.650","","0.02%"
"11/01/2010","111.675","111.640","111.715","111.640","","0.02%"
"10/29/2010","111.650","111.520","111.820","111.550","","0.00%"
"10/28/2010","111.650","111.680","111.720","111.600","","0.10%"
"10/27/2010","111.540","111.680","111.725","111.540","","-0.10%"
"10/26/2010","111.650","111.690","111.720","111.640","","-0.02%"
"10/25/2010","111.675","111.800","111.840","111.650","","0.02%"
"10/22/2010","111.650","111.640","111.650","111.650","","-0.09%"
"10/21/2010","111.750","111.850","111.900","111.750","","0.06%"
"10/20/2010","111.680","111.850","111.900","111.680","","-0.14%"
"10/19/2010","111.840","111.800","111.870","111.775","","0.14%"
"10/18/2010","111.680","111.750","111.870","111.680","","-0.11%"
"10/15/2010","111.800","111.750","111.865","111.775","","0.08%"
"10/14/2010","111.710","111.800","111.865","111.710","","0.00%"
"10/13/2010","111.710","111.900","111.950","111.710","","0.00%"
"10/12/2010","111.710","111.800","111.975","111.610","","-0.04%"
"10/11/2010","111.750","111.600","111.825","111.650","","0.13%"
"10/08/2010","111.610","111.550","111.750","111.575","","-0.11%"
"10/07/2010","111.730","111.600","111.775","111.635","","0.11%"
"10/06/2010","111.610","111.670","111.895","111.585","","0.02%"
"10/05/2010","111.590","111.800","111.825","111.575","","-0.06%"
"10/04/2010","111.660","111.800","111.865","111.660","","-0.13%"
"10/01/2010","111.800","111.980","112.030","111.800","","0.08%"
"09/30/2010","111.710","111.850","112.040","111.710","","0.04%"
"09/29/2010","111.670","111.800","112.000","111.670","","-0.07%"
"09/28/2010","111.750","111.850","111.970","111.750","","-0.01%"
"09/27/2010","111.760","112.000","112.050","111.760","","-0.22%"
"09/24/2010","112.010","112.400","112.460","112.010","","-0.28%"
"09/23/2010","112.330","112.450","112.515","112.330","","0.00%"
"09/22/2010","112.330","112.360","112.370","112.320","","-0.04%"
"09/21/2010","112.370","112.500","112.570","112.370","","0.01%"
"09/20/2010","112.360","112.450","112.570","112.360","","-0.08%"
"09/17/2010","112.450","112.350","112.525","112.385","","0.11%"
"09/16/2010","112.330","112.450","112.550","112.300","","-0.07%"
"09/15/2010","112.410","112.400","112.560","112.360","","0.00%"
"09/14/2010","112.410","112.550","112.625","112.360","","-0.04%"
"09/13/2010","112.460","112.540","112.710","112.260","","0.04%"
"09/10/2010","112.410","112.410","112.410","112.410","","0.00%"
"09/09/2010","112.410","112.600","112.700","112.260","","-0.11%"
"09/08/2010","112.535","112.550","112.800","112.530","","-0.07%"
"09/07/2010","112.610","112.450","112.635","112.495","","0.14%"
"09/06/2010","112.450","112.550","112.650","112.440","","-0.22%"
"09/03/2010","112.700","112.500","112.740","112.475","","0.11%"
"09/02/2010","112.575","112.650","112.710","112.500","","-0.16%"
"09/01/2010","112.750","112.750","112.800","112.710","","0.00%"
"08/31/2010","112.750","112.620","112.825","112.650","","0.04%"
"08/30/2010","112.700","112.680","112.720","112.625","","0.04%"
"08/27/2010","112.650","112.520","112.700","112.550","","0.04%"
"08/26/2010","112.600","112.630","112.670","112.520","","0.02%"
"08/25/2010","112.580","112.480","112.720","112.515","","0.12%"
"08/24/2010","112.450","112.450","112.450","112.450","","0.00%"
"08/23/2010","112.450","112.350","112.500","112.325","","0.13%"
"08/20/2010","112.300","112.300","112.375","112.300","","-0.07%"
"08/19/2010","112.375","112.250","112.400","112.270","","-0.07%"
"08/18/2010","112.450","112.300","112.450","112.325","","0.04%"
"08/17/2010","112.400","112.400","112.460","112.350","","-0.04%"
"08/16/2010","112.450","112.300","112.450","112.300","","0.09%"
"08/13/2010","112.350","112.300","112.385","112.325","","0.02%"
"08/12/2010","112.325","112.300","112.400","112.300","","0.00%"
"08/11/2010","112.325","112.350","112.400","112.300","","-0.07%"
"08/10/2010","112.400","112.300","112.450","112.320","","0.09%"
"08/09/2010","112.300","112.200","112.350","112.200","","-0.04%"
"08/06/2010","112.350","112.300","112.410","112.325","","0.00%"
"08/05/2010","112.350","112.350","112.405","112.295","","0.00%"
"08/04/2010","112.350","112.300","112.415","112.325","","0.01%"
"08/03/2010","112.340","112.400","112.450","112.325","","-0.13%"
"08/02/2010","112.485","112.700","112.800","112.460","","-0.28%"
"07/30/2010","112.800","112.600","112.945","112.595","","0.20%"
"07/29/2010","112.570","112.580","112.625","112.515","","0.02%"
"07/28/2010","112.550","112.660","112.725","112.550","","-0.22%"
"07/27/2010","112.800","112.750","112.915","112.795","","-0.04%"
"07/26/2010","112.850","112.600","112.850","112.625","","0.10%"
"07/23/2010","112.740","112.650","112.800","112.690","","-0.02%"
"07/22/2010","112.760","112.780","112.850","112.740","","-0.01%"
"07/21/2010","112.775","112.760","112.835","112.700","","-0.07%"
"07/20/2010","112.850","112.700","112.850","112.740","","0.09%"
"07/19/2010","112.750","112.750","112.815","112.740","","0.00%"
"07/16/2010","112.750","112.700","112.805","112.725","","-0.13%"
"07/15/2010","112.900","112.850","112.915","112.835","","-0.09%"
"07/14/2010","113.000","112.980","113.050","112.960","","-0.09%"
"07/13/2010","113.100","113.170","113.315","113.060","","-0.07%"
"07/12/2010","113.175","113.370","113.425","113.160","","-0.24%"
"07/09/2010","113.450","113.350","113.460","113.395","","0.04%"
"07/08/2010","113.400","113.350","113.455","113.385","","0.00%"
"07/07/2010","113.400","113.400","113.450","113.380","","-0.02%"
"07/06/2010","113.425","113.330","113.480","113.165","","0.02%"
"07/05/2010","113.400","113.350","113.450","113.350","","0.01%"
"07/02/2010","113.385","113.380","113.425","113.360","","-0.09%"
"07/01/2010","113.485","113.500","113.605","113.435","","-0.08%"
"06/30/2010","113.575","113.550","113.615","113.450","","0.04%"
"06/29/2010","113.525","113.520","113.570","113.420","","-0.09%"
"06/28/2010","113.625","113.550","113.670","113.570","","-0.02%"
"06/25/2010","113.650","113.650","113.650","113.650","","0.00%"
"06/24/2010","113.650","113.520","113.835","113.550","","0.00%"
"06/23/2010","113.650","113.600","113.825","113.600","","0.04%"
"06/22/2010","113.600","113.500","113.650","113.475","","0.09%"
"06/21/2010","113.500","113.420","113.450","113.390","","-0.02%"
"06/18/2010","113.525","113.525","113.525","113.525","","0.00%"
"06/17/2010","113.525","113.420","113.500","113.425","","0.07%"
"06/16/2010","113.450","113.450","113.550","113.360","","-0.11%"
"06/15/2010","113.570","113.550","113.550","113.475","","0.00%"
"06/14/2010","113.570","113.500","113.600","113.525","","0.05%"
"06/11/2010","113.515","113.500","113.550","113.500","","-0.09%"
"06/10/2010","113.615","113.650","113.650","113.545","","0.01%"
"06/09/2010","113.600","113.600","113.650","113.550","","-0.09%"
"06/08/2010","113.700","113.600","113.750","113.580","","0.00%"
"06/07/2010","113.700","113.650","113.700","113.680","","0.09%"
"06/04/2010","113.600","113.720","113.750","113.600","","-0.09%"
"06/03/2010","113.700","113.500","113.700","113.525","","0.09%"
"06/02/2010","113.600","113.720","113.770","113.600","","-0.18%"
"06/01/2010","113.800","113.750","113.820","113.690","","0.00%"
"05/31/2010","113.800","113.850","113.850","113.785","","-0.13%"
"05/28/2010","113.950","113.950","113.950","113.950","","0.00%"
"05/27/2010","113.950","113.950","113.950","113.950","","0.00%"
"05/26/2010","113.950","113.750","113.950","113.770","","0.13%"
"05/25/2010","113.800","113.700","113.800","113.700","","0.00%"
"05/24/2010","113.800","113.780","113.850","113.740","","-0.03%"
"05/21/2010","113.830","113.700","113.800","113.735","","0.03%"
"05/20/2010","113.800","113.650","113.820","113.650","","0.09%"
"05/19/2010","113.700","113.720","113.760","113.675","","-0.04%"
"05/18/2010","113.750","113.750","113.750","113.725","","0.00%"
"05/17/2010","113.750","113.700","113.760","113.740","","0.04%"
"05/14/2010","113.700","113.650","113.780","113.640","","0.07%"
"05/13/2010","113.625","113.650","113.680","113.585","","-0.07%"
"05/12/2010","113.700","113.650","113.720","113.625","","0.00%"
"05/11/2010","113.700","113.700","113.700","113.610","","0.02%"
"05/10/2010","113.680","113.550","113.630","113.500","","-0.06%"
"05/07/2010","113.750","113.700","113.800","113.695","","0.07%"
"05/06/2010","113.670","113.620","113.700","113.640","","0.02%"
"05/05/2010","113.650","113.600","113.620","113.550","","0.08%"
"05/04/2010","113.560","113.650","113.650","113.525","","-0.12%"
"05/03/2010","113.700","113.850","113.900","113.630","","-0.22%"
"04/30/2010","113.950","113.900","113.910","113.900","","0.00%"
"04/29/2010","113.950","113.820","113.950","113.870","","0.09%"
"04/28/2010","113.850","113.850","113.850","113.850","","0.00%"
"04/27/2010","113.850","113.900","113.900","113.850","","-0.07%"
"04/26/2010","113.935","113.850","113.930","113.890","","0.04%"
"04/23/2010","113.890","113.880","113.930","113.880","","-0.01%"
"04/22/2010","113.900","113.850","113.880","113.775","","-0.03%"
"04/21/2010","113.930","113.920","113.950","113.765","","0.03%"
"04/20/2010","113.900","113.880","113.950","113.875","","-0.04%"
"04/19/2010","113.950","113.900","113.950","113.850","","-0.04%"
"04/16/2010","114.000","113.900","113.950","113.835","","0.15%"
"04/15/2010","113.825","113.720","113.950","113.750","","0.02%"
"04/14/2010","113.800","113.800","113.800","113.800","","0.00%"
"04/13/2010","113.800","113.800","113.800","113.800","","0.00%"
"04/12/2010","113.800","113.600","113.800","113.650","","-0.09%"
"04/09/2010","113.900","113.900","113.900","113.900","","0.00%"
"04/08/2010","113.900","113.750","113.850","113.750","","0.09%"
"04/07/2010","113.800","113.820","113.820","113.735","","-0.02%"
"04/06/2010","113.825","113.800","113.800","113.775","","0.02%"
"04/05/2010","113.800","113.750","113.800","113.775","","-0.04%"
"04/02/2010","113.850","113.850","113.850","113.850","","0.00%"
"04/01/2010","113.850","113.850","113.900","113.825","","-0.18%"
"03/31/2010","114.050","113.980","114.050","113.950","","0.00%"
"03/30/2010","114.050","114.050","114.050","113.970","","-0.07%"
"03/29/2010","114.130","114.130","114.130","114.130","","0.00%"
"03/26/2010","114.130","114.100","114.100","114.040","","0.00%"
"03/25/2010","114.130","114.050","114.100","114.040","","0.07%"
"03/24/2010","114.050","114.050","114.100","114.025","","0.00%"
"03/23/2010","114.050","113.980","114.020","114.000","","-0.07%"
"03/22/2010","114.125","114.100","114.200","114.110","","0.07%"
"03/19/2010","114.050","114.030","114.070","114.035","","0.00%"
"03/18/2010","114.050","114.050","114.050","113.950","","-0.06%"
"03/17/2010","114.115","113.950","114.180","113.975","","-0.03%"
"03/16/2010","114.150","114.150","114.150","114.050","","0.09%"
"03/15/2010","114.050","113.900","114.200","113.950","","0.06%"
"03/12/2010","113.980","114.000","114.000","113.905","","-0.02%"
"03/11/2010","114.000","113.950","114.000","113.985","","-0.09%"
"03/10/2010","114.100","114.050","114.100","114.030","","-0.02%"
"03/09/2010","114.125","114.190","114.190","114.075","","-0.07%"
"03/08/2010","114.200","114.100","114.200","114.135","","0.01%"
"03/05/2010","114.190","114.150","114.220","114.150","","-0.01%"
"03/04/2010","114.200","114.300","114.300","114.140","","-0.09%"
"03/03/2010","114.300","114.500","114.500","114.290","","-0.26%"
"03/02/2010","114.600","114.530","114.570","114.525","","0.00%"
"03/01/2010","114.600","114.500","114.600","114.550","","-0.02%"
"02/26/2010","114.625","114.600","114.700","114.550","","0.07%"
"02/25/2010","114.550","114.280","114.550","114.300","","0.24%"
"02/24/2010","114.275","114.300","114.300","114.235","","-0.02%"
"02/23/2010","114.300","114.250","114.270","114.250","","-0.07%"
"02/22/2010","114.375","114.350","114.380","114.285","","-0.02%"
"02/19/2010","114.400","114.400","114.480","114.350","","0.00%"
"02/18/2010","114.400","114.350","114.380","114.330","","0.09%"
"02/17/2010","114.300","114.250","114.430","114.250","","-0.11%"
"02/16/2010","114.425","114.380","114.430","114.385","","-0.02%"
"02/15/2010","114.450","114.520","114.520","114.385","","-0.22%"
"02/12/2010","114.700","114.630","114.650","114.500","","-0.04%"
"02/11/2010","114.750","114.700","114.700","114.620","","0.00%"
"02/10/2010","114.750","114.700","114.700","114.650","","0.00%"
"02/09/2010","114.750","114.700","114.750","114.700","","0.04%"
"02/08/2010","114.700","114.700","114.730","114.690","","0.00%"
"02/05/2010","114.700","114.650","114.700","114.650","","0.09%"
"02/04/2010","114.600","114.600","114.600","114.600","","0.00%"
"02/03/2010","114.600","114.600","114.640","114.600","","-0.07%"
"02/02/2010","114.685","114.650","114.690","114.650","","0.03%"
"02/01/2010","114.650","114.600","114.690","114.645","","0.00%"
"01/29/2010","114.650","114.650","114.650","114.650","","0.00%"
"01/28/2010","114.650","114.500","114.600","114.525","","0.11%"
"01/27/2010","114.525","114.525","114.525","114.525","","0.00%"
"01/26/2010","114.525","114.500","114.500","114.475","","0.11%"
"01/25/2010","114.400","114.300","114.450","114.340","","0.04%"
"01/22/2010","114.350","114.250","114.350","114.300","","-0.04%"
"01/21/2010","114.400","114.350","114.380","114.340","","0.02%"
"01/20/2010","114.375","114.350","114.350","114.235","","0.11%"
"01/19/2010","114.250","114.100","114.220","114.165","","0.00%"
"01/18/2010","114.250","114.250","114.250","114.185","","0.00%"
"01/15/2010","114.250","114.250","114.300","114.150","","-0.10%"
"01/14/2010","114.365","114.365","114.365","114.365","","0.00%"
"01/13/2010","114.365","114.250","114.350","114.300","","0.06%"
"01/12/2010","114.300","114.350","114.350","114.260","","-0.04%"
"01/11/2010","114.350","114.250","114.350","114.285","","-0.04%"
"01/08/2010","114.400","114.300","114.350","114.350","","0.08%"
"01/07/2010","114.310","114.300","114.330","114.300","","-0.01%"
"01/06/2010","114.325","114.300","114.330","114.225","","0.00%"
"01/05/2010","114.325","114.280","114.370","114.290","","-0.11%"
"01/04/2010","114.450","114.400","114.450","114.395","","0.04%"
"01/01/2010","114.400","114.300","114.400","114.270","","0.00%"