"Date","Price","Open","High","Low","Vol.","Change %"
"03/08/2019","178.550","178.475","178.700","178.200","0.04K","-0.06%"
"03/07/2019","178.650","178.375","178.675","178.150","0.05K","0.08%"
"03/06/2019","178.500","179.050","179.100","178.000","0.05K","-0.31%"
"03/05/2019","179.050","179.625","179.800","178.950","0.06K","-0.39%"
"03/04/2019","179.750","179.750","179.750","179.750","","0.00%"
"03/01/2019","179.750","180.100","180.100","179.475","0.05K","-0.15%"
"02/28/2019","180.025","180.000","180.575","179.875","0.05K","0.10%"
"02/27/2019","179.850","179.900","179.975","179.600","0.05K","0.00%"
"02/26/2019","179.850","179.700","179.950","179.675","0.04K","0.06%"
"02/25/2019","179.750","179.500","179.875","179.500","0.04K","0.15%"
"02/22/2019","179.475","179.550","179.675","179.300","0.05K","-0.01%"
"02/21/2019","179.500","179.750","179.800","179.425","0.05K","-0.11%"
"02/20/2019","179.700","180.000","180.000","179.350","0.05K","0.06%"
"02/19/2019","179.600","179.600","179.600","179.600","","0.00%"
"02/18/2019","179.600","178.700","180.020","178.600","0.05K","0.53%"
"02/15/2019","178.650","178.600","178.825","178.475","0.04K","0.06%"
"02/14/2019","178.550","178.600","178.800","178.450","0.03K","0.03%"
"02/13/2019","178.500","178.350","178.925","178.150","0.04K","0.11%"
"02/12/2019","178.300","177.825","178.375","177.775","0.03K","0.31%"
"02/11/2019","177.750","177.800","177.875","177.550","0.03K","0.00%"
"02/08/2019","177.750","177.700","178.250","177.500","0.04K","0.00%"
"02/07/2019","177.750","177.850","177.850","177.350","0.04K","0.08%"
"02/06/2019","177.600","178.250","178.600","177.375","0.05K","-0.36%"
"02/05/2019","178.250","177.150","178.400","177.000","0.04K","0.91%"
"02/04/2019","176.650","176.650","176.650","176.650","","0.00%"
"02/01/2019","176.650","178.400","178.425","176.400","0.05K","-0.98%"
"01/31/2019","178.400","179.450","179.450","178.300","0.04K","-0.56%"
"01/30/2019","179.400","180.950","181.000","178.700","0.07K","-0.80%"
"01/29/2019","180.850","181.600","181.850","180.750","0.04K","-0.40%"
"01/28/2019","181.575","181.600","181.700","181.450","0.03K","-0.04%"
"01/25/2019","181.650","181.800","181.875","181.325","0.04K","-0.06%"
"01/24/2019","181.750","182.300","182.350","181.525","0.04K","-0.25%"
"01/23/2019","182.200","182.025","182.400","181.950","0.03K","0.03%"
"01/22/2019","182.150","181.825","182.250","181.700","0.04K","0.19%"
"01/21/2019","181.800","181.525","181.950","181.500","0.04K","0.08%"
"01/18/2019","181.650","181.850","182.000","181.550","0.05K","0.03%"
"01/17/2019","181.600","182.400","182.475","181.600","0.04K","-0.41%"
"01/16/2019","182.350","182.500","182.525","182.125","0.03K","0.05%"
"01/15/2019","182.250","182.250","182.250","182.250","","0.00%"
"01/14/2019","182.250","181.950","182.350","181.950","0.04K","0.16%"
"01/11/2019","181.950","181.700","182.300","181.600","0.04K","-0.05%"
"01/10/2019","182.050","182.400","182.475","181.750","0.03K","-0.22%"
"01/09/2019","182.450","182.625","182.850","182.350","0.04K","-0.08%"
"01/08/2019","182.600","182.250","182.600","182.200","0.04K","0.19%"
"01/07/2019","182.250","182.750","182.875","182.175","0.04K","-0.27%"
"01/04/2019","182.750","183.050","183.050","182.575","0.04K","-0.08%"
"01/03/2019","182.900","182.800","183.075","182.700","0.04K","-0.03%"
"01/02/2019","182.950","182.650","183.050","182.600","0.03K","0.05%"
"01/01/2019","182.850","182.900","183.150","181.700","0.07K","-0.03%"
"12/31/2018","182.900","183.050","183.200","182.700","","-0.05%"
"12/28/2018","183.000","182.450","183.200","182.250","","0.36%"
"12/27/2018","182.350","181.750","182.375","181.650","","0.39%"
"12/26/2018","181.650","181.500","182.025","181.350","","0.06%"
"12/25/2018","181.550","181.550","181.550","181.550","","0.00%"
"12/24/2018","181.550","181.200","181.650","181.200","","0.19%"
"12/21/2018","181.200","180.900","181.400","180.900","","0.11%"
"12/20/2018","181.000","180.600","181.150","180.450","","0.36%"
"12/19/2018","180.350","180.025","180.650","180.025","","0.17%"
"12/18/2018","180.050","179.800","180.225","179.750","","0.08%"
"12/17/2018","179.900","180.000","180.050","179.600","","0.06%"
"12/14/2018","179.800","179.750","180.050","179.450","","0.03%"
"12/13/2018","179.750","179.700","179.825","179.350","","0.18%"
"12/12/2018","179.425","179.050","179.700","179.050","","0.07%"
"12/11/2018","179.300","179.150","179.350","178.950","","0.20%"
"12/10/2018","178.950","178.400","179.050","178.400","","0.22%"
"12/07/2018","178.550","179.250","179.250","178.425","","-0.39%"
"12/06/2018","179.250","179.200","179.450","179.000","","-0.06%"
"12/05/2018","179.350","179.000","179.375","178.950","","0.17%"
"12/04/2018","179.050","178.725","179.175","178.600","","0.11%"
"12/03/2018","178.850","179.050","179.200","178.500","","0.03%"
"11/30/2018","178.800","179.650","179.950","178.750","","-0.53%"
"11/29/2018","179.750","179.400","179.975","179.250","","0.06%"
"11/28/2018","179.650","180.350","180.900","179.100","","-0.39%"
"11/27/2018","180.350","180.150","180.750","179.900","","0.06%"
"11/26/2018","180.250","179.550","180.400","179.550","","0.36%"
"11/23/2018","179.600","178.900","180.075","178.250","","0.48%"
"11/22/2018","178.750","178.750","178.750","178.750","","0.00%"
"11/21/2018","178.750","177.475","178.750","177.250","","0.85%"
"11/20/2018","177.250","177.250","177.250","177.250","","0.00%"
"11/19/2018","177.250","176.550","177.400","176.525","","0.28%"
"11/16/2018","176.750","176.400","176.800","176.275","","0.11%"
"11/15/2018","176.550","176.500","176.850","175.800","","0.20%"
"11/14/2018","176.200","176.050","176.600","175.600","","0.06%"
"11/13/2018","176.100","175.650","176.300","175.550","","0.20%"
"11/12/2018","175.750","174.925","175.950","174.900","","0.37%"
"11/09/2018","175.100","174.900","175.475","174.900","","0.14%"
"11/08/2018","174.850","174.750","175.200","174.700","","0.06%"
"11/07/2018","174.750","174.450","175.075","174.250","","0.23%"
"11/06/2018","174.350","174.350","174.350","174.350","","0.00%"
"11/05/2018","174.350","174.000","174.650","174.000","","0.00%"
"11/02/2018","174.350","173.900","174.600","173.900","","0.06%"
"11/01/2018","174.250","175.250","175.800","173.500","","-0.77%"
"10/31/2018","175.600","174.450","175.800","174.425","","0.66%"
"10/30/2018","174.450","174.000","174.750","173.650","","0.29%"
"10/29/2018","173.950","173.100","174.200","173.100","","0.61%"
"10/26/2018","172.900","172.900","173.125","172.650","","0.09%"
"10/25/2018","172.750","172.700","173.000","172.300","","0.06%"
"10/24/2018","172.650","172.650","172.650","172.650","","0.00%"
"10/23/2018","172.650","172.650","173.000","172.250","","0.03%"
"10/22/2018","172.600","171.600","172.600","171.600","","0.48%"
"10/19/2018","171.775","171.150","171.800","171.150","","0.28%"
"10/18/2018","171.300","171.050","171.475","170.900","","0.15%"
"10/17/2018","171.050","170.950","171.150","170.750","","0.12%"
"10/16/2018","170.850","170.800","171.200","170.550","","0.29%"
"10/15/2018","170.350","169.700","170.600","169.500","","0.35%"
"10/12/2018","169.750","171.350","171.450","169.450","","-0.90%"
"10/11/2018","171.300","171.250","171.500","171.050","","0.03%"
"10/10/2018","171.250","171.150","171.750","170.900","","0.12%"
"10/09/2018","171.050","170.600","171.100","170.500","","0.23%"
"10/08/2018","170.650","170.450","170.825","170.075","","0.21%"
"10/05/2018","170.300","170.025","170.500","169.950","","0.16%"
"10/04/2018","170.025","169.800","170.150","169.700","","0.10%"
"10/03/2018","169.850","169.250","169.900","169.250","","0.31%"
"10/02/2018","169.325","169.050","169.400","169.000","","0.13%"
"10/01/2018","169.100","169.250","169.350","169.000","","-0.03%"
"09/28/2018","169.150","169.200","169.400","169.100","","-0.06%"
"09/27/2018","169.250","168.950","169.400","168.825","","0.18%"
"09/26/2018","168.950","168.950","169.200","168.650","","0.12%"
"09/25/2018","168.750","168.650","168.950","168.250","","0.04%"
"09/24/2018","168.675","168.675","168.675","168.675","","0.00%"
"09/21/2018","168.675","168.950","168.950","167.975","","-0.07%"
"09/20/2018","168.800","167.050","168.900","166.900","","1.00%"
"09/19/2018","167.125","166.050","167.200","165.700","","0.77%"
"09/18/2018","165.850","165.100","165.925","165.050","","0.58%"
"09/17/2018","164.900","163.750","165.100","163.750","","0.67%"
"09/14/2018","163.800","162.950","163.800","162.850","","0.58%"
"09/13/2018","162.850","162.500","162.900","162.400","","0.22%"
"09/12/2018","162.500","162.350","162.750","162.275","","0.12%"
"09/11/2018","162.300","162.425","162.435","162.150","","-0.06%"
"09/10/2018","162.400","161.950","162.400","161.900","","0.22%"
"09/07/2018","162.050","161.600","162.075","161.350","","0.28%"
"09/06/2018","161.600","162.250","162.650","161.200","","-0.37%"
"09/05/2018","162.200","161.950","162.300","161.900","","0.19%"
"09/04/2018","161.900","161.600","161.975","161.550","","0.19%"
"09/03/2018","161.600","161.525","161.650","161.400","","0.06%"
"08/31/2018","161.500","161.450","161.575","161.400","","0.03%"
"08/30/2018","161.450","161.500","161.600","161.410","","0.03%"
"08/29/2018","161.400","161.150","161.500","161.100","","0.09%"
"08/28/2018","161.250","161.125","161.400","161.000","","0.09%"
"08/27/2018","161.100","161.000","161.150","160.800","","0.06%"
"08/24/2018","161.000","160.700","161.050","160.700","","0.19%"
"08/23/2018","160.700","160.600","160.875","160.575","","0.06%"
"08/22/2018","160.600","160.600","160.600","160.600","","0.00%"
"08/21/2018","160.600","160.550","160.675","160.475","","0.06%"
"08/20/2018","160.500","160.525","160.650","160.400","","0.03%"
"08/17/2018","160.450","160.500","160.575","160.425","","-0.03%"
"08/16/2018","160.500","160.150","160.550","160.150","","0.22%"
"08/15/2018","160.150","160.150","160.275","160.075","","0.00%"
"08/14/2018","160.150","160.050","160.200","160.000","","0.09%"
"08/13/2018","160.000","160.000","160.225","159.900","","0.03%"
"08/10/2018","159.950","160.000","160.150","159.900","","0.00%"
"08/09/2018","159.950","159.850","160.125","159.800","","0.06%"
"08/08/2018","159.850","159.750","159.950","159.700","","0.06%"
"08/07/2018","159.750","159.700","159.900","159.675","","0.00%"
"08/06/2018","159.750","159.700","159.925","159.650","","-0.03%"
"08/03/2018","159.800","159.650","159.900","159.625","","0.06%"
"08/02/2018","159.700","159.650","159.800","159.525","","0.13%"
"08/01/2018","159.500","159.625","159.750","159.500","","-0.09%"
"07/31/2018","159.650","159.700","159.825","159.600","","0.00%"
"07/30/2018","159.650","159.550","159.900","159.550","","0.03%"
"07/27/2018","159.600","159.600","159.600","159.600","","0.00%"
"07/26/2018","159.600","159.500","159.650","159.400","","0.03%"
"07/25/2018","159.550","159.500","159.600","159.400","","0.08%"
"07/24/2018","159.425","159.500","159.600","159.425","","-0.05%"
"07/23/2018","159.500","159.900","159.950","159.400","","-0.28%"
"07/20/2018","159.950","159.950","160.150","159.825","","0.00%"
"07/19/2018","159.950","159.900","160.100","159.725","","0.03%"
"07/18/2018","159.900","159.900","160.150","159.750","","0.00%"
"07/17/2018","159.900","159.750","159.950","159.650","","0.06%"
"07/16/2018","159.800","159.450","159.925","159.400","","0.16%"
"07/13/2018","159.550","159.300","159.600","159.300","","0.09%"
"07/12/2018","159.400","159.300","159.500","159.225","","0.03%"
"07/11/2018","159.350","159.275","159.425","159.175","","0.05%"
"07/10/2018","159.275","159.300","159.375","159.075","","-0.02%"
"07/09/2018","159.300","159.000","159.325","158.850","","0.06%"
"07/06/2018","159.200","158.750","159.325","158.675","","0.16%"
"07/05/2018","158.950","158.550","159.125","158.500","","0.16%"
"07/04/2018","158.700","158.350","158.775","158.350","","0.19%"
"07/03/2018","158.400","158.325","158.600","158.225","","0.00%"
"07/02/2018","158.400","158.250","158.550","158.250","","0.06%"
"06/29/2018","158.300","158.300","158.500","158.125","","0.00%"
"06/28/2018","158.300","158.250","158.375","157.950","","-0.03%"
"06/27/2018","158.350","158.350","158.350","158.350","","0.00%"
"06/26/2018","158.350","158.700","158.875","158.250","","-0.35%"
"06/25/2018","158.900","158.900","158.950","158.575","","-0.06%"
"06/22/2018","159.000","159.450","159.650","158.575","","-0.31%"
"06/21/2018","159.500","159.850","160.000","159.400","","-0.25%"
"06/20/2018","159.900","160.000","160.300","159.725","","-0.06%"
"06/19/2018","160.000","159.850","160.100","159.600","","0.06%"
"06/18/2018","159.900","159.700","159.950","159.500","","0.16%"
"06/15/2018","159.650","159.650","159.650","159.650","","0.00%"
"06/14/2018","159.650","159.500","160.250","159.350","","-0.03%"
"06/13/2018","159.700","159.375","159.900","159.250","","0.13%"
"06/12/2018","159.500","159.100","159.850","159.100","","0.19%"
"06/11/2018","159.200","158.900","159.325","158.850","","0.09%"
"06/08/2018","159.050","158.900","159.075","158.775","","0.09%"
"06/07/2018","158.900","158.700","159.000","158.650","","0.13%"
"06/06/2018","158.700","158.350","158.750","158.350","","0.16%"
"06/05/2018","158.450","158.500","158.700","158.350","","-0.05%"
"06/04/2018","158.525","158.600","158.650","158.250","","-0.08%"
"06/01/2018","158.650","158.350","158.725","158.175","","0.25%"
"05/31/2018","158.250","158.250","158.400","157.950","","0.09%"
"05/30/2018","158.100","157.975","158.200","157.950","","0.09%"
"05/29/2018","157.950","157.950","157.950","157.950","","0.00%"
"05/28/2018","157.950","158.050","158.100","157.900","","-0.06%"
"05/25/2018","158.050","158.000","158.150","157.950","","0.03%"
"05/24/2018","158.000","157.950","158.150","157.850","","0.10%"
"05/23/2018","157.850","157.900","158.100","157.800","","-0.03%"
"05/22/2018","157.900","157.925","158.100","157.825","","0.06%"
"05/21/2018","157.800","157.850","157.950","157.750","","0.03%"
"05/18/2018","157.750","157.850","158.050","157.700","","-0.03%"
"05/17/2018","157.800","158.200","158.325","157.800","","-0.22%"
"05/16/2018","158.150","158.100","158.700","157.950","","0.03%"
"05/15/2018","158.100","157.950","158.275","157.900","","0.05%"
"05/14/2018","158.025","157.900","158.100","157.800","","0.14%"
"05/11/2018","157.800","157.900","158.050","157.775","","0.00%"
"05/10/2018","157.800","157.800","158.050","157.800","","-0.13%"
"05/09/2018","158.000","157.800","158.050","157.550","","0.25%"
"05/08/2018","157.600","157.550","157.825","157.450","","0.04%"
"05/07/2018","157.530","157.530","157.530","157.530","","0.00%"
"05/04/2018","157.530","157.800","158.000","157.515","","-0.09%"
"05/03/2018","157.675","157.850","158.000","157.625","","0.06%"
"05/02/2018","157.575","157.650","158.000","157.525","","-0.08%"
"05/01/2018","157.700","157.750","157.900","157.650","","0.00%"
"04/30/2018","157.700","157.700","157.700","157.700","","0.00%"
"04/27/2018","157.700","157.600","157.800","157.025","","0.06%"
"04/26/2018","157.600","157.650","157.800","157.375","","-0.06%"
"04/25/2018","157.700","157.150","157.850","157.150","","0.48%"
"04/24/2018","156.950","156.800","157.375","156.750","","0.08%"
"04/23/2018","156.825","156.300","157.000","156.300","","0.30%"
"04/20/2018","156.350","156.225","156.450","156.225","","0.13%"
"04/19/2018","156.150","156.425","156.425","156.000","","-0.16%"
"04/18/2018","156.400","156.400","156.575","156.300","","0.03%"
"04/17/2018","156.350","156.050","156.475","155.950","","0.24%"
"04/16/2018","155.975","155.650","156.050","155.650","","0.19%"
"04/13/2018","155.675","155.675","155.675","155.675","","0.00%"
"04/12/2018","155.675","155.600","155.825","155.575","","-0.02%"
"04/11/2018","155.700","155.650","155.850","155.550","","0.10%"
"04/10/2018","155.550","155.450","155.625","155.425","","0.00%"
"04/09/2018","155.550","155.350","155.665","155.300","","0.03%"
"04/06/2018","155.500","155.650","155.650","155.350","","0.00%"
"04/05/2018","155.500","155.950","155.950","155.250","","-0.29%"
"04/04/2018","155.950","155.700","156.175","155.650","","0.10%"
"04/03/2018","155.800","155.150","155.850","155.100","","0.37%"
"04/02/2018","155.225","155.600","155.700","155.050","","-0.31%"
"03/30/2018","155.700","155.700","155.700","155.700","","0.00%"
"03/29/2018","155.700","155.625","156.075","155.600","","0.02%"
"03/28/2018","155.675","156.100","156.125","155.650","","-0.26%"
"03/27/2018","156.075","156.100","156.150","156.000","","0.00%"
"03/26/2018","156.075","156.100","156.175","156.025","","-0.05%"
"03/23/2018","156.150","156.025","156.175","156.000","","0.01%"
"03/22/2018","156.135","156.100","156.175","155.825","","0.05%"
"03/21/2018","156.050","156.100","156.135","155.875","","-0.03%"
"03/20/2018","156.100","156.125","156.185","156.050","","0.00%"
"03/19/2018","156.100","156.050","156.275","155.975","","0.05%"
"03/16/2018","156.025","156.050","156.200","155.950","","-0.02%"
"03/15/2018","156.050","155.800","156.075","155.775","","0.13%"
"03/14/2018","155.850","155.750","155.900","155.600","","0.06%"
"03/13/2018","155.750","155.650","155.850","155.600","","0.06%"
"03/12/2018","155.650","155.500","155.715","155.475","","0.10%"
"03/09/2018","155.500","155.400","155.550","155.325","","0.05%"
"03/08/2018","155.425","155.400","155.650","155.250","","0.03%"
"03/07/2018","155.375","155.100","155.375","155.075","","0.19%"
"03/06/2018","155.075","155.050","155.175","154.950","","0.08%"
"03/05/2018","154.950","155.150","155.250","154.950","","-0.18%"
"03/02/2018","155.225","155.100","155.285","155.050","","0.11%"
"03/01/2018","155.050","155.050","155.050","155.050","","0.00%"
"02/28/2018","155.050","154.875","155.100","154.875","","0.11%"
"02/27/2018","154.875","154.900","154.975","154.800","","-0.02%"
"02/26/2018","154.900","155.150","155.325","154.775","","-0.18%"
"02/23/2018","155.175","155.230","155.315","155.150","","-0.02%"
"02/22/2018","155.200","155.200","155.275","155.100","","-0.02%"
"02/21/2018","155.225","155.450","155.550","155.200","","-0.18%"
"02/20/2018","155.500","155.450","155.525","155.300","","0.00%"
"02/19/2018","155.500","155.175","155.500","155.150","","0.18%"
"02/16/2018","155.225","155.125","155.225","154.950","","0.19%"
"02/15/2018","154.925","155.400","155.650","154.900","","-0.43%"
"02/14/2018","155.600","154.950","155.950","154.950","","0.42%"
"02/13/2018","154.950","154.950","154.950","154.950","","0.00%"
"02/12/2018","154.950","154.300","155.025","154.300","","0.39%"
"02/09/2018","154.350","154.350","154.375","154.215","","0.00%"
"02/08/2018","154.350","154.550","154.675","154.350","","-0.15%"
"02/07/2018","154.575","154.600","154.700","154.525","","-0.08%"
"02/06/2018","154.700","154.350","154.700","154.200","","0.29%"
"02/05/2018","154.250","154.250","154.250","154.250","","0.00%"
"02/02/2018","154.250","154.200","154.250","154.100","","0.08%"
"02/01/2018","154.125","153.950","154.235","153.900","","0.10%"
"01/31/2018","153.975","153.975","153.975","153.975","","0.00%"
"01/30/2018","153.975","153.750","154.050","153.750","","0.16%"
"01/29/2018","153.725","153.700","153.890","153.675","","0.02%"
"01/26/2018","153.700","153.750","153.825","153.650","","-0.03%"
"01/25/2018","153.750","153.750","153.875","153.675","","0.00%"
"01/24/2018","153.750","154.125","154.150","153.750","","-0.26%"
"01/23/2018","154.150","154.050","154.250","154.000","","0.06%"
"01/22/2018","154.050","153.950","154.125","153.850","","0.10%"
"01/19/2018","153.900","153.875","153.950","153.775","","0.02%"
"01/18/2018","153.875","153.950","153.950","153.750","","-0.05%"
"01/17/2018","153.950","153.925","154.000","153.775","","0.02%"
"01/16/2018","153.925","153.950","154.000","153.825","","-0.02%"
"01/15/2018","153.950","153.950","153.950","153.950","","0.00%"
"01/12/2018","153.950","153.700","153.950","153.700","","0.13%"
"01/11/2018","153.750","153.800","153.850","153.675","","-0.03%"
"01/10/2018","153.800","153.800","153.875","153.700","","0.00%"
"01/09/2018","153.800","153.800","153.925","153.700","","0.02%"
"01/08/2018","153.775","153.600","153.825","153.575","","0.16%"
"01/05/2018","153.525","153.600","153.650","153.375","","-0.08%"
"01/04/2018","153.650","153.750","153.800","153.525","","-0.03%"
"01/03/2018","153.700","153.600","153.825","153.600","","0.10%"
"01/02/2018","153.550","153.550","153.750","153.325","","0.03%"
"01/01/2018","153.500","153.500","153.500","153.500","","0.00%"
"12/29/2017","153.500","153.500","153.700","152.950","","0.07%"
"12/28/2017","153.400","152.525","153.500","152.475","","0.64%"
"12/27/2017","152.425","152.675","152.800","152.425","","-0.18%"
"12/26/2017","152.700","152.900","152.925","152.675","","-0.16%"
"12/25/2017","152.950","152.950","152.950","152.950","","0.00%"
"12/22/2017","152.950","152.950","153.100","152.850","","0.02%"
"12/21/2017","152.925","153.025","153.025","152.800","","-0.11%"
"12/20/2017","153.100","153.150","153.175","153.025","","-0.02%"
"12/19/2017","153.125","153.150","153.225","153.075","","-0.03%"
"12/18/2017","153.175","153.150","153.240","153.075","","0.02%"
"12/15/2017","153.150","153.150","153.325","153.100","","-0.03%"
"12/14/2017","153.200","153.300","153.425","153.175","","0.00%"
"12/13/2017","153.200","153.075","153.250","153.075","","0.06%"
"12/12/2017","153.110","153.100","153.160","153.025","","0.01%"
"12/11/2017","153.100","153.100","153.150","152.950","","-0.07%"
"12/08/2017","153.200","153.350","153.375","153.100","","-0.13%"
"12/07/2017","153.400","153.350","153.475","153.300","","0.05%"
"12/06/2017","153.325","153.350","153.375","153.275","","-0.02%"
"12/05/2017","153.350","153.500","153.575","153.300","","-0.13%"
"12/04/2017","153.550","153.600","153.700","153.550","","-0.03%"
"12/01/2017","153.600","153.600","153.600","153.600","","0.00%"
"11/30/2017","153.600","153.750","153.800","153.525","","-0.11%"
"11/29/2017","153.775","153.775","153.850","153.725","","-0.02%"
"11/28/2017","153.800","153.650","153.800","153.575","","0.13%"
"11/27/2017","153.600","153.750","153.800","153.600","","-0.10%"
"11/24/2017","153.750","153.700","153.825","153.665","","0.02%"
"11/23/2017","153.725","153.750","153.750","153.625","","-0.02%"
"11/22/2017","153.750","153.775","153.850","153.700","","-0.02%"
"11/21/2017","153.780","153.825","153.900","153.740","","0.02%"
"11/20/2017","153.750","153.650","153.825","153.650","","0.07%"
"11/17/2017","153.650","153.650","153.800","153.575","","0.00%"
"11/16/2017","153.650","153.850","153.900","153.650","","-0.10%"
"11/15/2017","153.800","153.700","153.850","153.625","","0.13%"
"11/14/2017","153.600","153.600","153.650","153.550","","-0.03%"
"11/13/2017","153.650","153.575","153.675","153.550","","0.03%"
"11/10/2017","153.600","153.625","153.700","153.550","","0.00%"
"11/09/2017","153.600","153.300","153.625","153.300","","0.15%"
"11/08/2017","153.375","153.400","153.425","153.150","","-0.03%"
"11/07/2017","153.425","153.600","153.600","153.325","","-0.11%"
"11/06/2017","153.600","153.700","153.700","153.500","","0.00%"
"11/03/2017","153.600","153.600","153.600","153.600","","0.00%"
"11/02/2017","153.600","153.700","153.700","153.575","","-0.07%"
"11/01/2017","153.700","153.650","153.750","153.625","","0.05%"
"10/31/2017","153.625","153.600","153.650","153.575","","0.02%"
"10/30/2017","153.600","153.550","153.700","153.525","","0.03%"
"10/27/2017","153.550","153.550","153.675","153.475","","-0.03%"
"10/26/2017","153.600","153.765","153.900","153.550","","-0.16%"
"10/25/2017","153.850","153.900","153.925","153.750","","0.03%"
"10/24/2017","153.800","153.765","153.925","153.725","","0.07%"
"10/23/2017","153.700","153.700","153.775","153.600","","0.00%"
"10/20/2017","153.700","153.700","153.700","153.600","","0.03%"
"10/19/2017","153.650","153.650","153.725","153.625","","0.02%"
"10/18/2017","153.625","153.625","153.625","153.625","","0.00%"
"10/17/2017","153.625","153.600","153.675","153.500","","0.02%"
"10/16/2017","153.600","153.700","153.750","153.600","","-0.10%"
"10/13/2017","153.750","153.775","153.800","153.650","","0.02%"
"10/12/2017","153.725","153.600","153.750","153.450","","0.16%"
"10/11/2017","153.475","153.425","153.550","153.375","","0.02%"
"10/10/2017","153.450","153.325","153.450","153.275","","0.07%"
"10/09/2017","153.350","153.250","153.350","153.250","","0.03%"
"10/06/2017","153.300","153.300","153.350","153.175","","0.00%"
"10/05/2017","153.300","153.300","153.300","153.300","","0.00%"
"10/04/2017","153.300","153.300","153.420","153.200","","0.03%"
"10/03/2017","153.250","153.150","153.300","153.125","","0.10%"
"10/02/2017","153.100","153.075","153.175","153.050","","0.01%"
"09/29/2017","153.080","153.075","153.200","153.065","","-0.03%"
"09/28/2017","153.125","153.050","153.225","153.050","","0.02%"
"09/27/2017","153.100","153.000","153.200","153.000","","0.07%"
"09/26/2017","153.000","153.000","153.050","152.950","","0.00%"
"09/25/2017","153.000","152.825","153.075","152.775","","0.16%"
"09/22/2017","152.750","152.800","152.875","152.600","","-0.02%"
"09/21/2017","152.775","152.825","152.925","152.700","","0.07%"
"09/20/2017","152.675","153.200","153.250","152.675","","-0.29%"
"09/19/2017","153.125","153.075","153.275","152.975","","0.08%"
"09/18/2017","153.000","152.875","153.150","152.850","","0.07%"
"09/15/2017","152.900","152.975","153.025","152.875","","0.00%"
"09/14/2017","152.900","152.975","153.200","152.875","","-0.08%"
"09/13/2017","153.025","152.850","153.040","152.800","","0.11%"
"09/12/2017","152.850","152.775","152.925","152.725","","0.03%"
"09/11/2017","152.800","152.750","152.875","152.675","","0.02%"
"09/08/2017","152.775","152.750","152.830","152.650","","0.05%"
"09/07/2017","152.700","152.675","152.775","152.500","","0.02%"
"09/06/2017","152.675","152.425","152.750","152.425","","0.16%"
"09/05/2017","152.425","152.425","152.425","152.425","","0.00%"
"09/04/2017","152.425","152.675","152.800","152.275","","-0.23%"
"09/01/2017","152.775","152.775","152.775","152.775","","0.00%"
"08/31/2017","152.775","152.850","152.875","152.725","","-0.03%"
"08/30/2017","152.825","152.800","152.925","152.775","","-0.02%"
"08/29/2017","152.850","152.925","152.975","152.750","","-0.07%"
"08/28/2017","152.950","152.975","153.025","152.890","","-0.03%"
"08/25/2017","153.000","153.000","153.025","152.930","","0.00%"
"08/24/2017","153.000","152.975","153.025","152.850","","0.02%"
"08/23/2017","152.975","153.050","153.050","152.825","","-0.02%"
"08/22/2017","153.000","153.200","153.325","153.000","","-0.10%"
"08/21/2017","153.150","153.350","153.400","153.125","","-0.10%"
"08/18/2017","153.300","153.250","153.425","153.225","","0.00%"
"08/17/2017","153.300","153.250","153.450","153.150","","0.05%"
"08/16/2017","153.225","153.200","153.275","153.150","","0.00%"
"08/15/2017","153.225","153.100","153.350","153.075","","0.05%"
"08/14/2017","153.150","153.075","153.175","153.050","","0.07%"
"08/11/2017","153.050","153.150","153.225","152.975","","-0.16%"
"08/10/2017","153.300","153.225","153.300","153.150","","0.03%"
"08/09/2017","153.250","153.250","153.325","153.150","","-0.03%"
"08/08/2017","153.300","153.375","153.450","153.225","","-0.04%"
"08/07/2017","153.360","153.425","153.435","153.350","","-0.04%"
"08/04/2017","153.425","153.375","153.500","153.325","","0.10%"
"08/03/2017","153.265","153.395","153.590","153.175","","-0.13%"
"08/02/2017","153.460","153.500","153.575","153.400","","0.13%"
"08/01/2017","153.255","153.525","153.650","153.225","","-0.19%"
"07/31/2017","153.550","153.750","153.775","153.525","","-0.03%"
"07/28/2017","153.595","153.650","153.825","153.550","","-0.03%"
"07/27/2017","153.635","153.650","153.770","153.575","","0.14%"
"07/26/2017","153.420","153.550","153.650","153.375","","0.00%"
"07/25/2017","153.420","153.575","153.650","153.350","","0.04%"
"07/24/2017","153.355","153.700","153.775","153.275","","-0.19%"
"07/21/2017","153.650","153.700","153.800","153.600","","0.08%"
"07/20/2017","153.520","153.700","153.800","153.500","","-0.05%"
"07/19/2017","153.595","153.775","153.875","153.500","","0.04%"
"07/18/2017","153.530","153.595","153.825","153.475","","-0.08%"
"07/17/2017","153.660","153.650","153.800","153.625","","0.07%"
"07/14/2017","153.545","153.570","153.780","153.495","","-0.05%"
"07/13/2017","153.625","153.700","153.800","153.525","","0.02%"
"07/12/2017","153.595","153.750","153.785","153.525","","0.02%"
"07/11/2017","153.570","153.750","153.800","153.500","","0.04%"
"07/10/2017","153.505","153.650","153.780","153.400","","-0.01%"
"07/07/2017","153.520","153.600","153.725","153.425","","0.07%"
"07/06/2017","153.420","153.700","153.750","153.375","","0.00%"
"07/05/2017","153.420","153.675","153.800","153.400","","-0.15%"
"07/04/2017","153.650","153.600","153.725","153.375","","0.07%"
"07/03/2017","153.550","153.550","153.625","153.375","","0.13%"
"06/30/2017","153.355","153.600","153.655","153.250","","-0.05%"
"06/29/2017","153.435","153.400","153.600","153.210","","0.14%"
"06/28/2017","153.220","153.350","153.450","153.150","","0.09%"
"06/27/2017","153.075","153.250","153.530","152.910","","-0.01%"
"06/26/2017","153.095","153.205","153.390","152.935","","-0.08%"
"06/23/2017","153.210","153.225","153.490","152.890","","0.06%"
"06/22/2017","153.115","153.250","153.610","152.860","","-0.02%"
"06/21/2017","153.140","153.150","153.570","152.890","","0.01%"
"06/20/2017","153.130","153.050","153.495","152.750","","0.22%"
"06/19/2017","152.800","152.815","153.360","152.540","","-0.01%"
"06/16/2017","152.820","152.875","153.180","152.475","","-0.06%"
"06/15/2017","152.910","152.800","153.170","152.440","","0.12%"
"06/14/2017","152.720","152.775","152.995","152.375","","0.11%"
"06/13/2017","152.550","152.750","152.950","152.250","","0.26%"
"06/12/2017","152.160","152.825","153.000","152.110","","-0.17%"
"06/09/2017","152.415","152.825","152.925","152.030","","0.28%"
"06/08/2017","151.985","152.245","152.285","151.945","","-0.13%"
"06/07/2017","152.180","152.700","152.900","152.055","","-0.34%"
"06/06/2017","152.700","152.600","153.175","152.400","","0.17%"
"06/05/2017","152.440","152.825","152.925","152.225","","0.10%"
"06/02/2017","152.290","152.750","152.990","152.000","","-0.09%"
"06/01/2017","152.420","152.605","152.975","152.175","","-0.16%"
"05/31/2017","152.670","152.825","153.000","152.400","","0.03%"
"05/30/2017","152.630","152.800","152.975","152.400","","-0.11%"
"05/29/2017","152.800","152.875","153.015","152.425","","0.28%"
"05/26/2017","152.380","152.775","153.065","152.065","","-0.04%"
"05/25/2017","152.445","152.825","153.030","152.115","","-0.09%"
"05/24/2017","152.575","152.850","153.015","152.265","","-0.04%"
"05/23/2017","152.640","152.450","153.025","152.365","","-0.09%"
"05/22/2017","152.770","152.800","153.000","152.065","","0.29%"
"05/19/2017","152.335","152.700","153.000","151.990","","-0.13%"
"05/18/2017","152.530","152.650","152.850","152.265","","-0.11%"
"05/17/2017","152.700","152.700","152.825","152.350","","0.16%"
"05/16/2017","152.455","152.575","152.880","152.050","","-0.10%"
"05/15/2017","152.600","152.700","152.750","152.350","","0.00%"
"05/12/2017","152.600","152.650","152.800","152.250","","0.01%"
"05/11/2017","152.585","152.585","152.585","152.585","","0.00%"
"05/10/2017","152.585","152.585","152.585","152.585","","0.00%"
"05/09/2017","152.585","152.600","152.860","152.150","","0.04%"
"05/08/2017","152.530","152.275","152.930","152.065","","0.02%"
"05/05/2017","152.500","152.500","152.815","152.055","","0.00%"
"05/04/2017","152.500","152.075","152.765","152.000","","0.10%"
"05/03/2017","152.355","152.000","152.715","151.855","","0.24%"
"05/02/2017","151.995","152.500","152.565","151.800","","-0.29%"
"05/01/2017","152.435","152.435","152.435","152.435","","0.00%"
"04/28/2017","152.435","151.900","152.535","151.850","","0.07%"
"04/27/2017","152.330","152.050","152.500","151.825","","0.09%"
"04/26/2017","152.200","152.325","152.600","151.850","","0.18%"
"04/25/2017","151.925","152.250","152.775","151.825","","-0.24%"
"04/24/2017","152.285","152.450","152.750","151.775","","-0.11%"
"04/21/2017","152.450","152.265","152.825","151.775","","0.12%"
"04/20/2017","152.260","152.500","152.850","151.780","","0.00%"
"04/19/2017","152.255","152.200","152.475","151.740","","0.18%"
"04/18/2017","151.985","152.300","152.450","151.690","","0.06%"
"04/17/2017","151.895","152.150","152.500","151.525","","-0.11%"
"04/14/2017","152.055","152.120","152.130","152.045","","-0.04%"
"04/13/2017","152.120","152.110","152.120","152.110","","-0.04%"
"04/12/2017","152.175","152.200","152.690","151.625","","-0.06%"
"04/11/2017","152.265","151.925","152.565","151.550","","0.39%"
"04/10/2017","151.680","151.670","151.680","151.670","","-0.04%"
"04/07/2017","151.735","152.100","152.175","151.485","","-0.01%"
"04/06/2017","151.750","151.950","152.000","151.520","","-0.02%"
"04/05/2017","151.775","151.800","151.925","151.575","","-0.05%"
"04/04/2017","151.850","151.825","152.005","151.570","","-0.06%"
"04/03/2017","151.945","152.100","152.225","151.625","","-0.12%"
"03/31/2017","152.135","152.300","152.365","151.650","","0.01%"
"03/30/2017","152.120","152.025","152.255","151.650","","0.01%"
"03/29/2017","152.105","152.075","152.275","151.650","","0.09%"
"03/28/2017","151.970","152.125","152.175","151.625","","0.06%"
"03/27/2017","151.885","152.000","152.200","151.600","","0.09%"
"03/24/2017","151.750","152.000","152.225","151.500","","-0.10%"
"03/23/2017","151.895","152.000","152.175","151.525","","0.09%"
"03/22/2017","151.755","152.025","152.080","151.425","","0.00%"
"03/21/2017","151.750","151.750","152.050","151.500","","-0.18%"
"03/20/2017","152.025","152.250","152.450","151.400","","-0.20%"
"03/17/2017","152.325","152.300","152.450","151.300","","0.15%"
"03/16/2017","152.100","152.250","152.525","151.300","","0.04%"
"03/15/2017","152.035","151.950","152.110","151.300","","0.12%"
"03/14/2017","151.850","151.700","151.850","151.275","","0.23%"
"03/13/2017","151.495","151.500","151.790","151.275","","0.02%"
"03/10/2017","151.460","151.525","151.625","151.125","","-0.01%"
"03/09/2017","151.475","151.000","151.700","151.000","","0.12%"
"03/08/2017","151.290","151.250","151.600","150.975","","-0.08%"
"03/07/2017","151.410","151.250","152.370","151.125","","-0.63%"
"03/06/2017","152.370","151.200","152.445","151.125","","-0.04%"
"03/03/2017","152.435","151.450","152.435","151.175","","0.00%"
"03/02/2017","152.435","151.300","152.435","151.125","","0.00%"
"03/01/2017","152.435","151.400","152.435","151.115","","0.00%"
"02/28/2017","152.440","152.435","152.680","151.115","","0.31%"
"02/27/2017","151.975","151.950","152.500","151.175","","-0.30%"
"02/24/2017","152.435","152.435","152.435","152.435","","0.00%"
"02/23/2017","152.435","152.500","152.635","151.200","","0.00%"
"02/22/2017","152.435","150.975","152.510","150.935","","0.92%"
"02/21/2017","151.040","151.750","151.875","151.010","","-0.06%"
"02/20/2017","151.130","151.075","151.540","150.725","","0.06%"
"02/17/2017","151.040","150.825","151.365","150.520","","0.23%"
"02/16/2017","150.700","150.625","150.875","150.575","","0.07%"
"02/15/2017","150.600","150.500","150.850","150.475","","0.03%"
"02/14/2017","150.550","150.550","150.850","150.420","","-0.02%"
"02/13/2017","150.575","150.600","150.875","150.500","","-0.06%"
"02/10/2017","150.660","150.650","150.660","150.650","","-0.04%"
"02/09/2017","150.715","150.700","150.890","150.550","","0.01%"
"02/08/2017","150.695","150.750","150.900","150.525","","0.03%"
"02/07/2017","150.645","150.650","150.900","150.525","","0.05%"
"02/06/2017","150.575","150.475","150.800","150.375","","0.08%"
"02/03/2017","150.450","150.500","150.650","150.350","","-0.03%"
"02/02/2017","150.500","150.550","150.700","150.350","","-0.07%"
"02/01/2017","150.600","150.150","150.775","150.150","","0.11%"
"01/31/2017","150.435","150.215","150.585","149.975","","0.10%"
"01/30/2017","150.280","150.450","150.575","150.050","","0.00%"
"01/27/2017","150.280","150.500","150.625","150.050","","-0.02%"
"01/26/2017","150.310","150.475","150.575","150.100","","0.00%"
"01/25/2017","150.310","150.250","150.725","149.985","","0.07%"
"01/24/2017","150.200","150.350","150.450","149.960","","0.01%"
"01/23/2017","150.185","150.100","150.400","149.975","","0.02%"
"01/20/2017","150.150","150.100","150.475","149.975","","0.00%"
"01/19/2017","150.145","150.025","150.375","149.925","","0.02%"
"01/18/2017","150.110","149.790","150.200","149.765","","0.17%"
"01/17/2017","149.855","149.925","150.300","149.840","","-0.08%"
"01/16/2017","149.975","149.950","150.275","149.850","","-0.06%"
"01/13/2017","150.060","149.875","150.400","149.750","","0.00%"
"01/12/2017","150.060","150.060","150.060","150.060","","0.00%"
"01/11/2017","150.060","149.900","150.200","149.765","","0.14%"
"01/10/2017","149.855","149.925","150.150","149.765","","-0.01%"
"01/09/2017","149.870","150.000","150.250","149.725","","-0.05%"
"01/06/2017","149.940","149.900","150.200","149.750","","0.06%"
"01/05/2017","149.855","149.950","150.250","149.650","","-0.04%"
"01/04/2017","149.910","149.800","150.270","149.640","","0.01%"
"01/03/2017","149.900","149.750","150.150","149.300","","0.10%"
"01/02/2017","149.750","149.750","150.250","149.300","","-0.03%"
"12/30/2016","149.800","149.800","150.150","149.625","","0.00%"
"12/29/2016","149.800","149.800","150.100","149.250","","0.58%"
"12/28/2016","148.930","149.650","150.000","148.825","","0.00%"
"12/27/2016","148.930","149.500","149.700","148.850","","-0.55%"
"12/26/2016","149.750","149.750","149.750","149.750","","0.00%"
"12/23/2016","149.750","149.700","150.200","149.050","","-0.30%"
"12/22/2016","150.200","150.100","150.275","149.050","","0.85%"
"12/21/2016","148.930","149.650","150.000","148.750","","0.00%"
"12/20/2016","148.930","149.250","149.700","148.750","","0.00%"
"12/19/2016","148.930","149.175","149.550","148.500","","0.00%"
"12/16/2016","148.930","149.075","149.475","148.750","","0.00%"
"12/15/2016","148.930","148.750","149.250","148.275","","0.00%"
"12/14/2016","148.930","148.650","149.180","148.400","","0.00%"
"12/13/2016","148.930","148.930","148.930","148.930","","0.00%"
"12/12/2016","148.930","148.930","148.930","148.930","","0.00%"
"12/09/2016","148.930","148.700","149.155","148.350","","0.00%"
"12/08/2016","148.930","148.900","149.155","148.250","","0.00%"
"12/07/2016","148.930","148.930","149.130","148.150","","0.02%"
"12/06/2016","148.900","148.500","148.900","148.000","","-0.02%"
"12/05/2016","148.930","148.850","149.080","148.000","","-0.05%"
"12/02/2016","149.000","148.625","149.025","148.000","","0.44%"
"12/01/2016","148.350","148.850","149.000","147.950","","-0.44%"
"11/30/2016","149.000","148.900","149.175","148.000","","-0.09%"
"11/29/2016","149.140","148.750","149.250","147.975","","0.32%"
"11/28/2016","148.665","148.450","148.900","147.850","","0.11%"
"11/25/2016","148.495","148.400","148.720","147.950","","0.13%"
"11/24/2016","148.300","148.300","148.600","147.850","","-0.01%"
"11/23/2016","148.310","148.500","148.875","147.900","","-0.09%"
"11/22/2016","148.440","148.300","148.890","147.925","","0.11%"
"11/21/2016","148.275","148.250","148.875","147.850","","-0.07%"
"11/18/2016","148.380","148.250","148.840","147.840","","0.12%"
"11/17/2016","148.195","148.500","148.800","148.075","","0.01%"
"11/16/2016","148.180","148.125","148.450","147.925","","0.12%"
"11/15/2016","148.000","147.900","148.260","147.575","","0.16%"
"11/14/2016","147.760","147.800","147.810","147.750","","0.04%"
"11/11/2016","147.700","147.550","148.075","147.475","","0.04%"
"11/10/2016","147.635","147.750","147.925","147.425","","-0.11%"
"11/09/2016","147.800","147.950","148.050","147.550","","-0.04%"
"11/08/2016","147.855","147.850","148.050","147.600","","-0.26%"
"11/07/2016","148.235","148.125","148.410","147.500","","-0.01%"
"11/04/2016","148.255","148.325","148.600","147.600","","0.00%"
"11/03/2016","148.255","148.450","148.675","147.550","","-0.01%"
"11/02/2016","148.270","148.075","148.600","147.350","","0.21%"
"11/01/2016","147.955","147.800","148.255","147.300","","0.10%"
"10/31/2016","147.810","147.750","148.100","147.250","","-0.03%"
"10/28/2016","147.860","147.950","148.100","147.150","","0.07%"
"10/27/2016","147.750","147.800","148.050","147.000","","0.21%"
"10/26/2016","147.440","147.975","148.000","146.850","","-0.09%"
"10/25/2016","147.580","147.525","148.150","146.875","","0.29%"
"10/24/2016","147.150","147.500","147.850","146.850","","-0.06%"
"10/21/2016","147.240","147.050","147.450","146.750","","0.16%"
"10/20/2016","147.010","147.400","147.525","146.450","","-0.06%"
"10/19/2016","147.105","147.100","147.350","146.800","","0.05%"
"10/18/2016","147.030","146.725","147.150","146.725","","0.07%"
"10/17/2016","146.925","146.900","147.000","146.675","","0.05%"
"10/14/2016","146.855","146.700","147.050","146.650","","0.00%"
"10/13/2016","146.850","146.950","147.025","146.725","","-0.03%"
"10/12/2016","146.895","147.000","147.150","146.675","","0.06%"
"10/11/2016","146.805","146.825","147.150","146.650","","0.09%"
"10/10/2016","146.675","146.675","147.025","146.400","","-0.05%"
"10/07/2016","146.745","146.850","147.050","146.500","","0.13%"
"10/06/2016","146.555","146.475","146.910","146.435","","0.05%"
"10/05/2016","146.475","146.400","146.865","146.400","","-0.02%"
"10/04/2016","146.505","146.375","146.800","146.300","","0.02%"
"10/03/2016","146.475","146.625","147.050","146.425","","-0.09%"
"09/30/2016","146.610","146.850","146.965","146.350","","0.09%"
"09/29/2016","146.480","146.300","146.925","146.225","","-0.02%"
"09/28/2016","146.510","146.125","146.750","146.125","","0.17%"
"09/27/2016","146.260","146.125","146.650","146.075","","0.08%"
"09/26/2016","146.140","146.025","146.590","145.725","","-0.06%"
"09/23/2016","146.230","146.400","146.550","145.875","","0.06%"
"09/22/2016","146.140","146.200","146.615","145.725","","-0.10%"
"09/21/2016","146.280","146.000","146.605","145.750","","0.70%"
"09/20/2016","145.260","145.800","146.050","145.250","","0.00%"
"09/19/2016","145.255","145.500","145.925","145.250","","-0.26%"
"09/16/2016","145.630","145.320","145.630","145.320","","0.21%"
"09/15/2016","145.320","145.700","146.000","145.250","","-0.10%"
"09/14/2016","145.460","145.250","145.900","145.100","","0.12%"
"09/13/2016","145.280","145.300","145.475","145.025","","0.06%"
"09/12/2016","145.200","145.265","145.270","145.195","","-0.03%"
"09/09/2016","145.240","144.925","145.580","144.860","","0.04%"
"09/08/2016","145.175","145.300","145.635","144.915","","-0.04%"
"09/07/2016","145.240","145.450","145.655","145.010","","-0.09%"
"09/06/2016","145.370","145.300","145.645","145.150","","0.05%"
"09/05/2016","145.300","145.500","145.550","145.275","","-0.14%"
"09/02/2016","145.510","145.350","145.660","145.300","","0.06%"
"09/01/2016","145.430","145.600","145.630","145.325","","-0.03%"
"08/31/2016","145.475","145.550","145.700","145.425","","-0.11%"
"08/30/2016","145.640","145.700","145.940","145.155","","0.03%"
"08/29/2016","145.590","145.550","146.275","145.375","","0.11%"
"08/26/2016","145.430","145.500","145.915","145.350","","0.33%"
"08/25/2016","144.945","145.575","145.750","144.850","","-0.09%"
"08/24/2016","145.075","145.325","145.650","144.965","","-0.04%"
"08/23/2016","145.140","145.550","145.600","145.060","","-0.09%"
"08/22/2016","145.270","145.550","145.890","145.200","","-0.10%"
"08/19/2016","145.410","145.500","145.650","145.300","","0.13%"
"08/18/2016","145.215","145.575","145.650","145.175","","-0.05%"
"08/17/2016","145.285","144.970","145.360","144.970","","0.22%"
"08/16/2016","144.970","145.300","145.575","144.945","","-0.13%"
"08/15/2016","145.165","145.575","145.600","145.155","","-0.13%"
"08/12/2016","145.350","145.550","145.625","145.300","","0.25%"
"08/11/2016","144.985","145.550","145.675","144.875","","-0.13%"
"08/10/2016","145.180","145.600","145.850","145.135","","-0.09%"
"08/09/2016","145.310","145.700","145.875","145.275","","0.02%"
"08/08/2016","145.285","145.550","145.925","145.110","","-0.28%"
"08/05/2016","145.700","145.425","145.925","145.425","","-0.03%"
"08/04/2016","145.750","145.800","146.050","145.450","","0.27%"
"08/03/2016","145.355","145.900","146.125","145.305","","-0.28%"
"08/02/2016","145.770","145.900","146.250","145.200","","0.01%"
"08/01/2016","145.760","145.850","146.275","145.330","","0.18%"
"07/29/2016","145.505","145.950","146.250","145.280","","0.00%"
"07/28/2016","145.505","145.800","146.350","145.280","","-0.27%"
"07/27/2016","145.900","145.900","146.350","145.650","","0.27%"
"07/26/2016","145.505","146.100","146.300","145.280","","-0.14%"
"07/25/2016","145.710","146.200","146.300","145.500","","-0.05%"
"07/22/2016","145.780","145.925","146.250","145.505","","0.02%"
"07/21/2016","145.745","146.500","146.940","145.475","","-0.35%"
"07/20/2016","146.260","146.250","147.000","145.575","","0.57%"
"07/19/2016","145.435","145.435","145.435","145.435","","0.00%"
"07/18/2016","145.435","145.750","146.450","145.235","","-0.24%"
"07/15/2016","145.780","145.850","146.225","145.225","","0.14%"
"07/14/2016","145.570","145.850","146.250","145.400","","-0.13%"
"07/13/2016","145.765","146.000","146.250","145.560","","-0.30%"
"07/12/2016","146.210","145.600","146.360","145.275","","0.46%"
"07/11/2016","145.540","145.250","146.500","145.150","","0.42%"
"07/08/2016","144.930","145.825","146.050","144.865","","-0.43%"
"07/07/2016","145.555","146.750","146.950","145.200","","-0.57%"
"07/06/2016","146.390","145.695","146.540","145.695","","-0.21%"
"07/05/2016","146.700","146.875","147.275","145.600","","0.14%"
"07/04/2016","146.500","146.250","146.960","145.600","","0.55%"
"07/01/2016","145.695","145.550","146.700","145.475","","0.00%"
"06/30/2016","145.695","145.950","146.515","145.350","","-0.24%"
"06/29/2016","146.040","147.850","148.200","145.440","","-1.21%"
"06/28/2016","147.835","148.150","148.250","145.660","","0.69%"
"06/27/2016","146.820","147.625","148.200","145.640","","-0.35%"
"06/24/2016","147.330","147.050","147.800","145.540","","0.20%"
"06/23/2016","147.030","147.100","147.550","145.540","","-0.11%"
"06/22/2016","147.185","146.500","147.600","145.445","","0.76%"
"06/21/2016","146.080","145.750","146.355","145.140","","0.93%"
"06/20/2016","144.740","145.700","146.250","144.620","","0.00%"
"06/17/2016","144.740","145.075","145.650","144.520","","-0.26%"
"06/16/2016","145.115","145.125","145.850","144.725","","0.08%"
"06/15/2016","144.995","144.950","145.350","144.630","","0.09%"
"06/14/2016","144.870","144.850","145.350","144.600","","0.09%"
"06/13/2016","144.745","144.725","145.350","144.200","","-0.18%"
"06/10/2016","145.000","145.500","145.700","144.850","","-0.40%"
"06/09/2016","145.585","145.900","146.025","145.465","","-0.17%"
"06/08/2016","145.840","145.980","146.080","145.550","","0.05%"
"06/07/2016","145.770","146.050","146.780","145.600","","-0.08%"
"06/06/2016","145.885","147.050","147.225","145.575","","-1.22%"
"06/03/2016","147.680","147.700","148.030","147.000","","-0.09%"
"06/02/2016","147.820","148.150","148.450","147.295","","-0.21%"
"06/01/2016","148.130","148.050","148.550","147.295","","0.23%"
"05/31/2016","147.790","147.650","148.525","147.520","","-0.14%"
"05/30/2016","148.000","147.600","148.800","146.550","","0.25%"
"05/27/2016","147.630","147.125","147.755","146.295","","0.58%"
"05/26/2016","146.780","147.200","147.500","146.000","","-0.12%"
"05/25/2016","146.950","146.600","147.450","145.950","","0.12%"
"05/24/2016","146.780","146.550","147.310","145.930","","-0.20%"
"05/23/2016","147.070","147.110","147.205","146.940","","-0.02%"
"05/20/2016","147.105","146.900","147.180","145.950","","0.18%"
"05/19/2016","146.845","146.800","147.225","145.800","","-0.13%"
"05/18/2016","147.035","146.800","147.210","145.900","","0.38%"
"05/17/2016","146.480","146.750","147.225","145.750","","-0.12%"
"05/16/2016","146.650","146.075","147.125","145.700","","0.17%"
"05/13/2016","146.400","146.250","146.775","145.675","","0.10%"
"05/12/2016","146.250","146.250","146.690","145.600","","0.04%"
"05/11/2016","146.195","146.150","146.700","145.600","","0.00%"
"05/10/2016","146.190","146.200","146.675","145.465","","-0.16%"
"05/09/2016","146.430","146.150","146.605","145.550","","0.12%"
"05/06/2016","146.260","146.150","146.525","145.575","","0.01%"
"05/05/2016","146.240","146.100","146.525","145.600","","-0.01%"
"05/04/2016","146.250","146.150","146.500","145.500","","0.05%"
"05/03/2016","146.180","146.200","146.565","145.375","","-0.10%"
"05/02/2016","146.325","146.180","146.400","146.180","","0.10%"
"04/29/2016","146.180","146.100","146.500","145.450","","-0.14%"
"04/28/2016","146.380","146.300","146.800","145.500","","0.08%"
"04/27/2016","146.270","146.550","146.750","145.500","","-0.04%"
"04/26/2016","146.330","146.550","146.850","144.715","","0.08%"
"04/25/2016","146.210","146.125","147.000","144.745","","0.11%"
"04/22/2016","146.045","146.550","146.550","145.090","","-0.30%"
"04/21/2016","146.480","146.045","146.480","146.045","","0.00%"
"04/20/2016","146.480","146.550","146.600","145.040","","0.30%"
"04/19/2016","146.045","145.250","146.550","145.040","","0.00%"
"04/18/2016","146.045","145.125","146.045","144.680","","0.42%"
"04/15/2016","145.430","145.250","145.675","144.410","","-0.42%"
"04/14/2016","146.045","146.190","146.270","146.035","","-0.10%"
"04/13/2016","146.190","146.190","146.190","146.190","","0.00%"
"04/12/2016","146.190","144.750","146.270","143.685","","0.89%"
"04/11/2016","144.900","145.000","145.395","143.500","","0.10%"
"04/08/2016","144.750","144.625","145.125","144.625","","0.03%"
"04/07/2016","144.700","145.000","145.150","144.450","","-0.03%"
"04/06/2016","144.750","144.600","145.190","144.100","","0.08%"
"04/05/2016","144.635","145.000","145.400","144.300","","-0.34%"
"04/04/2016","145.130","146.050","146.550","144.575","","-0.72%"
"04/01/2016","146.185","146.000","147.650","145.200","","0.09%"
"03/31/2016","146.055","148.650","148.650","145.625","","-2.12%"
"03/30/2016","149.215","148.750","149.415","147.250","","0.68%"
"03/29/2016","148.210","148.100","149.125","145.485","","0.18%"
"03/28/2016","147.950","147.150","148.200","146.775","","0.47%"
"03/25/2016","147.260","147.260","147.260","147.260","","0.00%"
"03/24/2016","147.260","146.100","147.650","146.025","","0.60%"
"03/23/2016","146.380","145.450","146.605","145.375","","0.69%"
"03/22/2016","145.370","145.370","145.370","145.370","","-0.08%"
"03/21/2016","145.480","145.500","146.100","144.355","","0.35%"
"03/18/2016","144.970","145.150","145.500","144.355","","-0.04%"
"03/17/2016","145.035","145.025","145.350","144.355","","-0.01%"
"03/16/2016","145.050","145.025","145.100","144.345","","0.03%"
"03/15/2016","145.000","144.925","145.150","144.345","","-0.01%"
"03/14/2016","145.020","145.000","145.400","143.990","","0.07%"
"03/11/2016","144.920","144.975","145.150","144.345","","-0.11%"
"03/10/2016","145.085","144.900","145.350","143.965","","0.35%"
"03/09/2016","144.575","144.975","145.350","143.945","","-0.37%"
"03/08/2016","145.110","144.950","145.330","144.135","","0.03%"
"03/07/2016","145.060","145.060","145.060","145.060","","0.00%"
"03/04/2016","145.060","144.650","145.255","143.970","","0.27%"
"03/03/2016","144.675","144.600","145.000","143.950","","0.05%"
"03/02/2016","144.600","144.600","144.950","143.930","","0.03%"
"03/01/2016","144.550","144.600","145.130","143.850","","-0.22%"
"02/29/2016","144.875","144.650","145.040","143.850","","0.16%"
"02/26/2016","144.650","144.650","144.950","143.790","","0.13%"
"02/25/2016","144.460","144.425","144.775","143.630","","0.17%"
"02/24/2016","144.215","144.100","144.650","143.610","","0.15%"
"02/23/2016","144.005","144.200","144.725","143.610","","0.00%"
"02/22/2016","144.005","144.030","144.250","143.850","","-0.01%"
"02/19/2016","144.025","144.200","144.275","143.860","","-0.03%"
"02/18/2016","144.070","144.200","144.260","143.860","","0.06%"
"02/17/2016","143.980","144.225","144.325","143.790","","-0.05%"
"02/16/2016","144.055","144.150","144.375","143.840","","-0.05%"
"02/15/2016","144.130","144.100","144.600","143.590","","-0.08%"
"02/12/2016","144.250","143.925","144.535","143.600","","0.18%"
"02/11/2016","143.985","144.000","144.525","143.600","","0.05%"
"02/10/2016","143.920","144.100","144.400","143.590","","-0.02%"
"02/09/2016","143.945","144.050","144.425","143.575","","-0.09%"
"02/08/2016","144.080","144.075","144.425","143.500","","-0.01%"
"02/05/2016","144.090","144.050","144.425","143.625","","0.05%"
"02/04/2016","144.020","144.020","144.020","144.020","","-0.16%"
"02/03/2016","144.250","144.100","144.450","143.545","","0.11%"
"02/02/2016","144.085","144.100","144.425","143.575","","0.14%"
"02/01/2016","143.880","144.125","144.505","143.600","","-0.26%"
"01/29/2016","144.260","144.075","144.475","143.590","","0.18%"
"01/28/2016","143.995","143.850","144.525","143.515","","-0.08%"
"01/27/2016","144.110","144.100","144.525","143.575","","-0.11%"
"01/26/2016","144.270","144.075","144.475","143.475","","0.07%"
"01/25/2016","144.170","144.075","144.425","143.525","","0.07%"
"01/22/2016","144.065","143.850","144.160","143.700","","0.03%"
"01/21/2016","144.025","144.075","144.190","143.700","","-0.05%"
"01/20/2016","144.090","144.100","144.185","143.650","","-0.02%"
"01/19/2016","144.115","144.100","144.285","143.710","","0.03%"
"01/18/2016","144.075","143.725","144.525","143.700","","0.09%"
"01/15/2016","143.945","143.945","143.945","143.945","","0.09%"
"01/14/2016","143.815","143.800","144.110","143.480","","-0.14%"
"01/13/2016","144.010","143.650","144.105","143.600","","0.05%"
"01/12/2016","143.945","143.850","144.085","143.550","","0.00%"
"01/11/2016","143.940","143.950","144.095","143.625","","0.15%"
"01/08/2016","143.720","144.025","144.100","143.635","","-0.20%"
"01/07/2016","144.005","144.050","144.165","143.750","","-0.03%"
"01/06/2016","144.050","144.200","144.265","143.835","","0.03%"
"01/05/2016","144.005","144.300","144.400","143.965","","-0.19%"
"01/04/2016","144.285","144.150","144.400","143.820","","0.27%"
"01/01/2016","143.900","144.250","144.275","143.825","","-0.24%"
"12/31/2015","144.250","144.175","144.275","143.825","","0.12%"
"12/30/2015","144.070","143.900","144.375","143.750","","0.01%"
"12/29/2015","144.050","143.900","144.100","143.690","","0.28%"
"12/28/2015","143.650","143.700","143.900","143.475","","-0.03%"
"12/25/2015","143.700","143.700","143.700","143.700","","0.00%"
"12/24/2015","143.700","143.700","143.700","143.700","","0.00%"
"12/23/2015","143.700","143.650","143.850","143.465","","-0.03%"
"12/22/2015","143.750","143.675","143.825","143.430","","0.09%"
"12/21/2015","143.625","143.700","143.725","143.425","","0.04%"
"12/18/2015","143.570","143.675","143.925","143.430","","0.09%"
"12/17/2015","143.445","143.750","144.050","143.365","","-0.18%"
"12/16/2015","143.700","143.650","143.815","143.445","","0.03%"
"12/15/2015","143.650","143.775","143.925","143.375","","0.00%"
"12/14/2015","143.650","143.400","143.825","143.100","","0.28%"
"12/11/2015","143.250","143.000","143.425","142.975","","0.02%"
"12/10/2015","143.225","143.250","143.290","142.960","","0.00%"
"12/09/2015","143.225","143.225","143.300","142.950","","-0.02%"
"12/08/2015","143.250","143.225","143.300","142.930","","0.19%"
"12/07/2015","142.980","143.050","143.390","142.865","","0.00%"
"12/04/2015","142.980","143.200","143.340","142.840","","0.00%"
"12/03/2015","142.980","143.050","143.365","142.840","","0.00%"
"12/02/2015","142.980","143.200","143.365","142.790","","0.00%"
"12/01/2015","142.980","143.300","143.365","142.840","","0.00%"
"11/30/2015","142.980","143.225","143.365","142.795","","-0.17%"
"11/27/2015","143.225","143.050","143.350","142.900","","0.12%"
"11/26/2015","143.050","143.000","143.350","142.750","","0.08%"
"11/25/2015","142.935","142.935","142.935","142.935","","0.00%"
"11/24/2015","142.935","142.600","143.075","142.580","","0.09%"
"11/23/2015","142.800","142.450","142.800","142.300","","0.42%"
"11/20/2015","142.205","142.400","142.650","141.995","","-0.10%"
"11/19/2015","142.350","142.100","142.450","142.075","","0.00%"
"11/18/2015","142.350","142.350","142.400","141.950","","0.00%"
"11/17/2015","142.350","142.150","142.450","141.900","","0.14%"
"11/16/2015","142.150","141.850","142.250","141.800","","0.07%"
"11/13/2015","142.050","141.850","142.200","141.750","","0.04%"
"11/12/2015","142.000","141.850","142.100","141.650","","0.14%"
"11/11/2015","141.800","141.800","142.075","141.700","","-0.14%"
"11/10/2015","142.000","142.000","142.000","142.000","","0.00%"
"11/09/2015","142.000","141.550","142.100","141.350","","0.28%"
"11/06/2015","141.600","141.450","141.605","141.130","","0.11%"
"11/05/2015","141.450","141.500","141.700","141.130","","-0.06%"
"11/04/2015","141.530","140.925","141.600","140.875","","0.28%"
"11/03/2015","141.130","141.025","141.140","140.700","","0.02%"
"11/02/2015","141.105","140.850","141.130","140.600","","0.00%"
"10/30/2015","141.105","140.875","141.120","140.700","","0.00%"
"10/29/2015","141.105","140.850","141.470","140.525","","0.00%"
"10/28/2015","141.110","140.600","141.115","140.525","","0.00%"
"10/27/2015","141.110","141.105","141.120","141.095","","0.00%"
"10/26/2015","141.105","141.100","141.275","140.600","","0.06%"
"10/23/2015","141.020","141.075","141.175","140.750","","-0.04%"
"10/22/2015","141.075","140.800","141.125","140.750","","0.02%"
"10/21/2015","141.050","140.950","141.100","140.750","","0.02%"
"10/20/2015","141.020","140.800","141.100","140.750","","0.00%"
"10/19/2015","141.020","140.950","141.085","140.700","","0.00%"
"10/16/2015","141.020","141.000","141.100","140.650","","0.00%"
"10/15/2015","141.020","141.000","141.060","140.525","","0.01%"
"10/14/2015","141.000","140.250","141.000","140.200","","0.00%"
"10/13/2015","141.000","140.400","141.015","140.150","","0.46%"
"10/12/2015","140.350","140.250","140.450","140.100","","-0.46%"
"10/09/2015","141.000","140.300","141.010","140.075","","0.00%"
"10/08/2015","141.000","140.500","141.015","140.325","","0.00%"
"10/07/2015","141.000","140.600","141.320","140.350","","0.25%"
"10/06/2015","140.655","141.000","141.250","140.540","","-0.42%"
"10/05/2015","141.250","141.300","141.375","141.050","","0.00%"
"10/02/2015","141.250","141.000","141.375","141.000","","0.18%"
"10/01/2015","141.000","141.300","141.325","141.000","","0.00%"
"09/30/2015","141.000","141.150","141.350","141.000","","-0.05%"
"09/29/2015","141.070","141.000","141.350","140.905","","0.01%"
"09/28/2015","141.050","141.025","141.375","140.700","","0.04%"
"09/25/2015","141.000","140.800","141.040","140.700","","0.24%"
"09/24/2015","140.665","141.005","141.020","140.650","","-0.24%"
"09/23/2015","141.005","140.875","141.125","140.725","","0.04%"
"09/22/2015","140.955","140.850","141.000","140.425","","0.06%"
"09/21/2015","140.875","140.500","140.910","140.150","","0.23%"
"09/18/2015","140.555","140.150","140.615","140.150","","0.04%"
"09/17/2015","140.505","140.625","141.050","140.250","","-0.33%"
"09/16/2015","140.975","140.250","141.035","139.850","","0.73%"
"09/15/2015","139.950","139.660","140.125","139.460","","0.11%"
"09/14/2015","139.800","138.950","139.975","138.925","","0.52%"
"09/11/2015","139.075","138.975","139.350","138.375","","0.07%"
"09/10/2015","138.975","138.375","139.075","138.375","","0.07%"
"09/09/2015","138.875","138.400","138.900","138.275","","0.36%"
"09/08/2015","138.375","137.800","138.395","137.550","","0.62%"
"09/07/2015","137.525","137.750","137.800","136.975","","-0.16%"
"09/04/2015","137.750","138.000","138.500","137.375","","2.13%"
"09/03/2015","134.875","134.650","134.875","134.525","","0.24%"
"09/02/2015","134.550","134.650","134.750","134.475","","-0.04%"
"09/01/2015","134.600","134.550","134.650","134.475","","0.00%"
"08/31/2015","134.600","134.400","134.750","134.350","","0.15%"
"08/28/2015","134.400","134.400","134.525","134.200","","0.04%"
"08/27/2015","134.340","134.375","134.600","134.140","","-0.03%"
"08/26/2015","134.375","134.350","134.395","134.140","","0.00%"
"08/25/2015","134.375","134.300","134.400","134.140","","0.05%"
"08/24/2015","134.305","134.050","134.315","134.050","","0.16%"
"08/21/2015","134.090","133.950","134.100","133.915","","0.07%"
"08/20/2015","134.000","134.000","134.010","133.820","","0.04%"
"08/19/2015","133.940","134.000","134.100","133.795","","0.09%"
"08/18/2015","133.820","134.050","134.200","133.805","","-0.17%"
"08/17/2015","134.050","133.950","134.100","133.810","","-0.18%"
"08/14/2015","134.295","133.950","134.295","133.800","","0.35%"
"08/13/2015","133.820","133.900","134.000","133.750","","-0.06%"
"08/12/2015","133.900","133.850","133.930","133.725","","0.04%"
"08/11/2015","133.850","133.850","133.855","133.725","","0.00%"
"08/10/2015","133.855","133.800","133.860","133.625","","0.02%"
"08/07/2015","133.825","133.775","133.855","133.700","","0.01%"
"08/06/2015","133.810","133.525","133.875","133.475","","-0.02%"
"08/05/2015","133.840","133.600","133.840","133.475","","0.04%"
"08/04/2015","133.785","133.550","133.800","133.475","","0.00%"
"08/03/2015","133.780","133.650","133.795","133.450","","0.00%"
"07/31/2015","133.780","133.755","133.780","133.755","","0.02%"
"07/30/2015","133.755","133.700","133.770","133.550","","0.00%"
"07/29/2015","133.755","133.650","133.765","133.550","","0.03%"
"07/28/2015","133.715","133.850","133.850","133.575","","0.01%"
"07/27/2015","133.705","133.700","133.800","133.600","","0.00%"
"07/24/2015","133.700","133.800","133.850","133.660","","-0.16%"
"07/23/2015","133.915","133.890","133.920","133.675","","0.03%"
"07/22/2015","133.880","133.800","133.910","133.675","","0.02%"
"07/21/2015","133.855","133.850","133.900","133.675","","0.00%"
"07/20/2015","133.850","133.900","133.900","133.685","","0.12%"
"07/17/2015","133.685","133.665","133.900","133.665","","0.01%"
"07/16/2015","133.665","133.900","134.000","133.650","","-0.14%"
"07/15/2015","133.850","133.900","133.900","133.750","","-0.04%"
"07/14/2015","133.900","133.900","133.905","133.775","","0.00%"
"07/13/2015","133.900","133.575","134.000","133.575","","0.18%"
"07/10/2015","133.655","133.625","133.800","133.590","","-0.01%"
"07/09/2015","133.665","133.700","133.825","133.575","","0.01%"
"07/08/2015","133.655","133.650","133.700","133.575","","-0.20%"
"07/07/2015","133.920","133.700","133.935","133.575","","0.00%"
"07/06/2015","133.915","133.650","133.920","133.550","","0.20%"
"07/03/2015","133.650","133.650","133.850","133.575","","0.00%"
"07/02/2015","133.650","133.925","133.925","133.525","","-0.20%"
"07/01/2015","133.915","133.915","133.915","133.915","","0.00%"
"06/30/2015","133.915","133.750","133.950","133.675","","0.05%"
"06/29/2015","133.850","133.800","133.920","133.675","","0.01%"
"06/26/2015","133.835","133.750","133.910","133.625","","-0.36%"
"06/25/2015","134.320","133.900","134.330","133.650","","0.00%"
"06/24/2015","134.320","134.000","134.330","133.775","","0.24%"
"06/23/2015","134.005","134.050","134.100","133.875","","-0.01%"
"06/22/2015","134.025","134.150","134.200","133.875","","-0.20%"
"06/19/2015","134.300","134.300","134.350","134.050","","0.00%"
"06/18/2015","134.300","134.100","134.350","134.100","","0.15%"
"06/17/2015","134.100","134.100","134.200","133.900","","0.00%"
"06/16/2015","134.100","134.200","134.250","133.900","","-0.07%"
"06/15/2015","134.200","134.100","134.200","133.975","","0.00%"
"06/12/2015","134.200","133.900","134.200","133.900","","0.17%"
"06/11/2015","133.975","133.975","134.050","133.775","","0.00%"
"06/10/2015","133.975","133.975","134.000","133.750","","0.06%"
"06/09/2015","133.900","134.000","134.150","133.775","","-0.09%"
"06/08/2015","134.025","134.000","134.100","133.900","","0.02%"
"06/05/2015","134.000","134.050","134.100","133.825","","-0.04%"
"06/04/2015","134.050","134.050","134.100","133.875","","-0.06%"
"06/03/2015","134.125","133.950","134.125","133.875","","0.13%"
"06/02/2015","133.950","133.950","133.950","133.950","","0.00%"
"06/01/2015","133.950","134.150","134.400","133.875","","-0.04%"
"05/29/2015","134.000","133.925","134.150","133.925","","0.00%"
"05/28/2015","134.000","134.000","134.400","133.925","","0.00%"
"05/27/2015","134.000","134.100","134.150","133.925","","-0.11%"
"05/26/2015","134.150","133.950","134.300","133.800","","0.15%"
"05/25/2015","133.950","133.800","134.250","133.650","","0.15%"
"05/22/2015","133.750","133.950","134.050","133.675","","0.00%"
"05/21/2015","133.750","133.950","134.200","133.400","","0.07%"
"05/20/2015","133.650","133.450","133.800","133.400","","-0.04%"
"05/19/2015","133.700","133.600","133.700","133.400","","0.15%"
"05/18/2015","133.500","133.100","133.700","133.100","","-0.07%"
"05/15/2015","133.600","133.600","133.800","133.325","","0.00%"
"05/14/2015","133.600","133.700","133.800","133.350","","-0.07%"
"05/13/2015","133.700","133.700","133.700","133.425","","0.00%"
"05/12/2015","133.700","133.700","133.750","133.400","","0.22%"
"05/11/2015","133.400","133.500","133.650","133.200","","-0.07%"
"05/08/2015","133.500","133.500","133.500","133.325","","0.04%"
"05/07/2015","133.450","133.550","133.550","133.000","","-0.04%"
"05/06/2015","133.500","133.250","133.550","133.150","","0.30%"
"05/05/2015","133.100","133.100","133.350","133.000","","-0.15%"
"05/04/2015","133.300","133.300","133.300","133.300","","0.00%"
"05/01/2015","133.300","133.300","133.300","133.300","","0.00%"
"04/30/2015","133.300","133.100","133.300","133.000","","0.11%"
"04/29/2015","133.150","133.050","133.150","132.925","","0.00%"
"04/28/2015","133.150","133.150","133.350","132.925","","0.00%"
"04/27/2015","133.150","133.100","133.300","132.925","","0.00%"
"04/24/2015","133.150","133.300","133.300","132.925","","-0.11%"
"04/23/2015","133.300","133.150","133.350","132.925","","0.19%"
"04/22/2015","133.050","133.050","133.400","132.925","","0.00%"
"04/21/2015","133.050","133.150","133.350","132.925","","-0.08%"
"04/20/2015","133.150","133.150","133.300","132.925","","0.04%"
"04/17/2015","133.100","133.100","133.300","132.925","","0.00%"
"04/16/2015","133.100","133.100","133.250","132.925","","0.00%"
"04/15/2015","133.100","133.050","133.200","132.875","","0.04%"
"04/14/2015","133.050","133.050","133.050","133.050","","0.00%"
"04/13/2015","133.050","133.050","133.050","133.050","","0.00%"
"04/10/2015","133.050","133.100","133.200","132.900","","-0.04%"
"04/09/2015","133.100","133.000","133.150","132.875","","0.08%"
"04/08/2015","133.000","133.250","133.250","132.875","","-0.04%"
"04/07/2015","133.050","133.250","133.300","132.875","","-0.08%"
"04/06/2015","133.150","133.150","133.425","132.900","","0.00%"
"04/03/2015","133.150","133.150","133.150","133.150","","0.00%"
"04/02/2015","133.150","133.200","133.300","132.925","","0.00%"
"04/01/2015","133.150","133.350","133.500","132.925","","-0.02%"
"03/31/2015","133.175","133.150","133.500","132.925","","0.02%"
"03/30/2015","133.150","133.150","133.400","132.900","","0.04%"
"03/27/2015","133.100","133.100","133.400","132.525","","0.08%"
"03/26/2015","133.000","133.300","133.300","132.900","","-0.23%"
"03/25/2015","133.300","133.300","133.300","132.925","","0.00%"
"03/24/2015","133.300","133.150","133.300","132.925","","0.00%"
"03/23/2015","133.300","133.200","133.300","132.925","","0.00%"
"03/20/2015","133.300","133.300","133.300","132.925","","0.00%"
"03/19/2015","133.300","133.200","133.350","132.925","","0.11%"
"03/18/2015","133.150","133.300","133.600","132.925","","0.00%"
"03/17/2015","133.150","132.950","133.550","132.925","","0.00%"
"03/16/2015","133.150","133.200","133.500","132.925","","0.08%"
"03/13/2015","133.050","133.200","133.550","132.925","","-0.04%"
"03/12/2015","133.100","133.200","133.550","132.925","","-0.04%"
"03/11/2015","133.150","133.150","133.450","132.925","","0.00%"
"03/10/2015","133.150","133.125","133.425","132.475","","0.04%"
"03/09/2015","133.100","133.150","133.450","132.900","","0.08%"
"03/06/2015","133.000","133.050","133.200","132.925","","0.04%"
"03/05/2015","132.950","132.950","132.950","132.950","","0.00%"
"03/04/2015","132.950","132.950","133.650","132.925","","-0.15%"
"03/03/2015","133.150","133.150","133.250","132.900","","0.04%"
"03/02/2015","133.100","133.050","133.250","132.900","","-0.04%"
"02/27/2015","133.150","133.050","133.200","132.800","","0.08%"
"02/26/2015","133.050","132.900","133.200","132.800","","0.00%"
"02/25/2015","133.050","133.000","133.475","132.875","","0.00%"
"02/24/2015","133.050","132.950","133.100","132.800","","0.04%"
"02/23/2015","133.000","133.000","133.250","132.800","","0.00%"
"02/20/2015","133.000","132.900","133.350","132.800","","0.06%"
"02/19/2015","132.925","132.600","133.150","132.600","","0.02%"
"02/18/2015","132.900","132.900","133.300","132.500","","-0.08%"
"02/17/2015","133.000","133.000","133.000","133.000","","0.00%"
"02/16/2015","133.000","132.925","133.150","132.725","","0.08%"
"02/13/2015","132.900","132.925","133.250","132.725","","-0.08%"
"02/12/2015","133.000","133.000","133.175","132.725","","0.08%"
"02/11/2015","132.900","132.900","133.075","132.750","","0.00%"
"02/10/2015","132.900","132.900","133.000","132.550","","0.00%"
"02/09/2015","132.900","133.000","133.150","132.750","","-0.08%"
"02/06/2015","133.000","132.500","133.250","132.225","","0.49%"
"02/05/2015","132.350","132.350","132.825","132.100","","0.00%"
"02/04/2015","132.350","132.350","132.350","132.350","","0.00%"
"02/03/2015","132.350","132.350","132.350","132.350","","0.00%"
"02/02/2015","132.350","132.250","132.600","132.100","","0.09%"
"01/30/2015","132.225","132.250","132.500","132.125","","0.00%"
"01/29/2015","132.225","132.750","132.825","132.100","","-0.06%"
"01/28/2015","132.300","131.300","132.625","131.300","","0.17%"
"01/27/2015","132.075","132.100","132.550","131.850","","0.06%"
"01/26/2015","132.000","131.975","132.175","131.850","","0.09%"
"01/23/2015","131.875","131.600","132.250","131.525","","-0.06%"
"01/22/2015","131.950","131.775","132.250","131.700","","0.06%"
"01/21/2015","131.875","131.650","132.050","131.300","","0.02%"
"01/20/2015","131.850","131.875","132.000","131.250","","-0.02%"
"01/19/2015","131.875","131.500","131.900","131.250","","0.38%"
"01/16/2015","131.375","131.350","131.900","131.250","","-0.13%"
"01/15/2015","131.550","131.550","131.550","131.550","","0.00%"
"01/14/2015","131.550","131.550","131.550","131.550","","0.00%"
"01/13/2015","131.550","131.600","132.050","131.200","","0.00%"
"01/12/2015","131.550","131.500","131.875","131.250","","0.04%"
"01/09/2015","131.500","131.575","131.875","131.150","","-0.02%"
"01/08/2015","131.525","131.400","131.875","131.275","","0.06%"
"01/07/2015","131.450","131.350","131.875","130.975","","-0.04%"
"01/06/2015","131.500","131.350","131.875","130.975","","0.15%"
"01/05/2015","131.300","131.300","131.300","131.300","","0.00%"
"01/02/2015","131.300","131.350","131.750","131.050","","0.04%"
"01/01/2015","131.250","131.250","131.600","130.250","","0.04%"
"12/31/2014","131.200","131.325","131.750","130.975","","-0.04%"
"12/30/2014","131.250","131.250","131.625","130.975","","0.00%"
"12/29/2014","131.250","131.200","131.600","130.975","","0.04%"
"12/26/2014","131.200","131.200","131.600","131.025","","-0.04%"
"12/25/2014","131.250","131.250","131.250","131.250","","0.00%"
"12/24/2014","131.250","131.150","131.600","131.100","","0.00%"
"12/23/2014","131.250","131.175","131.600","131.125","","0.00%"
"12/22/2014","131.250","131.150","131.600","130.975","","0.04%"
"12/19/2014","131.200","131.300","131.600","130.975","","-0.08%"
"12/18/2014","131.300","131.100","131.650","130.975","","0.08%"
"12/17/2014","131.200","131.400","131.600","130.975","","0.04%"
"12/16/2014","131.150","131.200","131.600","130.975","","-0.08%"
"12/15/2014","131.250","131.225","131.650","130.975","","0.06%"
"12/12/2014","131.175","131.200","131.750","130.975","","-0.02%"
"12/11/2014","131.200","131.200","131.700","130.975","","0.04%"
"12/10/2014","131.150","131.225","131.600","130.975","","0.00%"
"12/09/2014","131.150","131.200","131.875","130.975","","-0.04%"
"12/08/2014","131.200","131.375","131.375","131.050","","0.04%"
"12/05/2014","131.150","131.150","131.400","131.075","","0.00%"
"12/04/2014","131.150","131.150","131.850","130.975","","0.00%"
"12/03/2014","131.150","131.150","131.300","130.975","","0.04%"
"12/02/2014","131.100","131.150","131.750","130.975","","0.00%"
"12/01/2014","131.100","131.600","131.600","130.975","","-0.04%"
"11/28/2014","131.150","131.250","131.550","131.075","","0.00%"
"11/27/2014","131.150","131.150","131.425","131.050","","0.02%"
"11/26/2014","131.125","130.950","131.750","130.950","","0.02%"
"11/25/2014","131.100","131.250","131.550","130.975","","0.04%"
"11/24/2014","131.050","131.075","131.250","130.975","","-0.02%"
"11/21/2014","131.075","131.100","131.200","130.975","","0.00%"
"11/20/2014","131.075","131.075","131.175","130.950","","0.00%"
"11/19/2014","131.075","131.050","131.175","130.975","","0.02%"
"11/18/2014","131.050","131.050","131.075","130.475","","0.04%"
"11/17/2014","131.000","130.975","131.075","130.850","","0.00%"
"11/14/2014","131.000","131.000","131.100","130.900","","0.04%"
"11/13/2014","130.950","130.950","131.025","130.875","","0.04%"
"11/12/2014","130.900","130.950","131.050","130.850","","0.00%"
"11/11/2014","130.900","130.950","131.040","130.875","","0.00%"
"11/10/2014","130.900","130.950","131.015","130.875","","0.00%"
"11/07/2014","130.900","130.900","130.975","130.850","","0.02%"
"11/06/2014","130.875","130.875","130.875","130.875","","0.00%"
"11/05/2014","130.875","130.950","131.000","130.850","","-0.02%"
"11/04/2014","130.900","130.875","131.000","130.800","","0.04%"
"11/03/2014","130.850","130.900","131.475","130.775","","0.06%"
"10/31/2014","130.775","130.900","130.985","130.725","","-0.10%"
"10/30/2014","130.900","130.900","131.000","130.800","","0.00%"
"10/29/2014","130.900","131.000","131.000","130.850","","0.00%"
"10/28/2014","130.900","130.850","131.025","130.760","","0.04%"
"10/27/2014","130.850","130.900","130.925","130.675","","0.00%"
"10/24/2014","130.850","130.800","131.100","130.775","","0.04%"
"10/23/2014","130.800","130.750","130.925","130.720","","0.04%"
"10/22/2014","130.750","130.750","130.750","130.750","","0.00%"
"10/21/2014","130.750","130.700","130.925","130.650","","0.04%"
"10/20/2014","130.700","130.725","130.825","130.625","","0.04%"
"10/17/2014","130.650","130.650","130.825","130.575","","-0.11%"
"10/16/2014","130.800","130.700","130.800","130.590","","0.11%"
"10/15/2014","130.650","130.600","130.750","130.600","","0.00%"
"10/14/2014","130.650","130.600","130.725","130.375","","0.08%"
"10/13/2014","130.550","130.450","130.625","130.350","","0.15%"
"10/10/2014","130.350","130.400","130.450","130.330","","0.00%"
"10/09/2014","130.350","130.350","130.400","130.300","","-0.01%"
"10/08/2014","130.360","130.360","130.360","130.360","","0.00%"
"10/07/2014","130.360","130.315","130.410","130.300","","0.00%"
"10/06/2014","130.355","130.355","130.355","130.355","","0.00%"
"10/03/2014","130.355","130.375","130.450","130.300","","-0.03%"
"10/02/2014","130.400","130.750","130.825","130.375","","0.00%"
"10/01/2014","130.405","130.600","130.875","130.390","","0.04%"
"09/30/2014","130.355","130.500","130.750","130.355","","-0.05%"
"09/29/2014","130.425","130.405","130.535","130.375","","0.08%"
"09/26/2014","130.320","130.365","130.420","130.290","","0.00%"
"09/25/2014","130.320","130.310","130.375","130.275","","0.02%"
"09/24/2014","130.300","130.345","130.375","130.265","","-0.03%"
"09/23/2014","130.345","130.295","130.345","130.250","","0.04%"
"09/22/2014","130.290","130.310","130.325","130.250","","-0.02%"
"09/19/2014","130.310","130.305","130.320","130.265","","0.00%"
"09/18/2014","130.305","130.320","130.330","130.265","","0.01%"
"09/17/2014","130.295","130.305","130.315","130.265","","0.01%"
"09/16/2014","130.280","130.295","130.325","130.245","","0.02%"
"09/15/2014","130.260","130.300","130.315","130.245","","0.00%"
"09/12/2014","130.265","130.315","130.330","130.240","","-0.01%"
"09/11/2014","130.275","130.300","130.330","130.225","","0.03%"
"09/10/2014","130.230","130.225","130.265","130.185","","0.01%"
"09/09/2014","130.220","130.210","130.260","130.175","","0.00%"
"09/08/2014","130.220","130.220","130.220","130.220","","0.01%"
"09/05/2014","130.205","130.200","130.255","130.175","","0.00%"
"09/04/2014","130.205","130.210","130.240","130.175","","-0.01%"
"09/03/2014","130.220","130.205","130.230","130.175","","0.00%"
"09/02/2014","130.215","130.205","130.230","130.180","","0.01%"
"09/01/2014","130.205","130.225","130.235","130.175","","-0.02%"
"08/29/2014","130.230","130.205","130.240","130.165","","0.02%"
"08/28/2014","130.205","130.215","130.225","130.175","","0.00%"
"08/27/2014","130.200","130.215","130.225","130.150","","-0.01%"
"08/26/2014","130.215","130.185","130.215","130.170","","0.02%"
"08/25/2014","130.185","130.185","130.225","130.150","","0.01%"
"08/22/2014","130.170","130.200","130.225","130.150","","-0.02%"
"08/21/2014","130.190","130.185","130.240","130.150","","0.01%"
"08/20/2014","130.175","130.180","130.230","130.140","","0.00%"
"08/19/2014","130.175","130.175","130.185","130.120","","0.02%"
"08/18/2014","130.155","130.200","130.205","130.125","","-0.02%"
"08/15/2014","130.175","130.205","130.215","130.135","","0.00%"
"08/14/2014","130.175","130.230","130.250","130.135","","-0.05%"
"08/13/2014","130.235","130.235","130.275","130.175","","0.03%"
"08/12/2014","130.200","130.175","130.260","130.140","","0.00%"
"08/11/2014","130.200","130.215","130.215","130.130","","0.00%"
"08/08/2014","130.200","130.210","130.225","130.150","","0.00%"
"08/07/2014","130.195","130.205","130.225","130.160","","-0.02%"
"08/06/2014","130.215","130.205","130.225","130.175","","0.00%"
"08/05/2014","130.215","130.215","130.255","130.185","","-0.01%"
"08/04/2014","130.225","130.215","130.240","130.190","","0.00%"
"08/01/2014","130.225","130.205","130.275","130.185","","0.00%"
"07/31/2014","130.225","130.215","130.230","130.185","","0.00%"
"07/30/2014","130.225","130.210","130.235","130.175","","0.01%"
"07/29/2014","130.215","130.215","130.215","130.215","","0.00%"
"07/28/2014","130.215","130.250","130.285","130.170","","-0.01%"
"07/25/2014","130.225","130.225","130.300","130.185","","-0.02%"
"07/24/2014","130.250","130.300","130.300","130.215","","0.00%"
"07/23/2014","130.255","130.300","130.315","130.215","","-0.02%"
"07/22/2014","130.280","130.300","130.315","130.225","","0.00%"
"07/21/2014","130.275","130.285","130.340","130.150","","0.02%"
"07/18/2014","130.255","130.275","130.275","130.210","","0.06%"
"07/17/2014","130.175","130.215","130.265","130.150","","-0.02%"
"07/16/2014","130.200","130.215","130.245","130.140","","0.00%"
"07/15/2014","130.195","130.200","130.225","130.145","","-0.02%"
"07/14/2014","130.220","130.205","130.260","130.170","","0.02%"
"07/11/2014","130.200","130.225","130.275","130.180","","-0.02%"
"07/10/2014","130.225","130.215","130.275","130.190","","0.01%"
"07/09/2014","130.215","130.275","130.310","130.215","","-0.05%"
"07/08/2014","130.275","130.260","130.290","130.225","","0.00%"
"07/07/2014","130.280","130.250","130.315","130.235","","0.02%"
"07/04/2014","130.260","130.260","130.310","130.230","","0.00%"
"07/03/2014","130.265","130.265","130.340","130.225","","-0.03%"
"07/02/2014","130.300","130.265","130.350","130.230","","0.00%"
"07/01/2014","130.295","130.330","130.360","130.265","","-0.02%"
"06/30/2014","130.325","130.340","130.370","130.305","","-0.01%"
"06/27/2014","130.340","130.335","130.365","130.285","","0.02%"
"06/26/2014","130.320","130.370","130.385","130.275","","0.00%"
"06/25/2014","130.325","130.330","130.360","130.285","","0.03%"
"06/24/2014","130.290","130.300","130.350","130.270","","0.00%"
"06/23/2014","130.295","130.275","130.315","130.250","","0.00%"
"06/20/2014","130.290","130.305","130.340","130.260","","-0.03%"
"06/19/2014","130.335","130.230","130.350","130.225","","0.05%"
"06/18/2014","130.275","130.250","130.300","130.205","","0.03%"
"06/17/2014","130.240","130.210","130.275","130.210","","0.00%"
"06/16/2014","130.240","130.240","130.300","130.205","","0.00%"
"06/13/2014","130.240","130.300","130.305","130.225","","-0.02%"
"06/12/2014","130.260","130.260","130.260","130.260","","0.00%"
"06/11/2014","130.260","130.300","130.315","130.230","","0.00%"
"06/10/2014","130.265","130.260","130.305","130.230","","-0.01%"
"06/09/2014","130.275","130.245","130.315","130.235","","0.00%"
"06/06/2014","130.275","130.300","130.315","130.225","","-0.04%"
"06/05/2014","130.330","130.300","130.350","130.245","","0.00%"
"06/04/2014","130.335","130.400","130.400","130.285","","-0.02%"
"06/03/2014","130.365","130.325","130.405","130.315","","0.01%"
"06/02/2014","130.350","130.350","130.425","130.325","","-0.04%"
"05/30/2014","130.400","130.410","130.475","130.340","","0.00%"
"05/29/2014","130.400","130.465","130.520","130.400","","0.00%"
"05/28/2014","130.400","130.420","130.490","130.375","","0.00%"
"05/27/2014","130.400","130.380","130.450","130.375","","0.00%"
"05/26/2014","130.400","130.400","130.450","130.360","","0.00%"
"05/23/2014","130.400","130.400","130.495","130.335","","0.02%"
"05/22/2014","130.375","130.350","130.415","130.325","","0.01%"
"05/21/2014","130.365","130.375","130.440","130.325","","-0.01%"
"05/20/2014","130.375","130.350","130.440","130.340","","0.02%"
"05/19/2014","130.350","130.340","130.410","130.325","","0.00%"
"05/16/2014","130.350","130.340","130.400","130.325","","0.02%"
"05/15/2014","130.325","130.325","130.325","130.325","","0.00%"
"05/14/2014","130.325","130.325","130.325","130.325","","0.00%"
"05/13/2014","130.325","130.380","130.425","130.300","","-0.02%"
"05/12/2014","130.350","130.420","130.450","130.325","","-0.04%"
"05/09/2014","130.400","130.500","130.550","130.350","","-0.08%"
"05/08/2014","130.505","130.600","130.625","130.475","","-0.08%"
"05/07/2014","130.615","130.600","130.640","130.575","","0.02%"
"05/06/2014","130.595","130.630","130.645","130.585","","-0.01%"
"05/05/2014","130.610","130.625","130.640","130.640","","-0.01%"
"05/02/2014","130.625","130.600","130.655","130.585","","-0.01%"
"05/01/2014","130.640","130.640","130.640","130.640","","0.00%"
"04/30/2014","130.640","130.625","130.675","130.550","","0.02%"
"04/29/2014","130.610","130.605","130.630","130.560","","-0.02%"
"04/28/2014","130.630","130.610","130.650","130.575","","0.01%"
"04/25/2014","130.615","130.640","130.660","130.575","","0.00%"
"04/24/2014","130.615","130.650","130.665","130.585","","-0.01%"
"04/23/2014","130.625","130.650","130.675","130.560","","0.02%"
"04/22/2014","130.600","130.585","130.650","130.550","","-0.02%"
"04/21/2014","130.620","130.650","130.675","130.585","","0.01%"
"04/18/2014","130.610","130.610","130.610","130.610","","0.00%"
"04/17/2014","130.610","130.600","130.650","130.550","","0.03%"
"04/16/2014","130.575","130.600","130.640","130.565","","-0.02%"
"04/15/2014","130.600","130.600","130.600","130.600","","0.00%"
"04/14/2014","130.600","130.600","130.600","130.600","","0.00%"
"04/11/2014","130.600","130.610","130.675","130.540","","0.00%"
"04/10/2014","130.605","130.600","130.650","130.550","","0.00%"
"04/09/2014","130.600","130.610","130.625","130.540","","0.00%"
"04/08/2014","130.595","130.650","130.730","130.560","","-0.10%"
"04/07/2014","130.730","130.650","130.750","130.640","","0.10%"
"04/04/2014","130.600","130.650","130.750","130.500","","-0.04%"
"04/03/2014","130.650","130.750","130.750","130.645","","-0.05%"
"04/02/2014","130.715","130.715","130.750","130.675","","0.01%"
"04/01/2014","130.700","130.750","130.750","130.650","","0.00%"
"03/31/2014","130.700","130.675","130.770","130.675","","0.00%"
"03/28/2014","130.700","130.730","130.750","130.685","","0.00%"
"03/27/2014","130.700","130.700","130.750","130.650","","0.00%"
"03/26/2014","130.700","130.720","130.750","130.635","","0.04%"
"03/25/2014","130.650","130.650","130.750","130.625","","0.00%"
"03/24/2014","130.650","130.650","130.700","130.575","","0.02%"
"03/21/2014","130.625","130.650","130.700","130.575","","0.02%"
"03/20/2014","130.600","130.620","130.700","130.575","","0.00%"
"03/19/2014","130.600","130.600","130.630","130.550","","0.01%"
"03/18/2014","130.590","130.630","130.650","130.530","","-0.01%"
"03/17/2014","130.600","130.650","130.650","130.550","","0.00%"
"03/14/2014","130.605","130.700","130.750","130.575","","-0.07%"
"03/13/2014","130.700","130.620","130.700","130.550","","0.08%"
"03/12/2014","130.600","130.575","130.600","130.450","","0.02%"
"03/11/2014","130.575","130.530","130.575","130.460","","0.02%"
"03/10/2014","130.545","130.550","130.625","130.535","","-0.02%"
"03/07/2014","130.575","130.550","130.640","130.475","","0.02%"
"03/06/2014","130.555","130.595","130.700","130.525","","-0.03%"
"03/05/2014","130.595","130.625","130.675","130.575","","-0.04%"
"03/04/2014","130.650","130.630","130.675","130.550","","0.02%"
"03/03/2014","130.625","130.600","130.775","130.575","","-0.08%"
"02/28/2014","130.725","131.100","131.140","130.725","","-0.25%"
"02/27/2014","131.050","131.050","131.050","131.050","","0.00%"
"02/26/2014","131.050","131.100","131.125","130.975","","-0.02%"
"02/25/2014","131.075","131.100","131.150","131.000","","0.02%"
"02/24/2014","131.050","130.950","131.100","130.940","","0.08%"
"02/21/2014","130.950","131.025","131.025","130.925","","0.02%"
"02/20/2014","130.925","130.875","131.015","130.850","","0.04%"
"02/19/2014","130.870","130.850","130.900","130.800","","0.02%"
"02/18/2014","130.850","130.850","130.900","130.750","","0.02%"
"02/17/2014","130.825","130.850","130.875","130.785","","0.00%"
"02/14/2014","130.825","130.825","130.825","130.825","","0.00%"
"02/13/2014","130.825","130.825","131.380","130.800","","0.00%"
"02/12/2014","130.825","130.850","130.870","130.750","","0.00%"
"02/11/2014","130.825","130.750","130.875","130.725","","0.06%"
"02/10/2014","130.750","130.700","130.800","130.625","","0.00%"
"02/07/2014","130.750","130.650","130.795","130.625","","0.08%"
"02/06/2014","130.650","130.640","130.700","130.615","","-0.01%"
"02/05/2014","130.660","130.650","130.715","130.615","","0.02%"
"02/04/2014","130.635","130.635","130.635","130.635","","0.00%"
"02/03/2014","130.635","130.775","130.800","130.635","","-0.09%"
"01/31/2014","130.750","130.700","130.800","130.685","","0.06%"
"01/30/2014","130.675","130.775","130.825","130.650","","-0.04%"
"01/29/2014","130.730","130.845","130.900","130.690","","-0.07%"
"01/28/2014","130.825","130.800","130.875","130.750","","0.08%"
"01/27/2014","130.725","130.700","130.800","130.650","","0.06%"
"01/24/2014","130.650","130.775","130.775","130.625","","-0.06%"
"01/23/2014","130.725","130.800","130.860","130.700","","-0.06%"
"01/22/2014","130.800","130.800","130.900","130.750","","0.00%"
"01/21/2014","130.800","130.750","130.800","130.700","","0.05%"
"01/20/2014","130.740","130.700","130.775","130.650","","0.03%"
"01/17/2014","130.700","130.655","130.775","130.625","","0.02%"
"01/16/2014","130.675","130.675","130.800","130.650","","-0.02%"
"01/15/2014","130.700","130.700","130.700","130.700","","0.00%"
"01/14/2014","130.700","130.700","130.700","130.700","","0.00%"
"01/13/2014","130.700","130.725","130.800","130.650","","0.00%"
"01/10/2014","130.700","130.650","130.750","130.625","","0.00%"
"01/09/2014","130.700","130.800","130.850","130.700","","-0.11%"
"01/08/2014","130.850","130.800","130.875","130.750","","0.11%"
"01/07/2014","130.700","130.675","130.875","130.600","","-0.04%"
"01/06/2014","130.750","130.775","130.800","130.650","","0.04%"
"01/03/2014","130.700","130.800","130.800","130.625","","-0.02%"
"01/02/2014","130.725","130.725","130.775","130.675","","-0.02%"
"01/01/2014","130.750","130.800","130.850","130.650","","-0.04%"
"12/31/2013","130.800","130.750","130.900","130.750","","-0.02%"
"12/30/2013","130.825","130.800","130.900","130.750","","0.06%"
"12/27/2013","130.750","130.700","130.825","130.675","","0.02%"
"12/26/2013","130.725","130.800","130.800","130.650","","-0.06%"
"12/25/2013","130.800","130.800","130.800","130.800","","0.00%"
"12/24/2013","130.800","130.725","130.800","130.690","","0.04%"
"12/23/2013","130.750","130.775","130.800","130.650","","0.04%"
"12/20/2013","130.700","130.750","130.800","130.700","","-0.04%"
"12/19/2013","130.750","130.800","130.825","130.700","","-0.04%"
"12/18/2013","130.800","130.825","130.895","130.725","","-0.02%"
"12/17/2013","130.825","130.850","130.875","130.750","","0.01%"
"12/16/2013","130.810","130.810","130.810","130.810","","0.00%"
"12/13/2013","130.810","130.875","130.975","130.775","","-0.07%"
"12/12/2013","130.900","130.825","130.910","130.750","","0.08%"
"12/11/2013","130.800","130.825","130.850","130.750","","0.00%"
"12/10/2013","130.800","130.800","130.875","130.700","","0.00%"
"12/09/2013","130.800","130.800","130.850","130.725","","-0.04%"
"12/06/2013","130.850","130.800","130.875","130.765","","-0.02%"
"12/05/2013","130.870","130.850","130.885","130.800","","0.03%"
"12/04/2013","130.830","130.825","130.900","130.775","","-0.02%"
"12/03/2013","130.850","131.050","131.475","130.800","","-0.15%"
"12/02/2013","131.050","131.225","131.250","131.000","","-0.15%"
"11/29/2013","131.250","131.200","131.265","131.150","","0.04%"
"11/28/2013","131.200","131.225","131.250","131.150","","-0.06%"
"11/27/2013","131.275","131.325","131.350","131.125","","0.06%"
"11/26/2013","131.200","131.225","131.225","131.115","","0.04%"
"11/25/2013","131.150","131.165","131.175","131.050","","0.00%"
"11/22/2013","131.150","131.200","131.200","131.100","","0.04%"
"11/21/2013","131.100","131.050","131.225","131.050","","0.00%"
"11/20/2013","131.100","131.175","131.175","131.040","","0.00%"
"11/19/2013","131.100","131.075","131.175","131.050","","-0.04%"
"11/18/2013","131.150","131.150","131.600","131.050","","0.00%"
"11/15/2013","131.150","131.175","131.175","131.050","","0.00%"
"11/14/2013","131.150","131.150","131.175","131.050","","0.04%"
"11/13/2013","131.100","131.100","131.150","131.050","","0.00%"
"11/12/2013","131.100","131.100","131.150","131.050","","0.00%"
"11/11/2013","131.100","131.125","131.150","131.000","","-0.02%"
"11/08/2013","131.125","131.175","131.175","131.000","","0.02%"
"11/07/2013","131.100","131.125","131.175","130.075","","-0.02%"
"11/06/2013","131.125","131.125","131.150","130.975","","-0.02%"
"11/05/2013","131.150","131.100","131.150","131.000","","0.00%"
"11/04/2013","131.150","130.975","131.150","130.900","","0.10%"
"11/01/2013","131.025","130.900","131.075","130.775","","0.10%"
"10/31/2013","130.900","131.075","131.100","130.725","","-0.11%"
"10/30/2013","131.050","131.150","131.175","130.950","","0.08%"
"10/29/2013","130.950","130.950","131.150","130.100","","-0.04%"
"10/28/2013","131.000","130.650","131.450","130.650","","0.27%"
"10/25/2013","130.650","130.550","130.650","130.375","","0.08%"
"10/24/2013","130.550","130.675","130.700","130.500","","-0.15%"
"10/23/2013","130.750","130.825","130.850","130.670","","-0.06%"
"10/22/2013","130.825","130.875","130.975","130.775","","-0.06%"
"10/21/2013","130.900","131.000","131.110","130.850","","-0.08%"
"10/18/2013","131.000","131.000","131.000","131.000","","0.00%"
"10/17/2013","131.000","131.100","131.225","130.925","","-0.11%"
"10/16/2013","131.150","131.150","131.150","131.150","","0.00%"
"10/15/2013","131.150","130.900","131.150","130.500","","0.19%"
"10/14/2013","130.900","131.075","131.125","130.825","","-0.13%"
"10/11/2013","131.075","131.150","131.150","130.900","","-0.06%"
"10/10/2013","131.150","131.150","132.025","131.025","","0.02%"
"10/09/2013","131.125","131.200","131.250","131.075","","-0.06%"
"10/08/2013","131.200","131.175","131.250","131.050","","0.04%"
"10/07/2013","131.150","131.200","131.200","131.025","","-0.11%"
"10/04/2013","131.300","131.425","131.450","131.100","","-0.11%"
"10/03/2013","131.450","131.350","131.575","131.150","","0.00%"
"10/02/2013","131.450","131.475","131.575","131.050","","-0.02%"
"10/01/2013","131.475","132.025","132.075","131.375","","-0.40%"
"09/30/2013","132.000","132.000","132.125","131.925","","-0.02%"
"09/27/2013","132.025","132.050","132.100","131.935","","0.02%"
"09/26/2013","132.000","132.000","132.050","131.900","","-0.04%"
"09/25/2013","132.050","132.050","132.225","131.900","","-0.09%"
"09/24/2013","132.175","132.075","132.725","132.025","","0.06%"
"09/23/2013","132.100","132.150","132.225","132.050","","-0.08%"
"09/20/2013","132.200","132.275","132.275","132.025","","-0.08%"
"09/19/2013","132.300","132.300","132.300","132.300","","0.00%"
"09/18/2013","132.300","132.350","132.400","132.200","","0.04%"
"09/17/2013","132.250","132.300","132.425","132.175","","0.00%"
"09/16/2013","132.250","132.250","132.375","132.125","","0.00%"
"09/13/2013","132.250","132.300","132.425","131.850","","-0.06%"
"09/12/2013","132.325","132.350","132.450","132.100","","-0.02%"
"09/11/2013","132.350","132.900","132.950","132.150","","-0.38%"
"09/10/2013","132.850","133.025","133.025","132.850","","-0.05%"
"09/09/2013","132.910","133.025","133.150","132.910","","0.00%"
"09/06/2013","132.910","133.050","133.100","132.910","","-0.11%"
"09/05/2013","133.050","133.000","133.100","132.950","","0.04%"
"09/04/2013","133.000","133.000","133.175","132.950","","-0.04%"
"09/03/2013","133.050","132.950","133.075","132.900","","0.00%"
"09/02/2013","133.050","132.900","133.075","132.900","","0.11%"
"08/30/2013","132.900","133.250","133.250","132.800","","-0.23%"
"08/29/2013","133.200","133.500","133.600","133.050","","0.00%"
"08/28/2013","133.200","133.150","134.200","132.800","","0.22%"
"08/27/2013","132.910","132.850","133.150","132.050","","0.15%"
"08/26/2013","132.710","132.700","133.325","132.250","","0.15%"
"08/23/2013","132.510","131.850","132.575","131.825","","0.45%"
"08/22/2013","131.910","132.050","132.450","131.810","","0.01%"
"08/21/2013","131.900","131.900","132.250","131.750","","-0.02%"
"08/20/2013","131.925","131.925","131.925","131.925","","0.00%"
"08/19/2013","131.925","131.700","131.975","131.575","","0.13%"
"08/16/2013","131.750","131.525","131.800","131.350","","0.27%"
"08/15/2013","131.400","131.550","131.675","131.400","","-0.11%"
"08/14/2013","131.550","131.600","131.675","131.450","","-0.08%"
"08/13/2013","131.650","131.575","131.750","131.550","","-0.04%"
"08/12/2013","131.700","131.650","131.725","131.550","","0.00%"
"08/09/2013","131.700","131.700","131.700","131.700","","0.00%"
"08/08/2013","131.700","131.550","131.725","131.550","","0.00%"
"08/07/2013","131.700","131.575","131.700","131.550","","0.08%"
"08/06/2013","131.600","131.650","131.725","131.525","","-0.04%"
"08/05/2013","131.650","131.700","131.700","131.525","","0.00%"
"08/02/2013","131.650","131.750","131.775","131.550","","0.00%"
"08/01/2013","131.650","131.575","131.775","131.500","","-0.08%"
"07/31/2013","131.750","131.575","131.800","131.550","","0.08%"
"07/30/2013","131.650","131.550","131.675","131.550","","0.04%"
"07/29/2013","131.600","131.625","131.675","131.500","","-0.02%"
"07/26/2013","131.625","131.625","131.675","131.525","","-0.02%"
"07/25/2013","131.650","131.510","131.725","131.500","","0.00%"
"07/24/2013","131.650","131.575","131.650","131.500","","-0.04%"
"07/23/2013","131.700","131.600","131.725","131.450","","0.00%"
"07/22/2013","131.700","131.700","131.700","131.700","","0.00%"
"07/19/2013","131.700","131.550","131.750","131.425","","0.00%"
"07/18/2013","131.700","131.400","131.900","131.350","","0.08%"
"07/17/2013","131.600","131.250","131.600","131.150","","0.15%"
"07/16/2013","131.400","131.025","131.500","130.050","","0.29%"
"07/15/2013","131.025","130.850","131.120","130.800","","0.13%"
"07/12/2013","130.850","130.870","131.095","130.675","","0.00%"
"07/11/2013","130.850","130.775","131.000","130.625","","0.04%"
"07/10/2013","130.800","130.800","130.900","130.600","","-0.04%"
"07/09/2013","130.850","130.750","130.925","130.550","","-0.23%"
"07/08/2013","131.150","130.675","131.275","130.350","","0.38%"
"07/05/2013","130.650","130.600","130.725","130.525","","0.04%"
"07/04/2013","130.600","130.625","130.700","130.525","","-0.02%"
"07/03/2013","130.625","130.675","130.725","130.540","","-0.06%"
"07/02/2013","130.700","130.550","130.775","130.500","","0.00%"
"07/01/2013","130.700","130.550","130.800","130.400","","0.08%"
"06/28/2013","130.600","130.650","130.650","129.850","","0.00%"
"06/27/2013","130.600","129.700","130.950","129.650","","0.77%"
"06/26/2013","129.600","128.950","129.825","128.550","","0.54%"
"06/25/2013","128.900","128.700","129.025","128.700","","0.00%"
"06/24/2013","128.900","128.950","129.750","128.550","","0.04%"
"06/21/2013","128.850","128.550","129.150","128.450","","0.31%"
"06/20/2013","128.450","128.010","128.725","127.950","","0.47%"
"06/19/2013","127.850","128.500","128.850","127.550","","-0.54%"
"06/18/2013","128.550","128.650","128.765","128.500","","-0.04%"
"06/17/2013","128.600","128.750","128.850","128.500","","0.04%"
"06/14/2013","128.550","127.900","128.750","127.850","","0.55%"
"06/13/2013","127.850","127.500","127.925","127.350","","0.35%"
"06/12/2013","127.400","127.750","127.750","127.300","","-0.23%"
"06/11/2013","127.700","126.850","127.775","126.850","","0.73%"
"06/10/2013","126.775","126.450","126.825","126.425","","0.34%"
"06/07/2013","126.350","126.375","126.475","126.350","","-0.06%"
"06/06/2013","126.425","126.500","126.550","126.415","","-0.06%"
"06/05/2013","126.500","126.500","126.535","126.420","","0.00%"
"06/04/2013","126.500","126.450","126.575","126.450","","0.00%"
"06/03/2013","126.500","126.500","126.625","126.400","","-0.02%"
"05/31/2013","126.525","126.475","126.550","126.450","","0.02%"
"05/30/2013","126.500","126.450","126.535","126.425","","0.00%"
"05/29/2013","126.500","126.500","126.550","126.375","","0.08%"
"05/28/2013","126.400","126.400","126.550","126.375","","0.04%"
"05/27/2013","126.350","126.325","126.475","126.275","","0.00%"
"05/24/2013","126.350","126.350","126.350","126.350","","0.00%"
"05/23/2013","126.350","126.300","126.390","126.225","","-0.04%"
"05/22/2013","126.400","126.400","126.400","126.125","","0.00%"
"05/21/2013","126.400","126.300","126.475","126.250","","0.06%"
"05/20/2013","126.325","126.250","126.325","126.175","","0.02%"
"05/17/2013","126.300","125.900","126.375","125.500","","0.48%"
"05/16/2013","125.700","126.000","126.000","125.625","","-0.26%"
"05/15/2013","126.025","126.475","126.475","125.900","","-0.38%"
"05/14/2013","126.500","126.300","126.550","126.225","","0.20%"
"05/13/2013","126.250","126.200","126.300","126.025","","0.04%"
"05/10/2013","126.200","125.900","126.225","125.900","","0.24%"
"05/09/2013","125.900","126.100","126.900","125.900","","-0.16%"
"05/08/2013","126.100","126.350","126.400","126.050","","-0.25%"
"05/07/2013","126.415","126.425","126.475","126.285","","0.00%"
"05/06/2013","126.415","126.350","126.575","126.250","","0.13%"
"05/03/2013","126.250","126.150","126.500","126.125","","0.08%"
"05/02/2013","126.150","126.700","126.775","126.150","","-0.47%"
"05/01/2013","126.750","126.750","126.750","126.750","","0.00%"
"04/30/2013","126.750","126.800","126.845","126.585","","0.00%"
"04/29/2013","126.750","126.750","126.900","126.700","","-0.43%"
"04/26/2013","127.300","126.875","127.825","126.700","","0.45%"
"04/25/2013","126.725","126.725","126.725","126.725","","0.00%"
"04/24/2013","126.725","126.900","126.900","126.675","","-0.10%"
"04/23/2013","126.850","126.700","126.890","126.525","","0.16%"
"04/22/2013","126.650","125.850","126.650","125.850","","0.55%"
"04/19/2013","125.960","125.700","126.010","125.600","","0.21%"
"04/18/2013","125.700","125.600","125.750","125.490","","0.12%"
"04/17/2013","125.550","125.425","125.575","125.375","","0.12%"
"04/16/2013","125.400","125.400","125.475","125.250","","0.00%"
"04/15/2013","125.400","125.400","125.400","125.400","","0.00%"
"04/12/2013","125.400","125.400","125.450","125.250","","0.02%"
"04/11/2013","125.375","125.350","125.475","125.250","","0.02%"
"04/10/2013","125.350","125.450","125.595","125.325","","-0.14%"
"04/09/2013","125.525","125.550","125.600","125.425","","-0.06%"
"04/08/2013","125.600","125.400","126.150","125.275","","0.00%"
"04/05/2013","125.600","125.700","126.225","125.475","","-0.16%"
"04/04/2013","125.800","126.300","126.300","125.800","","-0.34%"
"04/03/2013","126.225","126.400","126.400","126.195","","-0.18%"
"04/02/2013","126.450","126.400","126.450","126.250","","0.04%"
"04/01/2013","126.400","126.825","126.850","126.175","","-0.28%"
"03/29/2013","126.750","126.750","126.750","126.750","","0.00%"
"03/28/2013","126.750","126.850","126.900","126.750","","-0.10%"
"03/27/2013","126.875","126.700","126.975","126.675","","0.10%"
"03/26/2013","126.750","126.750","126.750","126.750","","0.00%"
"03/25/2013","126.750","126.800","126.950","126.650","","-0.08%"
"03/22/2013","126.850","127.000","127.100","126.800","","-0.14%"
"03/21/2013","127.025","126.700","127.100","126.675","","0.26%"
"03/20/2013","126.700","126.575","126.750","126.550","","0.02%"
"03/19/2013","126.675","126.350","126.685","126.225","","0.30%"
"03/18/2013","126.300","126.150","127.050","126.050","","0.12%"
"03/15/2013","126.150","126.300","126.300","125.900","","-0.08%"
"03/14/2013","126.250","126.450","126.550","126.150","","-0.16%"
"03/13/2013","126.450","126.200","126.500","126.100","","0.16%"
"03/12/2013","126.250","126.500","127.050","125.900","","-0.20%"
"03/11/2013","126.500","126.550","127.725","126.425","","-0.04%"
"03/08/2013","126.550","127.175","128.050","126.450","","-0.55%"
"03/07/2013","127.250","127.300","127.400","127.150","","0.00%"
"03/06/2013","127.250","127.500","127.500","127.225","","-0.20%"
"03/05/2013","127.500","127.475","127.550","127.360","","0.12%"
"03/04/2013","127.350","127.400","127.565","127.350","","-0.06%"
"03/01/2013","127.430","127.500","127.735","127.300","","-0.09%"
"02/28/2013","127.550","127.500","127.575","127.350","","0.04%"
"02/27/2013","127.500","127.500","127.575","126.450","","0.00%"
"02/26/2013","127.500","127.425","127.565","127.350","","0.08%"
"02/25/2013","127.400","127.400","127.400","127.400","","0.00%"
"02/22/2013","127.400","127.000","127.525","127.000","","0.24%"
"02/21/2013","127.100","127.500","127.725","126.475","","-0.20%"
"02/20/2013","127.350","127.350","127.750","127.100","","-0.04%"
"02/19/2013","127.400","126.725","127.625","126.725","","0.47%"
"02/18/2013","126.800","126.675","126.940","126.575","","0.08%"
"02/15/2013","126.700","126.575","126.775","126.500","","0.04%"
"02/14/2013","126.650","126.375","126.725","126.250","","0.14%"
"02/13/2013","126.475","126.200","126.575","126.145","","0.14%"
"02/12/2013","126.300","126.350","126.400","126.150","","-0.08%"
"02/11/2013","126.400","126.300","126.455","126.225","","0.08%"
"02/08/2013","126.300","126.225","126.385","126.075","","0.16%"
"02/07/2013","126.100","126.225","126.950","125.900","","-0.24%"
"02/06/2013","126.400","126.300","126.425","126.240","","-0.04%"
"02/05/2013","126.450","126.325","126.600","126.300","","0.12%"
"02/04/2013","126.300","126.300","126.300","126.300","","0.00%"
"02/01/2013","126.300","126.300","126.675","126.075","","-0.04%"
"01/31/2013","126.350","126.550","126.650","126.200","","-0.08%"
"01/30/2013","126.450","126.650","126.650","126.325","","-0.12%"
"01/29/2013","126.600","127.150","127.150","126.525","","-0.43%"
"01/28/2013","127.150","127.150","127.215","127.000","","0.00%"
"01/25/2013","127.150","127.150","127.150","127.150","","0.00%"
"01/24/2013","127.150","127.050","127.175","127.000","","0.08%"
"01/23/2013","127.050","126.800","127.175","126.800","","0.28%"
"01/22/2013","126.700","126.650","126.850","126.500","","0.02%"
"01/21/2013","126.675","126.650","126.725","126.475","","0.10%"
"01/18/2013","126.550","126.650","126.750","126.375","","-0.16%"
"01/17/2013","126.750","126.550","126.950","126.550","","0.12%"
"01/16/2013","126.600","126.500","126.775","126.400","","0.08%"
"01/15/2013","126.500","126.200","126.525","126.200","","0.20%"
"01/14/2013","126.250","126.250","126.250","126.250","","0.00%"
"01/11/2013","126.250","126.050","126.250","125.125","","0.12%"
"01/10/2013","126.100","126.150","126.200","125.750","","-0.16%"
"01/09/2013","126.300","127.600","128.050","125.875","","-0.67%"
"01/08/2013","127.150","127.300","128.100","127.050","","-0.20%"
"01/07/2013","127.400","127.400","127.490","127.240","","0.00%"
"01/04/2013","127.400","127.400","127.525","127.275","","-0.08%"
"01/03/2013","127.500","127.400","127.725","127.300","","0.12%"
"01/02/2013","127.350","127.400","127.500","127.190","","-0.24%"
"01/01/2013","127.650","127.900","127.950","127.250","","-0.04%"
"12/31/2012","127.700","127.200","127.950","127.150","","0.55%"
"12/28/2012","127.000","127.000","127.550","126.900","","0.00%"
"12/27/2012","127.000","127.000","127.000","127.000","","0.00%"
"12/26/2012","127.000","127.100","127.450","126.850","","0.04%"
"12/25/2012","126.950","126.950","126.950","126.950","","0.00%"
"12/24/2012","126.950","127.050","127.125","126.500","","-0.04%"
"12/21/2012","127.000","127.650","127.650","125.450","","-0.59%"
"12/20/2012","127.750","128.400","128.525","127.150","","-0.51%"
"12/19/2012","128.400","128.750","128.775","128.300","","-0.27%"
"12/18/2012","128.750","128.650","128.840","128.550","","0.08%"
"12/17/2012","128.650","128.550","128.800","128.450","","0.08%"
"12/14/2012","128.550","128.400","128.700","128.100","","0.04%"
"12/13/2012","128.500","128.775","128.825","128.250","","-0.17%"
"12/12/2012","128.725","128.850","129.275","128.675","","-0.10%"
"12/11/2012","128.850","128.775","128.910","128.675","","0.02%"
"12/10/2012","128.825","128.350","128.925","128.350","","0.21%"
"12/07/2012","128.550","128.750","128.900","128.300","","-0.16%"
"12/06/2012","128.750","129.000","129.000","128.450","","0.08%"
"12/05/2012","128.650","128.350","128.700","128.250","","0.27%"
"12/04/2012","128.300","129.425","129.425","128.150","","-0.89%"
"12/03/2012","129.450","129.900","130.075","129.200","","-0.54%"
"11/30/2012","130.150","130.350","130.385","130.000","","-0.15%"
"11/29/2012","130.350","130.150","130.350","130.100","","0.15%"
"11/28/2012","130.150","130.150","130.275","130.075","","0.00%"
"11/27/2012","130.150","130.150","130.150","130.150","","0.00%"
"11/26/2012","130.150","130.175","130.285","130.050","","-0.04%"
"11/23/2012","130.200","130.275","130.325","129.975","","-0.12%"
"11/22/2012","130.350","130.325","130.425","130.150","","0.04%"
"11/21/2012","130.300","130.300","130.350","130.150","","0.00%"
"11/20/2012","130.300","130.275","130.400","130.100","","0.12%"
"11/19/2012","130.150","129.950","130.210","129.950","","0.15%"
"11/16/2012","129.950","129.900","130.050","129.855","","0.12%"
"11/15/2012","129.800","130.150","130.275","129.800","","-0.36%"
"11/14/2012","130.275","130.400","130.855","130.150","","-0.17%"
"11/13/2012","130.500","130.500","130.500","130.500","","0.00%"
"11/12/2012","130.500","130.750","131.125","130.300","","-0.23%"
"11/09/2012","130.800","130.850","131.275","130.575","","0.11%"
"11/08/2012","130.650","130.950","131.085","130.650","","-0.15%"
"11/07/2012","130.850","130.700","130.950","130.675","","0.11%"
"11/06/2012","130.700","130.350","130.900","130.350","","0.19%"
"11/05/2012","130.450","130.300","130.450","130.275","","0.12%"
"11/02/2012","130.300","130.300","130.450","130.200","","0.22%"
"11/01/2012","130.010","130.250","130.550","130.010","","-0.18%"
"10/31/2012","130.250","130.100","130.300","130.100","","0.08%"
"10/30/2012","130.150","130.000","130.225","129.850","","0.27%"
"10/29/2012","129.800","129.800","129.800","129.800","","0.00%"
"10/26/2012","129.800","129.850","130.125","129.800","","-0.15%"
"10/25/2012","130.000","129.950","130.300","129.925","","-0.08%"
"10/24/2012","130.100","129.900","130.125","129.900","","0.15%"
"10/23/2012","129.900","129.750","130.300","129.750","","0.15%"
"10/22/2012","129.700","128.950","129.775","128.950","","0.52%"
"10/19/2012","129.025","128.900","129.130","128.825","","0.10%"
"10/18/2012","128.900","128.750","129.050","128.050","","0.14%"
"10/17/2012","128.725","128.750","128.925","128.650","","0.02%"
"10/16/2012","128.700","128.750","129.025","128.550","","0.19%"
"10/15/2012","128.450","128.450","128.625","128.325","","0.00%"
"10/12/2012","128.450","128.400","128.600","128.300","","0.04%"
"10/11/2012","128.400","128.550","128.725","128.375","","-0.04%"
"10/10/2012","128.450","128.400","128.650","128.300","","0.10%"
"10/09/2012","128.325","128.400","128.675","128.150","","-0.02%"
"10/08/2012","128.350","128.450","128.500","128.125","","-0.04%"
"10/05/2012","128.400","129.250","129.250","127.950","","-0.47%"
"10/04/2012","129.000","129.400","130.225","128.975","","-0.29%"
"10/03/2012","129.375","129.350","129.500","129.200","","0.06%"
"10/02/2012","129.300","129.150","129.300","129.050","","0.15%"
"10/01/2012","129.100","129.250","129.750","128.775","","-0.25%"
"09/28/2012","129.425","129.550","129.900","129.000","","-0.14%"
"09/27/2012","129.600","131.000","131.200","128.125","","-1.07%"
"09/26/2012","131.000","130.950","131.200","130.885","","-0.02%"
"09/25/2012","131.025","130.840","131.175","130.025","","-0.10%"
"09/24/2012","131.150","131.400","131.400","131.050","","-0.15%"
"09/21/2012","131.350","131.575","131.575","131.300","","-0.19%"
"09/20/2012","131.600","131.450","131.725","131.375","","-0.08%"
"09/19/2012","131.700","131.900","131.900","131.400","","-0.19%"
"09/18/2012","131.950","132.100","132.200","131.825","","-0.15%"
"09/17/2012","132.150","132.075","132.200","131.900","","0.04%"
"09/14/2012","132.100","131.875","133.050","131.850","","0.19%"
"09/13/2012","131.850","131.900","132.025","131.625","","-0.04%"
"09/12/2012","131.900","132.350","132.350","131.825","","-0.32%"
"09/11/2012","132.325","132.225","132.340","132.100","","0.02%"
"09/10/2012","132.300","132.350","132.435","132.125","","-0.06%"
"09/07/2012","132.375","132.425","132.450","132.200","","-0.02%"
"09/06/2012","132.400","132.375","132.430","132.210","","0.06%"
"09/05/2012","132.325","132.300","132.400","132.200","","0.00%"
"09/04/2012","132.325","132.225","132.400","132.200","","0.00%"
"09/03/2012","132.325","132.375","132.400","132.175","","-0.04%"
"08/31/2012","132.375","132.375","132.375","132.375","","0.00%"
"08/30/2012","132.375","132.400","132.470","132.200","","0.02%"
"08/29/2012","132.350","132.350","132.445","132.200","","0.00%"
"08/28/2012","132.350","132.475","132.550","132.215","","-0.11%"
"08/27/2012","132.500","132.275","132.625","132.175","","0.19%"
"08/24/2012","132.250","132.350","132.400","132.175","","-0.08%"
"08/23/2012","132.350","132.350","132.725","132.200","","0.00%"
"08/22/2012","132.350","131.900","132.400","131.840","","0.26%"
"08/21/2012","132.010","132.250","132.425","132.010","","-0.18%"
"08/20/2012","132.250","132.300","132.400","132.100","","-0.09%"
"08/17/2012","132.375","132.050","132.800","131.900","","0.28%"
"08/16/2012","132.000","131.950","132.100","131.850","","0.00%"
"08/15/2012","132.000","131.950","132.060","131.885","","0.04%"
"08/14/2012","131.950","131.950","132.075","131.825","","0.00%"
"08/13/2012","131.950","131.950","132.075","131.775","","0.04%"
"08/10/2012","131.900","132.000","132.100","131.765","","-0.06%"
"08/09/2012","131.975","131.950","132.075","131.750","","0.26%"
"08/08/2012","131.635","132.000","132.045","131.635","","-0.24%"
"08/07/2012","131.950","131.950","131.995","131.750","","0.05%"
"08/06/2012","131.885","131.950","132.075","131.710","","-0.05%"
"08/03/2012","131.950","131.800","132.050","131.800","","0.08%"
"08/02/2012","131.850","131.750","132.025","131.690","","0.00%"
"08/01/2012","131.850","131.850","131.850","131.850","","0.00%"
"07/31/2012","131.850","131.850","132.050","131.550","","0.00%"
"07/30/2012","131.850","131.750","132.050","131.500","","-0.11%"
"07/27/2012","132.000","131.200","132.100","131.150","","0.65%"
"07/26/2012","131.150","131.050","131.350","130.150","","0.11%"
"07/25/2012","131.000","130.750","131.150","130.750","","0.53%"
"07/24/2012","130.310","130.900","131.000","130.310","","-0.41%"
"07/23/2012","130.850","131.650","131.650","130.600","","-0.31%"
"07/20/2012","131.260","132.510","132.755","131.065","","-0.94%"
"07/19/2012","132.510","133.510","133.705","132.315","","-0.75%"
"07/18/2012","133.510","133.510","134.000","133.305","","0.00%"
"07/17/2012","133.510","133.510","133.950","133.315","","0.00%"
"07/16/2012","133.510","134.000","134.100","133.510","","-0.37%"
"07/13/2012","134.000","133.700","134.125","133.430","","0.37%"
"07/12/2012","133.510","133.750","133.985","133.315","","0.00%"
"07/11/2012","133.510","133.750","133.975","133.315","","-0.18%"
"07/10/2012","133.750","133.550","134.015","133.230","","0.37%"
"07/09/2012","133.260","133.450","133.675","133.065","","-0.14%"
"07/06/2012","133.450","133.850","133.975","132.975","","-0.30%"
"07/05/2012","133.850","133.750","133.925","133.475","","0.04%"
"07/04/2012","133.800","133.750","134.000","133.450","","0.44%"
"07/03/2012","133.210","133.210","133.405","133.015","","0.00%"
"07/02/2012","133.210","133.260","134.000","133.015","","-0.04%"
"06/29/2012","133.260","134.000","134.150","133.065","","-0.55%"
"06/28/2012","134.000","134.050","134.300","132.850","","0.52%"
"06/27/2012","133.310","134.000","134.250","132.850","","-0.44%"
"06/26/2012","133.900","133.250","134.100","133.050","","0.30%"
"06/25/2012","133.500","133.010","133.600","132.125","","0.37%"
"06/22/2012","133.010","132.900","133.550","132.610","","0.16%"
"06/21/2012","132.800","132.850","133.100","132.600","","-0.08%"
"06/20/2012","132.900","132.750","132.975","132.250","","0.29%"
"06/19/2012","132.510","132.150","132.950","132.005","","0.38%"
"06/18/2012","132.010","131.510","132.450","131.505","","0.38%"
"06/15/2012","131.510","132.075","132.200","131.410","","-0.23%"
"06/14/2012","131.810","132.000","132.400","131.615","","-0.14%"
"06/13/2012","132.000","132.650","132.700","131.300","","-0.23%"
"06/12/2012","132.310","132.000","133.025","131.805","","0.38%"
"06/11/2012","131.810","130.010","132.005","130.010","","1.38%"
"06/08/2012","130.010","130.200","130.725","129.815","","0.00%"
"06/07/2012","130.010","130.150","130.400","129.660","","0.00%"
"06/06/2012","130.010","130.500","130.500","129.815","","0.00%"
"06/05/2012","130.010","131.150","131.700","129.815","","0.00%"
"06/04/2012","130.010","130.510","130.510","129.815","","-0.38%"
"06/01/2012","130.510","132.050","132.225","130.315","","-0.76%"
"05/31/2012","131.510","132.550","132.750","131.315","","0.00%"
"05/30/2012","131.510","132.000","132.600","131.315","","0.00%"
"05/29/2012","131.510","131.300","132.150","131.125","","0.20%"
"05/28/2012","131.250","130.710","131.475","130.710","","0.41%"
"05/25/2012","130.710","130.850","131.500","130.515","","0.38%"
"05/24/2012","130.210","130.000","130.700","129.755","","0.31%"
"05/23/2012","129.810","129.850","130.475","129.515","","0.15%"
"05/22/2012","129.610","129.950","130.000","129.365","","0.08%"
"05/21/2012","129.510","129.510","130.050","129.315","","0.00%"
"05/18/2012","129.510","129.200","129.950","128.575","","0.47%"
"05/17/2012","128.910","129.000","129.365","128.555","","0.23%"
"05/16/2012","128.610","128.750","130.050","128.415","","-0.34%"
"05/15/2012","129.050","128.750","129.250","128.575","","0.23%"
"05/14/2012","128.750","128.000","129.025","128.000","","0.89%"
"05/11/2012","127.610","127.825","128.200","127.560","","0.16%"
"05/10/2012","127.410","127.950","128.165","127.385","","-0.48%"
"05/09/2012","128.030","127.950","128.190","127.600","","0.02%"
"05/08/2012","128.000","127.250","128.500","127.250","","0.62%"
"05/07/2012","127.210","127.210","127.210","127.210","","-0.16%"
"05/04/2012","127.410","126.950","128.250","126.750","","0.13%"
"05/03/2012","127.250","127.900","129.250","126.750","","-0.59%"
"05/02/2012","128.000","130.000","130.850","125.900","","-1.24%"
"05/01/2012","129.610","129.610","129.610","129.610","","0.00%"
"04/30/2012","129.610","129.950","131.250","129.415","","-0.26%"
"04/27/2012","129.950","130.525","131.825","129.725","","-0.20%"
"04/26/2012","130.210","131.900","132.150","129.675","","-1.73%"
"04/25/2012","132.500","131.750","133.300","131.750","","0.75%"
"04/24/2012","131.510","131.450","132.300","131.075","","0.05%"
"04/23/2012","131.450","130.010","131.625","129.955","","1.11%"
"04/20/2012","130.010","129.700","130.575","129.600","","0.20%"
"04/19/2012","129.750","128.400","130.100","128.500","","1.16%"
"04/18/2012","128.260","128.150","128.750","128.065","","0.00%"
"04/17/2012","128.260","128.100","128.725","127.900","","0.20%"
"04/16/2012","128.000","128.250","128.650","127.500","","-0.51%"
"04/13/2012","128.650","128.250","128.650","128.650","","0.00%"
"04/12/2012","128.650","128.250","128.650","128.650","","0.00%"
"04/11/2012","128.650","127.500","129.900","127.750","","0.89%"
"04/10/2012","127.510","125.600","128.000","125.750","","1.80%"
"04/09/2012","125.260","125.750","126.275","125.235","","-0.71%"
"04/06/2012","126.150","125.750","126.150","126.150","","0.00%"
"04/05/2012","126.150","125.000","126.225","124.950","","0.83%"
"04/04/2012","125.110","126.100","126.200","124.855","","-0.52%"
"04/03/2012","125.760","127.900","128.100","125.610","","-1.98%"
"04/02/2012","128.300","127.850","128.550","128.050","","0.04%"
"03/30/2012","128.250","127.750","128.375","127.825","","0.58%"
"03/29/2012","127.510","128.800","129.450","127.060","","-1.31%"
"03/28/2012","129.200","129.600","130.100","129.075","","-0.54%"
"03/27/2012","129.900","129.900","130.200","129.700","","-0.01%"
"03/26/2012","129.910","129.700","130.475","129.710","","-0.15%"
"03/23/2012","130.100","130.150","130.650","129.975","","-0.12%"
"03/22/2012","130.250","129.900","130.875","129.800","","0.15%"
"03/21/2012","130.050","129.700","130.900","129.650","","0.61%"
"03/20/2012","129.260","129.500","130.375","128.625","","-1.33%"
"03/19/2012","131.000","125.450","131.100","125.600","","4.09%"
"03/16/2012","125.850","124.850","125.975","124.225","","0.56%"
"03/15/2012","125.150","124.350","125.300","124.500","","0.32%"
"03/14/2012","124.750","123.100","124.825","123.200","","1.01%"
"03/13/2012","123.500","121.900","123.600","121.950","","1.31%"
"03/12/2012","121.900","121.000","122.100","121.300","","0.69%"
"03/09/2012","121.060","121.150","121.550","121.035","","0.04%"
"03/08/2012","121.010","121.100","121.725","120.960","","-0.40%"
"03/07/2012","121.500","121.100","121.500","121.500","","0.00%"
"03/06/2012","121.500","121.500","122.125","121.350","","-0.33%"
"03/05/2012","121.900","121.300","122.150","121.350","","0.16%"
"03/02/2012","121.700","119.000","121.900","119.450","","-0.17%"
"03/01/2012","121.910","121.500","122.300","121.710","","0.01%"
"02/29/2012","121.900","121.600","122.250","121.750","","-0.08%"
"02/28/2012","122.000","120.850","122.850","119.850","","0.62%"
"02/27/2012","121.250","119.450","121.725","119.775","","1.17%"
"02/24/2012","119.850","118.850","120.050","119.225","","0.50%"
"02/23/2012","119.250","118.350","119.565","118.625","","0.42%"
"02/22/2012","118.750","118.300","118.950","118.375","","0.63%"
"02/21/2012","118.010","117.850","118.775","117.935","","-0.20%"
"02/20/2012","118.250","117.850","118.250","118.250","","0.00%"
"02/17/2012","118.250","118.800","119.050","118.125","","-0.43%"
"02/16/2012","118.760","119.050","120.125","118.635","","-0.58%"
"02/15/2012","119.450","119.850","120.750","118.225","","-0.67%"
"02/14/2012","120.250","116.410","120.450","116.705","","2.94%"
"02/13/2012","116.810","114.410","117.300","114.810","","1.74%"
"02/10/2012","114.810","114.410","115.005","114.615","","0.00%"
"02/09/2012","114.810","114.200","115.625","114.250","","0.86%"
"02/08/2012","113.830","114.250","114.320","113.830","","-0.32%"
"02/07/2012","114.200","114.200","114.200","114.200","","0.00%"
"02/06/2012","114.200","113.900","114.325","113.975","","0.21%"
"02/03/2012","113.960","113.830","114.130","113.760","","0.18%"
"02/02/2012","113.760","113.880","113.925","113.760","","0.00%"
"02/01/2012","113.760","113.850","113.925","113.760","","-0.12%"
"01/31/2012","113.900","113.850","113.920","113.865","","0.12%"
"01/30/2012","113.760","113.900","114.005","113.730","","-0.07%"
"01/27/2012","113.835","113.850","113.940","113.810","","0.09%"
"01/26/2012","113.730","113.850","113.925","113.730","","-0.09%"
"01/25/2012","113.830","113.850","113.940","113.830","","0.00%"
"01/24/2012","113.830","113.880","113.940","113.830","","0.00%"
"01/23/2012","113.830","113.880","113.940","113.830","","-0.07%"
"01/20/2012","113.915","113.880","113.940","113.875","","0.07%"
"01/19/2012","113.830","113.880","113.940","113.830","","0.00%"
"01/18/2012","113.830","113.880","113.925","113.830","","0.00%"
"01/17/2012","113.830","113.880","113.940","113.820","","0.00%"
"01/16/2012","113.830","113.830","113.830","113.830","","0.00%"
"01/13/2012","113.830","113.850","113.940","113.830","","0.00%"
"01/12/2012","113.830","113.880","113.940","113.820","","0.00%"
"01/11/2012","113.830","113.880","113.940","113.830","","0.00%"
"01/10/2012","113.830","113.880","113.940","113.830","","0.00%"
"01/09/2012","113.830","113.880","113.940","113.820","","0.00%"
"01/06/2012","113.830","113.800","113.940","113.820","","0.00%"
"01/05/2012","113.830","113.880","113.940","113.830","","0.00%"
"01/04/2012","113.830","113.850","113.925","113.830","","0.00%"
"01/03/2012","113.830","113.800","113.940","113.820","","-0.06%"
"01/02/2012","113.900","113.850","113.940","113.875","","0.00%"
"12/30/2011","113.900","113.850","113.950","113.850","","0.00%"
"12/29/2011","113.900","113.900","113.950","113.850","","0.00%"
"12/28/2011","113.900","113.880","113.920","113.875","","0.00%"
"12/27/2011","113.900","113.850","113.920","113.870","","0.11%"
"12/26/2011","113.770","113.770","113.770","113.770","","0.00%"
"12/23/2011","113.770","113.870","113.925","113.770","","-0.11%"
"12/22/2011","113.900","113.850","113.935","113.875","","0.11%"
"12/21/2011","113.770","113.850","113.920","113.770","","0.00%"
"12/20/2011","113.770","113.880","113.950","113.770","","-0.04%"
"12/19/2011","113.820","113.900","113.945","113.815","","0.08%"
"12/16/2011","113.730","113.850","113.950","113.730","","-0.05%"
"12/15/2011","113.790","113.880","113.920","113.790","","0.00%"
"12/14/2011","113.790","113.880","113.930","113.790","","-0.05%"
"12/13/2011","113.850","113.850","113.925","113.850","","0.00%"
"12/12/2011","113.850","113.880","113.920","113.750","","0.11%"
"12/09/2011","113.730","113.850","113.920","113.730","","-0.15%"
"12/08/2011","113.900","113.820","113.920","113.820","","0.11%"
"12/07/2011","113.770","113.850","113.925","113.770","","0.04%"
"12/06/2011","113.730","113.850","113.920","113.730","","-0.03%"
"12/05/2011","113.760","113.880","113.935","113.760","","-0.12%"
"12/02/2011","113.895","113.850","113.925","113.860","","0.02%"
"12/01/2011","113.875","113.870","113.925","113.850","","0.04%"
"11/30/2011","113.830","113.880","113.950","113.820","","0.06%"
"11/29/2011","113.760","113.850","113.920","113.760","","-0.06%"
"11/28/2011","113.830","113.820","113.920","113.830","","0.00%"
"11/25/2011","113.830","113.850","113.940","113.820","","-0.06%"
"11/24/2011","113.900","113.800","113.920","113.850","","0.12%"
"11/23/2011","113.760","113.800","114.220","113.460","","0.22%"
"11/22/2011","113.510","113.700","114.000","113.510","","2.84%"
"11/21/2011","110.375","110.330","110.420","110.365","","0.15%"
"11/18/2011","110.210","110.180","110.420","110.070","","0.13%"
"11/17/2011","110.070","110.200","110.225","110.070","","0.03%"
"11/16/2011","110.040","110.150","110.220","110.010","","-0.15%"
"11/15/2011","110.200","110.150","110.220","110.150","","0.17%"
"11/14/2011","110.010","110.150","110.220","110.010","","-0.17%"
"11/11/2011","110.200","110.150","110.220","110.150","","0.13%"
"11/10/2011","110.060","110.060","110.060","110.060","","0.00%"
"11/09/2011","110.060","110.150","110.220","110.010","","-0.01%"
"11/08/2011","110.070","110.150","110.220","110.070","","0.15%"
"11/07/2011","109.910","110.060","110.070","109.910","","-0.23%"
"11/04/2011","110.160","110.150","110.215","110.100","","0.14%"
"11/03/2011","110.010","110.150","110.220","110.010","","-0.17%"
"11/02/2011","110.200","110.150","110.220","110.175","","0.12%"
"11/01/2011","110.070","110.150","110.235","110.070","","0.00%"
"10/31/2011","110.070","110.050","110.220","109.960","","0.10%"
"10/28/2011","109.960","110.150","110.200","109.960","","-0.03%"
"10/27/2011","109.990","110.180","110.220","109.990","","0.00%"
"10/26/2011","109.990","109.980","109.990","109.990","","0.00%"
"10/25/2011","109.990","110.150","110.220","109.990","","0.00%"
"10/24/2011","109.990","110.120","110.220","109.970","","0.02%"
"10/21/2011","109.970","110.180","110.225","109.970","","-0.20%"
"10/20/2011","110.185","110.100","110.225","110.145","","0.20%"
"10/19/2011","109.970","110.150","110.220","109.970","","-0.20%"
"10/18/2011","110.185","110.150","110.220","110.175","","-0.01%"
"10/17/2011","110.200","110.150","110.220","110.150","","0.00%"
"10/14/2011","110.200","110.170","110.220","110.150","","0.21%"
"10/13/2011","109.970","110.160","110.220","109.970","","-0.21%"
"10/12/2011","110.200","110.150","110.215","110.150","","0.21%"
"10/11/2011","109.970","109.960","109.970","109.970","","-0.16%"
"10/10/2011","110.150","110.150","110.220","110.145","","-0.05%"
"10/07/2011","110.200","110.150","110.225","110.150","","0.02%"
"10/06/2011","110.175","110.150","110.225","110.150","","-0.02%"
"10/05/2011","110.200","110.150","110.220","110.150","","0.00%"
"10/04/2011","110.200","110.100","110.220","110.150","","-0.05%"
"10/03/2011","110.250","110.180","110.250","110.155","","0.25%"
"09/30/2011","109.970","110.150","110.215","109.970","","0.00%"
"09/29/2011","109.970","110.150","110.220","109.970","","-0.21%"
"09/28/2011","110.200","110.150","110.220","110.145","","-0.11%"
"09/27/2011","110.320","110.270","110.335","110.250","","0.32%"
"09/26/2011","109.970","110.200","110.340","109.970","","-0.30%"
"09/23/2011","110.300","110.220","110.335","110.250","","0.00%"
"09/22/2011","110.300","110.100","110.335","110.150","","0.10%"
"09/21/2011","110.185","110.150","110.220","110.150","","0.16%"
"09/20/2011","110.010","110.050","110.125","109.970","","0.04%"
"09/19/2011","109.970","110.050","110.120","109.970","","0.00%"
"09/16/2011","109.970","110.050","110.105","109.970","","-0.10%"
"09/15/2011","110.075","110.050","110.120","110.050","","0.10%"
"09/14/2011","109.970","110.000","110.120","109.970","","-0.13%"
"09/13/2011","110.115","110.000","110.120","110.050","","0.04%"
"09/12/2011","110.075","110.050","110.120","110.050","","0.10%"
"09/09/2011","109.970","110.170","110.210","109.970","","0.00%"
"09/08/2011","109.970","110.150","110.220","109.970","","0.00%"
"09/07/2011","109.970","110.150","110.220","109.970","","0.00%"
"09/06/2011","109.970","110.100","110.160","109.970","","-0.10%"
"09/05/2011","110.085","110.000","110.115","110.025","","0.08%"
"09/02/2011","110.000","109.970","110.020","109.930","","0.01%"
"09/01/2011","109.990","109.850","110.015","109.875","","0.30%"
"08/31/2011","109.660","109.660","109.660","109.660","","0.00%"
"08/30/2011","109.660","109.850","109.975","109.660","","-0.22%"
"08/29/2011","109.900","109.850","109.950","109.850","","-0.08%"
"08/26/2011","109.990","109.980","110.015","109.950","","-0.01%"
"08/25/2011","110.000","109.950","110.015","109.950","","0.08%"
"08/24/2011","109.910","109.900","110.015","109.610","","-0.06%"
"08/23/2011","109.975","109.880","110.000","109.860","","0.02%"
"08/22/2011","109.950","109.900","109.990","109.915","","0.00%"
"08/19/2011","109.950","109.900","110.000","109.900","","0.00%"
"08/18/2011","109.950","109.800","110.015","109.850","","0.09%"
"08/17/2011","109.850","109.800","109.960","109.840","","0.00%"
"08/16/2011","109.850","109.800","109.890","109.750","","0.49%"
"08/15/2011","109.310","109.600","109.885","109.310","","-0.31%"
"08/12/2011","109.650","109.650","109.715","109.615","","0.00%"
"08/11/2011","109.650","109.650","109.850","109.590","","-0.05%"
"08/10/2011","109.700","109.750","109.795","109.625","","-0.08%"
"08/09/2011","109.785","109.720","109.820","109.700","","0.02%"
"08/08/2011","109.765","109.600","109.820","109.650","","0.05%"
"08/05/2011","109.705","109.750","109.780","109.620","","0.04%"
"08/04/2011","109.665","109.630","109.710","109.590","","0.32%"
"08/03/2011","109.310","109.550","109.705","109.310","","0.00%"
"08/02/2011","109.310","109.400","109.615","109.260","","0.00%"
"08/01/2011","109.310","109.400","109.520","109.310","","-0.13%"
"07/29/2011","109.450","109.400","109.515","109.440","","0.00%"
"07/28/2011","109.450","109.400","109.520","109.440","","-0.03%"
"07/27/2011","109.485","109.480","109.520","109.445","","0.03%"
"07/26/2011","109.450","109.400","109.520","109.445","","-0.02%"
"07/25/2011","109.475","109.460","109.520","109.450","","0.02%"
"07/22/2011","109.450","109.400","109.520","109.430","","-0.05%"
"07/21/2011","109.500","109.380","109.525","109.430","","0.00%"
"07/20/2011","109.500","109.470","109.520","109.450","","0.02%"
"07/19/2011","109.475","109.450","109.520","109.450","","-0.02%"
"07/18/2011","109.500","109.450","109.520","109.450","","0.01%"
"07/15/2011","109.490","109.450","109.515","109.450","","-0.10%"
"07/14/2011","109.600","109.600","109.600","109.600","","0.00%"
"07/13/2011","109.600","109.500","109.615","109.550","","0.02%"
"07/12/2011","109.580","109.450","109.620","109.500","","0.07%"
"07/11/2011","109.500","109.450","109.525","109.475","","0.00%"
"07/08/2011","109.495","109.450","109.520","109.450","","0.00%"
"07/07/2011","109.500","109.450","109.520","109.450","","0.00%"
"07/06/2011","109.505","109.450","109.520","109.465","","0.00%"
"07/05/2011","109.505","109.450","109.520","109.465","","0.00%"
"07/04/2011","109.500","109.450","109.520","109.450","","0.00%"
"07/01/2011","109.500","109.450","109.525","109.450","","0.00%"
"06/30/2011","109.500","109.450","109.625","109.350","","-0.09%"
"06/29/2011","109.600","109.650","109.705","109.550","","-0.09%"
"06/28/2011","109.700","109.650","109.720","109.640","","0.05%"
"06/27/2011","109.650","109.650","109.715","109.605","","0.05%"
"06/24/2011","109.590","109.550","109.620","109.550","","-0.01%"
"06/23/2011","109.600","109.550","109.655","109.540","","0.00%"
"06/22/2011","109.600","109.510","109.615","109.530","","0.02%"
"06/21/2011","109.575","109.550","109.610","109.545","","0.00%"
"06/20/2011","109.575","109.500","109.615","109.510","","0.02%"
"06/17/2011","109.550","109.500","109.580","109.450","","-0.02%"
"06/16/2011","109.575","109.550","109.605","109.500","","0.02%"
"06/15/2011","109.550","109.550","109.550","109.550","","0.00%"
"06/14/2011","109.550","109.450","109.555","109.450","","0.04%"
"06/13/2011","109.510","109.450","109.540","109.400","","0.01%"
"06/10/2011","109.500","109.450","109.510","109.375","","0.05%"
"06/09/2011","109.450","109.450","109.550","109.330","","-0.01%"
"06/08/2011","109.460","109.550","109.650","109.400","","-0.08%"
"06/07/2011","109.550","109.600","109.675","109.540","","-0.02%"
"06/06/2011","109.575","109.600","109.675","109.540","","-0.14%"
"06/03/2011","109.725","109.600","109.775","109.625","","-0.02%"
"06/02/2011","109.750","109.720","109.800","109.670","","0.07%"
"06/01/2011","109.675","109.650","109.715","109.650","","-0.02%"
"05/31/2011","109.700","109.580","109.720","109.615","","-0.06%"
"05/30/2011","109.770","109.700","109.800","109.715","","-0.09%"
"05/27/2011","109.870","109.780","109.950","109.830","","0.00%"
"05/26/2011","109.875","109.850","109.925","109.850","","-0.07%"
"05/25/2011","109.950","109.950","110.015","109.950","","-0.02%"
"05/24/2011","109.975","109.900","110.015","109.950","","0.08%"
"05/23/2011","109.890","109.850","109.920","109.825","","0.07%"
"05/20/2011","109.810","109.700","109.820","109.750","","0.05%"
"05/19/2011","109.750","109.700","109.820","109.750","","-0.05%"
"05/18/2011","109.800","109.800","109.800","109.800","","0.00%"
"05/17/2011","109.800","109.800","109.800","109.800","","0.00%"
"05/16/2011","109.800","109.780","109.835","109.740","","0.05%"
"05/13/2011","109.750","109.750","109.810","109.740","","0.00%"
"05/12/2011","109.750","109.700","109.775","109.690","","0.05%"
"05/11/2011","109.700","109.700","109.790","109.660","","-0.02%"
"05/10/2011","109.725","109.720","109.815","109.725","","-0.05%"
"05/09/2011","109.775","109.750","109.815","109.740","","0.00%"
"05/06/2011","109.775","109.750","109.820","109.710","","0.07%"
"05/05/2011","109.700","109.600","109.775","109.650","","-0.04%"
"05/04/2011","109.740","109.750","109.815","109.700","","-0.05%"
"05/03/2011","109.800","109.600","109.825","109.650","","-0.09%"
"05/02/2011","109.900","109.900","109.900","109.900","","0.00%"
"04/29/2011","109.900","109.750","109.960","109.800","","0.18%"
"04/28/2011","109.700","109.900","109.975","109.550","","-0.36%"
"04/27/2011","110.100","110.100","110.220","110.100","","-0.07%"
"04/26/2011","110.175","110.160","110.215","110.150","","-0.01%"
"04/25/2011","110.185","110.150","110.220","110.150","","0.01%"
"04/22/2011","110.175","110.175","110.175","110.175","","0.00%"
"04/21/2011","110.175","110.250","110.300","110.145","","-0.11%"
"04/20/2011","110.300","110.250","110.365","110.230","","-0.07%"
"04/19/2011","110.375","110.350","110.415","110.335","","0.00%"
"04/18/2011","110.375","110.300","110.410","110.340","","-0.02%"
"04/15/2011","110.400","110.400","110.400","110.400","","0.00%"
"04/14/2011","110.400","110.400","110.400","110.400","","0.00%"
"04/13/2011","110.400","110.400","110.400","110.400","","0.00%"
"04/12/2011","110.400","110.250","110.420","110.300","","0.11%"
"04/11/2011","110.275","110.350","110.375","110.250","","-0.11%"
"04/08/2011","110.400","110.280","110.415","110.300","","0.03%"
"04/07/2011","110.365","110.350","110.395","110.300","","0.14%"
"04/06/2011","110.210","110.350","110.425","110.210","","-0.13%"
"04/05/2011","110.350","110.300","110.415","110.325","","-0.05%"
"04/04/2011","110.400","110.300","110.415","110.325","","0.05%"
"04/01/2011","110.350","110.350","110.440","110.150","","-0.04%"
"03/31/2011","110.395","110.350","110.445","110.350","","0.04%"
"03/30/2011","110.350","110.350","110.465","110.350","","-0.02%"
"03/29/2011","110.375","110.350","110.415","110.350","","-0.02%"
"03/28/2011","110.400","110.300","110.415","110.350","","0.05%"
"03/25/2011","110.350","110.300","110.420","110.285","","0.00%"
"03/24/2011","110.350","110.300","110.420","110.350","","-0.05%"
"03/23/2011","110.400","110.300","110.415","110.350","","0.05%"
"03/22/2011","110.350","110.300","110.410","110.270","","-0.05%"
"03/21/2011","110.400","110.350","110.415","110.335","","-0.05%"
"03/18/2011","110.450","110.300","110.475","110.300","","0.09%"
"03/17/2011","110.350","110.320","110.390","110.250","","0.14%"
"03/16/2011","110.200","110.300","110.400","110.150","","-0.19%"
"03/15/2011","110.410","110.150","110.660","110.160","","0.19%"
"03/14/2011","110.200","110.000","110.300","110.050","","0.14%"
"03/11/2011","110.050","109.950","110.075","109.995","","0.04%"
"03/10/2011","110.005","109.950","110.050","109.985","","0.00%"
"03/09/2011","110.000","110.000","110.225","109.950","","-0.05%"
"03/08/2011","110.050","110.150","110.225","110.000","","-0.23%"
"03/07/2011","110.300","110.350","110.380","110.190","","-0.06%"
"03/04/2011","110.365","110.600","110.675","110.340","","-0.28%"
"03/03/2011","110.675","110.650","110.730","110.635","","-0.07%"
"03/02/2011","110.750","110.750","110.750","110.750","","0.00%"
"03/01/2011","110.750","110.720","110.795","110.650","","-0.05%"
"02/28/2011","110.800","110.750","110.815","110.750","","0.02%"
"02/25/2011","110.775","110.750","110.815","110.740","","-0.01%"
"02/24/2011","110.790","110.700","110.850","110.740","","0.12%"
"02/23/2011","110.660","110.850","110.915","110.660","","-0.22%"
"02/22/2011","110.900","110.850","110.920","110.840","","0.02%"
"02/21/2011","110.875","110.850","110.965","110.840","","-0.02%"
"02/18/2011","110.900","110.930","110.990","110.930","","0.13%"
"02/17/2011","110.760","110.760","110.760","110.760","","0.00%"
"02/16/2011","110.760","110.760","110.760","110.760","","0.00%"
"02/15/2011","110.760","110.900","111.030","110.760","","0.00%"
"02/14/2011","110.760","111.000","111.115","110.760","","-0.26%"
"02/11/2011","111.050","110.950","111.075","110.950","","0.01%"
"02/10/2011","111.040","110.950","111.040","110.945","","0.08%"
"02/09/2011","110.950","110.950","111.015","110.900","","-0.02%"
"02/08/2011","110.970","110.970","111.050","110.950","","0.19%"
"02/07/2011","110.760","110.950","111.000","110.710","","0.05%"
"02/04/2011","110.710","110.750","110.760","110.710","","-0.13%"
"02/03/2011","110.850","110.940","110.990","110.750","","-0.09%"
"02/02/2011","110.950","111.000","111.115","110.890","","0.17%"
"02/01/2011","110.760","111.000","111.175","110.760","","-0.09%"
"01/31/2011","110.860","111.100","111.185","110.760","","0.09%"
"01/28/2011","110.760","111.100","111.215","110.760","","-0.02%"
"01/27/2011","110.780","111.050","111.115","110.780","","-0.27%"
"01/26/2011","111.085","110.900","111.105","110.610","","0.17%"
"01/25/2011","110.900","110.850","110.975","110.850","","0.03%"
"01/24/2011","110.870","111.000","111.025","110.850","","-0.13%"
"01/21/2011","111.010","110.950","111.065","110.985","","0.05%"
"01/20/2011","110.950","110.800","111.055","110.850","","0.14%"
"01/19/2011","110.800","110.800","110.800","110.800","","0.00%"
"01/18/2011","110.800","110.780","110.850","110.750","","-0.01%"
"01/17/2011","110.815","110.720","110.825","110.760","","0.05%"
"01/14/2011","110.760","110.700","110.815","110.740","","-0.01%"
"01/13/2011","110.770","110.700","110.825","110.745","","0.02%"
"01/12/2011","110.750","110.720","110.815","110.740","","0.13%"
"01/11/2011","110.610","110.800","110.860","110.610","","-0.17%"
"01/10/2011","110.800","110.800","110.925","110.800","","-0.05%"
"01/07/2011","110.850","110.800","110.900","110.825","","0.02%"
"01/06/2011","110.830","110.800","110.875","110.810","","0.00%"
"01/05/2011","110.825","110.850","110.875","110.790","","-0.02%"
"01/04/2011","110.850","110.850","110.915","110.775","","-0.09%"
"01/03/2011","110.950","110.850","110.990","110.900","","0.00%"
"12/31/2010","110.945","110.950","111.005","110.925","","0.00%"
"12/30/2010","110.950","110.920","111.205","110.900","","0.00%"
"12/29/2010","110.955","110.850","110.965","110.825","","0.00%"
"12/28/2010","110.950","110.950","111.050","110.885","","-0.22%"
"12/27/2010","111.200","111.120","111.225","111.140","","0.04%"
"12/24/2010","111.150","111.100","111.205","111.090","","0.09%"
"12/23/2010","111.050","111.200","111.275","110.980","","-0.18%"
"12/22/2010","111.250","111.200","111.360","111.210","","0.00%"
"12/21/2010","111.250","111.130","111.300","111.100","","0.07%"
"12/20/2010","111.175","111.175","111.175","111.175","","0.00%"
"12/17/2010","111.175","111.000","111.215","111.000","","0.11%"
"12/16/2010","111.050","110.900","111.050","110.920","","0.10%"
"12/15/2010","110.940","110.900","110.985","110.900","","0.04%"
"12/14/2010","110.900","110.850","110.940","110.890","","0.01%"
"12/13/2010","110.890","110.900","110.950","110.880","","-0.02%"
"12/10/2010","110.915","110.900","110.980","110.875","","-0.08%"
"12/09/2010","111.000","111.000","111.150","110.990","","-0.05%"
"12/08/2010","111.050","111.050","111.200","111.050","","-0.09%"
"12/07/2010","111.150","111.150","111.225","111.100","","-0.04%"
"12/06/2010","111.200","111.150","111.300","111.100","","-0.07%"
"12/03/2010","111.280","111.160","111.375","111.125","","0.01%"
"12/02/2010","111.270","111.150","111.370","111.175","","0.07%"
"12/01/2010","111.190","111.180","111.300","111.190","","-0.17%"
"11/30/2010","111.375","111.450","111.475","111.305","","-0.07%"
"11/29/2010","111.450","111.520","111.550","111.445","","-0.02%"
"11/26/2010","111.470","111.320","111.525","111.350","","0.15%"
"11/25/2010","111.300","111.200","111.335","111.215","","0.07%"
"11/24/2010","111.220","111.150","111.260","111.150","","-0.12%"
"11/23/2010","111.350","111.350","111.400","111.295","","-0.04%"
"11/22/2010","111.400","111.680","111.705","111.340","","-0.27%"
"11/19/2010","111.700","111.600","111.700","111.635","","0.00%"
"11/18/2010","111.700","111.660","111.715","111.650","","0.22%"
"11/17/2010","111.460","111.460","111.460","111.460","","0.00%"
"11/16/2010","111.460","111.600","111.725","111.390","","-0.23%"
"11/15/2010","111.715","111.650","111.720","111.640","","0.06%"
"11/12/2010","111.650","111.550","111.700","111.600","","0.07%"
"11/11/2010","111.575","111.600","111.700","111.535","","-0.08%"
"11/10/2010","111.660","111.600","111.720","111.625","","0.04%"
"11/09/2010","111.615","111.500","111.650","111.475","","0.20%"
"11/08/2010","111.390","111.550","111.630","111.390","","-0.02%"
"11/05/2010","111.410","111.410","111.410","111.410","","0.00%"
"11/04/2010","111.410","111.650","111.715","111.410","","-0.26%"
"11/03/2010","111.700","111.600","111.735","111.650","","0.00%"
"11/02/2010","111.700","111.650","111.720","111.650","","0.02%"
"11/01/2010","111.675","111.640","111.715","111.640","","0.02%"
"10/29/2010","111.650","111.520","111.820","111.550","","0.00%"
"10/28/2010","111.650","111.680","111.720","111.600","","0.10%"
"10/27/2010","111.540","111.680","111.725","111.540","","-0.10%"
"10/26/2010","111.650","111.690","111.720","111.640","","-0.02%"
"10/25/2010","111.675","111.800","111.840","111.650","","0.02%"
"10/22/2010","111.650","111.640","111.650","111.650","","-0.09%"
"10/21/2010","111.750","111.850","111.900","111.750","","0.06%"
"10/20/2010","111.680","111.850","111.900","111.680","","-0.14%"
"10/19/2010","111.840","111.800","111.870","111.775","","0.14%"
"10/18/2010","111.680","111.750","111.870","111.680","","-0.11%"
"10/15/2010","111.800","111.750","111.865","111.775","","0.08%"
"10/14/2010","111.710","111.800","111.865","111.710","","0.00%"
"10/13/2010","111.710","111.900","111.950","111.710","","0.00%"
"10/12/2010","111.710","111.800","111.975","111.610","","-0.04%"
"10/11/2010","111.750","111.600","111.825","111.650","","0.13%"
"10/08/2010","111.610","111.550","111.750","111.575","","-0.11%"
"10/07/2010","111.730","111.600","111.775","111.635","","0.11%"
"10/06/2010","111.610","111.670","111.895","111.585","","0.02%"
"10/05/2010","111.590","111.800","111.825","111.575","","-0.06%"
"10/04/2010","111.660","111.800","111.865","111.660","","-0.13%"
"10/01/2010","111.800","111.980","112.030","111.800","","0.08%"
"09/30/2010","111.710","111.850","112.040","111.710","","0.04%"
"09/29/2010","111.670","111.800","112.000","111.670","","-0.07%"
"09/28/2010","111.750","111.850","111.970","111.750","","-0.01%"
"09/27/2010","111.760","112.000","112.050","111.760","","-0.22%"
"09/24/2010","112.010","112.400","112.460","112.010","","-0.28%"
"09/23/2010","112.330","112.450","112.515","112.330","","0.00%"
"09/22/2010","112.330","112.360","112.370","112.320","","-0.04%"
"09/21/2010","112.370","112.500","112.570","112.370","","0.01%"
"09/20/2010","112.360","112.450","112.570","112.360","","-0.08%"
"09/17/2010","112.450","112.350","112.525","112.385","","0.11%"
"09/16/2010","112.330","112.450","112.550","112.300","","-0.07%"
"09/15/2010","112.410","112.400","112.560","112.360","","0.00%"
"09/14/2010","112.410","112.550","112.625","112.360","","-0.04%"
"09/13/2010","112.460","112.540","112.710","112.260","","0.04%"
"09/10/2010","112.410","112.410","112.410","112.410","","0.00%"
"09/09/2010","112.410","112.600","112.700","112.260","","-0.11%"
"09/08/2010","112.535","112.550","112.800","112.530","","-0.07%"
"09/07/2010","112.610","112.450","112.635","112.495","","0.14%"
"09/06/2010","112.450","112.550","112.650","112.440","","-0.22%"
"09/03/2010","112.700","112.500","112.740","112.475","","0.11%"
"09/02/2010","112.575","112.650","112.710","112.500","","-0.16%"
"09/01/2010","112.750","112.750","112.800","112.710","","0.00%"
"08/31/2010","112.750","112.620","112.825","112.650","","0.04%"
"08/30/2010","112.700","112.680","112.720","112.625","","0.04%"
"08/27/2010","112.650","112.520","112.700","112.550","","0.04%"
"08/26/2010","112.600","112.630","112.670","112.520","","0.02%"
"08/25/2010","112.580","112.480","112.720","112.515","","0.12%"
"08/24/2010","112.450","112.450","112.450","112.450","","0.00%"
"08/23/2010","112.450","112.350","112.500","112.325","","0.13%"
"08/20/2010","112.300","112.300","112.375","112.300","","-0.07%"
"08/19/2010","112.375","112.250","112.400","112.270","","-0.07%"
"08/18/2010","112.450","112.300","112.450","112.325","","0.04%"
"08/17/2010","112.400","112.400","112.460","112.350","","-0.04%"
"08/16/2010","112.450","112.300","112.450","112.300","","0.09%"
"08/13/2010","112.350","112.300","112.385","112.325","","0.02%"
"08/12/2010","112.325","112.300","112.400","112.300","","0.00%"
"08/11/2010","112.325","112.350","112.400","112.300","","-0.07%"
"08/10/2010","112.400","112.300","112.450","112.320","","0.09%"
"08/09/2010","112.300","112.200","112.350","112.200","","-0.04%"
"08/06/2010","112.350","112.300","112.410","112.325","","0.00%"
"08/05/2010","112.350","112.350","112.405","112.295","","0.00%"
"08/04/2010","112.350","112.300","112.415","112.325","","0.01%"
"08/03/2010","112.340","112.400","112.450","112.325","","-0.13%"
"08/02/2010","112.485","112.700","112.800","112.460","","-0.28%"
"07/30/2010","112.800","112.600","112.945","112.595","","0.20%"
"07/29/2010","112.570","112.580","112.625","112.515","","0.02%"
"07/28/2010","112.550","112.660","112.725","112.550","","-0.22%"
"07/27/2010","112.800","112.750","112.915","112.795","","-0.04%"
"07/26/2010","112.850","112.600","112.850","112.625","","0.10%"
"07/23/2010","112.740","112.650","112.800","112.690","","-0.02%"
"07/22/2010","112.760","112.780","112.850","112.740","","-0.01%"
"07/21/2010","112.775","112.760","112.835","112.700","","-0.07%"
"07/20/2010","112.850","112.700","112.850","112.740","","0.09%"
"07/19/2010","112.750","112.750","112.815","112.740","","0.00%"
"07/16/2010","112.750","112.700","112.805","112.725","","-0.13%"
"07/15/2010","112.900","112.850","112.915","112.835","","-0.09%"
"07/14/2010","113.000","112.980","113.050","112.960","","-0.09%"
"07/13/2010","113.100","113.170","113.315","113.060","","-0.07%"
"07/12/2010","113.175","113.370","113.425","113.160","","-0.24%"
"07/09/2010","113.450","113.350","113.460","113.395","","0.04%"
"07/08/2010","113.400","113.350","113.455","113.385","","0.00%"
"07/07/2010","113.400","113.400","113.450","113.380","","-0.02%"
"07/06/2010","113.425","113.330","113.480","113.165","","0.02%"
"07/05/2010","113.400","113.350","113.450","113.350","","0.01%"
"07/02/2010","113.385","113.380","113.425","113.360","","-0.09%"
"07/01/2010","113.485","113.500","113.605","113.435","","-0.08%"
"06/30/2010","113.575","113.550","113.615","113.450","","0.04%"
"06/29/2010","113.525","113.520","113.570","113.420","","-0.09%"
"06/28/2010","113.625","113.550","113.670","113.570","","-0.02%"
"06/25/2010","113.650","113.650","113.650","113.650","","0.00%"
"06/24/2010","113.650","113.520","113.835","113.550","","0.00%"
"06/23/2010","113.650","113.600","113.825","113.600","","0.04%"
"06/22/2010","113.600","113.500","113.650","113.475","","0.09%"
"06/21/2010","113.500","113.420","113.450","113.390","","-0.02%"
"06/18/2010","113.525","113.525","113.525","113.525","","0.00%"
"06/17/2010","113.525","113.420","113.500","113.425","","0.07%"
"06/16/2010","113.450","113.450","113.550","113.360","","-0.11%"
"06/15/2010","113.570","113.550","113.550","113.475","","0.00%"
"06/14/2010","113.570","113.500","113.600","113.525","","0.05%"
"06/11/2010","113.515","113.500","113.550","113.500","","-0.09%"
"06/10/2010","113.615","113.650","113.650","113.545","","0.01%"
"06/09/2010","113.600","113.600","113.650","113.550","","-0.09%"
"06/08/2010","113.700","113.600","113.750","113.580","","0.00%"
"06/07/2010","113.700","113.650","113.700","113.680","","0.09%"
"06/04/2010","113.600","113.720","113.750","113.600","","-0.09%"
"06/03/2010","113.700","113.500","113.700","113.525","","0.09%"
"06/02/2010","113.600","113.720","113.770","113.600","","-0.18%"
"06/01/2010","113.800","113.750","113.820","113.690","","0.00%"
"05/31/2010","113.800","113.850","113.850","113.785","","-0.13%"
"05/28/2010","113.950","113.950","113.950","113.950","","0.00%"
"05/27/2010","113.950","113.950","113.950","113.950","","0.00%"
"05/26/2010","113.950","113.750","113.950","113.770","","0.13%"
"05/25/2010","113.800","113.700","113.800","113.700","","0.00%"
"05/24/2010","113.800","113.780","113.850","113.740","","-0.03%"
"05/21/2010","113.830","113.700","113.800","113.735","","0.03%"
"05/20/2010","113.800","113.650","113.820","113.650","","0.09%"
"05/19/2010","113.700","113.720","113.760","113.675","","-0.04%"
"05/18/2010","113.750","113.750","113.750","113.725","","0.00%"
"05/17/2010","113.750","113.700","113.760","113.740","","0.04%"
"05/14/2010","113.700","113.650","113.780","113.640","","0.07%"
"05/13/2010","113.625","113.650","113.680","113.585","","-0.07%"
"05/12/2010","113.700","113.650","113.720","113.625","","0.00%"
"05/11/2010","113.700","113.700","113.700","113.610","","0.02%"
"05/10/2010","113.680","113.550","113.630","113.500","","-0.06%"
"05/07/2010","113.750","113.700","113.800","113.695","","0.07%"
"05/06/2010","113.670","113.620","113.700","113.640","","0.02%"
"05/05/2010","113.650","113.600","113.620","113.550","","0.08%"
"05/04/2010","113.560","113.650","113.650","113.525","","-0.12%"
"05/03/2010","113.700","113.850","113.900","113.630","","-0.22%"
"04/30/2010","113.950","113.900","113.910","113.900","","0.00%"
"04/29/2010","113.950","113.820","113.950","113.870","","0.09%"
"04/28/2010","113.850","113.850","113.850","113.850","","0.00%"
"04/27/2010","113.850","113.900","113.900","113.850","","-0.07%"
"04/26/2010","113.935","113.850","113.930","113.890","","0.04%"
"04/23/2010","113.890","113.880","113.930","113.880","","-0.01%"
"04/22/2010","113.900","113.850","113.880","113.775","","-0.03%"
"04/21/2010","113.930","113.920","113.950","113.765","","0.03%"
"04/20/2010","113.900","113.880","113.950","113.875","","-0.04%"
"04/19/2010","113.950","113.900","113.950","113.850","","-0.04%"
"04/16/2010","114.000","113.900","113.950","113.835","","0.15%"
"04/15/2010","113.825","113.720","113.950","113.750","","0.02%"
"04/14/2010","113.800","113.800","113.800","113.800","","0.00%"
"04/13/2010","113.800","113.800","113.800","113.800","","0.00%"
"04/12/2010","113.800","113.600","113.800","113.650","","-0.09%"
"04/09/2010","113.900","113.900","113.900","113.900","","0.00%"
"04/08/2010","113.900","113.750","113.850","113.750","","0.09%"
"04/07/2010","113.800","113.820","113.820","113.735","","-0.02%"
"04/06/2010","113.825","113.800","113.800","113.775","","0.02%"
"04/05/2010","113.800","113.750","113.800","113.775","","-0.04%"
"04/02/2010","113.850","113.850","113.850","113.850","","0.00%"
"04/01/2010","113.850","113.850","113.900","113.825","","-0.18%"
"03/31/2010","114.050","113.980","114.050","113.950","","0.00%"
"03/30/2010","114.050","114.050","114.050","113.970","","-0.07%"
"03/29/2010","114.130","114.130","114.130","114.130","","0.00%"
"03/26/2010","114.130","114.100","114.100","114.040","","0.00%"
"03/25/2010","114.130","114.050","114.100","114.040","","0.07%"
"03/24/2010","114.050","114.050","114.100","114.025","","0.00%"
"03/23/2010","114.050","113.980","114.020","114.000","","-0.07%"
"03/22/2010","114.125","114.100","114.200","114.110","","0.07%"
"03/19/2010","114.050","114.030","114.070","114.035","","0.00%"
"03/18/2010","114.050","114.050","114.050","113.950","","-0.06%"
"03/17/2010","114.115","113.950","114.180","113.975","","-0.03%"
"03/16/2010","114.150","114.150","114.150","114.050","","0.09%"
"03/15/2010","114.050","113.900","114.200","113.950","","0.06%"
"03/12/2010","113.980","114.000","114.000","113.905","","-0.02%"
"03/11/2010","114.000","113.950","114.000","113.985","","-0.09%"
"03/10/2010","114.100","114.050","114.100","114.030","","-0.02%"
"03/09/2010","114.125","114.190","114.190","114.075","","-0.07%"
"03/08/2010","114.200","114.100","114.200","114.135","","0.01%"
"03/05/2010","114.190","114.150","114.220","114.150","","-0.01%"
"03/04/2010","114.200","114.300","114.300","114.140","","-0.09%"
"03/03/2010","114.300","114.500","114.500","114.290","","-0.26%"
"03/02/2010","114.600","114.530","114.570","114.525","","0.00%"
"03/01/2010","114.600","114.500","114.600","114.550","","-0.02%"
"02/26/2010","114.625","114.600","114.700","114.550","","0.07%"
"02/25/2010","114.550","114.280","114.550","114.300","","0.24%"
"02/24/2010","114.275","114.300","114.300","114.235","","-0.02%"
"02/23/2010","114.300","114.250","114.270","114.250","","-0.07%"
"02/22/2010","114.375","114.350","114.380","114.285","","-0.02%"
"02/19/2010","114.400","114.400","114.480","114.350","","0.00%"
"02/18/2010","114.400","114.350","114.380","114.330","","0.09%"
"02/17/2010","114.300","114.250","114.430","114.250","","-0.11%"
"02/16/2010","114.425","114.380","114.430","114.385","","-0.02%"
"02/15/2010","114.450","114.520","114.520","114.385","","-0.22%"
"02/12/2010","114.700","114.630","114.650","114.500","","-0.04%"
"02/11/2010","114.750","114.700","114.700","114.620","","0.00%"
"02/10/2010","114.750","114.700","114.700","114.650","","0.00%"
"02/09/2010","114.750","114.700","114.750","114.700","","0.04%"
"02/08/2010","114.700","114.700","114.730","114.690","","0.00%"
"02/05/2010","114.700","114.650","114.700","114.650","","0.09%"
"02/04/2010","114.600","114.600","114.600","114.600","","0.00%"
"02/03/2010","114.600","114.600","114.640","114.600","","-0.07%"
"02/02/2010","114.685","114.650","114.690","114.650","","0.03%"
"02/01/2010","114.650","114.600","114.690","114.645","","0.00%"
"01/29/2010","114.650","114.650","114.650","114.650","","0.00%"
"01/28/2010","114.650","114.500","114.600","114.525","","0.11%"
"01/27/2010","114.525","114.525","114.525","114.525","","0.00%"
"01/26/2010","114.525","114.500","114.500","114.475","","0.11%"
"01/25/2010","114.400","114.300","114.450","114.340","","0.04%"
"01/22/2010","114.350","114.250","114.350","114.300","","-0.04%"
"01/21/2010","114.400","114.350","114.380","114.340","","0.02%"
"01/20/2010","114.375","114.350","114.350","114.235","","0.11%"
"01/19/2010","114.250","114.100","114.220","114.165","","0.00%"
"01/18/2010","114.250","114.250","114.250","114.185","","0.00%"
"01/15/2010","114.250","114.250","114.300","114.150","","-0.10%"
"01/14/2010","114.365","114.365","114.365","114.365","","0.00%"
"01/13/2010","114.365","114.250","114.350","114.300","","0.06%"
"01/12/2010","114.300","114.350","114.350","114.260","","-0.04%"
"01/11/2010","114.350","114.250","114.350","114.285","","-0.04%"
"01/08/2010","114.400","114.300","114.350","114.350","","0.08%"
"01/07/2010","114.310","114.300","114.330","114.300","","-0.01%"
"01/06/2010","114.325","114.300","114.330","114.225","","0.00%"
"01/05/2010","114.325","114.280","114.370","114.290","","-0.11%"
"01/04/2010","114.450","114.400","114.450","114.395","","0.04%"
"01/01/2010","114.400","114.300","114.400","114.270","","0.00%"
"12/31/2009","114.400","114.400","114.400","114.400","","0.00%"
"12/30/2009","114.400","114.350","114.420","114.300","","0.04%"
"12/29/2009","114.350","114.350","114.400","114.275","","0.00%"
"12/28/2009","114.350","114.400","114.450","114.330","","0.00%"
"12/25/2009","114.350","114.350","114.350","114.350","","0.00%"
"12/24/2009","114.350","114.300","114.450","114.325","","0.00%"
"12/23/2009","114.350","114.300","114.370","114.225","","0.02%"
"12/22/2009","114.325","114.400","114.400","114.210","","-0.07%"
"12/21/2009","114.400","114.350","114.400","114.300","","0.09%"
"12/18/2009","114.300","114.200","114.320","114.240","","0.04%"
"12/17/2009","114.250","114.150","114.320","114.185","","0.00%"
"12/16/2009","114.250","114.400","114.420","114.200","","-0.09%"
"12/15/2009","114.350","114.250","114.350","114.300","","-0.09%"
"12/14/2009","114.450","114.350","114.420","114.375","","0.09%"
"12/11/2009","114.350","114.300","114.350","114.300","","0.04%"
"12/10/2009","114.300","114.200","114.330","114.175","","0.07%"
"12/09/2009","114.225","114.250","114.250","114.200","","-0.02%"
"12/08/2009","114.250","114.200","114.380","114.200","","-0.17%"
"12/07/2009","114.450","114.450","114.480","114.350","","0.09%"
"12/04/2009","114.350","114.300","114.350","114.300","","0.09%"
"12/03/2009","114.250","114.200","114.320","114.200","","0.09%"
"12/02/2009","114.150","114.400","114.400","114.100","","-0.23%"
"12/01/2009","114.410","114.410","114.410","114.410","","0.00%"
"11/30/2009","114.410","114.400","114.570","114.400","","-0.14%"
"11/27/2009","114.565","114.450","114.570","114.425","","0.10%"
"11/26/2009","114.450","114.450","114.480","114.410","","0.00%"
"11/25/2009","114.450","114.350","114.450","114.350","","0.04%"
"11/24/2009","114.400","114.250","114.460","114.300","","-0.13%"
"11/23/2009","114.550","114.250","114.550","114.175","","0.25%"
"11/20/2009","114.260","114.250","114.250","114.235","","0.00%"
"11/19/2009","114.260","114.230","114.250","114.235","","0.01%"
"11/18/2009","114.250","114.300","114.300","114.225","","-0.01%"
"11/17/2009","114.260","114.250","114.250","114.235","","-0.10%"
"11/16/2009","114.375","114.450","114.450","114.330","","-0.08%"
"11/13/2009","114.465","114.400","114.450","114.425","","0.00%"
"11/12/2009","114.460","114.450","114.450","114.425","","-0.01%"
"11/11/2009","114.475","114.450","114.450","114.435","","0.07%"
"11/10/2009","114.400","114.400","114.550","114.400","","-0.24%"
"11/09/2009","114.675","114.750","114.750","114.625","","-0.13%"
"11/06/2009","114.825","114.800","114.800","114.785","","0.00%"
"11/05/2009","114.825","114.780","114.820","114.780","","0.01%"
"11/04/2009","114.815","114.800","114.800","114.775","","0.00%"
"11/03/2009","114.815","114.780","114.800","114.775","","0.01%"
"11/02/2009","114.800","114.800","114.800","114.800","","0.00%"
"10/30/2009","114.800","114.800","114.810","114.785","","-0.01%"
"10/29/2009","114.815","114.780","114.820","114.785","","0.00%"
"10/28/2009","114.810","114.780","114.810","114.785","","-0.02%"
"10/27/2009","114.835","114.780","114.820","114.785","","0.01%"
"10/26/2009","114.825","114.820","114.820","114.785","","0.02%"
"10/23/2009","114.800","114.820","114.820","114.795","","-0.01%"
"10/22/2009","114.810","114.800","114.820","114.760","","0.00%"
"10/21/2009","114.810","114.780","114.820","114.760","","0.01%"
"10/20/2009","114.800","114.780","114.800","114.710","","0.00%"
"10/19/2009","114.805","114.780","114.810","114.785","","-0.01%"
"10/16/2009","114.815","114.780","114.800","114.705","","0.01%"
"10/15/2009","114.800","114.800","114.800","114.765","","-0.01%"
"10/14/2009","114.815","114.800","114.800","114.780","","0.01%"
"10/13/2009","114.805","114.750","114.800","114.705","","0.00%"
"10/12/2009","114.810","114.770","114.800","114.700","","0.00%"
"10/09/2009","114.805","114.770","114.800","114.705","","-0.01%"
"10/08/2009","114.815","114.800","114.800","114.775","","-0.01%"
"10/07/2009","114.825","114.800","114.800","114.700","","0.02%"
"10/06/2009","114.805","114.800","114.900","114.700","","0.00%"
"10/05/2009","114.805","114.780","114.800","114.760","","0.00%"
"10/02/2009","114.800","114.800","114.800","114.770","","0.00%"
"10/01/2009","114.805","114.800","114.800","114.705","","-0.01%"
"09/30/2009","114.820","114.750","114.800","114.780","","0.00%"
"09/29/2009","114.820","114.720","114.800","114.770","","0.02%"
"09/28/2009","114.800","114.750","114.800","114.670","","-0.03%"
"09/25/2009","114.830","114.750","114.800","114.780","","0.03%"
"09/24/2009","114.800","114.800","114.800","114.780","","0.00%"
"09/23/2009","114.805","114.800","114.800","114.700","","-0.02%"
"09/22/2009","114.825","114.780","114.800","114.780","","0.03%"
"09/21/2009","114.785","114.785","114.785","114.785","","0.00%"
"09/18/2009","114.785","114.780","114.800","114.780","","-0.03%"
"09/17/2009","114.825","114.780","114.800","114.785","","0.00%"
"09/16/2009","114.825","114.800","114.800","114.740","","-0.02%"
"09/15/2009","114.850","114.800","114.800","114.780","","0.03%"
"09/14/2009","114.815","114.800","114.800","114.750","","-0.01%"
"09/11/2009","114.825","114.780","114.800","114.780","","0.02%"
"09/10/2009","114.800","114.800","114.800","114.780","","0.00%"
"09/09/2009","114.800","114.770","114.800","114.750","","-0.02%"
"09/08/2009","114.825","114.780","114.800","114.750","","0.02%"
"09/07/2009","114.800","114.850","114.850","114.785","","0.00%"
"09/04/2009","114.800","114.800","114.800","114.800","","0.00%"
"09/03/2009","114.800","114.500","114.800","114.300","","0.44%"
"09/02/2009","114.300","114.790","114.840","114.210","","0.09%"
"09/01/2009","114.200","114.790","114.800","114.200","","-0.44%"
"08/31/2009","114.700","114.800","114.830","114.225","","-0.04%"
"08/28/2009","114.750","114.740","114.850","114.190","","0.47%"
"08/27/2009","114.210","114.780","114.810","114.210","","0.16%"
"08/26/2009","114.025","114.800","114.800","114.025","","-0.18%"
"08/25/2009","114.230","114.800","114.800","114.230","","0.00%"
"08/24/2009","114.230","114.530","114.800","114.105","","-0.52%"
"08/21/2009","114.830","114.050","114.850","114.150","","0.60%"
"08/20/2009","114.150","114.150","114.800","114.150","","-0.09%"
"08/19/2009","114.250","114.750","114.800","114.250","","-0.42%"
"08/18/2009","114.730","114.820","114.850","113.925","","0.44%"
"08/17/2009","114.230","114.880","114.900","114.230","","-0.65%"
"08/14/2009","114.980","114.880","114.950","114.855","","0.76%"
"08/13/2009","114.115","114.900","114.920","114.115","","-0.06%"
"08/12/2009","114.185","114.900","114.900","114.185","","0.07%"
"08/11/2009","114.110","114.900","114.900","114.110","","-0.07%"
"08/10/2009","114.195","114.900","114.900","114.195","","-0.62%"
"08/07/2009","114.910","114.900","114.900","114.855","","0.45%"
"08/06/2009","114.395","114.880","114.910","114.395","","0.66%"
"08/05/2009","113.645","114.270","114.270","113.645","","-0.64%"
"08/04/2009","114.375","114.850","114.900","114.375","","0.00%"
"08/03/2009","114.375","114.900","114.900","114.375","","-0.41%"
"07/31/2009","114.850","114.850","114.900","114.625","","0.62%"
"07/30/2009","114.145","114.850","114.900","114.145","","0.02%"
"07/29/2009","114.120","114.800","115.000","114.120","","-0.07%"
"07/28/2009","114.200","114.850","114.920","114.200","","-0.61%"
"07/27/2009","114.900","114.850","114.900","114.225","","0.00%"
"07/24/2009","114.900","114.800","114.900","114.230","","0.48%"
"07/23/2009","114.350","114.850","114.900","114.350","","0.04%"
"07/22/2009","114.300","114.850","114.900","114.300","","-0.02%"
"07/21/2009","114.320","114.800","114.900","114.310","","0.13%"
"07/20/2009","114.175","114.800","114.920","114.175","","-0.57%"
"07/17/2009","114.830","114.800","114.900","114.375","","0.46%"
"07/16/2009","114.300","114.850","114.900","114.300","","0.22%"
"07/15/2009","114.045","114.900","114.920","114.045","","-0.22%"
"07/14/2009","114.300","114.900","114.900","114.300","","-0.03%"
"07/13/2009","114.340","114.850","114.900","114.340","","-0.50%"
"07/10/2009","114.920","114.850","114.900","114.855","","0.06%"
"07/09/2009","114.850","114.850","114.900","114.840","","-0.04%"
"07/08/2009","114.900","114.850","114.900","114.860","","-0.03%"
"07/07/2009","114.930","114.900","114.900","114.825","","0.03%"
"07/06/2009","114.900","114.900","114.900","114.900","","0.00%"
"07/03/2009","114.900","114.850","114.920","114.870","","-0.04%"
"07/02/2009","114.950","114.900","114.920","114.810","","0.04%"
"07/01/2009","114.900","114.900","114.970","114.845","","-0.02%"
"06/30/2009","114.920","114.900","114.950","114.875","","0.00%"
"06/29/2009","114.920","114.900","114.950","114.865","","-0.01%"
"06/26/2009","114.930","114.950","114.950","114.875","","0.00%"
"06/25/2009","114.930","114.850","114.900","114.840","","0.03%"
"06/24/2009","114.900","114.850","114.900","114.800","","0.00%"
"06/23/2009","114.900","114.850","114.900","114.800","","-0.01%"
"06/22/2009","114.910","114.900","114.900","114.835","","-0.03%"
"06/19/2009","114.950","114.850","114.900","114.835","","0.03%"
"06/18/2009","114.910","114.750","114.900","114.825","","-0.01%"
"06/17/2009","114.920","114.850","114.900","114.800","","-0.01%"
"06/16/2009","114.930","114.850","114.900","114.800","","-0.02%"
"06/15/2009","114.950","114.900","114.900","114.860","","0.00%"
"06/12/2009","114.950","114.900","114.900","114.860","","0.04%"
"06/11/2009","114.900","114.900","114.900","114.825","","0.00%"
"06/10/2009","114.900","114.900","114.910","114.835","","0.00%"
"06/09/2009","114.900","114.850","114.900","114.860","","0.00%"
"06/08/2009","114.900","114.900","114.900","114.865","","0.00%"
"06/05/2009","114.900","114.900","114.920","114.875","","-0.03%"
"06/04/2009","114.930","114.900","114.920","114.835","","-0.02%"
"06/03/2009","114.950","114.900","114.900","114.825","","0.09%"
"06/02/2009","114.850","114.900","114.900","114.825","","-0.04%"
"06/01/2009","114.900","114.850","114.900","114.825","","0.00%"
"05/29/2009","114.900","114.850","114.920","114.850","","-0.03%"
"05/28/2009","114.930","114.800","114.900","114.840","","0.00%"
"05/27/2009","114.930","114.900","114.900","114.850","","0.03%"
"05/26/2009","114.900","114.900","114.900","114.800","","0.00%"
"05/25/2009","114.900","114.900","114.920","114.850","","0.04%"
"05/22/2009","114.850","114.750","115.000","114.750","","-0.15%"
"05/21/2009","115.025","114.900","115.000","114.815","","-0.05%"
"05/20/2009","115.080","114.980","114.980","115.080","","0.00%"
"05/19/2009","115.080","115.000","115.050","114.900","","-0.02%"
"05/18/2009","115.100","116.200","116.300","115.050","","-2.29%"
"05/15/2009","117.800","117.800","117.800","117.725","","0.05%"
"05/14/2009","117.740","117.600","117.850","117.600","","0.03%"
"05/13/2009","117.700","117.500","117.800","117.550","","0.21%"
"05/12/2009","117.450","117.000","117.650","117.100","","0.26%"
"05/11/2009","117.150","117.000","117.100","116.700","","-0.04%"
"05/08/2009","117.200","117.100","117.100","117.200","","0.00%"
"05/07/2009","117.200","118.000","118.000","116.875","","-0.93%"
"05/06/2009","118.300","119.700","119.900","118.200","","-1.48%"
"05/05/2009","120.080","119.900","120.100","119.950","","-0.02%"
"05/04/2009","120.100","120.000","120.050","119.950","","0.00%"
"05/01/2009","120.100","120.000","120.000","120.100","","0.00%"
"04/30/2009","120.100","120.000","120.500","119.975","","0.00%"
"04/29/2009","120.100","120.050","120.050","119.925","","0.08%"
"04/28/2009","120.000","120.150","120.250","119.900","","-0.27%"
"04/27/2009","120.320","120.000","120.250","119.850","","0.10%"
"04/24/2009","120.200","120.300","120.450","119.950","","0.21%"
"04/23/2009","119.950","119.600","120.700","119.350","","0.04%"
"04/22/2009","119.900","118.900","119.800","118.950","","0.63%"
"04/21/2009","119.150","117.400","120.200","117.400","","1.75%"
"04/20/2009","117.100","115.850","117.150","115.900","","0.99%"
"04/17/2009","115.950","115.700","116.000","115.800","","0.13%"
"04/16/2009","115.800","115.750","115.800","115.740","","0.04%"
"04/15/2009","115.750","115.750","115.800","115.735","","-0.04%"
"04/14/2009","115.800","115.700","115.700","115.800","","0.00%"
"04/13/2009","115.800","115.700","115.700","115.800","","0.00%"
"04/10/2009","115.800","115.700","115.700","115.800","","0.00%"
"04/09/2009","115.800","115.700","115.700","115.800","","0.00%"
"04/08/2009","115.800","115.650","115.750","115.700","","0.00%"
"04/07/2009","115.800","115.850","115.900","115.575","","-0.02%"
"04/06/2009","115.820","115.900","116.000","115.100","","-0.18%"
"04/03/2009","116.030","115.900","116.100","115.925","","0.03%"
"04/02/2009","116.000","115.850","116.050","115.925","","0.02%"
"04/01/2009","115.980","115.800","115.950","115.800","","0.16%"
"03/31/2009","115.800","115.100","115.850","115.175","","0.52%"
"03/30/2009","115.200","114.850","115.250","114.950","","0.13%"
"03/27/2009","115.050","114.100","115.400","114.145","","0.74%"
"03/26/2009","114.200","114.100","114.230","114.075","","0.06%"
"03/25/2009","114.130","114.050","114.150","114.025","","0.00%"
"03/24/2009","114.130","113.900","114.100","113.925","","0.07%"
"03/23/2009","114.050","113.900","114.000","113.925","","0.06%"
"03/20/2009","113.980","114.000","114.200","113.900","","-0.17%"
"03/19/2009","114.170","114.000","114.200","114.060","","0.00%"
"03/18/2009","114.170","114.000","114.200","114.100","","0.00%"
"03/17/2009","114.170","114.000","114.230","114.100","","-0.07%"
"03/16/2009","114.250","114.200","114.200","113.900","","-0.31%"
"03/13/2009","114.600","113.900","114.500","113.975","","0.00%"
"03/12/2009","114.600","113.900","114.500","114.050","","0.26%"
"03/11/2009","114.300","113.900","114.250","114.075","","0.00%"
"03/10/2009","114.300","113.900","114.500","114.300","","0.00%"
"03/09/2009","114.300","113.900","114.500","114.075","","0.00%"
"03/06/2009","114.300","114.150","114.250","114.175","","0.04%"
"03/05/2009","114.250","114.200","114.250","114.175","","-0.02%"
"03/04/2009","114.270","114.250","114.250","114.175","","0.00%"
"03/03/2009","114.270","114.300","114.300","114.185","","-0.05%"
"03/02/2009","114.330","114.250","114.300","114.185","","0.09%"
"02/27/2009","114.230","115.100","115.900","114.175","","-0.84%"
"02/26/2009","115.200","114.500","115.400","114.525","","0.26%"
"02/25/2009","114.900","114.470","114.850","114.375","","0.38%"
"02/24/2009","114.470","114.400","114.450","114.200","","0.24%"
"02/23/2009","114.200","114.100","114.100","114.200","","0.00%"
"02/20/2009","114.200","114.200","114.470","114.175","","0.00%"
"02/19/2009","114.200","114.300","114.400","114.125","","0.09%"
"02/18/2009","114.100","114.150","114.300","114.025","","-0.13%"
"02/17/2009","114.250","114.200","114.250","114.010","","0.13%"
"02/16/2009","114.100","114.000","114.250","114.000","","0.04%"
"02/13/2009","114.050","114.150","114.150","114.000","","0.03%"
"02/12/2009","114.020","114.000","114.120","113.925","","0.02%"
"02/11/2009","114.000","114.100","114.100","113.950","","0.02%"
"02/10/2009","113.980","114.000","114.150","113.925","","-0.08%"
"02/09/2009","114.070","113.970","113.970","114.070","","0.00%"
"02/06/2009","114.070","114.000","114.150","113.975","","0.11%"
"02/05/2009","113.950","114.000","114.050","113.925","","-0.03%"
"02/04/2009","113.980","113.880","113.880","113.980","","0.00%"
"02/03/2009","113.980","114.000","114.000","113.925","","-0.02%"
"02/02/2009","114.000","113.980","114.000","113.900","","0.07%"
"01/30/2009","113.920","113.950","114.030","113.875","","-0.05%"
"01/29/2009","113.980","113.980","114.000","113.900","","0.05%"
"01/28/2009","113.920","113.900","114.000","113.875","","0.02%"
"01/27/2009","113.900","113.800","113.980","113.875","","0.00%"
"01/26/2009","113.900","113.850","114.000","113.850","","-0.09%"
"01/23/2009","114.000","113.800","113.970","113.785","","0.16%"
"01/22/2009","113.820","113.750","114.000","113.775","","-0.07%"
"01/21/2009","113.900","113.750","113.900","113.800","","-0.02%"
"01/20/2009","113.920","113.800","113.900","113.800","","0.02%"
"01/19/2009","113.900","113.750","113.900","113.800","","0.00%"
"01/16/2009","113.900","113.800","113.900","113.785","","0.00%"
"01/15/2009","113.900","113.800","114.000","113.800","","0.09%"
"01/14/2009","113.800","113.800","113.800","113.800","","0.00%"
"01/13/2009","113.800","113.800","113.850","113.785","","-0.04%"
"01/12/2009","113.850","113.850","113.850","113.750","","0.04%"
"01/09/2009","113.800","113.800","113.900","113.785","","-0.03%"
"01/08/2009","113.830","113.750","113.900","113.775","","0.00%"
"01/07/2009","113.830","113.750","113.850","113.775","","0.11%"
"01/06/2009","113.700","113.650","113.750","113.550","","0.04%"
"01/05/2009","113.650","113.800","113.800","113.485","","-0.35%"
"01/02/2009","114.050","113.100","113.950","113.150","","0.75%"
"01/01/2009","113.200","112.900","113.200","112.900","","0.18%"
"12/31/2008","113.000","113.100","113.100","112.825","","-0.35%"
"12/30/2008","113.400","113.700","113.700","112.760","","-0.28%"
"12/29/2008","113.720","112.900","113.800","112.900","","0.73%"
"12/26/2008","112.900","112.750","112.950","112.825","","0.04%"
"12/25/2008","112.850","112.850","112.850","112.850","","0.00%"
"12/24/2008","112.850","112.850","112.950","112.750","","0.09%"
"12/23/2008","112.750","112.000","112.800","112.075","","0.67%"
"12/22/2008","112.000","111.800","112.000","111.800","","0.04%"
"12/19/2008","111.950","111.850","112.000","111.850","","0.04%"
"12/18/2008","111.900","111.750","111.900","111.800","","0.13%"
"12/17/2008","111.750","111.700","111.950","111.725","","-0.13%"
"12/16/2008","111.900","111.500","111.900","111.500","","0.54%"
"12/15/2008","111.300","111.200","111.450","111.250","","0.00%"
"12/12/2008","111.300","111.300","111.300","111.300","","0.00%"
"12/11/2008","111.300","110.550","111.300","110.600","","0.59%"
"12/10/2008","110.650","110.550","110.700","110.575","","0.27%"
"12/09/2008","110.350","110.350","110.350","110.350","","0.00%"
"12/08/2008","110.350","110.000","110.300","110.075","","0.20%"
"12/05/2008","110.130","109.950","110.050","109.975","","0.03%"
"12/04/2008","110.100","110.000","110.100","109.935","","-0.02%"
"12/03/2008","110.120","109.950","110.100","109.955","","0.02%"
"12/02/2008","110.100","110.000","110.100","109.935","","0.05%"
"12/01/2008","110.050","109.980","110.050","109.950","","0.00%"
"11/28/2008","110.050","109.980","110.100","109.935","","0.07%"
"11/27/2008","109.970","109.970","110.100","109.935","","-0.09%"
"11/26/2008","110.070","109.950","110.070","109.950","","0.06%"
"11/25/2008","110.000","109.950","110.070","109.950","","0.02%"
"11/24/2008","109.980","109.950","110.000","109.940","","-0.06%"
"11/21/2008","110.050","109.950","110.050","109.935","","0.05%"
"11/20/2008","110.000","109.950","110.100","109.935","","-0.05%"
"11/19/2008","110.050","109.900","110.000","109.950","","0.05%"
"11/18/2008","110.000","109.950","110.000","109.950","","0.05%"
"11/17/2008","109.950","109.920","110.000","109.920","","-0.05%"
"11/14/2008","110.000","109.950","110.100","109.935","","-0.05%"
"11/13/2008","110.050","109.850","110.150","109.925","","0.09%"
"11/12/2008","109.950","109.950","109.950","109.950","","0.00%"
"11/11/2008","109.950","110.000","110.100","109.850","","-0.11%"
"11/10/2008","110.075","110.700","110.700","109.775","","0.16%"
"11/07/2008","109.900","109.700","110.050","109.625","","-0.07%"
"11/06/2008","109.975","109.970","110.150","109.725","","-0.02%"
"11/05/2008","110.000","109.950","110.200","109.800","","0.02%"
"11/04/2008","109.980","109.950","110.180","109.790","","-0.06%"
"11/03/2008","110.050","110.000","110.150","109.875","","-0.18%"
"10/31/2008","110.250","109.950","110.400","109.675","","0.23%"
"10/30/2008","110.000","107.970","109.990","107.975","","1.80%"
"10/29/2008","108.050","107.980","108.030","107.975","","0.02%"
"10/28/2008","108.030","107.940","108.050","107.970","","-0.02%"
"10/27/2008","108.050","108.050","108.050","108.050","","0.00%"
"10/24/2008","108.050","107.970","108.000","107.970","","0.05%"
"10/23/2008","108.000","107.970","108.050","107.965","","-0.05%"
"10/22/2008","108.050","107.970","108.000","107.975","","0.02%"
"10/21/2008","108.030","107.950","108.050","107.975","","-0.02%"
"10/20/2008","108.050","107.980","108.000","107.975","","0.02%"
"10/17/2008","108.030","107.950","108.000","107.975","","0.06%"
"10/16/2008","107.970","107.980","108.000","107.950","","-0.04%"
"10/15/2008","108.015","107.970","108.000","107.975","","0.00%"
"10/14/2008","108.015","108.015","108.015","108.015","","0.00%"
"10/13/2008","108.015","107.960","108.000","107.965","","-0.01%"
"10/10/2008","108.030","107.980","108.010","107.975","","0.03%"
"10/09/2008","108.000","107.950","108.000","107.975","","0.05%"
"10/08/2008","107.950","107.950","108.000","107.950","","-0.07%"
"10/07/2008","108.025","107.980","108.000","107.975","","0.02%"
"10/06/2008","108.000","107.950","108.000","107.975","","0.00%"
"10/03/2008","108.000","107.940","108.000","107.960","","-0.02%"
"10/02/2008","108.025","108.100","108.100","107.950","","-0.12%"
"10/01/2008","108.150","108.150","108.150","108.150","","0.00%"
"09/30/2008","108.150","107.880","108.200","107.830","","0.24%"
"09/29/2008","107.890","107.850","107.900","107.865","","0.00%"
"09/26/2008","107.885","107.850","107.890","107.855","","-0.01%"
"09/25/2008","107.900","107.850","107.900","107.870","","0.00%"
"09/24/2008","107.900","107.850","107.880","107.830","","0.04%"
"09/23/2008","107.855","107.820","107.870","107.825","","0.02%"
"09/22/2008","107.835","107.820","107.860","107.830","","-0.06%"
"09/19/2008","107.900","107.850","107.880","107.850","","0.03%"
"09/18/2008","107.870","107.850","108.000","107.805","","-0.03%"
"09/17/2008","107.900","107.850","107.900","107.850","","0.05%"
"09/16/2008","107.850","107.820","107.900","107.850","","-0.02%"
"09/15/2008","107.875","107.850","107.880","107.850","","0.02%"
"09/12/2008","107.850","107.840","107.880","107.775","","0.00%"
"09/11/2008","107.850","107.850","107.880","107.825","","0.01%"
"09/10/2008","107.840","107.860","107.860","107.820","","-0.01%"
"09/09/2008","107.850","107.860","107.890","107.850","","0.00%"
"09/08/2008","107.850","107.820","107.870","107.850","","0.00%"
"09/05/2008","107.850","107.750","107.850","107.750","","0.09%"
"09/04/2008","107.750","107.650","107.750","107.665","","0.08%"
"09/03/2008","107.665","107.700","107.750","107.640","","-0.10%"
"09/02/2008","107.770","107.800","107.800","107.700","","-0.01%"
"09/01/2008","107.780","107.850","107.850","107.750","","-0.08%"
"08/29/2008","107.870","107.850","107.870","107.840","","0.02%"
"08/28/2008","107.850","107.800","107.870","107.785","","0.07%"
"08/27/2008","107.770","107.830","107.900","107.770","","0.06%"
"08/26/2008","107.700","107.650","107.700","107.650","","0.02%"
"08/25/2008","107.675","107.650","107.700","107.660","","0.02%"
"08/22/2008","107.650","107.800","107.800","107.625","","-0.09%"
"08/21/2008","107.750","107.850","107.870","107.750","","-0.14%"
"08/20/2008","107.900","107.860","107.920","107.855","","0.00%"
"08/19/2008","107.900","107.850","107.900","107.850","","0.07%"
"08/18/2008","107.825","107.750","107.880","107.775","","0.07%"
"08/15/2008","107.750","107.680","107.760","107.675","","0.05%"
"08/14/2008","107.700","107.620","107.700","107.625","","0.09%"
"08/13/2008","107.600","107.550","107.600","107.570","","-0.02%"
"08/12/2008","107.620","107.620","107.630","107.585","","0.00%"
"08/11/2008","107.625","107.680","107.700","107.615","","-0.07%"
"08/08/2008","107.700","107.680","107.700","107.660","","0.05%"
"08/07/2008","107.650","107.800","107.820","107.650","","-0.09%"
"08/06/2008","107.750","107.770","107.820","107.750","","-0.05%"
"08/05/2008","107.800","107.700","107.800","107.700","","0.09%"
"08/04/2008","107.700","107.650","107.730","107.650","","0.09%"
"08/01/2008","107.600","107.550","107.650","107.600","","0.00%"
"07/31/2008","107.600","107.650","107.750","107.600","","0.07%"
"07/30/2008","107.530","107.500","107.620","107.480","","0.03%"
"07/29/2008","107.500","107.450","107.650","107.470","","-0.05%"
"07/28/2008","107.550","107.520","107.660","107.550","","-0.05%"
"07/25/2008","107.600","107.620","107.700","107.600","","-0.05%"
"07/24/2008","107.650","107.650","107.650","107.600","","-0.05%"
"07/23/2008","107.700","107.650","107.800","107.665","","0.03%"
"07/22/2008","107.670","107.470","107.700","107.500","","0.11%"
"07/21/2008","107.550","107.420","107.550","107.460","","0.00%"
"07/18/2008","107.550","107.400","107.550","107.450","","0.00%"
"07/17/2008","107.550","107.550","107.550","107.550","","0.00%"
"07/16/2008","107.550","107.650","107.650","107.540","","-0.12%"
"07/15/2008","107.675","107.640","107.690","107.635","","0.00%"
"07/14/2008","107.675","107.620","107.720","107.635","","0.02%"
"07/11/2008","107.650","107.630","107.650","107.625","","0.01%"
"07/10/2008","107.640","107.680","107.700","107.640","","-0.01%"
"07/09/2008","107.650","107.650","107.650","107.535","","-0.03%"
"07/08/2008","107.680","107.630","107.650","107.610","","0.03%"
"07/07/2008","107.650","107.620","107.730","107.610","","-0.05%"
"07/04/2008","107.700","107.650","107.660","107.610","","0.00%"
"07/03/2008","107.700","107.750","107.750","107.675","","-0.03%"
"07/02/2008","107.730","107.680","107.730","107.675","","0.04%"
"07/01/2008","107.685","107.670","107.690","107.630","","-0.01%"
"06/30/2008","107.700","107.650","107.730","107.660","","0.00%"
"06/27/2008","107.700","107.670","107.700","107.655","","-0.02%"
"06/26/2008","107.725","107.650","107.770","107.660","","0.07%"
"06/25/2008","107.650","107.680","107.680","107.650","","-0.05%"
"06/24/2008","107.700","107.630","107.750","107.640","","0.05%"
"06/23/2008","107.650","107.600","107.680","107.640","","0.00%"
"06/20/2008","107.650","107.550","107.650","107.600","","-0.05%"
"06/19/2008","107.700","107.770","107.840","107.660","","-0.14%"
"06/18/2008","107.855","107.855","107.855","107.855","","0.00%"
"06/17/2008","107.855","107.800","107.850","107.800","","0.00%"
"06/16/2008","107.850","107.800","107.860","107.795","","0.05%"
"06/13/2008","107.800","107.820","107.890","107.725","","-0.05%"
"06/12/2008","107.850","107.890","107.890","107.830","","0.00%"
"06/11/2008","107.850","107.820","107.880","107.840","","-0.05%"
"06/10/2008","107.900","107.830","107.880","107.840","","0.04%"
"06/09/2008","107.860","107.840","107.890","107.835","","-0.02%"
"06/06/2008","107.880","107.850","107.900","107.850","","0.03%"
"06/05/2008","107.850","107.820","107.880","107.840","","0.00%"
"06/04/2008","107.850","107.820","107.850","107.840","","-0.01%"
"06/03/2008","107.860","107.830","107.870","107.825","","-0.02%"
"06/02/2008","107.885","107.880","107.890","107.825","","0.00%"
"05/30/2008","107.885","107.850","107.880","107.840","","0.00%"
"05/29/2008","107.885","107.840","107.860","107.825","","0.02%"
"05/28/2008","107.860","107.850","107.910","107.830","","0.00%"
"05/27/2008","107.860","107.700","107.900","107.750","","0.16%"
"05/26/2008","107.685","107.650","107.700","107.625","","-0.15%"
"05/23/2008","107.850","107.720","107.850","107.740","","0.09%"
"05/22/2008","107.750","107.700","107.750","107.700","","0.04%"
"05/21/2008","107.705","107.750","107.750","107.690","","-0.10%"
"05/20/2008","107.815","107.815","107.815","107.815","","0.00%"
"05/19/2008","107.815","107.815","107.815","107.815","","0.00%"
"05/16/2008","107.815","107.750","107.850","107.770","","0.03%"
"05/15/2008","107.780","107.650","107.800","107.700","","0.10%"
"05/14/2008","107.670","107.640","107.650","107.625","","0.00%"
"05/13/2008","107.670","107.600","107.660","107.600","","0.07%"
"05/12/2008","107.600","107.650","107.680","107.595","","-0.05%"
"05/09/2008","107.650","107.830","107.830","107.600","","-0.09%"
"05/08/2008","107.750","107.830","107.870","107.750","","-0.12%"
"05/07/2008","107.875","107.830","107.890","107.840","","0.07%"
"05/06/2008","107.800","107.780","107.860","107.685","","-0.07%"
"05/05/2008","107.875","107.850","107.850","107.800","","0.02%"
"05/02/2008","107.850","107.800","107.880","107.775","","-0.02%"
"05/01/2008","107.875","107.875","107.875","107.875","","0.00%"
"04/30/2008","107.875","107.850","107.890","107.845","","-0.02%"
"04/29/2008","107.900","107.850","107.890","107.830","","0.01%"
"04/28/2008","107.885","107.820","107.890","107.835","","0.03%"
"04/25/2008","107.850","107.750","107.850","107.800","","0.00%"
"04/24/2008","107.850","107.850","107.880","107.815","","0.05%"
"04/23/2008","107.800","107.800","107.800","107.745","","0.00%"
"04/22/2008","107.805","107.820","107.880","107.800","","-0.07%"
"04/21/2008","107.885","107.850","107.880","107.830","","0.01%"
"04/18/2008","107.875","107.875","107.875","107.875","","0.00%"
"04/17/2008","107.875","107.850","107.880","107.800","","0.02%"
"04/16/2008","107.850","107.870","107.880","107.840","","0.00%"
"04/15/2008","107.850","107.800","107.890","107.850","","-0.05%"
"04/14/2008","107.900","107.900","107.900","107.900","","0.00%"
"04/11/2008","107.900","107.750","107.900","107.790","","0.16%"
"04/10/2008","107.725","107.670","107.800","107.700","","0.12%"
"04/09/2008","107.595","107.520","107.600","107.570","","-0.05%"
"04/08/2008","107.650","107.530","107.600","107.570","","0.05%"
"04/07/2008","107.600","107.570","107.620","107.575","","0.03%"
"04/04/2008","107.570","107.750","107.800","107.570","","-0.24%"
"04/03/2008","107.830","107.800","107.900","107.800","","0.00%"
"04/02/2008","107.825","107.780","107.860","107.800","","0.05%"
"04/01/2008","107.775","107.840","107.880","107.775","","-0.02%"
"03/31/2008","107.800","107.770","107.850","107.750","","0.00%"
"03/28/2008","107.805","107.780","107.850","107.775","","-0.04%"
"03/27/2008","107.850","107.750","107.820","107.730","","0.05%"
"03/26/2008","107.800","107.800","107.800","107.800","","-0.06%"
"03/25/2008","107.870","107.800","107.880","107.800","","0.02%"
"03/24/2008","107.850","107.630","107.800","107.650","","0.21%"
"03/21/2008","107.625","107.625","107.625","107.625","","0.00%"
"03/20/2008","107.625","107.625","107.625","107.625","","0.00%"
"03/19/2008","107.625","107.620","107.680","107.615","","-0.05%"
"03/18/2008","107.675","107.700","107.700","107.565","","0.01%"
"03/17/2008","107.665","107.600","107.690","107.585","","-0.03%"
"03/14/2008","107.700","107.750","107.850","107.550","","-0.14%"
"03/13/2008","107.850","107.600","107.900","107.650","","0.20%"
"03/12/2008","107.630","107.420","107.600","107.460","","0.10%"
"03/11/2008","107.525","107.420","107.500","107.450","","0.07%"
"03/10/2008","107.450","107.580","107.580","107.350","","-0.26%"
"03/07/2008","107.725","107.810","107.850","107.450","","-0.07%"
"03/06/2008","107.800","107.800","107.800","107.800","","0.00%"
"03/05/2008","107.800","107.850","107.860","107.800","","-0.05%"
"03/04/2008","107.850","107.820","107.850","107.750","","0.00%"
"03/03/2008","107.850","107.800","107.850","107.820","","0.00%"
"02/29/2008","107.850","107.780","107.850","107.810","","-0.02%"
"02/28/2008","107.870","107.800","107.880","107.825","","0.06%"
"02/27/2008","107.810","107.810","107.850","107.800","","-0.04%"
"02/26/2008","107.850","107.750","107.840","107.800","","0.00%"
"02/25/2008","107.850","107.850","107.850","107.790","","0.02%"
"02/22/2008","107.830","107.950","108.050","107.830","","-0.11%"
"02/21/2008","107.950","107.870","108.000","107.850","","0.09%"
"02/20/2008","107.850","107.850","107.850","107.850","","0.00%"
"02/19/2008","107.850","107.800","107.850","107.800","","0.05%"
"02/18/2008","107.800","107.700","107.850","107.750","","-0.09%"
"02/15/2008","107.900","107.780","107.850","107.810","","0.00%"
"02/14/2008","107.900","107.850","107.900","107.800","","0.05%"
"02/13/2008","107.850","108.050","108.050","107.840","","-0.19%"
"02/12/2008","108.050","107.840","108.100","107.840","","0.19%"
"02/11/2008","107.850","107.840","107.850","107.820","","-0.01%"
"02/08/2008","107.860","107.800","107.850","107.815","","-0.01%"
"02/07/2008","107.870","107.780","107.850","107.775","","0.06%"
"02/06/2008","107.800","107.730","107.850","107.780","","0.00%"
"02/05/2008","107.800","107.700","107.830","107.750","","0.11%"
"02/04/2008","107.680","107.680","107.680","107.680","","0.00%"
"02/01/2008","107.680","107.700","107.750","107.670","","-0.15%"
"01/31/2008","107.840","107.850","107.850","107.795","","-0.01%"
"01/30/2008","107.850","107.950","108.000","107.840","","-0.19%"
"01/29/2008","108.050","108.070","108.100","108.000","","0.05%"
"01/28/2008","108.000","107.950","108.100","108.000","","0.04%"
"01/25/2008","107.960","107.820","108.000","107.840","","0.10%"
"01/24/2008","107.850","107.850","107.920","107.850","","-0.03%"
"01/23/2008","107.880","107.750","107.950","107.800","","-0.05%"
"01/22/2008","107.930","107.930","107.930","107.930","","0.00%"
"01/21/2008","107.930","107.900","108.000","107.850","","-0.06%"
"01/18/2008","107.990","107.920","108.050","107.870","","0.00%"
"01/17/2008","107.990","108.070","108.070","107.950","","-0.03%"
"01/16/2008","108.025","108.150","108.150","108.000","","-0.20%"
"01/15/2008","108.240","108.240","108.240","108.240","","0.00%"
"01/14/2008","108.240","108.100","108.200","108.130","","0.11%"
"01/11/2008","108.125","108.350","108.460","108.100","","-0.18%"
"01/10/2008","108.325","108.280","108.400","108.270","","0.04%"
"01/09/2008","108.280","108.300","108.350","108.260","","-0.10%"
"01/08/2008","108.390","108.320","108.400","108.370","","-0.01%"
"01/07/2008","108.400","108.500","108.550","108.400","","-0.21%"
"01/04/2008","108.625","108.580","108.660","108.570","","-0.02%"
"01/03/2008","108.650","108.650","108.680","108.650","","0.02%"
"01/02/2008","108.630","108.650","108.650","108.550","","-0.01%"
"01/01/2008","108.640","108.740","108.750","108.610","","-0.01%"
"12/31/2007","108.650","108.600","108.650","108.575","","-0.01%"
"12/28/2007","108.660","108.550","108.720","108.500","","-0.04%"
"12/27/2007","108.700","108.200","108.900","108.225","","0.39%"
"12/26/2007","108.275","108.370","108.370","108.200","","-0.25%"
"12/25/2007","108.550","108.550","108.550","108.550","","0.00%"
"12/24/2007","108.550","108.500","108.550","108.420","","-0.08%"
"12/21/2007","108.640","108.640","108.640","108.640","","0.00%"
"12/20/2007","108.640","108.850","108.900","108.600","","-0.31%"
"12/19/2007","108.975","108.930","108.950","108.900","","0.02%"
"12/18/2007","108.950","108.920","108.980","108.900","","-0.06%"
"12/17/2007","109.015","108.950","108.980","108.940","","0.06%"
"12/14/2007","108.950","108.920","108.970","108.930","","-0.01%"
"12/13/2007","108.965","108.900","108.950","108.935","","-0.03%"
"12/12/2007","109.000","108.900","108.980","108.940","","0.02%"
"12/11/2007","108.975","108.950","108.980","108.940","","0.00%"
"12/10/2007","108.980","108.100","109.150","108.125","","0.77%"
"12/07/2007","108.150","108.200","108.370","108.150","","-0.32%"
"12/06/2007","108.500","108.300","108.500","108.350","","-0.53%"
"12/05/2007","109.080","110.180","110.180","108.850","","-1.10%"
"12/04/2007","110.290","110.450","110.460","110.290","","-0.14%"
"12/03/2007","110.450","110.450","110.490","110.430","","-0.02%"
"11/30/2007","110.475","110.450","110.490","110.450","","0.01%"
"11/29/2007","110.465","110.450","110.480","110.425","","-0.02%"
"11/28/2007","110.485","110.450","110.480","110.440","","0.03%"
"11/27/2007","110.450","110.450","110.480","110.430","","0.00%"
"11/26/2007","110.450","110.300","110.450","110.340","","0.11%"
"11/23/2007","110.325","110.280","110.400","110.230","","-0.09%"
"11/22/2007","110.420","110.350","110.430","110.370","","0.02%"
"11/21/2007","110.400","110.420","110.450","110.350","","-0.07%"
"11/20/2007","110.475","110.420","110.480","110.450","","0.00%"
"11/19/2007","110.470","110.400","110.470","110.350","","0.05%"
"11/16/2007","110.410","110.380","110.450","110.300","","-0.02%"
"11/15/2007","110.430","110.300","110.450","110.300","","0.02%"
"11/14/2007","110.410","110.400","110.480","110.400","","-0.10%"
"11/13/2007","110.520","110.320","110.490","110.360","","0.18%"
"11/12/2007","110.325","110.370","110.450","110.300","","-0.12%"
"11/09/2007","110.460","110.300","110.480","110.350","","0.12%"
"11/08/2007","110.325","110.325","110.325","110.325","","0.00%"
"11/07/2007","110.325","110.140","110.400","110.170","","0.34%"
"11/06/2007","109.950","110.400","110.400","109.950","","-0.32%"
"11/05/2007","110.300","110.620","110.620","110.300","","-0.11%"
"11/02/2007","110.425","110.840","110.840","110.425","","-0.41%"
"11/01/2007","110.875","111.050","111.050","110.800","","-0.07%"
"10/31/2007","110.950","111.120","111.400","110.900","","-0.29%"
"10/30/2007","111.270","111.400","111.700","111.075","","-0.18%"
"10/29/2007","111.470","111.650","111.650","111.400","","-0.54%"
"10/26/2007","112.070","112.300","112.300","112.050","","-0.35%"
"10/25/2007","112.460","112.460","112.460","112.460","","0.00%"
"10/24/2007","112.460","112.500","112.500","112.325","","0.10%"
"10/23/2007","112.350","112.500","112.520","112.350","","-0.28%"
"10/22/2007","112.660","112.800","112.900","112.450","","-0.09%"
"10/19/2007","112.760","112.900","112.900","112.685","","-0.19%"
"10/18/2007","112.980","113.150","113.200","112.915","","-0.26%"
"10/17/2007","113.275","113.360","113.360","113.250","","-0.18%"
"10/16/2007","113.475","113.450","113.470","113.445","","0.02%"
"10/15/2007","113.450","113.420","113.470","113.440","","0.03%"
"10/12/2007","113.420","113.430","113.460","113.410","","0.02%"
"10/11/2007","113.400","113.400","113.450","113.360","","-0.05%"
"10/10/2007","113.460","113.400","113.500","113.425","","-0.02%"
"10/09/2007","113.480","113.450","113.490","113.440","","0.01%"
"10/08/2007","113.465","113.440","113.490","113.445","","-0.02%"
"10/05/2007","113.490","113.460","113.480","113.445","","0.04%"
"10/04/2007","113.450","113.430","113.480","113.445","","-0.01%"
"10/03/2007","113.465","113.480","113.480","113.445","","0.01%"
"10/02/2007","113.450","113.450","113.510","113.440","","-0.01%"
"10/01/2007","113.465","113.450","113.470","113.445","","0.02%"
"09/28/2007","113.440","113.470","113.490","113.440","","-0.02%"
"09/27/2007","113.460","113.440","113.500","113.440","","-0.01%"
"09/26/2007","113.475","113.475","113.475","113.475","","0.00%"
"09/25/2007","113.475","113.460","113.500","113.445","","-0.02%"
"09/24/2007","113.500","113.450","113.490","113.450","","0.04%"
"09/21/2007","113.450","113.460","113.500","113.450","","-0.04%"
"09/20/2007","113.500","113.450","113.500","113.445","","0.00%"
"09/19/2007","113.500","113.550","113.650","113.430","","-0.09%"
"09/18/2007","113.600","113.380","113.570","113.405","","0.09%"
"09/17/2007","113.500","113.350","113.500","113.375","","0.11%"
"09/14/2007","113.370","113.270","113.400","113.310","","0.04%"
"09/13/2007","113.330","113.250","113.350","113.280","","0.05%"
"09/12/2007","113.275","113.270","113.300","113.260","","0.00%"
"09/11/2007","113.280","113.300","113.300","113.250","","0.02%"
"09/10/2007","113.260","113.240","113.280","113.185","","-0.01%"
"09/07/2007","113.275","113.200","113.270","113.225","","-0.02%"
"09/06/2007","113.300","113.320","113.320","113.215","","0.04%"
"09/05/2007","113.250","113.100","113.280","113.125","","0.09%"
"09/04/2007","113.150","112.950","113.100","112.990","","0.11%"
"09/03/2007","113.025","112.970","113.000","112.950","","0.00%"
"08/31/2007","113.025","113.080","113.150","113.000","","-0.09%"
"08/30/2007","113.125","113.100","113.100","112.980","","-0.02%"
"08/29/2007","113.150","112.900","113.150","112.870","","0.22%"
"08/28/2007","112.900","112.900","112.900","112.900","","0.00%"
"08/27/2007","112.900","112.600","112.850","112.400","","0.22%"
"08/24/2007","112.650","112.300","112.750","112.350","","0.27%"
"08/23/2007","112.350","112.100","112.350","112.125","","0.13%"
"08/22/2007","112.200","112.000","112.160","112.035","","0.09%"
"08/21/2007","112.100","112.000","112.100","111.995","","0.09%"
"08/20/2007","112.000","112.000","112.050","111.995","","-0.02%"
"08/17/2007","112.020","111.970","112.050","111.980","","0.02%"
"08/16/2007","112.000","111.900","112.000","111.940","","0.01%"
"08/15/2007","111.985","111.960","111.980","111.915","","0.03%"
"08/14/2007","111.950","111.880","111.990","111.910","","-0.02%"
"08/13/2007","111.970","111.890","111.980","111.870","","0.04%"
"08/10/2007","111.930","111.900","111.960","111.840","","0.01%"
"08/09/2007","111.920","111.860","111.920","111.885","","0.02%"
"08/08/2007","111.900","111.780","111.920","111.830","","0.00%"
"08/07/2007","111.895","111.850","111.910","111.885","","0.02%"
"08/06/2007","111.875","111.850","111.930","111.850","","-0.02%"
"08/03/2007","111.900","111.750","111.900","111.725","","0.08%"
"08/02/2007","111.805","111.750","111.820","111.770","","0.03%"
"08/01/2007","111.775","111.740","111.780","111.765","","0.00%"
"07/31/2007","111.780","111.720","111.780","111.715","","0.02%"
"07/30/2007","111.760","111.740","111.780","111.740","","-0.02%"
"07/27/2007","111.780","111.750","111.770","111.725","","0.00%"
"07/26/2007","111.780","111.740","111.770","111.700","","0.01%"
"07/25/2007","111.765","111.750","111.780","111.760","","-0.01%"
"07/24/2007","111.775","111.740","111.780","111.760","","-0.01%"
"07/23/2007","111.785","111.730","111.790","111.755","","0.00%"
"07/20/2007","111.780","111.740","111.800","111.760","","-0.03%"
"07/19/2007","111.810","111.750","111.800","111.750","","0.05%"
"07/18/2007","111.750","111.700","111.750","111.705","","-0.06%"
"07/17/2007","111.815","111.750","111.800","111.650","","0.01%"
"07/16/2007","111.800","111.720","111.770","111.715","","0.05%"
"07/13/2007","111.745","111.700","111.760","111.730","","0.02%"
"07/12/2007","111.725","111.550","111.770","111.590","","0.09%"
"07/11/2007","111.625","111.540","111.700","111.525","","0.09%"
"07/10/2007","111.525","111.500","111.570","111.450","","0.00%"
"07/09/2007","111.525","111.480","111.530","111.510","","-0.03%"
"07/06/2007","111.560","111.530","111.550","111.450","","0.10%"
"07/05/2007","111.445","111.400","111.550","111.340","","0.03%"
"07/04/2007","111.410","111.350","111.400","111.330","","0.05%"
"07/03/2007","111.350","111.360","111.360","111.330","","-0.04%"
"07/02/2007","111.400","111.250","111.400","111.300","","0.01%"
"06/29/2007","111.385","111.400","111.400","111.300","","-0.04%"
"06/28/2007","111.425","111.450","111.450","111.365","","-0.07%"
"06/27/2007","111.500","111.180","111.500","111.150","","0.24%"
"06/26/2007","111.230","111.050","111.200","111.100","","0.14%"
"06/25/2007","111.075","110.980","111.050","110.965","","0.07%"
"06/22/2007","110.995","110.920","111.000","110.925","","0.08%"
"06/21/2007","110.910","110.900","110.970","110.905","","-0.01%"
"06/20/2007","110.925","110.900","110.950","110.915","","-0.03%"
"06/19/2007","110.960","110.850","110.950","110.885","","0.05%"
"06/18/2007","110.900","110.850","110.890","110.875","","0.02%"
"06/15/2007","110.875","110.870","110.900","110.875","","-0.07%"
"06/14/2007","110.955","110.920","110.960","110.925","","0.05%"
"06/13/2007","110.900","110.820","110.880","110.830","","0.02%"
"06/12/2007","110.880","110.780","110.870","110.830","","-0.02%"
"06/11/2007","110.900","110.850","110.970","110.825","","0.00%"
"06/08/2007","110.900","110.840","110.950","110.850","","0.08%"
"06/07/2007","110.815","110.750","110.830","110.800","","0.05%"
"06/06/2007","110.760","110.740","110.740","110.670","","0.04%"
"06/05/2007","110.720","110.770","110.800","110.710","","-0.06%"
"06/04/2007","110.790","110.800","110.800","110.790","","-0.01%"
"06/01/2007","110.800","110.830","110.830","110.800","","-0.06%"
"05/31/2007","110.870","110.870","110.870","110.870","","0.00%"
"05/30/2007","110.870","110.820","110.880","110.860","","0.09%"
"05/29/2007","110.770","110.760","110.800","110.770","","0.05%"
"05/28/2007","110.715","110.700","110.750","110.660","","-0.05%"
"05/25/2007","110.770","110.800","110.850","110.770","","-0.08%"
"05/24/2007","110.860","110.800","110.880","110.850","","0.10%"
"05/23/2007","110.750","110.800","110.800","110.740","","-0.03%"
"05/22/2007","110.780","110.820","110.820","110.775","","-0.02%"
"05/21/2007","110.800","110.850","110.850","110.800","","-0.09%"
"05/18/2007","110.900","110.900","110.940","110.810","","0.00%"
"05/17/2007","110.900","110.800","110.900","110.840","","0.04%"
"05/16/2007","110.860","110.900","110.900","110.810","","-0.05%"
"05/15/2007","110.920","110.900","110.910","110.850","","-0.07%"
"05/14/2007","111.000","110.870","110.950","110.880","","0.10%"
"05/11/2007","110.890","110.800","110.870","110.850","","0.04%"
"05/10/2007","110.850","110.750","110.900","110.775","","0.05%"
"05/09/2007","110.800","110.850","110.920","110.800","","-0.05%"
"05/08/2007","110.850","110.850","110.870","110.850","","-0.09%"
"05/07/2007","110.950","110.800","110.920","110.850","","0.05%"
"05/04/2007","110.900","110.670","110.850","110.590","","0.18%"
"05/03/2007","110.700","110.800","110.850","110.700","","0.09%"
"05/02/2007","110.600","110.600","110.600","110.600","","0.00%"
"05/01/2007","110.600","110.600","110.600","110.600","","0.00%"
"04/30/2007","110.600","110.100","110.700","110.150","","0.59%"
"04/27/2007","109.950","110.150","110.150","109.950","","-0.06%"
"04/26/2007","110.020","110.050","110.080","109.945","","0.02%"
"04/25/2007","110.000","109.950","109.970","109.965","","0.05%"
"04/24/2007","109.940","109.950","109.950","109.850","","0.08%"
"04/23/2007","109.850","109.580","109.900","109.630","","0.18%"
"04/20/2007","109.650","110.350","110.350","109.650","","-0.50%"
"04/19/2007","110.200","110.250","110.450","110.200","","0.32%"
"04/18/2007","109.850","109.850","109.850","109.850","","0.00%"
"04/17/2007","109.850","109.600","109.900","109.590","","0.53%"
"04/16/2007","109.275","109.400","109.670","109.275","","0.21%"
"04/13/2007","109.050","109.050","109.050","109.050","","0.00%"
"04/12/2007","109.050","109.360","109.400","109.050","","-0.02%"
"04/11/2007","109.075","109.350","109.500","109.075","","-0.21%"
"04/10/2007","109.305","108.350","109.260","108.305","","0.83%"
"04/09/2007","108.405","108.300","108.360","108.350","","0.05%"
"04/06/2007","108.350","108.350","108.350","108.350","","0.00%"
"04/05/2007","108.350","108.400","108.400","108.300","","-0.09%"
"04/04/2007","108.450","108.300","108.550","108.250","","0.13%"
"04/03/2007","108.310","108.600","108.600","108.050","","-0.31%"
"04/02/2007","108.650","108.650","108.650","108.650","","0.00%"
"03/30/2007","108.650","109.150","109.220","108.650","","-0.69%"
"03/29/2007","109.400","108.800","109.350","108.850","","0.76%"
"03/28/2007","108.575","108.870","109.080","108.525","","0.02%"
"03/27/2007","108.550","109.020","109.050","108.300","","-0.46%"
"03/26/2007","109.050","109.600","109.600","108.915","","-0.56%"
"03/23/2007","109.660","109.800","109.900","109.600","","-0.17%"
"03/22/2007","109.850","109.750","109.920","109.735","","0.34%"
"03/21/2007","109.475","109.700","109.830","109.475","","-0.18%"
"03/20/2007","109.675","109.750","109.800","109.675","","-0.12%"
"03/19/2007","109.810","109.750","109.900","109.785","","0.01%"
"03/16/2007","109.800","109.550","109.880","109.585","","0.19%"
"03/15/2007","109.590","109.550","109.580","109.500","","0.11%"
"03/14/2007","109.470","109.540","109.630","109.400","","-0.05%"
"03/13/2007","109.520","109.250","109.660","109.275","","0.18%"
"03/12/2007","109.320","109.000","109.330","109.010","","0.23%"
"03/09/2007","109.070","109.120","109.120","109.060","","-0.05%"
"03/08/2007","109.120","109.030","109.120","109.060","","0.36%"
"03/07/2007","108.725","108.800","109.000","108.725","","0.07%"
"03/06/2007","108.650","108.820","108.900","108.650","","-0.19%"
"03/05/2007","108.860","108.800","108.840","108.740","","0.01%"
"03/02/2007","108.850","108.750","108.870","108.725","","-0.05%"
"03/01/2007","108.900","108.750","109.000","108.750","","0.10%"
"02/28/2007","108.790","108.670","108.850","108.630","","0.08%"
"02/27/2007","108.700","108.700","108.720","108.610","","-0.07%"
"02/26/2007","108.780","108.700","108.750","108.600","","0.03%"
"02/23/2007","108.750","108.750","108.820","108.700","","-0.02%"
"02/22/2007","108.770","108.650","108.830","108.700","","0.02%"
"02/21/2007","108.750","108.670","108.750","108.640","","0.02%"
"02/20/2007","108.730","108.600","108.730","108.650","","0.07%"
"02/19/2007","108.650","108.650","108.720","108.635","","-0.05%"
"02/16/2007","108.700","108.700","108.700","108.700","","0.00%"
"02/15/2007","108.700","108.700","108.730","108.550","","-0.07%"
"02/14/2007","108.780","108.600","108.750","108.625","","0.14%"
"02/13/2007","108.625","108.520","108.600","108.485","","0.09%"
"02/12/2007","108.530","108.470","108.550","108.490","","-0.04%"
"02/09/2007","108.575","108.520","108.600","108.540","","0.02%"
"02/08/2007","108.550","108.550","108.580","108.505","","-0.05%"
"02/07/2007","108.600","108.600","108.680","108.505","","-0.06%"
"02/06/2007","108.670","108.780","108.780","108.570","","0.04%"
"02/05/2007","108.630","108.530","108.530","108.630","","0.00%"
"02/02/2007","108.625","108.500","108.650","108.550","","0.04%"
"02/01/2007","108.580","108.580","108.580","108.580","","0.00%"
"01/31/2007","108.580","108.400","108.780","108.450","","-0.06%"
"01/30/2007","108.650","108.650","108.750","108.450","","-0.05%"
"01/29/2007","108.700","108.500","108.730","108.550","","0.14%"
"01/26/2007","108.550","108.600","108.800","108.550","","-0.09%"
"01/25/2007","108.650","108.400","108.750","108.435","","0.20%"
"01/24/2007","108.430","108.300","108.380","108.100","","0.07%"
"01/23/2007","108.350","108.550","108.550","108.200","","-0.23%"
"01/22/2007","108.600","108.670","108.700","108.500","","-0.11%"
"01/19/2007","108.725","108.700","108.720","108.700","","-0.02%"
"01/18/2007","108.750","108.750","108.750","108.375","","0.00%"
"01/17/2007","108.750","108.800","108.880","108.725","","-0.12%"
"01/16/2007","108.880","108.420","108.850","108.470","","0.40%"
"01/15/2007","108.450","108.450","108.450","108.450","","0.00%"
"01/12/2007","108.450","108.520","108.520","108.375","","-0.09%"
"01/11/2007","108.550","108.480","108.530","108.475","","0.09%"
"01/10/2007","108.450","108.500","108.630","108.350","","-0.11%"
"01/09/2007","108.570","108.700","108.720","108.570","","-0.17%"
"01/08/2007","108.750","108.600","108.750","108.650","","0.05%"
"01/05/2007","108.700","108.750","108.750","108.600","","0.42%"
"01/04/2007","108.250","107.740","108.100","107.570","","0.56%"
"01/03/2007","107.650","107.550","107.550","107.650","","0.00%"
"01/02/2007","107.650","107.500","107.650","107.470","","0.08%"
"01/01/2007","107.560","107.350","107.550","107.425","","0.10%"
"12/29/2006","107.450","107.300","107.450","107.350","","-0.21%"
"12/28/2006","107.680","107.700","107.700","107.575","","-0.16%"
"12/27/2006","107.850","107.950","107.950","107.825","","0.23%"
"12/26/2006","107.600","107.500","107.550","107.550","","0.07%"
"12/25/2006","107.530","107.530","107.530","107.530","","0.00%"
"12/22/2006","107.530","107.480","107.520","107.515","","0.03%"
"12/21/2006","107.500","107.500","107.500","107.465","","-0.03%"
"12/20/2006","107.530","107.500","107.520","107.480","","-0.07%"
"12/19/2006","107.600","107.600","107.600","107.550","","-0.07%"
"12/18/2006","107.670","107.720","107.810","107.670","","-0.12%"
"12/15/2006","107.800","108.100","108.100","107.775","","-0.28%"
"12/14/2006","108.100","108.120","108.600","108.070","","0.03%"
"12/13/2006","108.070","108.000","108.050","108.050","","0.02%"
"12/12/2006","108.050","108.500","108.570","108.025","","-0.46%"
"12/11/2006","108.550","108.000","108.600","108.050","","0.50%"
"12/08/2006","108.015","107.700","107.980","107.650","","0.34%"
"12/07/2006","107.650","107.600","107.600","107.595","","-0.05%"
"12/06/2006","107.700","107.550","107.700","107.650","","0.07%"
"12/05/2006","107.625","108.100","108.100","107.625","","-0.49%"
"12/04/2006","108.150","108.150","108.150","108.150","","0.00%"
"12/01/2006","108.150","108.070","108.130","108.050","","0.05%"
"11/30/2006","108.100","108.000","108.050","107.975","","0.05%"
"11/29/2006","108.050","107.900","108.050","107.925","","0.05%"
"11/28/2006","108.000","107.950","108.000","107.900","","0.00%"
"11/27/2006","108.000","107.800","107.900","107.800","","0.35%"
"11/24/2006","107.625","107.150","107.650","107.200","","0.35%"
"11/23/2006","107.250","107.000","107.200","107.025","","0.14%"
"11/22/2006","107.100","107.100","107.150","106.500","","0.00%"
"11/21/2006","107.100","107.900","108.200","107.075","","-1.47%"
"11/20/2006","108.700","109.150","109.150","108.525","","-0.09%"
"11/17/2006","108.800","108.000","109.050","108.150","","0.54%"
"11/16/2006","108.220","108.100","108.200","108.110","","-0.10%"
"11/15/2006","108.330","108.050","108.350","108.100","","0.12%"
"11/14/2006","108.200","107.650","108.350","107.675","","0.40%"
"11/13/2006","107.770","107.530","107.750","107.580","","0.25%"
"11/10/2006","107.500","107.000","107.480","107.225","","0.09%"
"11/09/2006","107.400","107.600","107.600","107.300","","0.14%"
"11/08/2006","107.250","107.000","107.200","107.075","","-0.09%"
"11/07/2006","107.350","107.350","107.350","107.225","","0.07%"
"11/06/2006","107.275","106.500","107.300","106.550","","0.68%"
"11/03/2006","106.550","107.400","107.450","106.400","","-0.68%"
"11/02/2006","107.275","107.900","107.900","107.275","","-0.55%"
"11/01/2006","107.870","107.800","108.000","107.835","","-0.14%"
"10/31/2006","108.025","107.650","107.950","107.200","","0.56%"
"10/30/2006","107.425","106.800","107.350","107.025","","0.05%"
"10/27/2006","107.375","106.550","107.530","106.650","","0.87%"
"10/26/2006","106.450","106.300","106.500","106.150","","0.19%"
"10/25/2006","106.250","106.600","107.300","106.200","","-0.19%"
"10/24/2006","106.450","106.200","106.400","106.350","","-0.40%"
"10/23/2006","106.880","105.050","106.830","105.100","","1.74%"
"10/20/2006","105.050","104.500","105.000","104.500","","-0.80%"
"10/19/2006","105.900","106.600","106.750","105.800","","-0.98%"
"10/18/2006","106.950","107.250","107.250","106.900","","-0.14%"
"10/17/2006","107.100","106.850","107.750","106.660","","0.22%"
"10/16/2006","106.865","105.900","106.850","105.950","","0.81%"
"10/13/2006","106.010","105.480","105.970","105.530","","0.48%"
"10/12/2006","105.500","105.170","105.480","105.195","","0.33%"
"10/11/2006","105.150","104.950","105.100","104.960","","0.17%"
"10/10/2006","104.970","104.830","104.920","104.830","","0.16%"
"10/09/2006","104.800","104.200","104.900","104.230","","0.55%"
"10/06/2006","104.230","104.230","104.230","104.230","","0.00%"
"10/05/2006","104.230","103.980","104.190","104.005","","0.22%"
"10/04/2006","104.000","103.930","104.010","103.940","","0.09%"
"10/03/2006","103.910","103.960","103.960","103.900","","-0.05%"
"10/02/2006","103.960","103.720","103.930","103.770","","0.19%"
"09/29/2006","103.760","103.750","103.780","103.720","","-0.09%"
"09/28/2006","103.850","103.700","103.800","103.700","","0.41%"
"09/27/2006","103.430","102.500","103.650","102.540","","0.87%"
"09/26/2006","102.540","102.450","102.530","102.490","","0.00%"
"09/25/2006","102.540","102.450","102.530","102.480","","0.05%"
"09/22/2006","102.490","102.450","102.500","102.465","","0.05%"
"09/21/2006","102.440","102.480","102.480","102.435","","-0.13%"
"09/20/2006","102.570","102.550","102.580","102.530","","0.05%"
"09/19/2006","102.520","102.450","102.530","102.475","","0.03%"
"09/18/2006","102.490","102.420","102.500","102.450","","0.06%"
"09/15/2006","102.430","102.420","102.450","102.415","","-0.01%"
"09/14/2006","102.445","102.200","102.450","102.310","","0.03%"
"09/13/2006","102.410","102.300","102.420","102.330","","-0.01%"
"09/12/2006","102.420","102.500","102.500","102.330","","-0.11%"
"09/11/2006","102.530","102.300","102.520","102.295","","0.08%"
"09/08/2006","102.450","102.300","102.400","102.285","","0.22%"
"09/07/2006","102.225","102.225","102.225","102.225","","0.00%"
"09/06/2006","102.225","102.120","102.320","102.105","","0.07%"
"09/05/2006","102.150","102.090","102.120","102.085","","0.01%"
"09/04/2006","102.140","102.070","102.120","102.080","","-0.06%"
"09/01/2006","102.200","102.000","102.150","102.000","","0.01%"
"08/31/2006","102.190","102.200","102.220","102.150","","-0.36%"
"08/30/2006","102.560","102.730","102.730","102.435","","-0.28%"
"08/29/2006","102.850","102.950","102.950","102.750","","-0.40%"
"08/28/2006","103.265","103.300","103.300","103.175","","-0.05%"
"08/25/2006","103.315","103.500","103.500","103.250","","-0.23%"
"08/24/2006","103.550","103.650","103.650","103.425","","-0.16%"
"08/23/2006","103.720","103.750","103.750","103.660","","-0.16%"
"08/22/2006","103.885","103.950","103.970","103.885","","-0.11%"
"08/21/2006","103.995","103.990","103.990","103.980","","0.00%"
"08/18/2006","104.000","103.990","104.000","103.985","","0.00%"
"08/17/2006","103.995","103.980","103.990","103.970","","0.02%"
"08/16/2006","103.970","103.940","103.990","103.960","","-0.02%"
"08/15/2006","103.990","103.500","103.990","103.740","","0.06%"
"08/14/2006","103.925","103.910","103.970","103.890","","0.00%"
"08/11/2006","103.925","103.900","103.920","103.890","","0.02%"
"08/10/2006","103.900","103.940","103.940","103.890","","-0.06%"
"08/09/2006","103.960","103.960","103.960","103.960","","0.00%"
"08/08/2006","103.960","103.950","103.950","103.935","","-0.01%"
"08/07/2006","103.970","104.000","104.000","103.960","","0.01%"
"08/04/2006","103.960","103.960","103.990","103.955","","-0.03%"
"08/03/2006","103.990","103.980","104.000","103.960","","0.02%"
"08/02/2006","103.970","103.990","103.990","103.960","","-0.03%"
"08/01/2006","104.000","103.970","104.000","103.970","","0.03%"
"07/31/2006","103.970","103.970","104.020","103.960","","-0.02%"
"07/28/2006","103.990","103.700","103.980","103.500","","0.04%"
"07/27/2006","103.950","103.990","103.990","103.920","","-0.03%"
"07/26/2006","103.980","103.990","104.000","103.940","","-0.01%"
"07/25/2006","103.990","103.850","103.990","103.850","","-0.02%"
"07/24/2006","104.010","103.970","104.000","103.890","","0.01%"
"07/21/2006","104.000","103.960","103.970","103.870","","0.01%"
"07/20/2006","103.990","103.970","103.970","103.870","","0.02%"
"07/19/2006","103.970","103.960","103.980","103.870","","-0.01%"
"07/18/2006","103.980","103.960","103.970","103.860","","0.01%"
"07/17/2006","103.970","103.950","103.970","103.850","","0.01%"
"07/14/2006","103.960","103.930","103.970","103.850","","0.02%"
"07/13/2006","103.940","103.900","103.920","103.820","","0.03%"
"07/12/2006","103.910","103.900","103.930","103.800","","-0.02%"
"07/11/2006","103.930","103.950","103.970","103.830","","-0.02%"
"07/10/2006","103.950","103.850","103.850","103.850","","0.00%"
"07/07/2006","103.950","103.950","103.960","103.850","","-0.04%"
"07/06/2006","103.990","103.950","103.980","103.850","","0.04%"
"07/05/2006","103.950","103.960","103.970","103.840","","-0.04%"
"07/04/2006","103.990","103.980","103.980","103.870","","-0.02%"
"07/03/2006","104.010","103.940","103.990","103.860","","0.04%"
"06/30/2006","103.970","103.950","103.950","103.860","","0.01%"
"06/29/2006","103.960","103.940","103.970","103.850","","0.01%"
"06/28/2006","103.950","103.930","103.980","103.850","","0.03%"
"06/27/2006","103.920","103.890","103.920","103.820","","-0.01%"
"06/26/2006","103.930","103.860","103.900","103.800","","0.13%"
"06/23/2006","103.800","103.720","103.820","103.700","","0.05%"
"06/22/2006","103.750","103.600","103.740","103.600","","0.12%"
"06/21/2006","103.625","103.580","103.620","103.520","","0.05%"
"06/20/2006","103.570","103.500","103.620","103.470","","0.02%"
"06/19/2006","103.550","103.560","103.560","103.400","","-0.02%"
"06/16/2006","103.570","103.550","103.600","103.470","","-0.04%"
"06/15/2006","103.610","103.280","103.570","103.280","","0.31%"
"06/14/2006","103.290","103.280","103.280","103.190","","0.01%"
"06/13/2006","103.275","103.280","103.280","103.170","","-0.02%"
"06/12/2006","103.295","103.290","103.290","103.190","","-0.03%"
"06/09/2006","103.330","103.250","103.300","103.230","","0.03%"
"06/08/2006","103.300","103.200","103.320","103.170","","0.03%"
"06/07/2006","103.270","103.210","103.260","103.160","","0.03%"
"06/06/2006","103.240","103.250","103.260","103.140","","0.01%"
"06/05/2006","103.225","103.250","103.290","103.200","","-0.06%"
"06/02/2006","103.290","103.150","103.400","103.150","","0.09%"
"06/01/2006","103.200","102.960","103.360","102.940","","0.19%"
"05/31/2006","103.000","102.700","102.990","102.650","","0.04%"
"05/30/2006","102.960","102.930","102.960","102.850","","0.01%"
"05/29/2006","102.950","102.890","102.940","102.890","","0.01%"
"05/26/2006","102.940","102.900","102.950","102.900","","-0.02%"
"05/25/2006","102.960","102.930","102.940","102.850","","0.04%"
"05/24/2006","102.920","102.910","102.910","102.810","","-0.01%"
"05/23/2006","102.930","102.940","102.940","102.820","","-0.02%"
"05/22/2006","102.950","102.920","102.950","102.840","","-0.01%"
"05/19/2006","102.960","102.900","102.950","102.830","","0.00%"
"05/18/2006","102.960","102.900","102.930","102.820","","0.01%"
"05/17/2006","102.950","102.880","102.900","102.800","","0.05%"
"05/16/2006","102.900","102.870","102.920","102.790","","0.00%"
"05/15/2006","102.900","102.830","102.880","102.780","","0.15%"
"05/12/2006","102.750","102.750","102.750","102.750","","0.00%"
"05/11/2006","102.750","102.820","102.820","102.650","","-0.09%"
"05/10/2006","102.840","102.860","102.860","102.740","","-0.04%"
"05/09/2006","102.880","102.850","102.880","102.750","","0.02%"
"05/08/2006","102.860","102.840","102.850","102.760","","0.00%"
"05/05/2006","102.855","102.820","102.830","102.750","","0.02%"
"05/04/2006","102.830","102.650","103.200","102.650","","0.02%"
"05/03/2006","102.810","102.800","102.820","102.500","","0.01%"
"05/02/2006","102.800","102.790","102.820","102.700","","0.00%"
"05/01/2006","102.800","102.800","102.800","102.800","","0.00%"
"04/28/2006","102.800","102.760","102.780","102.700","","-0.01%"
"04/27/2006","102.810","102.740","102.800","102.710","","-0.01%"
"04/26/2006","102.820","102.800","102.800","102.710","","0.08%"
"04/25/2006","102.740","102.690","102.720","102.570","","0.03%"
"04/24/2006","102.710","102.640","102.680","102.610","","0.01%"
"04/21/2006","102.700","102.700","102.700","102.580","","-0.01%"
"04/20/2006","102.710","102.660","102.700","102.610","","0.03%"
"04/19/2006","102.675","102.630","102.650","102.570","","-0.01%"
"04/18/2006","102.690","102.620","102.650","102.560","","0.05%"
"04/17/2006","102.635","102.620","102.700","102.610","","0.01%"
"04/14/2006","102.620","102.620","102.620","102.620","","0.00%"
"04/13/2006","102.620","102.620","102.620","102.620","","0.00%"
"04/12/2006","102.620","102.530","102.650","102.520","","0.06%"
"04/11/2006","102.560","102.560","102.560","102.560","","0.00%"
"04/10/2006","102.560","102.520","102.530","102.400","","0.09%"
"04/07/2006","102.470","102.530","102.530","102.370","","-0.07%"
"04/06/2006","102.540","102.520","102.520","102.440","","0.01%"
"04/05/2006","102.530","102.540","102.550","102.420","","-0.04%"
"04/04/2006","102.570","102.580","102.580","102.470","","-0.01%"
"04/03/2006","102.580","102.600","102.620","102.480","","0.00%"
"03/31/2006","102.575","102.780","102.780","102.550","","-0.19%"
"03/30/2006","102.770","102.780","102.800","102.670","","-0.02%"
"03/29/2006","102.790","102.760","102.800","102.670","","0.03%"
"03/28/2006","102.760","102.700","102.750","102.660","","0.06%"
"03/27/2006","102.700","102.680","102.720","102.650","","0.02%"
"03/24/2006","102.680","102.550","102.670","102.550","","0.10%"
"03/23/2006","102.580","102.500","102.560","102.480","","0.03%"
"03/22/2006","102.550","102.620","102.620","102.420","","-0.10%"
"03/21/2006","102.650","102.720","102.720","102.540","","-0.10%"
"03/20/2006","102.750","102.740","102.770","102.650","","-0.01%"
"03/17/2006","102.760","102.720","102.750","102.660","","0.00%"
"03/16/2006","102.755","102.730","102.760","102.600","","0.02%"
"03/15/2006","102.730","102.720","102.780","102.580","","0.03%"
"03/14/2006","102.700","102.700","102.700","102.700","","0.00%"
"03/13/2006","102.700","102.650","102.720","102.600","","0.02%"
"03/10/2006","102.680","102.650","102.670","102.500","","0.01%"
"03/09/2006","102.670","102.610","102.680","102.530","","-0.02%"
"03/08/2006","102.690","102.680","102.700","102.550","","0.06%"
"03/07/2006","102.630","102.510","102.630","102.510","","0.05%"
"03/06/2006","102.580","102.480","102.570","102.400","","0.11%"
"03/03/2006","102.470","102.420","102.570","102.370","","0.00%"
"03/02/2006","102.465","102.520","102.520","102.300","","-0.08%"
"03/01/2006","102.550","102.650","102.650","102.440","","-0.03%"
"02/28/2006","102.580","102.390","102.680","102.390","","0.05%"
"02/27/2006","102.530","102.360","102.530","102.000","","0.12%"
"02/24/2006","102.410","102.380","102.390","101.900","","0.03%"
"02/23/2006","102.380","102.260","102.410","101.900","","0.06%"
"02/22/2006","102.320","102.200","102.310","101.850","","0.09%"
"02/21/2006","102.230","102.180","102.200","101.850","","0.03%"
"02/20/2006","102.200","102.140","102.200","101.800","","0.00%"
"02/17/2006","102.200","102.150","102.200","101.600","","0.00%"
"02/16/2006","102.200","102.160","102.230","101.600","","-0.02%"
"02/15/2006","102.220","102.060","102.190","101.600","","0.10%"
"02/14/2006","102.120","102.080","102.100","101.600","","0.04%"
"02/13/2006","102.080","102.080","102.100","101.600","","-0.02%"
"02/10/2006","102.100","101.990","102.090","101.600","","0.06%"
"02/09/2006","102.040","102.100","102.130","101.600","","-0.08%"
"02/08/2006","102.125","102.020","102.110","101.600","","0.07%"
"02/07/2006","102.050","101.970","102.050","101.600","","0.00%"
"02/06/2006","102.050","102.090","102.100","101.500","","-0.10%"
"02/03/2006","102.150","102.120","102.120","101.600","","0.01%"
"02/02/2006","102.140","102.100","102.140","101.650","","0.04%"
"02/01/2006","102.100","102.050","102.170","101.650","","-0.02%"
"01/31/2006","102.120","102.150","102.190","101.650","","-0.08%"
"01/30/2006","102.205","102.080","102.270","101.770","","0.07%"
"01/27/2006","102.130","101.920","102.150","101.600","","0.11%"
"01/26/2006","102.020","102.020","102.020","101.500","","0.00%"
"01/25/2006","102.025","102.120","102.150","101.500","","-0.07%"
"01/24/2006","102.100","102.120","102.130","101.650","","-0.06%"
"01/23/2006","102.160","102.120","102.150","101.650","","0.06%"
"01/20/2006","102.100","102.110","102.140","101.650","","-0.04%"
"01/19/2006","102.140","102.100","102.140","101.650","","-0.02%"
"01/18/2006","102.160","102.140","102.140","101.650","","-0.02%"
"01/17/2006","102.180","102.130","102.170","101.750","","0.01%"
"01/16/2006","102.170","102.050","102.160","101.750","","0.07%"
"01/13/2006","102.100","102.100","102.100","102.100","","0.00%"
"01/12/2006","102.100","102.080","102.110","101.750","","0.05%"
"01/11/2006","102.045","102.045","102.045","102.045","","0.00%"
"01/10/2006","102.045","102.060","102.060","101.920","","0.03%"
"01/09/2006","102.010","102.070","102.070","101.700","","-0.09%"
"01/06/2006","102.100","102.110","102.120","101.700","","-0.05%"
"01/05/2006","102.150","102.110","102.130","101.750","","0.00%"
"01/04/2006","102.150","102.090","102.150","101.800","","0.00%"
"01/03/2006","102.155","102.090","102.150","101.750","","0.05%"
"01/02/2006","102.105","102.090","102.090","101.750","","0.00%"
"12/30/2005","102.110","102.070","102.100","101.750","","0.01%"
"12/29/2005","102.100","102.080","102.080","101.750","","0.00%"
"12/28/2005","102.100","102.060","102.100","101.750","","-0.02%"
"12/27/2005","102.120","102.050","102.080","101.750","","0.07%"
"12/26/2005","102.050","102.050","102.050","102.050","","0.00%"
"12/23/2005","102.050","102.030","102.060","101.600","","-0.04%"
"12/22/2005","102.090","102.010","102.100","101.650","","0.06%"
"12/21/2005","102.030","102.000","102.020","101.650","","-0.02%"
"12/20/2005","102.050","102.020","102.020","101.650","","0.02%"
"12/19/2005","102.030","102.010","102.020","101.650","","0.05%"
"12/16/2005","101.975","102.010","102.030","101.600","","-0.08%"
"12/15/2005","102.060","102.060","102.060","102.060","","0.00%"
"12/14/2005","102.060","101.960","102.030","101.650","","0.06%"
"12/13/2005","102.000","101.950","101.970","101.650","","0.02%"
"12/12/2005","101.975","101.970","101.970","101.650","","0.00%"
"12/09/2005","101.980","101.960","101.990","101.650","","0.00%"
"12/08/2005","101.980","101.970","101.970","101.650","","0.00%"
"12/07/2005","101.975","101.970","101.970","101.650","","-0.01%"
"12/06/2005","101.990","101.970","101.990","101.650","","-0.01%"
"12/05/2005","102.000","101.960","101.970","101.650","","0.00%"
"12/02/2005","102.000","101.960","101.980","101.650","","0.03%"
"12/01/2005","101.970","101.960","101.980","101.650","","-0.03%"
"11/30/2005","102.000","101.950","101.980","101.600","","0.00%"
"11/29/2005","102.000","101.910","101.990","101.700","","0.07%"
"11/28/2005","101.930","101.900","101.950","101.650","","-0.04%"
"11/25/2005","101.975","101.910","101.960","101.550","","0.02%"
"11/24/2005","101.950","101.890","101.930","101.650","","0.01%"
"11/23/2005","101.940","101.920","101.940","101.650","","-0.02%"
"11/22/2005","101.960","101.880","101.930","101.400","","0.04%"
"11/21/2005","101.920","101.930","101.960","101.400","","-0.01%"
"11/18/2005","101.930","101.870","101.920","101.830","","0.06%"
"11/17/2005","101.870","101.810","101.890","101.770","","-0.05%"
"11/16/2005","101.920","101.800","101.890","101.450","","0.08%"
"11/15/2005","101.840","101.840","101.840","101.840","","0.00%"
"11/14/2005","101.840","101.820","101.820","101.450","","0.01%"
"11/11/2005","101.830","101.850","101.850","101.450","","-0.05%"
"11/10/2005","101.880","101.850","101.860","101.450","","0.02%"
"11/09/2005","101.860","101.800","101.870","101.450","","0.00%"
"11/08/2005","101.860","101.840","101.850","101.450","","0.00%"
"11/07/2005","101.855","101.800","101.850","101.450","","0.00%"
"11/04/2005","101.850","101.850","101.850","101.850","","0.00%"
"11/03/2005","101.850","101.820","101.820","101.400","","0.01%"
"11/02/2005","101.835","101.890","101.900","101.800","","-0.04%"
"11/01/2005","101.880","101.880","101.880","101.880","","0.00%"
"10/31/2005","101.880","101.810","101.850","101.450","","0.03%"
"10/28/2005","101.850","101.780","101.860","101.400","","0.05%"
"10/27/2005","101.800","101.770","101.790","101.320","","0.02%"
"10/26/2005","101.780","101.750","101.770","101.300","","0.01%"
"10/25/2005","101.770","101.600","101.750","101.350","","0.11%"
"10/24/2005","101.655","101.580","101.630","101.250","","0.03%"
"10/21/2005","101.620","101.540","101.700","101.200","","0.09%"
"10/20/2005","101.525","101.530","101.530","101.200","","0.00%"
"10/19/2005","101.525","101.510","101.510","101.200","","-0.01%"
"10/18/2005","101.540","101.500","101.540","101.200","","0.01%"
"10/17/2005","101.525","101.525","101.525","101.525","","0.00%"
"10/14/2005","101.525","101.520","101.520","101.150","","0.00%"
"10/13/2005","101.520","101.450","101.530","101.300","","0.01%"
"10/12/2005","101.510","101.460","101.500","101.300","","0.00%"
"10/11/2005","101.510","101.340","101.530","101.200","","0.13%"
"10/10/2005","101.375","101.350","101.350","101.150","","-0.01%"
"10/07/2005","101.390","101.320","101.380","101.200","","0.04%"
"10/06/2005","101.350","101.330","101.370","101.200","","0.00%"
"10/05/2005","101.350","101.400","101.400","101.200","","-0.07%"
"10/04/2005","101.425","101.380","101.400","101.200","","0.05%"
"10/03/2005","101.375","101.310","101.350","101.150","","0.04%"
"09/30/2005","101.330","101.250","101.310","101.000","","0.08%"
"09/29/2005","101.250","101.330","101.350","101.000","","-0.09%"
"09/28/2005","101.340","101.330","101.360","101.170","","-0.14%"
"09/27/2005","101.480","101.410","101.450","101.250","","0.01%"
"09/26/2005","101.470","101.420","101.450","101.250","","0.05%"
"09/23/2005","101.420","101.420","101.440","101.250","","-0.06%"
"09/22/2005","101.480","101.410","101.460","101.250","","0.05%"
"09/21/2005","101.430","101.410","101.450","101.320","","0.01%"
"09/20/2005","101.420","101.410","101.410","101.220","","-0.01%"
"09/19/2005","101.430","101.430","101.430","101.220","","-0.02%"
"09/16/2005","101.450","101.320","101.430","101.220","","0.10%"
"09/15/2005","101.350","101.330","101.350","101.180","","0.03%"
"09/14/2005","101.320","101.330","101.330","101.220","","-0.02%"
"09/13/2005","101.340","101.300","101.300","101.200","","-0.09%"
"09/12/2005","101.435","101.420","101.450","101.250","","-0.17%"
"09/09/2005","101.610","101.430","101.510","101.250","","0.17%"
"09/08/2005","101.440","101.380","101.400","101.200","","0.06%"
"09/07/2005","101.380","101.200","101.350","101.170","","0.02%"
"09/06/2005","101.360","101.000","101.400","101.000","","-0.01%"
"09/05/2005","101.370","101.320","101.360","101.150","","0.05%"
"09/02/2005","101.320","101.300","101.360","101.220","","0.00%"
"09/01/2005","101.320","101.200","101.330","101.170","","0.07%"
"08/31/2005","101.250","101.200","101.250","101.000","","0.00%"
"08/30/2005","101.250","100.880","101.230","100.850","","0.35%"
"08/29/2005","100.900","100.900","100.900","100.800","","0.00%"
"08/26/2005","100.900","100.770","100.900","100.600","","0.10%"
"08/25/2005","100.800","100.800","100.820","100.520","","-0.02%"
"08/24/2005","100.820","100.750","100.820","100.500","","0.08%"
"08/23/2005","100.740","100.870","100.870","100.490","","-0.12%"
"08/22/2005","100.860","100.830","100.870","100.500","","-0.02%"
"08/19/2005","100.880","100.880","100.880","100.880","","0.00%"
"08/18/2005","100.880","100.850","100.880","100.620","","-0.03%"
"08/17/2005","100.910","100.850","100.900","100.620","","0.03%"
"08/16/2005","100.880","100.800","100.890","100.620","","0.00%"
"08/15/2005","100.875","100.200","100.880","100.200","","0.05%"
"08/12/2005","100.820","100.760","100.830","100.530","","0.02%"
"08/11/2005","100.800","100.630","100.770","100.490","","0.14%"
"08/10/2005","100.660","100.680","100.710","100.410","","-0.06%"
"08/09/2005","100.720","100.700","100.780","100.450","","0.02%"
"08/08/2005","100.700","100.640","100.700","100.400","","0.05%"
"08/05/2005","100.650","100.300","100.650","100.300","","0.06%"
"08/04/2005","100.590","100.500","100.580","100.280","","0.08%"
"08/03/2005","100.510","100.400","100.510","100.230","","0.01%"
"08/02/2005","100.500","100.520","100.850","100.160","","-0.11%"
"08/01/2005","100.610","100.600","100.630","100.000","","-0.09%"
"07/29/2005","100.700","100.650","100.670","100.500","","0.02%"
"07/28/2005","100.675","100.710","100.720","100.630","","-0.03%"
"07/27/2005","100.705","100.710","100.760","100.600","","-0.05%"
"07/26/2005","100.760","100.500","100.850","100.500","","0.07%"
"07/25/2005","100.690","100.500","100.660","100.480","","0.30%"
"07/22/2005","100.390","100.250","100.410","100.200","","0.02%"
"07/21/2005","100.365","100.365","100.365","100.365","","0.00%"
"07/20/2005","100.365","100.280","100.420","100.200","","0.11%"
"07/19/2005","100.250","100.300","100.320","100.150","","-0.08%"
"07/18/2005","100.335","100.450","100.450","100.200","","-0.17%"
"07/15/2005","100.505","100.000","100.550","100.000","","0.10%"
"07/14/2005","100.400","100.120","100.350","100.100","","0.24%"
"07/13/2005","100.155","100.070","100.130","100.000","","0.05%"
"07/12/2005","100.100","100.120","100.120","99.950","","-0.01%"
"07/11/2005","100.115","100.100","100.100","99.950","","0.00%"
"07/08/2005","100.120","100.000","100.120","99.950","","0.07%"
"07/07/2005","100.050","99.900","100.130","99.850","","0.12%"
"07/06/2005","99.935","100.000","100.050","99.800","","-0.16%"
"07/05/2005","100.100","100.000","100.090","99.900","","0.01%"
"07/04/2005","100.085","100.120","100.120","99.900","","-0.03%"
"07/01/2005","100.120","100.100","100.140","99.950","","-0.03%"
"06/30/2005","100.150","99.950","100.120","99.900","","0.05%"
"06/29/2005","100.100","99.770","100.060","99.720","","0.30%"
"06/28/2005","99.805","99.720","99.780","99.700","","0.08%"
"06/27/2005","99.725","99.740","99.740","99.700","","-0.04%"
"06/24/2005","99.760","99.860","99.860","99.650","","-0.16%"
"06/23/2005","99.915","99.880","99.920","99.850","","0.02%"
"06/22/2005","99.895","100.000","100.000","99.850","","-0.13%"
"06/21/2005","100.030","100.030","100.030","100.030","","0.00%"
"06/20/2005","100.030","100.100","100.100","100.000","","0.08%"
"06/17/2005","99.950","100.300","100.300","99.900","","-0.35%"
"06/16/2005","100.300","100.370","100.420","100.250","","-0.16%"
"06/15/2005","100.460","100.200","100.410","99.950","","0.21%"
"06/14/2005","100.250","99.950","100.200","99.850","","0.26%"
"06/13/2005","99.990","99.960","99.970","99.850","","0.05%"
"06/10/2005","99.940","99.870","99.920","99.870","","0.05%"
"06/09/2005","99.890","99.920","99.940","99.850","","-0.06%"
"06/08/2005","99.945","99.940","99.980","99.880","","-0.02%"
"06/07/2005","99.965","99.930","99.960","99.850","","0.02%"
"06/06/2005","99.945","99.800","99.940","99.800","","0.00%"
"06/03/2005","99.945","99.920","99.930","99.840","","0.01%"
"06/02/2005","99.940","99.930","99.940","99.850","","0.00%"
"06/01/2005","99.940","99.840","99.910","99.840","","0.02%"
"05/31/2005","99.925","99.850","99.930","99.850","","0.01%"
"05/30/2005","99.920","99.910","99.940","99.850","","-0.06%"
"05/27/2005","99.975","99.850","99.950","99.850","","0.05%"
"05/26/2005","99.925","99.860","99.900","99.750","","0.04%"
"05/25/2005","99.890","99.850","99.900","99.700","","0.04%"
"05/24/2005","99.850","99.850","99.850","99.850","","0.00%"
"05/23/2005","99.850","99.850","99.850","99.850","","0.00%"
"05/20/2005","99.850","99.700","99.900","99.700","","0.00%"
"05/19/2005","99.850","99.710","99.900","99.700","","0.10%"
"05/18/2005","99.755","99.600","99.730","99.580","","0.04%"
"05/17/2005","99.720","99.650","99.740","99.450","","-0.13%"
"05/16/2005","99.845","99.840","99.840","99.770","","-0.03%"
"05/13/2005","99.875","99.750","99.860","99.750","","0.00%"
"05/12/2005","99.875","99.850","99.860","99.750","","0.01%"
"05/11/2005","99.870","99.800","99.870","99.750","","0.00%"
"05/10/2005","99.870","99.800","99.880","99.700","","-0.01%"
"05/09/2005","99.875","99.840","99.900","99.820","","0.00%"
"05/06/2005","99.875","99.500","99.870","99.500","","-0.02%"
"05/05/2005","99.890","99.780","99.870","99.700","","0.08%"
"05/04/2005","99.815","99.740","99.800","99.650","","0.05%"
"05/03/2005","99.770","99.820","99.820","99.630","","-0.01%"
"05/02/2005","99.775","99.775","99.775","99.775","","0.00%"
"04/29/2005","99.775","99.750","99.870","99.650","","-0.13%"
"04/28/2005","99.900","99.800","99.900","99.700","","0.15%"
"04/27/2005","99.750","99.750","99.880","99.650","","-0.02%"
"04/26/2005","99.770","99.800","99.800","99.700","","-0.05%"
"04/25/2005","99.820","99.800","99.880","99.650","","-0.01%"
"04/22/2005","99.825","99.825","99.825","99.825","","0.00%"
"04/21/2005","99.825","99.700","99.800","99.650","","0.07%"
"04/20/2005","99.755","99.650","99.760","99.650","","0.05%"
"04/19/2005","99.710","99.680","99.700","99.620","","-0.01%"
"04/18/2005","99.715","99.600","99.680","99.600","","0.08%"
"04/15/2005","99.640","99.550","99.620","99.550","","0.03%"
"04/14/2005","99.615","99.615","99.615","99.615","","0.00%"
"04/13/2005","99.615","99.615","99.615","99.615","","0.00%"
"04/12/2005","99.615","99.550","99.600","99.550","","-0.01%"
"04/11/2005","99.625","99.580","99.600","99.540","","-0.03%"
"04/08/2005","99.650","99.580","99.600","99.400","","0.05%"
"04/07/2005","99.605","99.700","99.710","99.450","","-0.10%"
"04/06/2005","99.700","99.780","99.790","99.650","","-0.17%"
"04/05/2005","99.870","99.680","99.820","99.600","","0.23%"
"04/04/2005","99.640","99.740","99.820","99.500","","-0.07%"
"04/01/2005","99.705","99.600","99.700","99.500","","0.01%"
"03/31/2005","99.700","99.370","99.750","99.370","","0.15%"
"03/30/2005","99.550","99.300","99.400","99.300","","0.17%"
"03/29/2005","99.380","99.400","99.410","99.330","","-0.07%"
"03/28/2005","99.450","99.350","99.430","99.350","","0.03%"
"03/25/2005","99.425","99.425","99.425","99.425","","0.00%"
"03/24/2005","99.425","99.410","99.420","99.300","","0.00%"
"03/23/2005","99.425","99.420","99.420","99.350","","0.02%"
"03/22/2005","99.405","99.400","99.430","99.300","","-0.06%"
"03/21/2005","99.465","99.350","99.440","99.250","","0.13%"
"03/18/2005","99.340","99.200","99.350","99.200","","0.09%"
"03/17/2005","99.250","99.250","99.300","99.200","","-0.05%"
"03/16/2005","99.300","99.200","99.330","99.200","","0.05%"
"03/15/2005","99.250","99.180","99.200","99.000","","0.05%"
"03/14/2005","99.200","99.320","99.320","99.200","","-0.13%"
"03/11/2005","99.330","99.380","99.400","99.230","","-0.13%"
"03/10/2005","99.455","99.550","99.550","99.400","","-0.13%"
"03/09/2005","99.585","99.550","99.600","99.500","","-0.12%"
"03/08/2005","99.700","99.700","99.700","99.700","","0.00%"
"03/07/2005","99.700","99.650","99.700","99.550","","-0.03%"
"03/04/2005","99.730","99.650","99.700","99.600","","0.11%"
"03/03/2005","99.625","99.580","99.630","99.500","","-0.03%"
"03/02/2005","99.650","99.450","99.570","99.400","","0.11%"
"03/01/2005","99.540","99.400","99.520","99.400","","0.04%"
"02/28/2005","99.500","99.450","99.500","99.400","","0.10%"
"02/25/2005","99.400","99.320","99.480","99.150","","0.09%"
"02/24/2005","99.315","99.350","99.370","99.250","","-0.05%"
"02/23/2005","99.365","99.365","99.365","99.365","","0.00%"
"02/22/2005","99.365","99.330","99.390","99.280","","0.00%"
"02/21/2005","99.365","99.300","99.340","99.250","","0.07%"
"02/18/2005","99.300","99.300","99.320","99.250","","-0.04%"
"02/17/2005","99.340","99.350","99.350","99.290","","0.02%"
"02/16/2005","99.320","99.400","99.400","99.280","","-0.06%"
"02/15/2005","99.375","99.350","99.350","99.250","","0.00%"
"02/14/2005","99.375","99.400","99.450","99.300","","-0.05%"
"02/11/2005","99.425","99.380","99.450","99.350","","0.01%"
"02/10/2005","99.415","99.460","99.550","99.350","","-0.09%"
"02/09/2005","99.500","99.400","99.460","99.350","","0.10%"
"02/08/2005","99.400","99.000","99.450","99.000","","-0.05%"
"02/07/2005","99.450","99.250","99.450","99.250","","0.15%"
"02/04/2005","99.300","99.300","99.300","99.300","","0.00%"
"02/03/2005","99.300","99.350","99.400","99.250","","-0.05%"
"02/02/2005","99.350","99.150","99.500","99.150","","0.10%"
"02/01/2005","99.250","98.950","99.280","98.950","","0.20%"
"01/31/2005","99.050","99.600","99.600","98.750","","-0.40%"
"01/28/2005","99.450","98.950","99.500","98.950","","0.53%"
"01/27/2005","98.925","98.650","98.980","98.650","","0.28%"
"01/26/2005","98.650","98.670","98.750","98.400","","0.00%"
"01/25/2005","98.650","98.440","98.900","98.440","","0.31%"
"01/24/2005","98.350","98.350","98.350","98.350","","0.00%"
"01/21/2005","98.350","98.350","98.350","98.350","","0.00%"
"01/20/2005","98.350","98.500","98.500","98.100","","-0.15%"
"01/19/2005","98.500","98.400","98.580","98.400","","0.05%"
"01/18/2005","98.450","98.400","98.500","98.380","","0.05%"
"01/17/2005","98.400","98.350","98.550","98.200","","0.00%"
"01/14/2005","98.400","98.400","98.400","98.400","","0.00%"
"01/13/2005","98.400","98.150","98.400","98.150","","0.36%"
"01/12/2005","98.050","98.100","98.220","97.800","","-0.08%"
"01/11/2005","98.125","97.850","98.200","97.700","","0.03%"
"01/10/2005","98.100","98.800","99.000","97.700","","-0.86%"
"01/07/2005","98.950","99.200","99.500","98.800","","-0.13%"
"01/06/2005","99.075","99.400","99.600","98.400","","-0.43%"
"01/05/2005","99.500","102.050","102.050","98.800","","-2.47%"
"01/04/2005","102.025","103.400","103.430","101.950","","-1.40%"
"01/03/2005","103.475","104.400","104.500","103.000","","-0.96%"
"12/31/2004","104.475","104.600","104.650","104.400","","-0.19%"
"12/30/2004","104.675","104.400","104.600","104.300","","0.26%"
"12/29/2004","104.400","104.300","104.350","104.150","","0.17%"
"12/28/2004","104.225","104.050","104.250","104.050","","0.14%"
"12/27/2004","104.075","104.200","104.250","104.000","","-0.10%"
"12/24/2004","104.175","104.500","104.580","104.150","","-0.41%"
"12/23/2004","104.600","104.600","104.750","104.400","","-0.11%"
"12/22/2004","104.720","104.900","104.920","104.600","","-0.21%"
"12/21/2004","104.940","105.180","105.180","104.800","","-0.20%"
"12/20/2004","105.150","105.300","105.300","105.080","","-0.14%"
"12/17/2004","105.300","105.480","105.520","105.250","","-0.14%"
"12/16/2004","105.450","105.400","105.470","105.320","","0.09%"
"12/15/2004","105.350","105.300","105.380","105.250","","0.01%"
"12/14/2004","105.340","105.200","105.350","105.180","","0.09%"
"12/13/2004","105.250","104.950","105.200","104.950","","0.27%"
"12/10/2004","104.970","104.880","105.020","104.840","","0.01%"
"12/09/2004","104.960","104.780","104.920","104.750","","0.13%"
"12/08/2004","104.820","104.800","104.820","104.750","","-0.03%"
"12/07/2004","104.850","104.700","104.800","104.700","","0.11%"
"12/06/2004","104.740","104.700","104.700","104.600","","0.09%"
"12/03/2004","104.650","104.350","104.600","104.250","","0.38%"
"12/02/2004","104.250","104.400","104.400","104.000","","-0.11%"
"12/01/2004","104.360","104.750","104.750","104.250","","-0.44%"
"11/30/2004","104.825","104.850","104.850","104.700","","-0.05%"
"11/29/2004","104.875","104.950","104.950","104.800","","-0.10%"
"11/26/2004","104.975","104.975","104.975","104.975","","0.00%"
"11/25/2004","104.975","104.800","105.020","104.800","","-0.02%"
"11/24/2004","105.000","104.900","105.020","104.900","","0.05%"
"11/23/2004","104.945","104.850","104.900","104.850","","0.06%"
"11/22/2004","104.885","104.800","104.850","104.800","","0.06%"
"11/19/2004","104.820","104.900","104.900","104.730","","-0.10%"
"11/18/2004","104.930","104.850","104.920","104.800","","0.04%"
"11/17/2004","104.885","104.880","104.910","104.850","","0.00%"
"11/16/2004","104.890","104.800","105.000","104.800","","0.02%"
"11/15/2004","104.865","104.520","104.850","104.510","","0.32%"
"11/12/2004","104.535","104.500","104.500","104.360","","-0.01%"
"11/11/2004","104.550","104.550","104.550","104.550","","0.00%"
"11/10/2004","104.550","104.220","104.570","104.220","","0.17%"
"11/09/2004","104.370","104.380","104.400","104.190","","-0.04%"
"11/08/2004","104.410","104.600","104.600","104.260","","-0.18%"
"11/05/2004","104.600","104.590","104.600","104.510","","0.00%"
"11/04/2004","104.600","104.500","104.580","104.450","","0.10%"
"11/03/2004","104.500","104.370","104.450","104.370","","0.09%"
"11/02/2004","104.410","104.180","104.400","104.180","","0.18%"
"11/01/2004","104.225","104.080","104.200","104.080","","0.07%"
"10/29/2004","104.150","104.000","104.100","104.000","","0.02%"
"10/28/2004","104.130","104.050","104.080","103.950","","0.05%"
"10/27/2004","104.075","104.075","104.075","104.075","","0.00%"
"10/26/2004","104.075","103.960","104.080","103.930","","0.11%"
"10/25/2004","103.960","103.960","104.000","103.870","","0.01%"
"10/22/2004","103.945","103.970","103.970","103.900","","-0.01%"
"10/21/2004","103.955","103.970","103.980","103.910","","-0.04%"
"10/20/2004","104.000","103.950","103.990","103.900","","0.00%"
"10/19/2004","104.000","103.920","103.960","103.900","","0.03%"
"10/18/2004","103.965","103.870","103.930","103.870","","0.02%"
"10/15/2004","103.940","103.850","103.900","103.850","","0.04%"
"10/14/2004","103.900","103.850","103.850","103.770","","0.08%"
"10/13/2004","103.815","103.800","103.830","103.730","","-0.03%"
"10/12/2004","103.850","103.670","103.800","103.670","","0.14%"
"10/11/2004","103.700","103.630","103.680","103.630","","0.02%"
"10/08/2004","103.680","103.630","103.650","103.630","","0.03%"
"10/07/2004","103.650","103.620","103.650","103.600","","0.00%"
"10/06/2004","103.650","103.630","103.650","103.600","","0.02%"
"10/05/2004","103.630","103.570","103.600","103.550","","0.03%"
"10/04/2004","103.600","103.530","103.550","103.500","","0.10%"
"10/01/2004","103.500","103.500","103.500","103.450","","-0.08%"
"09/30/2004","103.580","103.580","103.600","103.550","","-0.05%"
"09/29/2004","103.635","103.600","103.700","103.550","","0.09%"
"09/28/2004","103.540","103.540","103.540","103.540","","0.00%"
"09/27/2004","103.540","103.480","103.500","103.470","","0.01%"
"09/24/2004","103.530","103.500","103.500","103.350","","0.00%"
"09/23/2004","103.525","103.500","103.530","103.470","","-0.02%"
"09/22/2004","103.550","103.500","103.520","103.500","","0.03%"
"09/21/2004","103.520","103.500","103.500","103.460","","0.01%"
"09/20/2004","103.510","103.470","103.470","103.450","","0.00%"
"09/17/2004","103.510","103.500","103.500","103.450","","0.01%"
"09/16/2004","103.500","103.250","103.480","103.250","","0.24%"
"09/15/2004","103.250","102.920","103.220","102.920","","0.29%"
"09/14/2004","102.950","102.880","102.920","102.880","","0.05%"
"09/13/2004","102.900","102.850","102.880","102.830","","0.00%"
"09/10/2004","102.900","102.950","102.950","102.820","","-0.08%"
"09/09/2004","102.980","102.940","102.940","102.930","","0.04%"
"09/08/2004","102.940","102.900","102.900","102.900","","-0.02%"
"09/07/2004","102.965","102.850","102.930","102.850","","0.06%"
"09/06/2004","102.905","102.980","102.980","102.850","","-0.09%"
"09/03/2004","103.000","102.980","103.040","102.950","","-0.02%"
"09/02/2004","103.025","103.050","103.080","103.000","","-0.08%"
"09/01/2004","103.110","103.100","103.100","103.070","","-0.01%"
"08/31/2004","103.125","103.000","103.120","103.000","","0.05%"
"08/30/2004","103.075","103.050","103.070","103.000","","0.07%"
"08/27/2004","103.000","103.000","103.030","102.950","","0.00%"
"08/26/2004","103.000","102.950","103.000","102.920","","0.00%"
"08/25/2004","103.000","103.000","103.000","102.950","","0.00%"
"08/24/2004","103.000","103.000","103.000","102.950","","0.00%"
"08/23/2004","103.000","103.000","103.000","102.950","","0.00%"
"08/20/2004","103.000","103.000","103.000","102.950","","-0.02%"
"08/19/2004","103.025","102.950","103.020","102.900","","0.02%"
"08/18/2004","103.000","102.950","103.000","102.900","","0.05%"
"08/17/2004","102.950","103.050","103.070","102.900","","-0.07%"
"08/16/2004","103.025","102.900","103.000","102.800","","0.10%"
"08/13/2004","102.925","103.500","103.500","102.925","","-0.58%"
"08/12/2004","103.525","103.900","103.900","103.300","","-0.38%"
"08/11/2004","103.925","103.850","104.000","103.850","","0.02%"
"08/10/2004","103.900","103.950","104.000","103.850","","-0.10%"
"08/09/2004","104.000","103.850","103.950","103.820","","0.07%"
"08/06/2004","103.925","103.900","103.900","103.800","","-0.05%"
"08/05/2004","103.975","103.950","103.950","103.800","","0.05%"
"08/04/2004","103.925","103.900","103.950","103.850","","-0.07%"
"08/03/2004","104.000","103.900","104.000","103.850","","0.07%"
"08/02/2004","103.925","103.500","104.050","103.500","","0.29%"
"07/30/2004","103.625","103.450","103.600","103.450","","0.12%"
"07/29/2004","103.500","103.200","103.450","103.150","","0.24%"
"07/28/2004","103.250","103.450","103.550","103.150","","-0.24%"
"07/27/2004","103.500","103.200","103.580","103.150","","0.17%"
"07/26/2004","103.325","102.750","103.250","102.750","","0.46%"
"07/23/2004","102.850","102.500","102.800","102.500","","0.22%"
"07/22/2004","102.625","102.600","102.630","102.450","","0.02%"
"07/21/2004","102.600","102.800","102.800","102.250","","-0.23%"
"07/20/2004","102.840","102.950","102.950","102.650","","-0.15%"
"07/19/2004","102.990","102.950","102.970","102.900","","0.01%"
"07/16/2004","102.975","102.950","102.980","102.950","","-0.02%"
"07/15/2004","103.000","102.850","102.950","102.850","","0.10%"
"07/14/2004","102.900","102.850","102.950","102.850","","-0.05%"
"07/13/2004","102.950","102.950","103.100","102.850","","0.00%"
"07/12/2004","102.950","102.750","102.920","102.700","","0.17%"
"07/09/2004","102.775","102.750","102.750","102.650","","-0.02%"
"07/08/2004","102.800","102.700","102.750","102.700","","0.05%"
"07/07/2004","102.750","102.500","102.700","102.450","","0.20%"
"07/06/2004","102.550","102.450","102.550","102.450","","0.05%"
"07/05/2004","102.500","102.320","102.500","102.300","","0.15%"
"07/02/2004","102.350","102.350","102.350","102.350","","0.00%"
"07/01/2004","102.350","102.350","102.570","102.300","","0.00%"
"06/30/2004","102.350","102.300","102.350","102.300","","0.05%"
"06/29/2004","102.300","102.350","102.350","102.200","","-0.05%"
"06/28/2004","102.350","102.300","102.400","102.300","","-0.05%"
"06/25/2004","102.400","102.450","102.500","102.250","","-0.10%"
"06/24/2004","102.500","101.950","102.400","101.600","","0.49%"
"06/23/2004","102.000","101.950","102.350","101.900","","-0.02%"
"06/22/2004","102.025","101.330","101.950","101.330","","0.67%"
"06/21/2004","101.350","101.030","101.350","100.900","","0.30%"
"06/18/2004","101.050","101.000","101.050","100.900","","-0.05%"
"06/17/2004","101.100","101.100","101.120","100.950","","-0.05%"
"06/16/2004","101.150","100.950","101.050","100.900","","0.05%"
"06/15/2004","101.100","100.170","101.030","100.170","","0.88%"
"06/14/2004","100.220","99.970","100.200","99.920","","0.25%"
"06/11/2004","99.970","99.950","99.950","99.900","","0.03%"
"06/10/2004","99.940","99.900","99.950","99.840","","0.04%"
"06/09/2004","99.900","99.800","99.900","99.750","","0.35%"
"06/08/2004","99.550","99.800","99.800","99.300","","-0.25%"
"06/07/2004","99.800","99.550","99.760","99.550","","0.20%"
"06/04/2004","99.600","99.420","99.550","99.420","","0.08%"
"06/03/2004","99.520","99.300","99.470","99.300","","0.27%"
"06/02/2004","99.250","99.000","99.000","99.000","","-0.05%"
"06/01/2004","99.300","99.220","99.300","99.220","","0.10%"
"05/31/2004","99.200","99.110","99.200","99.070","","0.09%"
"05/28/2004","99.115","99.050","99.150","99.050","","0.07%"
"05/27/2004","99.050","99.040","99.060","99.000","","-0.15%"
"05/26/2004","99.200","99.010","99.060","98.950","","0.19%"
"05/25/2004","99.010","98.980","99.000","98.940","","0.01%"
"05/24/2004","99.000","98.980","99.000","98.880","","0.00%"
"05/21/2004","99.000","98.980","99.050","98.950","","-0.15%"
"05/20/2004","99.150","99.000","99.050","98.900","","0.13%"
"05/19/2004","99.025","98.950","99.020","98.950","","-0.01%"
"05/18/2004","99.030","98.950","98.980","98.900","","0.08%"
"05/17/2004","98.950","98.700","99.000","98.700","","0.05%"
"05/14/2004","98.900","98.680","98.800","98.650","","0.19%"
"05/13/2004","98.715","98.680","98.710","98.670","","-0.09%"
"05/12/2004","98.800","98.660","98.680","98.550","","0.15%"
"05/11/2004","98.650","98.680","98.730","98.400","","-0.07%"
"05/10/2004","98.720","98.540","98.700","98.500","","0.22%"
"05/07/2004","98.500","98.500","98.500","98.500","","0.00%"
"05/06/2004","98.500","98.470","98.500","98.450","","0.01%"
"05/05/2004","98.490","98.490","98.490","98.490","","0.00%"
"05/04/2004","98.490","98.490","98.490","98.490","","0.00%"
"05/03/2004","98.490","98.300","98.450","98.300","","0.19%"
"04/30/2004","98.300","98.280","98.380","98.250","","-0.05%"
"04/29/2004","98.350","98.250","98.320","98.100","","0.10%"
"04/28/2004","98.250","98.450","98.460","98.000","","-0.20%"
"04/27/2004","98.450","98.250","98.400","98.200","","0.25%"
"04/26/2004","98.200","98.200","98.300","97.950","","-0.04%"
"04/23/2004","98.240","98.120","98.190","98.100","","0.06%"
"04/22/2004","98.180","98.120","98.120","98.000","","0.08%"
"04/21/2004","98.100","97.980","98.100","97.850","","0.20%"
"04/20/2004","97.900","97.950","98.000","97.650","","-0.07%"
"04/19/2004","97.970","97.850","98.000","97.800","","0.07%"
"04/16/2004","97.900","97.670","97.850","97.670","","0.12%"
"04/15/2004","97.780","97.700","97.700","97.600","","0.07%"
"04/14/2004","97.715","97.720","97.720","97.680","","-0.04%"
"04/13/2004","97.750","97.500","97.500","97.500","","0.15%"
"04/12/2004","97.600","97.600","97.600","97.600","","0.00%"
"04/09/2004","97.600","97.600","97.600","97.600","","0.00%"
"04/08/2004","97.600","97.750","97.750","97.350","","-0.51%"
"04/07/2004","98.100","97.800","97.900","97.800","","0.41%"
"04/06/2004","97.700","97.800","97.850","97.450","","0.10%"
"04/05/2004","97.600","97.600","97.600","97.600","","0.00%"
"04/02/2004","97.600","97.670","97.800","97.350","","-0.15%"
"04/01/2004","97.750","97.470","97.690","97.430","","0.15%"
"03/31/2004","97.600","97.400","97.460","97.350","","0.16%"
"03/30/2004","97.440","97.350","97.430","97.300","","-0.06%"
"03/29/2004","97.500","97.400","97.400","97.250","","0.10%"
"03/26/2004","97.400","97.570","97.570","97.150","","-0.36%"
"03/25/2004","97.750","97.500","97.600","97.500","","0.12%"
"03/24/2004","97.630","97.570","97.600","97.570","","0.01%"
"03/23/2004","97.620","97.530","97.570","97.530","","0.07%"
"03/22/2004","97.550","97.530","97.530","97.500","","-0.10%"
"03/19/2004","97.650","97.500","97.580","97.400","","0.05%"
"03/18/2004","97.600","97.500","97.560","97.350","","0.00%"
"03/17/2004","97.600","97.520","97.550","97.350","","0.00%"
"03/16/2004","97.600","97.500","97.550","97.480","","0.10%"
"03/15/2004","97.500","97.500","97.700","97.250","","0.05%"
"03/12/2004","97.450","97.350","97.650","97.200","","0.15%"
"03/11/2004","97.300","97.000","97.320","97.000","","0.31%"
"03/10/2004","97.000","96.850","96.950","96.850","","0.10%"
"03/09/2004","96.900","96.680","96.870","96.670","","0.10%"
"03/08/2004","96.800","96.670","96.680","96.550","","0.13%"
"03/05/2004","96.670","96.850","96.850","96.600","","-0.24%"
"03/04/2004","96.900","96.700","97.000","96.700","","0.21%"
"03/03/2004","96.700","97.100","97.100","96.650","","-0.92%"
"03/02/2004","97.600","98.000","98.000","97.420","","-0.51%"
"03/01/2004","98.100","98.580","98.600","98.050","","-0.49%"
"02/27/2004","98.585","98.780","98.780","98.550","","-0.27%"
"02/26/2004","98.850","99.000","99.000","98.800","","-0.23%"
"02/25/2004","99.075","99.050","99.050","98.950","","0.13%"
"02/24/2004","98.950","98.950","99.000","98.700","","-0.05%"
"02/23/2004","99.000","98.850","99.000","98.850","","0.08%"
"02/20/2004","98.920","98.850","98.900","98.850","","0.05%"
"02/19/2004","98.875","99.100","99.270","98.800","","-0.23%"
"02/18/2004","99.100","99.100","99.100","99.100","","0.00%"
"02/17/2004","99.100","98.950","99.250","98.600","","0.13%"
"02/16/2004","98.975","98.550","98.900","98.550","","0.41%"
"02/13/2004","98.570","98.450","98.580","98.400","","0.12%"
"02/12/2004","98.450","98.400","98.550","98.200","","0.10%"
"02/11/2004","98.350","98.400","98.560","98.100","","-0.10%"
"02/10/2004","98.450","98.300","98.450","98.000","","0.51%"
"02/09/2004","97.950","97.600","98.250","97.400","","0.40%"
"02/06/2004","97.560","97.300","97.520","97.300","","0.15%"
"02/05/2004","97.410","97.410","97.410","97.410","","0.00%"
"02/04/2004","97.410","97.410","97.410","97.410","","0.00%"
"02/03/2004","97.410","97.250","97.380","97.250","","0.13%"
"02/02/2004","97.280","97.280","97.280","97.280","","0.00%"
"01/30/2004","97.280","97.380","97.400","97.200","","-0.15%"
"01/29/2004","97.430","97.500","97.540","97.370","","-0.12%"
"01/28/2004","97.550","97.450","97.500","97.400","","0.31%"
"01/27/2004","97.250","97.920","97.920","97.000","","-0.71%"
"01/26/2004","97.950","98.200","98.340","97.700","","-0.46%"
"01/23/2004","98.400","98.250","98.330","98.150","","0.12%"
"01/22/2004","98.280","98.500","98.500","98.230","","-0.53%"
"01/21/2004","98.800","98.680","98.950","98.550","","0.30%"
"01/20/2004","98.500","98.200","98.480","98.170","","0.33%"
"01/19/2004","98.180","98.200","98.200","98.080","","-0.02%"
"01/16/2004","98.200","98.050","98.170","98.000","","0.31%"
"01/15/2004","97.900","97.900","97.900","97.900","","0.00%"
"01/14/2004","97.900","97.960","98.120","97.850","","-0.09%"
"01/13/2004","97.990","98.070","98.100","97.850","","-0.16%"
"01/12/2004","98.150","97.740","98.100","97.730","","0.43%"
"01/09/2004","97.730","97.830","97.830","97.580","","-0.16%"
"01/08/2004","97.890","97.830","98.000","97.650","","0.14%"
"01/07/2004","97.750","97.500","97.500","97.500","","-0.15%"
"01/06/2004","97.900","97.500","97.920","97.500","","0.64%"
"01/05/2004","97.280","96.950","97.630","96.950","","0.08%"
"01/02/2004","97.200","96.900","97.550","96.900","","0.26%"
"01/01/2004","96.950","96.920","96.950","96.880","","0.41%"
"12/31/2003","96.550","96.690","96.900","96.300","","0.23%"
"12/30/2003","96.330","96.700","96.700","96.080","","0.14%"
"12/29/2003","96.200","96.320","96.640","95.950","","0.26%"
"12/26/2003","95.950","96.300","96.300","95.700","","0.04%"
"12/25/2003","95.910","95.910","95.910","95.910","","0.00%"
"12/24/2003","95.910","96.280","96.300","95.660","","-0.01%"
"12/23/2003","95.920","96.200","96.300","95.670","","0.11%"
"12/22/2003","95.810","96.150","96.250","95.560","","0.01%"
"12/19/2003","95.800","96.230","96.240","95.550","","-0.09%"
"12/18/2003","95.890","96.420","96.420","95.640","","-0.17%"
"12/17/2003","96.050","96.480","96.480","95.800","","-0.05%"
"12/16/2003","96.100","96.500","96.560","95.850","","-0.10%"
"12/15/2003","96.200","96.530","96.570","95.950","","-0.05%"
"12/12/2003","96.250","96.550","96.620","96.000","","-0.21%"
"12/11/2003","96.450","96.400","96.570","96.200","","0.21%"
"12/10/2003","96.250","96.350","96.420","96.000","","-0.21%"
"12/09/2003","96.450","96.300","96.380","96.000","","0.00%"
"12/08/2003","96.450","96.450","96.450","96.450","","0.00%"
"12/05/2003","96.450","96.380","96.450","96.350","","0.00%"
"12/04/2003","96.450","96.220","96.400","96.200","","0.12%"
"12/03/2003","96.330","96.250","96.300","96.200","","0.06%"
"12/02/2003","96.275","96.450","96.450","96.150","","-0.08%"
"12/01/2003","96.350","96.250","96.500","96.200","","-0.08%"
"11/28/2003","96.425","96.250","96.600","96.000","","0.08%"
"11/27/2003","96.350","96.250","96.600","96.200","","0.00%"
"11/26/2003","96.350","95.850","95.850","95.850","","-0.16%"
"11/25/2003","96.500","96.000","96.230","95.950","","0.60%"
"11/24/2003","95.925","95.750","96.000","95.750","","0.18%"
"11/21/2003","95.750","95.700","95.950","95.500","","0.03%"
"11/20/2003","95.725","95.600","95.900","95.300","","0.08%"
"11/19/2003","95.650","96.800","96.800","95.450","","-1.39%"
"11/18/2003","97.000","96.620","97.400","96.620","","0.41%"
"11/17/2003","96.600","96.200","96.600","96.000","","0.31%"
"11/14/2003","96.300","96.000","96.500","96.000","","0.18%"
"11/13/2003","96.125","95.700","96.150","95.700","","0.23%"
"11/12/2003","95.900","96.050","96.400","95.500","","-0.10%"
"11/11/2003","96.000","95.150","96.050","95.150","","0.97%"
"11/10/2003","95.075","95.000","95.200","94.940","","0.05%"
"11/07/2003","95.030","94.900","95.300","94.800","","-0.28%"
"11/06/2003","95.300","95.000","95.500","95.000","","-0.10%"
"11/05/2003","95.400","95.100","95.650","95.000","","0.24%"
"11/04/2003","95.175","94.540","95.150","94.530","","0.58%"
"11/03/2003","94.630","94.730","94.740","94.600","","-0.14%"
"10/31/2003","94.760","94.880","95.050","94.720","","-0.04%"
"10/30/2003","94.800","94.590","94.850","94.590","","0.21%"
"10/29/2003","94.600","94.530","94.600","94.530","","0.01%"
"10/28/2003","94.595","94.470","94.580","94.450","","0.26%"
"10/27/2003","94.350","94.450","94.460","94.250","","0.05%"
"10/24/2003","94.300","94.300","94.300","94.300","","0.00%"
"10/23/2003","94.300","94.380","94.470","94.200","","-0.05%"
"10/22/2003","94.350","94.400","94.400","94.200","","-0.07%"
"10/21/2003","94.415","94.440","94.440","94.330","","-0.06%"
"10/20/2003","94.475","94.400","94.450","94.400","","0.04%"
"10/17/2003","94.435","94.460","94.490","94.370","","-0.06%"
"10/16/2003","94.495","94.500","94.520","94.450","","0.10%"
"10/15/2003","94.400","94.480","94.500","94.300","","-0.10%"
"10/14/2003","94.495","94.470","94.480","94.450","","-0.01%"
"10/13/2003","94.500","94.480","94.480","94.450","","0.12%"
"10/10/2003","94.390","94.450","94.450","94.290","","-0.06%"
"10/09/2003","94.450","94.450","94.450","94.450","","0.00%"
"10/08/2003","94.450","94.480","94.490","94.350","","-0.05%"
"10/07/2003","94.495","94.530","94.530","94.470","","-0.08%"
"10/06/2003","94.570","94.570","94.570","94.470","","-0.03%"
"10/03/2003","94.600","94.540","94.610","94.490","","0.06%"
"10/02/2003","94.540","94.450","94.550","94.440","","0.02%"
"10/01/2003","94.520","94.530","94.600","94.380","","0.17%"
"09/30/2003","94.360","94.330","94.500","94.260","","-0.06%"
"09/29/2003","94.420","94.550","94.550","94.200","","-0.35%"
"09/26/2003","94.750","95.250","95.300","94.700","","-0.80%"
"09/25/2003","95.510","95.300","95.630","95.300","","0.14%"
"09/24/2003","95.380","95.050","95.350","95.000","","0.45%"
"09/23/2003","94.950","94.900","94.900","94.820","","0.52%"
"09/22/2003","94.460","94.400","94.900","94.360","","0.01%"
"09/19/2003","94.450","94.500","94.500","94.230","","0.05%"
"09/18/2003","94.400","94.380","94.750","94.250","","0.05%"
"09/17/2003","94.350","94.270","94.450","94.150","","0.43%"
"09/16/2003","93.950","94.030","94.030","93.870","","-0.59%"
"09/15/2003","94.510","95.200","95.200","94.450","","-0.67%"
"09/12/2003","95.150","95.250","95.370","95.100","","-0.53%"
"09/11/2003","95.660","95.700","95.830","95.550","","-0.07%"
"09/10/2003","95.725","95.650","95.650","95.650","","-0.10%"
"09/09/2003","95.825","96.000","96.020","95.750","","-0.16%"
"09/08/2003","95.975","96.140","96.140","95.900","","-0.13%"
"09/05/2003","96.100","96.350","96.350","96.000","","-0.21%"
"09/04/2003","96.300","96.580","96.580","96.200","","-0.31%"
"09/03/2003","96.595","96.650","96.650","96.570","","-0.07%"
"09/02/2003","96.665","96.770","96.770","96.600","","-0.14%"
"09/01/2003","96.805","96.780","96.790","96.760","","-0.03%"
"08/29/2003","96.830","96.790","96.810","96.790","","0.17%"
"08/28/2003","96.665","96.665","96.665","96.665","","0.00%"
"08/27/2003","96.665","96.610","96.650","96.610","","0.02%"
"08/26/2003","96.645","96.640","96.640","96.620","","-0.04%"
"08/25/2003","96.680","96.650","96.660","96.630","","0.03%"
"08/22/2003","96.650","96.730","96.750","96.550","","-0.12%"
"08/21/2003","96.765","96.800","96.840","96.730","","-0.09%"
"08/20/2003","96.850","96.950","96.970","96.700","","-0.08%"
"08/19/2003","96.925","97.000","97.000","96.850","","-0.09%"
"08/18/2003","97.010","97.030","97.030","96.980","","-0.04%"
"08/15/2003","97.050","97.050","97.100","97.000","","0.18%"
"08/14/2003","96.875","97.040","97.070","96.800","","-0.22%"
"08/13/2003","97.085","97.080","97.080","97.050","","-0.01%"
"08/12/2003","97.095","97.120","97.120","97.060","","-0.03%"
"08/11/2003","97.125","97.125","97.125","97.125","","0.00%"
"08/08/2003","97.125","97.120","97.120","97.090","","0.01%"
"08/07/2003","97.115","97.120","97.120","97.100","","-0.01%"
"08/06/2003","97.125","97.100","97.110","97.090","","0.01%"
"08/05/2003","97.120","97.090","97.110","97.090","","0.01%"
"08/04/2003","97.115","97.080","97.100","97.080","","0.01%"
"08/01/2003","97.105","97.050","97.080","97.050","","-0.04%"
"07/31/2003","97.140","97.100","97.130","97.100","","0.07%"
"07/30/2003","97.075","97.090","97.110","97.000","","-0.06%"
"07/29/2003","97.130","97.090","97.130","97.090","","0.01%"
"07/28/2003","97.125","97.090","97.130","97.050","","-0.02%"
"07/25/2003","97.145","97.100","97.130","97.100","","0.01%"
"07/24/2003","97.135","97.090","97.130","97.090","","-0.01%"
"07/23/2003","97.140","97.110","97.130","97.100","","0.01%"
"07/22/2003","97.135","97.120","97.120","97.100","","0.01%"
"07/21/2003","97.125","97.090","97.120","97.090","","-0.02%"
"07/18/2003","97.140","97.080","97.130","97.080","","0.02%"
"07/17/2003","97.125","97.090","97.120","97.090","","-0.01%"
"07/16/2003","97.135","97.080","97.130","97.080","","0.03%"
"07/15/2003","97.110","97.090","97.120","97.070","","-0.02%"
"07/14/2003","97.130","97.110","97.130","97.090","","0.00%"
"07/11/2003","97.130","97.100","97.120","97.100","","-0.01%"
"07/10/2003","97.135","97.120","97.130","97.090","","0.00%"
"07/09/2003","97.135","97.100","97.130","97.100","","-0.01%"
"07/08/2003","97.145","97.120","97.130","97.100","","0.07%"
"07/07/2003","97.075","97.150","97.150","97.000","","-0.11%"
"07/04/2003","97.180","97.180","97.180","97.160","","0.03%"
"07/03/2003","97.150","97.100","97.170","97.100","","0.13%"
"07/02/2003","97.025","97.080","97.080","96.950","","-0.05%"
"07/01/2003","97.075","97.100","97.130","97.000","","-0.08%"
"06/30/2003","97.155","97.090","97.130","96.900","","0.08%"
"06/27/2003","97.075","97.100","97.120","97.000","","-0.05%"
"06/26/2003","97.120","97.130","97.130","97.090","","-0.02%"
"06/25/2003","97.140","97.130","97.150","97.090","","-0.02%"
"06/24/2003","97.155","97.170","97.170","97.140","","-0.03%"
"06/23/2003","97.185","97.180","97.180","97.160","","-0.01%"
"06/20/2003","97.195","97.170","97.180","97.170","","-0.01%"
"06/19/2003","97.200","97.170","97.190","97.170","","0.02%"
"06/18/2003","97.185","97.180","97.190","97.160","","0.06%"
"06/17/2003","97.125","97.180","97.200","97.050","","-0.09%"
"06/16/2003","97.215","97.220","97.220","97.180","","-0.04%"
"06/13/2003","97.250","97.240","97.240","97.210","","0.01%"
"06/12/2003","97.245","97.200","97.240","97.200","","-0.01%"
"06/11/2003","97.255","97.210","97.250","97.210","","0.01%"
"06/10/2003","97.245","97.230","97.260","97.170","","-0.01%"
"06/09/2003","97.255","97.240","97.250","97.240","","-0.02%"
"06/06/2003","97.275","97.230","97.250","97.230","","0.01%"
"06/05/2003","97.270","97.220","97.300","97.170","","0.03%"
"06/04/2003","97.240","97.220","97.230","97.200","","0.02%"
"06/03/2003","97.225","97.200","97.240","97.150","","0.00%"
"06/02/2003","97.225","97.220","97.230","97.200","","-0.01%"
"05/30/2003","97.230","97.220","97.220","97.200","","-0.01%"
"05/29/2003","97.235","97.200","97.210","97.200","","-0.01%"
"05/28/2003","97.245","97.220","97.220","97.190","","0.01%"
"05/27/2003","97.235","97.220","97.220","97.200","","0.01%"
"05/26/2003","97.225","97.180","97.220","97.180","","-0.03%"
"05/23/2003","97.250","97.180","97.230","97.180","","0.03%"
"05/22/2003","97.225","97.170","97.230","97.160","","0.01%"
"05/21/2003","97.215","97.180","97.210","97.180","","-0.01%"
"05/20/2003","97.225","97.200","97.210","97.190","","0.00%"
"05/19/2003","97.225","97.180","97.230","97.180","","0.03%"
"05/16/2003","97.200","97.150","97.150","97.150","","0.05%"
"05/15/2003","97.150","97.150","97.150","97.150","","0.00%"
"05/14/2003","97.150","97.150","97.150","97.150","","0.00%"
"05/13/2003","97.150","97.200","97.230","97.050","","-0.08%"
"05/12/2003","97.225","97.120","97.220","97.120","","0.13%"
"05/09/2003","97.100","97.150","97.170","97.000","","-0.09%"
"05/08/2003","97.185","97.100","97.160","97.050","","0.01%"
"05/07/2003","97.180","97.100","97.160","97.100","","0.01%"
"05/06/2003","97.175","97.120","97.150","97.120","","0.10%"
"05/05/2003","97.075","97.100","97.140","96.950","","-0.06%"
"05/02/2003","97.135","97.080","97.130","97.080","","0.01%"
"05/01/2003","97.130","97.130","97.130","97.130","","0.00%"
"04/30/2003","97.130","96.980","97.130","96.900","","0.06%"
"04/29/2003","97.075","97.000","97.030","96.980","","0.06%"
"04/28/2003","97.020","96.970","97.010","96.970","","0.03%"
"04/25/2003","96.995","96.960","96.980","96.960","","0.02%"
"04/24/2003","96.975","96.940","96.960","96.920","","0.02%"
"04/23/2003","96.960","96.960","96.970","96.920","","0.01%"
"04/22/2003","96.950","96.950","97.020","96.850","","0.15%"
"04/21/2003","96.800","96.750","96.750","96.750","","-0.23%"
"04/18/2003","97.025","97.025","97.025","97.025","","0.00%"
"04/17/2003","97.025","96.960","97.030","96.960","","-0.01%"
"04/16/2003","97.030","97.030","97.030","97.030","","0.00%"
"04/15/2003","97.030","96.930","97.070","96.930","","0.07%"
"04/14/2003","96.965","96.965","96.965","96.965","","0.00%"
"04/11/2003","96.965","96.940","96.960","96.930","","0.07%"
"04/10/2003","96.900","96.920","96.940","96.850","","-0.06%"
"04/09/2003","96.960","96.920","96.950","96.920","","0.01%"
"04/08/2003","96.950","96.880","96.930","96.870","","0.05%"
"04/07/2003","96.900","96.930","96.930","96.880","","-0.05%"
"04/04/2003","96.950","96.920","96.930","96.920","","-0.01%"
"04/03/2003","96.960","96.900","96.940","96.900","","0.03%"
"04/02/2003","96.935","96.920","96.930","96.900","","0.09%"
"04/01/2003","96.850","96.920","96.930","96.800","","-0.10%"
"03/31/2003","96.945","96.900","96.920","96.900","","0.02%"
"03/28/2003","96.925","96.920","96.920","96.900","","-0.01%"
"03/27/2003","96.930","96.900","96.910","96.900","","0.01%"
"03/26/2003","96.925","96.880","96.900","96.880","","0.02%"
"03/25/2003","96.905","96.920","96.920","96.880","","-0.04%"
"03/24/2003","96.940","96.900","96.920","96.900","","0.01%"
"03/21/2003","96.935","96.910","96.910","96.900","","-0.01%"
"03/20/2003","96.940","96.900","96.930","96.890","","0.02%"
"03/19/2003","96.925","96.880","96.900","96.880","","0.03%"
"03/18/2003","96.900","96.900","96.900","96.900","","0.00%"
"03/17/2003","96.900","96.900","96.900","96.860","","-0.03%"
"03/14/2003","96.930","96.890","96.910","96.870","","0.11%"
"03/13/2003","96.825","96.890","96.900","96.750","","-0.12%"
"03/12/2003","96.940","96.900","96.920","96.900","","0.01%"
"03/11/2003","96.930","96.880","96.910","96.880","","0.00%"
"03/10/2003","96.930","96.870","96.910","96.870","","0.01%"
"03/07/2003","96.925","96.900","96.910","96.880","","0.01%"
"03/06/2003","96.915","96.900","96.900","96.880","","0.05%"
"03/05/2003","96.870","96.880","96.880","96.850","","-0.02%"
"03/04/2003","96.885","96.880","96.900","96.850","","-0.02%"
"03/03/2003","96.900","96.850","96.890","96.850","","0.01%"
"02/28/2003","96.890","96.870","96.890","96.850","","0.03%"
"02/27/2003","96.865","96.840","96.850","96.830","","0.01%"
"02/26/2003","96.855","96.840","96.840","96.820","","-0.02%"
"02/25/2003","96.875","96.830","96.850","96.820","","0.03%"
"02/24/2003","96.850","96.840","96.850","96.820","","-0.01%"
"02/21/2003","96.855","96.840","96.840","96.830","","0.00%"
"02/20/2003","96.855","96.840","96.850","96.830","","-0.01%"
"02/19/2003","96.865","96.830","96.840","96.830","","0.01%"
"02/18/2003","96.855","96.830","96.840","96.820","","0.01%"
"02/17/2003","96.845","96.840","96.840","96.820","","0.00%"
"02/14/2003","96.845","96.850","96.850","96.820","","0.02%"
"02/13/2003","96.825","96.800","96.860","96.800","","-0.04%"
"02/12/2003","96.865","96.865","96.865","96.865","","0.00%"
"02/11/2003","96.865","96.830","96.840","96.830","","0.12%"
"02/10/2003","96.750","96.840","96.840","96.600","","-0.11%"
"02/07/2003","96.855","96.830","96.830","96.800","","0.02%"
"02/06/2003","96.840","96.800","96.830","96.800","","-0.02%"
"02/05/2003","96.855","96.820","96.830","96.800","","0.16%"
"02/04/2003","96.700","96.700","96.700","96.700","","0.00%"
"02/03/2003","96.700","96.800","96.840","96.550","","-0.10%"
"01/31/2003","96.800","96.810","96.830","96.650","","-0.03%"
"01/30/2003","96.825","96.820","96.820","96.800","","0.08%"
"01/29/2003","96.750","96.810","96.830","96.600","","-0.05%"
"01/28/2003","96.795","96.770","96.790","96.760","","-0.02%"
"01/27/2003","96.810","96.770","96.810","96.750","","0.03%"
"01/24/2003","96.785","96.500","96.800","96.500","","0.14%"
"01/23/2003","96.650","96.500","96.740","96.500","","0.00%"
"01/22/2003","96.650","96.500","96.740","96.500","","0.00%"
"01/21/2003","96.650","96.700","96.730","96.500","","0.00%"
"01/20/2003","96.650","96.700","96.720","96.500","","0.00%"
"01/17/2003","96.650","96.500","96.500","96.500","","0.00%"
"01/16/2003","96.650","96.730","96.730","96.500","","0.00%"
"01/15/2003","96.650","96.500","96.500","96.500","","0.00%"
"01/14/2003","96.650","96.500","96.730","96.500","","0.00%"
"01/13/2003","96.650","96.730","96.730","96.450","","0.05%"
"01/10/2003","96.600","96.500","96.730","96.450","","-0.05%"
"01/09/2003","96.650","96.550","96.740","96.500","","-0.05%"
"01/08/2003","96.700","96.550","96.780","96.550","","0.00%"
"01/07/2003","96.700","96.450","96.780","96.450","","0.10%"
"01/06/2003","96.600","96.720","96.720","96.450","","0.00%"
"01/03/2003","96.600","96.450","96.750","96.450","","0.00%"
"01/02/2003","96.600","96.700","96.730","96.450","","-0.12%"
"01/01/2003","96.720","96.720","96.720","96.720","","0.12%"
"12/31/2002","96.600","96.450","96.680","96.450","","0.00%"
"12/30/2002","96.600","96.700","96.700","96.400","","0.05%"
"12/27/2002","96.550","96.690","96.700","96.400","","0.00%"
"12/26/2002","96.550","96.670","96.700","96.400","","-0.05%"
"12/25/2002","96.600","96.600","96.600","96.600","","0.00%"
"12/24/2002","96.600","96.450","96.680","96.450","","0.00%"
"12/23/2002","96.600","96.690","96.700","96.450","","0.00%"
"12/20/2002","96.600","96.450","96.700","96.450","","0.00%"
"12/19/2002","96.600","96.450","96.450","96.450","","0.00%"
"12/18/2002","96.600","96.450","96.700","96.450","","0.00%"
"12/17/2002","96.600","96.700","96.720","96.450","","0.00%"
"12/16/2002","96.600","96.690","96.700","96.450","","0.05%"
"12/13/2002","96.550","96.400","96.710","96.400","","0.00%"
"12/12/2002","96.550","96.400","96.730","96.400","","0.00%"
"12/11/2002","96.550","96.400","96.650","96.400","","0.00%"
"12/10/2002","96.550","96.450","96.670","96.400","","-0.05%"
"12/09/2002","96.600","96.650","96.660","96.450","","0.00%"
"12/06/2002","96.600","96.450","96.450","96.450","","0.00%"
"12/05/2002","96.600","96.350","96.730","96.350","","0.10%"
"12/04/2002","96.500","96.350","96.700","96.350","","0.00%"
"12/03/2002","96.500","96.250","96.620","96.250","","0.23%"
"12/02/2002","96.275","96.580","96.600","96.250","","0.00%"
"11/29/2002","96.275","96.580","96.610","96.250","","-0.29%"
"11/28/2002","96.555","96.500","96.580","96.500","","0.29%"
"11/27/2002","96.275","96.150","96.580","96.150","","-0.03%"
"11/26/2002","96.300","96.150","96.600","96.150","","0.00%"
"11/25/2002","96.300","96.620","96.620","96.150","","0.00%"
"11/22/2002","96.300","96.150","96.650","96.150","","0.00%"
"11/21/2002","96.300","96.150","96.560","96.150","","0.00%"
"11/20/2002","96.300","96.150","96.500","96.150","","0.00%"
"11/19/2002","96.300","96.150","96.150","96.150","","0.00%"
"11/18/2002","96.300","96.470","96.510","96.150","","0.00%"
"11/15/2002","96.300","96.150","96.520","96.150","","0.00%"
"11/14/2002","96.300","96.150","96.530","96.150","","0.00%"
"11/13/2002","96.300","96.150","96.470","96.150","","0.00%"
"11/12/2002","96.300","96.400","96.400","96.150","","0.00%"
"11/11/2002","96.300","96.380","96.400","96.150","","0.00%"
"11/08/2002","96.300","96.150","96.420","96.150","","0.00%"
"11/07/2002","96.300","96.150","96.470","96.150","","0.00%"
"11/06/2002","96.300","96.100","96.380","96.100","","0.05%"
"11/05/2002","96.250","96.100","96.400","96.100","","0.00%"
"11/04/2002","96.250","96.100","96.100","96.100","","0.00%"
"11/01/2002","96.250","96.100","96.410","96.100","","0.00%"
"10/31/2002","96.250","96.100","96.440","96.100","","0.00%"
"10/30/2002","96.250","96.100","96.360","96.100","","0.00%"
"10/29/2002","96.250","96.100","96.340","96.100","","0.00%"
"10/28/2002","96.250","96.350","96.360","96.100","","0.00%"
"10/25/2002","96.250","96.320","96.370","96.100","","0.00%"
"10/24/2002","96.250","96.300","96.410","96.100","","0.00%"
"10/23/2002","96.250","96.240","96.350","96.100","","0.00%"
"10/22/2002","96.250","96.220","96.270","96.100","","0.00%"
"10/21/2002","96.250","96.270","96.300","96.100","","0.00%"
"10/18/2002","96.250","96.280","96.290","96.100","","0.00%"
"10/17/2002","96.250","96.220","96.280","96.100","","0.00%"
"10/16/2002","96.250","96.200","96.250","96.100","","0.00%"
"10/15/2002","96.250","96.200","96.210","96.100","","0.00%"
"10/14/2002","96.250","96.200","96.210","96.100","","0.00%"
"10/11/2002","96.250","96.290","96.300","96.100","","0.00%"
"10/10/2002","96.250","96.250","96.280","96.100","","0.00%"
"10/09/2002","96.250","96.260","96.260","96.100","","0.00%"
"10/08/2002","96.250","96.230","96.250","96.100","","0.00%"
"10/07/2002","96.250","96.210","96.240","96.100","","0.00%"
"10/04/2002","96.250","96.250","96.250","96.100","","0.00%"
"10/03/2002","96.250","96.220","96.260","96.100","","0.00%"
"10/02/2002","96.250","96.210","96.250","96.100","","0.00%"
"10/01/2002","96.250","96.200","96.210","96.100","","0.00%"
"09/30/2002","96.250","96.220","96.220","96.100","","0.00%"
"09/27/2002","96.250","96.200","96.260","96.050","","0.05%"
"09/26/2002","96.200","96.350","96.350","96.000","","0.05%"
"09/25/2002","96.150","96.180","96.290","96.000","","0.07%"
"09/24/2002","96.080","96.180","96.210","95.930","","-0.02%"
"09/23/2002","96.100","96.150","96.210","95.950","","0.02%"
"09/20/2002","96.080","95.930","95.930","95.930","","0.00%"
"09/19/2002","96.080","96.150","96.190","95.860","","0.07%"
"09/18/2002","96.010","96.080","96.170","95.860","","0.01%"
"09/17/2002","96.000","96.100","96.100","95.850","","0.00%"
"09/16/2002","96.000","96.070","96.110","95.850","","-0.03%"
"09/13/2002","96.030","96.090","96.130","95.880","","0.03%"
"09/12/2002","96.000","96.010","96.110","95.850","","0.05%"
"09/11/2002","95.950","96.030","96.050","95.800","","0.00%"
"09/10/2002","95.950","96.050","96.050","95.800","","0.00%"
"09/09/2002","95.950","96.020","96.050","95.800","","0.00%"
"09/06/2002","95.950","96.050","96.100","95.800","","-0.01%"
"09/05/2002","95.960","96.120","96.120","95.810","","-0.09%"
"09/04/2002","96.050","96.150","96.200","95.900","","-0.05%"
"09/03/2002","96.100","96.220","96.220","95.950","","0.02%"
"09/02/2002","96.080","96.250","96.250","95.930","","-0.12%"
"08/30/2002","96.200","96.230","96.300","96.050","","0.10%"
"08/29/2002","96.100","96.230","96.250","95.950","","-0.04%"
"08/28/2002","96.140","96.280","96.280","95.990","","-0.04%"
"08/27/2002","96.180","96.310","96.310","96.030","","-0.03%"
"08/26/2002","96.210","96.300","96.340","96.060","","0.03%"
"08/23/2002","96.180","96.290","96.320","96.030","","-0.02%"
"08/22/2002","96.200","96.050","96.050","96.050","","0.00%"
"08/21/2002","96.200","96.240","96.300","96.050","","0.05%"
"08/20/2002","96.150","96.230","96.250","95.970","","0.03%"
"08/19/2002","96.120","96.230","96.240","95.970","","-0.03%"
"08/16/2002","96.150","96.220","96.260","95.950","","0.05%"
"08/15/2002","96.100","96.170","96.230","95.950","","0.10%"
"08/14/2002","96.000","96.160","96.220","95.850","","-0.05%"
"08/13/2002","96.050","96.200","96.200","95.900","","-0.02%"
"08/12/2002","96.070","96.160","96.190","95.920","","-0.01%"
"08/09/2002","96.080","96.170","96.200","95.930","","0.03%"
"08/08/2002","96.050","96.170","96.200","95.900","","-0.02%"
"08/07/2002","96.070","96.220","96.220","95.920","","-0.10%"
"08/06/2002","96.170","96.200","96.270","96.000","","0.02%"
"08/05/2002","96.150","96.200","96.250","96.000","","0.00%"
"08/02/2002","96.150","96.200","96.250","96.000","","0.00%"
"08/01/2002","96.150","96.200","96.250","96.000","","0.07%"
"07/31/2002","96.080","96.270","96.280","95.900","","0.03%"
"07/30/2002","96.050","96.140","96.280","95.870","","0.03%"
"07/29/2002","96.020","96.140","96.150","95.870","","-0.03%"
"07/26/2002","96.050","96.080","96.150","95.900","","-0.06%"
"07/25/2002","96.110","96.020","96.140","95.960","","0.02%"
"07/24/2002","96.090","96.030","96.040","95.940","","0.01%"
"07/23/2002","96.080","95.930","95.930","95.930","","0.00%"
"07/22/2002","96.080","96.000","96.040","95.900","","0.03%"
"07/19/2002","96.050","95.960","96.030","95.900","","0.00%"
"07/18/2002","96.050","95.920","96.000","95.850","","0.00%"
"07/17/2002","96.050","96.010","96.010","95.850","","-0.07%"
"07/16/2002","96.120","96.060","96.080","95.970","","0.00%"
"07/15/2002","96.120","96.080","96.080","95.970","","-0.03%"
"07/12/2002","96.150","96.120","96.120","96.000","","0.00%"
"07/11/2002","96.150","96.120","96.140","96.000","","-0.03%"
"07/10/2002","96.180","96.120","96.140","96.030","","0.01%"
"07/09/2002","96.170","96.120","96.140","96.020","","-0.01%"
"07/08/2002","96.180","96.140","96.140","96.030","","0.00%"
"07/05/2002","96.180","96.150","96.150","96.030","","0.03%"
"07/04/2002","96.155","96.140","96.150","96.130","","-0.08%"
"07/03/2002","96.230","96.180","96.180","96.080","","0.03%"
"07/02/2002","96.200","96.110","96.170","96.050","","0.05%"
"07/01/2002","96.150","96.080","96.120","96.000","","0.00%"
"06/28/2002","96.150","96.080","96.100","96.000","","-0.05%"
"06/27/2002","96.200","96.140","96.140","95.980","","0.00%"
"06/26/2002","96.200","96.100","96.150","96.000","","-0.03%"
"06/25/2002","96.230","96.150","96.180","96.050","","0.03%"
"06/24/2002","96.200","96.050","96.050","96.050","","0.00%"
"06/21/2002","96.200","96.200","96.200","96.000","","-0.05%"
"06/20/2002","96.250","96.150","96.220","96.100","","0.01%"
"06/19/2002","96.240","96.180","96.190","96.000","","0.00%"
"06/18/2002","96.240","96.190","96.190","96.090","","-0.06%"
"06/17/2002","96.300","96.220","96.230","96.150","","-0.05%"
"06/14/2002","96.350","96.300","96.330","96.200","","0.00%"
"06/13/2002","96.350","96.230","96.280","96.200","","0.00%"
"06/12/2002","96.350","96.240","96.280","96.200","","0.00%"
"06/11/2002","96.350","96.230","96.260","96.200","","0.00%"
"06/10/2002","96.350","96.210","96.250","96.200","","0.08%"
"06/07/2002","96.270","96.200","96.220","96.120","","0.00%"
"06/06/2002","96.270","96.190","96.210","96.120","","0.02%"
"06/05/2002","96.250","96.200","96.200","96.100","","0.05%"
"06/04/2002","96.200","96.180","96.200","96.050","","0.00%"
"06/03/2002","96.200","96.150","96.200","96.050","","0.05%"
"05/31/2002","96.150","96.150","96.180","96.000","","0.00%"
"05/30/2002","96.150","96.160","96.160","96.000","","-0.10%"
"05/29/2002","96.250","96.200","96.200","96.100","","0.00%"
"05/28/2002","96.250","96.220","96.220","96.100","","-0.05%"
"05/27/2002","96.300","96.150","96.150","96.150","","0.00%"
"05/24/2002","96.300","96.150","96.260","96.130","","0.05%"
"05/23/2002","96.250","96.250","96.250","96.250","","0.00%"
"05/22/2002","96.250","96.250","96.250","96.250","","0.00%"
"05/21/2002","96.250","96.250","96.250","96.250","","0.00%"
"05/20/2002","96.250","96.250","96.250","96.250","","0.00%"
"05/17/2002","96.250","96.250","96.250","96.250","","0.00%"
"05/16/2002","96.250","96.250","96.250","96.250","","0.05%"
"05/15/2002","96.200","96.200","96.200","96.200","","0.10%"
"05/14/2002","96.100","96.100","96.100","96.100","","0.00%"
"05/13/2002","96.100","96.100","96.100","96.100","","0.00%"
"05/10/2002","96.100","96.100","96.100","96.100","","0.00%"
"05/09/2002","96.100","96.100","96.100","96.100","","0.00%"
"05/08/2002","96.100","96.100","96.100","96.100","","0.00%"
"05/07/2002","96.100","96.100","96.100","96.100","","0.00%"
"05/06/2002","96.100","96.100","96.100","96.100","","0.00%"
"05/03/2002","96.100","96.100","96.100","96.100","","0.05%"
"05/02/2002","96.050","96.050","96.050","96.050","","0.00%"
"05/01/2002","96.050","96.050","96.050","96.050","","0.00%"
"04/30/2002","96.050","96.050","96.050","96.050","","0.00%"
"04/29/2002","96.050","96.050","96.050","96.050","","0.00%"
"04/26/2002","96.050","96.050","96.050","96.050","","0.00%"
"04/25/2002","96.050","96.050","96.050","96.050","","0.00%"
"04/24/2002","96.050","96.050","96.050","96.050","","0.00%"
"04/23/2002","96.050","96.050","96.050","96.050","","0.00%"
"04/22/2002","96.050","96.050","96.050","96.050","","0.05%"
"04/19/2002","96.000","96.000","96.000","96.000","","0.10%"
"04/18/2002","95.900","95.900","95.900","95.900","","0.00%"
"04/17/2002","95.900","95.900","95.900","95.900","","0.00%"
"04/16/2002","95.900","95.900","95.900","95.900","","0.21%"
"04/15/2002","95.700","95.700","95.700","95.700","","0.00%"
"04/12/2002","95.700","95.700","95.700","95.700","","0.05%"
"04/11/2002","95.650","95.650","95.650","95.650","","-0.10%"
"04/10/2002","95.750","95.750","95.750","95.750","","0.00%"
"04/09/2002","95.750","95.750","95.750","95.750","","-0.10%"
"04/08/2002","95.850","95.850","95.850","95.850","","-0.10%"
"04/05/2002","95.950","95.950","95.950","95.950","","0.10%"
"04/04/2002","95.850","95.850","95.850","95.850","","-0.05%"
"04/03/2002","95.900","95.900","95.900","95.900","","0.31%"
"04/02/2002","95.600","95.600","95.600","95.600","","0.00%"
"04/01/2002","95.600","95.600","95.600","95.600","","0.00%"
"03/29/2002","95.600","95.600","95.600","95.600","","0.00%"
"03/28/2002","95.600","95.600","95.600","95.600","","0.00%"
"03/27/2002","95.600","95.600","95.600","95.600","","0.26%"
"03/26/2002","95.350","95.350","95.350","95.350","","0.00%"
"03/25/2002","95.350","95.350","95.350","95.350","","0.00%"
"03/22/2002","95.350","95.350","95.350","95.350","","0.10%"
"03/21/2002","95.250","95.250","95.250","95.250","","0.37%"
"03/20/2002","94.900","94.900","94.900","94.900","","0.11%"
"03/19/2002","94.800","94.800","94.800","94.800","","0.00%"
"03/18/2002","94.800","94.800","94.800","94.800","","0.00%"
"03/15/2002","94.800","94.800","94.800","94.800","","0.11%"
"03/14/2002","94.700","94.700","94.700","94.700","","0.32%"
"03/13/2002","94.400","94.400","94.400","94.400","","0.00%"
"03/12/2002","94.400","94.400","94.400","94.400","","0.00%"
"03/11/2002","94.400","94.400","94.400","94.400","","0.05%"
"03/08/2002","94.350","94.350","94.350","94.350","","0.11%"
"03/07/2002","94.250","94.250","94.250","94.250","","0.00%"
"03/06/2002","94.250","94.250","94.250","94.250","","0.21%"
"03/05/2002","94.050","94.050","94.050","94.050","","0.32%"
"03/04/2002","93.750","93.750","93.750","93.750","","0.00%"
"03/01/2002","93.750","93.750","93.750","93.750","","0.16%"
"02/28/2002","93.600","93.600","93.600","93.600","","0.00%"
"02/27/2002","93.600","93.600","93.600","93.600","","0.00%"
"02/26/2002","93.600","93.600","93.600","93.600","","0.05%"
"02/25/2002","93.550","93.550","93.550","93.550","","0.00%"
"02/22/2002","93.550","93.550","93.550","93.550","","0.00%"
"02/21/2002","93.550","93.550","93.550","93.550","","0.00%"
"02/20/2002","93.550","93.550","93.550","93.550","","0.11%"
"02/19/2002","93.450","93.450","93.450","93.450","","0.00%"
"02/18/2002","93.450","93.450","93.450","93.450","","0.00%"
"02/15/2002","93.450","93.450","93.450","93.450","","0.00%"
"02/14/2002","93.450","93.450","93.450","93.450","","0.00%"
"02/13/2002","93.450","93.450","93.450","93.450","","0.00%"
"02/12/2002","93.450","93.450","93.450","93.450","","0.00%"
"02/11/2002","93.450","93.450","93.450","93.450","","0.00%"
"02/08/2002","93.450","93.450","93.450","93.450","","0.00%"
"02/07/2002","93.450","93.450","93.450","93.450","","0.00%"
"02/06/2002","93.450","93.450","93.450","93.450","","0.00%"
"02/05/2002","93.450","93.450","93.450","93.450","","0.00%"
"02/04/2002","93.450","93.450","93.450","93.450","","0.00%"
"02/01/2002","93.450","93.450","93.450","93.450","","0.00%"
"01/31/2002","93.450","93.450","93.450","93.450","","0.00%"
"01/30/2002","93.450","93.450","93.450","93.450","","0.00%"
"01/29/2002","93.450","93.450","93.450","93.450","","0.00%"
"01/28/2002","93.450","93.450","93.450","93.450","","0.00%"
"01/25/2002","93.450","93.450","93.450","93.450","","0.00%"
"01/24/2002","93.450","93.450","93.450","93.450","","-0.04%"
"01/23/2002","93.490","93.490","93.490","93.490","","0.04%"
"01/22/2002","93.450","93.450","93.450","93.450","","0.00%"
"01/21/2002","93.450","93.450","93.450","93.450","","0.00%"
"01/18/2002","93.450","93.450","93.450","93.450","","0.00%"
"01/17/2002","93.450","93.450","93.450","93.450","","0.00%"
"01/16/2002","93.450","93.450","93.450","93.450","","0.00%"
"01/15/2002","93.450","93.450","93.450","93.450","","0.00%"
"01/14/2002","93.450","93.450","93.450","93.450","","0.00%"
"01/11/2002","93.450","93.450","93.450","93.450","","0.00%"
"01/10/2002","93.450","93.450","93.450","93.450","","0.32%"
"01/09/2002","93.150","93.150","93.150","93.150","","0.11%"
"01/08/2002","93.050","93.050","93.050","93.050","","0.05%"
"01/07/2002","93.000","93.000","93.000","93.000","","0.00%"
"01/04/2002","93.000","93.000","93.000","93.000","","0.00%"
"01/03/2002","93.000","93.000","93.000","93.000","","0.00%"
"01/02/2002","93.000","93.000","93.000","93.000","","0.00%"
"12/31/2001","93.000","93.000","93.000","93.000","","0.00%"
"12/28/2001","93.000","93.000","93.000","93.000","","0.00%"
"12/27/2001","93.000","93.000","93.000","93.000","","0.00%"
"12/26/2001","93.000","93.000","93.000","93.000","","0.00%"
"12/25/2001","93.000","93.000","93.000","93.000","","0.00%"
"12/24/2001","93.000","93.000","93.000","93.000","","0.00%"
"12/21/2001","93.000","93.000","93.000","93.000","","0.00%"
"12/20/2001","93.000","93.000","93.000","93.000","","0.00%"
"12/19/2001","93.000","93.000","93.000","93.000","","0.00%"
"12/18/2001","93.000","93.000","93.000","93.000","","0.00%"
"12/17/2001","93.000","93.000","93.000","93.000","","0.00%"
"12/14/2001","93.000","93.000","93.000","93.000","","0.00%"
"12/13/2001","93.000","93.000","93.000","93.000","","0.00%"
"12/12/2001","93.000","93.000","93.000","93.000","","0.00%"
"12/11/2001","93.000","93.000","93.000","93.000","","-0.16%"
"12/10/2001","93.150","93.150","93.150","93.150","","0.00%"
"12/07/2001","93.150","93.150","93.150","93.150","","0.00%"
"12/06/2001","93.150","93.150","93.150","93.150","","0.00%"
"12/05/2001","93.150","93.150","93.150","93.150","","0.00%"
"12/04/2001","93.150","93.150","93.150","93.150","","-0.12%"
"12/03/2001","93.260","93.260","93.260","93.260","","0.12%"
"11/30/2001","93.150","93.150","93.150","93.150","","0.00%"
"11/29/2001","93.150","93.150","93.150","93.150","","0.05%"
"11/28/2001","93.100","93.100","93.100","93.100","","0.11%"
"11/27/2001","93.000","93.000","93.000","93.000","","0.00%"
"11/26/2001","93.000","93.000","93.000","93.000","","0.00%"
"11/23/2001","93.000","93.000","93.000","93.000","","-0.24%"
"11/22/2001","93.225","93.225","93.225","93.225","","0.24%"
"11/21/2001","93.000","93.000","93.000","93.000","","0.00%"
"11/20/2001","93.000","93.000","93.000","93.000","","0.49%"
"11/19/2001","92.550","92.550","92.550","92.550","","0.22%"
"11/16/2001","92.350","92.350","92.350","92.350","","0.22%"
"11/15/2001","92.150","92.150","92.150","92.150","","0.00%"
"11/14/2001","92.150","92.150","92.150","92.150","","0.00%"
"11/13/2001","92.150","92.150","92.150","92.150","","0.00%"
"11/12/2001","92.150","92.150","92.150","92.150","","0.00%"
"11/09/2001","92.150","92.150","92.150","92.150","","-0.05%"
"11/08/2001","92.200","92.200","92.200","92.200","","0.00%"
"11/07/2001","92.200","92.200","92.200","92.200","","0.05%"
"11/06/2001","92.150","92.150","92.150","92.150","","0.11%"
"11/05/2001","92.050","92.050","92.050","92.050","","0.11%"
"11/02/2001","91.950","91.950","91.950","91.950","","0.00%"
"11/01/2001","91.950","91.950","91.950","91.950","","0.22%"
"10/31/2001","91.750","91.750","91.750","91.750","","0.00%"
"10/30/2001","91.750","91.750","91.750","91.750","","0.16%"
"10/29/2001","91.600","91.600","91.600","91.600","","0.00%"
"10/26/2001","91.600","91.600","91.600","91.600","","0.16%"
"10/25/2001","91.450","91.450","91.450","91.450","","0.00%"
"10/24/2001","91.450","91.450","91.450","91.450","","0.00%"
"10/23/2001","91.450","91.450","91.450","91.450","","0.11%"
"10/22/2001","91.350","91.350","91.350","91.350","","0.22%"
"10/19/2001","91.150","91.150","91.150","91.150","","0.22%"
"10/18/2001","90.950","90.950","90.950","90.950","","0.00%"
"10/17/2001","90.950","90.950","90.950","90.950","","0.11%"
"10/16/2001","90.850","90.850","90.850","90.850","","0.50%"
"10/15/2001","90.400","90.400","90.400","90.400","","0.28%"
"10/12/2001","90.150","90.150","90.150","90.150","","0.00%"
"10/11/2001","90.150","90.150","90.150","90.150","","0.06%"
"10/10/2001","90.100","90.100","90.100","90.100","","0.00%"
"10/09/2001","90.100","90.100","90.100","90.100","","0.00%"
"10/08/2001","90.100","90.100","90.100","90.100","","0.00%"
"10/05/2001","90.100","90.100","90.100","90.100","","0.00%"
"10/04/2001","90.100","90.100","90.100","90.100","","0.00%"
"10/03/2001","90.100","90.100","90.100","90.100","","0.00%"
"10/02/2001","90.100","90.100","90.100","90.100","","0.00%"
"10/01/2001","90.100","90.100","90.100","90.100","","0.06%"
"09/28/2001","90.050","90.050","90.050","90.050","","0.06%"
"09/27/2001","90.000","90.000","90.000","90.000","","0.00%"
"09/26/2001","90.000","90.000","90.000","90.000","","-0.06%"
"09/25/2001","90.050","90.050","90.050","90.050","","0.00%"
"09/24/2001","90.050","90.050","90.050","90.050","","0.00%"
"09/21/2001","90.050","90.050","90.050","90.050","","0.00%"
"09/20/2001","90.050","90.050","90.050","90.050","","0.00%"
"09/19/2001","90.050","90.050","90.050","90.050","","-0.09%"
"09/18/2001","90.135","90.135","90.135","90.135","","-0.04%"
"09/17/2001","90.170","90.170","90.170","90.170","","0.00%"
"09/14/2001","90.170","90.170","90.170","90.170","","0.09%"
"09/13/2001","90.085","90.085","90.085","90.085","","-0.03%"
"09/12/2001","90.110","90.110","90.110","90.110","","-0.04%"
"09/11/2001","90.150","90.150","90.150","90.150","","0.00%"
"09/10/2001","90.150","90.150","90.150","90.150","","0.00%"
"09/07/2001","90.150","90.150","90.150","90.150","","-0.06%"
"09/06/2001","90.200","90.200","90.200","90.200","","0.00%"
"09/05/2001","90.200","90.200","90.200","90.200","","0.00%"
"09/04/2001","90.200","90.200","90.200","90.200","","-0.08%"
"09/03/2001","90.275","90.275","90.275","90.275","","0.45%"
"08/31/2001","89.875","89.875","89.875","89.875","","0.00%"
"08/30/2001","89.875","89.875","89.875","89.875","","0.00%"
"08/29/2001","89.875","89.875","89.875","89.875","","0.00%"
"08/28/2001","89.875","89.875","89.875","89.875","","0.08%"
"08/27/2001","89.800","89.800","89.800","89.800","","0.00%"
"08/24/2001","89.800","89.800","89.800","89.800","","0.00%"
"08/23/2001","89.800","89.800","89.800","89.800","","0.00%"
"08/22/2001","89.800","89.800","89.800","89.800","","0.06%"
"08/21/2001","89.750","89.750","89.750","89.750","","0.00%"
"08/20/2001","89.750","89.750","89.750","89.750","","-0.08%"
"08/17/2001","89.825","89.825","89.825","89.825","","0.00%"
"08/16/2001","89.825","89.825","89.825","89.825","","0.00%"
"08/15/2001","89.825","89.825","89.825","89.825","","0.00%"
"08/14/2001","89.825","89.825","89.825","89.825","","0.00%"
"08/13/2001","89.825","89.825","89.825","89.825","","0.00%"
"08/10/2001","89.825","89.825","89.825","89.825","","0.00%"
"08/09/2001","89.825","89.825","89.825","89.825","","0.00%"
"08/08/2001","89.825","89.825","89.825","89.825","","-0.06%"
"08/07/2001","89.875","89.875","89.875","89.875","","0.06%"
"08/06/2001","89.825","89.825","89.825","89.825","","0.06%"
"08/03/2001","89.775","89.775","89.775","89.775","","-0.14%"
"08/02/2001","89.900","89.900","89.900","89.900","","0.00%"
"08/01/2001","89.900","89.900","89.900","89.900","","0.00%"
"07/31/2001","89.900","89.900","89.900","89.900","","0.00%"
"07/30/2001","89.900","89.900","89.900","89.900","","0.00%"
"07/27/2001","89.900","89.900","89.900","89.900","","-0.06%"
"07/26/2001","89.950","89.950","89.950","89.950","","-0.17%"
"07/25/2001","90.100","90.100","90.100","90.100","","-0.06%"
"07/24/2001","90.150","90.150","90.150","90.150","","0.00%"
"07/23/2001","90.150","90.150","90.150","90.150","","0.00%"
"07/20/2001","90.150","90.150","90.150","90.150","","0.00%"
"07/19/2001","90.150","90.150","90.150","90.150","","-0.03%"
"07/18/2001","90.175","90.175","90.175","90.175","","0.00%"
"07/17/2001","90.175","90.175","90.175","90.175","","0.00%"
"07/16/2001","90.175","90.175","90.175","90.175","","0.06%"
"07/13/2001","90.125","90.125","90.125","90.125","","0.00%"
"07/12/2001","90.125","90.125","90.125","90.125","","0.06%"
"07/11/2001","90.075","90.075","90.075","90.075","","0.00%"
"07/10/2001","90.075","90.075","90.075","90.075","","0.00%"
"07/09/2001","90.075","90.075","90.075","90.075","","-0.11%"
"07/06/2001","90.175","90.175","90.175","90.175","","-0.44%"
"07/05/2001","90.575","90.575","90.575","90.575","","0.13%"
"07/04/2001","90.460","90.460","90.460","90.460","","-0.13%"
"07/03/2001","90.575","90.575","90.575","90.575","","-0.22%"
"07/02/2001","90.775","90.775","90.775","90.775","","0.17%"
"06/29/2001","90.625","90.625","90.625","90.625","","0.06%"
"06/28/2001","90.575","90.575","90.575","90.575","","0.11%"
"06/27/2001","90.475","90.475","90.475","90.475","","0.00%"
"06/26/2001","90.475","90.475","90.475","90.475","","0.06%"
"06/25/2001","90.425","90.425","90.425","90.425","","0.00%"
"06/22/2001","90.425","90.425","90.425","90.425","","-0.06%"
"06/21/2001","90.475","90.475","90.475","90.475","","0.61%"
"06/20/2001","89.925","89.925","89.925","89.925","","0.00%"
"06/19/2001","89.925","89.925","89.925","89.925","","0.00%"
"06/18/2001","89.925","89.925","89.925","89.925","","0.00%"
"06/15/2001","89.925","89.925","89.925","89.925","","-0.36%"
"06/14/2001","90.250","90.250","90.250","90.250","","0.36%"
"06/13/2001","89.925","89.925","89.925","89.925","","0.00%"
"06/12/2001","89.925","89.925","89.925","89.925","","0.06%"
"06/11/2001","89.875","89.875","89.875","89.875","","0.17%"
"06/08/2001","89.725","89.725","89.725","89.725","","0.00%"
"06/07/2001","89.725","89.725","89.725","89.725","","-0.06%"
"06/06/2001","89.775","89.775","89.775","89.775","","-0.44%"
"06/05/2001","90.175","90.175","90.175","90.175","","-0.11%"
"06/04/2001","90.275","90.275","90.275","90.275","","-0.99%"
"06/01/2001","91.175","91.175","91.175","91.175","","-0.71%"
"05/31/2001","91.825","91.825","91.825","91.825","","0.71%"
"05/30/2001","91.175","91.175","91.175","91.175","","0.00%"
"05/29/2001","91.175","91.175","91.175","91.175","","0.38%"
"05/28/2001","90.830","90.830","90.830","90.830","","0.06%"
"05/25/2001","90.775","90.775","90.775","90.775","","0.11%"
"05/24/2001","90.675","90.675","90.675","90.675","","0.22%"
"05/23/2001","90.475","90.475","90.475","90.475","","0.00%"
"05/22/2001","90.475","90.475","90.475","90.475","","0.00%"
"05/21/2001","90.475","90.475","90.475","90.475","","0.00%"
"05/18/2001","90.475","90.475","90.475","90.475","","0.06%"
"05/17/2001","90.425","90.425","90.425","90.425","","0.17%"
"05/16/2001","90.275","90.275","90.275","90.275","","0.00%"
"05/15/2001","90.275","90.275","90.275","90.275","","0.45%"
"05/14/2001","89.875","89.875","89.875","89.875","","0.11%"
"05/11/2001","89.775","89.775","89.775","89.775","","0.00%"
"05/10/2001","89.775","89.775","89.775","89.775","","-0.06%"
"05/09/2001","89.825","89.825","89.825","89.825","","-0.50%"
"05/08/2001","90.275","90.275","90.275","90.275","","0.00%"
"05/07/2001","90.275","90.275","90.275","90.275","","-0.17%"
"05/04/2001","90.425","90.425","90.425","90.425","","0.08%"
"05/01/2001","90.350","90.350","90.350","90.350","","-0.11%"
"04/30/2001","90.450","90.450","90.450","90.450","","0.78%"
"04/27/2001","89.750","89.750","89.750","89.750","","0.90%"
"04/26/2001","88.950","88.950","88.950","88.950","","0.34%"
"04/25/2001","88.650","88.650","88.650","88.650","","0.00%"
"04/24/2001","88.650","88.650","88.650","88.650","","0.57%"
"04/23/2001","88.150","88.150","88.150","88.150","","0.23%"
"04/20/2001","87.950","87.950","87.950","87.950","","0.34%"
"04/19/2001","87.650","87.650","87.650","87.650","","0.23%"
"04/18/2001","87.450","87.450","87.450","87.450","","0.23%"
"04/17/2001","87.250","87.250","87.250","87.250","","0.11%"
"04/16/2001","87.150","87.150","87.150","87.150","","-0.40%"
"04/13/2001","87.500","87.500","87.500","87.500","","0.00%"
"04/12/2001","87.500","87.500","87.500","87.500","","-0.20%"
"04/11/2001","87.675","87.675","87.675","87.675","","0.14%"
"04/10/2001","87.550","87.550","87.550","87.550","","-0.20%"
"04/09/2001","87.725","87.725","87.725","87.725","","0.09%"
"04/06/2001","87.650","87.650","87.650","87.650","","0.06%"
"04/05/2001","87.600","87.600","87.600","87.600","","-0.28%"
"04/04/2001","87.850","87.850","87.850","87.850","","0.75%"
"04/03/2001","87.200","87.200","87.200","87.200","","0.98%"
"04/02/2001","86.350","86.350","86.350","86.350","","0.00%"
"03/30/2001","86.350","86.350","86.350","86.350","","0.00%"
"03/29/2001","86.350","86.350","86.350","86.350","","0.17%"
"03/28/2001","86.200","86.200","86.200","86.200","","0.35%"
"03/27/2001","85.900","85.900","85.900","85.900","","0.35%"
"03/26/2001","85.600","85.600","85.600","85.600","","0.06%"
"03/23/2001","85.550","85.550","85.550","85.550","","-0.09%"
"03/22/2001","85.625","85.625","85.625","85.625","","0.11%"
"03/21/2001","85.535","85.535","85.535","85.535","","0.05%"
"03/20/2001","85.495","85.495","85.495","85.495","","0.00%"
"03/19/2001","85.495","85.495","85.495","85.495","","0.06%"
"03/16/2001","85.445","85.445","85.445","85.445","","0.32%"
"03/15/2001","85.175","85.175","85.175","85.175","","0.56%"
"03/14/2001","84.700","84.700","84.700","84.700","","0.41%"
"03/13/2001","84.350","84.350","84.350","84.350","","0.06%"
"03/12/2001","84.300","84.300","84.300","84.300","","0.06%"
"03/09/2001","84.250","84.250","84.250","84.250","","-1.00%"
"03/08/2001","85.100","85.100","85.100","85.100","","0.06%"
"03/07/2001","85.050","85.050","85.050","85.050","","0.06%"
"03/06/2001","85.000","85.000","85.000","85.000","","-1.73%"
"03/05/2001","86.500","86.500","86.500","86.500","","0.00%"
"03/02/2001","86.500","86.500","86.500","86.500","","1.23%"
"03/01/2001","85.450","85.450","85.450","85.450","","-1.21%"
"02/28/2001","86.500","86.500","86.500","86.500","","0.00%"
"02/27/2001","86.500","86.500","86.500","86.500","","1.06%"
"02/26/2001","85.590","85.590","85.590","85.590","","-1.05%"
"02/23/2001","86.500","86.500","86.500","86.500","","0.00%"
"02/22/2001","86.500","86.500","86.500","86.500","","1.72%"
"02/21/2001","85.040","85.040","85.040","85.040","","0.16%"
"02/20/2001","84.900","84.900","84.900","84.900","","-1.43%"
"02/19/2001","86.130","86.130","86.130","86.130","","-0.43%"
"02/16/2001","86.500","86.500","86.500","86.500","","0.93%"
"02/15/2001","85.700","85.700","85.700","85.700","","-0.92%"
"02/14/2001","86.500","86.500","86.500","86.500","","-0.57%"
"02/13/2001","87.000","87.000","87.000","87.000","","1.05%"
"02/12/2001","86.100","86.100","86.100","86.100","","-0.46%"
"02/09/2001","86.500","86.500","86.500","86.500","","-0.57%"
"02/08/2001","87.000","87.000","87.000","87.000","","0.00%"
"02/07/2001","87.000","87.000","87.000","87.000","","0.17%"
"02/06/2001","86.850","86.850","86.850","86.850","","-1.31%"
"02/05/2001","88.000","88.000","88.000","88.000","","0.00%"
"02/02/2001","88.000","88.000","88.000","88.000","","-2.11%"
"02/01/2001","89.900","89.900","89.900","89.900","","0.45%"
"01/31/2001","89.500","89.500","89.500","89.500","","0.11%"
"01/30/2001","89.400","89.400","89.400","89.400","","0.31%"
"01/29/2001","89.125","89.125","89.125","89.125","","-0.31%"
"01/26/2001","89.400","89.400","89.400","89.400","","-0.67%"
"01/24/2001","90.000","90.000","90.000","90.000","","1.98%"
"01/23/2001","88.250","88.250","88.250","88.250","","3.62%"
"01/22/2001","85.165","85.165","85.165","85.165","","0.11%"
"01/19/2001","85.075","85.075","85.075","85.075","","0.01%"
"01/18/2001","85.070","85.070","85.070","85.070","","0.13%"
"01/17/2001","84.960","84.960","84.960","84.960","","-0.01%"
"01/16/2001","84.965","84.965","84.965","84.965","","0.02%"
"01/15/2001","84.950","84.950","84.950","84.950","","0.00%"
"01/12/2001","84.950","84.950","84.950","84.950","","1.86%"
"01/11/2001","83.395","83.395","83.395","83.395","","0.54%"
"01/10/2001","82.950","82.950","82.950","82.950","","0.12%"
"01/09/2001","82.850","82.850","82.850","82.850","","-0.06%"
"01/08/2001","82.900","82.900","82.900","82.900","","-0.27%"
"01/05/2001","83.125","83.125","83.125","83.125","","0.51%"
"01/04/2001","82.700","82.700","82.700","82.700","","0.06%"
"01/03/2001","82.650","82.650","82.650","82.650","","0.12%"
"01/02/2001","82.550","82.550","82.550","82.550","","-0.18%"
"12/29/2000","82.700","82.700","82.700","82.700","","0.36%"
"12/28/2000","82.400","82.400","82.400","82.400","","0.00%"
"12/27/2000","82.400","82.400","82.400","82.400","","0.06%"
"12/26/2000","82.350","82.350","82.350","82.350","","0.24%"
"12/25/2000","82.150","82.150","82.150","82.150","","0.00%"
"12/22/2000","82.150","82.150","82.150","82.150","","-0.64%"
"12/21/2000","82.675","82.675","82.675","82.675","","-0.11%"
"12/20/2000","82.765","82.765","82.765","82.765","","0.11%"
"12/19/2000","82.675","82.675","82.675","82.675","","0.45%"
"12/18/2000","82.305","82.305","82.305","82.305","","0.01%"
"12/15/2000","82.300","82.300","82.300","82.300","","0.12%"
"12/14/2000","82.200","82.200","82.200","82.200","","0.06%"
"12/13/2000","82.150","82.150","82.150","82.150","","0.12%"
"12/12/2000","82.050","82.050","82.050","82.050","","0.00%"
"12/11/2000","82.050","82.050","82.050","82.050","","1.23%"
"12/08/2000","81.050","81.050","81.050","81.050","","0.00%"
"12/07/2000","81.050","81.050","81.050","81.050","","-0.12%"
"12/06/2000","81.150","81.150","81.150","81.150","","0.12%"
"12/05/2000","81.050","81.050","81.050","81.050","","0.00%"
"12/04/2000","81.050","81.050","81.050","81.050","","0.00%"
"12/01/2000","81.050","81.050","81.050","81.050","","-0.49%"
"11/30/2000","81.450","81.450","81.450","81.450","","0.37%"
"11/29/2000","81.150","81.150","81.150","81.150","","0.12%"
"11/28/2000","81.050","81.050","81.050","81.050","","0.12%"
"11/27/2000","80.950","80.950","80.950","80.950","","0.00%"
"11/24/2000","80.950","80.950","80.950","80.950","","-0.32%"
"11/23/2000","81.210","81.210","81.210","81.210","","0.32%"
"11/22/2000","80.950","80.950","80.950","80.950","","0.12%"
"11/21/2000","80.850","80.850","80.850","80.850","","0.25%"
"11/20/2000","80.650","80.650","80.650","80.650","","0.12%"
"11/17/2000","80.550","80.550","80.550","80.550","","0.62%"
"11/16/2000","80.050","80.050","80.050","80.050","","-0.37%"
"11/15/2000","80.350","80.350","80.350","80.350","","0.00%"
"11/14/2000","80.350","80.350","80.350","80.350","","0.00%"
"11/13/2000","80.350","80.350","80.350","80.350","","0.50%"
"11/10/2000","79.950","79.950","79.950","79.950","","0.13%"
"11/09/2000","79.850","79.850","79.850","79.850","","-0.37%"
"11/08/2000","80.150","80.150","80.150","80.150","","-0.22%"
"11/07/2000","80.330","80.330","80.330","80.330","","1.49%"
"11/06/2000","79.150","79.150","79.150","79.150","","0.00%"
"11/03/2000","79.150","79.150","79.150","79.150","","0.06%"
"11/02/2000","79.100","79.100","79.100","79.100","","0.06%"
"11/01/2000","79.050","79.050","79.050","79.050","","-0.45%"
"10/31/2000","79.410","79.410","79.410","79.410","","-0.05%"
"10/30/2000","79.450","79.450","79.450","79.450","","0.19%"
"10/27/2000","79.300","79.300","79.300","79.300","","-0.06%"
"10/26/2000","79.350","79.350","79.350","79.350","","0.25%"
"10/25/2000","79.150","79.150","79.150","79.150","","-0.09%"
"10/24/2000","79.225","79.225","79.225","79.225","","0.00%"
"10/23/2000","79.225","79.225","79.225","79.225","","-0.09%"
"10/20/2000","79.300","79.300","79.300","79.300","","0.09%"
"10/19/2000","79.225","79.225","79.225","79.225","","0.00%"
"10/18/2000","79.225","79.225","79.225","79.225","","-0.09%"
"10/17/2000","79.300","79.300","79.300","79.300","","0.00%"
"10/16/2000","79.300","79.300","79.300","79.300","","0.00%"
"10/13/2000","79.300","79.300","79.300","79.300","","0.13%"
"10/12/2000","79.200","79.200","79.200","79.200","","0.06%"
"10/11/2000","79.150","79.150","79.150","79.150","","0.13%"
"10/10/2000","79.050","79.050","79.050","79.050","","-0.58%"
"10/09/2000","79.510","79.510","79.510","79.510","","0.45%"
"10/06/2000","79.150","79.150","79.150","79.150","","0.00%"
"10/05/2000","79.150","79.150","79.150","79.150","","-0.31%"
"10/04/2000","79.400","79.400","79.400","79.400","","0.22%"
"10/03/2000","79.225","79.225","79.225","79.225","","0.09%"
"10/02/2000","79.150","79.150","79.150","79.150","","0.00%"
"09/29/2000","79.150","79.150","79.150","79.150","","0.00%"
"09/28/2000","79.150","79.150","79.150","79.150","","0.00%"
"09/27/2000","79.150","79.150","79.150","79.150","","-0.14%"
"09/26/2000","79.260","79.260","79.260","79.260","","0.14%"
"09/25/2000","79.150","79.150","79.150","79.150","","-0.19%"
"09/22/2000","79.300","79.300","79.300","79.300","","-0.08%"
"09/21/2000","79.365","79.365","79.365","79.365","","0.59%"
"09/20/2000","78.900","78.900","78.900","78.900","","0.25%"
"09/19/2000","78.700","78.700","78.700","78.700","","0.06%"
"09/18/2000","78.650","78.650","78.650","78.650","","0.25%"
"09/15/2000","78.450","78.450","78.450","78.450","","0.13%"
"09/14/2000","78.350","78.350","78.350","78.350","","0.06%"
"09/13/2000","78.300","78.300","78.300","78.300","","-0.05%"
"09/12/2000","78.340","78.340","78.340","78.340","","-0.02%"
"09/11/2000","78.355","78.355","78.355","78.355","","0.20%"
"09/08/2000","78.200","78.200","78.200","78.200","","0.06%"
"09/07/2000","78.150","78.150","78.150","78.150","","-0.06%"
"09/06/2000","78.200","78.200","78.200","78.200","","0.06%"
"09/05/2000","78.150","78.150","78.150","78.150","","-0.15%"
"09/04/2000","78.265","78.265","78.265","78.265","","-0.24%"
"09/01/2000","78.450","78.450","78.450","78.450","","0.51%"
"08/31/2000","78.050","78.050","78.050","78.050","","0.26%"
"08/30/2000","77.850","77.850","77.850","77.850","","-0.20%"
"08/29/2000","78.005","78.005","78.005","78.005","","0.00%"
"08/28/2000","78.005","78.005","78.005","78.005","","0.00%"
"08/25/2000","78.005","78.005","78.005","78.005","","-0.06%"
"08/24/2000","78.050","78.050","78.050","78.050","","0.02%"
"08/23/2000","78.035","78.035","78.035","78.035","","-0.28%"
"08/22/2000","78.255","78.255","78.255","78.255","","-0.03%"
"08/21/2000","78.275","78.275","78.275","78.275","","0.13%"
"08/18/2000","78.175","78.175","78.175","78.175","","-0.19%"
"08/17/2000","78.320","78.320","78.320","78.320","","-0.01%"
"08/16/2000","78.325","78.325","78.325","78.325","","-0.11%"
"08/15/2000","78.410","78.410","78.410","78.410","","0.08%"
"08/14/2000","78.350","78.350","78.350","78.350","","0.00%"
"08/11/2000","78.350","78.350","78.350","78.350","","0.00%"
"08/10/2000","78.350","78.350","78.350","78.350","","-0.14%"
"08/09/2000","78.460","78.460","78.460","78.460","","-0.05%"
"08/08/2000","78.500","78.500","78.500","78.500","","0.11%"
"08/07/2000","78.410","78.410","78.410","78.410","","0.00%"
"08/04/2000","78.410","78.410","78.410","78.410","","0.00%"
"08/03/2000","78.410","78.410","78.410","78.410","","0.01%"
"08/02/2000","78.405","78.405","78.405","78.405","","0.01%"
"08/01/2000","78.400","78.400","78.400","78.400","","0.06%"
"07/31/2000","78.350","78.350","78.350","78.350","","0.00%"
"07/28/2000","78.350","78.350","78.350","78.350","","0.00%"
"07/27/2000","78.350","78.350","78.350","78.350","","0.00%"
"07/26/2000","78.350","78.350","78.350","78.350","","-0.26%"
"07/25/2000","78.555","78.555","78.555","78.555","","0.45%"
"07/24/2000","78.200","78.200","78.200","78.200","","0.00%"
"07/21/2000","78.200","78.200","78.200","78.200","","-0.36%"
"07/20/2000","78.485","78.485","78.485","78.485","","0.01%"
"07/19/2000","78.475","78.475","78.475","78.475","","-0.10%"
"07/18/2000","78.550","78.550","78.550","78.550","","-0.21%"
"07/17/2000","78.715","78.715","78.715","78.715","","-0.36%"
"07/14/2000","79.000","79.000","79.000","79.000","","0.06%"
"07/13/2000","78.950","78.950","78.950","78.950","","-0.09%"
"07/12/2000","79.025","79.025","79.025","79.025","","0.06%"
"07/11/2000","78.975","78.975","78.975","78.975","","-0.06%"
"07/10/2000","79.025","79.025","79.025","79.025","","-0.06%"
"07/07/2000","79.075","79.075","79.075","79.075","","0.00%"
"07/06/2000","79.075","79.075","79.075","79.075","","-0.03%"
"07/05/2000","79.100","79.100","79.100","79.100","","0.00%"
"07/04/2000","79.100","79.100","79.100","79.100","","0.19%"
"07/03/2000","78.950","78.950","78.950","78.950","","0.06%"
"06/30/2000","78.900","78.900","78.900","78.900","","0.00%"
"06/29/2000","78.900","78.900","78.900","78.900","","0.25%"
"06/28/2000","78.700","78.700","78.700","78.700","","-0.06%"
"06/27/2000","78.750","78.750","78.750","78.750","","0.19%"
"06/26/2000","78.600","78.600","78.600","78.600","","0.00%"
"06/23/2000","78.600","78.600","78.600","78.600","","0.06%"
"06/22/2000","78.550","78.550","78.550","78.550","","0.26%"
"06/21/2000","78.350","78.350","78.350","78.350","","0.51%"
"06/20/2000","77.950","77.950","77.950","77.950","","3.97%"
"06/19/2000","74.975","74.975","74.975","74.975","","0.03%"
"06/16/2000","74.950","74.950","74.950","74.950","","-0.07%"
"06/15/2000","75.000","75.000","75.000","75.000","","-0.13%"
"06/14/2000","75.100","75.100","75.100","75.100","","0.10%"
"06/13/2000","75.025","75.025","75.025","75.025","","0.03%"
"06/12/2000","75.000","75.000","75.000","75.000","","0.03%"
"06/09/2000","74.975","74.975","74.975","74.975","","-0.03%"
"06/08/2000","75.000","75.000","75.000","75.000","","0.03%"
"06/07/2000","74.975","74.975","74.975","74.975","","0.07%"
"06/06/2000","74.925","74.925","74.925","74.925","","0.03%"
"06/05/2000","74.900","74.900","74.900","74.900","","0.00%"
"06/02/2000","74.900","74.900","74.900","74.900","","0.07%"
"06/01/2000","74.850","74.850","74.850","74.850","","0.15%"
"05/31/2000","74.735","74.735","74.735","74.735","","-0.32%"
"05/30/2000","74.975","74.975","74.975","74.975","","0.42%"
"05/29/2000","74.660","74.660","74.660","74.660","","-0.45%"
"05/26/2000","75.000","75.000","75.000","75.000","","0.00%"
"05/25/2000","75.000","75.000","75.000","75.000","","0.40%"
"05/24/2000","74.700","74.700","74.700","74.700","","0.00%"
"05/23/2000","74.700","74.700","74.700","74.700","","0.00%"
"05/22/2000","74.700","74.700","74.700","74.700","","-0.27%"
"05/19/2000","74.900","74.900","74.900","74.900","","0.33%"
"05/18/2000","74.650","74.650","74.650","74.650","","0.00%"
"05/17/2000","74.650","74.650","74.650","74.650","","0.27%"
"05/16/2000","74.450","74.450","74.450","74.450","","0.00%"
"05/15/2000","74.450","74.450","74.450","74.450","","0.20%"
"05/12/2000","74.300","74.300","74.300","74.300","","0.07%"
"05/11/2000","74.250","74.250","74.250","74.250","","0.00%"
"05/10/2000","74.250","74.250","74.250","74.250","","0.03%"
"05/09/2000","74.225","74.225","74.225","74.225","","0.13%"
"05/08/2000","74.125","74.125","74.125","74.125","","0.10%"
"05/05/2000","74.050","74.050","74.050","74.050","","0.00%"
"05/04/2000","74.050","74.050","74.050","74.050","","0.03%"
"05/03/2000","74.025","74.025","74.025","74.025","","0.03%"
"05/02/2000","74.000","74.000","74.000","74.000","","0.03%"
"05/01/2000","73.975","73.975","73.975","73.975","","-0.44%"
"04/28/2000","74.300","74.300","74.300","74.300","","0.54%"
"04/27/2000","73.900","73.900","73.900","73.900","","0.10%"
"04/26/2000","73.825","73.825","73.825","73.825","","0.03%"
"04/25/2000","73.800","73.800","73.800","73.800","","-0.07%"
"04/24/2000","73.850","73.850","73.850","73.850","","0.14%"
"04/21/2000","73.750","73.750","73.750","73.750","","-0.10%"
"04/20/2000","73.825","73.825","73.825","73.825","","0.03%"
"04/19/2000","73.800","73.800","73.800","73.800","","0.00%"
"04/18/2000","73.800","73.800","73.800","73.800","","0.10%"
"04/17/2000","73.725","73.725","73.725","73.725","","-0.10%"
"04/14/2000","73.800","73.800","73.800","73.800","","0.17%"
"04/13/2000","73.675","73.675","73.675","73.675","","0.00%"
"04/12/2000","73.675","73.675","73.675","73.675","","-0.03%"
"04/11/2000","73.700","73.700","73.700","73.700","","-0.07%"
"04/10/2000","73.750","73.750","73.750","73.750","","-0.20%"
"04/07/2000","73.900","73.900","73.900","73.900","","-0.04%"
"04/06/2000","73.930","73.930","73.930","73.930","","0.24%"
"04/05/2000","73.750","73.750","73.750","73.750","","-0.07%"
"04/04/2000","73.800","73.800","73.800","73.800","","0.10%"
"04/03/2000","73.725","73.725","73.725","73.725","","-0.03%"
"03/31/2000","73.750","73.750","73.750","73.750","","0.03%"
"03/30/2000","73.725","73.725","73.725","73.725","","-0.07%"
"03/29/2000","73.775","73.775","73.775","73.775","","0.07%"
"03/28/2000","73.725","73.725","73.725","73.725","","0.03%"
"03/27/2000","73.700","73.700","73.700","73.700","","0.14%"
"03/24/2000","73.600","73.600","73.600","73.600","","0.03%"
"03/23/2000","73.575","73.575","73.575","73.575","","0.10%"
"03/22/2000","73.500","73.500","73.500","73.500","","-0.07%"
"03/21/2000","73.550","73.550","73.550","73.550","","-0.14%"
"03/20/2000","73.650","73.650","73.650","73.650","","-0.14%"
"03/17/2000","73.750","73.750","73.750","73.750","","0.07%"
"03/16/2000","73.700","73.700","73.700","73.700","","0.00%"
"03/15/2000","73.700","73.700","73.700","73.700","","0.07%"
"03/14/2000","73.650","73.650","73.650","73.650","","0.00%"
"03/13/2000","73.650","73.650","73.650","73.650","","0.14%"
"03/10/2000","73.550","73.550","73.550","73.550","","0.10%"
"03/09/2000","73.475","73.475","73.475","73.475","","0.03%"
"03/08/2000","73.450","73.450","73.450","73.450","","-0.07%"
"03/07/2000","73.500","73.500","73.500","73.500","","-0.34%"
"03/06/2000","73.750","73.750","73.750","73.750","","0.10%"
"03/03/2000","73.675","73.675","73.675","73.675","","0.03%"
"03/02/2000","73.650","73.650","73.650","73.650","","0.20%"
"03/01/2000","73.500","73.500","73.500","73.500","","0.03%"
"02/29/2000","73.475","73.475","73.475","73.475","","-0.03%"
"02/28/2000","73.500","73.500","73.500","73.500","","0.03%"
"02/25/2000","73.475","73.475","73.475","73.475","","-0.03%"
"02/24/2000","73.500","73.500","73.500","73.500","","0.17%"
"02/23/2000","73.375","73.375","73.375","73.375","","0.03%"
"02/22/2000","73.350","73.350","73.350","73.350","","-0.20%"
"02/21/2000","73.500","73.500","73.500","73.500","","0.22%"
"02/18/2000","73.340","73.340","73.340","73.340","","-0.01%"
"02/17/2000","73.350","73.350","73.350","73.350","","0.07%"
"02/16/2000","73.300","73.300","73.300","73.300","","0.00%"
"02/15/2000","73.300","73.300","73.300","73.300","","0.00%"
"02/14/2000","73.300","73.300","73.300","73.300","","-0.10%"
"02/11/2000","73.375","73.375","73.375","73.375","","0.03%"
"02/10/2000","73.350","73.350","73.350","73.350","","0.00%"
"02/09/2000","73.350","73.350","73.350","73.350","","0.00%"
"02/08/2000","73.350","73.350","73.350","73.350","","0.14%"
"02/07/2000","73.250","73.250","73.250","73.250","","0.24%"
"02/04/2000","73.075","73.075","73.075","73.075","","-0.10%"
"02/03/2000","73.150","73.150","73.150","73.150","","0.10%"
"02/02/2000","73.075","73.075","73.075","73.075","","-0.17%"
"02/01/2000","73.200","73.200","73.200","73.200","","0.07%"
"01/31/2000","73.150","73.150","73.150","73.150","","0.34%"
"01/28/2000","72.900","72.900","72.900","72.900","","0.00%"
"01/27/2000","72.900","72.900","72.900","72.900","","0.03%"
"01/26/2000","72.875","72.875","72.875","72.875","","0.00%"
"01/25/2000","72.875","72.875","72.875","72.875","","0.10%"
"01/24/2000","72.800","72.800","72.800","72.800","","0.00%"
"01/21/2000","72.800","72.800","72.800","72.800","","0.03%"
"01/20/2000","72.775","72.775","72.775","72.775","","-0.03%"
"01/19/2000","72.800","72.800","72.800","72.800","","-0.14%"
"01/18/2000","72.900","72.900","72.900","72.900","","-0.07%"
"01/17/2000","72.950","72.950","72.950","72.950","","-0.21%"
"01/14/2000","73.100","73.100","73.100","73.100","","0.14%"
"01/13/2000","73.000","73.000","73.000","73.000","","0.38%"
"01/12/2000","72.725","72.725","72.725","72.725","","-0.51%"
"01/11/2000","73.100","73.100","73.100","73.100","","0.52%"
"01/10/2000","72.725","72.725","72.725","72.725","","-0.24%"
"01/07/2000","72.900","72.900","72.900","72.900","","0.28%"
"01/06/2000","72.700","72.700","72.700","72.700","","1.68%"
"01/05/2000","71.500","71.500","71.500","71.500","","0.00%"
"01/04/2000","71.500","71.500","71.500","71.500","","-0.97%"
"01/03/2000","72.200","72.200","72.200","72.200","","0.98%"